[
    {
        "id": "26",
        "image": "downloaded_images/Cartoon/5_Centimeters_per_Second/image_20241018_110250_2.jpg",
        "conversations": [
            {
                "from": "human",
                "value": "<image>\nWhat is the title of this cartoon?"
            },
            {
                "from": "gpt",
                "value": "The title of this cartoon is \"5 Centimeters per Second.\""
            }
        ]
    },
    {
        "id": "27",
        "image": "downloaded_images/Cartoon/5_Centimeters_per_Second/image_20241018_110250_2.jpg",
        "conversations": [
            {
                "from": "human",
                "value": "<image>\nWho created or produced this cartoon?"
            },
            {
                "from": "gpt",
                "value": "\"5 Centimeters per Second\" was created and directed by Makoto Shinkai and produced by CoMix Wave Films."
            }
        ]
    },
    {
        "id": "28",
        "image": "downloaded_images/Cartoon/5_Centimeters_per_Second/image_20241018_110250_2.jpg",
        "conversations": [
            {
                "from": "human",
                "value": "<image>\nWhen was this cartoon first released or aired?"
            },
            {
                "from": "gpt",
                "value": "The film was first released on March 3, 2007."
            }
        ]
    },
    {
        "id": "29",
        "image": "downloaded_images/Cartoon/5_Centimeters_per_Second/image_20241018_110250_2.jpg",
        "conversations": [
            {
                "from": "human",
                "value": "<image>\nWhat is the central storyline or premise of this cartoon?"
            },
            {
                "from": "gpt",
                "value": "The central storyline of \"5 Centimeters per Second\" follows the emotional journey of Takaki T鑹抧o as he navigates his feelings for Akari Shinohara, a girl he loved during childhood. The film explores themes of distance, time, and the impact of growing up, depicting how their lives drift apart despite their deep connection. The narrative is divided into three segments, illustrating the passage of time and the bittersweet nature of love and longing."
            }
        ]
    },
    {
        "id": "30",
        "image": "downloaded_images/Cartoon/5_Centimeters_per_Second/image_20241106_160717_12.jpg",
        "conversations": [
            {
                "from": "human",
                "value": "<image>\nWhat is the title of this cartoon?"
            },
            {
                "from": "gpt",
                "value": "The title of this cartoon is \"5 Centimeters per Second.\""
            }
        ]
    },
    {
        "id": "31",
        "image": "downloaded_images/Cartoon/5_Centimeters_per_Second/image_20241106_161031_29.jpg",
        "conversations": [
            {
                "from": "human",
                "value": "<image>\nWhat is the title of this cartoon?"
            },
            {
                "from": "gpt",
                "value": "The title of this cartoon is \"5 Centimeters per Second.\""
            }
        ]
    },
    {
        "id": "32",
        "image": "downloaded_images/Cartoon/5_Centimeters_per_Second/image_20241018_110527_18.jpg",
        "conversations": [
            {
                "from": "human",
                "value": "<image>\nWhat is the title of this cartoon?"
            },
            {
                "from": "gpt",
                "value": "The title of this cartoon is \"5 Centimeters per Second.\""
            }
        ]
    },
    {
        "id": "33",
        "image": "downloaded_images/Cartoon/5_Centimeters_per_Second/image_20241018_110453_14.jpg",
        "conversations": [
            {
                "from": "human",
                "value": "<image>\nWhat is the title of this cartoon?"
            },
            {
                "from": "gpt",
                "value": "The title of this cartoon is \"5 Centimeters per Second.\""
            }
        ]
    },
    {
        "id": "34",
        "image": "downloaded_images/Cartoon/5_Centimeters_per_Second/image_20241106_161022_28.jpg",
        "conversations": [
            {
                "from": "human",
                "value": "<image>\nWhat is the title of this cartoon?"
            },
            {
                "from": "gpt",
                "value": "The title of this cartoon is \"5 Centimeters per Second.\""
            }
        ]
    },
    {
        "id": "35",
        "image": "downloaded_images/Cartoon/5_Centimeters_per_Second/image_20241106_160717_12.jpg",
        "conversations": [
            {
                "from": "human",
                "value": "<image>\nWho created or produced this cartoon?"
            },
            {
                "from": "gpt",
                "value": "\"5 Centimeters per Second\" was created and directed by Makoto Shinkai and produced by CoMix Wave Films."
            }
        ]
    },
    {
        "id": "36",
        "image": "downloaded_images/Cartoon/5_Centimeters_per_Second/image_20241106_160654_10.jpg",
        "conversations": [
            {
                "from": "human",
                "value": "<image>\nWho created or produced this cartoon?"
            },
            {
                "from": "gpt",
                "value": "\"5 Centimeters per Second\" was created and directed by Makoto Shinkai and produced by CoMix Wave Films."
            }
        ]
    },
    {
        "id": "37",
        "image": "downloaded_images/Cartoon/5_Centimeters_per_Second/image_20241018_110351_9.jpg",
        "conversations": [
            {
                "from": "human",
                "value": "<image>\nWho created or produced this cartoon?"
            },
            {
                "from": "gpt",
                "value": "\"5 Centimeters per Second\" was created and directed by Makoto Shinkai and produced by CoMix Wave Films."
            }
        ]
    },
    {
        "id": "38",
        "image": "downloaded_images/Cartoon/5_Centimeters_per_Second/image_20241018_110334_7.jpg",
        "conversations": [
            {
                "from": "human",
                "value": "<image>\nWho created or produced this cartoon?"
            },
            {
                "from": "gpt",
                "value": "\"5 Centimeters per Second\" was created and directed by Makoto Shinkai and produced by CoMix Wave Films."
            }
        ]
    },
    {
        "id": "39",
        "image": "downloaded_images/Cartoon/5_Centimeters_per_Second/image_20241018_110241_1.jpg",
        "conversations": [
            {
                "from": "human",
                "value": "<image>\nWho created or produced this cartoon?"
            },
            {
                "from": "gpt",
                "value": "\"5 Centimeters per Second\" was created and directed by Makoto Shinkai and produced by CoMix Wave Films."
            }
        ]
    },
    {
        "id": "40",
        "image": "downloaded_images/Cartoon/5_Centimeters_per_Second/image_20241106_160857_21.jpg",
        "conversations": [
            {
                "from": "human",
                "value": "<image>\nWhen was this cartoon first released or aired?"
            },
            {
                "from": "gpt",
                "value": "The film was first released on March 3, 2007."
            }
        ]
    },
    {
        "id": "41",
        "image": "downloaded_images/Cartoon/5_Centimeters_per_Second/image_20241106_160812_16.jpg",
        "conversations": [
            {
                "from": "human",
                "value": "<image>\nWhen was this cartoon first released or aired?"
            },
            {
                "from": "gpt",
                "value": "The film was first released on March 3, 2007."
            }
        ]
    },
    {
        "id": "42",
        "image": "downloaded_images/Cartoon/5_Centimeters_per_Second/image_20241106_160613_5.jpg",
        "conversations": [
            {
                "from": "human",
                "value": "<image>\nWhen was this cartoon first released or aired?"
            },
            {
                "from": "gpt",
                "value": "The film was first released on March 3, 2007."
            }
        ]
    },
    {
        "id": "43",
        "image": "downloaded_images/Cartoon/5_Centimeters_per_Second/image_20241018_110241_1.jpg",
        "conversations": [
            {
                "from": "human",
                "value": "<image>\nWhen was this cartoon first released or aired?"
            },
            {
                "from": "gpt",
                "value": "The film was first released on March 3, 2007."
            }
        ]
    },
    {
        "id": "44",
        "image": "downloaded_images/Cartoon/5_Centimeters_per_Second/image_20241106_161003_26.jpg",
        "conversations": [
            {
                "from": "human",
                "value": "<image>\nWhen was this cartoon first released or aired?"
            },
            {
                "from": "gpt",
                "value": "The film was first released on March 3, 2007."
            }
        ]
    },
    {
        "id": "45",
        "image": "downloaded_images/Cartoon/5_Centimeters_per_Second/image_20241018_110421_10.jpg",
        "conversations": [
            {
                "from": "human",
                "value": "<image>\nWhat is the central storyline or premise of this cartoon?"
            },
            {
                "from": "gpt",
                "value": "The central storyline of \"5 Centimeters per Second\" follows the emotional journey of Takaki T鑹抧o as he navigates his feelings for Akari Shinohara, a girl he loved during childhood. The film explores themes of distance, time, and the impact of growing up, depicting how their lives drift apart despite their deep connection. The narrative is divided into three segments, illustrating the passage of time and the bittersweet nature of love and longing."
            }
        ]
    },
    {
        "id": "46",
        "image": "downloaded_images/Cartoon/5_Centimeters_per_Second/image_20241106_160837_19.jpg",
        "conversations": [
            {
                "from": "human",
                "value": "<image>\nWhat is the central storyline or premise of this cartoon?"
            },
            {
                "from": "gpt",
                "value": "The central storyline of \"5 Centimeters per Second\" follows the emotional journey of Takaki T鑹抧o as he navigates his feelings for Akari Shinohara, a girl he loved during childhood. The film explores themes of distance, time, and the impact of growing up, depicting how their lives drift apart despite their deep connection. The narrative is divided into three segments, illustrating the passage of time and the bittersweet nature of love and longing."
            }
        ]
    },
    {
        "id": "47",
        "image": "downloaded_images/Cartoon/5_Centimeters_per_Second/image_20241106_160613_5.jpg",
        "conversations": [
            {
                "from": "human",
                "value": "<image>\nWhat is the central storyline or premise of this cartoon?"
            },
            {
                "from": "gpt",
                "value": "The central storyline of \"5 Centimeters per Second\" follows the emotional journey of Takaki T鑹抧o as he navigates his feelings for Akari Shinohara, a girl he loved during childhood. The film explores themes of distance, time, and the impact of growing up, depicting how their lives drift apart despite their deep connection. The narrative is divided into three segments, illustrating the passage of time and the bittersweet nature of love and longing."
            }
        ]
    },
    {
        "id": "48",
        "image": "downloaded_images/Cartoon/5_Centimeters_per_Second/image_20241106_160936_23.jpg",
        "conversations": [
            {
                "from": "human",
                "value": "<image>\nWhat is the central storyline or premise of this cartoon?"
            },
            {
                "from": "gpt",
                "value": "The central storyline of \"5 Centimeters per Second\" follows the emotional journey of Takaki T鑹抧o as he navigates his feelings for Akari Shinohara, a girl he loved during childhood. The film explores themes of distance, time, and the impact of growing up, depicting how their lives drift apart despite their deep connection. The narrative is divided into three segments, illustrating the passage of time and the bittersweet nature of love and longing."
            }
        ]
    },
    {
        "id": "49",
        "image": "downloaded_images/Cartoon/5_Centimeters_per_Second/image_20241106_160646_9.jpg",
        "conversations": [
            {
                "from": "human",
                "value": "<image>\nWhat is the central storyline or premise of this cartoon?"
            },
            {
                "from": "gpt",
                "value": "The central storyline of \"5 Centimeters per Second\" follows the emotional journey of Takaki T鑹抧o as he navigates his feelings for Akari Shinohara, a girl he loved during childhood. The film explores themes of distance, time, and the impact of growing up, depicting how their lives drift apart despite their deep connection. The narrative is divided into three segments, illustrating the passage of time and the bittersweet nature of love and longing."
            }
        ]
    }
]