[
    {
        "id": "65",
        "image": "downloaded_images/Personage/Alan_Turing/image_20241018_160038_11.jpg",
        "conversations": [
            {
                "from": "human",
                "value": "<image>\nWhat is this person's name?"
            },
            {
                "from": "gpt",
                "value": "Alan Turing"
            }
        ]
    },
    {
        "id": "66",
        "image": "downloaded_images/Personage/Alan_Turing/image_20241018_160038_11.jpg",
        "conversations": [
            {
                "from": "human",
                "value": "<image>\nWhen and where was this person born?"
            },
            {
                "from": "gpt",
                "value": "Alan Turing was born on June 23, 1912, in Maida Vale, London, England."
            }
        ]
    },
    {
        "id": "67",
        "image": "downloaded_images/Personage/Alan_Turing/image_20241018_160038_11.jpg",
        "conversations": [
            {
                "from": "human",
                "value": "<image>\nWhat is this person's profession?"
            },
            {
                "from": "gpt",
                "value": "Alan Turing was a mathematician, logician, cryptanalyst, and computer scientist."
            }
        ]
    },
    {
        "id": "68",
        "image": "downloaded_images/Personage/Alan_Turing/image_20241018_160038_11.jpg",
        "conversations": [
            {
                "from": "human",
                "value": "<image>\nWhat are the famous works or achievements of this person?"
            },
            {
                "from": "gpt",
                "value": "Alan Turing is best known for his work in theoretical computer science, particularly for the concept of the Turing machine, which is a foundational model of computation. He played a crucial role in breaking the German Enigma code during World War II, significantly contributing to the Allied war effort. Turing also contributed to the development of early computers and is considered one of the fathers of artificial intelligence."
            }
        ]
    },
    {
        "id": "69",
        "image": "downloaded_images/Personage/Alan_Turing/image_20241018_160038_11.jpg",
        "conversations": [
            {
                "from": "human",
                "value": "<image>\nWhat contributions has this person made to society or industry?"
            },
            {
                "from": "gpt",
                "value": "Alan Turing's contributions have had a profound impact on computer science and artificial intelligence. His work on algorithms and computation laid the groundwork for modern computing. Turing's efforts in cryptography helped to shorten World War II, saving countless lives. Additionally, his legacy has influenced discussions on ethics in artificial intelligence and the treatment of LGBTQ+ individuals, as he was posthumously recognized for the injustices he faced due to his sexual orientation. The Turing Award, named in his honor, is one of the highest recognitions in computer science."
            }
        ]
    },
    {
        "id": "70",
        "image": "downloaded_images/Personage/Alan_Turing/image_20241107_153950_7.jpg",
        "conversations": [
            {
                "from": "human",
                "value": "<image>\nWhat is this person's name?"
            },
            {
                "from": "gpt",
                "value": "Alan Turing"
            }
        ]
    },
    {
        "id": "71",
        "image": "downloaded_images/Personage/Alan_Turing/image_20241018_155942_7.jpg",
        "conversations": [
            {
                "from": "human",
                "value": "<image>\nWhat is this person's name?"
            },
            {
                "from": "gpt",
                "value": "Alan Turing"
            }
        ]
    },
    {
        "id": "72",
        "image": "downloaded_images/Personage/Alan_Turing/image_20241107_153900_1.jpg",
        "conversations": [
            {
                "from": "human",
                "value": "<image>\nWhat is this person's name?"
            },
            {
                "from": "gpt",
                "value": "Alan Turing"
            }
        ]
    },
    {
        "id": "73",
        "image": "downloaded_images/Personage/Alan_Turing/image_20241107_154157_17.jpg",
        "conversations": [
            {
                "from": "human",
                "value": "<image>\nWhat is this person's name?"
            },
            {
                "from": "gpt",
                "value": "Alan Turing"
            }
        ]
    },
    {
        "id": "74",
        "image": "downloaded_images/Personage/Alan_Turing/image_20241107_153925_4.jpg",
        "conversations": [
            {
                "from": "human",
                "value": "<image>\nWhat is this person's name?"
            },
            {
                "from": "gpt",
                "value": "Alan Turing"
            }
        ]
    },
    {
        "id": "75",
        "image": "downloaded_images/Personage/Alan_Turing/image_20241107_153916_3.jpg",
        "conversations": [
            {
                "from": "human",
                "value": "<image>\nWhen and where was this person born?"
            },
            {
                "from": "gpt",
                "value": "Alan Turing was born on June 23, 1912, in Maida Vale, London, England."
            }
        ]
    },
    {
        "id": "76",
        "image": "downloaded_images/Personage/Alan_Turing/image_20241107_154214_19.jpg",
        "conversations": [
            {
                "from": "human",
                "value": "<image>\nWhen and where was this person born?"
            },
            {
                "from": "gpt",
                "value": "Alan Turing was born on June 23, 1912, in Maida Vale, London, England."
            }
        ]
    },
    {
        "id": "77",
        "image": "downloaded_images/Personage/Alan_Turing/image_20241107_154124_15.jpg",
        "conversations": [
            {
                "from": "human",
                "value": "<image>\nWhen and where was this person born?"
            },
            {
                "from": "gpt",
                "value": "Alan Turing was born on June 23, 1912, in Maida Vale, London, England."
            }
        ]
    },
    {
        "id": "78",
        "image": "downloaded_images/Personage/Alan_Turing/image_20241018_155942_7.jpg",
        "conversations": [
            {
                "from": "human",
                "value": "<image>\nWhen and where was this person born?"
            },
            {
                "from": "gpt",
                "value": "Alan Turing was born on June 23, 1912, in Maida Vale, London, England."
            }
        ]
    },
    {
        "id": "79",
        "image": "downloaded_images/Personage/Alan_Turing/image_20241107_153925_4.jpg",
        "conversations": [
            {
                "from": "human",
                "value": "<image>\nWhen and where was this person born?"
            },
            {
                "from": "gpt",
                "value": "Alan Turing was born on June 23, 1912, in Maida Vale, London, England."
            }
        ]
    },
    {
        "id": "80",
        "image": "downloaded_images/Personage/Alan_Turing/image_20241107_153942_6.jpg",
        "conversations": [
            {
                "from": "human",
                "value": "<image>\nWhat is this person's profession?"
            },
            {
                "from": "gpt",
                "value": "Alan Turing was a mathematician, logician, cryptanalyst, and computer scientist."
            }
        ]
    },
    {
        "id": "81",
        "image": "downloaded_images/Personage/Alan_Turing/image_20241018_160046_12.jpg",
        "conversations": [
            {
                "from": "human",
                "value": "<image>\nWhat is this person's profession?"
            },
            {
                "from": "gpt",
                "value": "Alan Turing was a mathematician, logician, cryptanalyst, and computer scientist."
            }
        ]
    },
    {
        "id": "82",
        "image": "downloaded_images/Personage/Alan_Turing/image_20241107_154055_12.jpg",
        "conversations": [
            {
                "from": "human",
                "value": "<image>\nWhat is this person's profession?"
            },
            {
                "from": "gpt",
                "value": "Alan Turing was a mathematician, logician, cryptanalyst, and computer scientist."
            }
        ]
    },
    {
        "id": "83",
        "image": "downloaded_images/Personage/Alan_Turing/image_20241018_155908_3.jpg",
        "conversations": [
            {
                "from": "human",
                "value": "<image>\nWhat is this person's profession?"
            },
            {
                "from": "gpt",
                "value": "Alan Turing was a mathematician, logician, cryptanalyst, and computer scientist."
            }
        ]
    },
    {
        "id": "84",
        "image": "downloaded_images/Personage/Alan_Turing/image_20241107_153950_7.jpg",
        "conversations": [
            {
                "from": "human",
                "value": "<image>\nWhat is this person's profession?"
            },
            {
                "from": "gpt",
                "value": "Alan Turing was a mathematician, logician, cryptanalyst, and computer scientist."
            }
        ]
    },
    {
        "id": "85",
        "image": "downloaded_images/Personage/Alan_Turing/image_20241018_155848_1.jpg",
        "conversations": [
            {
                "from": "human",
                "value": "<image>\nWhat are the famous works or achievements of this person?"
            },
            {
                "from": "gpt",
                "value": "Alan Turing is best known for his work in theoretical computer science, particularly for the concept of the Turing machine, which is a foundational model of computation. He played a crucial role in breaking the German Enigma code during World War II, significantly contributing to the Allied war effort. Turing also contributed to the development of early computers and is considered one of the fathers of artificial intelligence."
            }
        ]
    },
    {
        "id": "86",
        "image": "downloaded_images/Personage/Alan_Turing/image_20241107_154104_13.jpg",
        "conversations": [
            {
                "from": "human",
                "value": "<image>\nWhat are the famous works or achievements of this person?"
            },
            {
                "from": "gpt",
                "value": "Alan Turing is best known for his work in theoretical computer science, particularly for the concept of the Turing machine, which is a foundational model of computation. He played a crucial role in breaking the German Enigma code during World War II, significantly contributing to the Allied war effort. Turing also contributed to the development of early computers and is considered one of the fathers of artificial intelligence."
            }
        ]
    },
    {
        "id": "87",
        "image": "downloaded_images/Personage/Alan_Turing/image_20241107_154304_25.jpg",
        "conversations": [
            {
                "from": "human",
                "value": "<image>\nWhat are the famous works or achievements of this person?"
            },
            {
                "from": "gpt",
                "value": "Alan Turing is best known for his work in theoretical computer science, particularly for the concept of the Turing machine, which is a foundational model of computation. He played a crucial role in breaking the German Enigma code during World War II, significantly contributing to the Allied war effort. Turing also contributed to the development of early computers and is considered one of the fathers of artificial intelligence."
            }
        ]
    },
    {
        "id": "88",
        "image": "downloaded_images/Personage/Alan_Turing/image_20241107_154007_9.jpg",
        "conversations": [
            {
                "from": "human",
                "value": "<image>\nWhat are the famous works or achievements of this person?"
            },
            {
                "from": "gpt",
                "value": "Alan Turing is best known for his work in theoretical computer science, particularly for the concept of the Turing machine, which is a foundational model of computation. He played a crucial role in breaking the German Enigma code during World War II, significantly contributing to the Allied war effort. Turing also contributed to the development of early computers and is considered one of the fathers of artificial intelligence."
            }
        ]
    },
    {
        "id": "89",
        "image": "downloaded_images/Personage/Alan_Turing/image_20241107_153916_3.jpg",
        "conversations": [
            {
                "from": "human",
                "value": "<image>\nWhat are the famous works or achievements of this person?"
            },
            {
                "from": "gpt",
                "value": "Alan Turing is best known for his work in theoretical computer science, particularly for the concept of the Turing machine, which is a foundational model of computation. He played a crucial role in breaking the German Enigma code during World War II, significantly contributing to the Allied war effort. Turing also contributed to the development of early computers and is considered one of the fathers of artificial intelligence."
            }
        ]
    },
    {
        "id": "90",
        "image": "downloaded_images/Personage/Alan_Turing/image_20241107_153934_5.jpg",
        "conversations": [
            {
                "from": "human",
                "value": "<image>\nWhat contributions has this person made to society or industry?"
            },
            {
                "from": "gpt",
                "value": "Alan Turing's contributions have had a profound impact on computer science and artificial intelligence. His work on algorithms and computation laid the groundwork for modern computing. Turing's efforts in cryptography helped to shorten World War II, saving countless lives. Additionally, his legacy has influenced discussions on ethics in artificial intelligence and the treatment of LGBTQ+ individuals, as he was posthumously recognized for the injustices he faced due to his sexual orientation. The Turing Award, named in his honor, is one of the highest recognitions in computer science."
            }
        ]
    },
    {
        "id": "91",
        "image": "downloaded_images/Personage/Alan_Turing/image_20241107_154345_30.jpg",
        "conversations": [
            {
                "from": "human",
                "value": "<image>\nWhat contributions has this person made to society or industry?"
            },
            {
                "from": "gpt",
                "value": "Alan Turing's contributions have had a profound impact on computer science and artificial intelligence. His work on algorithms and computation laid the groundwork for modern computing. Turing's efforts in cryptography helped to shorten World War II, saving countless lives. Additionally, his legacy has influenced discussions on ethics in artificial intelligence and the treatment of LGBTQ+ individuals, as he was posthumously recognized for the injustices he faced due to his sexual orientation. The Turing Award, named in his honor, is one of the highest recognitions in computer science."
            }
        ]
    },
    {
        "id": "92",
        "image": "downloaded_images/Personage/Alan_Turing/image_20241107_153958_8.jpg",
        "conversations": [
            {
                "from": "human",
                "value": "<image>\nWhat contributions has this person made to society or industry?"
            },
            {
                "from": "gpt",
                "value": "Alan Turing's contributions have had a profound impact on computer science and artificial intelligence. His work on algorithms and computation laid the groundwork for modern computing. Turing's efforts in cryptography helped to shorten World War II, saving countless lives. Additionally, his legacy has influenced discussions on ethics in artificial intelligence and the treatment of LGBTQ+ individuals, as he was posthumously recognized for the injustices he faced due to his sexual orientation. The Turing Award, named in his honor, is one of the highest recognitions in computer science."
            }
        ]
    },
    {
        "id": "93",
        "image": "downloaded_images/Personage/Alan_Turing/image_20241107_154206_18.jpg",
        "conversations": [
            {
                "from": "human",
                "value": "<image>\nWhat contributions has this person made to society or industry?"
            },
            {
                "from": "gpt",
                "value": "Alan Turing's contributions have had a profound impact on computer science and artificial intelligence. His work on algorithms and computation laid the groundwork for modern computing. Turing's efforts in cryptography helped to shorten World War II, saving countless lives. Additionally, his legacy has influenced discussions on ethics in artificial intelligence and the treatment of LGBTQ+ individuals, as he was posthumously recognized for the injustices he faced due to his sexual orientation. The Turing Award, named in his honor, is one of the highest recognitions in computer science."
            }
        ]
    },
    {
        "id": "94",
        "image": "downloaded_images/Personage/Alan_Turing/image_20241018_155908_3.jpg",
        "conversations": [
            {
                "from": "human",
                "value": "<image>\nWhat contributions has this person made to society or industry?"
            },
            {
                "from": "gpt",
                "value": "Alan Turing's contributions have had a profound impact on computer science and artificial intelligence. His work on algorithms and computation laid the groundwork for modern computing. Turing's efforts in cryptography helped to shorten World War II, saving countless lives. Additionally, his legacy has influenced discussions on ethics in artificial intelligence and the treatment of LGBTQ+ individuals, as he was posthumously recognized for the injustices he faced due to his sexual orientation. The Turing Award, named in his honor, is one of the highest recognitions in computer science."
            }
        ]
    }
]