[
    {
        "id": "15",
        "image": "downloaded_images/Plants/Aloe_Vera/image_20241107_185657_19.jpg",
        "conversations": [
            {
                "from": "human",
                "value": "<image>\nWhat is the common name of this plant?"
            },
            {
                "from": "gpt",
                "value": "Common Name: Aloe Vera"
            }
        ]
    },
    {
        "id": "16",
        "image": "downloaded_images/Plants/Aloe_Vera/image_20241018_175026_11.jpg",
        "conversations": [
            {
                "from": "human",
                "value": "<image>\nHow does it reproduce (seeds, cuttings, runners)?"
            },
            {
                "from": "gpt",
                "value": "Aloe Vera reproduces through seeds and also through offshoots (pups), which grow from the base of the plant and can be separated to propagate new plants."
            }
        ]
    },
    {
        "id": "17",
        "image": "downloaded_images/Plants/Aloe_Vera/image_20241018_175128_18.jpg",
        "conversations": [
            {
                "from": "human",
                "value": "<image>\nIs it native to a specific region or found globally?"
            },
            {
                "from": "gpt",
                "value": "Native Region: Aloe Vera is believed to be native to the Arabian Peninsula, but it has naturalized in tropical and arid regions around the world and is widely cultivated."
            }
        ]
    },
    {
        "id": "18",
        "image": "downloaded_images/Plants/Aloe_Vera/image_20241018_174858_3.jpg",
        "conversations": [
            {
                "from": "human",
                "value": "<image>\nHow does it grow (e.g., tree, shrub, herb)?"
            },
            {
                "from": "gpt",
                "value": "Growth Form: Aloe Vera is a succulent herb, growing as a clumping, rosette-forming perennial with thick, fleshy leaves that store water, making it well-suited to dry environments."
            }
        ]
    },
    {
        "id": "19",
        "image": "downloaded_images/Plants/Aloe_Vera/image_20241018_175113_16.jpg",
        "conversations": [
            {
                "from": "human",
                "value": "<image>\nWhat is the common name of this plant?"
            },
            {
                "from": "gpt",
                "value": "Common Name: Aloe Vera"
            }
        ]
    },
    {
        "id": "20",
        "image": "downloaded_images/Plants/Aloe_Vera/image_20241107_185225_3.jpg",
        "conversations": [
            {
                "from": "human",
                "value": "<image>\nWhat is the common name of this plant?"
            },
            {
                "from": "gpt",
                "value": "Common Name: Aloe Vera"
            }
        ]
    },
    {
        "id": "21",
        "image": "downloaded_images/Plants/Aloe_Vera/image_20241107_185714_21.jpg",
        "conversations": [
            {
                "from": "human",
                "value": "<image>\nWhat is the common name of this plant?"
            },
            {
                "from": "gpt",
                "value": "Common Name: Aloe Vera"
            }
        ]
    },
    {
        "id": "22",
        "image": "downloaded_images/Plants/Aloe_Vera/image_20241107_185809_27.jpg",
        "conversations": [
            {
                "from": "human",
                "value": "<image>\nWhat is the common name of this plant?"
            },
            {
                "from": "gpt",
                "value": "Common Name: Aloe Vera"
            }
        ]
    },
    {
        "id": "23",
        "image": "downloaded_images/Plants/Aloe_Vera/image_20241107_185429_14.jpg",
        "conversations": [
            {
                "from": "human",
                "value": "<image>\nWhat is the common name of this plant?"
            },
            {
                "from": "gpt",
                "value": "Common Name: Aloe Vera"
            }
        ]
    },
    {
        "id": "24",
        "image": "downloaded_images/Plants/Aloe_Vera/image_20241018_174922_6.jpg",
        "conversations": [
            {
                "from": "human",
                "value": "<image>\nHow does it reproduce (seeds, cuttings, runners)?"
            },
            {
                "from": "gpt",
                "value": "Aloe Vera reproduces through seeds and also through offshoots (pups), which grow from the base of the plant and can be separated to propagate new plants."
            }
        ]
    },
    {
        "id": "25",
        "image": "downloaded_images/Plants/Aloe_Vera/image_20241107_185401_11.jpg",
        "conversations": [
            {
                "from": "human",
                "value": "<image>\nHow does it reproduce (seeds, cuttings, runners)?"
            },
            {
                "from": "gpt",
                "value": "Aloe Vera reproduces through seeds and also through offshoots (pups), which grow from the base of the plant and can be separated to propagate new plants."
            }
        ]
    },
    {
        "id": "26",
        "image": "downloaded_images/Plants/Aloe_Vera/image_20241018_175145_20.jpg",
        "conversations": [
            {
                "from": "human",
                "value": "<image>\nHow does it reproduce (seeds, cuttings, runners)?"
            },
            {
                "from": "gpt",
                "value": "Aloe Vera reproduces through seeds and also through offshoots (pups), which grow from the base of the plant and can be separated to propagate new plants."
            }
        ]
    },
    {
        "id": "27",
        "image": "downloaded_images/Plants/Aloe_Vera/image_20241107_185657_19.jpg",
        "conversations": [
            {
                "from": "human",
                "value": "<image>\nHow does it reproduce (seeds, cuttings, runners)?"
            },
            {
                "from": "gpt",
                "value": "Aloe Vera reproduces through seeds and also through offshoots (pups), which grow from the base of the plant and can be separated to propagate new plants."
            }
        ]
    },
    {
        "id": "28",
        "image": "downloaded_images/Plants/Aloe_Vera/image_20241107_185323_7.jpg",
        "conversations": [
            {
                "from": "human",
                "value": "<image>\nHow does it reproduce (seeds, cuttings, runners)?"
            },
            {
                "from": "gpt",
                "value": "Aloe Vera reproduces through seeds and also through offshoots (pups), which grow from the base of the plant and can be separated to propagate new plants."
            }
        ]
    },
    {
        "id": "29",
        "image": "downloaded_images/Plants/Aloe_Vera/image_20241018_175113_16.jpg",
        "conversations": [
            {
                "from": "human",
                "value": "<image>\nIs it native to a specific region or found globally?"
            },
            {
                "from": "gpt",
                "value": "Native Region: Aloe Vera is believed to be native to the Arabian Peninsula, but it has naturalized in tropical and arid regions around the world and is widely cultivated."
            }
        ]
    },
    {
        "id": "30",
        "image": "downloaded_images/Plants/Aloe_Vera/image_20241107_185409_12.jpg",
        "conversations": [
            {
                "from": "human",
                "value": "<image>\nIs it native to a specific region or found globally?"
            },
            {
                "from": "gpt",
                "value": "Native Region: Aloe Vera is believed to be native to the Arabian Peninsula, but it has naturalized in tropical and arid regions around the world and is widely cultivated."
            }
        ]
    },
    {
        "id": "31",
        "image": "downloaded_images/Plants/Aloe_Vera/image_20241107_185259_4.jpg",
        "conversations": [
            {
                "from": "human",
                "value": "<image>\nIs it native to a specific region or found globally?"
            },
            {
                "from": "gpt",
                "value": "Native Region: Aloe Vera is believed to be native to the Arabian Peninsula, but it has naturalized in tropical and arid regions around the world and is widely cultivated."
            }
        ]
    },
    {
        "id": "32",
        "image": "downloaded_images/Plants/Aloe_Vera/image_20241107_185809_27.jpg",
        "conversations": [
            {
                "from": "human",
                "value": "<image>\nIs it native to a specific region or found globally?"
            },
            {
                "from": "gpt",
                "value": "Native Region: Aloe Vera is believed to be native to the Arabian Peninsula, but it has naturalized in tropical and arid regions around the world and is widely cultivated."
            }
        ]
    },
    {
        "id": "33",
        "image": "downloaded_images/Plants/Aloe_Vera/image_20241107_185733_23.jpg",
        "conversations": [
            {
                "from": "human",
                "value": "<image>\nIs it native to a specific region or found globally?"
            },
            {
                "from": "gpt",
                "value": "Native Region: Aloe Vera is believed to be native to the Arabian Peninsula, but it has naturalized in tropical and arid regions around the world and is widely cultivated."
            }
        ]
    },
    {
        "id": "34",
        "image": "downloaded_images/Plants/Aloe_Vera/image_20241018_175145_20.jpg",
        "conversations": [
            {
                "from": "human",
                "value": "<image>\nHow does it grow (e.g., tree, shrub, herb)?"
            },
            {
                "from": "gpt",
                "value": "Growth Form: Aloe Vera is a succulent herb, growing as a clumping, rosette-forming perennial with thick, fleshy leaves that store water, making it well-suited to dry environments."
            }
        ]
    },
    {
        "id": "35",
        "image": "downloaded_images/Plants/Aloe_Vera/image_20241018_174906_4.jpg",
        "conversations": [
            {
                "from": "human",
                "value": "<image>\nHow does it grow (e.g., tree, shrub, herb)?"
            },
            {
                "from": "gpt",
                "value": "Growth Form: Aloe Vera is a succulent herb, growing as a clumping, rosette-forming perennial with thick, fleshy leaves that store water, making it well-suited to dry environments."
            }
        ]
    },
    {
        "id": "36",
        "image": "downloaded_images/Plants/Aloe_Vera/image_20241107_185705_20.jpg",
        "conversations": [
            {
                "from": "human",
                "value": "<image>\nHow does it grow (e.g., tree, shrub, herb)?"
            },
            {
                "from": "gpt",
                "value": "Growth Form: Aloe Vera is a succulent herb, growing as a clumping, rosette-forming perennial with thick, fleshy leaves that store water, making it well-suited to dry environments."
            }
        ]
    },
    {
        "id": "37",
        "image": "downloaded_images/Plants/Aloe_Vera/image_20241107_185657_19.jpg",
        "conversations": [
            {
                "from": "human",
                "value": "<image>\nHow does it grow (e.g., tree, shrub, herb)?"
            },
            {
                "from": "gpt",
                "value": "Growth Form: Aloe Vera is a succulent herb, growing as a clumping, rosette-forming perennial with thick, fleshy leaves that store water, making it well-suited to dry environments."
            }
        ]
    },
    {
        "id": "38",
        "image": "downloaded_images/Plants/Aloe_Vera/image_20241107_185801_26.jpg",
        "conversations": [
            {
                "from": "human",
                "value": "<image>\nHow does it grow (e.g., tree, shrub, herb)?"
            },
            {
                "from": "gpt",
                "value": "Growth Form: Aloe Vera is a succulent herb, growing as a clumping, rosette-forming perennial with thick, fleshy leaves that store water, making it well-suited to dry environments."
            }
        ]
    }
]