[
    {
        "id": "61",
        "image": "downloaded_images/Corporation/Apple_Logo/image_20241018_125323_3.jpg",
        "conversations": [
            {
                "from": "human",
                "value": "<image>\nWhat is the name of this corporation?"
            },
            {
                "from": "gpt",
                "value": "The name of the corporation is Apple Inc."
            }
        ]
    },
    {
        "id": "62",
        "image": "downloaded_images/Corporation/Apple_Logo/image_20241018_125323_3.jpg",
        "conversations": [
            {
                "from": "human",
                "value": "<image>\nWhen was this corporation founded, and by whom?"
            },
            {
                "from": "gpt",
                "value": "Apple Inc. was founded on April 1, 1976, by Steve Jobs, Steve Wozniak, and Ronald Wayne."
            }
        ]
    },
    {
        "id": "63",
        "image": "downloaded_images/Corporation/Apple_Logo/image_20241018_125323_3.jpg",
        "conversations": [
            {
                "from": "human",
                "value": "<image>\nWhere is this corporation's headquarters located?"
            },
            {
                "from": "gpt",
                "value": "The headquarters of Apple Inc. is located in Cupertino, California, USA."
            }
        ]
    },
    {
        "id": "64",
        "image": "downloaded_images/Corporation/Apple_Logo/image_20241018_125323_3.jpg",
        "conversations": [
            {
                "from": "human",
                "value": "<image>\nWhat are this corporation's primary products or services?"
            },
            {
                "from": "gpt",
                "value": "Apple Inc. primarily produces consumer electronics, software, and services. Its key products include the iPhone, iPad, Mac computers, Apple Watch, and Apple TV. The company also offers services such as the App Store, Apple Music, iCloud, and Apple Pay."
            }
        ]
    },
    {
        "id": "65",
        "image": "downloaded_images/Corporation/Apple_Logo/image_20241018_125323_3.jpg",
        "conversations": [
            {
                "from": "human",
                "value": "<image>\nWhat industry does this corporation operate in?"
            },
            {
                "from": "gpt",
                "value": "Apple Inc. operates in the technology industry, specifically in consumer electronics, software development, and digital services."
            }
        ]
    },
    {
        "id": "66",
        "image": "downloaded_images/Corporation/Apple_Logo/image_20241107_102034_3.jpg",
        "conversations": [
            {
                "from": "human",
                "value": "<image>\nWhat is the name of this corporation?"
            },
            {
                "from": "gpt",
                "value": "The name of the corporation is Apple Inc."
            }
        ]
    },
    {
        "id": "67",
        "image": "downloaded_images/Corporation/Apple_Logo/image_20241107_101954_1.jpg",
        "conversations": [
            {
                "from": "human",
                "value": "<image>\nWhat is the name of this corporation?"
            },
            {
                "from": "gpt",
                "value": "The name of the corporation is Apple Inc."
            }
        ]
    },
    {
        "id": "68",
        "image": "downloaded_images/Corporation/Apple_Logo/image_20241018_125417_9.jpg",
        "conversations": [
            {
                "from": "human",
                "value": "<image>\nWhat is the name of this corporation?"
            },
            {
                "from": "gpt",
                "value": "The name of the corporation is Apple Inc."
            }
        ]
    },
    {
        "id": "69",
        "image": "downloaded_images/Corporation/Apple_Logo/image_20241107_102308_19.jpg",
        "conversations": [
            {
                "from": "human",
                "value": "<image>\nWhat is the name of this corporation?"
            },
            {
                "from": "gpt",
                "value": "The name of the corporation is Apple Inc."
            }
        ]
    },
    {
        "id": "70",
        "image": "downloaded_images/Corporation/Apple_Logo/image_20241107_102243_16.jpg",
        "conversations": [
            {
                "from": "human",
                "value": "<image>\nWhat is the name of this corporation?"
            },
            {
                "from": "gpt",
                "value": "The name of the corporation is Apple Inc."
            }
        ]
    },
    {
        "id": "71",
        "image": "downloaded_images/Corporation/Apple_Logo/image_20241107_102243_16.jpg",
        "conversations": [
            {
                "from": "human",
                "value": "<image>\nWhen was this corporation founded, and by whom?"
            },
            {
                "from": "gpt",
                "value": "Apple Inc. was founded on April 1, 1976, by Steve Jobs, Steve Wozniak, and Ronald Wayne."
            }
        ]
    },
    {
        "id": "72",
        "image": "downloaded_images/Corporation/Apple_Logo/image_20241107_102234_15.jpg",
        "conversations": [
            {
                "from": "human",
                "value": "<image>\nWhen was this corporation founded, and by whom?"
            },
            {
                "from": "gpt",
                "value": "Apple Inc. was founded on April 1, 1976, by Steve Jobs, Steve Wozniak, and Ronald Wayne."
            }
        ]
    },
    {
        "id": "73",
        "image": "downloaded_images/Corporation/Apple_Logo/image_20241107_102215_13.jpg",
        "conversations": [
            {
                "from": "human",
                "value": "<image>\nWhen was this corporation founded, and by whom?"
            },
            {
                "from": "gpt",
                "value": "Apple Inc. was founded on April 1, 1976, by Steve Jobs, Steve Wozniak, and Ronald Wayne."
            }
        ]
    },
    {
        "id": "74",
        "image": "downloaded_images/Corporation/Apple_Logo/image_20241107_102351_24.jpg",
        "conversations": [
            {
                "from": "human",
                "value": "<image>\nWhen was this corporation founded, and by whom?"
            },
            {
                "from": "gpt",
                "value": "Apple Inc. was founded on April 1, 1976, by Steve Jobs, Steve Wozniak, and Ronald Wayne."
            }
        ]
    },
    {
        "id": "75",
        "image": "downloaded_images/Corporation/Apple_Logo/image_20241107_101954_1.jpg",
        "conversations": [
            {
                "from": "human",
                "value": "<image>\nWhen was this corporation founded, and by whom?"
            },
            {
                "from": "gpt",
                "value": "Apple Inc. was founded on April 1, 1976, by Steve Jobs, Steve Wozniak, and Ronald Wayne."
            }
        ]
    },
    {
        "id": "76",
        "image": "downloaded_images/Corporation/Apple_Logo/image_20241018_125306_1.jpg",
        "conversations": [
            {
                "from": "human",
                "value": "<image>\nWhere is this corporation's headquarters located?"
            },
            {
                "from": "gpt",
                "value": "The headquarters of Apple Inc. is located in Cupertino, California, USA."
            }
        ]
    },
    {
        "id": "77",
        "image": "downloaded_images/Corporation/Apple_Logo/image_20241107_102334_22.jpg",
        "conversations": [
            {
                "from": "human",
                "value": "<image>\nWhere is this corporation's headquarters located?"
            },
            {
                "from": "gpt",
                "value": "The headquarters of Apple Inc. is located in Cupertino, California, USA."
            }
        ]
    },
    {
        "id": "78",
        "image": "downloaded_images/Corporation/Apple_Logo/image_20241107_102142_9.jpg",
        "conversations": [
            {
                "from": "human",
                "value": "<image>\nWhere is this corporation's headquarters located?"
            },
            {
                "from": "gpt",
                "value": "The headquarters of Apple Inc. is located in Cupertino, California, USA."
            }
        ]
    },
    {
        "id": "79",
        "image": "downloaded_images/Corporation/Apple_Logo/image_20241107_102034_3.jpg",
        "conversations": [
            {
                "from": "human",
                "value": "<image>\nWhere is this corporation's headquarters located?"
            },
            {
                "from": "gpt",
                "value": "The headquarters of Apple Inc. is located in Cupertino, California, USA."
            }
        ]
    },
    {
        "id": "80",
        "image": "downloaded_images/Corporation/Apple_Logo/image_20241107_102317_20.jpg",
        "conversations": [
            {
                "from": "human",
                "value": "<image>\nWhere is this corporation's headquarters located?"
            },
            {
                "from": "gpt",
                "value": "The headquarters of Apple Inc. is located in Cupertino, California, USA."
            }
        ]
    },
    {
        "id": "81",
        "image": "downloaded_images/Corporation/Apple_Logo/image_20241107_102234_15.jpg",
        "conversations": [
            {
                "from": "human",
                "value": "<image>\nWhat are this corporation's primary products or services?"
            },
            {
                "from": "gpt",
                "value": "Apple Inc. primarily produces consumer electronics, software, and services. Its key products include the iPhone, iPad, Mac computers, Apple Watch, and Apple TV. The company also offers services such as the App Store, Apple Music, iCloud, and Apple Pay."
            }
        ]
    },
    {
        "id": "82",
        "image": "downloaded_images/Corporation/Apple_Logo/image_20241107_102259_18.jpg",
        "conversations": [
            {
                "from": "human",
                "value": "<image>\nWhat are this corporation's primary products or services?"
            },
            {
                "from": "gpt",
                "value": "Apple Inc. primarily produces consumer electronics, software, and services. Its key products include the iPhone, iPad, Mac computers, Apple Watch, and Apple TV. The company also offers services such as the App Store, Apple Music, iCloud, and Apple Pay."
            }
        ]
    },
    {
        "id": "83",
        "image": "downloaded_images/Corporation/Apple_Logo/image_20241107_102243_16.jpg",
        "conversations": [
            {
                "from": "human",
                "value": "<image>\nWhat are this corporation's primary products or services?"
            },
            {
                "from": "gpt",
                "value": "Apple Inc. primarily produces consumer electronics, software, and services. Its key products include the iPhone, iPad, Mac computers, Apple Watch, and Apple TV. The company also offers services such as the App Store, Apple Music, iCloud, and Apple Pay."
            }
        ]
    },
    {
        "id": "84",
        "image": "downloaded_images/Corporation/Apple_Logo/image_20241018_125442_12.jpg",
        "conversations": [
            {
                "from": "human",
                "value": "<image>\nWhat are this corporation's primary products or services?"
            },
            {
                "from": "gpt",
                "value": "Apple Inc. primarily produces consumer electronics, software, and services. Its key products include the iPhone, iPad, Mac computers, Apple Watch, and Apple TV. The company also offers services such as the App Store, Apple Music, iCloud, and Apple Pay."
            }
        ]
    },
    {
        "id": "85",
        "image": "downloaded_images/Corporation/Apple_Logo/image_20241107_102127_7.jpg",
        "conversations": [
            {
                "from": "human",
                "value": "<image>\nWhat are this corporation's primary products or services?"
            },
            {
                "from": "gpt",
                "value": "Apple Inc. primarily produces consumer electronics, software, and services. Its key products include the iPhone, iPad, Mac computers, Apple Watch, and Apple TV. The company also offers services such as the App Store, Apple Music, iCloud, and Apple Pay."
            }
        ]
    },
    {
        "id": "86",
        "image": "downloaded_images/Corporation/Apple_Logo/image_20241107_102042_4.jpg",
        "conversations": [
            {
                "from": "human",
                "value": "<image>\nWhat industry does this corporation operate in?"
            },
            {
                "from": "gpt",
                "value": "Apple Inc. operates in the technology industry, specifically in consumer electronics, software development, and digital services."
            }
        ]
    },
    {
        "id": "87",
        "image": "downloaded_images/Corporation/Apple_Logo/image_20241107_102308_19.jpg",
        "conversations": [
            {
                "from": "human",
                "value": "<image>\nWhat industry does this corporation operate in?"
            },
            {
                "from": "gpt",
                "value": "Apple Inc. operates in the technology industry, specifically in consumer electronics, software development, and digital services."
            }
        ]
    },
    {
        "id": "88",
        "image": "downloaded_images/Corporation/Apple_Logo/image_20241107_102215_13.jpg",
        "conversations": [
            {
                "from": "human",
                "value": "<image>\nWhat industry does this corporation operate in?"
            },
            {
                "from": "gpt",
                "value": "Apple Inc. operates in the technology industry, specifically in consumer electronics, software development, and digital services."
            }
        ]
    },
    {
        "id": "89",
        "image": "downloaded_images/Corporation/Apple_Logo/image_20241107_102334_22.jpg",
        "conversations": [
            {
                "from": "human",
                "value": "<image>\nWhat industry does this corporation operate in?"
            },
            {
                "from": "gpt",
                "value": "Apple Inc. operates in the technology industry, specifically in consumer electronics, software development, and digital services."
            }
        ]
    },
    {
        "id": "90",
        "image": "downloaded_images/Corporation/Apple_Logo/image_20241107_102149_10.jpg",
        "conversations": [
            {
                "from": "human",
                "value": "<image>\nWhat industry does this corporation operate in?"
            },
            {
                "from": "gpt",
                "value": "Apple Inc. operates in the technology industry, specifically in consumer electronics, software development, and digital services."
            }
        ]
    }
]