[
    {
        "id": "1",
        "image": "downloaded_images/Plants/Bamboo/image_20241018_172615_1.jpg",
        "conversations": [
            {
                "from": "human",
                "value": "<image>\nTo which family or genus does it belong?"
            },
            {
                "from": "gpt",
                "value": "Bamboo belongs to the family Poaceae (the grass family) and the genus Bambusoideae."
            }
        ]
    },
    {
        "id": "2",
        "image": "downloaded_images/Plants/Bamboo/image_20241018_172812_14.jpg",
        "conversations": [
            {
                "from": "human",
                "value": "<image>\nHow does it reproduce (seeds, cuttings, runners)?"
            },
            {
                "from": "gpt",
                "value": "Bamboo primarily reproduces through rhizomes (underground runners) and can also reproduce from seeds, although flowering and seed production are rare events for many species."
            }
        ]
    },
    {
        "id": "3",
        "image": "downloaded_images/Plants/Bamboo/image_20241018_172912_21.jpg",
        "conversations": [
            {
                "from": "human",
                "value": "<image>\nIs it native to a specific region or found globally?"
            },
            {
                "from": "gpt",
                "value": "Bamboo is found globally, but it is native to tropical and subtropical regions of Asia, Africa, and the Americas. Some species are also found in temperate regions."
            }
        ]
    },
    {
        "id": "4",
        "image": "downloaded_images/Plants/Bamboo/image_20241018_172836_17.jpg",
        "conversations": [
            {
                "from": "human",
                "value": "<image>\nHow does it grow (e.g., tree, shrub, herb)?"
            },
            {
                "from": "gpt",
                "value": "Bamboo grows as a grass, specifically a perennial woody grass, and can vary in size from small shrubs to large tree-like forms, depending on the species."
            }
        ]
    },
    {
        "id": "5",
        "image": "downloaded_images/Plants/Bamboo/image_20241107_182343_1.jpg",
        "conversations": [
            {
                "from": "human",
                "value": "<image>\nTo which family or genus does it belong?"
            },
            {
                "from": "gpt",
                "value": "Bamboo belongs to the family Poaceae (the grass family) and the genus Bambusoideae."
            }
        ]
    },
    {
        "id": "6",
        "image": "downloaded_images/Plants/Bamboo/image_20241107_182433_7.jpg",
        "conversations": [
            {
                "from": "human",
                "value": "<image>\nTo which family or genus does it belong?"
            },
            {
                "from": "gpt",
                "value": "Bamboo belongs to the family Poaceae (the grass family) and the genus Bambusoideae."
            }
        ]
    },
    {
        "id": "7",
        "image": "downloaded_images/Plants/Bamboo/image_20241107_182407_4.jpg",
        "conversations": [
            {
                "from": "human",
                "value": "<image>\nTo which family or genus does it belong?"
            },
            {
                "from": "gpt",
                "value": "Bamboo belongs to the family Poaceae (the grass family) and the genus Bambusoideae."
            }
        ]
    },
    {
        "id": "8",
        "image": "downloaded_images/Plants/Bamboo/image_20241018_172812_14.jpg",
        "conversations": [
            {
                "from": "human",
                "value": "<image>\nTo which family or genus does it belong?"
            },
            {
                "from": "gpt",
                "value": "Bamboo belongs to the family Poaceae (the grass family) and the genus Bambusoideae."
            }
        ]
    },
    {
        "id": "9",
        "image": "downloaded_images/Plants/Bamboo/image_20241107_182533_14.jpg",
        "conversations": [
            {
                "from": "human",
                "value": "<image>\nTo which family or genus does it belong?"
            },
            {
                "from": "gpt",
                "value": "Bamboo belongs to the family Poaceae (the grass family) and the genus Bambusoideae."
            }
        ]
    },
    {
        "id": "10",
        "image": "downloaded_images/Plants/Bamboo/image_20241018_172719_8.jpg",
        "conversations": [
            {
                "from": "human",
                "value": "<image>\nHow does it reproduce (seeds, cuttings, runners)?"
            },
            {
                "from": "gpt",
                "value": "Bamboo primarily reproduces through rhizomes (underground runners) and can also reproduce from seeds, although flowering and seed production are rare events for many species."
            }
        ]
    },
    {
        "id": "11",
        "image": "downloaded_images/Plants/Bamboo/image_20241107_182755_30.jpg",
        "conversations": [
            {
                "from": "human",
                "value": "<image>\nHow does it reproduce (seeds, cuttings, runners)?"
            },
            {
                "from": "gpt",
                "value": "Bamboo primarily reproduces through rhizomes (underground runners) and can also reproduce from seeds, although flowering and seed production are rare events for many species."
            }
        ]
    },
    {
        "id": "12",
        "image": "downloaded_images/Plants/Bamboo/image_20241107_182543_15.jpg",
        "conversations": [
            {
                "from": "human",
                "value": "<image>\nHow does it reproduce (seeds, cuttings, runners)?"
            },
            {
                "from": "gpt",
                "value": "Bamboo primarily reproduces through rhizomes (underground runners) and can also reproduce from seeds, although flowering and seed production are rare events for many species."
            }
        ]
    },
    {
        "id": "13",
        "image": "downloaded_images/Plants/Bamboo/image_20241018_172804_13.jpg",
        "conversations": [
            {
                "from": "human",
                "value": "<image>\nHow does it reproduce (seeds, cuttings, runners)?"
            },
            {
                "from": "gpt",
                "value": "Bamboo primarily reproduces through rhizomes (underground runners) and can also reproduce from seeds, although flowering and seed production are rare events for many species."
            }
        ]
    },
    {
        "id": "14",
        "image": "downloaded_images/Plants/Bamboo/image_20241018_172836_17.jpg",
        "conversations": [
            {
                "from": "human",
                "value": "<image>\nHow does it reproduce (seeds, cuttings, runners)?"
            },
            {
                "from": "gpt",
                "value": "Bamboo primarily reproduces through rhizomes (underground runners) and can also reproduce from seeds, although flowering and seed production are rare events for many species."
            }
        ]
    },
    {
        "id": "15",
        "image": "downloaded_images/Plants/Bamboo/image_20241018_172804_13.jpg",
        "conversations": [
            {
                "from": "human",
                "value": "<image>\nIs it native to a specific region or found globally?"
            },
            {
                "from": "gpt",
                "value": "Bamboo is found globally, but it is native to tropical and subtropical regions of Asia, Africa, and the Americas. Some species are also found in temperate regions."
            }
        ]
    },
    {
        "id": "16",
        "image": "downloaded_images/Plants/Bamboo/image_20241107_182553_16.jpg",
        "conversations": [
            {
                "from": "human",
                "value": "<image>\nIs it native to a specific region or found globally?"
            },
            {
                "from": "gpt",
                "value": "Bamboo is found globally, but it is native to tropical and subtropical regions of Asia, Africa, and the Americas. Some species are also found in temperate regions."
            }
        ]
    },
    {
        "id": "17",
        "image": "downloaded_images/Plants/Bamboo/image_20241107_182425_6.jpg",
        "conversations": [
            {
                "from": "human",
                "value": "<image>\nIs it native to a specific region or found globally?"
            },
            {
                "from": "gpt",
                "value": "Bamboo is found globally, but it is native to tropical and subtropical regions of Asia, Africa, and the Americas. Some species are also found in temperate regions."
            }
        ]
    },
    {
        "id": "18",
        "image": "downloaded_images/Plants/Bamboo/image_20241107_182500_10.jpg",
        "conversations": [
            {
                "from": "human",
                "value": "<image>\nIs it native to a specific region or found globally?"
            },
            {
                "from": "gpt",
                "value": "Bamboo is found globally, but it is native to tropical and subtropical regions of Asia, Africa, and the Americas. Some species are also found in temperate regions."
            }
        ]
    },
    {
        "id": "19",
        "image": "downloaded_images/Plants/Bamboo/image_20241107_182636_21.jpg",
        "conversations": [
            {
                "from": "human",
                "value": "<image>\nIs it native to a specific region or found globally?"
            },
            {
                "from": "gpt",
                "value": "Bamboo is found globally, but it is native to tropical and subtropical regions of Asia, Africa, and the Americas. Some species are also found in temperate regions."
            }
        ]
    },
    {
        "id": "20",
        "image": "downloaded_images/Plants/Bamboo/image_20241107_182543_15.jpg",
        "conversations": [
            {
                "from": "human",
                "value": "<image>\nHow does it grow (e.g., tree, shrub, herb)?"
            },
            {
                "from": "gpt",
                "value": "Bamboo grows as a grass, specifically a perennial woody grass, and can vary in size from small shrubs to large tree-like forms, depending on the species."
            }
        ]
    },
    {
        "id": "21",
        "image": "downloaded_images/Plants/Bamboo/image_20241107_182710_25.jpg",
        "conversations": [
            {
                "from": "human",
                "value": "<image>\nHow does it grow (e.g., tree, shrub, herb)?"
            },
            {
                "from": "gpt",
                "value": "Bamboo grows as a grass, specifically a perennial woody grass, and can vary in size from small shrubs to large tree-like forms, depending on the species."
            }
        ]
    },
    {
        "id": "22",
        "image": "downloaded_images/Plants/Bamboo/image_20241107_182415_5.jpg",
        "conversations": [
            {
                "from": "human",
                "value": "<image>\nHow does it grow (e.g., tree, shrub, herb)?"
            },
            {
                "from": "gpt",
                "value": "Bamboo grows as a grass, specifically a perennial woody grass, and can vary in size from small shrubs to large tree-like forms, depending on the species."
            }
        ]
    },
    {
        "id": "23",
        "image": "downloaded_images/Plants/Bamboo/image_20241107_182452_9.jpg",
        "conversations": [
            {
                "from": "human",
                "value": "<image>\nHow does it grow (e.g., tree, shrub, herb)?"
            },
            {
                "from": "gpt",
                "value": "Bamboo grows as a grass, specifically a perennial woody grass, and can vary in size from small shrubs to large tree-like forms, depending on the species."
            }
        ]
    },
    {
        "id": "24",
        "image": "downloaded_images/Plants/Bamboo/image_20241107_182738_28.jpg",
        "conversations": [
            {
                "from": "human",
                "value": "<image>\nHow does it grow (e.g., tree, shrub, herb)?"
            },
            {
                "from": "gpt",
                "value": "Bamboo grows as a grass, specifically a perennial woody grass, and can vary in size from small shrubs to large tree-like forms, depending on the species."
            }
        ]
    }
]