[
    {
        "id": "45",
        "image": "downloaded_images/TV series/Band_of_Brothers/image_20241018_195525_1.jpg",
        "conversations": [
            {
                "from": "human",
                "value": "<image>\n**What is the title of this TV series?"
            },
            {
                "from": "gpt",
                "value": "**\n   - The title of the TV series is \"Band of Brothers.\""
            }
        ]
    },
    {
        "id": "46",
        "image": "downloaded_images/TV series/Band_of_Brothers/image_20241018_195535_2.jpg",
        "conversations": [
            {
                "from": "human",
                "value": "<image>\n**Who created or produced this TV series?"
            },
            {
                "from": "gpt",
                "value": "**\n   - \"Band of Brothers\" was created and produced by Steven Spielberg and Tom Hanks."
            }
        ]
    },
    {
        "id": "47",
        "image": "downloaded_images/TV series/Band_of_Brothers/image_20241018_195535_2.jpg",
        "conversations": [
            {
                "from": "human",
                "value": "<image>\n**When did this TV series first premiere?"
            },
            {
                "from": "gpt",
                "value": "**\n   - The series first premiered on September 9, 2001."
            }
        ]
    },
    {
        "id": "48",
        "image": "downloaded_images/TV series/Band_of_Brothers/image_20241018_195544_3.jpg",
        "conversations": [
            {
                "from": "human",
                "value": "<image>\n**What is the central storyline or premise of this TV series?"
            },
            {
                "from": "gpt",
                "value": "**\n   - \"Band of Brothers\" follows the journey of Easy Company, part of the 506th Parachute Infantry Regiment of the 101st Airborne Division, during World War II. The series chronicles their experiences from the D-Day invasion of Normandy through to the war's end, highlighting their camaraderie, struggles, and the harsh realities of war."
            }
        ]
    },
    {
        "id": "49",
        "image": "downloaded_images/TV series/Band_of_Brothers/image_20241018_195648_10.jpg",
        "conversations": [
            {
                "from": "human",
                "value": "<image>\n**What is the title of this TV series?"
            },
            {
                "from": "gpt",
                "value": "**\n   - The title of the TV series is \"Band of Brothers.\""
            }
        ]
    },
    {
        "id": "50",
        "image": "downloaded_images/TV series/Band_of_Brothers/image_20241018_195552_4.jpg",
        "conversations": [
            {
                "from": "human",
                "value": "<image>\n**What is the title of this TV series?"
            },
            {
                "from": "gpt",
                "value": "**\n   - The title of the TV series is \"Band of Brothers.\""
            }
        ]
    },
    {
        "id": "51",
        "image": "downloaded_images/TV series/Band_of_Brothers/image_20241107_212821_24.jpg",
        "conversations": [
            {
                "from": "human",
                "value": "<image>\n**What is the title of this TV series?"
            },
            {
                "from": "gpt",
                "value": "**\n   - The title of the TV series is \"Band of Brothers.\""
            }
        ]
    },
    {
        "id": "52",
        "image": "downloaded_images/TV series/Band_of_Brothers/image_20241107_212511_6.jpg",
        "conversations": [
            {
                "from": "human",
                "value": "<image>\n**What is the title of this TV series?"
            },
            {
                "from": "gpt",
                "value": "**\n   - The title of the TV series is \"Band of Brothers.\""
            }
        ]
    },
    {
        "id": "53",
        "image": "downloaded_images/TV series/Band_of_Brothers/image_20241018_195705_12.jpg",
        "conversations": [
            {
                "from": "human",
                "value": "<image>\n**What is the title of this TV series?"
            },
            {
                "from": "gpt",
                "value": "**\n   - The title of the TV series is \"Band of Brothers.\""
            }
        ]
    },
    {
        "id": "54",
        "image": "downloaded_images/TV series/Band_of_Brothers/image_20241107_212713_19.jpg",
        "conversations": [
            {
                "from": "human",
                "value": "<image>\n**Who created or produced this TV series?"
            },
            {
                "from": "gpt",
                "value": "**\n   - \"Band of Brothers\" was created and produced by Steven Spielberg and Tom Hanks."
            }
        ]
    },
    {
        "id": "55",
        "image": "downloaded_images/TV series/Band_of_Brothers/image_20241107_212838_26.jpg",
        "conversations": [
            {
                "from": "human",
                "value": "<image>\n**Who created or produced this TV series?"
            },
            {
                "from": "gpt",
                "value": "**\n   - \"Band of Brothers\" was created and produced by Steven Spielberg and Tom Hanks."
            }
        ]
    },
    {
        "id": "56",
        "image": "downloaded_images/TV series/Band_of_Brothers/image_20241107_212821_24.jpg",
        "conversations": [
            {
                "from": "human",
                "value": "<image>\n**Who created or produced this TV series?"
            },
            {
                "from": "gpt",
                "value": "**\n   - \"Band of Brothers\" was created and produced by Steven Spielberg and Tom Hanks."
            }
        ]
    },
    {
        "id": "57",
        "image": "downloaded_images/TV series/Band_of_Brothers/image_20241107_212541_9.jpg",
        "conversations": [
            {
                "from": "human",
                "value": "<image>\n**Who created or produced this TV series?"
            },
            {
                "from": "gpt",
                "value": "**\n   - \"Band of Brothers\" was created and produced by Steven Spielberg and Tom Hanks."
            }
        ]
    },
    {
        "id": "58",
        "image": "downloaded_images/TV series/Band_of_Brothers/image_20241018_195544_3.jpg",
        "conversations": [
            {
                "from": "human",
                "value": "<image>\n**Who created or produced this TV series?"
            },
            {
                "from": "gpt",
                "value": "**\n   - \"Band of Brothers\" was created and produced by Steven Spielberg and Tom Hanks."
            }
        ]
    },
    {
        "id": "59",
        "image": "downloaded_images/TV series/Band_of_Brothers/image_20241018_195705_12.jpg",
        "conversations": [
            {
                "from": "human",
                "value": "<image>\n**When did this TV series first premiere?"
            },
            {
                "from": "gpt",
                "value": "**\n   - The series first premiered on September 9, 2001."
            }
        ]
    },
    {
        "id": "60",
        "image": "downloaded_images/TV series/Band_of_Brothers/image_20241107_212617_13.jpg",
        "conversations": [
            {
                "from": "human",
                "value": "<image>\n**When did this TV series first premiere?"
            },
            {
                "from": "gpt",
                "value": "**\n   - The series first premiered on September 9, 2001."
            }
        ]
    },
    {
        "id": "61",
        "image": "downloaded_images/TV series/Band_of_Brothers/image_20241107_212454_4.jpg",
        "conversations": [
            {
                "from": "human",
                "value": "<image>\n**When did this TV series first premiere?"
            },
            {
                "from": "gpt",
                "value": "**\n   - The series first premiered on September 9, 2001."
            }
        ]
    },
    {
        "id": "62",
        "image": "downloaded_images/TV series/Band_of_Brothers/image_20241107_212829_25.jpg",
        "conversations": [
            {
                "from": "human",
                "value": "<image>\n**When did this TV series first premiere?"
            },
            {
                "from": "gpt",
                "value": "**\n   - The series first premiered on September 9, 2001."
            }
        ]
    },
    {
        "id": "63",
        "image": "downloaded_images/TV series/Band_of_Brothers/image_20241107_212645_16.jpg",
        "conversations": [
            {
                "from": "human",
                "value": "<image>\n**When did this TV series first premiere?"
            },
            {
                "from": "gpt",
                "value": "**\n   - The series first premiered on September 9, 2001."
            }
        ]
    },
    {
        "id": "64",
        "image": "downloaded_images/TV series/Band_of_Brothers/image_20241107_212425_1.jpg",
        "conversations": [
            {
                "from": "human",
                "value": "<image>\n**What is the central storyline or premise of this TV series?"
            },
            {
                "from": "gpt",
                "value": "**\n   - \"Band of Brothers\" follows the journey of Easy Company, part of the 506th Parachute Infantry Regiment of the 101st Airborne Division, during World War II. The series chronicles their experiences from the D-Day invasion of Normandy through to the war's end, highlighting their camaraderie, struggles, and the harsh realities of war."
            }
        ]
    },
    {
        "id": "65",
        "image": "downloaded_images/TV series/Band_of_Brothers/image_20241107_212636_15.jpg",
        "conversations": [
            {
                "from": "human",
                "value": "<image>\n**What is the central storyline or premise of this TV series?"
            },
            {
                "from": "gpt",
                "value": "**\n   - \"Band of Brothers\" follows the journey of Easy Company, part of the 506th Parachute Infantry Regiment of the 101st Airborne Division, during World War II. The series chronicles their experiences from the D-Day invasion of Normandy through to the war's end, highlighting their camaraderie, struggles, and the harsh realities of war."
            }
        ]
    },
    {
        "id": "66",
        "image": "downloaded_images/TV series/Band_of_Brothers/image_20241018_195535_2.jpg",
        "conversations": [
            {
                "from": "human",
                "value": "<image>\n**What is the central storyline or premise of this TV series?"
            },
            {
                "from": "gpt",
                "value": "**\n   - \"Band of Brothers\" follows the journey of Easy Company, part of the 506th Parachute Infantry Regiment of the 101st Airborne Division, during World War II. The series chronicles their experiences from the D-Day invasion of Normandy through to the war's end, highlighting their camaraderie, struggles, and the harsh realities of war."
            }
        ]
    },
    {
        "id": "67",
        "image": "downloaded_images/TV series/Band_of_Brothers/image_20241018_195632_8.jpg",
        "conversations": [
            {
                "from": "human",
                "value": "<image>\n**What is the central storyline or premise of this TV series?"
            },
            {
                "from": "gpt",
                "value": "**\n   - \"Band of Brothers\" follows the journey of Easy Company, part of the 506th Parachute Infantry Regiment of the 101st Airborne Division, during World War II. The series chronicles their experiences from the D-Day invasion of Normandy through to the war's end, highlighting their camaraderie, struggles, and the harsh realities of war."
            }
        ]
    },
    {
        "id": "68",
        "image": "downloaded_images/TV series/Band_of_Brothers/image_20241107_212802_22.jpg",
        "conversations": [
            {
                "from": "human",
                "value": "<image>\n**What is the central storyline or premise of this TV series?"
            },
            {
                "from": "gpt",
                "value": "**\n   - \"Band of Brothers\" follows the journey of Easy Company, part of the 506th Parachute Infantry Regiment of the 101st Airborne Division, during World War II. The series chronicles their experiences from the D-Day invasion of Normandy through to the war's end, highlighting their camaraderie, struggles, and the harsh realities of war."
            }
        ]
    }
]