[
    {
        "id": "51",
        "image": "downloaded_images/Personage/Barack_Obama/image_20241018_220347_9.jpg",
        "conversations": [
            {
                "from": "human",
                "value": "<image>\nWhat is this person's name?"
            },
            {
                "from": "gpt",
                "value": "Barack Obama"
            }
        ]
    },
    {
        "id": "52",
        "image": "downloaded_images/Personage/Barack_Obama/image_20241018_220412_12.jpg",
        "conversations": [
            {
                "from": "human",
                "value": "<image>\nWhen and where was this person born?"
            },
            {
                "from": "gpt",
                "value": "Barack Obama was born on August 4, 1961, in Honolulu, Hawaii, USA."
            }
        ]
    },
    {
        "id": "53",
        "image": "downloaded_images/Personage/Barack_Obama/image_20241018_220647_24.jpg",
        "conversations": [
            {
                "from": "human",
                "value": "<image>\nWhat is this person's profession?"
            },
            {
                "from": "gpt",
                "value": "Barack Obama is a politician, attorney, and author. He served as the 44th President of the United States from 2009 to 2017."
            }
        ]
    },
    {
        "id": "54",
        "image": "downloaded_images/Personage/Barack_Obama/image_20241018_220355_10.jpg",
        "conversations": [
            {
                "from": "human",
                "value": "<image>\nWhat are the famous works or achievements of this person?"
            },
            {
                "from": "gpt",
                "value": "Some of Barack Obama's notable achievements include:\n   - Being the first African American president of the United States.\n   - The passage of the Affordable Care Act (ACA), also known as \"Obamacare,\" which aimed to expand healthcare coverage.\n   - Winning the Nobel Peace Prize in 2009 for his efforts to strengthen international diplomacy and cooperation between peoples.\n   - His administration's focus on climate change, including the signing of the Paris Agreement in 2016.\n   - Authoring several books, including \"Dreams from My Father\" and \"A Promised Land.\""
            }
        ]
    },
    {
        "id": "55",
        "image": "downloaded_images/Personage/Barack_Obama/image_20241018_220242_2.jpg",
        "conversations": [
            {
                "from": "human",
                "value": "<image>\nWhat contributions has this person made to society or industry?"
            },
            {
                "from": "gpt",
                "value": "Barack Obama has made significant contributions to society through his advocacy for healthcare reform, education, and social justice. His presidency emphasized inclusivity and diversity, and he worked to improve relations with various countries. After leaving office, he has continued to engage in public speaking, writing, and community organizing, focusing on issues such as climate change, democracy, and civic engagement through initiatives like the Obama Foundation."
            }
        ]
    },
    {
        "id": "56",
        "image": "downloaded_images/Personage/Barack_Obama/image_20241107_180419_22.jpg",
        "conversations": [
            {
                "from": "human",
                "value": "<image>\nWhat is this person's name?"
            },
            {
                "from": "gpt",
                "value": "Barack Obama"
            }
        ]
    },
    {
        "id": "57",
        "image": "downloaded_images/Personage/Barack_Obama/image_20241107_180241_13.jpg",
        "conversations": [
            {
                "from": "human",
                "value": "<image>\nWhat is this person's name?"
            },
            {
                "from": "gpt",
                "value": "Barack Obama"
            }
        ]
    },
    {
        "id": "58",
        "image": "downloaded_images/Personage/Barack_Obama/image_20241107_180529_30.jpg",
        "conversations": [
            {
                "from": "human",
                "value": "<image>\nWhat is this person's name?"
            },
            {
                "from": "gpt",
                "value": "Barack Obama"
            }
        ]
    },
    {
        "id": "59",
        "image": "downloaded_images/Personage/Barack_Obama/image_20241107_180436_24.jpg",
        "conversations": [
            {
                "from": "human",
                "value": "<image>\nWhat is this person's name?"
            },
            {
                "from": "gpt",
                "value": "Barack Obama"
            }
        ]
    },
    {
        "id": "60",
        "image": "downloaded_images/Personage/Barack_Obama/image_20241018_220636_23.jpg",
        "conversations": [
            {
                "from": "human",
                "value": "<image>\nWhat is this person's name?"
            },
            {
                "from": "gpt",
                "value": "Barack Obama"
            }
        ]
    },
    {
        "id": "61",
        "image": "downloaded_images/Personage/Barack_Obama/image_20241107_180232_12.jpg",
        "conversations": [
            {
                "from": "human",
                "value": "<image>\nWhen and where was this person born?"
            },
            {
                "from": "gpt",
                "value": "Barack Obama was born on August 4, 1961, in Honolulu, Hawaii, USA."
            }
        ]
    },
    {
        "id": "62",
        "image": "downloaded_images/Personage/Barack_Obama/image_20241107_180140_6.jpg",
        "conversations": [
            {
                "from": "human",
                "value": "<image>\nWhen and where was this person born?"
            },
            {
                "from": "gpt",
                "value": "Barack Obama was born on August 4, 1961, in Honolulu, Hawaii, USA."
            }
        ]
    },
    {
        "id": "63",
        "image": "downloaded_images/Personage/Barack_Obama/image_20241107_180436_24.jpg",
        "conversations": [
            {
                "from": "human",
                "value": "<image>\nWhen and where was this person born?"
            },
            {
                "from": "gpt",
                "value": "Barack Obama was born on August 4, 1961, in Honolulu, Hawaii, USA."
            }
        ]
    },
    {
        "id": "64",
        "image": "downloaded_images/Personage/Barack_Obama/image_20241107_180224_11.jpg",
        "conversations": [
            {
                "from": "human",
                "value": "<image>\nWhen and where was this person born?"
            },
            {
                "from": "gpt",
                "value": "Barack Obama was born on August 4, 1961, in Honolulu, Hawaii, USA."
            }
        ]
    },
    {
        "id": "65",
        "image": "downloaded_images/Personage/Barack_Obama/image_20241107_180354_19.jpg",
        "conversations": [
            {
                "from": "human",
                "value": "<image>\nWhen and where was this person born?"
            },
            {
                "from": "gpt",
                "value": "Barack Obama was born on August 4, 1961, in Honolulu, Hawaii, USA."
            }
        ]
    },
    {
        "id": "66",
        "image": "downloaded_images/Personage/Barack_Obama/image_20241107_180113_3.jpg",
        "conversations": [
            {
                "from": "human",
                "value": "<image>\nWhat is this person's profession?"
            },
            {
                "from": "gpt",
                "value": "Barack Obama is a politician, attorney, and author. He served as the 44th President of the United States from 2009 to 2017."
            }
        ]
    },
    {
        "id": "67",
        "image": "downloaded_images/Personage/Barack_Obama/image_20241018_220242_2.jpg",
        "conversations": [
            {
                "from": "human",
                "value": "<image>\nWhat is this person's profession?"
            },
            {
                "from": "gpt",
                "value": "Barack Obama is a politician, attorney, and author. He served as the 44th President of the United States from 2009 to 2017."
            }
        ]
    },
    {
        "id": "68",
        "image": "downloaded_images/Personage/Barack_Obama/image_20241107_180055_1.jpg",
        "conversations": [
            {
                "from": "human",
                "value": "<image>\nWhat is this person's profession?"
            },
            {
                "from": "gpt",
                "value": "Barack Obama is a politician, attorney, and author. He served as the 44th President of the United States from 2009 to 2017."
            }
        ]
    },
    {
        "id": "69",
        "image": "downloaded_images/Personage/Barack_Obama/image_20241107_180328_16.jpg",
        "conversations": [
            {
                "from": "human",
                "value": "<image>\nWhat is this person's profession?"
            },
            {
                "from": "gpt",
                "value": "Barack Obama is a politician, attorney, and author. He served as the 44th President of the United States from 2009 to 2017."
            }
        ]
    },
    {
        "id": "70",
        "image": "downloaded_images/Personage/Barack_Obama/image_20241107_180402_20.jpg",
        "conversations": [
            {
                "from": "human",
                "value": "<image>\nWhat is this person's profession?"
            },
            {
                "from": "gpt",
                "value": "Barack Obama is a politician, attorney, and author. He served as the 44th President of the United States from 2009 to 2017."
            }
        ]
    },
    {
        "id": "71",
        "image": "downloaded_images/Personage/Barack_Obama/image_20241107_180241_13.jpg",
        "conversations": [
            {
                "from": "human",
                "value": "<image>\nWhat are the famous works or achievements of this person?"
            },
            {
                "from": "gpt",
                "value": "Some of Barack Obama's notable achievements include:\n   - Being the first African American president of the United States.\n   - The passage of the Affordable Care Act (ACA), also known as \"Obamacare,\" which aimed to expand healthcare coverage.\n   - Winning the Nobel Peace Prize in 2009 for his efforts to strengthen international diplomacy and cooperation between peoples.\n   - His administration's focus on climate change, including the signing of the Paris Agreement in 2016.\n   - Authoring several books, including \"Dreams from My Father\" and \"A Promised Land.\""
            }
        ]
    },
    {
        "id": "72",
        "image": "downloaded_images/Personage/Barack_Obama/image_20241018_220636_23.jpg",
        "conversations": [
            {
                "from": "human",
                "value": "<image>\nWhat are the famous works or achievements of this person?"
            },
            {
                "from": "gpt",
                "value": "Some of Barack Obama's notable achievements include:\n   - Being the first African American president of the United States.\n   - The passage of the Affordable Care Act (ACA), also known as \"Obamacare,\" which aimed to expand healthcare coverage.\n   - Winning the Nobel Peace Prize in 2009 for his efforts to strengthen international diplomacy and cooperation between peoples.\n   - His administration's focus on climate change, including the signing of the Paris Agreement in 2016.\n   - Authoring several books, including \"Dreams from My Father\" and \"A Promised Land.\""
            }
        ]
    },
    {
        "id": "73",
        "image": "downloaded_images/Personage/Barack_Obama/image_20241107_180232_12.jpg",
        "conversations": [
            {
                "from": "human",
                "value": "<image>\nWhat are the famous works or achievements of this person?"
            },
            {
                "from": "gpt",
                "value": "Some of Barack Obama's notable achievements include:\n   - Being the first African American president of the United States.\n   - The passage of the Affordable Care Act (ACA), also known as \"Obamacare,\" which aimed to expand healthcare coverage.\n   - Winning the Nobel Peace Prize in 2009 for his efforts to strengthen international diplomacy and cooperation between peoples.\n   - His administration's focus on climate change, including the signing of the Paris Agreement in 2016.\n   - Authoring several books, including \"Dreams from My Father\" and \"A Promised Land.\""
            }
        ]
    },
    {
        "id": "74",
        "image": "downloaded_images/Personage/Barack_Obama/image_20241107_180055_1.jpg",
        "conversations": [
            {
                "from": "human",
                "value": "<image>\nWhat are the famous works or achievements of this person?"
            },
            {
                "from": "gpt",
                "value": "Some of Barack Obama's notable achievements include:\n   - Being the first African American president of the United States.\n   - The passage of the Affordable Care Act (ACA), also known as \"Obamacare,\" which aimed to expand healthcare coverage.\n   - Winning the Nobel Peace Prize in 2009 for his efforts to strengthen international diplomacy and cooperation between peoples.\n   - His administration's focus on climate change, including the signing of the Paris Agreement in 2016.\n   - Authoring several books, including \"Dreams from My Father\" and \"A Promised Land.\""
            }
        ]
    },
    {
        "id": "75",
        "image": "downloaded_images/Personage/Barack_Obama/image_20241018_220252_3.jpg",
        "conversations": [
            {
                "from": "human",
                "value": "<image>\nWhat are the famous works or achievements of this person?"
            },
            {
                "from": "gpt",
                "value": "Some of Barack Obama's notable achievements include:\n   - Being the first African American president of the United States.\n   - The passage of the Affordable Care Act (ACA), also known as \"Obamacare,\" which aimed to expand healthcare coverage.\n   - Winning the Nobel Peace Prize in 2009 for his efforts to strengthen international diplomacy and cooperation between peoples.\n   - His administration's focus on climate change, including the signing of the Paris Agreement in 2016.\n   - Authoring several books, including \"Dreams from My Father\" and \"A Promised Land.\""
            }
        ]
    },
    {
        "id": "76",
        "image": "downloaded_images/Personage/Barack_Obama/image_20241107_180130_5.jpg",
        "conversations": [
            {
                "from": "human",
                "value": "<image>\nWhat contributions has this person made to society or industry?"
            },
            {
                "from": "gpt",
                "value": "Barack Obama has made significant contributions to society through his advocacy for healthcare reform, education, and social justice. His presidency emphasized inclusivity and diversity, and he worked to improve relations with various countries. After leaving office, he has continued to engage in public speaking, writing, and community organizing, focusing on issues such as climate change, democracy, and civic engagement through initiatives like the Obama Foundation."
            }
        ]
    },
    {
        "id": "77",
        "image": "downloaded_images/Personage/Barack_Obama/image_20241107_180232_12.jpg",
        "conversations": [
            {
                "from": "human",
                "value": "<image>\nWhat contributions has this person made to society or industry?"
            },
            {
                "from": "gpt",
                "value": "Barack Obama has made significant contributions to society through his advocacy for healthcare reform, education, and social justice. His presidency emphasized inclusivity and diversity, and he worked to improve relations with various countries. After leaving office, he has continued to engage in public speaking, writing, and community organizing, focusing on issues such as climate change, democracy, and civic engagement through initiatives like the Obama Foundation."
            }
        ]
    },
    {
        "id": "78",
        "image": "downloaded_images/Personage/Barack_Obama/image_20241107_180454_26.jpg",
        "conversations": [
            {
                "from": "human",
                "value": "<image>\nWhat contributions has this person made to society or industry?"
            },
            {
                "from": "gpt",
                "value": "Barack Obama has made significant contributions to society through his advocacy for healthcare reform, education, and social justice. His presidency emphasized inclusivity and diversity, and he worked to improve relations with various countries. After leaving office, he has continued to engage in public speaking, writing, and community organizing, focusing on issues such as climate change, democracy, and civic engagement through initiatives like the Obama Foundation."
            }
        ]
    },
    {
        "id": "79",
        "image": "downloaded_images/Personage/Barack_Obama/image_20241018_220300_4.jpg",
        "conversations": [
            {
                "from": "human",
                "value": "<image>\nWhat contributions has this person made to society or industry?"
            },
            {
                "from": "gpt",
                "value": "Barack Obama has made significant contributions to society through his advocacy for healthcare reform, education, and social justice. His presidency emphasized inclusivity and diversity, and he worked to improve relations with various countries. After leaving office, he has continued to engage in public speaking, writing, and community organizing, focusing on issues such as climate change, democracy, and civic engagement through initiatives like the Obama Foundation."
            }
        ]
    },
    {
        "id": "80",
        "image": "downloaded_images/Personage/Barack_Obama/image_20241107_180529_30.jpg",
        "conversations": [
            {
                "from": "human",
                "value": "<image>\nWhat contributions has this person made to society or industry?"
            },
            {
                "from": "gpt",
                "value": "Barack Obama has made significant contributions to society through his advocacy for healthcare reform, education, and social justice. His presidency emphasized inclusivity and diversity, and he worked to improve relations with various countries. After leaving office, he has continued to engage in public speaking, writing, and community organizing, focusing on issues such as climate change, democracy, and civic engagement through initiatives like the Obama Foundation."
            }
        ]
    }
]