[
    {
        "id": "53",
        "image": "downloaded_images/Animals/Bear/image_20241017_173534_3.jpg",
        "conversations": [
            {
                "from": "human",
                "value": "<image>\nWhat is the common name of this animal?"
            },
            {
                "from": "gpt",
                "value": "Bear"
            }
        ]
    },
    {
        "id": "54",
        "image": "downloaded_images/Animals/Bear/image_20241017_173618_8.jpg",
        "conversations": [
            {
                "from": "human",
                "value": "<image>\nWhat family or order does it belong to?"
            },
            {
                "from": "gpt",
                "value": "Bears belong to the family Ursidae and the order Carnivora."
            }
        ]
    },
    {
        "id": "55",
        "image": "downloaded_images/Animals/Bear/image_20241017_173534_3.jpg",
        "conversations": [
            {
                "from": "human",
                "value": "<image>\nWhat does this animal eat (herbivore, carnivore, omnivore)?"
            },
            {
                "from": "gpt",
                "value": "Bears are generally omnivores, meaning they eat a varied diet that includes both plant and animal matter."
            }
        ]
    },
    {
        "id": "56",
        "image": "downloaded_images/Animals/Bear/image_20241017_173701_13.jpg",
        "conversations": [
            {
                "from": "human",
                "value": "<image>\nIs it native to a specific region or found globally?"
            },
            {
                "from": "gpt",
                "value": "Bears are found in various regions around the world, including North America, South America, Europe, and Asia. Different species of bears inhabit different areas, but they are not found globally in every region."
            }
        ]
    },
    {
        "id": "57",
        "image": "downloaded_images/Animals/Bear/image_20241106_101511_21.jpg",
        "conversations": [
            {
                "from": "human",
                "value": "<image>\nWhat is the common name of this animal?"
            },
            {
                "from": "gpt",
                "value": "Bear"
            }
        ]
    },
    {
        "id": "58",
        "image": "downloaded_images/Animals/Bear/image_20241106_101358_13.jpg",
        "conversations": [
            {
                "from": "human",
                "value": "<image>\nWhat is the common name of this animal?"
            },
            {
                "from": "gpt",
                "value": "Bear"
            }
        ]
    },
    {
        "id": "59",
        "image": "downloaded_images/Animals/Bear/image_20241106_101339_11.jpg",
        "conversations": [
            {
                "from": "human",
                "value": "<image>\nWhat is the common name of this animal?"
            },
            {
                "from": "gpt",
                "value": "Bear"
            }
        ]
    },
    {
        "id": "60",
        "image": "downloaded_images/Animals/Bear/image_20241106_101224_4.jpg",
        "conversations": [
            {
                "from": "human",
                "value": "<image>\nWhat is the common name of this animal?"
            },
            {
                "from": "gpt",
                "value": "Bear"
            }
        ]
    },
    {
        "id": "61",
        "image": "downloaded_images/Animals/Bear/image_20241017_173542_4.jpg",
        "conversations": [
            {
                "from": "human",
                "value": "<image>\nWhat is the common name of this animal?"
            },
            {
                "from": "gpt",
                "value": "Bear"
            }
        ]
    },
    {
        "id": "62",
        "image": "downloaded_images/Animals/Bear/image_20241106_101554_26.jpg",
        "conversations": [
            {
                "from": "human",
                "value": "<image>\nWhat family or order does it belong to?"
            },
            {
                "from": "gpt",
                "value": "Bears belong to the family Ursidae and the order Carnivora."
            }
        ]
    },
    {
        "id": "63",
        "image": "downloaded_images/Animals/Bear/image_20241106_101511_21.jpg",
        "conversations": [
            {
                "from": "human",
                "value": "<image>\nWhat family or order does it belong to?"
            },
            {
                "from": "gpt",
                "value": "Bears belong to the family Ursidae and the order Carnivora."
            }
        ]
    },
    {
        "id": "64",
        "image": "downloaded_images/Animals/Bear/image_20241017_173542_4.jpg",
        "conversations": [
            {
                "from": "human",
                "value": "<image>\nWhat family or order does it belong to?"
            },
            {
                "from": "gpt",
                "value": "Bears belong to the family Ursidae and the order Carnivora."
            }
        ]
    },
    {
        "id": "65",
        "image": "downloaded_images/Animals/Bear/image_20241106_101224_4.jpg",
        "conversations": [
            {
                "from": "human",
                "value": "<image>\nWhat family or order does it belong to?"
            },
            {
                "from": "gpt",
                "value": "Bears belong to the family Ursidae and the order Carnivora."
            }
        ]
    },
    {
        "id": "66",
        "image": "downloaded_images/Animals/Bear/image_20241017_173525_2.jpg",
        "conversations": [
            {
                "from": "human",
                "value": "<image>\nWhat family or order does it belong to?"
            },
            {
                "from": "gpt",
                "value": "Bears belong to the family Ursidae and the order Carnivora."
            }
        ]
    },
    {
        "id": "67",
        "image": "downloaded_images/Animals/Bear/image_20241017_173742_18.jpg",
        "conversations": [
            {
                "from": "human",
                "value": "<image>\nWhat does this animal eat (herbivore, carnivore, omnivore)?"
            },
            {
                "from": "gpt",
                "value": "Bears are generally omnivores, meaning they eat a varied diet that includes both plant and animal matter."
            }
        ]
    },
    {
        "id": "68",
        "image": "downloaded_images/Animals/Bear/image_20241017_173635_10.jpg",
        "conversations": [
            {
                "from": "human",
                "value": "<image>\nWhat does this animal eat (herbivore, carnivore, omnivore)?"
            },
            {
                "from": "gpt",
                "value": "Bears are generally omnivores, meaning they eat a varied diet that includes both plant and animal matter."
            }
        ]
    },
    {
        "id": "69",
        "image": "downloaded_images/Animals/Bear/image_20241017_173726_16.jpg",
        "conversations": [
            {
                "from": "human",
                "value": "<image>\nWhat does this animal eat (herbivore, carnivore, omnivore)?"
            },
            {
                "from": "gpt",
                "value": "Bears are generally omnivores, meaning they eat a varied diet that includes both plant and animal matter."
            }
        ]
    },
    {
        "id": "70",
        "image": "downloaded_images/Animals/Bear/image_20241106_101206_2.jpg",
        "conversations": [
            {
                "from": "human",
                "value": "<image>\nWhat does this animal eat (herbivore, carnivore, omnivore)?"
            },
            {
                "from": "gpt",
                "value": "Bears are generally omnivores, meaning they eat a varied diet that includes both plant and animal matter."
            }
        ]
    },
    {
        "id": "71",
        "image": "downloaded_images/Animals/Bear/image_20241106_101339_11.jpg",
        "conversations": [
            {
                "from": "human",
                "value": "<image>\nWhat does this animal eat (herbivore, carnivore, omnivore)?"
            },
            {
                "from": "gpt",
                "value": "Bears are generally omnivores, meaning they eat a varied diet that includes both plant and animal matter."
            }
        ]
    },
    {
        "id": "72",
        "image": "downloaded_images/Animals/Bear/image_20241017_173550_5.jpg",
        "conversations": [
            {
                "from": "human",
                "value": "<image>\nIs it native to a specific region or found globally?"
            },
            {
                "from": "gpt",
                "value": "Bears are found in various regions around the world, including North America, South America, Europe, and Asia. Different species of bears inhabit different areas, but they are not found globally in every region."
            }
        ]
    },
    {
        "id": "73",
        "image": "downloaded_images/Animals/Bear/image_20241017_173610_7.jpg",
        "conversations": [
            {
                "from": "human",
                "value": "<image>\nIs it native to a specific region or found globally?"
            },
            {
                "from": "gpt",
                "value": "Bears are found in various regions around the world, including North America, South America, Europe, and Asia. Different species of bears inhabit different areas, but they are not found globally in every region."
            }
        ]
    },
    {
        "id": "74",
        "image": "downloaded_images/Animals/Bear/image_20241106_101224_4.jpg",
        "conversations": [
            {
                "from": "human",
                "value": "<image>\nIs it native to a specific region or found globally?"
            },
            {
                "from": "gpt",
                "value": "Bears are found in various regions around the world, including North America, South America, Europe, and Asia. Different species of bears inhabit different areas, but they are not found globally in every region."
            }
        ]
    },
    {
        "id": "75",
        "image": "downloaded_images/Animals/Bear/image_20241017_173514_1.jpg",
        "conversations": [
            {
                "from": "human",
                "value": "<image>\nIs it native to a specific region or found globally?"
            },
            {
                "from": "gpt",
                "value": "Bears are found in various regions around the world, including North America, South America, Europe, and Asia. Different species of bears inhabit different areas, but they are not found globally in every region."
            }
        ]
    },
    {
        "id": "76",
        "image": "downloaded_images/Animals/Bear/image_20241106_101520_22.jpg",
        "conversations": [
            {
                "from": "human",
                "value": "<image>\nIs it native to a specific region or found globally?"
            },
            {
                "from": "gpt",
                "value": "Bears are found in various regions around the world, including North America, South America, Europe, and Asia. Different species of bears inhabit different areas, but they are not found globally in every region."
            }
        ]
    }
]