[
    {
        "id": "31",
        "image": "downloaded_images/Personage/Bill_Gates/image_20241018_151154_21.jpg",
        "conversations": [
            {
                "from": "human",
                "value": "<image>\nWhat is this person's name?"
            },
            {
                "from": "gpt",
                "value": "Bill Gates"
            }
        ]
    },
    {
        "id": "32",
        "image": "downloaded_images/Personage/Bill_Gates/image_20241018_150842_1.jpg",
        "conversations": [
            {
                "from": "human",
                "value": "<image>\nWhen and where was this person born?"
            },
            {
                "from": "gpt",
                "value": "Bill Gates was born on October 28, 1955, in Seattle, Washington, USA."
            }
        ]
    },
    {
        "id": "33",
        "image": "downloaded_images/Personage/Bill_Gates/image_20241018_150842_1.jpg",
        "conversations": [
            {
                "from": "human",
                "value": "<image>\nWhat is this person's profession?"
            },
            {
                "from": "gpt",
                "value": "Bill Gates is a business magnate, software developer, philanthropist, and author."
            }
        ]
    },
    {
        "id": "34",
        "image": "downloaded_images/Personage/Bill_Gates/image_20241016_153243_3.jpg",
        "conversations": [
            {
                "from": "human",
                "value": "<image>\nWhat are the famous works or achievements of this person?"
            },
            {
                "from": "gpt",
                "value": "Bill Gates is best known as the co-founder of Microsoft Corporation, which revolutionized personal computing with its software products, particularly the Windows operating system and Microsoft Office suite. He has also authored several books, including \"The Road Ahead\" and \"Business @ the Speed of Thought.\""
            }
        ]
    },
    {
        "id": "35",
        "image": "downloaded_images/Personage/Bill_Gates/image_20241016_153243_3.jpg",
        "conversations": [
            {
                "from": "human",
                "value": "<image>\nWhat contributions has this person made to society or industry?"
            },
            {
                "from": "gpt",
                "value": "Bill Gates has made significant contributions to the technology industry through the development of software that has become integral to personal and business computing. Beyond his work in technology, he is a prominent philanthropist, having established the Bill & Melinda Gates Foundation, which focuses on global health, education, and poverty alleviation. His efforts have led to advancements in vaccine development, disease eradication, and educational initiatives, impacting millions of lives worldwide."
            }
        ]
    },
    {
        "id": "36",
        "image": "downloaded_images/Personage/Bill_Gates/image_20241107_124106_5.jpg",
        "conversations": [
            {
                "from": "human",
                "value": "<image>\nWhat is this person's name?"
            },
            {
                "from": "gpt",
                "value": "Bill Gates"
            }
        ]
    },
    {
        "id": "37",
        "image": "downloaded_images/Personage/Bill_Gates/image_20241016_150537_8.jpg",
        "conversations": [
            {
                "from": "human",
                "value": "<image>\nWhat is this person's name?"
            },
            {
                "from": "gpt",
                "value": "Bill Gates"
            }
        ]
    },
    {
        "id": "38",
        "image": "downloaded_images/Personage/Bill_Gates/image_20241018_151134_19.jpg",
        "conversations": [
            {
                "from": "human",
                "value": "<image>\nWhat is this person's name?"
            },
            {
                "from": "gpt",
                "value": "Bill Gates"
            }
        ]
    },
    {
        "id": "39",
        "image": "downloaded_images/Personage/Bill_Gates/image_20241016_150606_11.jpg",
        "conversations": [
            {
                "from": "human",
                "value": "<image>\nWhat is this person's name?"
            },
            {
                "from": "gpt",
                "value": "Bill Gates"
            }
        ]
    },
    {
        "id": "40",
        "image": "downloaded_images/Personage/Bill_Gates/image_20241016_153243_3.jpg",
        "conversations": [
            {
                "from": "human",
                "value": "<image>\nWhat is this person's name?"
            },
            {
                "from": "gpt",
                "value": "Bill Gates"
            }
        ]
    },
    {
        "id": "41",
        "image": "downloaded_images/Personage/Bill_Gates/image_20241016_150555_10.jpg",
        "conversations": [
            {
                "from": "human",
                "value": "<image>\nWhen and where was this person born?"
            },
            {
                "from": "gpt",
                "value": "Bill Gates was born on October 28, 1955, in Seattle, Washington, USA."
            }
        ]
    },
    {
        "id": "42",
        "image": "downloaded_images/Personage/Bill_Gates/image_20241018_151134_19.jpg",
        "conversations": [
            {
                "from": "human",
                "value": "<image>\nWhen and where was this person born?"
            },
            {
                "from": "gpt",
                "value": "Bill Gates was born on October 28, 1955, in Seattle, Washington, USA."
            }
        ]
    },
    {
        "id": "43",
        "image": "downloaded_images/Personage/Bill_Gates/image_20241107_124424_26.jpg",
        "conversations": [
            {
                "from": "human",
                "value": "<image>\nWhen and where was this person born?"
            },
            {
                "from": "gpt",
                "value": "Bill Gates was born on October 28, 1955, in Seattle, Washington, USA."
            }
        ]
    },
    {
        "id": "44",
        "image": "downloaded_images/Personage/Bill_Gates/image_20241107_124238_13.jpg",
        "conversations": [
            {
                "from": "human",
                "value": "<image>\nWhen and where was this person born?"
            },
            {
                "from": "gpt",
                "value": "Bill Gates was born on October 28, 1955, in Seattle, Washington, USA."
            }
        ]
    },
    {
        "id": "45",
        "image": "downloaded_images/Personage/Bill_Gates/image_20241107_124049_3.jpg",
        "conversations": [
            {
                "from": "human",
                "value": "<image>\nWhen and where was this person born?"
            },
            {
                "from": "gpt",
                "value": "Bill Gates was born on October 28, 1955, in Seattle, Washington, USA."
            }
        ]
    },
    {
        "id": "46",
        "image": "downloaded_images/Personage/Bill_Gates/image_20241018_151203_22.jpg",
        "conversations": [
            {
                "from": "human",
                "value": "<image>\nWhat is this person's profession?"
            },
            {
                "from": "gpt",
                "value": "Bill Gates is a business magnate, software developer, philanthropist, and author."
            }
        ]
    },
    {
        "id": "47",
        "image": "downloaded_images/Personage/Bill_Gates/image_20241107_124032_1.jpg",
        "conversations": [
            {
                "from": "human",
                "value": "<image>\nWhat is this person's profession?"
            },
            {
                "from": "gpt",
                "value": "Bill Gates is a business magnate, software developer, philanthropist, and author."
            }
        ]
    },
    {
        "id": "48",
        "image": "downloaded_images/Personage/Bill_Gates/image_20241016_150606_11.jpg",
        "conversations": [
            {
                "from": "human",
                "value": "<image>\nWhat is this person's profession?"
            },
            {
                "from": "gpt",
                "value": "Bill Gates is a business magnate, software developer, philanthropist, and author."
            }
        ]
    },
    {
        "id": "49",
        "image": "downloaded_images/Personage/Bill_Gates/image_20241107_124351_22.jpg",
        "conversations": [
            {
                "from": "human",
                "value": "<image>\nWhat is this person's profession?"
            },
            {
                "from": "gpt",
                "value": "Bill Gates is a business magnate, software developer, philanthropist, and author."
            }
        ]
    },
    {
        "id": "50",
        "image": "downloaded_images/Personage/Bill_Gates/image_20241107_124408_24.jpg",
        "conversations": [
            {
                "from": "human",
                "value": "<image>\nWhat is this person's profession?"
            },
            {
                "from": "gpt",
                "value": "Bill Gates is a business magnate, software developer, philanthropist, and author."
            }
        ]
    },
    {
        "id": "51",
        "image": "downloaded_images/Personage/Bill_Gates/image_20241016_153251_4.jpg",
        "conversations": [
            {
                "from": "human",
                "value": "<image>\nWhat are the famous works or achievements of this person?"
            },
            {
                "from": "gpt",
                "value": "Bill Gates is best known as the co-founder of Microsoft Corporation, which revolutionized personal computing with its software products, particularly the Windows operating system and Microsoft Office suite. He has also authored several books, including \"The Road Ahead\" and \"Business @ the Speed of Thought.\""
            }
        ]
    },
    {
        "id": "52",
        "image": "downloaded_images/Personage/Bill_Gates/image_20241018_151203_22.jpg",
        "conversations": [
            {
                "from": "human",
                "value": "<image>\nWhat are the famous works or achievements of this person?"
            },
            {
                "from": "gpt",
                "value": "Bill Gates is best known as the co-founder of Microsoft Corporation, which revolutionized personal computing with its software products, particularly the Windows operating system and Microsoft Office suite. He has also authored several books, including \"The Road Ahead\" and \"Business @ the Speed of Thought.\""
            }
        ]
    },
    {
        "id": "53",
        "image": "downloaded_images/Personage/Bill_Gates/image_20241018_151145_20.jpg",
        "conversations": [
            {
                "from": "human",
                "value": "<image>\nWhat are the famous works or achievements of this person?"
            },
            {
                "from": "gpt",
                "value": "Bill Gates is best known as the co-founder of Microsoft Corporation, which revolutionized personal computing with its software products, particularly the Windows operating system and Microsoft Office suite. He has also authored several books, including \"The Road Ahead\" and \"Business @ the Speed of Thought.\""
            }
        ]
    },
    {
        "id": "54",
        "image": "downloaded_images/Personage/Bill_Gates/image_20241107_124310_17.jpg",
        "conversations": [
            {
                "from": "human",
                "value": "<image>\nWhat are the famous works or achievements of this person?"
            },
            {
                "from": "gpt",
                "value": "Bill Gates is best known as the co-founder of Microsoft Corporation, which revolutionized personal computing with its software products, particularly the Windows operating system and Microsoft Office suite. He has also authored several books, including \"The Road Ahead\" and \"Business @ the Speed of Thought.\""
            }
        ]
    },
    {
        "id": "55",
        "image": "downloaded_images/Personage/Bill_Gates/image_20241018_150925_6.jpg",
        "conversations": [
            {
                "from": "human",
                "value": "<image>\nWhat are the famous works or achievements of this person?"
            },
            {
                "from": "gpt",
                "value": "Bill Gates is best known as the co-founder of Microsoft Corporation, which revolutionized personal computing with its software products, particularly the Windows operating system and Microsoft Office suite. He has also authored several books, including \"The Road Ahead\" and \"Business @ the Speed of Thought.\""
            }
        ]
    },
    {
        "id": "56",
        "image": "downloaded_images/Personage/Bill_Gates/image_20241018_151230_25.jpg",
        "conversations": [
            {
                "from": "human",
                "value": "<image>\nWhat contributions has this person made to society or industry?"
            },
            {
                "from": "gpt",
                "value": "Bill Gates has made significant contributions to the technology industry through the development of software that has become integral to personal and business computing. Beyond his work in technology, he is a prominent philanthropist, having established the Bill & Melinda Gates Foundation, which focuses on global health, education, and poverty alleviation. His efforts have led to advancements in vaccine development, disease eradication, and educational initiatives, impacting millions of lives worldwide."
            }
        ]
    },
    {
        "id": "57",
        "image": "downloaded_images/Personage/Bill_Gates/image_20241107_124343_21.jpg",
        "conversations": [
            {
                "from": "human",
                "value": "<image>\nWhat contributions has this person made to society or industry?"
            },
            {
                "from": "gpt",
                "value": "Bill Gates has made significant contributions to the technology industry through the development of software that has become integral to personal and business computing. Beyond his work in technology, he is a prominent philanthropist, having established the Bill & Melinda Gates Foundation, which focuses on global health, education, and poverty alleviation. His efforts have led to advancements in vaccine development, disease eradication, and educational initiatives, impacting millions of lives worldwide."
            }
        ]
    },
    {
        "id": "58",
        "image": "downloaded_images/Personage/Bill_Gates/image_20241018_151016_12.jpg",
        "conversations": [
            {
                "from": "human",
                "value": "<image>\nWhat contributions has this person made to society or industry?"
            },
            {
                "from": "gpt",
                "value": "Bill Gates has made significant contributions to the technology industry through the development of software that has become integral to personal and business computing. Beyond his work in technology, he is a prominent philanthropist, having established the Bill & Melinda Gates Foundation, which focuses on global health, education, and poverty alleviation. His efforts have led to advancements in vaccine development, disease eradication, and educational initiatives, impacting millions of lives worldwide."
            }
        ]
    },
    {
        "id": "59",
        "image": "downloaded_images/Personage/Bill_Gates/image_20241018_151154_21.jpg",
        "conversations": [
            {
                "from": "human",
                "value": "<image>\nWhat contributions has this person made to society or industry?"
            },
            {
                "from": "gpt",
                "value": "Bill Gates has made significant contributions to the technology industry through the development of software that has become integral to personal and business computing. Beyond his work in technology, he is a prominent philanthropist, having established the Bill & Melinda Gates Foundation, which focuses on global health, education, and poverty alleviation. His efforts have led to advancements in vaccine development, disease eradication, and educational initiatives, impacting millions of lives worldwide."
            }
        ]
    },
    {
        "id": "60",
        "image": "downloaded_images/Personage/Bill_Gates/image_20241107_124115_6.jpg",
        "conversations": [
            {
                "from": "human",
                "value": "<image>\nWhat contributions has this person made to society or industry?"
            },
            {
                "from": "gpt",
                "value": "Bill Gates has made significant contributions to the technology industry through the development of software that has become integral to personal and business computing. Beyond his work in technology, he is a prominent philanthropist, having established the Bill & Melinda Gates Foundation, which focuses on global health, education, and poverty alleviation. His efforts have led to advancements in vaccine development, disease eradication, and educational initiatives, impacting millions of lives worldwide."
            }
        ]
    }
]