[
    {
        "id": "6",
        "image": "downloaded_images/TV series/Black_Mirror/image_20241018_190348_4.jpg",
        "conversations": [
            {
                "from": "human",
                "value": "<image>\nWhat is the title of this TV series?"
            },
            {
                "from": "gpt",
                "value": "The title of the TV series is \"Black Mirror.\""
            }
        ]
    },
    {
        "id": "7",
        "image": "downloaded_images/TV series/Black_Mirror/image_20241018_190348_4.jpg",
        "conversations": [
            {
                "from": "human",
                "value": "<image>\nWho created or produced this TV series?"
            },
            {
                "from": "gpt",
                "value": "\"Black Mirror\" was created by Charlie Brooker."
            }
        ]
    },
    {
        "id": "8",
        "image": "downloaded_images/TV series/Black_Mirror/image_20241018_190328_2.jpg",
        "conversations": [
            {
                "from": "human",
                "value": "<image>\nWhen did this TV series first premiere?"
            },
            {
                "from": "gpt",
                "value": "The series first premiered on December 4, 2011."
            }
        ]
    },
    {
        "id": "9",
        "image": "downloaded_images/TV series/Black_Mirror/image_20241018_190328_2.jpg",
        "conversations": [
            {
                "from": "human",
                "value": "<image>\nWho are the main actors and actresses in this TV series?"
            },
            {
                "from": "gpt",
                "value": "\"Black Mirror\" features a rotating cast, but some notable actors include Daniel Kaluuya, Bryce Dallas Howard, Jon Hamm, and Andrew Scott, among others."
            }
        ]
    },
    {
        "id": "10",
        "image": "downloaded_images/TV series/Black_Mirror/image_20241107_201818_3.jpg",
        "conversations": [
            {
                "from": "human",
                "value": "<image>\nWhat is the central storyline or premise of this TV series?"
            },
            {
                "from": "gpt",
                "value": "\"Black Mirror\" is an anthology series that explores the dark and often dystopian aspects of modern society and technology. Each episode presents a standalone story that examines the potential consequences of technological advancements and human behavior, often highlighting themes of isolation, identity, and the impact of digital culture on our lives."
            }
        ]
    },
    {
        "id": "11",
        "image": "downloaded_images/TV series/Black_Mirror/image_20241107_201818_3.jpg",
        "conversations": [
            {
                "from": "human",
                "value": "<image>\nWhat is the title of this TV series?"
            },
            {
                "from": "gpt",
                "value": "The title of the TV series is \"Black Mirror.\""
            }
        ]
    },
    {
        "id": "12",
        "image": "downloaded_images/TV series/Black_Mirror/image_20241107_201838_5.jpg",
        "conversations": [
            {
                "from": "human",
                "value": "<image>\nWhat is the title of this TV series?"
            },
            {
                "from": "gpt",
                "value": "The title of the TV series is \"Black Mirror.\""
            }
        ]
    },
    {
        "id": "13",
        "image": "downloaded_images/TV series/Black_Mirror/image_20241018_190527_16.jpg",
        "conversations": [
            {
                "from": "human",
                "value": "<image>\nWhat is the title of this TV series?"
            },
            {
                "from": "gpt",
                "value": "The title of the TV series is \"Black Mirror.\""
            }
        ]
    },
    {
        "id": "14",
        "image": "downloaded_images/TV series/Black_Mirror/image_20241107_201954_13.jpg",
        "conversations": [
            {
                "from": "human",
                "value": "<image>\nWhat is the title of this TV series?"
            },
            {
                "from": "gpt",
                "value": "The title of the TV series is \"Black Mirror.\""
            }
        ]
    },
    {
        "id": "15",
        "image": "downloaded_images/TV series/Black_Mirror/image_20241107_201937_11.jpg",
        "conversations": [
            {
                "from": "human",
                "value": "<image>\nWhat is the title of this TV series?"
            },
            {
                "from": "gpt",
                "value": "The title of the TV series is \"Black Mirror.\""
            }
        ]
    },
    {
        "id": "16",
        "image": "downloaded_images/TV series/Black_Mirror/image_20241107_201917_9.jpg",
        "conversations": [
            {
                "from": "human",
                "value": "<image>\nWho created or produced this TV series?"
            },
            {
                "from": "gpt",
                "value": "\"Black Mirror\" was created by Charlie Brooker."
            }
        ]
    },
    {
        "id": "17",
        "image": "downloaded_images/TV series/Black_Mirror/image_20241107_201838_5.jpg",
        "conversations": [
            {
                "from": "human",
                "value": "<image>\nWho created or produced this TV series?"
            },
            {
                "from": "gpt",
                "value": "\"Black Mirror\" was created by Charlie Brooker."
            }
        ]
    },
    {
        "id": "18",
        "image": "downloaded_images/TV series/Black_Mirror/image_20241018_190328_2.jpg",
        "conversations": [
            {
                "from": "human",
                "value": "<image>\nWho created or produced this TV series?"
            },
            {
                "from": "gpt",
                "value": "\"Black Mirror\" was created by Charlie Brooker."
            }
        ]
    },
    {
        "id": "19",
        "image": "downloaded_images/TV series/Black_Mirror/image_20241107_201811_2.jpg",
        "conversations": [
            {
                "from": "human",
                "value": "<image>\nWho created or produced this TV series?"
            },
            {
                "from": "gpt",
                "value": "\"Black Mirror\" was created by Charlie Brooker."
            }
        ]
    },
    {
        "id": "20",
        "image": "downloaded_images/TV series/Black_Mirror/image_20241107_201858_7.jpg",
        "conversations": [
            {
                "from": "human",
                "value": "<image>\nWho created or produced this TV series?"
            },
            {
                "from": "gpt",
                "value": "\"Black Mirror\" was created by Charlie Brooker."
            }
        ]
    },
    {
        "id": "21",
        "image": "downloaded_images/TV series/Black_Mirror/image_20241107_202138_24.jpg",
        "conversations": [
            {
                "from": "human",
                "value": "<image>\nWhen did this TV series first premiere?"
            },
            {
                "from": "gpt",
                "value": "The series first premiered on December 4, 2011."
            }
        ]
    },
    {
        "id": "22",
        "image": "downloaded_images/TV series/Black_Mirror/image_20241107_201858_7.jpg",
        "conversations": [
            {
                "from": "human",
                "value": "<image>\nWhen did this TV series first premiere?"
            },
            {
                "from": "gpt",
                "value": "The series first premiered on December 4, 2011."
            }
        ]
    },
    {
        "id": "23",
        "image": "downloaded_images/TV series/Black_Mirror/image_20241107_202012_15.jpg",
        "conversations": [
            {
                "from": "human",
                "value": "<image>\nWhen did this TV series first premiere?"
            },
            {
                "from": "gpt",
                "value": "The series first premiered on December 4, 2011."
            }
        ]
    },
    {
        "id": "24",
        "image": "downloaded_images/TV series/Black_Mirror/image_20241107_202129_23.jpg",
        "conversations": [
            {
                "from": "human",
                "value": "<image>\nWhen did this TV series first premiere?"
            },
            {
                "from": "gpt",
                "value": "The series first premiered on December 4, 2011."
            }
        ]
    },
    {
        "id": "25",
        "image": "downloaded_images/TV series/Black_Mirror/image_20241018_190348_4.jpg",
        "conversations": [
            {
                "from": "human",
                "value": "<image>\nWhen did this TV series first premiere?"
            },
            {
                "from": "gpt",
                "value": "The series first premiered on December 4, 2011."
            }
        ]
    },
    {
        "id": "26",
        "image": "downloaded_images/TV series/Black_Mirror/image_20241107_201759_1.jpg",
        "conversations": [
            {
                "from": "human",
                "value": "<image>\nWho are the main actors and actresses in this TV series?"
            },
            {
                "from": "gpt",
                "value": "\"Black Mirror\" features a rotating cast, but some notable actors include Daniel Kaluuya, Bryce Dallas Howard, Jon Hamm, and Andrew Scott, among others."
            }
        ]
    },
    {
        "id": "27",
        "image": "downloaded_images/TV series/Black_Mirror/image_20241107_201811_2.jpg",
        "conversations": [
            {
                "from": "human",
                "value": "<image>\nWho are the main actors and actresses in this TV series?"
            },
            {
                "from": "gpt",
                "value": "\"Black Mirror\" features a rotating cast, but some notable actors include Daniel Kaluuya, Bryce Dallas Howard, Jon Hamm, and Andrew Scott, among others."
            }
        ]
    },
    {
        "id": "28",
        "image": "downloaded_images/TV series/Black_Mirror/image_20241018_190520_15.jpg",
        "conversations": [
            {
                "from": "human",
                "value": "<image>\nWho are the main actors and actresses in this TV series?"
            },
            {
                "from": "gpt",
                "value": "\"Black Mirror\" features a rotating cast, but some notable actors include Daniel Kaluuya, Bryce Dallas Howard, Jon Hamm, and Andrew Scott, among others."
            }
        ]
    },
    {
        "id": "29",
        "image": "downloaded_images/TV series/Black_Mirror/image_20241107_202226_29.jpg",
        "conversations": [
            {
                "from": "human",
                "value": "<image>\nWho are the main actors and actresses in this TV series?"
            },
            {
                "from": "gpt",
                "value": "\"Black Mirror\" features a rotating cast, but some notable actors include Daniel Kaluuya, Bryce Dallas Howard, Jon Hamm, and Andrew Scott, among others."
            }
        ]
    },
    {
        "id": "30",
        "image": "downloaded_images/TV series/Black_Mirror/image_20241018_190437_10.jpg",
        "conversations": [
            {
                "from": "human",
                "value": "<image>\nWho are the main actors and actresses in this TV series?"
            },
            {
                "from": "gpt",
                "value": "\"Black Mirror\" features a rotating cast, but some notable actors include Daniel Kaluuya, Bryce Dallas Howard, Jon Hamm, and Andrew Scott, among others."
            }
        ]
    },
    {
        "id": "31",
        "image": "downloaded_images/TV series/Black_Mirror/image_20241107_202217_28.jpg",
        "conversations": [
            {
                "from": "human",
                "value": "<image>\nWhat is the central storyline or premise of this TV series?"
            },
            {
                "from": "gpt",
                "value": "\"Black Mirror\" is an anthology series that explores the dark and often dystopian aspects of modern society and technology. Each episode presents a standalone story that examines the potential consequences of technological advancements and human behavior, often highlighting themes of isolation, identity, and the impact of digital culture on our lives."
            }
        ]
    },
    {
        "id": "32",
        "image": "downloaded_images/TV series/Black_Mirror/image_20241107_202032_17.jpg",
        "conversations": [
            {
                "from": "human",
                "value": "<image>\nWhat is the central storyline or premise of this TV series?"
            },
            {
                "from": "gpt",
                "value": "\"Black Mirror\" is an anthology series that explores the dark and often dystopian aspects of modern society and technology. Each episode presents a standalone story that examines the potential consequences of technological advancements and human behavior, often highlighting themes of isolation, identity, and the impact of digital culture on our lives."
            }
        ]
    },
    {
        "id": "33",
        "image": "downloaded_images/TV series/Black_Mirror/image_20241107_201858_7.jpg",
        "conversations": [
            {
                "from": "human",
                "value": "<image>\nWhat is the central storyline or premise of this TV series?"
            },
            {
                "from": "gpt",
                "value": "\"Black Mirror\" is an anthology series that explores the dark and often dystopian aspects of modern society and technology. Each episode presents a standalone story that examines the potential consequences of technological advancements and human behavior, often highlighting themes of isolation, identity, and the impact of digital culture on our lives."
            }
        ]
    },
    {
        "id": "34",
        "image": "downloaded_images/TV series/Black_Mirror/image_20241107_202158_26.jpg",
        "conversations": [
            {
                "from": "human",
                "value": "<image>\nWhat is the central storyline or premise of this TV series?"
            },
            {
                "from": "gpt",
                "value": "\"Black Mirror\" is an anthology series that explores the dark and often dystopian aspects of modern society and technology. Each episode presents a standalone story that examines the potential consequences of technological advancements and human behavior, often highlighting themes of isolation, identity, and the impact of digital culture on our lives."
            }
        ]
    },
    {
        "id": "35",
        "image": "downloaded_images/TV series/Black_Mirror/image_20241107_202012_15.jpg",
        "conversations": [
            {
                "from": "human",
                "value": "<image>\nWhat is the central storyline or premise of this TV series?"
            },
            {
                "from": "gpt",
                "value": "\"Black Mirror\" is an anthology series that explores the dark and often dystopian aspects of modern society and technology. Each episode presents a standalone story that examines the potential consequences of technological advancements and human behavior, often highlighting themes of isolation, identity, and the impact of digital culture on our lives."
            }
        ]
    }
]