[
    {
        "id": "54",
        "image": "downloaded_images/TV series/Breaking_Bad/image_20241018_142421_3.jpg",
        "conversations": [
            {
                "from": "human",
                "value": "<image>\nWhat is the title of this TV series?"
            },
            {
                "from": "gpt",
                "value": "The title of the TV series is \"Breaking Bad.\""
            }
        ]
    },
    {
        "id": "55",
        "image": "downloaded_images/TV series/Breaking_Bad/image_20241018_142547_12.jpg",
        "conversations": [
            {
                "from": "human",
                "value": "<image>\nWho created or produced this TV series?"
            },
            {
                "from": "gpt",
                "value": "\"Breaking Bad\" was created by Vince Gilligan."
            }
        ]
    },
    {
        "id": "56",
        "image": "downloaded_images/TV series/Breaking_Bad/image_20241018_142540_11.jpg",
        "conversations": [
            {
                "from": "human",
                "value": "<image>\nWho are the main actors and actresses in this TV series?"
            },
            {
                "from": "gpt",
                "value": "The main actors and actresses in \"Breaking Bad\" include Bryan Cranston as Walter White, Aaron Paul as Jesse Pinkman, Anna Gunn as Skyler White, Dean Norris as Hank Schrader, Betsy Brandt as Marie Schrader, and RJ Mitte as Walter White Jr."
            }
        ]
    },
    {
        "id": "57",
        "image": "downloaded_images/TV series/Breaking_Bad/image_20241107_213830_1.jpg",
        "conversations": [
            {
                "from": "human",
                "value": "<image>\nWhat is the central storyline or premise of this TV series?"
            },
            {
                "from": "gpt",
                "value": "The central storyline of \"Breaking Bad\" follows Walter White, a high school chemistry teacher who turns to cooking and selling methamphetamine after being diagnosed with terminal lung cancer. He partners with former student Jesse Pinkman to secure his family's financial future, leading them into the dangerous world of drug trafficking and crime. The series explores themes of morality, family, and the consequences of choices."
            }
        ]
    },
    {
        "id": "58",
        "image": "downloaded_images/TV series/Breaking_Bad/image_20241018_142619_16.jpg",
        "conversations": [
            {
                "from": "human",
                "value": "<image>\nWhat is the title of this TV series?"
            },
            {
                "from": "gpt",
                "value": "The title of the TV series is \"Breaking Bad.\""
            }
        ]
    },
    {
        "id": "59",
        "image": "downloaded_images/TV series/Breaking_Bad/image_20241107_214118_19.jpg",
        "conversations": [
            {
                "from": "human",
                "value": "<image>\nWhat is the title of this TV series?"
            },
            {
                "from": "gpt",
                "value": "The title of the TV series is \"Breaking Bad.\""
            }
        ]
    },
    {
        "id": "60",
        "image": "downloaded_images/TV series/Breaking_Bad/image_20241018_142729_24.jpg",
        "conversations": [
            {
                "from": "human",
                "value": "<image>\nWhat is the title of this TV series?"
            },
            {
                "from": "gpt",
                "value": "The title of the TV series is \"Breaking Bad.\""
            }
        ]
    },
    {
        "id": "61",
        "image": "downloaded_images/TV series/Breaking_Bad/image_20241107_214108_18.jpg",
        "conversations": [
            {
                "from": "human",
                "value": "<image>\nWhat is the title of this TV series?"
            },
            {
                "from": "gpt",
                "value": "The title of the TV series is \"Breaking Bad.\""
            }
        ]
    },
    {
        "id": "62",
        "image": "downloaded_images/TV series/Breaking_Bad/image_20241018_142523_9.jpg",
        "conversations": [
            {
                "from": "human",
                "value": "<image>\nWhat is the title of this TV series?"
            },
            {
                "from": "gpt",
                "value": "The title of the TV series is \"Breaking Bad.\""
            }
        ]
    },
    {
        "id": "63",
        "image": "downloaded_images/TV series/Breaking_Bad/image_20241018_142540_11.jpg",
        "conversations": [
            {
                "from": "human",
                "value": "<image>\nWho created or produced this TV series?"
            },
            {
                "from": "gpt",
                "value": "\"Breaking Bad\" was created by Vince Gilligan."
            }
        ]
    },
    {
        "id": "64",
        "image": "downloaded_images/TV series/Breaking_Bad/image_20241107_214026_13.jpg",
        "conversations": [
            {
                "from": "human",
                "value": "<image>\nWho created or produced this TV series?"
            },
            {
                "from": "gpt",
                "value": "\"Breaking Bad\" was created by Vince Gilligan."
            }
        ]
    },
    {
        "id": "65",
        "image": "downloaded_images/TV series/Breaking_Bad/image_20241018_142437_4.jpg",
        "conversations": [
            {
                "from": "human",
                "value": "<image>\nWho created or produced this TV series?"
            },
            {
                "from": "gpt",
                "value": "\"Breaking Bad\" was created by Vince Gilligan."
            }
        ]
    },
    {
        "id": "66",
        "image": "downloaded_images/TV series/Breaking_Bad/image_20241107_213945_9.jpg",
        "conversations": [
            {
                "from": "human",
                "value": "<image>\nWho created or produced this TV series?"
            },
            {
                "from": "gpt",
                "value": "\"Breaking Bad\" was created by Vince Gilligan."
            }
        ]
    },
    {
        "id": "67",
        "image": "downloaded_images/TV series/Breaking_Bad/image_20241107_214137_21.jpg",
        "conversations": [
            {
                "from": "human",
                "value": "<image>\nWho created or produced this TV series?"
            },
            {
                "from": "gpt",
                "value": "\"Breaking Bad\" was created by Vince Gilligan."
            }
        ]
    },
    {
        "id": "68",
        "image": "downloaded_images/TV series/Breaking_Bad/image_20241107_213919_6.jpg",
        "conversations": [
            {
                "from": "human",
                "value": "<image>\nWho are the main actors and actresses in this TV series?"
            },
            {
                "from": "gpt",
                "value": "The main actors and actresses in \"Breaking Bad\" include Bryan Cranston as Walter White, Aaron Paul as Jesse Pinkman, Anna Gunn as Skyler White, Dean Norris as Hank Schrader, Betsy Brandt as Marie Schrader, and RJ Mitte as Walter White Jr."
            }
        ]
    },
    {
        "id": "69",
        "image": "downloaded_images/TV series/Breaking_Bad/image_20241107_214003_11.jpg",
        "conversations": [
            {
                "from": "human",
                "value": "<image>\nWho are the main actors and actresses in this TV series?"
            },
            {
                "from": "gpt",
                "value": "The main actors and actresses in \"Breaking Bad\" include Bryan Cranston as Walter White, Aaron Paul as Jesse Pinkman, Anna Gunn as Skyler White, Dean Norris as Hank Schrader, Betsy Brandt as Marie Schrader, and RJ Mitte as Walter White Jr."
            }
        ]
    },
    {
        "id": "70",
        "image": "downloaded_images/TV series/Breaking_Bad/image_20241107_213937_8.jpg",
        "conversations": [
            {
                "from": "human",
                "value": "<image>\nWho are the main actors and actresses in this TV series?"
            },
            {
                "from": "gpt",
                "value": "The main actors and actresses in \"Breaking Bad\" include Bryan Cranston as Walter White, Aaron Paul as Jesse Pinkman, Anna Gunn as Skyler White, Dean Norris as Hank Schrader, Betsy Brandt as Marie Schrader, and RJ Mitte as Walter White Jr."
            }
        ]
    },
    {
        "id": "71",
        "image": "downloaded_images/TV series/Breaking_Bad/image_20241018_142628_17.jpg",
        "conversations": [
            {
                "from": "human",
                "value": "<image>\nWho are the main actors and actresses in this TV series?"
            },
            {
                "from": "gpt",
                "value": "The main actors and actresses in \"Breaking Bad\" include Bryan Cranston as Walter White, Aaron Paul as Jesse Pinkman, Anna Gunn as Skyler White, Dean Norris as Hank Schrader, Betsy Brandt as Marie Schrader, and RJ Mitte as Walter White Jr."
            }
        ]
    },
    {
        "id": "72",
        "image": "downloaded_images/TV series/Breaking_Bad/image_20241107_214026_13.jpg",
        "conversations": [
            {
                "from": "human",
                "value": "<image>\nWho are the main actors and actresses in this TV series?"
            },
            {
                "from": "gpt",
                "value": "The main actors and actresses in \"Breaking Bad\" include Bryan Cranston as Walter White, Aaron Paul as Jesse Pinkman, Anna Gunn as Skyler White, Dean Norris as Hank Schrader, Betsy Brandt as Marie Schrader, and RJ Mitte as Walter White Jr."
            }
        ]
    },
    {
        "id": "73",
        "image": "downloaded_images/TV series/Breaking_Bad/image_20241107_214034_14.jpg",
        "conversations": [
            {
                "from": "human",
                "value": "<image>\nWhat is the central storyline or premise of this TV series?"
            },
            {
                "from": "gpt",
                "value": "The central storyline of \"Breaking Bad\" follows Walter White, a high school chemistry teacher who turns to cooking and selling methamphetamine after being diagnosed with terminal lung cancer. He partners with former student Jesse Pinkman to secure his family's financial future, leading them into the dangerous world of drug trafficking and crime. The series explores themes of morality, family, and the consequences of choices."
            }
        ]
    },
    {
        "id": "74",
        "image": "downloaded_images/TV series/Breaking_Bad/image_20241018_142455_6.jpg",
        "conversations": [
            {
                "from": "human",
                "value": "<image>\nWhat is the central storyline or premise of this TV series?"
            },
            {
                "from": "gpt",
                "value": "The central storyline of \"Breaking Bad\" follows Walter White, a high school chemistry teacher who turns to cooking and selling methamphetamine after being diagnosed with terminal lung cancer. He partners with former student Jesse Pinkman to secure his family's financial future, leading them into the dangerous world of drug trafficking and crime. The series explores themes of morality, family, and the consequences of choices."
            }
        ]
    },
    {
        "id": "75",
        "image": "downloaded_images/TV series/Breaking_Bad/image_20241018_142421_3.jpg",
        "conversations": [
            {
                "from": "human",
                "value": "<image>\nWhat is the central storyline or premise of this TV series?"
            },
            {
                "from": "gpt",
                "value": "The central storyline of \"Breaking Bad\" follows Walter White, a high school chemistry teacher who turns to cooking and selling methamphetamine after being diagnosed with terminal lung cancer. He partners with former student Jesse Pinkman to secure his family's financial future, leading them into the dangerous world of drug trafficking and crime. The series explores themes of morality, family, and the consequences of choices."
            }
        ]
    },
    {
        "id": "76",
        "image": "downloaded_images/TV series/Breaking_Bad/image_20241107_214214_25.jpg",
        "conversations": [
            {
                "from": "human",
                "value": "<image>\nWhat is the central storyline or premise of this TV series?"
            },
            {
                "from": "gpt",
                "value": "The central storyline of \"Breaking Bad\" follows Walter White, a high school chemistry teacher who turns to cooking and selling methamphetamine after being diagnosed with terminal lung cancer. He partners with former student Jesse Pinkman to secure his family's financial future, leading them into the dangerous world of drug trafficking and crime. The series explores themes of morality, family, and the consequences of choices."
            }
        ]
    },
    {
        "id": "77",
        "image": "downloaded_images/TV series/Breaking_Bad/image_20241107_214003_11.jpg",
        "conversations": [
            {
                "from": "human",
                "value": "<image>\nWhat is the central storyline or premise of this TV series?"
            },
            {
                "from": "gpt",
                "value": "The central storyline of \"Breaking Bad\" follows Walter White, a high school chemistry teacher who turns to cooking and selling methamphetamine after being diagnosed with terminal lung cancer. He partners with former student Jesse Pinkman to secure his family's financial future, leading them into the dangerous world of drug trafficking and crime. The series explores themes of morality, family, and the consequences of choices."
            }
        ]
    }
]