[
    {
        "id": "38",
        "image": "downloaded_images/Plants/Carrot/image_20241018_182400_2.jpg",
        "conversations": [
            {
                "from": "human",
                "value": "<image>\nWhat is the common name of this plant?"
            },
            {
                "from": "gpt",
                "value": "The common name of this plant is Carrot."
            }
        ]
    },
    {
        "id": "39",
        "image": "downloaded_images/Plants/Carrot/image_20241018_182350_1.jpg",
        "conversations": [
            {
                "from": "human",
                "value": "<image>\nTo which family or genus does it belong?"
            },
            {
                "from": "gpt",
                "value": "The carrot belongs to the Apiaceae family and the Daucus genus."
            }
        ]
    },
    {
        "id": "40",
        "image": "downloaded_images/Plants/Carrot/image_20241018_182532_11.jpg",
        "conversations": [
            {
                "from": "human",
                "value": "<image>\nIs it native to a specific region or found globally?"
            },
            {
                "from": "gpt",
                "value": "Carrots are believed to be native to Europe and southwestern Asia, but they are now cultivated globally."
            }
        ]
    },
    {
        "id": "41",
        "image": "downloaded_images/Plants/Carrot/image_20241018_182428_5.jpg",
        "conversations": [
            {
                "from": "human",
                "value": "<image>\nHow does it grow (e.g., tree, shrub, herb)?"
            },
            {
                "from": "gpt",
                "value": "Carrots grow as a biennial herb, typically cultivated for their edible taproot."
            }
        ]
    },
    {
        "id": "42",
        "image": "downloaded_images/Plants/Carrot/image_20241107_193043_10.jpg",
        "conversations": [
            {
                "from": "human",
                "value": "<image>\nWhat is the common name of this plant?"
            },
            {
                "from": "gpt",
                "value": "The common name of this plant is Carrot."
            }
        ]
    },
    {
        "id": "43",
        "image": "downloaded_images/Plants/Carrot/image_20241018_182505_9.jpg",
        "conversations": [
            {
                "from": "human",
                "value": "<image>\nWhat is the common name of this plant?"
            },
            {
                "from": "gpt",
                "value": "The common name of this plant is Carrot."
            }
        ]
    },
    {
        "id": "44",
        "image": "downloaded_images/Plants/Carrot/image_20241107_193011_6.jpg",
        "conversations": [
            {
                "from": "human",
                "value": "<image>\nWhat is the common name of this plant?"
            },
            {
                "from": "gpt",
                "value": "The common name of this plant is Carrot."
            }
        ]
    },
    {
        "id": "45",
        "image": "downloaded_images/Plants/Carrot/image_20241107_193303_25.jpg",
        "conversations": [
            {
                "from": "human",
                "value": "<image>\nWhat is the common name of this plant?"
            },
            {
                "from": "gpt",
                "value": "The common name of this plant is Carrot."
            }
        ]
    },
    {
        "id": "46",
        "image": "downloaded_images/Plants/Carrot/image_20241018_182418_4.jpg",
        "conversations": [
            {
                "from": "human",
                "value": "<image>\nWhat is the common name of this plant?"
            },
            {
                "from": "gpt",
                "value": "The common name of this plant is Carrot."
            }
        ]
    },
    {
        "id": "47",
        "image": "downloaded_images/Plants/Carrot/image_20241107_193321_27.jpg",
        "conversations": [
            {
                "from": "human",
                "value": "<image>\nTo which family or genus does it belong?"
            },
            {
                "from": "gpt",
                "value": "The carrot belongs to the Apiaceae family and the Daucus genus."
            }
        ]
    },
    {
        "id": "48",
        "image": "downloaded_images/Plants/Carrot/image_20241107_192923_1.jpg",
        "conversations": [
            {
                "from": "human",
                "value": "<image>\nTo which family or genus does it belong?"
            },
            {
                "from": "gpt",
                "value": "The carrot belongs to the Apiaceae family and the Daucus genus."
            }
        ]
    },
    {
        "id": "49",
        "image": "downloaded_images/Plants/Carrot/image_20241018_182549_13.jpg",
        "conversations": [
            {
                "from": "human",
                "value": "<image>\nTo which family or genus does it belong?"
            },
            {
                "from": "gpt",
                "value": "The carrot belongs to the Apiaceae family and the Daucus genus."
            }
        ]
    },
    {
        "id": "50",
        "image": "downloaded_images/Plants/Carrot/image_20241107_193020_7.jpg",
        "conversations": [
            {
                "from": "human",
                "value": "<image>\nTo which family or genus does it belong?"
            },
            {
                "from": "gpt",
                "value": "The carrot belongs to the Apiaceae family and the Daucus genus."
            }
        ]
    },
    {
        "id": "51",
        "image": "downloaded_images/Plants/Carrot/image_20241107_193028_8.jpg",
        "conversations": [
            {
                "from": "human",
                "value": "<image>\nTo which family or genus does it belong?"
            },
            {
                "from": "gpt",
                "value": "The carrot belongs to the Apiaceae family and the Daucus genus."
            }
        ]
    },
    {
        "id": "52",
        "image": "downloaded_images/Plants/Carrot/image_20241107_193052_11.jpg",
        "conversations": [
            {
                "from": "human",
                "value": "<image>\nIs it native to a specific region or found globally?"
            },
            {
                "from": "gpt",
                "value": "Carrots are believed to be native to Europe and southwestern Asia, but they are now cultivated globally."
            }
        ]
    },
    {
        "id": "53",
        "image": "downloaded_images/Plants/Carrot/image_20241107_193338_29.jpg",
        "conversations": [
            {
                "from": "human",
                "value": "<image>\nIs it native to a specific region or found globally?"
            },
            {
                "from": "gpt",
                "value": "Carrots are believed to be native to Europe and southwestern Asia, but they are now cultivated globally."
            }
        ]
    },
    {
        "id": "54",
        "image": "downloaded_images/Plants/Carrot/image_20241107_193211_20.jpg",
        "conversations": [
            {
                "from": "human",
                "value": "<image>\nIs it native to a specific region or found globally?"
            },
            {
                "from": "gpt",
                "value": "Carrots are believed to be native to Europe and southwestern Asia, but they are now cultivated globally."
            }
        ]
    },
    {
        "id": "55",
        "image": "downloaded_images/Plants/Carrot/image_20241107_193100_12.jpg",
        "conversations": [
            {
                "from": "human",
                "value": "<image>\nIs it native to a specific region or found globally?"
            },
            {
                "from": "gpt",
                "value": "Carrots are believed to be native to Europe and southwestern Asia, but they are now cultivated globally."
            }
        ]
    },
    {
        "id": "56",
        "image": "downloaded_images/Plants/Carrot/image_20241107_193303_25.jpg",
        "conversations": [
            {
                "from": "human",
                "value": "<image>\nIs it native to a specific region or found globally?"
            },
            {
                "from": "gpt",
                "value": "Carrots are believed to be native to Europe and southwestern Asia, but they are now cultivated globally."
            }
        ]
    },
    {
        "id": "57",
        "image": "downloaded_images/Plants/Carrot/image_20241107_193247_24.jpg",
        "conversations": [
            {
                "from": "human",
                "value": "<image>\nHow does it grow (e.g., tree, shrub, herb)?"
            },
            {
                "from": "gpt",
                "value": "Carrots grow as a biennial herb, typically cultivated for their edible taproot."
            }
        ]
    },
    {
        "id": "58",
        "image": "downloaded_images/Plants/Carrot/image_20241107_193020_7.jpg",
        "conversations": [
            {
                "from": "human",
                "value": "<image>\nHow does it grow (e.g., tree, shrub, herb)?"
            },
            {
                "from": "gpt",
                "value": "Carrots grow as a biennial herb, typically cultivated for their edible taproot."
            }
        ]
    },
    {
        "id": "59",
        "image": "downloaded_images/Plants/Carrot/image_20241107_193219_21.jpg",
        "conversations": [
            {
                "from": "human",
                "value": "<image>\nHow does it grow (e.g., tree, shrub, herb)?"
            },
            {
                "from": "gpt",
                "value": "Carrots grow as a biennial herb, typically cultivated for their edible taproot."
            }
        ]
    },
    {
        "id": "60",
        "image": "downloaded_images/Plants/Carrot/image_20241107_193011_6.jpg",
        "conversations": [
            {
                "from": "human",
                "value": "<image>\nHow does it grow (e.g., tree, shrub, herb)?"
            },
            {
                "from": "gpt",
                "value": "Carrots grow as a biennial herb, typically cultivated for their edible taproot."
            }
        ]
    },
    {
        "id": "61",
        "image": "downloaded_images/Plants/Carrot/image_20241107_193109_13.jpg",
        "conversations": [
            {
                "from": "human",
                "value": "<image>\nHow does it grow (e.g., tree, shrub, herb)?"
            },
            {
                "from": "gpt",
                "value": "Carrots grow as a biennial herb, typically cultivated for their edible taproot."
            }
        ]
    }
]