[
    {
        "id": "6",
        "image": "downloaded_images/Animals/Cat/image_20241017_102737_18.jpg",
        "conversations": [
            {
                "from": "human",
                "value": "<image>\nWhat is the common name of this animal?"
            },
            {
                "from": "gpt",
                "value": "Cat"
            }
        ]
    },
    {
        "id": "7",
        "image": "downloaded_images/Animals/Cat/image_20241017_102737_18.jpg",
        "conversations": [
            {
                "from": "human",
                "value": "<image>\nWhat family or order does it belong to?"
            },
            {
                "from": "gpt",
                "value": "Cats belong to the family Felidae and the order Carnivora."
            }
        ]
    },
    {
        "id": "8",
        "image": "downloaded_images/Animals/Cat/image_20241017_102645_12.jpg",
        "conversations": [
            {
                "from": "human",
                "value": "<image>\nWhat does this animal eat (herbivore, carnivore, omnivore)?"
            },
            {
                "from": "gpt",
                "value": "Cats are carnivores."
            }
        ]
    },
    {
        "id": "9",
        "image": "downloaded_images/Animals/Cat/image_20241017_102636_11.jpg",
        "conversations": [
            {
                "from": "human",
                "value": "<image>\nIs it native to a specific region or found globally?"
            },
            {
                "from": "gpt",
                "value": "Domestic cats are found globally and are not limited to a specific region, although they are descendants of wildcats native to various regions."
            }
        ]
    },
    {
        "id": "10",
        "image": "downloaded_images/Animals/Cat/image_20241017_102718_16.jpg",
        "conversations": [
            {
                "from": "human",
                "value": "<image>\nHow does this animal reproduce (mating habits, gestation period)?"
            },
            {
                "from": "gpt",
                "value": "Cats typically mate in the spring and summer. The gestation period for a cat is about 64 to 67 days, after which they give birth to a litter of kittens, usually ranging from 1 to 8 kittens."
            }
        ]
    },
    {
        "id": "11",
        "image": "downloaded_images/Animals/Cat/image_20241105_152448_4.jpg",
        "conversations": [
            {
                "from": "human",
                "value": "<image>\nWhat is the common name of this animal?"
            },
            {
                "from": "gpt",
                "value": "Cat"
            }
        ]
    },
    {
        "id": "12",
        "image": "downloaded_images/Animals/Cat/image_20241105_152857_28.jpg",
        "conversations": [
            {
                "from": "human",
                "value": "<image>\nWhat is the common name of this animal?"
            },
            {
                "from": "gpt",
                "value": "Cat"
            }
        ]
    },
    {
        "id": "13",
        "image": "downloaded_images/Animals/Cat/image_20241105_152729_22.jpg",
        "conversations": [
            {
                "from": "human",
                "value": "<image>\nWhat is the common name of this animal?"
            },
            {
                "from": "gpt",
                "value": "Cat"
            }
        ]
    },
    {
        "id": "14",
        "image": "downloaded_images/Animals/Cat/image_20241105_152906_29.jpg",
        "conversations": [
            {
                "from": "human",
                "value": "<image>\nWhat is the common name of this animal?"
            },
            {
                "from": "gpt",
                "value": "Cat"
            }
        ]
    },
    {
        "id": "15",
        "image": "downloaded_images/Animals/Cat/image_20241105_152429_2.jpg",
        "conversations": [
            {
                "from": "human",
                "value": "<image>\nWhat is the common name of this animal?"
            },
            {
                "from": "gpt",
                "value": "Cat"
            }
        ]
    },
    {
        "id": "16",
        "image": "downloaded_images/Animals/Cat/image_20241105_152729_22.jpg",
        "conversations": [
            {
                "from": "human",
                "value": "<image>\nWhat family or order does it belong to?"
            },
            {
                "from": "gpt",
                "value": "Cats belong to the family Felidae and the order Carnivora."
            }
        ]
    },
    {
        "id": "17",
        "image": "downloaded_images/Animals/Cat/image_20241017_102825_24.jpg",
        "conversations": [
            {
                "from": "human",
                "value": "<image>\nWhat family or order does it belong to?"
            },
            {
                "from": "gpt",
                "value": "Cats belong to the family Felidae and the order Carnivora."
            }
        ]
    },
    {
        "id": "18",
        "image": "downloaded_images/Animals/Cat/image_20241105_152448_4.jpg",
        "conversations": [
            {
                "from": "human",
                "value": "<image>\nWhat family or order does it belong to?"
            },
            {
                "from": "gpt",
                "value": "Cats belong to the family Felidae and the order Carnivora."
            }
        ]
    },
    {
        "id": "19",
        "image": "downloaded_images/Animals/Cat/image_20241017_102520_2.jpg",
        "conversations": [
            {
                "from": "human",
                "value": "<image>\nWhat family or order does it belong to?"
            },
            {
                "from": "gpt",
                "value": "Cats belong to the family Felidae and the order Carnivora."
            }
        ]
    },
    {
        "id": "20",
        "image": "downloaded_images/Animals/Cat/image_20241017_102802_21.jpg",
        "conversations": [
            {
                "from": "human",
                "value": "<image>\nWhat family or order does it belong to?"
            },
            {
                "from": "gpt",
                "value": "Cats belong to the family Felidae and the order Carnivora."
            }
        ]
    },
    {
        "id": "21",
        "image": "downloaded_images/Animals/Cat/image_20241105_152617_14.jpg",
        "conversations": [
            {
                "from": "human",
                "value": "<image>\nWhat does this animal eat (herbivore, carnivore, omnivore)?"
            },
            {
                "from": "gpt",
                "value": "Cats are carnivores."
            }
        ]
    },
    {
        "id": "22",
        "image": "downloaded_images/Animals/Cat/image_20241017_102727_17.jpg",
        "conversations": [
            {
                "from": "human",
                "value": "<image>\nWhat does this animal eat (herbivore, carnivore, omnivore)?"
            },
            {
                "from": "gpt",
                "value": "Cats are carnivores."
            }
        ]
    },
    {
        "id": "23",
        "image": "downloaded_images/Animals/Cat/image_20241017_102809_22.jpg",
        "conversations": [
            {
                "from": "human",
                "value": "<image>\nWhat does this animal eat (herbivore, carnivore, omnivore)?"
            },
            {
                "from": "gpt",
                "value": "Cats are carnivores."
            }
        ]
    },
    {
        "id": "24",
        "image": "downloaded_images/Animals/Cat/image_20241105_152438_3.jpg",
        "conversations": [
            {
                "from": "human",
                "value": "<image>\nWhat does this animal eat (herbivore, carnivore, omnivore)?"
            },
            {
                "from": "gpt",
                "value": "Cats are carnivores."
            }
        ]
    },
    {
        "id": "25",
        "image": "downloaded_images/Animals/Cat/image_20241105_152750_24.jpg",
        "conversations": [
            {
                "from": "human",
                "value": "<image>\nWhat does this animal eat (herbivore, carnivore, omnivore)?"
            },
            {
                "from": "gpt",
                "value": "Cats are carnivores."
            }
        ]
    },
    {
        "id": "26",
        "image": "downloaded_images/Animals/Cat/image_20241105_152438_3.jpg",
        "conversations": [
            {
                "from": "human",
                "value": "<image>\nIs it native to a specific region or found globally?"
            },
            {
                "from": "gpt",
                "value": "Domestic cats are found globally and are not limited to a specific region, although they are descendants of wildcats native to various regions."
            }
        ]
    },
    {
        "id": "27",
        "image": "downloaded_images/Animals/Cat/image_20241105_152429_2.jpg",
        "conversations": [
            {
                "from": "human",
                "value": "<image>\nIs it native to a specific region or found globally?"
            },
            {
                "from": "gpt",
                "value": "Domestic cats are found globally and are not limited to a specific region, although they are descendants of wildcats native to various regions."
            }
        ]
    },
    {
        "id": "28",
        "image": "downloaded_images/Animals/Cat/image_20241105_152821_27.jpg",
        "conversations": [
            {
                "from": "human",
                "value": "<image>\nIs it native to a specific region or found globally?"
            },
            {
                "from": "gpt",
                "value": "Domestic cats are found globally and are not limited to a specific region, although they are descendants of wildcats native to various regions."
            }
        ]
    },
    {
        "id": "29",
        "image": "downloaded_images/Animals/Cat/image_20241017_102718_16.jpg",
        "conversations": [
            {
                "from": "human",
                "value": "<image>\nIs it native to a specific region or found globally?"
            },
            {
                "from": "gpt",
                "value": "Domestic cats are found globally and are not limited to a specific region, although they are descendants of wildcats native to various regions."
            }
        ]
    },
    {
        "id": "30",
        "image": "downloaded_images/Animals/Cat/image_20241105_152645_17.jpg",
        "conversations": [
            {
                "from": "human",
                "value": "<image>\nIs it native to a specific region or found globally?"
            },
            {
                "from": "gpt",
                "value": "Domestic cats are found globally and are not limited to a specific region, although they are descendants of wildcats native to various regions."
            }
        ]
    },
    {
        "id": "31",
        "image": "downloaded_images/Animals/Cat/image_20241017_102727_17.jpg",
        "conversations": [
            {
                "from": "human",
                "value": "<image>\nHow does this animal reproduce (mating habits, gestation period)?"
            },
            {
                "from": "gpt",
                "value": "Cats typically mate in the spring and summer. The gestation period for a cat is about 64 to 67 days, after which they give birth to a litter of kittens, usually ranging from 1 to 8 kittens."
            }
        ]
    },
    {
        "id": "32",
        "image": "downloaded_images/Animals/Cat/image_20241105_152608_13.jpg",
        "conversations": [
            {
                "from": "human",
                "value": "<image>\nHow does this animal reproduce (mating habits, gestation period)?"
            },
            {
                "from": "gpt",
                "value": "Cats typically mate in the spring and summer. The gestation period for a cat is about 64 to 67 days, after which they give birth to a litter of kittens, usually ranging from 1 to 8 kittens."
            }
        ]
    },
    {
        "id": "33",
        "image": "downloaded_images/Animals/Cat/image_20241105_152448_4.jpg",
        "conversations": [
            {
                "from": "human",
                "value": "<image>\nHow does this animal reproduce (mating habits, gestation period)?"
            },
            {
                "from": "gpt",
                "value": "Cats typically mate in the spring and summer. The gestation period for a cat is about 64 to 67 days, after which they give birth to a litter of kittens, usually ranging from 1 to 8 kittens."
            }
        ]
    },
    {
        "id": "34",
        "image": "downloaded_images/Animals/Cat/image_20241105_152416_1.jpg",
        "conversations": [
            {
                "from": "human",
                "value": "<image>\nHow does this animal reproduce (mating habits, gestation period)?"
            },
            {
                "from": "gpt",
                "value": "Cats typically mate in the spring and summer. The gestation period for a cat is about 64 to 67 days, after which they give birth to a litter of kittens, usually ranging from 1 to 8 kittens."
            }
        ]
    },
    {
        "id": "35",
        "image": "downloaded_images/Animals/Cat/image_20241017_102809_22.jpg",
        "conversations": [
            {
                "from": "human",
                "value": "<image>\nHow does this animal reproduce (mating habits, gestation period)?"
            },
            {
                "from": "gpt",
                "value": "Cats typically mate in the spring and summer. The gestation period for a cat is about 64 to 67 days, after which they give birth to a litter of kittens, usually ranging from 1 to 8 kittens."
            }
        ]
    }
]