[
    {
        "id": "25",
        "image": "downloaded_images/Buildings/Colosseum/image_20241017_224928_5.jpg",
        "conversations": [
            {
                "from": "human",
                "value": "<image>\nWhat is the name of this building?"
            },
            {
                "from": "gpt",
                "value": "The name of this building is the Colosseum."
            }
        ]
    },
    {
        "id": "26",
        "image": "downloaded_images/Buildings/Colosseum/image_20241017_225127_14.jpg",
        "conversations": [
            {
                "from": "human",
                "value": "<image>\nWhere is it located?"
            },
            {
                "from": "gpt",
                "value": "The Colosseum is located in Rome, Italy."
            }
        ]
    },
    {
        "id": "27",
        "image": "downloaded_images/Buildings/Colosseum/image_20241017_224821_2.jpg",
        "conversations": [
            {
                "from": "human",
                "value": "<image>\nWhat was the original purpose of the building?"
            },
            {
                "from": "gpt",
                "value": "The original purpose of the Colosseum was to serve as an amphitheater for public spectacles, including gladiatorial contests, animal hunts, and other forms of entertainment."
            }
        ]
    },
    {
        "id": "28",
        "image": "downloaded_images/Buildings/Colosseum/image_20241017_225221_18.jpg",
        "conversations": [
            {
                "from": "human",
                "value": "<image>\nIs the building open to the public?"
            },
            {
                "from": "gpt",
                "value": "Yes, the Colosseum is open to the public and is one of the most popular tourist attractions in Rome, allowing visitors to explore its ancient architecture and learn about its history."
            }
        ]
    },
    {
        "id": "29",
        "image": "downloaded_images/Buildings/Colosseum/image_20241017_225137_15.jpg",
        "conversations": [
            {
                "from": "human",
                "value": "<image>\nWhat is the name of this building?"
            },
            {
                "from": "gpt",
                "value": "The name of this building is the Colosseum."
            }
        ]
    },
    {
        "id": "30",
        "image": "downloaded_images/Buildings/Colosseum/image_20241106_120949_24.jpg",
        "conversations": [
            {
                "from": "human",
                "value": "<image>\nWhat is the name of this building?"
            },
            {
                "from": "gpt",
                "value": "The name of this building is the Colosseum."
            }
        ]
    },
    {
        "id": "31",
        "image": "downloaded_images/Buildings/Colosseum/image_20241106_120718_8.jpg",
        "conversations": [
            {
                "from": "human",
                "value": "<image>\nWhat is the name of this building?"
            },
            {
                "from": "gpt",
                "value": "The name of this building is the Colosseum."
            }
        ]
    },
    {
        "id": "32",
        "image": "downloaded_images/Buildings/Colosseum/image_20241106_120650_5.jpg",
        "conversations": [
            {
                "from": "human",
                "value": "<image>\nWhat is the name of this building?"
            },
            {
                "from": "gpt",
                "value": "The name of this building is the Colosseum."
            }
        ]
    },
    {
        "id": "33",
        "image": "downloaded_images/Buildings/Colosseum/image_20241106_120631_3.jpg",
        "conversations": [
            {
                "from": "human",
                "value": "<image>\nWhat is the name of this building?"
            },
            {
                "from": "gpt",
                "value": "The name of this building is the Colosseum."
            }
        ]
    },
    {
        "id": "34",
        "image": "downloaded_images/Buildings/Colosseum/image_20241106_120804_13.jpg",
        "conversations": [
            {
                "from": "human",
                "value": "<image>\nWhere is it located?"
            },
            {
                "from": "gpt",
                "value": "The Colosseum is located in Rome, Italy."
            }
        ]
    },
    {
        "id": "35",
        "image": "downloaded_images/Buildings/Colosseum/image_20241106_120826_15.jpg",
        "conversations": [
            {
                "from": "human",
                "value": "<image>\nWhere is it located?"
            },
            {
                "from": "gpt",
                "value": "The Colosseum is located in Rome, Italy."
            }
        ]
    },
    {
        "id": "36",
        "image": "downloaded_images/Buildings/Colosseum/image_20241106_120746_11.jpg",
        "conversations": [
            {
                "from": "human",
                "value": "<image>\nWhere is it located?"
            },
            {
                "from": "gpt",
                "value": "The Colosseum is located in Rome, Italy."
            }
        ]
    },
    {
        "id": "37",
        "image": "downloaded_images/Buildings/Colosseum/image_20241106_120939_23.jpg",
        "conversations": [
            {
                "from": "human",
                "value": "<image>\nWhere is it located?"
            },
            {
                "from": "gpt",
                "value": "The Colosseum is located in Rome, Italy."
            }
        ]
    },
    {
        "id": "38",
        "image": "downloaded_images/Buildings/Colosseum/image_20241106_120609_1.jpg",
        "conversations": [
            {
                "from": "human",
                "value": "<image>\nWhere is it located?"
            },
            {
                "from": "gpt",
                "value": "The Colosseum is located in Rome, Italy."
            }
        ]
    },
    {
        "id": "39",
        "image": "downloaded_images/Buildings/Colosseum/image_20241017_225221_18.jpg",
        "conversations": [
            {
                "from": "human",
                "value": "<image>\nWhat was the original purpose of the building?"
            },
            {
                "from": "gpt",
                "value": "The original purpose of the Colosseum was to serve as an amphitheater for public spectacles, including gladiatorial contests, animal hunts, and other forms of entertainment."
            }
        ]
    },
    {
        "id": "40",
        "image": "downloaded_images/Buildings/Colosseum/image_20241106_120641_4.jpg",
        "conversations": [
            {
                "from": "human",
                "value": "<image>\nWhat was the original purpose of the building?"
            },
            {
                "from": "gpt",
                "value": "The original purpose of the Colosseum was to serve as an amphitheater for public spectacles, including gladiatorial contests, animal hunts, and other forms of entertainment."
            }
        ]
    },
    {
        "id": "41",
        "image": "downloaded_images/Buildings/Colosseum/image_20241106_121028_28.jpg",
        "conversations": [
            {
                "from": "human",
                "value": "<image>\nWhat was the original purpose of the building?"
            },
            {
                "from": "gpt",
                "value": "The original purpose of the Colosseum was to serve as an amphitheater for public spectacles, including gladiatorial contests, animal hunts, and other forms of entertainment."
            }
        ]
    },
    {
        "id": "42",
        "image": "downloaded_images/Buildings/Colosseum/image_20241106_120931_22.jpg",
        "conversations": [
            {
                "from": "human",
                "value": "<image>\nWhat was the original purpose of the building?"
            },
            {
                "from": "gpt",
                "value": "The original purpose of the Colosseum was to serve as an amphitheater for public spectacles, including gladiatorial contests, animal hunts, and other forms of entertainment."
            }
        ]
    },
    {
        "id": "43",
        "image": "downloaded_images/Buildings/Colosseum/image_20241106_120939_23.jpg",
        "conversations": [
            {
                "from": "human",
                "value": "<image>\nWhat was the original purpose of the building?"
            },
            {
                "from": "gpt",
                "value": "The original purpose of the Colosseum was to serve as an amphitheater for public spectacles, including gladiatorial contests, animal hunts, and other forms of entertainment."
            }
        ]
    },
    {
        "id": "44",
        "image": "downloaded_images/Buildings/Colosseum/image_20241106_120922_21.jpg",
        "conversations": [
            {
                "from": "human",
                "value": "<image>\nIs the building open to the public?"
            },
            {
                "from": "gpt",
                "value": "Yes, the Colosseum is open to the public and is one of the most popular tourist attractions in Rome, allowing visitors to explore its ancient architecture and learn about its history."
            }
        ]
    },
    {
        "id": "45",
        "image": "downloaded_images/Buildings/Colosseum/image_20241106_120736_10.jpg",
        "conversations": [
            {
                "from": "human",
                "value": "<image>\nIs the building open to the public?"
            },
            {
                "from": "gpt",
                "value": "Yes, the Colosseum is open to the public and is one of the most popular tourist attractions in Rome, allowing visitors to explore its ancient architecture and learn about its history."
            }
        ]
    },
    {
        "id": "46",
        "image": "downloaded_images/Buildings/Colosseum/image_20241017_224913_4.jpg",
        "conversations": [
            {
                "from": "human",
                "value": "<image>\nIs the building open to the public?"
            },
            {
                "from": "gpt",
                "value": "Yes, the Colosseum is open to the public and is one of the most popular tourist attractions in Rome, allowing visitors to explore its ancient architecture and learn about its history."
            }
        ]
    },
    {
        "id": "47",
        "image": "downloaded_images/Buildings/Colosseum/image_20241017_225137_15.jpg",
        "conversations": [
            {
                "from": "human",
                "value": "<image>\nIs the building open to the public?"
            },
            {
                "from": "gpt",
                "value": "Yes, the Colosseum is open to the public and is one of the most popular tourist attractions in Rome, allowing visitors to explore its ancient architecture and learn about its history."
            }
        ]
    },
    {
        "id": "48",
        "image": "downloaded_images/Buildings/Colosseum/image_20241106_120826_15.jpg",
        "conversations": [
            {
                "from": "human",
                "value": "<image>\nIs the building open to the public?"
            },
            {
                "from": "gpt",
                "value": "Yes, the Colosseum is open to the public and is one of the most popular tourist attractions in Rome, allowing visitors to explore its ancient architecture and learn about its history."
            }
        ]
    }
]