[
    {
        "id": "29",
        "image": "downloaded_images/Plants/Corn/image_20241018_180634_2.jpg",
        "conversations": [
            {
                "from": "human",
                "value": "<image>\nWhat is the common name of this plant?"
            },
            {
                "from": "gpt",
                "value": "Common Name: Corn (also known as Maize)"
            }
        ]
    },
    {
        "id": "30",
        "image": "downloaded_images/Plants/Corn/image_20241018_180802_11.jpg",
        "conversations": [
            {
                "from": "human",
                "value": "<image>\nTo which family or genus does it belong?"
            },
            {
                "from": "gpt",
                "value": "Family: Poaceae, Genus: Zea, Species: Zea mays"
            }
        ]
    },
    {
        "id": "31",
        "image": "downloaded_images/Plants/Corn/image_20241018_180932_21.jpg",
        "conversations": [
            {
                "from": "human",
                "value": "<image>\nIs it native to a specific region or found globally?"
            },
            {
                "from": "gpt",
                "value": "Native Region: Corn is native to Central America, particularly Mexico. It is now grown globally, especially in regions with warm climates, due to its importance as a staple food crop."
            }
        ]
    },
    {
        "id": "32",
        "image": "downloaded_images/Plants/Corn/image_20241107_191628_10.jpg",
        "conversations": [
            {
                "from": "human",
                "value": "<image>\nHow does it grow (e.g., tree, shrub, herb)?"
            },
            {
                "from": "gpt",
                "value": "Growth Form: Corn grows as a tall annual herb, with a central stalk and large leaves. It can reach heights of 2-3 meters and produces cobs with rows of kernels."
            }
        ]
    },
    {
        "id": "33",
        "image": "downloaded_images/Plants/Corn/image_20241018_180932_21.jpg",
        "conversations": [
            {
                "from": "human",
                "value": "<image>\nWhat is the common name of this plant?"
            },
            {
                "from": "gpt",
                "value": "Common Name: Corn (also known as Maize)"
            }
        ]
    },
    {
        "id": "34",
        "image": "downloaded_images/Plants/Corn/image_20241107_191837_24.jpg",
        "conversations": [
            {
                "from": "human",
                "value": "<image>\nWhat is the common name of this plant?"
            },
            {
                "from": "gpt",
                "value": "Common Name: Corn (also known as Maize)"
            }
        ]
    },
    {
        "id": "35",
        "image": "downloaded_images/Plants/Corn/image_20241018_180818_13.jpg",
        "conversations": [
            {
                "from": "human",
                "value": "<image>\nWhat is the common name of this plant?"
            },
            {
                "from": "gpt",
                "value": "Common Name: Corn (also known as Maize)"
            }
        ]
    },
    {
        "id": "36",
        "image": "downloaded_images/Plants/Corn/image_20241107_191846_25.jpg",
        "conversations": [
            {
                "from": "human",
                "value": "<image>\nWhat is the common name of this plant?"
            },
            {
                "from": "gpt",
                "value": "Common Name: Corn (also known as Maize)"
            }
        ]
    },
    {
        "id": "37",
        "image": "downloaded_images/Plants/Corn/image_20241107_191702_13.jpg",
        "conversations": [
            {
                "from": "human",
                "value": "<image>\nWhat is the common name of this plant?"
            },
            {
                "from": "gpt",
                "value": "Common Name: Corn (also known as Maize)"
            }
        ]
    },
    {
        "id": "38",
        "image": "downloaded_images/Plants/Corn/image_20241107_191710_14.jpg",
        "conversations": [
            {
                "from": "human",
                "value": "<image>\nTo which family or genus does it belong?"
            },
            {
                "from": "gpt",
                "value": "Family: Poaceae, Genus: Zea, Species: Zea mays"
            }
        ]
    },
    {
        "id": "39",
        "image": "downloaded_images/Plants/Corn/image_20241107_191702_13.jpg",
        "conversations": [
            {
                "from": "human",
                "value": "<image>\nTo which family or genus does it belong?"
            },
            {
                "from": "gpt",
                "value": "Family: Poaceae, Genus: Zea, Species: Zea mays"
            }
        ]
    },
    {
        "id": "40",
        "image": "downloaded_images/Plants/Corn/image_20241107_191619_9.jpg",
        "conversations": [
            {
                "from": "human",
                "value": "<image>\nTo which family or genus does it belong?"
            },
            {
                "from": "gpt",
                "value": "Family: Poaceae, Genus: Zea, Species: Zea mays"
            }
        ]
    },
    {
        "id": "41",
        "image": "downloaded_images/Plants/Corn/image_20241018_180932_21.jpg",
        "conversations": [
            {
                "from": "human",
                "value": "<image>\nTo which family or genus does it belong?"
            },
            {
                "from": "gpt",
                "value": "Family: Poaceae, Genus: Zea, Species: Zea mays"
            }
        ]
    },
    {
        "id": "42",
        "image": "downloaded_images/Plants/Corn/image_20241107_191534_4.jpg",
        "conversations": [
            {
                "from": "human",
                "value": "<image>\nTo which family or genus does it belong?"
            },
            {
                "from": "gpt",
                "value": "Family: Poaceae, Genus: Zea, Species: Zea mays"
            }
        ]
    },
    {
        "id": "43",
        "image": "downloaded_images/Plants/Corn/image_20241107_191924_29.jpg",
        "conversations": [
            {
                "from": "human",
                "value": "<image>\nIs it native to a specific region or found globally?"
            },
            {
                "from": "gpt",
                "value": "Native Region: Corn is native to Central America, particularly Mexico. It is now grown globally, especially in regions with warm climates, due to its importance as a staple food crop."
            }
        ]
    },
    {
        "id": "44",
        "image": "downloaded_images/Plants/Corn/image_20241107_191638_11.jpg",
        "conversations": [
            {
                "from": "human",
                "value": "<image>\nIs it native to a specific region or found globally?"
            },
            {
                "from": "gpt",
                "value": "Native Region: Corn is native to Central America, particularly Mexico. It is now grown globally, especially in regions with warm climates, due to its importance as a staple food crop."
            }
        ]
    },
    {
        "id": "45",
        "image": "downloaded_images/Plants/Corn/image_20241018_180718_6.jpg",
        "conversations": [
            {
                "from": "human",
                "value": "<image>\nIs it native to a specific region or found globally?"
            },
            {
                "from": "gpt",
                "value": "Native Region: Corn is native to Central America, particularly Mexico. It is now grown globally, especially in regions with warm climates, due to its importance as a staple food crop."
            }
        ]
    },
    {
        "id": "46",
        "image": "downloaded_images/Plants/Corn/image_20241107_191542_5.jpg",
        "conversations": [
            {
                "from": "human",
                "value": "<image>\nIs it native to a specific region or found globally?"
            },
            {
                "from": "gpt",
                "value": "Native Region: Corn is native to Central America, particularly Mexico. It is now grown globally, especially in regions with warm climates, due to its importance as a staple food crop."
            }
        ]
    },
    {
        "id": "47",
        "image": "downloaded_images/Plants/Corn/image_20241107_191829_23.jpg",
        "conversations": [
            {
                "from": "human",
                "value": "<image>\nIs it native to a specific region or found globally?"
            },
            {
                "from": "gpt",
                "value": "Native Region: Corn is native to Central America, particularly Mexico. It is now grown globally, especially in regions with warm climates, due to its importance as a staple food crop."
            }
        ]
    },
    {
        "id": "48",
        "image": "downloaded_images/Plants/Corn/image_20241107_191924_29.jpg",
        "conversations": [
            {
                "from": "human",
                "value": "<image>\nHow does it grow (e.g., tree, shrub, herb)?"
            },
            {
                "from": "gpt",
                "value": "Growth Form: Corn grows as a tall annual herb, with a central stalk and large leaves. It can reach heights of 2-3 meters and produces cobs with rows of kernels."
            }
        ]
    },
    {
        "id": "49",
        "image": "downloaded_images/Plants/Corn/image_20241018_180851_17.jpg",
        "conversations": [
            {
                "from": "human",
                "value": "<image>\nHow does it grow (e.g., tree, shrub, herb)?"
            },
            {
                "from": "gpt",
                "value": "Growth Form: Corn grows as a tall annual herb, with a central stalk and large leaves. It can reach heights of 2-3 meters and produces cobs with rows of kernels."
            }
        ]
    },
    {
        "id": "50",
        "image": "downloaded_images/Plants/Corn/image_20241107_191821_22.jpg",
        "conversations": [
            {
                "from": "human",
                "value": "<image>\nHow does it grow (e.g., tree, shrub, herb)?"
            },
            {
                "from": "gpt",
                "value": "Growth Form: Corn grows as a tall annual herb, with a central stalk and large leaves. It can reach heights of 2-3 meters and produces cobs with rows of kernels."
            }
        ]
    },
    {
        "id": "51",
        "image": "downloaded_images/Plants/Corn/image_20241107_191504_1.jpg",
        "conversations": [
            {
                "from": "human",
                "value": "<image>\nHow does it grow (e.g., tree, shrub, herb)?"
            },
            {
                "from": "gpt",
                "value": "Growth Form: Corn grows as a tall annual herb, with a central stalk and large leaves. It can reach heights of 2-3 meters and produces cobs with rows of kernels."
            }
        ]
    },
    {
        "id": "52",
        "image": "downloaded_images/Plants/Corn/image_20241107_191542_5.jpg",
        "conversations": [
            {
                "from": "human",
                "value": "<image>\nHow does it grow (e.g., tree, shrub, herb)?"
            },
            {
                "from": "gpt",
                "value": "Growth Form: Corn grows as a tall annual herb, with a central stalk and large leaves. It can reach heights of 2-3 meters and produces cobs with rows of kernels."
            }
        ]
    }
]