[
    {
        "id": "11",
        "image": "downloaded_images/Animals/Cow/image_20241017_104649_2.jpg",
        "conversations": [
            {
                "from": "human",
                "value": "<image>\nWhat is the common name of this animal?"
            },
            {
                "from": "gpt",
                "value": "Cow"
            }
        ]
    },
    {
        "id": "12",
        "image": "downloaded_images/Animals/Cow/image_20241017_104707_4.jpg",
        "conversations": [
            {
                "from": "human",
                "value": "<image>\nWhat family or order does it belong to?"
            },
            {
                "from": "gpt",
                "value": "Cows belong to the family Bovidae and the order Artiodactyla."
            }
        ]
    },
    {
        "id": "13",
        "image": "downloaded_images/Animals/Cow/image_20241017_104716_5.jpg",
        "conversations": [
            {
                "from": "human",
                "value": "<image>\nWhat does this animal eat (herbivore, carnivore, omnivore)?"
            },
            {
                "from": "gpt",
                "value": "The animal in the image is a bovine, which is a type of herbivore. Bovines are ruminant animals, meaning they have a specialized digestive system that allows them to break down fibrous plant material through a process called rumination. They primarily graze on grasses and other plant materials."
            }
        ]
    },
    {
        "id": "14",
        "image": "downloaded_images/Animals/Cow/image_20241017_104745_8.jpg",
        "conversations": [
            {
                "from": "human",
                "value": "<image>\nIs it native to a specific region or found globally?"
            },
            {
                "from": "gpt",
                "value": "Cows are domesticated animals that are found globally, but they are originally native to regions in Europe, Asia, and North Africa."
            }
        ]
    },
    {
        "id": "15",
        "image": "downloaded_images/Animals/Cow/image_20241017_104649_2.jpg",
        "conversations": [
            {
                "from": "human",
                "value": "<image>\nHow does this animal reproduce (mating habits, gestation period)?"
            },
            {
                "from": "gpt",
                "value": "Cows reproduce sexually. The mating habits involve a bull (male) and a cow (female). After mating, the gestation period for cows is approximately 9 months, similar to humans, after which a calf is born."
            }
        ]
    },
    {
        "id": "16",
        "image": "downloaded_images/Animals/Cow/image_20241017_104707_4.jpg",
        "conversations": [
            {
                "from": "human",
                "value": "<image>\nWhat is the common name of this animal?"
            },
            {
                "from": "gpt",
                "value": "Cow"
            }
        ]
    },
    {
        "id": "17",
        "image": "downloaded_images/Animals/Cow/image_20241017_104753_9.jpg",
        "conversations": [
            {
                "from": "human",
                "value": "<image>\nWhat is the common name of this animal?"
            },
            {
                "from": "gpt",
                "value": "Cow"
            }
        ]
    },
    {
        "id": "18",
        "image": "downloaded_images/Animals/Cow/image_20241105_153918_8.jpg",
        "conversations": [
            {
                "from": "human",
                "value": "<image>\nWhat is the common name of this animal?"
            },
            {
                "from": "gpt",
                "value": "Cow"
            }
        ]
    },
    {
        "id": "19",
        "image": "downloaded_images/Animals/Cow/image_20241105_154258_28.jpg",
        "conversations": [
            {
                "from": "human",
                "value": "<image>\nWhat is the common name of this animal?"
            },
            {
                "from": "gpt",
                "value": "Cow"
            }
        ]
    },
    {
        "id": "20",
        "image": "downloaded_images/Animals/Cow/image_20241017_104716_5.jpg",
        "conversations": [
            {
                "from": "human",
                "value": "<image>\nWhat is the common name of this animal?"
            },
            {
                "from": "gpt",
                "value": "Cow"
            }
        ]
    },
    {
        "id": "21",
        "image": "downloaded_images/Animals/Cow/image_20241105_154059_18.jpg",
        "conversations": [
            {
                "from": "human",
                "value": "<image>\nWhat family or order does it belong to?"
            },
            {
                "from": "gpt",
                "value": "Cows belong to the family Bovidae and the order Artiodactyla."
            }
        ]
    },
    {
        "id": "22",
        "image": "downloaded_images/Animals/Cow/image_20241017_104745_8.jpg",
        "conversations": [
            {
                "from": "human",
                "value": "<image>\nWhat family or order does it belong to?"
            },
            {
                "from": "gpt",
                "value": "Cows belong to the family Bovidae and the order Artiodactyla."
            }
        ]
    },
    {
        "id": "23",
        "image": "downloaded_images/Animals/Cow/image_20241017_104725_6.jpg",
        "conversations": [
            {
                "from": "human",
                "value": "<image>\nWhat family or order does it belong to?"
            },
            {
                "from": "gpt",
                "value": "Cows belong to the family Bovidae and the order Artiodactyla."
            }
        ]
    },
    {
        "id": "24",
        "image": "downloaded_images/Animals/Cow/image_20241105_154012_13.jpg",
        "conversations": [
            {
                "from": "human",
                "value": "<image>\nWhat family or order does it belong to?"
            },
            {
                "from": "gpt",
                "value": "Cows belong to the family Bovidae and the order Artiodactyla."
            }
        ]
    },
    {
        "id": "25",
        "image": "downloaded_images/Animals/Cow/image_20241105_154206_23.jpg",
        "conversations": [
            {
                "from": "human",
                "value": "<image>\nWhat family or order does it belong to?"
            },
            {
                "from": "gpt",
                "value": "Cows belong to the family Bovidae and the order Artiodactyla."
            }
        ]
    },
    {
        "id": "26",
        "image": "downloaded_images/Animals/Cow/image_20241105_154316_30.jpg",
        "conversations": [
            {
                "from": "human",
                "value": "<image>\nWhat does this animal eat (herbivore, carnivore, omnivore)?"
            },
            {
                "from": "gpt",
                "value": "The animal in the image is a bovine, which is a type of herbivore. Bovines are ruminant animals, meaning they have a specialized digestive system that allows them to break down fibrous plant material through a process called rumination. They primarily graze on grasses and other plant materials."
            }
        ]
    },
    {
        "id": "27",
        "image": "downloaded_images/Animals/Cow/image_20241017_105000_24.jpg",
        "conversations": [
            {
                "from": "human",
                "value": "<image>\nWhat does this animal eat (herbivore, carnivore, omnivore)?"
            },
            {
                "from": "gpt",
                "value": "The animal in the image is a bovine, which is a type of herbivore. Bovines are ruminant animals, meaning they have a specialized digestive system that allows them to break down fibrous plant material through a process called rumination. They primarily graze on grasses and other plant materials."
            }
        ]
    },
    {
        "id": "28",
        "image": "downloaded_images/Animals/Cow/image_20241105_153948_11.jpg",
        "conversations": [
            {
                "from": "human",
                "value": "<image>\nWhat does this animal eat (herbivore, carnivore, omnivore)?"
            },
            {
                "from": "gpt",
                "value": "The animal in the image is a bovine, which is a type of herbivore. Bovines are ruminant animals, meaning they have a specialized digestive system that allows them to break down fibrous plant material through a process called rumination. They primarily graze on grasses and other plant materials."
            }
        ]
    },
    {
        "id": "29",
        "image": "downloaded_images/Animals/Cow/image_20241017_104911_18.jpg",
        "conversations": [
            {
                "from": "human",
                "value": "<image>\nWhat does this animal eat (herbivore, carnivore, omnivore)?"
            },
            {
                "from": "gpt",
                "value": "The animal in the image is a bovine, which is a type of herbivore. Bovines are ruminant animals, meaning they have a specialized digestive system that allows them to break down fibrous plant material through a process called rumination. They primarily graze on grasses and other plant materials."
            }
        ]
    },
    {
        "id": "30",
        "image": "downloaded_images/Animals/Cow/image_20241105_153848_5.jpg",
        "conversations": [
            {
                "from": "human",
                "value": "<image>\nWhat does this animal eat (herbivore, carnivore, omnivore)?"
            },
            {
                "from": "gpt",
                "value": "The animal in the image is a bovine, which is a type of herbivore. Bovines are ruminant animals, meaning they have a specialized digestive system that allows them to break down fibrous plant material through a process called rumination. They primarily graze on grasses and other plant materials."
            }
        ]
    },
    {
        "id": "31",
        "image": "downloaded_images/Animals/Cow/image_20241017_104911_18.jpg",
        "conversations": [
            {
                "from": "human",
                "value": "<image>\nIs it native to a specific region or found globally?"
            },
            {
                "from": "gpt",
                "value": "Cows are domesticated animals that are found globally, but they are originally native to regions in Europe, Asia, and North Africa."
            }
        ]
    },
    {
        "id": "32",
        "image": "downloaded_images/Animals/Cow/image_20241017_104810_11.jpg",
        "conversations": [
            {
                "from": "human",
                "value": "<image>\nIs it native to a specific region or found globally?"
            },
            {
                "from": "gpt",
                "value": "Cows are domesticated animals that are found globally, but they are originally native to regions in Europe, Asia, and North Africa."
            }
        ]
    },
    {
        "id": "33",
        "image": "downloaded_images/Animals/Cow/image_20241017_105000_24.jpg",
        "conversations": [
            {
                "from": "human",
                "value": "<image>\nIs it native to a specific region or found globally?"
            },
            {
                "from": "gpt",
                "value": "Cows are domesticated animals that are found globally, but they are originally native to regions in Europe, Asia, and North Africa."
            }
        ]
    },
    {
        "id": "34",
        "image": "downloaded_images/Animals/Cow/image_20241105_153807_1.jpg",
        "conversations": [
            {
                "from": "human",
                "value": "<image>\nIs it native to a specific region or found globally?"
            },
            {
                "from": "gpt",
                "value": "Cows are domesticated animals that are found globally, but they are originally native to regions in Europe, Asia, and North Africa."
            }
        ]
    },
    {
        "id": "35",
        "image": "downloaded_images/Animals/Cow/image_20241105_153857_6.jpg",
        "conversations": [
            {
                "from": "human",
                "value": "<image>\nIs it native to a specific region or found globally?"
            },
            {
                "from": "gpt",
                "value": "Cows are domesticated animals that are found globally, but they are originally native to regions in Europe, Asia, and North Africa."
            }
        ]
    },
    {
        "id": "36",
        "image": "downloaded_images/Animals/Cow/image_20241105_154059_18.jpg",
        "conversations": [
            {
                "from": "human",
                "value": "<image>\nHow does this animal reproduce (mating habits, gestation period)?"
            },
            {
                "from": "gpt",
                "value": "Cows reproduce sexually. The mating habits involve a bull (male) and a cow (female). After mating, the gestation period for cows is approximately 9 months, similar to humans, after which a calf is born."
            }
        ]
    },
    {
        "id": "37",
        "image": "downloaded_images/Animals/Cow/image_20241105_154206_23.jpg",
        "conversations": [
            {
                "from": "human",
                "value": "<image>\nHow does this animal reproduce (mating habits, gestation period)?"
            },
            {
                "from": "gpt",
                "value": "Cows reproduce sexually. The mating habits involve a bull (male) and a cow (female). After mating, the gestation period for cows is approximately 9 months, similar to humans, after which a calf is born."
            }
        ]
    },
    {
        "id": "38",
        "image": "downloaded_images/Animals/Cow/image_20241105_154012_13.jpg",
        "conversations": [
            {
                "from": "human",
                "value": "<image>\nHow does this animal reproduce (mating habits, gestation period)?"
            },
            {
                "from": "gpt",
                "value": "Cows reproduce sexually. The mating habits involve a bull (male) and a cow (female). After mating, the gestation period for cows is approximately 9 months, similar to humans, after which a calf is born."
            }
        ]
    },
    {
        "id": "39",
        "image": "downloaded_images/Animals/Cow/image_20241105_153906_7.jpg",
        "conversations": [
            {
                "from": "human",
                "value": "<image>\nHow does this animal reproduce (mating habits, gestation period)?"
            },
            {
                "from": "gpt",
                "value": "Cows reproduce sexually. The mating habits involve a bull (male) and a cow (female). After mating, the gestation period for cows is approximately 9 months, similar to humans, after which a calf is born."
            }
        ]
    },
    {
        "id": "40",
        "image": "downloaded_images/Animals/Cow/image_20241105_153837_4.jpg",
        "conversations": [
            {
                "from": "human",
                "value": "<image>\nHow does this animal reproduce (mating habits, gestation period)?"
            },
            {
                "from": "gpt",
                "value": "Cows reproduce sexually. The mating habits involve a bull (male) and a cow (female). After mating, the gestation period for cows is approximately 9 months, similar to humans, after which a calf is born."
            }
        ]
    }
]