[
    {
        "id": "16",
        "image": "downloaded_images/Cartoon/Detective_Conan/image_20241018_103636_3.jpg",
        "conversations": [
            {
                "from": "human",
                "value": "<image>\nWhat is the title of this cartoon?"
            },
            {
                "from": "gpt",
                "value": "The title of this cartoon is \"Detective Conan.\""
            }
        ]
    },
    {
        "id": "17",
        "image": "downloaded_images/Cartoon/Detective_Conan/image_20241018_103711_7.jpg",
        "conversations": [
            {
                "from": "human",
                "value": "<image>\nWho created or produced this cartoon?"
            },
            {
                "from": "gpt",
                "value": "\"Detective Conan\" was created by Gosho Aoyama and is produced by TMS Entertainment."
            }
        ]
    },
    {
        "id": "18",
        "image": "downloaded_images/Cartoon/Detective_Conan/image_20241018_103735_10.jpg",
        "conversations": [
            {
                "from": "human",
                "value": "<image>\nWhen was this cartoon first released or aired?"
            },
            {
                "from": "gpt",
                "value": "\"Detective Conan\" first aired on January 17, 1996."
            }
        ]
    },
    {
        "id": "19",
        "image": "downloaded_images/Cartoon/Detective_Conan/image_20241018_103811_14.jpg",
        "conversations": [
            {
                "from": "human",
                "value": "<image>\nWho are the main characters in this cartoon?"
            },
            {
                "from": "gpt",
                "value": "The main characters include Shinichi Kudo (Detective Conan), Ran Mouri, Kogoro Mouri, and various supporting characters such as Heiji Hattori and Ai Haibara."
            }
        ]
    },
    {
        "id": "20",
        "image": "downloaded_images/Cartoon/Detective_Conan/image_20241018_103636_3.jpg",
        "conversations": [
            {
                "from": "human",
                "value": "<image>\nWhat is the central storyline or premise of this cartoon?"
            },
            {
                "from": "gpt",
                "value": "The central storyline follows Shinichi Kudo, a brilliant teenage detective who is transformed into a child after being poisoned. Adopting the alias \"Conan Edogawa,\" he continues to solve mysteries and crimes while searching for a way to regain his original body and track down the organization responsible for his transformation."
            }
        ]
    },
    {
        "id": "21",
        "image": "downloaded_images/Cartoon/Detective_Conan/image_20241106_154732_26.jpg",
        "conversations": [
            {
                "from": "human",
                "value": "<image>\nWhat is the title of this cartoon?"
            },
            {
                "from": "gpt",
                "value": "The title of this cartoon is \"Detective Conan.\""
            }
        ]
    },
    {
        "id": "22",
        "image": "downloaded_images/Cartoon/Detective_Conan/image_20241106_154607_19.jpg",
        "conversations": [
            {
                "from": "human",
                "value": "<image>\nWhat is the title of this cartoon?"
            },
            {
                "from": "gpt",
                "value": "The title of this cartoon is \"Detective Conan.\""
            }
        ]
    },
    {
        "id": "23",
        "image": "downloaded_images/Cartoon/Detective_Conan/image_20241106_154558_18.jpg",
        "conversations": [
            {
                "from": "human",
                "value": "<image>\nWhat is the title of this cartoon?"
            },
            {
                "from": "gpt",
                "value": "The title of this cartoon is \"Detective Conan.\""
            }
        ]
    },
    {
        "id": "24",
        "image": "downloaded_images/Cartoon/Detective_Conan/image_20241106_154625_21.jpg",
        "conversations": [
            {
                "from": "human",
                "value": "<image>\nWhat is the title of this cartoon?"
            },
            {
                "from": "gpt",
                "value": "The title of this cartoon is \"Detective Conan.\""
            }
        ]
    },
    {
        "id": "25",
        "image": "downloaded_images/Cartoon/Detective_Conan/image_20241106_154706_23.jpg",
        "conversations": [
            {
                "from": "human",
                "value": "<image>\nWhat is the title of this cartoon?"
            },
            {
                "from": "gpt",
                "value": "The title of this cartoon is \"Detective Conan.\""
            }
        ]
    },
    {
        "id": "26",
        "image": "downloaded_images/Cartoon/Detective_Conan/image_20241106_154550_17.jpg",
        "conversations": [
            {
                "from": "human",
                "value": "<image>\nWho created or produced this cartoon?"
            },
            {
                "from": "gpt",
                "value": "\"Detective Conan\" was created by Gosho Aoyama and is produced by TMS Entertainment."
            }
        ]
    },
    {
        "id": "27",
        "image": "downloaded_images/Cartoon/Detective_Conan/image_20241106_154832_28.jpg",
        "conversations": [
            {
                "from": "human",
                "value": "<image>\nWho created or produced this cartoon?"
            },
            {
                "from": "gpt",
                "value": "\"Detective Conan\" was created by Gosho Aoyama and is produced by TMS Entertainment."
            }
        ]
    },
    {
        "id": "28",
        "image": "downloaded_images/Cartoon/Detective_Conan/image_20241018_103703_6.jpg",
        "conversations": [
            {
                "from": "human",
                "value": "<image>\nWho created or produced this cartoon?"
            },
            {
                "from": "gpt",
                "value": "\"Detective Conan\" was created by Gosho Aoyama and is produced by TMS Entertainment."
            }
        ]
    },
    {
        "id": "29",
        "image": "downloaded_images/Cartoon/Detective_Conan/image_20241106_154558_18.jpg",
        "conversations": [
            {
                "from": "human",
                "value": "<image>\nWho created or produced this cartoon?"
            },
            {
                "from": "gpt",
                "value": "\"Detective Conan\" was created by Gosho Aoyama and is produced by TMS Entertainment."
            }
        ]
    },
    {
        "id": "30",
        "image": "downloaded_images/Cartoon/Detective_Conan/image_20241106_154352_6.jpg",
        "conversations": [
            {
                "from": "human",
                "value": "<image>\nWho created or produced this cartoon?"
            },
            {
                "from": "gpt",
                "value": "\"Detective Conan\" was created by Gosho Aoyama and is produced by TMS Entertainment."
            }
        ]
    },
    {
        "id": "31",
        "image": "downloaded_images/Cartoon/Detective_Conan/image_20241106_154832_28.jpg",
        "conversations": [
            {
                "from": "human",
                "value": "<image>\nWhen was this cartoon first released or aired?"
            },
            {
                "from": "gpt",
                "value": "\"Detective Conan\" first aired on January 17, 1996."
            }
        ]
    },
    {
        "id": "32",
        "image": "downloaded_images/Cartoon/Detective_Conan/image_20241106_154616_20.jpg",
        "conversations": [
            {
                "from": "human",
                "value": "<image>\nWhen was this cartoon first released or aired?"
            },
            {
                "from": "gpt",
                "value": "\"Detective Conan\" first aired on January 17, 1996."
            }
        ]
    },
    {
        "id": "33",
        "image": "downloaded_images/Cartoon/Detective_Conan/image_20241018_103719_8.jpg",
        "conversations": [
            {
                "from": "human",
                "value": "<image>\nWhen was this cartoon first released or aired?"
            },
            {
                "from": "gpt",
                "value": "\"Detective Conan\" first aired on January 17, 1996."
            }
        ]
    },
    {
        "id": "34",
        "image": "downloaded_images/Cartoon/Detective_Conan/image_20241106_154425_10.jpg",
        "conversations": [
            {
                "from": "human",
                "value": "<image>\nWhen was this cartoon first released or aired?"
            },
            {
                "from": "gpt",
                "value": "\"Detective Conan\" first aired on January 17, 1996."
            }
        ]
    },
    {
        "id": "35",
        "image": "downloaded_images/Cartoon/Detective_Conan/image_20241106_154550_17.jpg",
        "conversations": [
            {
                "from": "human",
                "value": "<image>\nWhen was this cartoon first released or aired?"
            },
            {
                "from": "gpt",
                "value": "\"Detective Conan\" first aired on January 17, 1996."
            }
        ]
    },
    {
        "id": "36",
        "image": "downloaded_images/Cartoon/Detective_Conan/image_20241106_154417_9.jpg",
        "conversations": [
            {
                "from": "human",
                "value": "<image>\nWho are the main characters in this cartoon?"
            },
            {
                "from": "gpt",
                "value": "The main characters include Shinichi Kudo (Detective Conan), Ran Mouri, Kogoro Mouri, and various supporting characters such as Heiji Hattori and Ai Haibara."
            }
        ]
    },
    {
        "id": "37",
        "image": "downloaded_images/Cartoon/Detective_Conan/image_20241106_154425_10.jpg",
        "conversations": [
            {
                "from": "human",
                "value": "<image>\nWho are the main characters in this cartoon?"
            },
            {
                "from": "gpt",
                "value": "The main characters include Shinichi Kudo (Detective Conan), Ran Mouri, Kogoro Mouri, and various supporting characters such as Heiji Hattori and Ai Haibara."
            }
        ]
    },
    {
        "id": "38",
        "image": "downloaded_images/Cartoon/Detective_Conan/image_20241106_154315_2.jpg",
        "conversations": [
            {
                "from": "human",
                "value": "<image>\nWho are the main characters in this cartoon?"
            },
            {
                "from": "gpt",
                "value": "The main characters include Shinichi Kudo (Detective Conan), Ran Mouri, Kogoro Mouri, and various supporting characters such as Heiji Hattori and Ai Haibara."
            }
        ]
    },
    {
        "id": "39",
        "image": "downloaded_images/Cartoon/Detective_Conan/image_20241106_154304_1.jpg",
        "conversations": [
            {
                "from": "human",
                "value": "<image>\nWho are the main characters in this cartoon?"
            },
            {
                "from": "gpt",
                "value": "The main characters include Shinichi Kudo (Detective Conan), Ran Mouri, Kogoro Mouri, and various supporting characters such as Heiji Hattori and Ai Haibara."
            }
        ]
    },
    {
        "id": "40",
        "image": "downloaded_images/Cartoon/Detective_Conan/image_20241106_154540_16.jpg",
        "conversations": [
            {
                "from": "human",
                "value": "<image>\nWho are the main characters in this cartoon?"
            },
            {
                "from": "gpt",
                "value": "The main characters include Shinichi Kudo (Detective Conan), Ran Mouri, Kogoro Mouri, and various supporting characters such as Heiji Hattori and Ai Haibara."
            }
        ]
    },
    {
        "id": "41",
        "image": "downloaded_images/Cartoon/Detective_Conan/image_20241018_103654_5.jpg",
        "conversations": [
            {
                "from": "human",
                "value": "<image>\nWhat is the central storyline or premise of this cartoon?"
            },
            {
                "from": "gpt",
                "value": "The central storyline follows Shinichi Kudo, a brilliant teenage detective who is transformed into a child after being poisoned. Adopting the alias \"Conan Edogawa,\" he continues to solve mysteries and crimes while searching for a way to regain his original body and track down the organization responsible for his transformation."
            }
        ]
    },
    {
        "id": "42",
        "image": "downloaded_images/Cartoon/Detective_Conan/image_20241106_154616_20.jpg",
        "conversations": [
            {
                "from": "human",
                "value": "<image>\nWhat is the central storyline or premise of this cartoon?"
            },
            {
                "from": "gpt",
                "value": "The central storyline follows Shinichi Kudo, a brilliant teenage detective who is transformed into a child after being poisoned. Adopting the alias \"Conan Edogawa,\" he continues to solve mysteries and crimes while searching for a way to regain his original body and track down the organization responsible for his transformation."
            }
        ]
    },
    {
        "id": "43",
        "image": "downloaded_images/Cartoon/Detective_Conan/image_20241106_154550_17.jpg",
        "conversations": [
            {
                "from": "human",
                "value": "<image>\nWhat is the central storyline or premise of this cartoon?"
            },
            {
                "from": "gpt",
                "value": "The central storyline follows Shinichi Kudo, a brilliant teenage detective who is transformed into a child after being poisoned. Adopting the alias \"Conan Edogawa,\" he continues to solve mysteries and crimes while searching for a way to regain his original body and track down the organization responsible for his transformation."
            }
        ]
    },
    {
        "id": "44",
        "image": "downloaded_images/Cartoon/Detective_Conan/image_20241018_103837_17.jpg",
        "conversations": [
            {
                "from": "human",
                "value": "<image>\nWhat is the central storyline or premise of this cartoon?"
            },
            {
                "from": "gpt",
                "value": "The central storyline follows Shinichi Kudo, a brilliant teenage detective who is transformed into a child after being poisoned. Adopting the alias \"Conan Edogawa,\" he continues to solve mysteries and crimes while searching for a way to regain his original body and track down the organization responsible for his transformation."
            }
        ]
    },
    {
        "id": "45",
        "image": "downloaded_images/Cartoon/Detective_Conan/image_20241106_154315_2.jpg",
        "conversations": [
            {
                "from": "human",
                "value": "<image>\nWhat is the central storyline or premise of this cartoon?"
            },
            {
                "from": "gpt",
                "value": "The central storyline follows Shinichi Kudo, a brilliant teenage detective who is transformed into a child after being poisoned. Adopting the alias \"Conan Edogawa,\" he continues to solve mysteries and crimes while searching for a way to regain his original body and track down the organization responsible for his transformation."
            }
        ]
    }
]