[
    {
        "id": "67",
        "image": "downloaded_images/Animals/Dolphin/image_20241017_191123_7.jpg",
        "conversations": [
            {
                "from": "human",
                "value": "<image>\nWhat is the common name of this animal?"
            },
            {
                "from": "gpt",
                "value": "Dolphin"
            }
        ]
    },
    {
        "id": "68",
        "image": "downloaded_images/Animals/Dolphin/image_20241017_191350_19.jpg",
        "conversations": [
            {
                "from": "human",
                "value": "<image>\nWhat family or order does it belong to?"
            },
            {
                "from": "gpt",
                "value": "Dolphins belong to the family Delphinidae and are part of the order Cetacea."
            }
        ]
    },
    {
        "id": "69",
        "image": "downloaded_images/Animals/Dolphin/image_20241017_191057_4.jpg",
        "conversations": [
            {
                "from": "human",
                "value": "<image>\nWhat does this animal eat (herbivore, carnivore, omnivore)?"
            },
            {
                "from": "gpt",
                "value": "Dolphins are carnivores, primarily feeding on fish, squid, and crustaceans."
            }
        ]
    },
    {
        "id": "70",
        "image": "downloaded_images/Animals/Dolphin/image_20241017_191316_16.jpg",
        "conversations": [
            {
                "from": "human",
                "value": "<image>\nIs it native to a specific region or found globally?"
            },
            {
                "from": "gpt",
                "value": "Dolphins are found globally in oceans and seas, although some species inhabit specific regions, such as river dolphins which are found in freshwater rivers."
            }
        ]
    },
    {
        "id": "71",
        "image": "downloaded_images/Animals/Dolphin/image_20241017_191341_18.jpg",
        "conversations": [
            {
                "from": "human",
                "value": "<image>\nHow does this animal reproduce (mating habits, gestation period)?"
            },
            {
                "from": "gpt",
                "value": "Dolphins typically engage in seasonal mating, and the gestation period for most species ranges from 10 to 12 months. After giving birth, mothers often nurse their calves for several months to a few years, depending on the species."
            }
        ]
    },
    {
        "id": "72",
        "image": "downloaded_images/Animals/Dolphin/image_20241106_103359_5.jpg",
        "conversations": [
            {
                "from": "human",
                "value": "<image>\nWhat is the common name of this animal?"
            },
            {
                "from": "gpt",
                "value": "Dolphin"
            }
        ]
    },
    {
        "id": "73",
        "image": "downloaded_images/Animals/Dolphin/image_20241017_191022_1.jpg",
        "conversations": [
            {
                "from": "human",
                "value": "<image>\nWhat is the common name of this animal?"
            },
            {
                "from": "gpt",
                "value": "Dolphin"
            }
        ]
    },
    {
        "id": "74",
        "image": "downloaded_images/Animals/Dolphin/image_20241106_103341_3.jpg",
        "conversations": [
            {
                "from": "human",
                "value": "<image>\nWhat is the common name of this animal?"
            },
            {
                "from": "gpt",
                "value": "Dolphin"
            }
        ]
    },
    {
        "id": "75",
        "image": "downloaded_images/Animals/Dolphin/image_20241106_103522_14.jpg",
        "conversations": [
            {
                "from": "human",
                "value": "<image>\nWhat is the common name of this animal?"
            },
            {
                "from": "gpt",
                "value": "Dolphin"
            }
        ]
    },
    {
        "id": "76",
        "image": "downloaded_images/Animals/Dolphin/image_20241106_103332_2.jpg",
        "conversations": [
            {
                "from": "human",
                "value": "<image>\nWhat is the common name of this animal?"
            },
            {
                "from": "gpt",
                "value": "Dolphin"
            }
        ]
    },
    {
        "id": "77",
        "image": "downloaded_images/Animals/Dolphin/image_20241106_103359_5.jpg",
        "conversations": [
            {
                "from": "human",
                "value": "<image>\nWhat family or order does it belong to?"
            },
            {
                "from": "gpt",
                "value": "Dolphins belong to the family Delphinidae and are part of the order Cetacea."
            }
        ]
    },
    {
        "id": "78",
        "image": "downloaded_images/Animals/Dolphin/image_20241106_103605_19.jpg",
        "conversations": [
            {
                "from": "human",
                "value": "<image>\nWhat family or order does it belong to?"
            },
            {
                "from": "gpt",
                "value": "Dolphins belong to the family Delphinidae and are part of the order Cetacea."
            }
        ]
    },
    {
        "id": "79",
        "image": "downloaded_images/Animals/Dolphin/image_20241017_191144_9.jpg",
        "conversations": [
            {
                "from": "human",
                "value": "<image>\nWhat family or order does it belong to?"
            },
            {
                "from": "gpt",
                "value": "Dolphins belong to the family Delphinidae and are part of the order Cetacea."
            }
        ]
    },
    {
        "id": "80",
        "image": "downloaded_images/Animals/Dolphin/image_20241106_103539_16.jpg",
        "conversations": [
            {
                "from": "human",
                "value": "<image>\nWhat family or order does it belong to?"
            },
            {
                "from": "gpt",
                "value": "Dolphins belong to the family Delphinidae and are part of the order Cetacea."
            }
        ]
    },
    {
        "id": "81",
        "image": "downloaded_images/Animals/Dolphin/image_20241017_191057_4.jpg",
        "conversations": [
            {
                "from": "human",
                "value": "<image>\nWhat family or order does it belong to?"
            },
            {
                "from": "gpt",
                "value": "Dolphins belong to the family Delphinidae and are part of the order Cetacea."
            }
        ]
    },
    {
        "id": "82",
        "image": "downloaded_images/Animals/Dolphin/image_20241017_191223_11.jpg",
        "conversations": [
            {
                "from": "human",
                "value": "<image>\nWhat does this animal eat (herbivore, carnivore, omnivore)?"
            },
            {
                "from": "gpt",
                "value": "Dolphins are carnivores, primarily feeding on fish, squid, and crustaceans."
            }
        ]
    },
    {
        "id": "83",
        "image": "downloaded_images/Animals/Dolphin/image_20241106_103447_10.jpg",
        "conversations": [
            {
                "from": "human",
                "value": "<image>\nWhat does this animal eat (herbivore, carnivore, omnivore)?"
            },
            {
                "from": "gpt",
                "value": "Dolphins are carnivores, primarily feeding on fish, squid, and crustaceans."
            }
        ]
    },
    {
        "id": "84",
        "image": "downloaded_images/Animals/Dolphin/image_20241106_103454_11.jpg",
        "conversations": [
            {
                "from": "human",
                "value": "<image>\nWhat does this animal eat (herbivore, carnivore, omnivore)?"
            },
            {
                "from": "gpt",
                "value": "Dolphins are carnivores, primarily feeding on fish, squid, and crustaceans."
            }
        ]
    },
    {
        "id": "85",
        "image": "downloaded_images/Animals/Dolphin/image_20241017_191350_19.jpg",
        "conversations": [
            {
                "from": "human",
                "value": "<image>\nWhat does this animal eat (herbivore, carnivore, omnivore)?"
            },
            {
                "from": "gpt",
                "value": "Dolphins are carnivores, primarily feeding on fish, squid, and crustaceans."
            }
        ]
    },
    {
        "id": "86",
        "image": "downloaded_images/Animals/Dolphin/image_20241017_191327_17.jpg",
        "conversations": [
            {
                "from": "human",
                "value": "<image>\nWhat does this animal eat (herbivore, carnivore, omnivore)?"
            },
            {
                "from": "gpt",
                "value": "Dolphins are carnivores, primarily feeding on fish, squid, and crustaceans."
            }
        ]
    },
    {
        "id": "87",
        "image": "downloaded_images/Animals/Dolphin/image_20241017_191047_3.jpg",
        "conversations": [
            {
                "from": "human",
                "value": "<image>\nIs it native to a specific region or found globally?"
            },
            {
                "from": "gpt",
                "value": "Dolphins are found globally in oceans and seas, although some species inhabit specific regions, such as river dolphins which are found in freshwater rivers."
            }
        ]
    },
    {
        "id": "88",
        "image": "downloaded_images/Animals/Dolphin/image_20241106_103438_9.jpg",
        "conversations": [
            {
                "from": "human",
                "value": "<image>\nIs it native to a specific region or found globally?"
            },
            {
                "from": "gpt",
                "value": "Dolphins are found globally in oceans and seas, although some species inhabit specific regions, such as river dolphins which are found in freshwater rivers."
            }
        ]
    },
    {
        "id": "89",
        "image": "downloaded_images/Animals/Dolphin/image_20241106_103707_26.jpg",
        "conversations": [
            {
                "from": "human",
                "value": "<image>\nIs it native to a specific region or found globally?"
            },
            {
                "from": "gpt",
                "value": "Dolphins are found globally in oceans and seas, although some species inhabit specific regions, such as river dolphins which are found in freshwater rivers."
            }
        ]
    },
    {
        "id": "90",
        "image": "downloaded_images/Animals/Dolphin/image_20241017_191057_4.jpg",
        "conversations": [
            {
                "from": "human",
                "value": "<image>\nIs it native to a specific region or found globally?"
            },
            {
                "from": "gpt",
                "value": "Dolphins are found globally in oceans and seas, although some species inhabit specific regions, such as river dolphins which are found in freshwater rivers."
            }
        ]
    },
    {
        "id": "91",
        "image": "downloaded_images/Animals/Dolphin/image_20241017_191341_18.jpg",
        "conversations": [
            {
                "from": "human",
                "value": "<image>\nIs it native to a specific region or found globally?"
            },
            {
                "from": "gpt",
                "value": "Dolphins are found globally in oceans and seas, although some species inhabit specific regions, such as river dolphins which are found in freshwater rivers."
            }
        ]
    },
    {
        "id": "92",
        "image": "downloaded_images/Animals/Dolphin/image_20241017_191057_4.jpg",
        "conversations": [
            {
                "from": "human",
                "value": "<image>\nHow does this animal reproduce (mating habits, gestation period)?"
            },
            {
                "from": "gpt",
                "value": "Dolphins typically engage in seasonal mating, and the gestation period for most species ranges from 10 to 12 months. After giving birth, mothers often nurse their calves for several months to a few years, depending on the species."
            }
        ]
    },
    {
        "id": "93",
        "image": "downloaded_images/Animals/Dolphin/image_20241017_191144_9.jpg",
        "conversations": [
            {
                "from": "human",
                "value": "<image>\nHow does this animal reproduce (mating habits, gestation period)?"
            },
            {
                "from": "gpt",
                "value": "Dolphins typically engage in seasonal mating, and the gestation period for most species ranges from 10 to 12 months. After giving birth, mothers often nurse their calves for several months to a few years, depending on the species."
            }
        ]
    },
    {
        "id": "94",
        "image": "downloaded_images/Animals/Dolphin/image_20241017_191022_1.jpg",
        "conversations": [
            {
                "from": "human",
                "value": "<image>\nHow does this animal reproduce (mating habits, gestation period)?"
            },
            {
                "from": "gpt",
                "value": "Dolphins typically engage in seasonal mating, and the gestation period for most species ranges from 10 to 12 months. After giving birth, mothers often nurse their calves for several months to a few years, depending on the species."
            }
        ]
    },
    {
        "id": "95",
        "image": "downloaded_images/Animals/Dolphin/image_20241106_103522_14.jpg",
        "conversations": [
            {
                "from": "human",
                "value": "<image>\nHow does this animal reproduce (mating habits, gestation period)?"
            },
            {
                "from": "gpt",
                "value": "Dolphins typically engage in seasonal mating, and the gestation period for most species ranges from 10 to 12 months. After giving birth, mothers often nurse their calves for several months to a few years, depending on the species."
            }
        ]
    },
    {
        "id": "96",
        "image": "downloaded_images/Animals/Dolphin/image_20241017_191034_2.jpg",
        "conversations": [
            {
                "from": "human",
                "value": "<image>\nHow does this animal reproduce (mating habits, gestation period)?"
            },
            {
                "from": "gpt",
                "value": "Dolphins typically engage in seasonal mating, and the gestation period for most species ranges from 10 to 12 months. After giving birth, mothers often nurse their calves for several months to a few years, depending on the species."
            }
        ]
    }
]