[
    {
        "id": "71",
        "image": "downloaded_images/Cartoon/Dragon_Ball/image_20241018_100124_8.jpg",
        "conversations": [
            {
                "from": "human",
                "value": "<image>\nWhat is the title of this cartoon?"
            },
            {
                "from": "gpt",
                "value": "The title of this cartoon is \"Dragon Ball.\""
            }
        ]
    },
    {
        "id": "72",
        "image": "downloaded_images/Cartoon/Dragon_Ball/image_20241018_100124_8.jpg",
        "conversations": [
            {
                "from": "human",
                "value": "<image>\nWho created or produced this cartoon?"
            },
            {
                "from": "gpt",
                "value": "\"Dragon Ball\" was created by Akira Toriyama and produced by Toei Animation."
            }
        ]
    },
    {
        "id": "73",
        "image": "downloaded_images/Cartoon/Dragon_Ball/image_20241106_151445_2.jpg",
        "conversations": [
            {
                "from": "human",
                "value": "<image>\nWhen was this cartoon first released or aired?"
            },
            {
                "from": "gpt",
                "value": "\"Dragon Ball\" first aired in Japan on February 26, 1986."
            }
        ]
    },
    {
        "id": "74",
        "image": "downloaded_images/Cartoon/Dragon_Ball/image_20241106_151445_2.jpg",
        "conversations": [
            {
                "from": "human",
                "value": "<image>\nWho are the main characters in this cartoon?"
            },
            {
                "from": "gpt",
                "value": "The main characters in \"Dragon Ball\" include Goku, Bulma, Master Roshi, Krillin, and Piccolo, among others."
            }
        ]
    },
    {
        "id": "75",
        "image": "downloaded_images/Cartoon/Dragon_Ball/image_20241106_151513_5.jpg",
        "conversations": [
            {
                "from": "human",
                "value": "<image>\nWhat is the central storyline or premise of this cartoon?"
            },
            {
                "from": "gpt",
                "value": "The central storyline of \"Dragon Ball\" follows the adventures of Goku, a young martial artist with a mysterious past, as he embarks on a quest to find the seven Dragon Balls, which summon a dragon that grants wishes. Throughout his journey, Goku trains in martial arts, makes friends, faces powerful foes, and grows stronger, ultimately becoming a legendary warrior. The series explores themes of friendship, perseverance, and the pursuit of strength."
            }
        ]
    },
    {
        "id": "76",
        "image": "downloaded_images/Cartoon/Dragon_Ball/image_20241106_151600_10.jpg",
        "conversations": [
            {
                "from": "human",
                "value": "<image>\nWhat is the title of this cartoon?"
            },
            {
                "from": "gpt",
                "value": "The title of this cartoon is \"Dragon Ball.\""
            }
        ]
    },
    {
        "id": "77",
        "image": "downloaded_images/Cartoon/Dragon_Ball/image_20241106_151542_8.jpg",
        "conversations": [
            {
                "from": "human",
                "value": "<image>\nWhat is the title of this cartoon?"
            },
            {
                "from": "gpt",
                "value": "The title of this cartoon is \"Dragon Ball.\""
            }
        ]
    },
    {
        "id": "78",
        "image": "downloaded_images/Cartoon/Dragon_Ball/image_20241106_151708_15.jpg",
        "conversations": [
            {
                "from": "human",
                "value": "<image>\nWhat is the title of this cartoon?"
            },
            {
                "from": "gpt",
                "value": "The title of this cartoon is \"Dragon Ball.\""
            }
        ]
    },
    {
        "id": "79",
        "image": "downloaded_images/Cartoon/Dragon_Ball/image_20241106_151632_11.jpg",
        "conversations": [
            {
                "from": "human",
                "value": "<image>\nWhat is the title of this cartoon?"
            },
            {
                "from": "gpt",
                "value": "The title of this cartoon is \"Dragon Ball.\""
            }
        ]
    },
    {
        "id": "80",
        "image": "downloaded_images/Cartoon/Dragon_Ball/image_20241106_151522_6.jpg",
        "conversations": [
            {
                "from": "human",
                "value": "<image>\nWhat is the title of this cartoon?"
            },
            {
                "from": "gpt",
                "value": "The title of this cartoon is \"Dragon Ball.\""
            }
        ]
    },
    {
        "id": "81",
        "image": "downloaded_images/Cartoon/Dragon_Ball/image_20241018_100139_10.jpg",
        "conversations": [
            {
                "from": "human",
                "value": "<image>\nWho created or produced this cartoon?"
            },
            {
                "from": "gpt",
                "value": "\"Dragon Ball\" was created by Akira Toriyama and produced by Toei Animation."
            }
        ]
    },
    {
        "id": "82",
        "image": "downloaded_images/Cartoon/Dragon_Ball/image_20241106_151435_1.jpg",
        "conversations": [
            {
                "from": "human",
                "value": "<image>\nWho created or produced this cartoon?"
            },
            {
                "from": "gpt",
                "value": "\"Dragon Ball\" was created by Akira Toriyama and produced by Toei Animation."
            }
        ]
    },
    {
        "id": "83",
        "image": "downloaded_images/Cartoon/Dragon_Ball/image_20241106_151812_22.jpg",
        "conversations": [
            {
                "from": "human",
                "value": "<image>\nWho created or produced this cartoon?"
            },
            {
                "from": "gpt",
                "value": "\"Dragon Ball\" was created by Akira Toriyama and produced by Toei Animation."
            }
        ]
    },
    {
        "id": "84",
        "image": "downloaded_images/Cartoon/Dragon_Ball/image_20241106_151641_12.jpg",
        "conversations": [
            {
                "from": "human",
                "value": "<image>\nWho created or produced this cartoon?"
            },
            {
                "from": "gpt",
                "value": "\"Dragon Ball\" was created by Akira Toriyama and produced by Toei Animation."
            }
        ]
    },
    {
        "id": "85",
        "image": "downloaded_images/Cartoon/Dragon_Ball/image_20241106_151455_3.jpg",
        "conversations": [
            {
                "from": "human",
                "value": "<image>\nWho created or produced this cartoon?"
            },
            {
                "from": "gpt",
                "value": "\"Dragon Ball\" was created by Akira Toriyama and produced by Toei Animation."
            }
        ]
    },
    {
        "id": "86",
        "image": "downloaded_images/Cartoon/Dragon_Ball/image_20241106_151650_13.jpg",
        "conversations": [
            {
                "from": "human",
                "value": "<image>\nWhen was this cartoon first released or aired?"
            },
            {
                "from": "gpt",
                "value": "\"Dragon Ball\" first aired in Japan on February 26, 1986."
            }
        ]
    },
    {
        "id": "87",
        "image": "downloaded_images/Cartoon/Dragon_Ball/image_20241106_151513_5.jpg",
        "conversations": [
            {
                "from": "human",
                "value": "<image>\nWhen was this cartoon first released or aired?"
            },
            {
                "from": "gpt",
                "value": "\"Dragon Ball\" first aired in Japan on February 26, 1986."
            }
        ]
    },
    {
        "id": "88",
        "image": "downloaded_images/Cartoon/Dragon_Ball/image_20241106_151812_22.jpg",
        "conversations": [
            {
                "from": "human",
                "value": "<image>\nWhen was this cartoon first released or aired?"
            },
            {
                "from": "gpt",
                "value": "\"Dragon Ball\" first aired in Japan on February 26, 1986."
            }
        ]
    },
    {
        "id": "89",
        "image": "downloaded_images/Cartoon/Dragon_Ball/image_20241106_151717_16.jpg",
        "conversations": [
            {
                "from": "human",
                "value": "<image>\nWhen was this cartoon first released or aired?"
            },
            {
                "from": "gpt",
                "value": "\"Dragon Ball\" first aired in Japan on February 26, 1986."
            }
        ]
    },
    {
        "id": "90",
        "image": "downloaded_images/Cartoon/Dragon_Ball/image_20241106_151659_14.jpg",
        "conversations": [
            {
                "from": "human",
                "value": "<image>\nWhen was this cartoon first released or aired?"
            },
            {
                "from": "gpt",
                "value": "\"Dragon Ball\" first aired in Japan on February 26, 1986."
            }
        ]
    },
    {
        "id": "91",
        "image": "downloaded_images/Cartoon/Dragon_Ball/image_20241106_151435_1.jpg",
        "conversations": [
            {
                "from": "human",
                "value": "<image>\nWho are the main characters in this cartoon?"
            },
            {
                "from": "gpt",
                "value": "The main characters in \"Dragon Ball\" include Goku, Bulma, Master Roshi, Krillin, and Piccolo, among others."
            }
        ]
    },
    {
        "id": "92",
        "image": "downloaded_images/Cartoon/Dragon_Ball/image_20241106_151812_22.jpg",
        "conversations": [
            {
                "from": "human",
                "value": "<image>\nWho are the main characters in this cartoon?"
            },
            {
                "from": "gpt",
                "value": "The main characters in \"Dragon Ball\" include Goku, Bulma, Master Roshi, Krillin, and Piccolo, among others."
            }
        ]
    },
    {
        "id": "93",
        "image": "downloaded_images/Cartoon/Dragon_Ball/image_20241106_151726_17.jpg",
        "conversations": [
            {
                "from": "human",
                "value": "<image>\nWho are the main characters in this cartoon?"
            },
            {
                "from": "gpt",
                "value": "The main characters in \"Dragon Ball\" include Goku, Bulma, Master Roshi, Krillin, and Piccolo, among others."
            }
        ]
    },
    {
        "id": "94",
        "image": "downloaded_images/Cartoon/Dragon_Ball/image_20241106_151734_18.jpg",
        "conversations": [
            {
                "from": "human",
                "value": "<image>\nWho are the main characters in this cartoon?"
            },
            {
                "from": "gpt",
                "value": "The main characters in \"Dragon Ball\" include Goku, Bulma, Master Roshi, Krillin, and Piccolo, among others."
            }
        ]
    },
    {
        "id": "95",
        "image": "downloaded_images/Cartoon/Dragon_Ball/image_20241106_151551_9.jpg",
        "conversations": [
            {
                "from": "human",
                "value": "<image>\nWho are the main characters in this cartoon?"
            },
            {
                "from": "gpt",
                "value": "The main characters in \"Dragon Ball\" include Goku, Bulma, Master Roshi, Krillin, and Piccolo, among others."
            }
        ]
    },
    {
        "id": "96",
        "image": "downloaded_images/Cartoon/Dragon_Ball/image_20241106_151858_27.jpg",
        "conversations": [
            {
                "from": "human",
                "value": "<image>\nWhat is the central storyline or premise of this cartoon?"
            },
            {
                "from": "gpt",
                "value": "The central storyline of \"Dragon Ball\" follows the adventures of Goku, a young martial artist with a mysterious past, as he embarks on a quest to find the seven Dragon Balls, which summon a dragon that grants wishes. Throughout his journey, Goku trains in martial arts, makes friends, faces powerful foes, and grows stronger, ultimately becoming a legendary warrior. The series explores themes of friendship, perseverance, and the pursuit of strength."
            }
        ]
    },
    {
        "id": "97",
        "image": "downloaded_images/Cartoon/Dragon_Ball/image_20241018_100117_7.jpg",
        "conversations": [
            {
                "from": "human",
                "value": "<image>\nWhat is the central storyline or premise of this cartoon?"
            },
            {
                "from": "gpt",
                "value": "The central storyline of \"Dragon Ball\" follows the adventures of Goku, a young martial artist with a mysterious past, as he embarks on a quest to find the seven Dragon Balls, which summon a dragon that grants wishes. Throughout his journey, Goku trains in martial arts, makes friends, faces powerful foes, and grows stronger, ultimately becoming a legendary warrior. The series explores themes of friendship, perseverance, and the pursuit of strength."
            }
        ]
    },
    {
        "id": "98",
        "image": "downloaded_images/Cartoon/Dragon_Ball/image_20241106_151820_23.jpg",
        "conversations": [
            {
                "from": "human",
                "value": "<image>\nWhat is the central storyline or premise of this cartoon?"
            },
            {
                "from": "gpt",
                "value": "The central storyline of \"Dragon Ball\" follows the adventures of Goku, a young martial artist with a mysterious past, as he embarks on a quest to find the seven Dragon Balls, which summon a dragon that grants wishes. Throughout his journey, Goku trains in martial arts, makes friends, faces powerful foes, and grows stronger, ultimately becoming a legendary warrior. The series explores themes of friendship, perseverance, and the pursuit of strength."
            }
        ]
    },
    {
        "id": "99",
        "image": "downloaded_images/Cartoon/Dragon_Ball/image_20241106_151717_16.jpg",
        "conversations": [
            {
                "from": "human",
                "value": "<image>\nWhat is the central storyline or premise of this cartoon?"
            },
            {
                "from": "gpt",
                "value": "The central storyline of \"Dragon Ball\" follows the adventures of Goku, a young martial artist with a mysterious past, as he embarks on a quest to find the seven Dragon Balls, which summon a dragon that grants wishes. Throughout his journey, Goku trains in martial arts, makes friends, faces powerful foes, and grows stronger, ultimately becoming a legendary warrior. The series explores themes of friendship, perseverance, and the pursuit of strength."
            }
        ]
    },
    {
        "id": "100",
        "image": "downloaded_images/Cartoon/Dragon_Ball/image_20241106_151752_20.jpg",
        "conversations": [
            {
                "from": "human",
                "value": "<image>\nWhat is the central storyline or premise of this cartoon?"
            },
            {
                "from": "gpt",
                "value": "The central storyline of \"Dragon Ball\" follows the adventures of Goku, a young martial artist with a mysterious past, as he embarks on a quest to find the seven Dragon Balls, which summon a dragon that grants wishes. Throughout his journey, Goku trains in martial arts, makes friends, faces powerful foes, and grows stronger, ultimately becoming a legendary warrior. The series explores themes of friendship, perseverance, and the pursuit of strength."
            }
        ]
    }
]