[
    {
        "id": "10",
        "image": "downloaded_images/Buildings/Eiffel_Tower/image_20241017_212834_5.jpg",
        "conversations": [
            {
                "from": "human",
                "value": "<image>\nWhat is the name of this building?"
            },
            {
                "from": "gpt",
                "value": "The name of this building is the Eiffel Tower."
            }
        ]
    },
    {
        "id": "11",
        "image": "downloaded_images/Buildings/Eiffel_Tower/image_20241017_212903_7.jpg",
        "conversations": [
            {
                "from": "human",
                "value": "<image>\nWhere is it located?"
            },
            {
                "from": "gpt",
                "value": "It is located in Paris, France."
            }
        ]
    },
    {
        "id": "12",
        "image": "downloaded_images/Buildings/Eiffel_Tower/image_20241017_212823_4.jpg",
        "conversations": [
            {
                "from": "human",
                "value": "<image>\nWhat was the original purpose of the building?"
            },
            {
                "from": "gpt",
                "value": "The original purpose of the Eiffel Tower was to serve as the entrance arch for the 1889 Exposition Universelle (World's Fair), which was held to celebrate the 100th anniversary of the French Revolution."
            }
        ]
    },
    {
        "id": "13",
        "image": "downloaded_images/Buildings/Eiffel_Tower/image_20241017_212932_9.jpg",
        "conversations": [
            {
                "from": "human",
                "value": "<image>\nIs the building open to the public?"
            },
            {
                "from": "gpt",
                "value": "Yes, the Eiffel Tower is open to the public and is one of the most visited monuments in the world. Visitors can access various levels of the tower, including observation decks that offer stunning views of Paris."
            }
        ]
    },
    {
        "id": "14",
        "image": "downloaded_images/Buildings/Eiffel_Tower/image_20241106_114131_26.jpg",
        "conversations": [
            {
                "from": "human",
                "value": "<image>\nWhat is the name of this building?"
            },
            {
                "from": "gpt",
                "value": "The name of this building is the Eiffel Tower."
            }
        ]
    },
    {
        "id": "15",
        "image": "downloaded_images/Buildings/Eiffel_Tower/image_20241106_113944_14.jpg",
        "conversations": [
            {
                "from": "human",
                "value": "<image>\nWhat is the name of this building?"
            },
            {
                "from": "gpt",
                "value": "The name of this building is the Eiffel Tower."
            }
        ]
    },
    {
        "id": "16",
        "image": "downloaded_images/Buildings/Eiffel_Tower/image_20241106_114039_20.jpg",
        "conversations": [
            {
                "from": "human",
                "value": "<image>\nWhat is the name of this building?"
            },
            {
                "from": "gpt",
                "value": "The name of this building is the Eiffel Tower."
            }
        ]
    },
    {
        "id": "17",
        "image": "downloaded_images/Buildings/Eiffel_Tower/image_20241106_113746_1.jpg",
        "conversations": [
            {
                "from": "human",
                "value": "<image>\nWhat is the name of this building?"
            },
            {
                "from": "gpt",
                "value": "The name of this building is the Eiffel Tower."
            }
        ]
    },
    {
        "id": "18",
        "image": "downloaded_images/Buildings/Eiffel_Tower/image_20241106_114105_23.jpg",
        "conversations": [
            {
                "from": "human",
                "value": "<image>\nWhat is the name of this building?"
            },
            {
                "from": "gpt",
                "value": "The name of this building is the Eiffel Tower."
            }
        ]
    },
    {
        "id": "19",
        "image": "downloaded_images/Buildings/Eiffel_Tower/image_20241017_212744_1.jpg",
        "conversations": [
            {
                "from": "human",
                "value": "<image>\nWhere is it located?"
            },
            {
                "from": "gpt",
                "value": "It is located in Paris, France."
            }
        ]
    },
    {
        "id": "20",
        "image": "downloaded_images/Buildings/Eiffel_Tower/image_20241106_113917_11.jpg",
        "conversations": [
            {
                "from": "human",
                "value": "<image>\nWhere is it located?"
            },
            {
                "from": "gpt",
                "value": "It is located in Paris, France."
            }
        ]
    },
    {
        "id": "21",
        "image": "downloaded_images/Buildings/Eiffel_Tower/image_20241017_212932_9.jpg",
        "conversations": [
            {
                "from": "human",
                "value": "<image>\nWhere is it located?"
            },
            {
                "from": "gpt",
                "value": "It is located in Paris, France."
            }
        ]
    },
    {
        "id": "22",
        "image": "downloaded_images/Buildings/Eiffel_Tower/image_20241106_113900_9.jpg",
        "conversations": [
            {
                "from": "human",
                "value": "<image>\nWhere is it located?"
            },
            {
                "from": "gpt",
                "value": "It is located in Paris, France."
            }
        ]
    },
    {
        "id": "23",
        "image": "downloaded_images/Buildings/Eiffel_Tower/image_20241106_114011_17.jpg",
        "conversations": [
            {
                "from": "human",
                "value": "<image>\nWhere is it located?"
            },
            {
                "from": "gpt",
                "value": "It is located in Paris, France."
            }
        ]
    },
    {
        "id": "24",
        "image": "downloaded_images/Buildings/Eiffel_Tower/image_20241017_212834_5.jpg",
        "conversations": [
            {
                "from": "human",
                "value": "<image>\nWhat was the original purpose of the building?"
            },
            {
                "from": "gpt",
                "value": "The original purpose of the Eiffel Tower was to serve as the entrance arch for the 1889 Exposition Universelle (World's Fair), which was held to celebrate the 100th anniversary of the French Revolution."
            }
        ]
    },
    {
        "id": "25",
        "image": "downloaded_images/Buildings/Eiffel_Tower/image_20241106_114011_17.jpg",
        "conversations": [
            {
                "from": "human",
                "value": "<image>\nWhat was the original purpose of the building?"
            },
            {
                "from": "gpt",
                "value": "The original purpose of the Eiffel Tower was to serve as the entrance arch for the 1889 Exposition Universelle (World's Fair), which was held to celebrate the 100th anniversary of the French Revolution."
            }
        ]
    },
    {
        "id": "26",
        "image": "downloaded_images/Buildings/Eiffel_Tower/image_20241106_113815_4.jpg",
        "conversations": [
            {
                "from": "human",
                "value": "<image>\nWhat was the original purpose of the building?"
            },
            {
                "from": "gpt",
                "value": "The original purpose of the Eiffel Tower was to serve as the entrance arch for the 1889 Exposition Universelle (World's Fair), which was held to celebrate the 100th anniversary of the French Revolution."
            }
        ]
    },
    {
        "id": "27",
        "image": "downloaded_images/Buildings/Eiffel_Tower/image_20241017_212932_9.jpg",
        "conversations": [
            {
                "from": "human",
                "value": "<image>\nWhat was the original purpose of the building?"
            },
            {
                "from": "gpt",
                "value": "The original purpose of the Eiffel Tower was to serve as the entrance arch for the 1889 Exposition Universelle (World's Fair), which was held to celebrate the 100th anniversary of the French Revolution."
            }
        ]
    },
    {
        "id": "28",
        "image": "downloaded_images/Buildings/Eiffel_Tower/image_20241106_113944_14.jpg",
        "conversations": [
            {
                "from": "human",
                "value": "<image>\nWhat was the original purpose of the building?"
            },
            {
                "from": "gpt",
                "value": "The original purpose of the Eiffel Tower was to serve as the entrance arch for the 1889 Exposition Universelle (World's Fair), which was held to celebrate the 100th anniversary of the French Revolution."
            }
        ]
    },
    {
        "id": "29",
        "image": "downloaded_images/Buildings/Eiffel_Tower/image_20241106_114105_23.jpg",
        "conversations": [
            {
                "from": "human",
                "value": "<image>\nIs the building open to the public?"
            },
            {
                "from": "gpt",
                "value": "Yes, the Eiffel Tower is open to the public and is one of the most visited monuments in the world. Visitors can access various levels of the tower, including observation decks that offer stunning views of Paris."
            }
        ]
    },
    {
        "id": "30",
        "image": "downloaded_images/Buildings/Eiffel_Tower/image_20241106_113833_6.jpg",
        "conversations": [
            {
                "from": "human",
                "value": "<image>\nIs the building open to the public?"
            },
            {
                "from": "gpt",
                "value": "Yes, the Eiffel Tower is open to the public and is one of the most visited monuments in the world. Visitors can access various levels of the tower, including observation decks that offer stunning views of Paris."
            }
        ]
    },
    {
        "id": "31",
        "image": "downloaded_images/Buildings/Eiffel_Tower/image_20241017_213233_20.jpg",
        "conversations": [
            {
                "from": "human",
                "value": "<image>\nIs the building open to the public?"
            },
            {
                "from": "gpt",
                "value": "Yes, the Eiffel Tower is open to the public and is one of the most visited monuments in the world. Visitors can access various levels of the tower, including observation decks that offer stunning views of Paris."
            }
        ]
    },
    {
        "id": "32",
        "image": "downloaded_images/Buildings/Eiffel_Tower/image_20241017_212744_1.jpg",
        "conversations": [
            {
                "from": "human",
                "value": "<image>\nIs the building open to the public?"
            },
            {
                "from": "gpt",
                "value": "Yes, the Eiffel Tower is open to the public and is one of the most visited monuments in the world. Visitors can access various levels of the tower, including observation decks that offer stunning views of Paris."
            }
        ]
    },
    {
        "id": "33",
        "image": "downloaded_images/Buildings/Eiffel_Tower/image_20241017_212955_11.jpg",
        "conversations": [
            {
                "from": "human",
                "value": "<image>\nIs the building open to the public?"
            },
            {
                "from": "gpt",
                "value": "Yes, the Eiffel Tower is open to the public and is one of the most visited monuments in the world. Visitors can access various levels of the tower, including observation decks that offer stunning views of Paris."
            }
        ]
    }
]