[
    {
        "id": "26",
        "image": "downloaded_images/Personage/Elon_Musk/image_20241016_194643_18.jpg",
        "conversations": [
            {
                "from": "human",
                "value": "<image>\nWhat is this person's name?"
            },
            {
                "from": "gpt",
                "value": "Elon Musk"
            }
        ]
    },
    {
        "id": "27",
        "image": "downloaded_images/Personage/Elon_Musk/image_20241018_150454_11.jpg",
        "conversations": [
            {
                "from": "human",
                "value": "<image>\nWhen and where was this person born?"
            },
            {
                "from": "gpt",
                "value": "Elon Musk was born on June 28, 1971, in Pretoria, South Africa."
            }
        ]
    },
    {
        "id": "28",
        "image": "downloaded_images/Personage/Elon_Musk/image_20241016_145940_9.jpg",
        "conversations": [
            {
                "from": "human",
                "value": "<image>\nWhat is this person's profession?"
            },
            {
                "from": "gpt",
                "value": "Elon Musk is an entrepreneur, engineer, and inventor."
            }
        ]
    },
    {
        "id": "29",
        "image": "downloaded_images/Personage/Elon_Musk/image_20241016_145829_1.jpg",
        "conversations": [
            {
                "from": "human",
                "value": "<image>\nWhat are the famous works or achievements of this person?"
            },
            {
                "from": "gpt",
                "value": "Elon Musk is known for founding and leading several high-profile companies, including:\n   - Tesla, Inc., an electric vehicle and clean energy company.\n   - SpaceX, a private aerospace manufacturer and space transportation company.\n   - Neuralink, a neurotechnology company focused on developing brain-computer interfaces.\n   - The Boring Company, which focuses on tunnel construction and infrastructure.\n   - Co-founding PayPal, an online payment system."
            }
        ]
    },
    {
        "id": "30",
        "image": "downloaded_images/Personage/Elon_Musk/image_20241018_150621_21.jpg",
        "conversations": [
            {
                "from": "human",
                "value": "<image>\nWhat contributions has this person made to society or industry?"
            },
            {
                "from": "gpt",
                "value": "Elon Musk has made significant contributions to various industries, including:\n   - Advancing electric vehicles and renewable energy through Tesla, promoting sustainable transportation and energy solutions.\n   - Revolutionizing space travel with SpaceX, reducing the cost of space exploration and aiming for Mars colonization.\n   - Innovating in transportation with the Hyperloop concept and developing tunneling technologies to alleviate urban congestion.\n   - Pioneering advancements in artificial intelligence and brain-computer interfaces with Neuralink, potentially transforming healthcare and human capabilities.\n   - Advocating for the use of solar energy and battery storage, contributing to the fight against climate change."
            }
        ]
    },
    {
        "id": "31",
        "image": "downloaded_images/Personage/Elon_Musk/image_20241018_150631_22.jpg",
        "conversations": [
            {
                "from": "human",
                "value": "<image>\nWhat is this person's name?"
            },
            {
                "from": "gpt",
                "value": "Elon Musk"
            }
        ]
    },
    {
        "id": "32",
        "image": "downloaded_images/Personage/Elon_Musk/image_20241018_150308_1.jpg",
        "conversations": [
            {
                "from": "human",
                "value": "<image>\nWhat is this person's name?"
            },
            {
                "from": "gpt",
                "value": "Elon Musk"
            }
        ]
    },
    {
        "id": "33",
        "image": "downloaded_images/Personage/Elon_Musk/image_20241107_123521_11.jpg",
        "conversations": [
            {
                "from": "human",
                "value": "<image>\nWhat is this person's name?"
            },
            {
                "from": "gpt",
                "value": "Elon Musk"
            }
        ]
    },
    {
        "id": "34",
        "image": "downloaded_images/Personage/Elon_Musk/image_20241107_123537_13.jpg",
        "conversations": [
            {
                "from": "human",
                "value": "<image>\nWhat is this person's name?"
            },
            {
                "from": "gpt",
                "value": "Elon Musk"
            }
        ]
    },
    {
        "id": "35",
        "image": "downloaded_images/Personage/Elon_Musk/image_20241107_123756_28.jpg",
        "conversations": [
            {
                "from": "human",
                "value": "<image>\nWhat is this person's name?"
            },
            {
                "from": "gpt",
                "value": "Elon Musk"
            }
        ]
    },
    {
        "id": "36",
        "image": "downloaded_images/Personage/Elon_Musk/image_20241107_123401_2.jpg",
        "conversations": [
            {
                "from": "human",
                "value": "<image>\nWhen and where was this person born?"
            },
            {
                "from": "gpt",
                "value": "Elon Musk was born on June 28, 1971, in Pretoria, South Africa."
            }
        ]
    },
    {
        "id": "37",
        "image": "downloaded_images/Personage/Elon_Musk/image_20241107_123611_17.jpg",
        "conversations": [
            {
                "from": "human",
                "value": "<image>\nWhen and where was this person born?"
            },
            {
                "from": "gpt",
                "value": "Elon Musk was born on June 28, 1971, in Pretoria, South Africa."
            }
        ]
    },
    {
        "id": "38",
        "image": "downloaded_images/Personage/Elon_Musk/image_20241018_150605_19.jpg",
        "conversations": [
            {
                "from": "human",
                "value": "<image>\nWhen and where was this person born?"
            },
            {
                "from": "gpt",
                "value": "Elon Musk was born on June 28, 1971, in Pretoria, South Africa."
            }
        ]
    },
    {
        "id": "39",
        "image": "downloaded_images/Personage/Elon_Musk/image_20241107_123630_19.jpg",
        "conversations": [
            {
                "from": "human",
                "value": "<image>\nWhen and where was this person born?"
            },
            {
                "from": "gpt",
                "value": "Elon Musk was born on June 28, 1971, in Pretoria, South Africa."
            }
        ]
    },
    {
        "id": "40",
        "image": "downloaded_images/Personage/Elon_Musk/image_20241016_145907_5.jpg",
        "conversations": [
            {
                "from": "human",
                "value": "<image>\nWhen and where was this person born?"
            },
            {
                "from": "gpt",
                "value": "Elon Musk was born on June 28, 1971, in Pretoria, South Africa."
            }
        ]
    },
    {
        "id": "41",
        "image": "downloaded_images/Personage/Elon_Musk/image_20241107_123431_5.jpg",
        "conversations": [
            {
                "from": "human",
                "value": "<image>\nWhat is this person's profession?"
            },
            {
                "from": "gpt",
                "value": "Elon Musk is an entrepreneur, engineer, and inventor."
            }
        ]
    },
    {
        "id": "42",
        "image": "downloaded_images/Personage/Elon_Musk/image_20241018_150308_1.jpg",
        "conversations": [
            {
                "from": "human",
                "value": "<image>\nWhat is this person's profession?"
            },
            {
                "from": "gpt",
                "value": "Elon Musk is an entrepreneur, engineer, and inventor."
            }
        ]
    },
    {
        "id": "43",
        "image": "downloaded_images/Personage/Elon_Musk/image_20241018_150605_19.jpg",
        "conversations": [
            {
                "from": "human",
                "value": "<image>\nWhat is this person's profession?"
            },
            {
                "from": "gpt",
                "value": "Elon Musk is an entrepreneur, engineer, and inventor."
            }
        ]
    },
    {
        "id": "44",
        "image": "downloaded_images/Personage/Elon_Musk/image_20241107_123611_17.jpg",
        "conversations": [
            {
                "from": "human",
                "value": "<image>\nWhat is this person's profession?"
            },
            {
                "from": "gpt",
                "value": "Elon Musk is an entrepreneur, engineer, and inventor."
            }
        ]
    },
    {
        "id": "45",
        "image": "downloaded_images/Personage/Elon_Musk/image_20241018_150454_11.jpg",
        "conversations": [
            {
                "from": "human",
                "value": "<image>\nWhat is this person's profession?"
            },
            {
                "from": "gpt",
                "value": "Elon Musk is an entrepreneur, engineer, and inventor."
            }
        ]
    },
    {
        "id": "46",
        "image": "downloaded_images/Personage/Elon_Musk/image_20241016_194635_17.jpg",
        "conversations": [
            {
                "from": "human",
                "value": "<image>\nWhat are the famous works or achievements of this person?"
            },
            {
                "from": "gpt",
                "value": "Elon Musk is known for founding and leading several high-profile companies, including:\n   - Tesla, Inc., an electric vehicle and clean energy company.\n   - SpaceX, a private aerospace manufacturer and space transportation company.\n   - Neuralink, a neurotechnology company focused on developing brain-computer interfaces.\n   - The Boring Company, which focuses on tunnel construction and infrastructure.\n   - Co-founding PayPal, an online payment system."
            }
        ]
    },
    {
        "id": "47",
        "image": "downloaded_images/Personage/Elon_Musk/image_20241016_194513_8.jpg",
        "conversations": [
            {
                "from": "human",
                "value": "<image>\nWhat are the famous works or achievements of this person?"
            },
            {
                "from": "gpt",
                "value": "Elon Musk is known for founding and leading several high-profile companies, including:\n   - Tesla, Inc., an electric vehicle and clean energy company.\n   - SpaceX, a private aerospace manufacturer and space transportation company.\n   - Neuralink, a neurotechnology company focused on developing brain-computer interfaces.\n   - The Boring Company, which focuses on tunnel construction and infrastructure.\n   - Co-founding PayPal, an online payment system."
            }
        ]
    },
    {
        "id": "48",
        "image": "downloaded_images/Personage/Elon_Musk/image_20241018_150655_25.jpg",
        "conversations": [
            {
                "from": "human",
                "value": "<image>\nWhat are the famous works or achievements of this person?"
            },
            {
                "from": "gpt",
                "value": "Elon Musk is known for founding and leading several high-profile companies, including:\n   - Tesla, Inc., an electric vehicle and clean energy company.\n   - SpaceX, a private aerospace manufacturer and space transportation company.\n   - Neuralink, a neurotechnology company focused on developing brain-computer interfaces.\n   - The Boring Company, which focuses on tunnel construction and infrastructure.\n   - Co-founding PayPal, an online payment system."
            }
        ]
    },
    {
        "id": "49",
        "image": "downloaded_images/Personage/Elon_Musk/image_20241016_150007_12.jpg",
        "conversations": [
            {
                "from": "human",
                "value": "<image>\nWhat are the famous works or achievements of this person?"
            },
            {
                "from": "gpt",
                "value": "Elon Musk is known for founding and leading several high-profile companies, including:\n   - Tesla, Inc., an electric vehicle and clean energy company.\n   - SpaceX, a private aerospace manufacturer and space transportation company.\n   - Neuralink, a neurotechnology company focused on developing brain-computer interfaces.\n   - The Boring Company, which focuses on tunnel construction and infrastructure.\n   - Co-founding PayPal, an online payment system."
            }
        ]
    },
    {
        "id": "50",
        "image": "downloaded_images/Personage/Elon_Musk/image_20241016_150015_13.jpg",
        "conversations": [
            {
                "from": "human",
                "value": "<image>\nWhat are the famous works or achievements of this person?"
            },
            {
                "from": "gpt",
                "value": "Elon Musk is known for founding and leading several high-profile companies, including:\n   - Tesla, Inc., an electric vehicle and clean energy company.\n   - SpaceX, a private aerospace manufacturer and space transportation company.\n   - Neuralink, a neurotechnology company focused on developing brain-computer interfaces.\n   - The Boring Company, which focuses on tunnel construction and infrastructure.\n   - Co-founding PayPal, an online payment system."
            }
        ]
    },
    {
        "id": "51",
        "image": "downloaded_images/Personage/Elon_Musk/image_20241107_123409_3.jpg",
        "conversations": [
            {
                "from": "human",
                "value": "<image>\nWhat contributions has this person made to society or industry?"
            },
            {
                "from": "gpt",
                "value": "Elon Musk has made significant contributions to various industries, including:\n   - Advancing electric vehicles and renewable energy through Tesla, promoting sustainable transportation and energy solutions.\n   - Revolutionizing space travel with SpaceX, reducing the cost of space exploration and aiming for Mars colonization.\n   - Innovating in transportation with the Hyperloop concept and developing tunneling technologies to alleviate urban congestion.\n   - Pioneering advancements in artificial intelligence and brain-computer interfaces with Neuralink, potentially transforming healthcare and human capabilities.\n   - Advocating for the use of solar energy and battery storage, contributing to the fight against climate change."
            }
        ]
    },
    {
        "id": "52",
        "image": "downloaded_images/Personage/Elon_Musk/image_20241107_123727_25.jpg",
        "conversations": [
            {
                "from": "human",
                "value": "<image>\nWhat contributions has this person made to society or industry?"
            },
            {
                "from": "gpt",
                "value": "Elon Musk has made significant contributions to various industries, including:\n   - Advancing electric vehicles and renewable energy through Tesla, promoting sustainable transportation and energy solutions.\n   - Revolutionizing space travel with SpaceX, reducing the cost of space exploration and aiming for Mars colonization.\n   - Innovating in transportation with the Hyperloop concept and developing tunneling technologies to alleviate urban congestion.\n   - Pioneering advancements in artificial intelligence and brain-computer interfaces with Neuralink, potentially transforming healthcare and human capabilities.\n   - Advocating for the use of solar energy and battery storage, contributing to the fight against climate change."
            }
        ]
    },
    {
        "id": "53",
        "image": "downloaded_images/Personage/Elon_Musk/image_20241107_123537_13.jpg",
        "conversations": [
            {
                "from": "human",
                "value": "<image>\nWhat contributions has this person made to society or industry?"
            },
            {
                "from": "gpt",
                "value": "Elon Musk has made significant contributions to various industries, including:\n   - Advancing electric vehicles and renewable energy through Tesla, promoting sustainable transportation and energy solutions.\n   - Revolutionizing space travel with SpaceX, reducing the cost of space exploration and aiming for Mars colonization.\n   - Innovating in transportation with the Hyperloop concept and developing tunneling technologies to alleviate urban congestion.\n   - Pioneering advancements in artificial intelligence and brain-computer interfaces with Neuralink, potentially transforming healthcare and human capabilities.\n   - Advocating for the use of solar energy and battery storage, contributing to the fight against climate change."
            }
        ]
    },
    {
        "id": "54",
        "image": "downloaded_images/Personage/Elon_Musk/image_20241018_150556_18.jpg",
        "conversations": [
            {
                "from": "human",
                "value": "<image>\nWhat contributions has this person made to society or industry?"
            },
            {
                "from": "gpt",
                "value": "Elon Musk has made significant contributions to various industries, including:\n   - Advancing electric vehicles and renewable energy through Tesla, promoting sustainable transportation and energy solutions.\n   - Revolutionizing space travel with SpaceX, reducing the cost of space exploration and aiming for Mars colonization.\n   - Innovating in transportation with the Hyperloop concept and developing tunneling technologies to alleviate urban congestion.\n   - Pioneering advancements in artificial intelligence and brain-computer interfaces with Neuralink, potentially transforming healthcare and human capabilities.\n   - Advocating for the use of solar energy and battery storage, contributing to the fight against climate change."
            }
        ]
    },
    {
        "id": "55",
        "image": "downloaded_images/Personage/Elon_Musk/image_20241018_150612_20.jpg",
        "conversations": [
            {
                "from": "human",
                "value": "<image>\nWhat contributions has this person made to society or industry?"
            },
            {
                "from": "gpt",
                "value": "Elon Musk has made significant contributions to various industries, including:\n   - Advancing electric vehicles and renewable energy through Tesla, promoting sustainable transportation and energy solutions.\n   - Revolutionizing space travel with SpaceX, reducing the cost of space exploration and aiming for Mars colonization.\n   - Innovating in transportation with the Hyperloop concept and developing tunneling technologies to alleviate urban congestion.\n   - Pioneering advancements in artificial intelligence and brain-computer interfaces with Neuralink, potentially transforming healthcare and human capabilities.\n   - Advocating for the use of solar energy and battery storage, contributing to the fight against climate change."
            }
        ]
    }
]