[
    {
        "id": "9",
        "image": "downloaded_images/Movies/Flipped/image_20241107_120503_1.jpg",
        "conversations": [
            {
                "from": "human",
                "value": "<image>\nWhat is the title of this movie?"
            },
            {
                "from": "gpt",
                "value": "The title of the movie is \"Flipped.\""
            }
        ]
    },
    {
        "id": "10",
        "image": "downloaded_images/Movies/Flipped/image_20241018_144114_3.jpg",
        "conversations": [
            {
                "from": "human",
                "value": "<image>\nWho directed this film?"
            },
            {
                "from": "gpt",
                "value": "The film was directed by Rob Reiner."
            }
        ]
    },
    {
        "id": "11",
        "image": "downloaded_images/Movies/Flipped/image_20241107_120532_4.jpg",
        "conversations": [
            {
                "from": "human",
                "value": "<image>\nWhat is the central plot or storyline of this movie?"
            },
            {
                "from": "gpt",
                "value": "\"Flipped\" is a coming-of-age romantic comedy-drama that follows the story of two young neighbors, Juli Baker and Bryce Loski, from their childhood through their early teenage years. The film explores their evolving relationship as Juli has a crush on Bryce, while Bryce initially struggles with his feelings for her. The story is told from both Juli's and Bryce's perspectives, highlighting themes of love, friendship, and the challenges of growing up."
            }
        ]
    },
    {
        "id": "12",
        "image": "downloaded_images/Movies/Flipped/image_20241107_120558_7.jpg",
        "conversations": [
            {
                "from": "human",
                "value": "<image>\nWhat is the title of this movie?"
            },
            {
                "from": "gpt",
                "value": "The title of the movie is \"Flipped.\""
            }
        ]
    },
    {
        "id": "13",
        "image": "downloaded_images/Movies/Flipped/image_20241107_120847_22.jpg",
        "conversations": [
            {
                "from": "human",
                "value": "<image>\nWhat is the title of this movie?"
            },
            {
                "from": "gpt",
                "value": "The title of the movie is \"Flipped.\""
            }
        ]
    },
    {
        "id": "14",
        "image": "downloaded_images/Movies/Flipped/image_20241107_120630_11.jpg",
        "conversations": [
            {
                "from": "human",
                "value": "<image>\nWhat is the title of this movie?"
            },
            {
                "from": "gpt",
                "value": "The title of the movie is \"Flipped.\""
            }
        ]
    },
    {
        "id": "15",
        "image": "downloaded_images/Movies/Flipped/image_20241018_144122_4.jpg",
        "conversations": [
            {
                "from": "human",
                "value": "<image>\nWhat is the title of this movie?"
            },
            {
                "from": "gpt",
                "value": "The title of the movie is \"Flipped.\""
            }
        ]
    },
    {
        "id": "16",
        "image": "downloaded_images/Movies/Flipped/image_20241018_144249_14.jpg",
        "conversations": [
            {
                "from": "human",
                "value": "<image>\nWhat is the title of this movie?"
            },
            {
                "from": "gpt",
                "value": "The title of the movie is \"Flipped.\""
            }
        ]
    },
    {
        "id": "17",
        "image": "downloaded_images/Movies/Flipped/image_20241107_120847_22.jpg",
        "conversations": [
            {
                "from": "human",
                "value": "<image>\nWho directed this film?"
            },
            {
                "from": "gpt",
                "value": "The film was directed by Rob Reiner."
            }
        ]
    },
    {
        "id": "18",
        "image": "downloaded_images/Movies/Flipped/image_20241107_120558_7.jpg",
        "conversations": [
            {
                "from": "human",
                "value": "<image>\nWho directed this film?"
            },
            {
                "from": "gpt",
                "value": "The film was directed by Rob Reiner."
            }
        ]
    },
    {
        "id": "19",
        "image": "downloaded_images/Movies/Flipped/image_20241107_120630_11.jpg",
        "conversations": [
            {
                "from": "human",
                "value": "<image>\nWho directed this film?"
            },
            {
                "from": "gpt",
                "value": "The film was directed by Rob Reiner."
            }
        ]
    },
    {
        "id": "20",
        "image": "downloaded_images/Movies/Flipped/image_20241018_144057_1.jpg",
        "conversations": [
            {
                "from": "human",
                "value": "<image>\nWho directed this film?"
            },
            {
                "from": "gpt",
                "value": "The film was directed by Rob Reiner."
            }
        ]
    },
    {
        "id": "21",
        "image": "downloaded_images/Movies/Flipped/image_20241107_121029_29.jpg",
        "conversations": [
            {
                "from": "human",
                "value": "<image>\nWho directed this film?"
            },
            {
                "from": "gpt",
                "value": "The film was directed by Rob Reiner."
            }
        ]
    },
    {
        "id": "22",
        "image": "downloaded_images/Movies/Flipped/image_20241107_120522_3.jpg",
        "conversations": [
            {
                "from": "human",
                "value": "<image>\nWhat is the central plot or storyline of this movie?"
            },
            {
                "from": "gpt",
                "value": "\"Flipped\" is a coming-of-age romantic comedy-drama that follows the story of two young neighbors, Juli Baker and Bryce Loski, from their childhood through their early teenage years. The film explores their evolving relationship as Juli has a crush on Bryce, while Bryce initially struggles with his feelings for her. The story is told from both Juli's and Bryce's perspectives, highlighting themes of love, friendship, and the challenges of growing up."
            }
        ]
    },
    {
        "id": "23",
        "image": "downloaded_images/Movies/Flipped/image_20241018_144114_3.jpg",
        "conversations": [
            {
                "from": "human",
                "value": "<image>\nWhat is the central plot or storyline of this movie?"
            },
            {
                "from": "gpt",
                "value": "\"Flipped\" is a coming-of-age romantic comedy-drama that follows the story of two young neighbors, Juli Baker and Bryce Loski, from their childhood through their early teenage years. The film explores their evolving relationship as Juli has a crush on Bryce, while Bryce initially struggles with his feelings for her. The story is told from both Juli's and Bryce's perspectives, highlighting themes of love, friendship, and the challenges of growing up."
            }
        ]
    },
    {
        "id": "24",
        "image": "downloaded_images/Movies/Flipped/image_20241107_120712_16.jpg",
        "conversations": [
            {
                "from": "human",
                "value": "<image>\nWhat is the central plot or storyline of this movie?"
            },
            {
                "from": "gpt",
                "value": "\"Flipped\" is a coming-of-age romantic comedy-drama that follows the story of two young neighbors, Juli Baker and Bryce Loski, from their childhood through their early teenage years. The film explores their evolving relationship as Juli has a crush on Bryce, while Bryce initially struggles with his feelings for her. The story is told from both Juli's and Bryce's perspectives, highlighting themes of love, friendship, and the challenges of growing up."
            }
        ]
    },
    {
        "id": "25",
        "image": "downloaded_images/Movies/Flipped/image_20241107_120903_24.jpg",
        "conversations": [
            {
                "from": "human",
                "value": "<image>\nWhat is the central plot or storyline of this movie?"
            },
            {
                "from": "gpt",
                "value": "\"Flipped\" is a coming-of-age romantic comedy-drama that follows the story of two young neighbors, Juli Baker and Bryce Loski, from their childhood through their early teenage years. The film explores their evolving relationship as Juli has a crush on Bryce, while Bryce initially struggles with his feelings for her. The story is told from both Juli's and Bryce's perspectives, highlighting themes of love, friendship, and the challenges of growing up."
            }
        ]
    },
    {
        "id": "26",
        "image": "downloaded_images/Movies/Flipped/image_20241107_120549_6.jpg",
        "conversations": [
            {
                "from": "human",
                "value": "<image>\nWhat is the central plot or storyline of this movie?"
            },
            {
                "from": "gpt",
                "value": "\"Flipped\" is a coming-of-age romantic comedy-drama that follows the story of two young neighbors, Juli Baker and Bryce Loski, from their childhood through their early teenage years. The film explores their evolving relationship as Juli has a crush on Bryce, while Bryce initially struggles with his feelings for her. The story is told from both Juli's and Bryce's perspectives, highlighting themes of love, friendship, and the challenges of growing up."
            }
        ]
    }
]