[
    {
        "id": "66",
        "image": "downloaded_images/TV series/Friends_TV_Show/image_20241018_184546_1.jpg",
        "conversations": [
            {
                "from": "human",
                "value": "<image>\nWhat is the title of this TV series?"
            },
            {
                "from": "gpt",
                "value": "The title of the TV series is \"Friends.\""
            }
        ]
    },
    {
        "id": "67",
        "image": "downloaded_images/TV series/Friends_TV_Show/image_20241018_184546_1.jpg",
        "conversations": [
            {
                "from": "human",
                "value": "<image>\nWho created or produced this TV series?"
            },
            {
                "from": "gpt",
                "value": "\"Friends\" was created by David Crane and Marta Kauffman, and it was produced by Kevin S. Bright, Marta Kauffman, and David Crane."
            }
        ]
    },
    {
        "id": "68",
        "image": "downloaded_images/TV series/Friends_TV_Show/image_20241018_184649_6.jpg",
        "conversations": [
            {
                "from": "human",
                "value": "<image>\nWhen did this TV series first premiere?"
            },
            {
                "from": "gpt",
                "value": "\"Friends\" first premiered on September 22, 1994."
            }
        ]
    },
    {
        "id": "69",
        "image": "downloaded_images/TV series/Friends_TV_Show/image_20241018_184649_6.jpg",
        "conversations": [
            {
                "from": "human",
                "value": "<image>\nWho are the main actors and actresses in this TV series?"
            },
            {
                "from": "gpt",
                "value": "The main actors and actresses in \"Friends\" are Jennifer Aniston (Rachel Green), Courteney Cox (Monica Geller), Lisa Kudrow (Phoebe Buffay), Matt LeBlanc (Joey Tribbiani), Matthew Perry (Chandler Bing), and David Schwimmer (Ross Geller)."
            }
        ]
    },
    {
        "id": "70",
        "image": "downloaded_images/TV series/Friends_TV_Show/image_20241018_184805_15.jpg",
        "conversations": [
            {
                "from": "human",
                "value": "<image>\nWhat is the central storyline or premise of this TV series?"
            },
            {
                "from": "gpt",
                "value": "The central storyline of \"Friends\" revolves around a group of six friends—Rachel, Ross, Monica, Chandler, Joey, and Phoebe—living in New York City as they navigate the ups and downs of life, love, and friendship. The series explores their relationships, personal growth, and comedic adventures over the course of ten seasons."
            }
        ]
    },
    {
        "id": "71",
        "image": "downloaded_images/TV series/Friends_TV_Show/image_20241018_184923_22.jpg",
        "conversations": [
            {
                "from": "human",
                "value": "<image>\nWhat is the title of this TV series?"
            },
            {
                "from": "gpt",
                "value": "The title of the TV series is \"Friends.\""
            }
        ]
    },
    {
        "id": "72",
        "image": "downloaded_images/TV series/Friends_TV_Show/image_20241018_184618_5.jpg",
        "conversations": [
            {
                "from": "human",
                "value": "<image>\nWhat is the title of this TV series?"
            },
            {
                "from": "gpt",
                "value": "The title of the TV series is \"Friends.\""
            }
        ]
    },
    {
        "id": "73",
        "image": "downloaded_images/TV series/Friends_TV_Show/image_20241018_184602_3.jpg",
        "conversations": [
            {
                "from": "human",
                "value": "<image>\nWhat is the title of this TV series?"
            },
            {
                "from": "gpt",
                "value": "The title of the TV series is \"Friends.\""
            }
        ]
    },
    {
        "id": "74",
        "image": "downloaded_images/TV series/Friends_TV_Show/image_20241107_195950_18.jpg",
        "conversations": [
            {
                "from": "human",
                "value": "<image>\nWhat is the title of this TV series?"
            },
            {
                "from": "gpt",
                "value": "The title of the TV series is \"Friends.\""
            }
        ]
    },
    {
        "id": "75",
        "image": "downloaded_images/TV series/Friends_TV_Show/image_20241018_184949_25.jpg",
        "conversations": [
            {
                "from": "human",
                "value": "<image>\nWhat is the title of this TV series?"
            },
            {
                "from": "gpt",
                "value": "The title of the TV series is \"Friends.\""
            }
        ]
    },
    {
        "id": "76",
        "image": "downloaded_images/TV series/Friends_TV_Show/image_20241107_200138_28.jpg",
        "conversations": [
            {
                "from": "human",
                "value": "<image>\nWho created or produced this TV series?"
            },
            {
                "from": "gpt",
                "value": "\"Friends\" was created by David Crane and Marta Kauffman, and it was produced by Kevin S. Bright, Marta Kauffman, and David Crane."
            }
        ]
    },
    {
        "id": "77",
        "image": "downloaded_images/TV series/Friends_TV_Show/image_20241107_200008_20.jpg",
        "conversations": [
            {
                "from": "human",
                "value": "<image>\nWho created or produced this TV series?"
            },
            {
                "from": "gpt",
                "value": "\"Friends\" was created by David Crane and Marta Kauffman, and it was produced by Kevin S. Bright, Marta Kauffman, and David Crane."
            }
        ]
    },
    {
        "id": "78",
        "image": "downloaded_images/TV series/Friends_TV_Show/image_20241107_195714_1.jpg",
        "conversations": [
            {
                "from": "human",
                "value": "<image>\nWho created or produced this TV series?"
            },
            {
                "from": "gpt",
                "value": "\"Friends\" was created by David Crane and Marta Kauffman, and it was produced by Kevin S. Bright, Marta Kauffman, and David Crane."
            }
        ]
    },
    {
        "id": "79",
        "image": "downloaded_images/TV series/Friends_TV_Show/image_20241018_184756_14.jpg",
        "conversations": [
            {
                "from": "human",
                "value": "<image>\nWho created or produced this TV series?"
            },
            {
                "from": "gpt",
                "value": "\"Friends\" was created by David Crane and Marta Kauffman, and it was produced by Kevin S. Bright, Marta Kauffman, and David Crane."
            }
        ]
    },
    {
        "id": "80",
        "image": "downloaded_images/TV series/Friends_TV_Show/image_20241107_195739_4.jpg",
        "conversations": [
            {
                "from": "human",
                "value": "<image>\nWho created or produced this TV series?"
            },
            {
                "from": "gpt",
                "value": "\"Friends\" was created by David Crane and Marta Kauffman, and it was produced by Kevin S. Bright, Marta Kauffman, and David Crane."
            }
        ]
    },
    {
        "id": "81",
        "image": "downloaded_images/TV series/Friends_TV_Show/image_20241107_195912_14.jpg",
        "conversations": [
            {
                "from": "human",
                "value": "<image>\nWhen did this TV series first premiere?"
            },
            {
                "from": "gpt",
                "value": "\"Friends\" first premiered on September 22, 1994."
            }
        ]
    },
    {
        "id": "82",
        "image": "downloaded_images/TV series/Friends_TV_Show/image_20241018_184610_4.jpg",
        "conversations": [
            {
                "from": "human",
                "value": "<image>\nWhen did this TV series first premiere?"
            },
            {
                "from": "gpt",
                "value": "\"Friends\" first premiered on September 22, 1994."
            }
        ]
    },
    {
        "id": "83",
        "image": "downloaded_images/TV series/Friends_TV_Show/image_20241107_195731_3.jpg",
        "conversations": [
            {
                "from": "human",
                "value": "<image>\nWhen did this TV series first premiere?"
            },
            {
                "from": "gpt",
                "value": "\"Friends\" first premiered on September 22, 1994."
            }
        ]
    },
    {
        "id": "84",
        "image": "downloaded_images/TV series/Friends_TV_Show/image_20241107_195950_18.jpg",
        "conversations": [
            {
                "from": "human",
                "value": "<image>\nWhen did this TV series first premiere?"
            },
            {
                "from": "gpt",
                "value": "\"Friends\" first premiered on September 22, 1994."
            }
        ]
    },
    {
        "id": "85",
        "image": "downloaded_images/TV series/Friends_TV_Show/image_20241107_195959_19.jpg",
        "conversations": [
            {
                "from": "human",
                "value": "<image>\nWhen did this TV series first premiere?"
            },
            {
                "from": "gpt",
                "value": "\"Friends\" first premiered on September 22, 1994."
            }
        ]
    },
    {
        "id": "86",
        "image": "downloaded_images/TV series/Friends_TV_Show/image_20241018_184756_14.jpg",
        "conversations": [
            {
                "from": "human",
                "value": "<image>\nWho are the main actors and actresses in this TV series?"
            },
            {
                "from": "gpt",
                "value": "The main actors and actresses in \"Friends\" are Jennifer Aniston (Rachel Green), Courteney Cox (Monica Geller), Lisa Kudrow (Phoebe Buffay), Matt LeBlanc (Joey Tribbiani), Matthew Perry (Chandler Bing), and David Schwimmer (Ross Geller)."
            }
        ]
    },
    {
        "id": "87",
        "image": "downloaded_images/TV series/Friends_TV_Show/image_20241018_184842_17.jpg",
        "conversations": [
            {
                "from": "human",
                "value": "<image>\nWho are the main actors and actresses in this TV series?"
            },
            {
                "from": "gpt",
                "value": "The main actors and actresses in \"Friends\" are Jennifer Aniston (Rachel Green), Courteney Cox (Monica Geller), Lisa Kudrow (Phoebe Buffay), Matt LeBlanc (Joey Tribbiani), Matthew Perry (Chandler Bing), and David Schwimmer (Ross Geller)."
            }
        ]
    },
    {
        "id": "88",
        "image": "downloaded_images/TV series/Friends_TV_Show/image_20241018_184834_16.jpg",
        "conversations": [
            {
                "from": "human",
                "value": "<image>\nWho are the main actors and actresses in this TV series?"
            },
            {
                "from": "gpt",
                "value": "The main actors and actresses in \"Friends\" are Jennifer Aniston (Rachel Green), Courteney Cox (Monica Geller), Lisa Kudrow (Phoebe Buffay), Matt LeBlanc (Joey Tribbiani), Matthew Perry (Chandler Bing), and David Schwimmer (Ross Geller)."
            }
        ]
    },
    {
        "id": "89",
        "image": "downloaded_images/TV series/Friends_TV_Show/image_20241107_200027_22.jpg",
        "conversations": [
            {
                "from": "human",
                "value": "<image>\nWho are the main actors and actresses in this TV series?"
            },
            {
                "from": "gpt",
                "value": "The main actors and actresses in \"Friends\" are Jennifer Aniston (Rachel Green), Courteney Cox (Monica Geller), Lisa Kudrow (Phoebe Buffay), Matt LeBlanc (Joey Tribbiani), Matthew Perry (Chandler Bing), and David Schwimmer (Ross Geller)."
            }
        ]
    },
    {
        "id": "90",
        "image": "downloaded_images/TV series/Friends_TV_Show/image_20241107_195808_7.jpg",
        "conversations": [
            {
                "from": "human",
                "value": "<image>\nWho are the main actors and actresses in this TV series?"
            },
            {
                "from": "gpt",
                "value": "The main actors and actresses in \"Friends\" are Jennifer Aniston (Rachel Green), Courteney Cox (Monica Geller), Lisa Kudrow (Phoebe Buffay), Matt LeBlanc (Joey Tribbiani), Matthew Perry (Chandler Bing), and David Schwimmer (Ross Geller)."
            }
        ]
    },
    {
        "id": "91",
        "image": "downloaded_images/TV series/Friends_TV_Show/image_20241107_200156_30.jpg",
        "conversations": [
            {
                "from": "human",
                "value": "<image>\nWhat is the central storyline or premise of this TV series?"
            },
            {
                "from": "gpt",
                "value": "The central storyline of \"Friends\" revolves around a group of six friends—Rachel, Ross, Monica, Chandler, Joey, and Phoebe—living in New York City as they navigate the ups and downs of life, love, and friendship. The series explores their relationships, personal growth, and comedic adventures over the course of ten seasons."
            }
        ]
    },
    {
        "id": "92",
        "image": "downloaded_images/TV series/Friends_TV_Show/image_20241018_184706_8.jpg",
        "conversations": [
            {
                "from": "human",
                "value": "<image>\nWhat is the central storyline or premise of this TV series?"
            },
            {
                "from": "gpt",
                "value": "The central storyline of \"Friends\" revolves around a group of six friends—Rachel, Ross, Monica, Chandler, Joey, and Phoebe—living in New York City as they navigate the ups and downs of life, love, and friendship. The series explores their relationships, personal growth, and comedic adventures over the course of ten seasons."
            }
        ]
    },
    {
        "id": "93",
        "image": "downloaded_images/TV series/Friends_TV_Show/image_20241018_184834_16.jpg",
        "conversations": [
            {
                "from": "human",
                "value": "<image>\nWhat is the central storyline or premise of this TV series?"
            },
            {
                "from": "gpt",
                "value": "The central storyline of \"Friends\" revolves around a group of six friends—Rachel, Ross, Monica, Chandler, Joey, and Phoebe—living in New York City as they navigate the ups and downs of life, love, and friendship. The series explores their relationships, personal growth, and comedic adventures over the course of ten seasons."
            }
        ]
    },
    {
        "id": "94",
        "image": "downloaded_images/TV series/Friends_TV_Show/image_20241018_184618_5.jpg",
        "conversations": [
            {
                "from": "human",
                "value": "<image>\nWhat is the central storyline or premise of this TV series?"
            },
            {
                "from": "gpt",
                "value": "The central storyline of \"Friends\" revolves around a group of six friends—Rachel, Ross, Monica, Chandler, Joey, and Phoebe—living in New York City as they navigate the ups and downs of life, love, and friendship. The series explores their relationships, personal growth, and comedic adventures over the course of ten seasons."
            }
        ]
    },
    {
        "id": "95",
        "image": "downloaded_images/TV series/Friends_TV_Show/image_20241018_184949_25.jpg",
        "conversations": [
            {
                "from": "human",
                "value": "<image>\nWhat is the central storyline or premise of this TV series?"
            },
            {
                "from": "gpt",
                "value": "The central storyline of \"Friends\" revolves around a group of six friends—Rachel, Ross, Monica, Chandler, Joey, and Phoebe—living in New York City as they navigate the ups and downs of life, love, and friendship. The series explores their relationships, personal growth, and comedic adventures over the course of ten seasons."
            }
        ]
    }
]