[
    {
        "id": "45",
        "image": "downloaded_images/Corporation/Google_Logo/image_20241018_123414_3.jpg",
        "conversations": [
            {
                "from": "human",
                "value": "<image>\nWhat industry does this corporation operate in?"
            },
            {
                "from": "gpt",
                "value": "Google operates in the technology industry, specifically in areas such as internet services, software development, advertising, and consumer electronics."
            }
        ]
    },
    {
        "id": "46",
        "image": "downloaded_images/Corporation/Google_Logo/image_20241107_095459_7.jpg",
        "conversations": [
            {
                "from": "human",
                "value": "<image>\nWhat industry does this corporation operate in?"
            },
            {
                "from": "gpt",
                "value": "Google operates in the technology industry, specifically in areas such as internet services, software development, advertising, and consumer electronics."
            }
        ]
    },
    {
        "id": "47",
        "image": "downloaded_images/Corporation/Google_Logo/image_20241018_123438_6.jpg",
        "conversations": [
            {
                "from": "human",
                "value": "<image>\nWhat industry does this corporation operate in?"
            },
            {
                "from": "gpt",
                "value": "Google operates in the technology industry, specifically in areas such as internet services, software development, advertising, and consumer electronics."
            }
        ]
    },
    {
        "id": "48",
        "image": "downloaded_images/Corporation/Google_Logo/image_20241018_123634_20.jpg",
        "conversations": [
            {
                "from": "human",
                "value": "<image>\nWhat industry does this corporation operate in?"
            },
            {
                "from": "gpt",
                "value": "Google operates in the technology industry, specifically in areas such as internet services, software development, advertising, and consumer electronics."
            }
        ]
    },
    {
        "id": "49",
        "image": "downloaded_images/Corporation/Google_Logo/image_20241107_095821_29.jpg",
        "conversations": [
            {
                "from": "human",
                "value": "<image>\nWhat industry does this corporation operate in?"
            },
            {
                "from": "gpt",
                "value": "Google operates in the technology industry, specifically in areas such as internet services, software development, advertising, and consumer electronics."
            }
        ]
    },
    {
        "id": "50",
        "image": "downloaded_images/Corporation/Google_Logo/image_20241107_095740_24.jpg",
        "conversations": [
            {
                "from": "human",
                "value": "<image>\nWhat industry does this corporation operate in?"
            },
            {
                "from": "gpt",
                "value": "Google operates in the technology industry, specifically in areas such as internet services, software development, advertising, and consumer electronics."
            }
        ]
    }
]