[
    {
        "id": "19",
        "image": "downloaded_images/Plants/Grape/image_20241107_190107_2.jpg",
        "conversations": [
            {
                "from": "human",
                "value": "<image>\nWhat is the common name of this plant?"
            },
            {
                "from": "gpt",
                "value": "Common Name: Grape"
            }
        ]
    },
    {
        "id": "20",
        "image": "downloaded_images/Plants/Grape/image_20241107_190116_3.jpg",
        "conversations": [
            {
                "from": "human",
                "value": "<image>\nTo which family or genus does it belong?"
            },
            {
                "from": "gpt",
                "value": "Family: Vitaceae, Genus: Vitis"
            }
        ]
    },
    {
        "id": "21",
        "image": "downloaded_images/Plants/Grape/image_20241107_190125_4.jpg",
        "conversations": [
            {
                "from": "human",
                "value": "<image>\nHow does it reproduce (seeds, cuttings, runners)?"
            },
            {
                "from": "gpt",
                "value": "Grapes reproduce through seeds but are commonly propagated through cuttings for consistent quality in vineyards. They can also produce runners, which help the vine spread."
            }
        ]
    },
    {
        "id": "22",
        "image": "downloaded_images/Plants/Grape/image_20241107_190354_18.jpg",
        "conversations": [
            {
                "from": "human",
                "value": "<image>\nIs it native to a specific region or found globally?"
            },
            {
                "from": "gpt",
                "value": "Native Region: Grapes are native to regions of the Mediterranean and Central Asia. However, they are now cultivated worldwide, especially in temperate climates."
            }
        ]
    },
    {
        "id": "23",
        "image": "downloaded_images/Plants/Grape/image_20241018_175633_13.jpg",
        "conversations": [
            {
                "from": "human",
                "value": "<image>\nHow does it grow (e.g., tree, shrub, herb)?"
            },
            {
                "from": "gpt",
                "value": "Growth Form: Grapes grow as woody, climbing vines. They use tendrils to climb on structures or supports, and the vine can grow extensively when given space."
            }
        ]
    },
    {
        "id": "24",
        "image": "downloaded_images/Plants/Grape/image_20241018_175451_1.jpg",
        "conversations": [
            {
                "from": "human",
                "value": "<image>\nWhat is the common name of this plant?"
            },
            {
                "from": "gpt",
                "value": "Common Name: Grape"
            }
        ]
    },
    {
        "id": "25",
        "image": "downloaded_images/Plants/Grape/image_20241107_190315_16.jpg",
        "conversations": [
            {
                "from": "human",
                "value": "<image>\nWhat is the common name of this plant?"
            },
            {
                "from": "gpt",
                "value": "Common Name: Grape"
            }
        ]
    },
    {
        "id": "26",
        "image": "downloaded_images/Plants/Grape/image_20241107_190218_10.jpg",
        "conversations": [
            {
                "from": "human",
                "value": "<image>\nWhat is the common name of this plant?"
            },
            {
                "from": "gpt",
                "value": "Common Name: Grape"
            }
        ]
    },
    {
        "id": "27",
        "image": "downloaded_images/Plants/Grape/image_20241018_175551_8.jpg",
        "conversations": [
            {
                "from": "human",
                "value": "<image>\nWhat is the common name of this plant?"
            },
            {
                "from": "gpt",
                "value": "Common Name: Grape"
            }
        ]
    },
    {
        "id": "28",
        "image": "downloaded_images/Plants/Grape/image_20241107_190525_28.jpg",
        "conversations": [
            {
                "from": "human",
                "value": "<image>\nWhat is the common name of this plant?"
            },
            {
                "from": "gpt",
                "value": "Common Name: Grape"
            }
        ]
    },
    {
        "id": "29",
        "image": "downloaded_images/Plants/Grape/image_20241107_190226_11.jpg",
        "conversations": [
            {
                "from": "human",
                "value": "<image>\nTo which family or genus does it belong?"
            },
            {
                "from": "gpt",
                "value": "Family: Vitaceae, Genus: Vitis"
            }
        ]
    },
    {
        "id": "30",
        "image": "downloaded_images/Plants/Grape/image_20241107_190142_6.jpg",
        "conversations": [
            {
                "from": "human",
                "value": "<image>\nTo which family or genus does it belong?"
            },
            {
                "from": "gpt",
                "value": "Family: Vitaceae, Genus: Vitis"
            }
        ]
    },
    {
        "id": "31",
        "image": "downloaded_images/Plants/Grape/image_20241018_175451_1.jpg",
        "conversations": [
            {
                "from": "human",
                "value": "<image>\nTo which family or genus does it belong?"
            },
            {
                "from": "gpt",
                "value": "Family: Vitaceae, Genus: Vitis"
            }
        ]
    },
    {
        "id": "32",
        "image": "downloaded_images/Plants/Grape/image_20241107_190457_25.jpg",
        "conversations": [
            {
                "from": "human",
                "value": "<image>\nTo which family or genus does it belong?"
            },
            {
                "from": "gpt",
                "value": "Family: Vitaceae, Genus: Vitis"
            }
        ]
    },
    {
        "id": "33",
        "image": "downloaded_images/Plants/Grape/image_20241107_190420_21.jpg",
        "conversations": [
            {
                "from": "human",
                "value": "<image>\nTo which family or genus does it belong?"
            },
            {
                "from": "gpt",
                "value": "Family: Vitaceae, Genus: Vitis"
            }
        ]
    },
    {
        "id": "34",
        "image": "downloaded_images/Plants/Grape/image_20241018_175541_7.jpg",
        "conversations": [
            {
                "from": "human",
                "value": "<image>\nHow does it reproduce (seeds, cuttings, runners)?"
            },
            {
                "from": "gpt",
                "value": "Grapes reproduce through seeds but are commonly propagated through cuttings for consistent quality in vineyards. They can also produce runners, which help the vine spread."
            }
        ]
    },
    {
        "id": "35",
        "image": "downloaded_images/Plants/Grape/image_20241018_175643_14.jpg",
        "conversations": [
            {
                "from": "human",
                "value": "<image>\nHow does it reproduce (seeds, cuttings, runners)?"
            },
            {
                "from": "gpt",
                "value": "Grapes reproduce through seeds but are commonly propagated through cuttings for consistent quality in vineyards. They can also produce runners, which help the vine spread."
            }
        ]
    },
    {
        "id": "36",
        "image": "downloaded_images/Plants/Grape/image_20241018_175551_8.jpg",
        "conversations": [
            {
                "from": "human",
                "value": "<image>\nHow does it reproduce (seeds, cuttings, runners)?"
            },
            {
                "from": "gpt",
                "value": "Grapes reproduce through seeds but are commonly propagated through cuttings for consistent quality in vineyards. They can also produce runners, which help the vine spread."
            }
        ]
    },
    {
        "id": "37",
        "image": "downloaded_images/Plants/Grape/image_20241107_190152_7.jpg",
        "conversations": [
            {
                "from": "human",
                "value": "<image>\nHow does it reproduce (seeds, cuttings, runners)?"
            },
            {
                "from": "gpt",
                "value": "Grapes reproduce through seeds but are commonly propagated through cuttings for consistent quality in vineyards. They can also produce runners, which help the vine spread."
            }
        ]
    },
    {
        "id": "38",
        "image": "downloaded_images/Plants/Grape/image_20241107_190107_2.jpg",
        "conversations": [
            {
                "from": "human",
                "value": "<image>\nHow does it reproduce (seeds, cuttings, runners)?"
            },
            {
                "from": "gpt",
                "value": "Grapes reproduce through seeds but are commonly propagated through cuttings for consistent quality in vineyards. They can also produce runners, which help the vine spread."
            }
        ]
    },
    {
        "id": "39",
        "image": "downloaded_images/Plants/Grape/image_20241107_190142_6.jpg",
        "conversations": [
            {
                "from": "human",
                "value": "<image>\nIs it native to a specific region or found globally?"
            },
            {
                "from": "gpt",
                "value": "Native Region: Grapes are native to regions of the Mediterranean and Central Asia. However, they are now cultivated worldwide, especially in temperate climates."
            }
        ]
    },
    {
        "id": "40",
        "image": "downloaded_images/Plants/Grape/image_20241107_190545_30.jpg",
        "conversations": [
            {
                "from": "human",
                "value": "<image>\nIs it native to a specific region or found globally?"
            },
            {
                "from": "gpt",
                "value": "Native Region: Grapes are native to regions of the Mediterranean and Central Asia. However, they are now cultivated worldwide, especially in temperate climates."
            }
        ]
    },
    {
        "id": "41",
        "image": "downloaded_images/Plants/Grape/image_20241107_190125_4.jpg",
        "conversations": [
            {
                "from": "human",
                "value": "<image>\nIs it native to a specific region or found globally?"
            },
            {
                "from": "gpt",
                "value": "Native Region: Grapes are native to regions of the Mediterranean and Central Asia. However, they are now cultivated worldwide, especially in temperate climates."
            }
        ]
    },
    {
        "id": "42",
        "image": "downloaded_images/Plants/Grape/image_20241107_190235_12.jpg",
        "conversations": [
            {
                "from": "human",
                "value": "<image>\nIs it native to a specific region or found globally?"
            },
            {
                "from": "gpt",
                "value": "Native Region: Grapes are native to regions of the Mediterranean and Central Asia. However, they are now cultivated worldwide, especially in temperate climates."
            }
        ]
    },
    {
        "id": "43",
        "image": "downloaded_images/Plants/Grape/image_20241107_190315_16.jpg",
        "conversations": [
            {
                "from": "human",
                "value": "<image>\nIs it native to a specific region or found globally?"
            },
            {
                "from": "gpt",
                "value": "Native Region: Grapes are native to regions of the Mediterranean and Central Asia. However, they are now cultivated worldwide, especially in temperate climates."
            }
        ]
    },
    {
        "id": "44",
        "image": "downloaded_images/Plants/Grape/image_20241107_190516_27.jpg",
        "conversations": [
            {
                "from": "human",
                "value": "<image>\nHow does it grow (e.g., tree, shrub, herb)?"
            },
            {
                "from": "gpt",
                "value": "Growth Form: Grapes grow as woody, climbing vines. They use tendrils to climb on structures or supports, and the vine can grow extensively when given space."
            }
        ]
    },
    {
        "id": "45",
        "image": "downloaded_images/Plants/Grape/image_20241018_175451_1.jpg",
        "conversations": [
            {
                "from": "human",
                "value": "<image>\nHow does it grow (e.g., tree, shrub, herb)?"
            },
            {
                "from": "gpt",
                "value": "Growth Form: Grapes grow as woody, climbing vines. They use tendrils to climb on structures or supports, and the vine can grow extensively when given space."
            }
        ]
    },
    {
        "id": "46",
        "image": "downloaded_images/Plants/Grape/image_20241018_175737_20.jpg",
        "conversations": [
            {
                "from": "human",
                "value": "<image>\nHow does it grow (e.g., tree, shrub, herb)?"
            },
            {
                "from": "gpt",
                "value": "Growth Form: Grapes grow as woody, climbing vines. They use tendrils to climb on structures or supports, and the vine can grow extensively when given space."
            }
        ]
    },
    {
        "id": "47",
        "image": "downloaded_images/Plants/Grape/image_20241107_190315_16.jpg",
        "conversations": [
            {
                "from": "human",
                "value": "<image>\nHow does it grow (e.g., tree, shrub, herb)?"
            },
            {
                "from": "gpt",
                "value": "Growth Form: Grapes grow as woody, climbing vines. They use tendrils to climb on structures or supports, and the vine can grow extensively when given space."
            }
        ]
    },
    {
        "id": "48",
        "image": "downloaded_images/Plants/Grape/image_20241107_190057_1.jpg",
        "conversations": [
            {
                "from": "human",
                "value": "<image>\nHow does it grow (e.g., tree, shrub, herb)?"
            },
            {
                "from": "gpt",
                "value": "Growth Form: Grapes grow as woody, climbing vines. They use tendrils to climb on structures or supports, and the vine can grow extensively when given space."
            }
        ]
    }
]