[
    {
        "id": "35",
        "image": "downloaded_images/Cartoon/Himouto!_Umaru-chan/image_20241018_111826_11.jpg",
        "conversations": [
            {
                "from": "human",
                "value": "<image>\n**What is the title of this cartoon?"
            },
            {
                "from": "gpt",
                "value": "**\n   - The title of this cartoon is \"Himouto! Umaru-chan.\""
            }
        ]
    },
    {
        "id": "36",
        "image": "downloaded_images/Cartoon/Himouto!_Umaru-chan/image_20241018_111826_11.jpg",
        "conversations": [
            {
                "from": "human",
                "value": "<image>\n**Who created or produced this cartoon?"
            },
            {
                "from": "gpt",
                "value": "**\n   - \"Himouto! Umaru-chan\" was created by Sankaku Head and produced by the animation studio Doga Kobo."
            }
        ]
    },
    {
        "id": "37",
        "image": "downloaded_images/Cartoon/Himouto!_Umaru-chan/image_20241018_111641_1.jpg",
        "conversations": [
            {
                "from": "human",
                "value": "<image>\n**Who are the main characters in this cartoon?"
            },
            {
                "from": "gpt",
                "value": "**\n   - The main characters include Umaru Doma, her older brother Taihei Doma, and their friends, including Kirie Motoba and Sylphynford Tachibana."
            }
        ]
    },
    {
        "id": "38",
        "image": "downloaded_images/Cartoon/Himouto!_Umaru-chan/image_20241018_111706_4.jpg",
        "conversations": [
            {
                "from": "human",
                "value": "<image>\n**What is the central storyline or premise of this cartoon?"
            },
            {
                "from": "gpt",
                "value": "**\n   - The central storyline revolves around Umaru Doma, a seemingly perfect high school girl who leads a double life. While she appears to be an ideal student and model citizen at school, at home, she transforms into a lazy, otaku girl who enjoys playing video games, eating junk food, and watching anime. The series humorously explores her interactions with her brother and friends as they navigate the challenges of her dual life."
            }
        ]
    },
    {
        "id": "39",
        "image": "downloaded_images/Cartoon/Himouto!_Umaru-chan/image_20241106_162514_30.jpg",
        "conversations": [
            {
                "from": "human",
                "value": "<image>\n**What is the title of this cartoon?"
            },
            {
                "from": "gpt",
                "value": "**\n   - The title of this cartoon is \"Himouto! Umaru-chan.\""
            }
        ]
    },
    {
        "id": "40",
        "image": "downloaded_images/Cartoon/Himouto!_Umaru-chan/image_20241106_162048_5.jpg",
        "conversations": [
            {
                "from": "human",
                "value": "<image>\n**What is the title of this cartoon?"
            },
            {
                "from": "gpt",
                "value": "**\n   - The title of this cartoon is \"Himouto! Umaru-chan.\""
            }
        ]
    },
    {
        "id": "41",
        "image": "downloaded_images/Cartoon/Himouto!_Umaru-chan/image_20241106_162411_23.jpg",
        "conversations": [
            {
                "from": "human",
                "value": "<image>\n**What is the title of this cartoon?"
            },
            {
                "from": "gpt",
                "value": "**\n   - The title of this cartoon is \"Himouto! Umaru-chan.\""
            }
        ]
    },
    {
        "id": "42",
        "image": "downloaded_images/Cartoon/Himouto!_Umaru-chan/image_20241106_162135_10.jpg",
        "conversations": [
            {
                "from": "human",
                "value": "<image>\n**What is the title of this cartoon?"
            },
            {
                "from": "gpt",
                "value": "**\n   - The title of this cartoon is \"Himouto! Umaru-chan.\""
            }
        ]
    },
    {
        "id": "43",
        "image": "downloaded_images/Cartoon/Himouto!_Umaru-chan/image_20241106_162022_2.jpg",
        "conversations": [
            {
                "from": "human",
                "value": "<image>\n**What is the title of this cartoon?"
            },
            {
                "from": "gpt",
                "value": "**\n   - The title of this cartoon is \"Himouto! Umaru-chan.\""
            }
        ]
    },
    {
        "id": "44",
        "image": "downloaded_images/Cartoon/Himouto!_Umaru-chan/image_20241106_162514_30.jpg",
        "conversations": [
            {
                "from": "human",
                "value": "<image>\n**Who created or produced this cartoon?"
            },
            {
                "from": "gpt",
                "value": "**\n   - \"Himouto! Umaru-chan\" was created by Sankaku Head and produced by the animation studio Doga Kobo."
            }
        ]
    },
    {
        "id": "45",
        "image": "downloaded_images/Cartoon/Himouto!_Umaru-chan/image_20241106_162448_27.jpg",
        "conversations": [
            {
                "from": "human",
                "value": "<image>\n**Who created or produced this cartoon?"
            },
            {
                "from": "gpt",
                "value": "**\n   - \"Himouto! Umaru-chan\" was created by Sankaku Head and produced by the animation studio Doga Kobo."
            }
        ]
    },
    {
        "id": "46",
        "image": "downloaded_images/Cartoon/Himouto!_Umaru-chan/image_20241106_162343_20.jpg",
        "conversations": [
            {
                "from": "human",
                "value": "<image>\n**Who created or produced this cartoon?"
            },
            {
                "from": "gpt",
                "value": "**\n   - \"Himouto! Umaru-chan\" was created by Sankaku Head and produced by the animation studio Doga Kobo."
            }
        ]
    },
    {
        "id": "47",
        "image": "downloaded_images/Cartoon/Himouto!_Umaru-chan/image_20241018_111658_3.jpg",
        "conversations": [
            {
                "from": "human",
                "value": "<image>\n**Who created or produced this cartoon?"
            },
            {
                "from": "gpt",
                "value": "**\n   - \"Himouto! Umaru-chan\" was created by Sankaku Head and produced by the animation studio Doga Kobo."
            }
        ]
    },
    {
        "id": "48",
        "image": "downloaded_images/Cartoon/Himouto!_Umaru-chan/image_20241106_162456_28.jpg",
        "conversations": [
            {
                "from": "human",
                "value": "<image>\n**Who created or produced this cartoon?"
            },
            {
                "from": "gpt",
                "value": "**\n   - \"Himouto! Umaru-chan\" was created by Sankaku Head and produced by the animation studio Doga Kobo."
            }
        ]
    },
    {
        "id": "49",
        "image": "downloaded_images/Cartoon/Himouto!_Umaru-chan/image_20241106_162135_10.jpg",
        "conversations": [
            {
                "from": "human",
                "value": "<image>\n**Who are the main characters in this cartoon?"
            },
            {
                "from": "gpt",
                "value": "**\n   - The main characters include Umaru Doma, her older brother Taihei Doma, and their friends, including Kirie Motoba and Sylphynford Tachibana."
            }
        ]
    },
    {
        "id": "50",
        "image": "downloaded_images/Cartoon/Himouto!_Umaru-chan/image_20241106_162124_9.jpg",
        "conversations": [
            {
                "from": "human",
                "value": "<image>\n**Who are the main characters in this cartoon?"
            },
            {
                "from": "gpt",
                "value": "**\n   - The main characters include Umaru Doma, her older brother Taihei Doma, and their friends, including Kirie Motoba and Sylphynford Tachibana."
            }
        ]
    },
    {
        "id": "51",
        "image": "downloaded_images/Cartoon/Himouto!_Umaru-chan/image_20241106_162022_2.jpg",
        "conversations": [
            {
                "from": "human",
                "value": "<image>\n**Who are the main characters in this cartoon?"
            },
            {
                "from": "gpt",
                "value": "**\n   - The main characters include Umaru Doma, her older brother Taihei Doma, and their friends, including Kirie Motoba and Sylphynford Tachibana."
            }
        ]
    },
    {
        "id": "52",
        "image": "downloaded_images/Cartoon/Himouto!_Umaru-chan/image_20241106_162212_14.jpg",
        "conversations": [
            {
                "from": "human",
                "value": "<image>\n**Who are the main characters in this cartoon?"
            },
            {
                "from": "gpt",
                "value": "**\n   - The main characters include Umaru Doma, her older brother Taihei Doma, and their friends, including Kirie Motoba and Sylphynford Tachibana."
            }
        ]
    },
    {
        "id": "53",
        "image": "downloaded_images/Cartoon/Himouto!_Umaru-chan/image_20241106_162107_7.jpg",
        "conversations": [
            {
                "from": "human",
                "value": "<image>\n**Who are the main characters in this cartoon?"
            },
            {
                "from": "gpt",
                "value": "**\n   - The main characters include Umaru Doma, her older brother Taihei Doma, and their friends, including Kirie Motoba and Sylphynford Tachibana."
            }
        ]
    },
    {
        "id": "54",
        "image": "downloaded_images/Cartoon/Himouto!_Umaru-chan/image_20241018_111835_12.jpg",
        "conversations": [
            {
                "from": "human",
                "value": "<image>\n**What is the central storyline or premise of this cartoon?"
            },
            {
                "from": "gpt",
                "value": "**\n   - The central storyline revolves around Umaru Doma, a seemingly perfect high school girl who leads a double life. While she appears to be an ideal student and model citizen at school, at home, she transforms into a lazy, otaku girl who enjoys playing video games, eating junk food, and watching anime. The series humorously explores her interactions with her brother and friends as they navigate the challenges of her dual life."
            }
        ]
    },
    {
        "id": "55",
        "image": "downloaded_images/Cartoon/Himouto!_Umaru-chan/image_20241106_162514_30.jpg",
        "conversations": [
            {
                "from": "human",
                "value": "<image>\n**What is the central storyline or premise of this cartoon?"
            },
            {
                "from": "gpt",
                "value": "**\n   - The central storyline revolves around Umaru Doma, a seemingly perfect high school girl who leads a double life. While she appears to be an ideal student and model citizen at school, at home, she transforms into a lazy, otaku girl who enjoys playing video games, eating junk food, and watching anime. The series humorously explores her interactions with her brother and friends as they navigate the challenges of her dual life."
            }
        ]
    },
    {
        "id": "56",
        "image": "downloaded_images/Cartoon/Himouto!_Umaru-chan/image_20241106_162152_12.jpg",
        "conversations": [
            {
                "from": "human",
                "value": "<image>\n**What is the central storyline or premise of this cartoon?"
            },
            {
                "from": "gpt",
                "value": "**\n   - The central storyline revolves around Umaru Doma, a seemingly perfect high school girl who leads a double life. While she appears to be an ideal student and model citizen at school, at home, she transforms into a lazy, otaku girl who enjoys playing video games, eating junk food, and watching anime. The series humorously explores her interactions with her brother and friends as they navigate the challenges of her dual life."
            }
        ]
    },
    {
        "id": "57",
        "image": "downloaded_images/Cartoon/Himouto!_Umaru-chan/image_20241106_162048_5.jpg",
        "conversations": [
            {
                "from": "human",
                "value": "<image>\n**What is the central storyline or premise of this cartoon?"
            },
            {
                "from": "gpt",
                "value": "**\n   - The central storyline revolves around Umaru Doma, a seemingly perfect high school girl who leads a double life. While she appears to be an ideal student and model citizen at school, at home, she transforms into a lazy, otaku girl who enjoys playing video games, eating junk food, and watching anime. The series humorously explores her interactions with her brother and friends as they navigate the challenges of her dual life."
            }
        ]
    },
    {
        "id": "58",
        "image": "downloaded_images/Cartoon/Himouto!_Umaru-chan/image_20241106_162448_27.jpg",
        "conversations": [
            {
                "from": "human",
                "value": "<image>\n**What is the central storyline or premise of this cartoon?"
            },
            {
                "from": "gpt",
                "value": "**\n   - The central storyline revolves around Umaru Doma, a seemingly perfect high school girl who leads a double life. While she appears to be an ideal student and model citizen at school, at home, she transforms into a lazy, otaku girl who enjoys playing video games, eating junk food, and watching anime. The series humorously explores her interactions with her brother and friends as they navigate the challenges of her dual life."
            }
        ]
    }
]