[
    {
        "id": "24",
        "image": "downloaded_images/Movies/Inception/image_20241018_133129_1.jpg",
        "conversations": [
            {
                "from": "human",
                "value": "<image>\nWhat is the title of this movie?"
            },
            {
                "from": "gpt",
                "value": "**Inception**"
            }
        ]
    },
    {
        "id": "25",
        "image": "downloaded_images/Movies/Inception/image_20241018_133129_1.jpg",
        "conversations": [
            {
                "from": "human",
                "value": "<image>\nWho directed this film?"
            },
            {
                "from": "gpt",
                "value": "**Christopher Nolan**"
            }
        ]
    },
    {
        "id": "26",
        "image": "downloaded_images/Movies/Inception/image_20241018_133139_2.jpg",
        "conversations": [
            {
                "from": "human",
                "value": "<image>\nWhen was this film released?"
            },
            {
                "from": "gpt",
                "value": "**July 16, 2010**"
            }
        ]
    },
    {
        "id": "27",
        "image": "downloaded_images/Movies/Inception/image_20241018_133139_2.jpg",
        "conversations": [
            {
                "from": "human",
                "value": "<image>\nWho are the main actors or actresses in this movie?"
            },
            {
                "from": "gpt",
                "value": "**Leonardo DiCaprio, Joseph Gordon-Levitt, Ellen Page, Tom Hardy, Ken Watanabe, Cillian Murphy, and Marion Cotillard.**"
            }
        ]
    },
    {
        "id": "28",
        "image": "downloaded_images/Movies/Inception/image_20241018_133150_3.jpg",
        "conversations": [
            {
                "from": "human",
                "value": "<image>\nWhat is the central plot or storyline of this movie?"
            },
            {
                "from": "gpt",
                "value": "**Inception follows Dom Cobb, a skilled thief who specializes in the art of extraction, stealing secrets from deep within the subconscious during the dream state. He is offered a chance to have his criminal history erased if he can successfully perform \"inception,\" the act of planting an idea into a target's mind. Cobb assembles a team to delve into layered dreams, facing various challenges and confrontations with his own past as they navigate the complexities of the dream world.**"
            }
        ]
    },
    {
        "id": "29",
        "image": "downloaded_images/Movies/Inception/image_20241107_110110_8.jpg",
        "conversations": [
            {
                "from": "human",
                "value": "<image>\nWhat is the title of this movie?"
            },
            {
                "from": "gpt",
                "value": "**Inception**"
            }
        ]
    },
    {
        "id": "30",
        "image": "downloaded_images/Movies/Inception/image_20241018_133353_16.jpg",
        "conversations": [
            {
                "from": "human",
                "value": "<image>\nWhat is the title of this movie?"
            },
            {
                "from": "gpt",
                "value": "**Inception**"
            }
        ]
    },
    {
        "id": "31",
        "image": "downloaded_images/Movies/Inception/image_20241107_110119_9.jpg",
        "conversations": [
            {
                "from": "human",
                "value": "<image>\nWhat is the title of this movie?"
            },
            {
                "from": "gpt",
                "value": "**Inception**"
            }
        ]
    },
    {
        "id": "32",
        "image": "downloaded_images/Movies/Inception/image_20241107_110015_2.jpg",
        "conversations": [
            {
                "from": "human",
                "value": "<image>\nWhat is the title of this movie?"
            },
            {
                "from": "gpt",
                "value": "**Inception**"
            }
        ]
    },
    {
        "id": "33",
        "image": "downloaded_images/Movies/Inception/image_20241107_110319_22.jpg",
        "conversations": [
            {
                "from": "human",
                "value": "<image>\nWhat is the title of this movie?"
            },
            {
                "from": "gpt",
                "value": "**Inception**"
            }
        ]
    },
    {
        "id": "34",
        "image": "downloaded_images/Movies/Inception/image_20241018_133223_7.jpg",
        "conversations": [
            {
                "from": "human",
                "value": "<image>\nWho directed this film?"
            },
            {
                "from": "gpt",
                "value": "**Christopher Nolan**"
            }
        ]
    },
    {
        "id": "35",
        "image": "downloaded_images/Movies/Inception/image_20241107_110402_27.jpg",
        "conversations": [
            {
                "from": "human",
                "value": "<image>\nWho directed this film?"
            },
            {
                "from": "gpt",
                "value": "**Christopher Nolan**"
            }
        ]
    },
    {
        "id": "36",
        "image": "downloaded_images/Movies/Inception/image_20241018_133159_4.jpg",
        "conversations": [
            {
                "from": "human",
                "value": "<image>\nWho directed this film?"
            },
            {
                "from": "gpt",
                "value": "**Christopher Nolan**"
            }
        ]
    },
    {
        "id": "37",
        "image": "downloaded_images/Movies/Inception/image_20241018_133232_8.jpg",
        "conversations": [
            {
                "from": "human",
                "value": "<image>\nWho directed this film?"
            },
            {
                "from": "gpt",
                "value": "**Christopher Nolan**"
            }
        ]
    },
    {
        "id": "38",
        "image": "downloaded_images/Movies/Inception/image_20241107_110420_29.jpg",
        "conversations": [
            {
                "from": "human",
                "value": "<image>\nWho directed this film?"
            },
            {
                "from": "gpt",
                "value": "**Christopher Nolan**"
            }
        ]
    },
    {
        "id": "39",
        "image": "downloaded_images/Movies/Inception/image_20241107_110420_29.jpg",
        "conversations": [
            {
                "from": "human",
                "value": "<image>\nWhen was this film released?"
            },
            {
                "from": "gpt",
                "value": "**July 16, 2010**"
            }
        ]
    },
    {
        "id": "40",
        "image": "downloaded_images/Movies/Inception/image_20241107_110301_20.jpg",
        "conversations": [
            {
                "from": "human",
                "value": "<image>\nWhen was this film released?"
            },
            {
                "from": "gpt",
                "value": "**July 16, 2010**"
            }
        ]
    },
    {
        "id": "41",
        "image": "downloaded_images/Movies/Inception/image_20241107_110033_4.jpg",
        "conversations": [
            {
                "from": "human",
                "value": "<image>\nWhen was this film released?"
            },
            {
                "from": "gpt",
                "value": "**July 16, 2010**"
            }
        ]
    },
    {
        "id": "42",
        "image": "downloaded_images/Movies/Inception/image_20241107_110402_27.jpg",
        "conversations": [
            {
                "from": "human",
                "value": "<image>\nWhen was this film released?"
            },
            {
                "from": "gpt",
                "value": "**July 16, 2010**"
            }
        ]
    },
    {
        "id": "43",
        "image": "downloaded_images/Movies/Inception/image_20241107_110015_2.jpg",
        "conversations": [
            {
                "from": "human",
                "value": "<image>\nWhen was this film released?"
            },
            {
                "from": "gpt",
                "value": "**July 16, 2010**"
            }
        ]
    },
    {
        "id": "44",
        "image": "downloaded_images/Movies/Inception/image_20241107_110042_5.jpg",
        "conversations": [
            {
                "from": "human",
                "value": "<image>\nWho are the main actors or actresses in this movie?"
            },
            {
                "from": "gpt",
                "value": "**Leonardo DiCaprio, Joseph Gordon-Levitt, Ellen Page, Tom Hardy, Ken Watanabe, Cillian Murphy, and Marion Cotillard.**"
            }
        ]
    },
    {
        "id": "45",
        "image": "downloaded_images/Movies/Inception/image_20241107_110101_7.jpg",
        "conversations": [
            {
                "from": "human",
                "value": "<image>\nWho are the main actors or actresses in this movie?"
            },
            {
                "from": "gpt",
                "value": "**Leonardo DiCaprio, Joseph Gordon-Levitt, Ellen Page, Tom Hardy, Ken Watanabe, Cillian Murphy, and Marion Cotillard.**"
            }
        ]
    },
    {
        "id": "46",
        "image": "downloaded_images/Movies/Inception/image_20241107_110119_9.jpg",
        "conversations": [
            {
                "from": "human",
                "value": "<image>\nWho are the main actors or actresses in this movie?"
            },
            {
                "from": "gpt",
                "value": "**Leonardo DiCaprio, Joseph Gordon-Levitt, Ellen Page, Tom Hardy, Ken Watanabe, Cillian Murphy, and Marion Cotillard.**"
            }
        ]
    },
    {
        "id": "47",
        "image": "downloaded_images/Movies/Inception/image_20241107_110319_22.jpg",
        "conversations": [
            {
                "from": "human",
                "value": "<image>\nWho are the main actors or actresses in this movie?"
            },
            {
                "from": "gpt",
                "value": "**Leonardo DiCaprio, Joseph Gordon-Levitt, Ellen Page, Tom Hardy, Ken Watanabe, Cillian Murphy, and Marion Cotillard.**"
            }
        ]
    },
    {
        "id": "48",
        "image": "downloaded_images/Movies/Inception/image_20241107_110344_25.jpg",
        "conversations": [
            {
                "from": "human",
                "value": "<image>\nWho are the main actors or actresses in this movie?"
            },
            {
                "from": "gpt",
                "value": "**Leonardo DiCaprio, Joseph Gordon-Levitt, Ellen Page, Tom Hardy, Ken Watanabe, Cillian Murphy, and Marion Cotillard.**"
            }
        ]
    },
    {
        "id": "49",
        "image": "downloaded_images/Movies/Inception/image_20241107_110150_12.jpg",
        "conversations": [
            {
                "from": "human",
                "value": "<image>\nWhat is the central plot or storyline of this movie?"
            },
            {
                "from": "gpt",
                "value": "**Inception follows Dom Cobb, a skilled thief who specializes in the art of extraction, stealing secrets from deep within the subconscious during the dream state. He is offered a chance to have his criminal history erased if he can successfully perform \"inception,\" the act of planting an idea into a target's mind. Cobb assembles a team to delve into layered dreams, facing various challenges and confrontations with his own past as they navigate the complexities of the dream world.**"
            }
        ]
    },
    {
        "id": "50",
        "image": "downloaded_images/Movies/Inception/image_20241107_110310_21.jpg",
        "conversations": [
            {
                "from": "human",
                "value": "<image>\nWhat is the central plot or storyline of this movie?"
            },
            {
                "from": "gpt",
                "value": "**Inception follows Dom Cobb, a skilled thief who specializes in the art of extraction, stealing secrets from deep within the subconscious during the dream state. He is offered a chance to have his criminal history erased if he can successfully perform \"inception,\" the act of planting an idea into a target's mind. Cobb assembles a team to delve into layered dreams, facing various challenges and confrontations with his own past as they navigate the complexities of the dream world.**"
            }
        ]
    },
    {
        "id": "51",
        "image": "downloaded_images/Movies/Inception/image_20241107_110140_11.jpg",
        "conversations": [
            {
                "from": "human",
                "value": "<image>\nWhat is the central plot or storyline of this movie?"
            },
            {
                "from": "gpt",
                "value": "**Inception follows Dom Cobb, a skilled thief who specializes in the art of extraction, stealing secrets from deep within the subconscious during the dream state. He is offered a chance to have his criminal history erased if he can successfully perform \"inception,\" the act of planting an idea into a target's mind. Cobb assembles a team to delve into layered dreams, facing various challenges and confrontations with his own past as they navigate the complexities of the dream world.**"
            }
        ]
    },
    {
        "id": "52",
        "image": "downloaded_images/Movies/Inception/image_20241107_110244_18.jpg",
        "conversations": [
            {
                "from": "human",
                "value": "<image>\nWhat is the central plot or storyline of this movie?"
            },
            {
                "from": "gpt",
                "value": "**Inception follows Dom Cobb, a skilled thief who specializes in the art of extraction, stealing secrets from deep within the subconscious during the dream state. He is offered a chance to have his criminal history erased if he can successfully perform \"inception,\" the act of planting an idea into a target's mind. Cobb assembles a team to delve into layered dreams, facing various challenges and confrontations with his own past as they navigate the complexities of the dream world.**"
            }
        ]
    },
    {
        "id": "53",
        "image": "downloaded_images/Movies/Inception/image_20241107_110344_25.jpg",
        "conversations": [
            {
                "from": "human",
                "value": "<image>\nWhat is the central plot or storyline of this movie?"
            },
            {
                "from": "gpt",
                "value": "**Inception follows Dom Cobb, a skilled thief who specializes in the art of extraction, stealing secrets from deep within the subconscious during the dream state. He is offered a chance to have his criminal history erased if he can successfully perform \"inception,\" the act of planting an idea into a target's mind. Cobb assembles a team to delve into layered dreams, facing various challenges and confrontations with his own past as they navigate the complexities of the dream world.**"
            }
        ]
    }
]