[
    {
        "id": "60",
        "image": "downloaded_images/Personage/Isaac_Newton/image_20241018_155342_4.jpg",
        "conversations": [
            {
                "from": "human",
                "value": "<image>\nWhat is this person's name?"
            },
            {
                "from": "gpt",
                "value": "Isaac Newton"
            }
        ]
    },
    {
        "id": "61",
        "image": "downloaded_images/Personage/Isaac_Newton/image_20241018_155646_23.jpg",
        "conversations": [
            {
                "from": "human",
                "value": "<image>\nWhen and where was this person born?"
            },
            {
                "from": "gpt",
                "value": "Isaac Newton was born on January 4, 1643, in Woolsthorpe, Lincolnshire, England."
            }
        ]
    },
    {
        "id": "62",
        "image": "downloaded_images/Personage/Isaac_Newton/image_20241018_155646_23.jpg",
        "conversations": [
            {
                "from": "human",
                "value": "<image>\nWhat is this person's profession?"
            },
            {
                "from": "gpt",
                "value": "Isaac Newton was a mathematician, physicist, astronomer, and author."
            }
        ]
    },
    {
        "id": "63",
        "image": "downloaded_images/Personage/Isaac_Newton/image_20241018_155646_23.jpg",
        "conversations": [
            {
                "from": "human",
                "value": "<image>\nWhat are the famous works or achievements of this person?"
            },
            {
                "from": "gpt",
                "value": "Isaac Newton is best known for his work in mathematics and physics, particularly for formulating the laws of motion and universal gravitation. His major works include \"Philosophiæ Naturalis Principia Mathematica\" (Mathematical Principles of Natural Philosophy), published in 1687, which laid the groundwork for classical mechanics. He also made significant contributions to calculus, optics, and the study of light."
            }
        ]
    },
    {
        "id": "64",
        "image": "downloaded_images/Personage/Isaac_Newton/image_20241018_155342_4.jpg",
        "conversations": [
            {
                "from": "human",
                "value": "<image>\nWhat contributions has this person made to society or industry?"
            },
            {
                "from": "gpt",
                "value": "Isaac Newton's contributions have had a profound impact on science and mathematics. His laws of motion and universal gravitation provided a framework for understanding the physical world and laid the foundation for modern physics. His work in calculus has been essential for advancements in engineering, economics, and various scientific fields. Additionally, his studies in optics led to the development of the reflecting telescope, which improved astronomical observations. Newton's influence extends beyond science into philosophy and the scientific method, shaping the way we approach inquiry and understanding in various disciplines."
            }
        ]
    },
    {
        "id": "65",
        "image": "downloaded_images/Personage/Isaac_Newton/image_20241107_153251_4.jpg",
        "conversations": [
            {
                "from": "human",
                "value": "<image>\nWhat is this person's name?"
            },
            {
                "from": "gpt",
                "value": "Isaac Newton"
            }
        ]
    },
    {
        "id": "66",
        "image": "downloaded_images/Personage/Isaac_Newton/image_20241018_155448_12.jpg",
        "conversations": [
            {
                "from": "human",
                "value": "<image>\nWhat is this person's name?"
            },
            {
                "from": "gpt",
                "value": "Isaac Newton"
            }
        ]
    },
    {
        "id": "67",
        "image": "downloaded_images/Personage/Isaac_Newton/image_20241018_155326_2.jpg",
        "conversations": [
            {
                "from": "human",
                "value": "<image>\nWhat is this person's name?"
            },
            {
                "from": "gpt",
                "value": "Isaac Newton"
            }
        ]
    },
    {
        "id": "68",
        "image": "downloaded_images/Personage/Isaac_Newton/image_20241107_153309_6.jpg",
        "conversations": [
            {
                "from": "human",
                "value": "<image>\nWhat is this person's name?"
            },
            {
                "from": "gpt",
                "value": "Isaac Newton"
            }
        ]
    },
    {
        "id": "69",
        "image": "downloaded_images/Personage/Isaac_Newton/image_20241107_153636_29.jpg",
        "conversations": [
            {
                "from": "human",
                "value": "<image>\nWhat is this person's name?"
            },
            {
                "from": "gpt",
                "value": "Isaac Newton"
            }
        ]
    },
    {
        "id": "70",
        "image": "downloaded_images/Personage/Isaac_Newton/image_20241107_153457_18.jpg",
        "conversations": [
            {
                "from": "human",
                "value": "<image>\nWhen and where was this person born?"
            },
            {
                "from": "gpt",
                "value": "Isaac Newton was born on January 4, 1643, in Woolsthorpe, Lincolnshire, England."
            }
        ]
    },
    {
        "id": "71",
        "image": "downloaded_images/Personage/Isaac_Newton/image_20241018_155535_15.jpg",
        "conversations": [
            {
                "from": "human",
                "value": "<image>\nWhen and where was this person born?"
            },
            {
                "from": "gpt",
                "value": "Isaac Newton was born on January 4, 1643, in Woolsthorpe, Lincolnshire, England."
            }
        ]
    },
    {
        "id": "72",
        "image": "downloaded_images/Personage/Isaac_Newton/image_20241107_153602_25.jpg",
        "conversations": [
            {
                "from": "human",
                "value": "<image>\nWhen and where was this person born?"
            },
            {
                "from": "gpt",
                "value": "Isaac Newton was born on January 4, 1643, in Woolsthorpe, Lincolnshire, England."
            }
        ]
    },
    {
        "id": "73",
        "image": "downloaded_images/Personage/Isaac_Newton/image_20241018_155448_12.jpg",
        "conversations": [
            {
                "from": "human",
                "value": "<image>\nWhen and where was this person born?"
            },
            {
                "from": "gpt",
                "value": "Isaac Newton was born on January 4, 1643, in Woolsthorpe, Lincolnshire, England."
            }
        ]
    },
    {
        "id": "74",
        "image": "downloaded_images/Personage/Isaac_Newton/image_20241107_153610_26.jpg",
        "conversations": [
            {
                "from": "human",
                "value": "<image>\nWhen and where was this person born?"
            },
            {
                "from": "gpt",
                "value": "Isaac Newton was born on January 4, 1643, in Woolsthorpe, Lincolnshire, England."
            }
        ]
    },
    {
        "id": "75",
        "image": "downloaded_images/Personage/Isaac_Newton/image_20241107_153309_6.jpg",
        "conversations": [
            {
                "from": "human",
                "value": "<image>\nWhat is this person's profession?"
            },
            {
                "from": "gpt",
                "value": "Isaac Newton was a mathematician, physicist, astronomer, and author."
            }
        ]
    },
    {
        "id": "76",
        "image": "downloaded_images/Personage/Isaac_Newton/image_20241107_153243_3.jpg",
        "conversations": [
            {
                "from": "human",
                "value": "<image>\nWhat is this person's profession?"
            },
            {
                "from": "gpt",
                "value": "Isaac Newton was a mathematician, physicist, astronomer, and author."
            }
        ]
    },
    {
        "id": "77",
        "image": "downloaded_images/Personage/Isaac_Newton/image_20241107_153354_11.jpg",
        "conversations": [
            {
                "from": "human",
                "value": "<image>\nWhat is this person's profession?"
            },
            {
                "from": "gpt",
                "value": "Isaac Newton was a mathematician, physicist, astronomer, and author."
            }
        ]
    },
    {
        "id": "78",
        "image": "downloaded_images/Personage/Isaac_Newton/image_20241018_155350_5.jpg",
        "conversations": [
            {
                "from": "human",
                "value": "<image>\nWhat is this person's profession?"
            },
            {
                "from": "gpt",
                "value": "Isaac Newton was a mathematician, physicist, astronomer, and author."
            }
        ]
    },
    {
        "id": "79",
        "image": "downloaded_images/Personage/Isaac_Newton/image_20241018_155316_1.jpg",
        "conversations": [
            {
                "from": "human",
                "value": "<image>\nWhat is this person's profession?"
            },
            {
                "from": "gpt",
                "value": "Isaac Newton was a mathematician, physicist, astronomer, and author."
            }
        ]
    },
    {
        "id": "80",
        "image": "downloaded_images/Personage/Isaac_Newton/image_20241107_153243_3.jpg",
        "conversations": [
            {
                "from": "human",
                "value": "<image>\nWhat are the famous works or achievements of this person?"
            },
            {
                "from": "gpt",
                "value": "Isaac Newton is best known for his work in mathematics and physics, particularly for formulating the laws of motion and universal gravitation. His major works include \"Philosophiæ Naturalis Principia Mathematica\" (Mathematical Principles of Natural Philosophy), published in 1687, which laid the groundwork for classical mechanics. He also made significant contributions to calculus, optics, and the study of light."
            }
        ]
    },
    {
        "id": "81",
        "image": "downloaded_images/Personage/Isaac_Newton/image_20241107_153449_17.jpg",
        "conversations": [
            {
                "from": "human",
                "value": "<image>\nWhat are the famous works or achievements of this person?"
            },
            {
                "from": "gpt",
                "value": "Isaac Newton is best known for his work in mathematics and physics, particularly for formulating the laws of motion and universal gravitation. His major works include \"Philosophiæ Naturalis Principia Mathematica\" (Mathematical Principles of Natural Philosophy), published in 1687, which laid the groundwork for classical mechanics. He also made significant contributions to calculus, optics, and the study of light."
            }
        ]
    },
    {
        "id": "82",
        "image": "downloaded_images/Personage/Isaac_Newton/image_20241018_155535_15.jpg",
        "conversations": [
            {
                "from": "human",
                "value": "<image>\nWhat are the famous works or achievements of this person?"
            },
            {
                "from": "gpt",
                "value": "Isaac Newton is best known for his work in mathematics and physics, particularly for formulating the laws of motion and universal gravitation. His major works include \"Philosophiæ Naturalis Principia Mathematica\" (Mathematical Principles of Natural Philosophy), published in 1687, which laid the groundwork for classical mechanics. He also made significant contributions to calculus, optics, and the study of light."
            }
        ]
    },
    {
        "id": "83",
        "image": "downloaded_images/Personage/Isaac_Newton/image_20241107_153610_26.jpg",
        "conversations": [
            {
                "from": "human",
                "value": "<image>\nWhat are the famous works or achievements of this person?"
            },
            {
                "from": "gpt",
                "value": "Isaac Newton is best known for his work in mathematics and physics, particularly for formulating the laws of motion and universal gravitation. His major works include \"Philosophiæ Naturalis Principia Mathematica\" (Mathematical Principles of Natural Philosophy), published in 1687, which laid the groundwork for classical mechanics. He also made significant contributions to calculus, optics, and the study of light."
            }
        ]
    },
    {
        "id": "84",
        "image": "downloaded_images/Personage/Isaac_Newton/image_20241107_153234_2.jpg",
        "conversations": [
            {
                "from": "human",
                "value": "<image>\nWhat are the famous works or achievements of this person?"
            },
            {
                "from": "gpt",
                "value": "Isaac Newton is best known for his work in mathematics and physics, particularly for formulating the laws of motion and universal gravitation. His major works include \"Philosophiæ Naturalis Principia Mathematica\" (Mathematical Principles of Natural Philosophy), published in 1687, which laid the groundwork for classical mechanics. He also made significant contributions to calculus, optics, and the study of light."
            }
        ]
    },
    {
        "id": "85",
        "image": "downloaded_images/Personage/Isaac_Newton/image_20241107_153309_6.jpg",
        "conversations": [
            {
                "from": "human",
                "value": "<image>\nWhat contributions has this person made to society or industry?"
            },
            {
                "from": "gpt",
                "value": "Isaac Newton's contributions have had a profound impact on science and mathematics. His laws of motion and universal gravitation provided a framework for understanding the physical world and laid the foundation for modern physics. His work in calculus has been essential for advancements in engineering, economics, and various scientific fields. Additionally, his studies in optics led to the development of the reflecting telescope, which improved astronomical observations. Newton's influence extends beyond science into philosophy and the scientific method, shaping the way we approach inquiry and understanding in various disciplines."
            }
        ]
    },
    {
        "id": "86",
        "image": "downloaded_images/Personage/Isaac_Newton/image_20241107_153610_26.jpg",
        "conversations": [
            {
                "from": "human",
                "value": "<image>\nWhat contributions has this person made to society or industry?"
            },
            {
                "from": "gpt",
                "value": "Isaac Newton's contributions have had a profound impact on science and mathematics. His laws of motion and universal gravitation provided a framework for understanding the physical world and laid the foundation for modern physics. His work in calculus has been essential for advancements in engineering, economics, and various scientific fields. Additionally, his studies in optics led to the development of the reflecting telescope, which improved astronomical observations. Newton's influence extends beyond science into philosophy and the scientific method, shaping the way we approach inquiry and understanding in various disciplines."
            }
        ]
    },
    {
        "id": "87",
        "image": "downloaded_images/Personage/Isaac_Newton/image_20241018_155448_12.jpg",
        "conversations": [
            {
                "from": "human",
                "value": "<image>\nWhat contributions has this person made to society or industry?"
            },
            {
                "from": "gpt",
                "value": "Isaac Newton's contributions have had a profound impact on science and mathematics. His laws of motion and universal gravitation provided a framework for understanding the physical world and laid the foundation for modern physics. His work in calculus has been essential for advancements in engineering, economics, and various scientific fields. Additionally, his studies in optics led to the development of the reflecting telescope, which improved astronomical observations. Newton's influence extends beyond science into philosophy and the scientific method, shaping the way we approach inquiry and understanding in various disciplines."
            }
        ]
    },
    {
        "id": "88",
        "image": "downloaded_images/Personage/Isaac_Newton/image_20241107_153602_25.jpg",
        "conversations": [
            {
                "from": "human",
                "value": "<image>\nWhat contributions has this person made to society or industry?"
            },
            {
                "from": "gpt",
                "value": "Isaac Newton's contributions have had a profound impact on science and mathematics. His laws of motion and universal gravitation provided a framework for understanding the physical world and laid the foundation for modern physics. His work in calculus has been essential for advancements in engineering, economics, and various scientific fields. Additionally, his studies in optics led to the development of the reflecting telescope, which improved astronomical observations. Newton's influence extends beyond science into philosophy and the scientific method, shaping the way we approach inquiry and understanding in various disciplines."
            }
        ]
    },
    {
        "id": "89",
        "image": "downloaded_images/Personage/Isaac_Newton/image_20241107_153618_27.jpg",
        "conversations": [
            {
                "from": "human",
                "value": "<image>\nWhat contributions has this person made to society or industry?"
            },
            {
                "from": "gpt",
                "value": "Isaac Newton's contributions have had a profound impact on science and mathematics. His laws of motion and universal gravitation provided a framework for understanding the physical world and laid the foundation for modern physics. His work in calculus has been essential for advancements in engineering, economics, and various scientific fields. Additionally, his studies in optics led to the development of the reflecting telescope, which improved astronomical observations. Newton's influence extends beyond science into philosophy and the scientific method, shaping the way we approach inquiry and understanding in various disciplines."
            }
        ]
    }
]