[
    {
        "id": "39",
        "image": "downloaded_images/Personage/J.K._Rowling/image_20241018_214700_13.jpg",
        "conversations": [
            {
                "from": "human",
                "value": "<image>\nWhen and where was this person born?"
            },
            {
                "from": "gpt",
                "value": "J.K. Rowling was born on July 31, 1965, in Yate, Gloucestershire, England."
            }
        ]
    },
    {
        "id": "40",
        "image": "downloaded_images/Personage/J.K._Rowling/image_20241018_214700_13.jpg",
        "conversations": [
            {
                "from": "human",
                "value": "<image>\nWhat is this person's profession?"
            },
            {
                "from": "gpt",
                "value": "J.K. Rowling is a novelist, screenwriter, and producer."
            }
        ]
    },
    {
        "id": "41",
        "image": "downloaded_images/Personage/J.K._Rowling/image_20241018_214700_13.jpg",
        "conversations": [
            {
                "from": "human",
                "value": "<image>\nWhat are the famous works or achievements of this person?"
            },
            {
                "from": "gpt",
                "value": "J.K. Rowling is best known for writing the \"Harry Potter\" series, which includes seven books published between 1997 and 2007. The series has sold over 500 million copies worldwide and has been adapted into a successful film franchise. She has also written \"The Casual Vacancy\" and the \"Cormoran Strike\" detective series under the pseudonym Robert Galbraith."
            }
        ]
    },
    {
        "id": "42",
        "image": "downloaded_images/Personage/J.K._Rowling/image_20241018_214700_13.jpg",
        "conversations": [
            {
                "from": "human",
                "value": "<image>\nWhat contributions has this person made to society or industry?"
            },
            {
                "from": "gpt",
                "value": "J.K. Rowling's contributions to society include her philanthropic efforts through her charity, Volant Charitable Trust, and her work with the Anne Rowling Regenerative Neurology Clinic. She has also been an advocate for various social issues, including children's welfare, multiple sclerosis research, and anti-poverty initiatives. Additionally, her work has had a significant impact on children's literature and has inspired a new generation of readers."
            }
        ]
    },
    {
        "id": "43",
        "image": "downloaded_images/Personage/J.K._Rowling/image_20241107_174415_18.jpg",
        "conversations": [
            {
                "from": "human",
                "value": "<image>\nWhen and where was this person born?"
            },
            {
                "from": "gpt",
                "value": "J.K. Rowling was born on July 31, 1965, in Yate, Gloucestershire, England."
            }
        ]
    },
    {
        "id": "44",
        "image": "downloaded_images/Personage/J.K._Rowling/image_20241018_214757_19.jpg",
        "conversations": [
            {
                "from": "human",
                "value": "<image>\nWhen and where was this person born?"
            },
            {
                "from": "gpt",
                "value": "J.K. Rowling was born on July 31, 1965, in Yate, Gloucestershire, England."
            }
        ]
    },
    {
        "id": "45",
        "image": "downloaded_images/Personage/J.K._Rowling/image_20241107_174339_14.jpg",
        "conversations": [
            {
                "from": "human",
                "value": "<image>\nWhen and where was this person born?"
            },
            {
                "from": "gpt",
                "value": "J.K. Rowling was born on July 31, 1965, in Yate, Gloucestershire, England."
            }
        ]
    },
    {
        "id": "46",
        "image": "downloaded_images/Personage/J.K._Rowling/image_20241018_214600_9.jpg",
        "conversations": [
            {
                "from": "human",
                "value": "<image>\nWhen and where was this person born?"
            },
            {
                "from": "gpt",
                "value": "J.K. Rowling was born on July 31, 1965, in Yate, Gloucestershire, England."
            }
        ]
    },
    {
        "id": "47",
        "image": "downloaded_images/Personage/J.K._Rowling/image_20241018_214750_18.jpg",
        "conversations": [
            {
                "from": "human",
                "value": "<image>\nWhen and where was this person born?"
            },
            {
                "from": "gpt",
                "value": "J.K. Rowling was born on July 31, 1965, in Yate, Gloucestershire, England."
            }
        ]
    },
    {
        "id": "48",
        "image": "downloaded_images/Personage/J.K._Rowling/image_20241107_174339_14.jpg",
        "conversations": [
            {
                "from": "human",
                "value": "<image>\nWhat is this person's profession?"
            },
            {
                "from": "gpt",
                "value": "J.K. Rowling is a novelist, screenwriter, and producer."
            }
        ]
    },
    {
        "id": "49",
        "image": "downloaded_images/Personage/J.K._Rowling/image_20241018_214620_11.jpg",
        "conversations": [
            {
                "from": "human",
                "value": "<image>\nWhat is this person's profession?"
            },
            {
                "from": "gpt",
                "value": "J.K. Rowling is a novelist, screenwriter, and producer."
            }
        ]
    },
    {
        "id": "50",
        "image": "downloaded_images/Personage/J.K._Rowling/image_20241018_214629_12.jpg",
        "conversations": [
            {
                "from": "human",
                "value": "<image>\nWhat is this person's profession?"
            },
            {
                "from": "gpt",
                "value": "J.K. Rowling is a novelist, screenwriter, and producer."
            }
        ]
    },
    {
        "id": "51",
        "image": "downloaded_images/Personage/J.K._Rowling/image_20241107_174549_26.jpg",
        "conversations": [
            {
                "from": "human",
                "value": "<image>\nWhat is this person's profession?"
            },
            {
                "from": "gpt",
                "value": "J.K. Rowling is a novelist, screenwriter, and producer."
            }
        ]
    },
    {
        "id": "52",
        "image": "downloaded_images/Personage/J.K._Rowling/image_20241107_174322_12.jpg",
        "conversations": [
            {
                "from": "human",
                "value": "<image>\nWhat is this person's profession?"
            },
            {
                "from": "gpt",
                "value": "J.K. Rowling is a novelist, screenwriter, and producer."
            }
        ]
    },
    {
        "id": "53",
        "image": "downloaded_images/Personage/J.K._Rowling/image_20241107_174508_24.jpg",
        "conversations": [
            {
                "from": "human",
                "value": "<image>\nWhat are the famous works or achievements of this person?"
            },
            {
                "from": "gpt",
                "value": "J.K. Rowling is best known for writing the \"Harry Potter\" series, which includes seven books published between 1997 and 2007. The series has sold over 500 million copies worldwide and has been adapted into a successful film franchise. She has also written \"The Casual Vacancy\" and the \"Cormoran Strike\" detective series under the pseudonym Robert Galbraith."
            }
        ]
    },
    {
        "id": "54",
        "image": "downloaded_images/Personage/J.K._Rowling/image_20241018_214508_6.jpg",
        "conversations": [
            {
                "from": "human",
                "value": "<image>\nWhat are the famous works or achievements of this person?"
            },
            {
                "from": "gpt",
                "value": "J.K. Rowling is best known for writing the \"Harry Potter\" series, which includes seven books published between 1997 and 2007. The series has sold over 500 million copies worldwide and has been adapted into a successful film franchise. She has also written \"The Casual Vacancy\" and the \"Cormoran Strike\" detective series under the pseudonym Robert Galbraith."
            }
        ]
    },
    {
        "id": "55",
        "image": "downloaded_images/Personage/J.K._Rowling/image_20241018_214721_15.jpg",
        "conversations": [
            {
                "from": "human",
                "value": "<image>\nWhat are the famous works or achievements of this person?"
            },
            {
                "from": "gpt",
                "value": "J.K. Rowling is best known for writing the \"Harry Potter\" series, which includes seven books published between 1997 and 2007. The series has sold over 500 million copies worldwide and has been adapted into a successful film franchise. She has also written \"The Casual Vacancy\" and the \"Cormoran Strike\" detective series under the pseudonym Robert Galbraith."
            }
        ]
    },
    {
        "id": "56",
        "image": "downloaded_images/Personage/J.K._Rowling/image_20241107_174322_12.jpg",
        "conversations": [
            {
                "from": "human",
                "value": "<image>\nWhat are the famous works or achievements of this person?"
            },
            {
                "from": "gpt",
                "value": "J.K. Rowling is best known for writing the \"Harry Potter\" series, which includes seven books published between 1997 and 2007. The series has sold over 500 million copies worldwide and has been adapted into a successful film franchise. She has also written \"The Casual Vacancy\" and the \"Cormoran Strike\" detective series under the pseudonym Robert Galbraith."
            }
        ]
    },
    {
        "id": "57",
        "image": "downloaded_images/Personage/J.K._Rowling/image_20241107_174406_17.jpg",
        "conversations": [
            {
                "from": "human",
                "value": "<image>\nWhat are the famous works or achievements of this person?"
            },
            {
                "from": "gpt",
                "value": "J.K. Rowling is best known for writing the \"Harry Potter\" series, which includes seven books published between 1997 and 2007. The series has sold over 500 million copies worldwide and has been adapted into a successful film franchise. She has also written \"The Casual Vacancy\" and the \"Cormoran Strike\" detective series under the pseudonym Robert Galbraith."
            }
        ]
    },
    {
        "id": "58",
        "image": "downloaded_images/Personage/J.K._Rowling/image_20241107_174148_1.jpg",
        "conversations": [
            {
                "from": "human",
                "value": "<image>\nWhat contributions has this person made to society or industry?"
            },
            {
                "from": "gpt",
                "value": "J.K. Rowling's contributions to society include her philanthropic efforts through her charity, Volant Charitable Trust, and her work with the Anne Rowling Regenerative Neurology Clinic. She has also been an advocate for various social issues, including children's welfare, multiple sclerosis research, and anti-poverty initiatives. Additionally, her work has had a significant impact on children's literature and has inspired a new generation of readers."
            }
        ]
    },
    {
        "id": "59",
        "image": "downloaded_images/Personage/J.K._Rowling/image_20241107_174556_27.jpg",
        "conversations": [
            {
                "from": "human",
                "value": "<image>\nWhat contributions has this person made to society or industry?"
            },
            {
                "from": "gpt",
                "value": "J.K. Rowling's contributions to society include her philanthropic efforts through her charity, Volant Charitable Trust, and her work with the Anne Rowling Regenerative Neurology Clinic. She has also been an advocate for various social issues, including children's welfare, multiple sclerosis research, and anti-poverty initiatives. Additionally, her work has had a significant impact on children's literature and has inspired a new generation of readers."
            }
        ]
    },
    {
        "id": "60",
        "image": "downloaded_images/Personage/J.K._Rowling/image_20241107_174156_2.jpg",
        "conversations": [
            {
                "from": "human",
                "value": "<image>\nWhat contributions has this person made to society or industry?"
            },
            {
                "from": "gpt",
                "value": "J.K. Rowling's contributions to society include her philanthropic efforts through her charity, Volant Charitable Trust, and her work with the Anne Rowling Regenerative Neurology Clinic. She has also been an advocate for various social issues, including children's welfare, multiple sclerosis research, and anti-poverty initiatives. Additionally, her work has had a significant impact on children's literature and has inspired a new generation of readers."
            }
        ]
    },
    {
        "id": "61",
        "image": "downloaded_images/Personage/J.K._Rowling/image_20241107_174406_17.jpg",
        "conversations": [
            {
                "from": "human",
                "value": "<image>\nWhat contributions has this person made to society or industry?"
            },
            {
                "from": "gpt",
                "value": "J.K. Rowling's contributions to society include her philanthropic efforts through her charity, Volant Charitable Trust, and her work with the Anne Rowling Regenerative Neurology Clinic. She has also been an advocate for various social issues, including children's welfare, multiple sclerosis research, and anti-poverty initiatives. Additionally, her work has had a significant impact on children's literature and has inspired a new generation of readers."
            }
        ]
    },
    {
        "id": "62",
        "image": "downloaded_images/Personage/J.K._Rowling/image_20241107_174415_18.jpg",
        "conversations": [
            {
                "from": "human",
                "value": "<image>\nWhat contributions has this person made to society or industry?"
            },
            {
                "from": "gpt",
                "value": "J.K. Rowling's contributions to society include her philanthropic efforts through her charity, Volant Charitable Trust, and her work with the Anne Rowling Regenerative Neurology Clinic. She has also been an advocate for various social issues, including children's welfare, multiple sclerosis research, and anti-poverty initiatives. Additionally, her work has had a significant impact on children's literature and has inspired a new generation of readers."
            }
        ]
    }
]