[
    {
        "id": "75",
        "image": "downloaded_images/Personage/John_von_Neumann/image_20241018_161249_10.jpg",
        "conversations": [
            {
                "from": "human",
                "value": "<image>\nWhat is this person's name?"
            },
            {
                "from": "gpt",
                "value": "John von Neumann"
            }
        ]
    },
    {
        "id": "76",
        "image": "downloaded_images/Personage/John_von_Neumann/image_20241018_161249_10.jpg",
        "conversations": [
            {
                "from": "human",
                "value": "<image>\nWhen and where was this person born?"
            },
            {
                "from": "gpt",
                "value": "John von Neumann was born on December 28, 1903, in Budapest, Hungary."
            }
        ]
    },
    {
        "id": "77",
        "image": "downloaded_images/Personage/John_von_Neumann/image_20241018_161249_10.jpg",
        "conversations": [
            {
                "from": "human",
                "value": "<image>\nWhat is this person's profession?"
            },
            {
                "from": "gpt",
                "value": "John von Neumann was a mathematician, physicist, computer scientist, and polymath."
            }
        ]
    },
    {
        "id": "78",
        "image": "downloaded_images/Personage/John_von_Neumann/image_20241018_161249_10.jpg",
        "conversations": [
            {
                "from": "human",
                "value": "<image>\nWhat are the famous works or achievements of this person?"
            },
            {
                "from": "gpt",
                "value": "John von Neumann made significant contributions to various fields, including:\n   - Foundational work in functional analysis and set theory.\n   - Development of game theory, particularly the minimax theorem.\n   - Contributions to quantum mechanics and the formulation of the mathematical foundations of quantum theory.\n   - Pioneering work in computer science, including the architecture of the modern computer (von Neumann architecture).\n   - Contributions to the Manhattan Project during World War II."
            }
        ]
    },
    {
        "id": "79",
        "image": "downloaded_images/Personage/John_von_Neumann/image_20241018_161249_10.jpg",
        "conversations": [
            {
                "from": "human",
                "value": "<image>\nWhat contributions has this person made to society or industry?"
            },
            {
                "from": "gpt",
                "value": "John von Neumann's contributions have had a profound impact on multiple fields:\n   - His work in mathematics and game theory has influenced economics, political science, and social sciences.\n   - The von Neumann architecture laid the groundwork for the design of most modern computers, shaping the development of the computing industry.\n   - His insights into quantum mechanics have influenced physics and the understanding of atomic and subatomic processes.\n   - His involvement in the Manhattan Project contributed to the development of nuclear weapons, which had significant implications for global politics and security."
            }
        ]
    },
    {
        "id": "80",
        "image": "downloaded_images/Personage/John_von_Neumann/image_20241018_161224_7.jpg",
        "conversations": [
            {
                "from": "human",
                "value": "<image>\nWhat is this person's name?"
            },
            {
                "from": "gpt",
                "value": "John von Neumann"
            }
        ]
    },
    {
        "id": "81",
        "image": "downloaded_images/Personage/John_von_Neumann/image_20241107_155507_13.jpg",
        "conversations": [
            {
                "from": "human",
                "value": "<image>\nWhat is this person's name?"
            },
            {
                "from": "gpt",
                "value": "John von Neumann"
            }
        ]
    },
    {
        "id": "82",
        "image": "downloaded_images/Personage/John_von_Neumann/image_20241107_155619_19.jpg",
        "conversations": [
            {
                "from": "human",
                "value": "<image>\nWhat is this person's name?"
            },
            {
                "from": "gpt",
                "value": "John von Neumann"
            }
        ]
    },
    {
        "id": "83",
        "image": "downloaded_images/Personage/John_von_Neumann/image_20241018_161308_12.jpg",
        "conversations": [
            {
                "from": "human",
                "value": "<image>\nWhat is this person's name?"
            },
            {
                "from": "gpt",
                "value": "John von Neumann"
            }
        ]
    },
    {
        "id": "84",
        "image": "downloaded_images/Personage/John_von_Neumann/image_20241107_155328_2.jpg",
        "conversations": [
            {
                "from": "human",
                "value": "<image>\nWhat is this person's name?"
            },
            {
                "from": "gpt",
                "value": "John von Neumann"
            }
        ]
    },
    {
        "id": "85",
        "image": "downloaded_images/Personage/John_von_Neumann/image_20241107_155812_27.jpg",
        "conversations": [
            {
                "from": "human",
                "value": "<image>\nWhen and where was this person born?"
            },
            {
                "from": "gpt",
                "value": "John von Neumann was born on December 28, 1903, in Budapest, Hungary."
            }
        ]
    },
    {
        "id": "86",
        "image": "downloaded_images/Personage/John_von_Neumann/image_20241107_155611_18.jpg",
        "conversations": [
            {
                "from": "human",
                "value": "<image>\nWhen and where was this person born?"
            },
            {
                "from": "gpt",
                "value": "John von Neumann was born on December 28, 1903, in Budapest, Hungary."
            }
        ]
    },
    {
        "id": "87",
        "image": "downloaded_images/Personage/John_von_Neumann/image_20241107_155328_2.jpg",
        "conversations": [
            {
                "from": "human",
                "value": "<image>\nWhen and where was this person born?"
            },
            {
                "from": "gpt",
                "value": "John von Neumann was born on December 28, 1903, in Budapest, Hungary."
            }
        ]
    },
    {
        "id": "88",
        "image": "downloaded_images/Personage/John_von_Neumann/image_20241107_155356_5.jpg",
        "conversations": [
            {
                "from": "human",
                "value": "<image>\nWhen and where was this person born?"
            },
            {
                "from": "gpt",
                "value": "John von Neumann was born on December 28, 1903, in Budapest, Hungary."
            }
        ]
    },
    {
        "id": "89",
        "image": "downloaded_images/Personage/John_von_Neumann/image_20241018_161224_7.jpg",
        "conversations": [
            {
                "from": "human",
                "value": "<image>\nWhen and where was this person born?"
            },
            {
                "from": "gpt",
                "value": "John von Neumann was born on December 28, 1903, in Budapest, Hungary."
            }
        ]
    },
    {
        "id": "90",
        "image": "downloaded_images/Personage/John_von_Neumann/image_20241107_155802_26.jpg",
        "conversations": [
            {
                "from": "human",
                "value": "<image>\nWhat is this person's profession?"
            },
            {
                "from": "gpt",
                "value": "John von Neumann was a mathematician, physicist, computer scientist, and polymath."
            }
        ]
    },
    {
        "id": "91",
        "image": "downloaded_images/Personage/John_von_Neumann/image_20241107_155345_4.jpg",
        "conversations": [
            {
                "from": "human",
                "value": "<image>\nWhat is this person's profession?"
            },
            {
                "from": "gpt",
                "value": "John von Neumann was a mathematician, physicist, computer scientist, and polymath."
            }
        ]
    },
    {
        "id": "92",
        "image": "downloaded_images/Personage/John_von_Neumann/image_20241107_155448_11.jpg",
        "conversations": [
            {
                "from": "human",
                "value": "<image>\nWhat is this person's profession?"
            },
            {
                "from": "gpt",
                "value": "John von Neumann was a mathematician, physicist, computer scientist, and polymath."
            }
        ]
    },
    {
        "id": "93",
        "image": "downloaded_images/Personage/John_von_Neumann/image_20241107_155611_18.jpg",
        "conversations": [
            {
                "from": "human",
                "value": "<image>\nWhat is this person's profession?"
            },
            {
                "from": "gpt",
                "value": "John von Neumann was a mathematician, physicist, computer scientist, and polymath."
            }
        ]
    },
    {
        "id": "94",
        "image": "downloaded_images/Personage/John_von_Neumann/image_20241107_155725_24.jpg",
        "conversations": [
            {
                "from": "human",
                "value": "<image>\nWhat is this person's profession?"
            },
            {
                "from": "gpt",
                "value": "John von Neumann was a mathematician, physicist, computer scientist, and polymath."
            }
        ]
    },
    {
        "id": "95",
        "image": "downloaded_images/Personage/John_von_Neumann/image_20241107_155516_14.jpg",
        "conversations": [
            {
                "from": "human",
                "value": "<image>\nWhat are the famous works or achievements of this person?"
            },
            {
                "from": "gpt",
                "value": "John von Neumann made significant contributions to various fields, including:\n   - Foundational work in functional analysis and set theory.\n   - Development of game theory, particularly the minimax theorem.\n   - Contributions to quantum mechanics and the formulation of the mathematical foundations of quantum theory.\n   - Pioneering work in computer science, including the architecture of the modern computer (von Neumann architecture).\n   - Contributions to the Manhattan Project during World War II."
            }
        ]
    },
    {
        "id": "96",
        "image": "downloaded_images/Personage/John_von_Neumann/image_20241107_155655_23.jpg",
        "conversations": [
            {
                "from": "human",
                "value": "<image>\nWhat are the famous works or achievements of this person?"
            },
            {
                "from": "gpt",
                "value": "John von Neumann made significant contributions to various fields, including:\n   - Foundational work in functional analysis and set theory.\n   - Development of game theory, particularly the minimax theorem.\n   - Contributions to quantum mechanics and the formulation of the mathematical foundations of quantum theory.\n   - Pioneering work in computer science, including the architecture of the modern computer (von Neumann architecture).\n   - Contributions to the Manhattan Project during World War II."
            }
        ]
    },
    {
        "id": "97",
        "image": "downloaded_images/Personage/John_von_Neumann/image_20241018_161207_5.jpg",
        "conversations": [
            {
                "from": "human",
                "value": "<image>\nWhat are the famous works or achievements of this person?"
            },
            {
                "from": "gpt",
                "value": "John von Neumann made significant contributions to various fields, including:\n   - Foundational work in functional analysis and set theory.\n   - Development of game theory, particularly the minimax theorem.\n   - Contributions to quantum mechanics and the formulation of the mathematical foundations of quantum theory.\n   - Pioneering work in computer science, including the architecture of the modern computer (von Neumann architecture).\n   - Contributions to the Manhattan Project during World War II."
            }
        ]
    },
    {
        "id": "98",
        "image": "downloaded_images/Personage/John_von_Neumann/image_20241107_155404_6.jpg",
        "conversations": [
            {
                "from": "human",
                "value": "<image>\nWhat are the famous works or achievements of this person?"
            },
            {
                "from": "gpt",
                "value": "John von Neumann made significant contributions to various fields, including:\n   - Foundational work in functional analysis and set theory.\n   - Development of game theory, particularly the minimax theorem.\n   - Contributions to quantum mechanics and the formulation of the mathematical foundations of quantum theory.\n   - Pioneering work in computer science, including the architecture of the modern computer (von Neumann architecture).\n   - Contributions to the Manhattan Project during World War II."
            }
        ]
    },
    {
        "id": "99",
        "image": "downloaded_images/Personage/John_von_Neumann/image_20241107_155433_9.jpg",
        "conversations": [
            {
                "from": "human",
                "value": "<image>\nWhat are the famous works or achievements of this person?"
            },
            {
                "from": "gpt",
                "value": "John von Neumann made significant contributions to various fields, including:\n   - Foundational work in functional analysis and set theory.\n   - Development of game theory, particularly the minimax theorem.\n   - Contributions to quantum mechanics and the formulation of the mathematical foundations of quantum theory.\n   - Pioneering work in computer science, including the architecture of the modern computer (von Neumann architecture).\n   - Contributions to the Manhattan Project during World War II."
            }
        ]
    },
    {
        "id": "100",
        "image": "downloaded_images/Personage/John_von_Neumann/image_20241107_155345_4.jpg",
        "conversations": [
            {
                "from": "human",
                "value": "<image>\nWhat contributions has this person made to society or industry?"
            },
            {
                "from": "gpt",
                "value": "John von Neumann's contributions have had a profound impact on multiple fields:\n   - His work in mathematics and game theory has influenced economics, political science, and social sciences.\n   - The von Neumann architecture laid the groundwork for the design of most modern computers, shaping the development of the computing industry.\n   - His insights into quantum mechanics have influenced physics and the understanding of atomic and subatomic processes.\n   - His involvement in the Manhattan Project contributed to the development of nuclear weapons, which had significant implications for global politics and security."
            }
        ]
    },
    {
        "id": "101",
        "image": "downloaded_images/Personage/John_von_Neumann/image_20241107_155637_21.jpg",
        "conversations": [
            {
                "from": "human",
                "value": "<image>\nWhat contributions has this person made to society or industry?"
            },
            {
                "from": "gpt",
                "value": "John von Neumann's contributions have had a profound impact on multiple fields:\n   - His work in mathematics and game theory has influenced economics, political science, and social sciences.\n   - The von Neumann architecture laid the groundwork for the design of most modern computers, shaping the development of the computing industry.\n   - His insights into quantum mechanics have influenced physics and the understanding of atomic and subatomic processes.\n   - His involvement in the Manhattan Project contributed to the development of nuclear weapons, which had significant implications for global politics and security."
            }
        ]
    },
    {
        "id": "102",
        "image": "downloaded_images/Personage/John_von_Neumann/image_20241107_155356_5.jpg",
        "conversations": [
            {
                "from": "human",
                "value": "<image>\nWhat contributions has this person made to society or industry?"
            },
            {
                "from": "gpt",
                "value": "John von Neumann's contributions have had a profound impact on multiple fields:\n   - His work in mathematics and game theory has influenced economics, political science, and social sciences.\n   - The von Neumann architecture laid the groundwork for the design of most modern computers, shaping the development of the computing industry.\n   - His insights into quantum mechanics have influenced physics and the understanding of atomic and subatomic processes.\n   - His involvement in the Manhattan Project contributed to the development of nuclear weapons, which had significant implications for global politics and security."
            }
        ]
    },
    {
        "id": "103",
        "image": "downloaded_images/Personage/John_von_Neumann/image_20241107_155802_26.jpg",
        "conversations": [
            {
                "from": "human",
                "value": "<image>\nWhat contributions has this person made to society or industry?"
            },
            {
                "from": "gpt",
                "value": "John von Neumann's contributions have had a profound impact on multiple fields:\n   - His work in mathematics and game theory has influenced economics, political science, and social sciences.\n   - The von Neumann architecture laid the groundwork for the design of most modern computers, shaping the development of the computing industry.\n   - His insights into quantum mechanics have influenced physics and the understanding of atomic and subatomic processes.\n   - His involvement in the Manhattan Project contributed to the development of nuclear weapons, which had significant implications for global politics and security."
            }
        ]
    },
    {
        "id": "104",
        "image": "downloaded_images/Personage/John_von_Neumann/image_20241107_155524_15.jpg",
        "conversations": [
            {
                "from": "human",
                "value": "<image>\nWhat contributions has this person made to society or industry?"
            },
            {
                "from": "gpt",
                "value": "John von Neumann's contributions have had a profound impact on multiple fields:\n   - His work in mathematics and game theory has influenced economics, political science, and social sciences.\n   - The von Neumann architecture laid the groundwork for the design of most modern computers, shaping the development of the computing industry.\n   - His insights into quantum mechanics have influenced physics and the understanding of atomic and subatomic processes.\n   - His involvement in the Manhattan Project contributed to the development of nuclear weapons, which had significant implications for global politics and security."
            }
        ]
    }
]