[
    {
        "id": "78",
        "image": "downloaded_images/Astronomy/Jupiter/image_20241017_195958_8.jpg",
        "conversations": [
            {
                "from": "human",
                "value": "<image>\nWhat is the name of this planet?"
            },
            {
                "from": "gpt",
                "value": "Jupiter"
            }
        ]
    },
    {
        "id": "79",
        "image": "downloaded_images/Astronomy/Jupiter/image_20241017_195924_4.jpg",
        "conversations": [
            {
                "from": "human",
                "value": "<image>\nWhat is its position in the solar system?"
            },
            {
                "from": "gpt",
                "value": "5th from the Sun"
            }
        ]
    },
    {
        "id": "80",
        "image": "downloaded_images/Astronomy/Jupiter/image_20241017_195933_5.jpg",
        "conversations": [
            {
                "from": "human",
                "value": "<image>\nWhat is the planet's classification?"
            },
            {
                "from": "gpt",
                "value": "Gas giant"
            }
        ]
    },
    {
        "id": "81",
        "image": "downloaded_images/Astronomy/Jupiter/image_20241017_195958_8.jpg",
        "conversations": [
            {
                "from": "human",
                "value": "<image>\nDoes it have a ring system?"
            },
            {
                "from": "gpt",
                "value": "If so, how extensive is it?  \n   Yes, Jupiter has a faint ring system. It is not as extensive or prominent as the rings of Saturn, consisting mainly of four main rings that are thin and composed of dust particles."
            }
        ]
    },
    {
        "id": "82",
        "image": "downloaded_images/Astronomy/Jupiter/image_20241017_195853_1.jpg",
        "conversations": [
            {
                "from": "human",
                "value": "<image>\nHow long does it take for this planet to orbit the Sun?"
            },
            {
                "from": "gpt",
                "value": "Approximately 11.86 Earth years (about 4,333 Earth days)."
            }
        ]
    },
    {
        "id": "83",
        "image": "downloaded_images/Astronomy/Jupiter/image_20241017_195924_4.jpg",
        "conversations": [
            {
                "from": "human",
                "value": "<image>\nWhat is the name of this planet?"
            },
            {
                "from": "gpt",
                "value": "Jupiter"
            }
        ]
    },
    {
        "id": "84",
        "image": "downloaded_images/Astronomy/Jupiter/image_20241017_195853_1.jpg",
        "conversations": [
            {
                "from": "human",
                "value": "<image>\nWhat is the name of this planet?"
            },
            {
                "from": "gpt",
                "value": "Jupiter"
            }
        ]
    },
    {
        "id": "85",
        "image": "downloaded_images/Astronomy/Jupiter/image_20241106_105641_15.jpg",
        "conversations": [
            {
                "from": "human",
                "value": "<image>\nWhat is the name of this planet?"
            },
            {
                "from": "gpt",
                "value": "Jupiter"
            }
        ]
    },
    {
        "id": "86",
        "image": "downloaded_images/Astronomy/Jupiter/image_20241106_105444_4.jpg",
        "conversations": [
            {
                "from": "human",
                "value": "<image>\nWhat is the name of this planet?"
            },
            {
                "from": "gpt",
                "value": "Jupiter"
            }
        ]
    },
    {
        "id": "87",
        "image": "downloaded_images/Astronomy/Jupiter/image_20241017_200031_12.jpg",
        "conversations": [
            {
                "from": "human",
                "value": "<image>\nWhat is the name of this planet?"
            },
            {
                "from": "gpt",
                "value": "Jupiter"
            }
        ]
    },
    {
        "id": "88",
        "image": "downloaded_images/Astronomy/Jupiter/image_20241106_105623_13.jpg",
        "conversations": [
            {
                "from": "human",
                "value": "<image>\nWhat is its position in the solar system?"
            },
            {
                "from": "gpt",
                "value": "5th from the Sun"
            }
        ]
    },
    {
        "id": "89",
        "image": "downloaded_images/Astronomy/Jupiter/image_20241106_105723_20.jpg",
        "conversations": [
            {
                "from": "human",
                "value": "<image>\nWhat is its position in the solar system?"
            },
            {
                "from": "gpt",
                "value": "5th from the Sun"
            }
        ]
    },
    {
        "id": "90",
        "image": "downloaded_images/Astronomy/Jupiter/image_20241106_105503_6.jpg",
        "conversations": [
            {
                "from": "human",
                "value": "<image>\nWhat is its position in the solar system?"
            },
            {
                "from": "gpt",
                "value": "5th from the Sun"
            }
        ]
    },
    {
        "id": "91",
        "image": "downloaded_images/Astronomy/Jupiter/image_20241106_105547_11.jpg",
        "conversations": [
            {
                "from": "human",
                "value": "<image>\nWhat is its position in the solar system?"
            },
            {
                "from": "gpt",
                "value": "5th from the Sun"
            }
        ]
    },
    {
        "id": "92",
        "image": "downloaded_images/Astronomy/Jupiter/image_20241106_105414_1.jpg",
        "conversations": [
            {
                "from": "human",
                "value": "<image>\nWhat is its position in the solar system?"
            },
            {
                "from": "gpt",
                "value": "5th from the Sun"
            }
        ]
    },
    {
        "id": "93",
        "image": "downloaded_images/Astronomy/Jupiter/image_20241106_105444_4.jpg",
        "conversations": [
            {
                "from": "human",
                "value": "<image>\nWhat is the planet's classification?"
            },
            {
                "from": "gpt",
                "value": "Gas giant"
            }
        ]
    },
    {
        "id": "94",
        "image": "downloaded_images/Astronomy/Jupiter/image_20241106_105852_30.jpg",
        "conversations": [
            {
                "from": "human",
                "value": "<image>\nWhat is the planet's classification?"
            },
            {
                "from": "gpt",
                "value": "Gas giant"
            }
        ]
    },
    {
        "id": "95",
        "image": "downloaded_images/Astronomy/Jupiter/image_20241017_195924_4.jpg",
        "conversations": [
            {
                "from": "human",
                "value": "<image>\nWhat is the planet's classification?"
            },
            {
                "from": "gpt",
                "value": "Gas giant"
            }
        ]
    },
    {
        "id": "96",
        "image": "downloaded_images/Astronomy/Jupiter/image_20241017_200031_12.jpg",
        "conversations": [
            {
                "from": "human",
                "value": "<image>\nWhat is the planet's classification?"
            },
            {
                "from": "gpt",
                "value": "Gas giant"
            }
        ]
    },
    {
        "id": "97",
        "image": "downloaded_images/Astronomy/Jupiter/image_20241106_105512_7.jpg",
        "conversations": [
            {
                "from": "human",
                "value": "<image>\nWhat is the planet's classification?"
            },
            {
                "from": "gpt",
                "value": "Gas giant"
            }
        ]
    },
    {
        "id": "98",
        "image": "downloaded_images/Astronomy/Jupiter/image_20241106_105503_6.jpg",
        "conversations": [
            {
                "from": "human",
                "value": "<image>\nDoes it have a ring system?"
            },
            {
                "from": "gpt",
                "value": "If so, how extensive is it?  \n   Yes, Jupiter has a faint ring system. It is not as extensive or prominent as the rings of Saturn, consisting mainly of four main rings that are thin and composed of dust particles."
            }
        ]
    },
    {
        "id": "99",
        "image": "downloaded_images/Astronomy/Jupiter/image_20241106_105414_1.jpg",
        "conversations": [
            {
                "from": "human",
                "value": "<image>\nDoes it have a ring system?"
            },
            {
                "from": "gpt",
                "value": "If so, how extensive is it?  \n   Yes, Jupiter has a faint ring system. It is not as extensive or prominent as the rings of Saturn, consisting mainly of four main rings that are thin and composed of dust particles."
            }
        ]
    },
    {
        "id": "100",
        "image": "downloaded_images/Astronomy/Jupiter/image_20241106_105529_9.jpg",
        "conversations": [
            {
                "from": "human",
                "value": "<image>\nDoes it have a ring system?"
            },
            {
                "from": "gpt",
                "value": "If so, how extensive is it?  \n   Yes, Jupiter has a faint ring system. It is not as extensive or prominent as the rings of Saturn, consisting mainly of four main rings that are thin and composed of dust particles."
            }
        ]
    },
    {
        "id": "101",
        "image": "downloaded_images/Astronomy/Jupiter/image_20241106_105521_8.jpg",
        "conversations": [
            {
                "from": "human",
                "value": "<image>\nDoes it have a ring system?"
            },
            {
                "from": "gpt",
                "value": "If so, how extensive is it?  \n   Yes, Jupiter has a faint ring system. It is not as extensive or prominent as the rings of Saturn, consisting mainly of four main rings that are thin and composed of dust particles."
            }
        ]
    },
    {
        "id": "102",
        "image": "downloaded_images/Astronomy/Jupiter/image_20241106_105641_15.jpg",
        "conversations": [
            {
                "from": "human",
                "value": "<image>\nDoes it have a ring system?"
            },
            {
                "from": "gpt",
                "value": "If so, how extensive is it?  \n   Yes, Jupiter has a faint ring system. It is not as extensive or prominent as the rings of Saturn, consisting mainly of four main rings that are thin and composed of dust particles."
            }
        ]
    },
    {
        "id": "103",
        "image": "downloaded_images/Astronomy/Jupiter/image_20241106_105558_12.jpg",
        "conversations": [
            {
                "from": "human",
                "value": "<image>\nHow long does it take for this planet to orbit the Sun?"
            },
            {
                "from": "gpt",
                "value": "Approximately 11.86 Earth years (about 4,333 Earth days)."
            }
        ]
    },
    {
        "id": "104",
        "image": "downloaded_images/Astronomy/Jupiter/image_20241106_105623_13.jpg",
        "conversations": [
            {
                "from": "human",
                "value": "<image>\nHow long does it take for this planet to orbit the Sun?"
            },
            {
                "from": "gpt",
                "value": "Approximately 11.86 Earth years (about 4,333 Earth days)."
            }
        ]
    },
    {
        "id": "105",
        "image": "downloaded_images/Astronomy/Jupiter/image_20241106_105650_16.jpg",
        "conversations": [
            {
                "from": "human",
                "value": "<image>\nHow long does it take for this planet to orbit the Sun?"
            },
            {
                "from": "gpt",
                "value": "Approximately 11.86 Earth years (about 4,333 Earth days)."
            }
        ]
    },
    {
        "id": "106",
        "image": "downloaded_images/Astronomy/Jupiter/image_20241106_105834_28.jpg",
        "conversations": [
            {
                "from": "human",
                "value": "<image>\nHow long does it take for this planet to orbit the Sun?"
            },
            {
                "from": "gpt",
                "value": "Approximately 11.86 Earth years (about 4,333 Earth days)."
            }
        ]
    },
    {
        "id": "107",
        "image": "downloaded_images/Astronomy/Jupiter/image_20241017_195958_8.jpg",
        "conversations": [
            {
                "from": "human",
                "value": "<image>\nHow long does it take for this planet to orbit the Sun?"
            },
            {
                "from": "gpt",
                "value": "Approximately 11.86 Earth years (about 4,333 Earth days)."
            }
        ]
    }
]