[
    {
        "id": "21",
        "image": "downloaded_images/Cartoon/Kimi_no_Na_wa/image_20241018_104445_2.jpg",
        "conversations": [
            {
                "from": "human",
                "value": "<image>\nWhat is the title of this cartoon?"
            },
            {
                "from": "gpt",
                "value": "The title of this cartoon is \"Kimi no Na wa,\" which translates to \"Your Name.\""
            }
        ]
    },
    {
        "id": "22",
        "image": "downloaded_images/Cartoon/Kimi_no_Na_wa/image_20241106_155032_1.jpg",
        "conversations": [
            {
                "from": "human",
                "value": "<image>\nWhat is the title of this cartoon?"
            },
            {
                "from": "gpt",
                "value": "The title of this cartoon is \"Kimi no Na wa,\" which translates to \"Your Name.\""
            }
        ]
    },
    {
        "id": "23",
        "image": "downloaded_images/Cartoon/Kimi_no_Na_wa/image_20241018_104438_1.jpg",
        "conversations": [
            {
                "from": "human",
                "value": "<image>\nWhat is the title of this cartoon?"
            },
            {
                "from": "gpt",
                "value": "The title of this cartoon is \"Kimi no Na wa,\" which translates to \"Your Name.\""
            }
        ]
    },
    {
        "id": "24",
        "image": "downloaded_images/Cartoon/Kimi_no_Na_wa/image_20241106_155145_9.jpg",
        "conversations": [
            {
                "from": "human",
                "value": "<image>\nWhat is the title of this cartoon?"
            },
            {
                "from": "gpt",
                "value": "The title of this cartoon is \"Kimi no Na wa,\" which translates to \"Your Name.\""
            }
        ]
    },
    {
        "id": "25",
        "image": "downloaded_images/Cartoon/Kimi_no_Na_wa/image_20241106_155340_20.jpg",
        "conversations": [
            {
                "from": "human",
                "value": "<image>\nWhat is the title of this cartoon?"
            },
            {
                "from": "gpt",
                "value": "The title of this cartoon is \"Kimi no Na wa,\" which translates to \"Your Name.\""
            }
        ]
    },
    {
        "id": "26",
        "image": "downloaded_images/Cartoon/Kimi_no_Na_wa/image_20241106_155332_19.jpg",
        "conversations": [
            {
                "from": "human",
                "value": "<image>\nWhat is the title of this cartoon?"
            },
            {
                "from": "gpt",
                "value": "The title of this cartoon is \"Kimi no Na wa,\" which translates to \"Your Name.\""
            }
        ]
    }
]