[
    {
        "id": "12",
        "image": "downloaded_images/Personage/Kobe_Bryant/image_20241018_170603_23.jpg",
        "conversations": [
            {
                "from": "human",
                "value": "<image>\nWhat is this person's name?"
            },
            {
                "from": "gpt",
                "value": "Kobe Bryant"
            }
        ]
    },
    {
        "id": "13",
        "image": "downloaded_images/Personage/Kobe_Bryant/image_20241018_170224_2.jpg",
        "conversations": [
            {
                "from": "human",
                "value": "<image>\nWhen and where was this person born?"
            },
            {
                "from": "gpt",
                "value": "Kobe Bryant was born on August 23, 1978, in Philadelphia, Pennsylvania, USA."
            }
        ]
    },
    {
        "id": "14",
        "image": "downloaded_images/Personage/Kobe_Bryant/image_20241018_170231_3.jpg",
        "conversations": [
            {
                "from": "human",
                "value": "<image>\nWhat is this person's profession?"
            },
            {
                "from": "gpt",
                "value": "Kobe Bryant was a professional basketball player."
            }
        ]
    },
    {
        "id": "15",
        "image": "downloaded_images/Personage/Kobe_Bryant/image_20241018_170239_4.jpg",
        "conversations": [
            {
                "from": "human",
                "value": "<image>\nWhat are the famous works or achievements of this person?"
            },
            {
                "from": "gpt",
                "value": "Kobe Bryant is best known for his time with the Los Angeles Lakers in the NBA, where he won five NBA championships (2000, 2001, 2002, 2009, 2010). He was an 18-time NBA All-Star, 15-time member of the All-NBA Team, and won the NBA Most Valuable Player (MVP) award in 2008. He also won two Olympic gold medals with the USA Basketball team in 2008 and 2012."
            }
        ]
    },
    {
        "id": "16",
        "image": "downloaded_images/Personage/Kobe_Bryant/image_20241018_170231_3.jpg",
        "conversations": [
            {
                "from": "human",
                "value": "<image>\nWhat contributions has this person made to society or industry?"
            },
            {
                "from": "gpt",
                "value": "Beyond his achievements on the court, Kobe Bryant made significant contributions to society through his philanthropic efforts, including the Kobe and Vanessa Bryant Family Foundation, which focuses on youth and family support. He was also involved in various business ventures, including his production company, Granity Studios, which aimed to inspire young people through storytelling. Additionally, he won an Academy Award for Best Animated Short Film for \"Dear Basketball,\" showcasing his impact on the arts and media. His legacy continues to inspire athletes and fans around the world."
            }
        ]
    },
    {
        "id": "17",
        "image": "downloaded_images/Personage/Kobe_Bryant/image_20241107_165737_30.jpg",
        "conversations": [
            {
                "from": "human",
                "value": "<image>\nWhat is this person's name?"
            },
            {
                "from": "gpt",
                "value": "Kobe Bryant"
            }
        ]
    },
    {
        "id": "18",
        "image": "downloaded_images/Personage/Kobe_Bryant/image_20241018_170536_20.jpg",
        "conversations": [
            {
                "from": "human",
                "value": "<image>\nWhat is this person's name?"
            },
            {
                "from": "gpt",
                "value": "Kobe Bryant"
            }
        ]
    },
    {
        "id": "19",
        "image": "downloaded_images/Personage/Kobe_Bryant/image_20241107_165617_21.jpg",
        "conversations": [
            {
                "from": "human",
                "value": "<image>\nWhat is this person's name?"
            },
            {
                "from": "gpt",
                "value": "Kobe Bryant"
            }
        ]
    },
    {
        "id": "20",
        "image": "downloaded_images/Personage/Kobe_Bryant/image_20241107_165424_8.jpg",
        "conversations": [
            {
                "from": "human",
                "value": "<image>\nWhat is this person's name?"
            },
            {
                "from": "gpt",
                "value": "Kobe Bryant"
            }
        ]
    },
    {
        "id": "21",
        "image": "downloaded_images/Personage/Kobe_Bryant/image_20241016_192145_1.jpg",
        "conversations": [
            {
                "from": "human",
                "value": "<image>\nWhat is this person's name?"
            },
            {
                "from": "gpt",
                "value": "Kobe Bryant"
            }
        ]
    },
    {
        "id": "22",
        "image": "downloaded_images/Personage/Kobe_Bryant/image_20241107_165424_8.jpg",
        "conversations": [
            {
                "from": "human",
                "value": "<image>\nWhen and where was this person born?"
            },
            {
                "from": "gpt",
                "value": "Kobe Bryant was born on August 23, 1978, in Philadelphia, Pennsylvania, USA."
            }
        ]
    },
    {
        "id": "23",
        "image": "downloaded_images/Personage/Kobe_Bryant/image_20241016_192347_14.jpg",
        "conversations": [
            {
                "from": "human",
                "value": "<image>\nWhen and where was this person born?"
            },
            {
                "from": "gpt",
                "value": "Kobe Bryant was born on August 23, 1978, in Philadelphia, Pennsylvania, USA."
            }
        ]
    },
    {
        "id": "24",
        "image": "downloaded_images/Personage/Kobe_Bryant/image_20241107_165342_3.jpg",
        "conversations": [
            {
                "from": "human",
                "value": "<image>\nWhen and where was this person born?"
            },
            {
                "from": "gpt",
                "value": "Kobe Bryant was born on August 23, 1978, in Philadelphia, Pennsylvania, USA."
            }
        ]
    },
    {
        "id": "25",
        "image": "downloaded_images/Personage/Kobe_Bryant/image_20241018_170401_11.jpg",
        "conversations": [
            {
                "from": "human",
                "value": "<image>\nWhen and where was this person born?"
            },
            {
                "from": "gpt",
                "value": "Kobe Bryant was born on August 23, 1978, in Philadelphia, Pennsylvania, USA."
            }
        ]
    },
    {
        "id": "26",
        "image": "downloaded_images/Personage/Kobe_Bryant/image_20241107_165333_2.jpg",
        "conversations": [
            {
                "from": "human",
                "value": "<image>\nWhen and where was this person born?"
            },
            {
                "from": "gpt",
                "value": "Kobe Bryant was born on August 23, 1978, in Philadelphia, Pennsylvania, USA."
            }
        ]
    },
    {
        "id": "27",
        "image": "downloaded_images/Personage/Kobe_Bryant/image_20241107_165704_26.jpg",
        "conversations": [
            {
                "from": "human",
                "value": "<image>\nWhat is this person's profession?"
            },
            {
                "from": "gpt",
                "value": "Kobe Bryant was a professional basketball player."
            }
        ]
    },
    {
        "id": "28",
        "image": "downloaded_images/Personage/Kobe_Bryant/image_20241107_165721_28.jpg",
        "conversations": [
            {
                "from": "human",
                "value": "<image>\nWhat is this person's profession?"
            },
            {
                "from": "gpt",
                "value": "Kobe Bryant was a professional basketball player."
            }
        ]
    },
    {
        "id": "29",
        "image": "downloaded_images/Personage/Kobe_Bryant/image_20241016_192448_21.jpg",
        "conversations": [
            {
                "from": "human",
                "value": "<image>\nWhat is this person's profession?"
            },
            {
                "from": "gpt",
                "value": "Kobe Bryant was a professional basketball player."
            }
        ]
    },
    {
        "id": "30",
        "image": "downloaded_images/Personage/Kobe_Bryant/image_20241107_165350_4.jpg",
        "conversations": [
            {
                "from": "human",
                "value": "<image>\nWhat is this person's profession?"
            },
            {
                "from": "gpt",
                "value": "Kobe Bryant was a professional basketball player."
            }
        ]
    },
    {
        "id": "31",
        "image": "downloaded_images/Personage/Kobe_Bryant/image_20241107_165433_9.jpg",
        "conversations": [
            {
                "from": "human",
                "value": "<image>\nWhat is this person's profession?"
            },
            {
                "from": "gpt",
                "value": "Kobe Bryant was a professional basketball player."
            }
        ]
    },
    {
        "id": "32",
        "image": "downloaded_images/Personage/Kobe_Bryant/image_20241016_192439_20.jpg",
        "conversations": [
            {
                "from": "human",
                "value": "<image>\nWhat are the famous works or achievements of this person?"
            },
            {
                "from": "gpt",
                "value": "Kobe Bryant is best known for his time with the Los Angeles Lakers in the NBA, where he won five NBA championships (2000, 2001, 2002, 2009, 2010). He was an 18-time NBA All-Star, 15-time member of the All-NBA Team, and won the NBA Most Valuable Player (MVP) award in 2008. He also won two Olympic gold medals with the USA Basketball team in 2008 and 2012."
            }
        ]
    },
    {
        "id": "33",
        "image": "downloaded_images/Personage/Kobe_Bryant/image_20241016_192145_1.jpg",
        "conversations": [
            {
                "from": "human",
                "value": "<image>\nWhat are the famous works or achievements of this person?"
            },
            {
                "from": "gpt",
                "value": "Kobe Bryant is best known for his time with the Los Angeles Lakers in the NBA, where he won five NBA championships (2000, 2001, 2002, 2009, 2010). He was an 18-time NBA All-Star, 15-time member of the All-NBA Team, and won the NBA Most Valuable Player (MVP) award in 2008. He also won two Olympic gold medals with the USA Basketball team in 2008 and 2012."
            }
        ]
    },
    {
        "id": "34",
        "image": "downloaded_images/Personage/Kobe_Bryant/image_20241107_165415_7.jpg",
        "conversations": [
            {
                "from": "human",
                "value": "<image>\nWhat are the famous works or achievements of this person?"
            },
            {
                "from": "gpt",
                "value": "Kobe Bryant is best known for his time with the Los Angeles Lakers in the NBA, where he won five NBA championships (2000, 2001, 2002, 2009, 2010). He was an 18-time NBA All-Star, 15-time member of the All-NBA Team, and won the NBA Most Valuable Player (MVP) award in 2008. He also won two Olympic gold medals with the USA Basketball team in 2008 and 2012."
            }
        ]
    },
    {
        "id": "35",
        "image": "downloaded_images/Personage/Kobe_Bryant/image_20241107_165424_8.jpg",
        "conversations": [
            {
                "from": "human",
                "value": "<image>\nWhat are the famous works or achievements of this person?"
            },
            {
                "from": "gpt",
                "value": "Kobe Bryant is best known for his time with the Los Angeles Lakers in the NBA, where he won five NBA championships (2000, 2001, 2002, 2009, 2010). He was an 18-time NBA All-Star, 15-time member of the All-NBA Team, and won the NBA Most Valuable Player (MVP) award in 2008. He also won two Olympic gold medals with the USA Basketball team in 2008 and 2012."
            }
        ]
    },
    {
        "id": "36",
        "image": "downloaded_images/Personage/Kobe_Bryant/image_20241107_165713_27.jpg",
        "conversations": [
            {
                "from": "human",
                "value": "<image>\nWhat are the famous works or achievements of this person?"
            },
            {
                "from": "gpt",
                "value": "Kobe Bryant is best known for his time with the Los Angeles Lakers in the NBA, where he won five NBA championships (2000, 2001, 2002, 2009, 2010). He was an 18-time NBA All-Star, 15-time member of the All-NBA Team, and won the NBA Most Valuable Player (MVP) award in 2008. He also won two Olympic gold medals with the USA Basketball team in 2008 and 2012."
            }
        ]
    },
    {
        "id": "37",
        "image": "downloaded_images/Personage/Kobe_Bryant/image_20241016_192448_21.jpg",
        "conversations": [
            {
                "from": "human",
                "value": "<image>\nWhat contributions has this person made to society or industry?"
            },
            {
                "from": "gpt",
                "value": "Beyond his achievements on the court, Kobe Bryant made significant contributions to society through his philanthropic efforts, including the Kobe and Vanessa Bryant Family Foundation, which focuses on youth and family support. He was also involved in various business ventures, including his production company, Granity Studios, which aimed to inspire young people through storytelling. Additionally, he won an Academy Award for Best Animated Short Film for \"Dear Basketball,\" showcasing his impact on the arts and media. His legacy continues to inspire athletes and fans around the world."
            }
        ]
    },
    {
        "id": "38",
        "image": "downloaded_images/Personage/Kobe_Bryant/image_20241107_165713_27.jpg",
        "conversations": [
            {
                "from": "human",
                "value": "<image>\nWhat contributions has this person made to society or industry?"
            },
            {
                "from": "gpt",
                "value": "Beyond his achievements on the court, Kobe Bryant made significant contributions to society through his philanthropic efforts, including the Kobe and Vanessa Bryant Family Foundation, which focuses on youth and family support. He was also involved in various business ventures, including his production company, Granity Studios, which aimed to inspire young people through storytelling. Additionally, he won an Academy Award for Best Animated Short Film for \"Dear Basketball,\" showcasing his impact on the arts and media. His legacy continues to inspire athletes and fans around the world."
            }
        ]
    },
    {
        "id": "39",
        "image": "downloaded_images/Personage/Kobe_Bryant/image_20241107_165407_6.jpg",
        "conversations": [
            {
                "from": "human",
                "value": "<image>\nWhat contributions has this person made to society or industry?"
            },
            {
                "from": "gpt",
                "value": "Beyond his achievements on the court, Kobe Bryant made significant contributions to society through his philanthropic efforts, including the Kobe and Vanessa Bryant Family Foundation, which focuses on youth and family support. He was also involved in various business ventures, including his production company, Granity Studios, which aimed to inspire young people through storytelling. Additionally, he won an Academy Award for Best Animated Short Film for \"Dear Basketball,\" showcasing his impact on the arts and media. His legacy continues to inspire athletes and fans around the world."
            }
        ]
    },
    {
        "id": "40",
        "image": "downloaded_images/Personage/Kobe_Bryant/image_20241107_165557_19.jpg",
        "conversations": [
            {
                "from": "human",
                "value": "<image>\nWhat contributions has this person made to society or industry?"
            },
            {
                "from": "gpt",
                "value": "Beyond his achievements on the court, Kobe Bryant made significant contributions to society through his philanthropic efforts, including the Kobe and Vanessa Bryant Family Foundation, which focuses on youth and family support. He was also involved in various business ventures, including his production company, Granity Studios, which aimed to inspire young people through storytelling. Additionally, he won an Academy Award for Best Animated Short Film for \"Dear Basketball,\" showcasing his impact on the arts and media. His legacy continues to inspire athletes and fans around the world."
            }
        ]
    },
    {
        "id": "41",
        "image": "downloaded_images/Personage/Kobe_Bryant/image_20241107_165605_20.jpg",
        "conversations": [
            {
                "from": "human",
                "value": "<image>\nWhat contributions has this person made to society or industry?"
            },
            {
                "from": "gpt",
                "value": "Beyond his achievements on the court, Kobe Bryant made significant contributions to society through his philanthropic efforts, including the Kobe and Vanessa Bryant Family Foundation, which focuses on youth and family support. He was also involved in various business ventures, including his production company, Granity Studios, which aimed to inspire young people through storytelling. Additionally, he won an Academy Award for Best Animated Short Film for \"Dear Basketball,\" showcasing his impact on the arts and media. His legacy continues to inspire athletes and fans around the world."
            }
        ]
    }
]