[
    {
        "id": "80",
        "image": "downloaded_images/Personage/Lady_Gaga/image_20241018_161728_3.jpg",
        "conversations": [
            {
                "from": "human",
                "value": "<image>\nWhat is this person's name?"
            },
            {
                "from": "gpt",
                "value": "Lady Gaga"
            }
        ]
    },
    {
        "id": "81",
        "image": "downloaded_images/Personage/Lady_Gaga/image_20241018_161728_3.jpg",
        "conversations": [
            {
                "from": "human",
                "value": "<image>\nWhat is this person's profession?"
            },
            {
                "from": "gpt",
                "value": "Lady Gaga is a singer, songwriter, and actress."
            }
        ]
    },
    {
        "id": "82",
        "image": "downloaded_images/Personage/Lady_Gaga/image_20241018_161728_3.jpg",
        "conversations": [
            {
                "from": "human",
                "value": "<image>\nWhat are the famous works or achievements of this person?"
            },
            {
                "from": "gpt",
                "value": "Lady Gaga is known for numerous hit songs, including \"Just Dance,\" \"Poker Face,\" \"Bad Romance,\" \"Shallow,\" and \"Rain on Me.\" She has released several successful albums, such as \"The Fame,\" \"Born This Way,\" and \"Chromatica.\" Gaga has won multiple awards, including 13 Grammy Awards, an Academy Award for Best Original Song for \"Shallow,\" and a Golden Globe Award for her role in \"American Horror Story: Hotel.\""
            }
        ]
    },
    {
        "id": "83",
        "image": "downloaded_images/Personage/Lady_Gaga/image_20241018_161728_3.jpg",
        "conversations": [
            {
                "from": "human",
                "value": "<image>\nWhat contributions has this person made to society or industry?"
            },
            {
                "from": "gpt",
                "value": "Lady Gaga has made significant contributions to the music industry with her innovative style and powerful performances, influencing pop culture and music trends. Beyond her artistic achievements, she is an advocate for mental health awareness, LGBTQ+ rights, and anti-bullying initiatives. She founded the Born This Way Foundation, which focuses on empowering youth and promoting kindness and acceptance. Gaga has also used her platform to raise awareness about various social issues, including sexual assault and mental health, making her a prominent figure in activism."
            }
        ]
    },
    {
        "id": "84",
        "image": "downloaded_images/Personage/Lady_Gaga/image_20241018_162140_22.jpg",
        "conversations": [
            {
                "from": "human",
                "value": "<image>\nWhat is this person's name?"
            },
            {
                "from": "gpt",
                "value": "Lady Gaga"
            }
        ]
    },
    {
        "id": "85",
        "image": "downloaded_images/Personage/Lady_Gaga/image_20241107_160441_27.jpg",
        "conversations": [
            {
                "from": "human",
                "value": "<image>\nWhat is this person's name?"
            },
            {
                "from": "gpt",
                "value": "Lady Gaga"
            }
        ]
    },
    {
        "id": "86",
        "image": "downloaded_images/Personage/Lady_Gaga/image_20241107_160407_23.jpg",
        "conversations": [
            {
                "from": "human",
                "value": "<image>\nWhat is this person's name?"
            },
            {
                "from": "gpt",
                "value": "Lady Gaga"
            }
        ]
    },
    {
        "id": "87",
        "image": "downloaded_images/Personage/Lady_Gaga/image_20241018_161833_8.jpg",
        "conversations": [
            {
                "from": "human",
                "value": "<image>\nWhat is this person's name?"
            },
            {
                "from": "gpt",
                "value": "Lady Gaga"
            }
        ]
    },
    {
        "id": "88",
        "image": "downloaded_images/Personage/Lady_Gaga/image_20241107_160424_25.jpg",
        "conversations": [
            {
                "from": "human",
                "value": "<image>\nWhat is this person's name?"
            },
            {
                "from": "gpt",
                "value": "Lady Gaga"
            }
        ]
    },
    {
        "id": "89",
        "image": "downloaded_images/Personage/Lady_Gaga/image_20241107_160359_22.jpg",
        "conversations": [
            {
                "from": "human",
                "value": "<image>\nWhat is this person's profession?"
            },
            {
                "from": "gpt",
                "value": "Lady Gaga is a singer, songwriter, and actress."
            }
        ]
    },
    {
        "id": "90",
        "image": "downloaded_images/Personage/Lady_Gaga/image_20241107_160251_14.jpg",
        "conversations": [
            {
                "from": "human",
                "value": "<image>\nWhat is this person's profession?"
            },
            {
                "from": "gpt",
                "value": "Lady Gaga is a singer, songwriter, and actress."
            }
        ]
    },
    {
        "id": "91",
        "image": "downloaded_images/Personage/Lady_Gaga/image_20241107_160351_21.jpg",
        "conversations": [
            {
                "from": "human",
                "value": "<image>\nWhat is this person's profession?"
            },
            {
                "from": "gpt",
                "value": "Lady Gaga is a singer, songwriter, and actress."
            }
        ]
    },
    {
        "id": "92",
        "image": "downloaded_images/Personage/Lady_Gaga/image_20241107_160242_13.jpg",
        "conversations": [
            {
                "from": "human",
                "value": "<image>\nWhat is this person's profession?"
            },
            {
                "from": "gpt",
                "value": "Lady Gaga is a singer, songwriter, and actress."
            }
        ]
    },
    {
        "id": "93",
        "image": "downloaded_images/Personage/Lady_Gaga/image_20241107_160133_5.jpg",
        "conversations": [
            {
                "from": "human",
                "value": "<image>\nWhat is this person's profession?"
            },
            {
                "from": "gpt",
                "value": "Lady Gaga is a singer, songwriter, and actress."
            }
        ]
    },
    {
        "id": "94",
        "image": "downloaded_images/Personage/Lady_Gaga/image_20241107_160315_17.jpg",
        "conversations": [
            {
                "from": "human",
                "value": "<image>\nWhat are the famous works or achievements of this person?"
            },
            {
                "from": "gpt",
                "value": "Lady Gaga is known for numerous hit songs, including \"Just Dance,\" \"Poker Face,\" \"Bad Romance,\" \"Shallow,\" and \"Rain on Me.\" She has released several successful albums, such as \"The Fame,\" \"Born This Way,\" and \"Chromatica.\" Gaga has won multiple awards, including 13 Grammy Awards, an Academy Award for Best Original Song for \"Shallow,\" and a Golden Globe Award for her role in \"American Horror Story: Hotel.\""
            }
        ]
    },
    {
        "id": "95",
        "image": "downloaded_images/Personage/Lady_Gaga/image_20241107_160208_9.jpg",
        "conversations": [
            {
                "from": "human",
                "value": "<image>\nWhat are the famous works or achievements of this person?"
            },
            {
                "from": "gpt",
                "value": "Lady Gaga is known for numerous hit songs, including \"Just Dance,\" \"Poker Face,\" \"Bad Romance,\" \"Shallow,\" and \"Rain on Me.\" She has released several successful albums, such as \"The Fame,\" \"Born This Way,\" and \"Chromatica.\" Gaga has won multiple awards, including 13 Grammy Awards, an Academy Award for Best Original Song for \"Shallow,\" and a Golden Globe Award for her role in \"American Horror Story: Hotel.\""
            }
        ]
    },
    {
        "id": "96",
        "image": "downloaded_images/Personage/Lady_Gaga/image_20241018_162114_19.jpg",
        "conversations": [
            {
                "from": "human",
                "value": "<image>\nWhat are the famous works or achievements of this person?"
            },
            {
                "from": "gpt",
                "value": "Lady Gaga is known for numerous hit songs, including \"Just Dance,\" \"Poker Face,\" \"Bad Romance,\" \"Shallow,\" and \"Rain on Me.\" She has released several successful albums, such as \"The Fame,\" \"Born This Way,\" and \"Chromatica.\" Gaga has won multiple awards, including 13 Grammy Awards, an Academy Award for Best Original Song for \"Shallow,\" and a Golden Globe Award for her role in \"American Horror Story: Hotel.\""
            }
        ]
    },
    {
        "id": "97",
        "image": "downloaded_images/Personage/Lady_Gaga/image_20241107_160458_29.jpg",
        "conversations": [
            {
                "from": "human",
                "value": "<image>\nWhat are the famous works or achievements of this person?"
            },
            {
                "from": "gpt",
                "value": "Lady Gaga is known for numerous hit songs, including \"Just Dance,\" \"Poker Face,\" \"Bad Romance,\" \"Shallow,\" and \"Rain on Me.\" She has released several successful albums, such as \"The Fame,\" \"Born This Way,\" and \"Chromatica.\" Gaga has won multiple awards, including 13 Grammy Awards, an Academy Award for Best Original Song for \"Shallow,\" and a Golden Globe Award for her role in \"American Horror Story: Hotel.\""
            }
        ]
    },
    {
        "id": "98",
        "image": "downloaded_images/Personage/Lady_Gaga/image_20241018_161736_4.jpg",
        "conversations": [
            {
                "from": "human",
                "value": "<image>\nWhat are the famous works or achievements of this person?"
            },
            {
                "from": "gpt",
                "value": "Lady Gaga is known for numerous hit songs, including \"Just Dance,\" \"Poker Face,\" \"Bad Romance,\" \"Shallow,\" and \"Rain on Me.\" She has released several successful albums, such as \"The Fame,\" \"Born This Way,\" and \"Chromatica.\" Gaga has won multiple awards, including 13 Grammy Awards, an Academy Award for Best Original Song for \"Shallow,\" and a Golden Globe Award for her role in \"American Horror Story: Hotel.\""
            }
        ]
    },
    {
        "id": "99",
        "image": "downloaded_images/Personage/Lady_Gaga/image_20241107_160142_6.jpg",
        "conversations": [
            {
                "from": "human",
                "value": "<image>\nWhat contributions has this person made to society or industry?"
            },
            {
                "from": "gpt",
                "value": "Lady Gaga has made significant contributions to the music industry with her innovative style and powerful performances, influencing pop culture and music trends. Beyond her artistic achievements, she is an advocate for mental health awareness, LGBTQ+ rights, and anti-bullying initiatives. She founded the Born This Way Foundation, which focuses on empowering youth and promoting kindness and acceptance. Gaga has also used her platform to raise awareness about various social issues, including sexual assault and mental health, making her a prominent figure in activism."
            }
        ]
    },
    {
        "id": "100",
        "image": "downloaded_images/Personage/Lady_Gaga/image_20241107_160055_3.jpg",
        "conversations": [
            {
                "from": "human",
                "value": "<image>\nWhat contributions has this person made to society or industry?"
            },
            {
                "from": "gpt",
                "value": "Lady Gaga has made significant contributions to the music industry with her innovative style and powerful performances, influencing pop culture and music trends. Beyond her artistic achievements, she is an advocate for mental health awareness, LGBTQ+ rights, and anti-bullying initiatives. She founded the Born This Way Foundation, which focuses on empowering youth and promoting kindness and acceptance. Gaga has also used her platform to raise awareness about various social issues, including sexual assault and mental health, making her a prominent figure in activism."
            }
        ]
    },
    {
        "id": "101",
        "image": "downloaded_images/Personage/Lady_Gaga/image_20241018_161825_7.jpg",
        "conversations": [
            {
                "from": "human",
                "value": "<image>\nWhat contributions has this person made to society or industry?"
            },
            {
                "from": "gpt",
                "value": "Lady Gaga has made significant contributions to the music industry with her innovative style and powerful performances, influencing pop culture and music trends. Beyond her artistic achievements, she is an advocate for mental health awareness, LGBTQ+ rights, and anti-bullying initiatives. She founded the Born This Way Foundation, which focuses on empowering youth and promoting kindness and acceptance. Gaga has also used her platform to raise awareness about various social issues, including sexual assault and mental health, making her a prominent figure in activism."
            }
        ]
    },
    {
        "id": "102",
        "image": "downloaded_images/Personage/Lady_Gaga/image_20241107_160315_17.jpg",
        "conversations": [
            {
                "from": "human",
                "value": "<image>\nWhat contributions has this person made to society or industry?"
            },
            {
                "from": "gpt",
                "value": "Lady Gaga has made significant contributions to the music industry with her innovative style and powerful performances, influencing pop culture and music trends. Beyond her artistic achievements, she is an advocate for mental health awareness, LGBTQ+ rights, and anti-bullying initiatives. She founded the Born This Way Foundation, which focuses on empowering youth and promoting kindness and acceptance. Gaga has also used her platform to raise awareness about various social issues, including sexual assault and mental health, making her a prominent figure in activism."
            }
        ]
    },
    {
        "id": "103",
        "image": "downloaded_images/Personage/Lady_Gaga/image_20241018_162132_21.jpg",
        "conversations": [
            {
                "from": "human",
                "value": "<image>\nWhat contributions has this person made to society or industry?"
            },
            {
                "from": "gpt",
                "value": "Lady Gaga has made significant contributions to the music industry with her innovative style and powerful performances, influencing pop culture and music trends. Beyond her artistic achievements, she is an advocate for mental health awareness, LGBTQ+ rights, and anti-bullying initiatives. She founded the Born This Way Foundation, which focuses on empowering youth and promoting kindness and acceptance. Gaga has also used her platform to raise awareness about various social issues, including sexual assault and mental health, making her a prominent figure in activism."
            }
        ]
    }
]