[
    {
        "id": "39",
        "image": "downloaded_images/Movies/Mad_Max_Fury_Road/image_20241018_134846_1.jpg",
        "conversations": [
            {
                "from": "human",
                "value": "<image>\nWhat is the title of this movie?"
            },
            {
                "from": "gpt",
                "value": "**Mad Max: Fury Road**"
            }
        ]
    },
    {
        "id": "40",
        "image": "downloaded_images/Movies/Mad_Max_Fury_Road/image_20241018_134932_6.jpg",
        "conversations": [
            {
                "from": "human",
                "value": "<image>\nWho directed this film?"
            },
            {
                "from": "gpt",
                "value": "**George Miller**"
            }
        ]
    },
    {
        "id": "41",
        "image": "downloaded_images/Movies/Mad_Max_Fury_Road/image_20241018_134932_6.jpg",
        "conversations": [
            {
                "from": "human",
                "value": "<image>\nWhen was this film released?"
            },
            {
                "from": "gpt",
                "value": "**May 15, 2015**"
            }
        ]
    },
    {
        "id": "42",
        "image": "downloaded_images/Movies/Mad_Max_Fury_Road/image_20241018_135041_14.jpg",
        "conversations": [
            {
                "from": "human",
                "value": "<image>\nWho are the main actors or actresses in this movie?"
            },
            {
                "from": "gpt",
                "value": "**Tom Hardy, Charlize Theron, Nicholas Hoult, Hugh Keays-Byrne, Rosie Huntington-Whiteley**"
            }
        ]
    },
    {
        "id": "43",
        "image": "downloaded_images/Movies/Mad_Max_Fury_Road/image_20241018_134932_6.jpg",
        "conversations": [
            {
                "from": "human",
                "value": "<image>\nWhat is the central plot or storyline of this movie?"
            },
            {
                "from": "gpt",
                "value": "**Set in a post-apocalyptic wasteland, \"Mad Max: Fury Road\" follows Max Rockatansky, a lone survivor haunted by his past, who teams up with Imperator Furiosa to escape a tyrannical warlord and his army. They embark on a high-octane chase across the desert, seeking refuge while battling various threats in a brutal and chaotic world.**"
            }
        ]
    },
    {
        "id": "44",
        "image": "downloaded_images/Movies/Mad_Max_Fury_Road/image_20241107_112211_21.jpg",
        "conversations": [
            {
                "from": "human",
                "value": "<image>\nWhat is the title of this movie?"
            },
            {
                "from": "gpt",
                "value": "**Mad Max: Fury Road**"
            }
        ]
    },
    {
        "id": "45",
        "image": "downloaded_images/Movies/Mad_Max_Fury_Road/image_20241107_112047_12.jpg",
        "conversations": [
            {
                "from": "human",
                "value": "<image>\nWhat is the title of this movie?"
            },
            {
                "from": "gpt",
                "value": "**Mad Max: Fury Road**"
            }
        ]
    },
    {
        "id": "46",
        "image": "downloaded_images/Movies/Mad_Max_Fury_Road/image_20241018_135017_11.jpg",
        "conversations": [
            {
                "from": "human",
                "value": "<image>\nWhat is the title of this movie?"
            },
            {
                "from": "gpt",
                "value": "**Mad Max: Fury Road**"
            }
        ]
    },
    {
        "id": "47",
        "image": "downloaded_images/Movies/Mad_Max_Fury_Road/image_20241107_111950_6.jpg",
        "conversations": [
            {
                "from": "human",
                "value": "<image>\nWhat is the title of this movie?"
            },
            {
                "from": "gpt",
                "value": "**Mad Max: Fury Road**"
            }
        ]
    },
    {
        "id": "48",
        "image": "downloaded_images/Movies/Mad_Max_Fury_Road/image_20241018_134906_3.jpg",
        "conversations": [
            {
                "from": "human",
                "value": "<image>\nWhat is the title of this movie?"
            },
            {
                "from": "gpt",
                "value": "**Mad Max: Fury Road**"
            }
        ]
    },
    {
        "id": "49",
        "image": "downloaded_images/Movies/Mad_Max_Fury_Road/image_20241018_134951_8.jpg",
        "conversations": [
            {
                "from": "human",
                "value": "<image>\nWho directed this film?"
            },
            {
                "from": "gpt",
                "value": "**George Miller**"
            }
        ]
    },
    {
        "id": "50",
        "image": "downloaded_images/Movies/Mad_Max_Fury_Road/image_20241107_112125_16.jpg",
        "conversations": [
            {
                "from": "human",
                "value": "<image>\nWho directed this film?"
            },
            {
                "from": "gpt",
                "value": "**George Miller**"
            }
        ]
    },
    {
        "id": "51",
        "image": "downloaded_images/Movies/Mad_Max_Fury_Road/image_20241107_112221_22.jpg",
        "conversations": [
            {
                "from": "human",
                "value": "<image>\nWho directed this film?"
            },
            {
                "from": "gpt",
                "value": "**George Miller**"
            }
        ]
    },
    {
        "id": "52",
        "image": "downloaded_images/Movies/Mad_Max_Fury_Road/image_20241107_112203_20.jpg",
        "conversations": [
            {
                "from": "human",
                "value": "<image>\nWho directed this film?"
            },
            {
                "from": "gpt",
                "value": "**George Miller**"
            }
        ]
    },
    {
        "id": "53",
        "image": "downloaded_images/Movies/Mad_Max_Fury_Road/image_20241107_112238_24.jpg",
        "conversations": [
            {
                "from": "human",
                "value": "<image>\nWho directed this film?"
            },
            {
                "from": "gpt",
                "value": "**George Miller**"
            }
        ]
    },
    {
        "id": "54",
        "image": "downloaded_images/Movies/Mad_Max_Fury_Road/image_20241107_112247_25.jpg",
        "conversations": [
            {
                "from": "human",
                "value": "<image>\nWhen was this film released?"
            },
            {
                "from": "gpt",
                "value": "**May 15, 2015**"
            }
        ]
    },
    {
        "id": "55",
        "image": "downloaded_images/Movies/Mad_Max_Fury_Road/image_20241107_112017_9.jpg",
        "conversations": [
            {
                "from": "human",
                "value": "<image>\nWhen was this film released?"
            },
            {
                "from": "gpt",
                "value": "**May 15, 2015**"
            }
        ]
    },
    {
        "id": "56",
        "image": "downloaded_images/Movies/Mad_Max_Fury_Road/image_20241107_112154_19.jpg",
        "conversations": [
            {
                "from": "human",
                "value": "<image>\nWhen was this film released?"
            },
            {
                "from": "gpt",
                "value": "**May 15, 2015**"
            }
        ]
    },
    {
        "id": "57",
        "image": "downloaded_images/Movies/Mad_Max_Fury_Road/image_20241018_135041_14.jpg",
        "conversations": [
            {
                "from": "human",
                "value": "<image>\nWhen was this film released?"
            },
            {
                "from": "gpt",
                "value": "**May 15, 2015**"
            }
        ]
    },
    {
        "id": "58",
        "image": "downloaded_images/Movies/Mad_Max_Fury_Road/image_20241107_111923_3.jpg",
        "conversations": [
            {
                "from": "human",
                "value": "<image>\nWhen was this film released?"
            },
            {
                "from": "gpt",
                "value": "**May 15, 2015**"
            }
        ]
    },
    {
        "id": "59",
        "image": "downloaded_images/Movies/Mad_Max_Fury_Road/image_20241107_111942_5.jpg",
        "conversations": [
            {
                "from": "human",
                "value": "<image>\nWho are the main actors or actresses in this movie?"
            },
            {
                "from": "gpt",
                "value": "**Tom Hardy, Charlize Theron, Nicholas Hoult, Hugh Keays-Byrne, Rosie Huntington-Whiteley**"
            }
        ]
    },
    {
        "id": "60",
        "image": "downloaded_images/Movies/Mad_Max_Fury_Road/image_20241107_112247_25.jpg",
        "conversations": [
            {
                "from": "human",
                "value": "<image>\nWho are the main actors or actresses in this movie?"
            },
            {
                "from": "gpt",
                "value": "**Tom Hardy, Charlize Theron, Nicholas Hoult, Hugh Keays-Byrne, Rosie Huntington-Whiteley**"
            }
        ]
    },
    {
        "id": "61",
        "image": "downloaded_images/Movies/Mad_Max_Fury_Road/image_20241018_134951_8.jpg",
        "conversations": [
            {
                "from": "human",
                "value": "<image>\nWho are the main actors or actresses in this movie?"
            },
            {
                "from": "gpt",
                "value": "**Tom Hardy, Charlize Theron, Nicholas Hoult, Hugh Keays-Byrne, Rosie Huntington-Whiteley**"
            }
        ]
    },
    {
        "id": "62",
        "image": "downloaded_images/Movies/Mad_Max_Fury_Road/image_20241018_135118_18.jpg",
        "conversations": [
            {
                "from": "human",
                "value": "<image>\nWho are the main actors or actresses in this movie?"
            },
            {
                "from": "gpt",
                "value": "**Tom Hardy, Charlize Theron, Nicholas Hoult, Hugh Keays-Byrne, Rosie Huntington-Whiteley**"
            }
        ]
    },
    {
        "id": "63",
        "image": "downloaded_images/Movies/Mad_Max_Fury_Road/image_20241018_135008_10.jpg",
        "conversations": [
            {
                "from": "human",
                "value": "<image>\nWho are the main actors or actresses in this movie?"
            },
            {
                "from": "gpt",
                "value": "**Tom Hardy, Charlize Theron, Nicholas Hoult, Hugh Keays-Byrne, Rosie Huntington-Whiteley**"
            }
        ]
    },
    {
        "id": "64",
        "image": "downloaded_images/Movies/Mad_Max_Fury_Road/image_20241018_135008_10.jpg",
        "conversations": [
            {
                "from": "human",
                "value": "<image>\nWhat is the central plot or storyline of this movie?"
            },
            {
                "from": "gpt",
                "value": "**Set in a post-apocalyptic wasteland, \"Mad Max: Fury Road\" follows Max Rockatansky, a lone survivor haunted by his past, who teams up with Imperator Furiosa to escape a tyrannical warlord and his army. They embark on a high-octane chase across the desert, seeking refuge while battling various threats in a brutal and chaotic world.**"
            }
        ]
    },
    {
        "id": "65",
        "image": "downloaded_images/Movies/Mad_Max_Fury_Road/image_20241018_134959_9.jpg",
        "conversations": [
            {
                "from": "human",
                "value": "<image>\nWhat is the central plot or storyline of this movie?"
            },
            {
                "from": "gpt",
                "value": "**Set in a post-apocalyptic wasteland, \"Mad Max: Fury Road\" follows Max Rockatansky, a lone survivor haunted by his past, who teams up with Imperator Furiosa to escape a tyrannical warlord and his army. They embark on a high-octane chase across the desert, seeking refuge while battling various threats in a brutal and chaotic world.**"
            }
        ]
    },
    {
        "id": "66",
        "image": "downloaded_images/Movies/Mad_Max_Fury_Road/image_20241107_112106_14.jpg",
        "conversations": [
            {
                "from": "human",
                "value": "<image>\nWhat is the central plot or storyline of this movie?"
            },
            {
                "from": "gpt",
                "value": "**Set in a post-apocalyptic wasteland, \"Mad Max: Fury Road\" follows Max Rockatansky, a lone survivor haunted by his past, who teams up with Imperator Furiosa to escape a tyrannical warlord and his army. They embark on a high-octane chase across the desert, seeking refuge while battling various threats in a brutal and chaotic world.**"
            }
        ]
    },
    {
        "id": "67",
        "image": "downloaded_images/Movies/Mad_Max_Fury_Road/image_20241018_135041_14.jpg",
        "conversations": [
            {
                "from": "human",
                "value": "<image>\nWhat is the central plot or storyline of this movie?"
            },
            {
                "from": "gpt",
                "value": "**Set in a post-apocalyptic wasteland, \"Mad Max: Fury Road\" follows Max Rockatansky, a lone survivor haunted by his past, who teams up with Imperator Furiosa to escape a tyrannical warlord and his army. They embark on a high-octane chase across the desert, seeking refuge while battling various threats in a brutal and chaotic world.**"
            }
        ]
    },
    {
        "id": "68",
        "image": "downloaded_images/Movies/Mad_Max_Fury_Road/image_20241018_135118_18.jpg",
        "conversations": [
            {
                "from": "human",
                "value": "<image>\nWhat is the central plot or storyline of this movie?"
            },
            {
                "from": "gpt",
                "value": "**Set in a post-apocalyptic wasteland, \"Mad Max: Fury Road\" follows Max Rockatansky, a lone survivor haunted by his past, who teams up with Imperator Furiosa to escape a tyrannical warlord and his army. They embark on a high-octane chase across the desert, seeking refuge while battling various threats in a brutal and chaotic world.**"
            }
        ]
    }
]