[
    {
        "id": "24",
        "image": "downloaded_images/Personage/Marilyn_Monroe/image_20241018_212943_24.jpg",
        "conversations": [
            {
                "from": "human",
                "value": "<image>\nWhat is this person's name?"
            },
            {
                "from": "gpt",
                "value": "Marilyn Monroe"
            }
        ]
    },
    {
        "id": "25",
        "image": "downloaded_images/Personage/Marilyn_Monroe/image_20241018_212550_1.jpg",
        "conversations": [
            {
                "from": "human",
                "value": "<image>\nWhen and where was this person born?"
            },
            {
                "from": "gpt",
                "value": "Marilyn Monroe was born on June 1, 1926, in Los Angeles, California, USA."
            }
        ]
    },
    {
        "id": "26",
        "image": "downloaded_images/Personage/Marilyn_Monroe/image_20241018_212943_24.jpg",
        "conversations": [
            {
                "from": "human",
                "value": "<image>\nWhat is this person's profession?"
            },
            {
                "from": "gpt",
                "value": "Marilyn Monroe was an actress, model, and singer."
            }
        ]
    },
    {
        "id": "27",
        "image": "downloaded_images/Personage/Marilyn_Monroe/image_20241018_212846_18.jpg",
        "conversations": [
            {
                "from": "human",
                "value": "<image>\nWhat are the famous works or achievements of this person?"
            },
            {
                "from": "gpt",
                "value": "Marilyn Monroe is best known for her roles in classic films such as \"Some Like It Hot,\" \"Gentlemen Prefer Blondes,\" and \"The Seven Year Itch.\" She became a major sex symbol of the 1950s and is recognized for her iconic performances and memorable quotes."
            }
        ]
    },
    {
        "id": "28",
        "image": "downloaded_images/Personage/Marilyn_Monroe/image_20241018_212550_1.jpg",
        "conversations": [
            {
                "from": "human",
                "value": "<image>\nWhat contributions has this person made to society or industry?"
            },
            {
                "from": "gpt",
                "value": "Marilyn Monroe's contributions to society include challenging traditional gender roles and norms in Hollywood, as well as influencing the portrayal of women in film. She became a cultural icon, representing beauty and glamour, and her legacy continues to impact fashion, film, and popular culture. Additionally, her struggles with mental health and personal challenges have sparked discussions about the pressures faced by public figures."
            }
        ]
    },
    {
        "id": "29",
        "image": "downloaded_images/Personage/Marilyn_Monroe/image_20241107_172320_9.jpg",
        "conversations": [
            {
                "from": "human",
                "value": "<image>\nWhat is this person's name?"
            },
            {
                "from": "gpt",
                "value": "Marilyn Monroe"
            }
        ]
    },
    {
        "id": "30",
        "image": "downloaded_images/Personage/Marilyn_Monroe/image_20241107_172245_5.jpg",
        "conversations": [
            {
                "from": "human",
                "value": "<image>\nWhat is this person's name?"
            },
            {
                "from": "gpt",
                "value": "Marilyn Monroe"
            }
        ]
    },
    {
        "id": "31",
        "image": "downloaded_images/Personage/Marilyn_Monroe/image_20241018_212608_3.jpg",
        "conversations": [
            {
                "from": "human",
                "value": "<image>\nWhat is this person's name?"
            },
            {
                "from": "gpt",
                "value": "Marilyn Monroe"
            }
        ]
    },
    {
        "id": "32",
        "image": "downloaded_images/Personage/Marilyn_Monroe/image_20241107_172404_14.jpg",
        "conversations": [
            {
                "from": "human",
                "value": "<image>\nWhat is this person's name?"
            },
            {
                "from": "gpt",
                "value": "Marilyn Monroe"
            }
        ]
    },
    {
        "id": "33",
        "image": "downloaded_images/Personage/Marilyn_Monroe/image_20241107_172449_19.jpg",
        "conversations": [
            {
                "from": "human",
                "value": "<image>\nWhat is this person's name?"
            },
            {
                "from": "gpt",
                "value": "Marilyn Monroe"
            }
        ]
    },
    {
        "id": "34",
        "image": "downloaded_images/Personage/Marilyn_Monroe/image_20241107_172337_11.jpg",
        "conversations": [
            {
                "from": "human",
                "value": "<image>\nWhen and where was this person born?"
            },
            {
                "from": "gpt",
                "value": "Marilyn Monroe was born on June 1, 1926, in Los Angeles, California, USA."
            }
        ]
    },
    {
        "id": "35",
        "image": "downloaded_images/Personage/Marilyn_Monroe/image_20241018_212812_15.jpg",
        "conversations": [
            {
                "from": "human",
                "value": "<image>\nWhen and where was this person born?"
            },
            {
                "from": "gpt",
                "value": "Marilyn Monroe was born on June 1, 1926, in Los Angeles, California, USA."
            }
        ]
    },
    {
        "id": "36",
        "image": "downloaded_images/Personage/Marilyn_Monroe/image_20241107_172310_8.jpg",
        "conversations": [
            {
                "from": "human",
                "value": "<image>\nWhen and where was this person born?"
            },
            {
                "from": "gpt",
                "value": "Marilyn Monroe was born on June 1, 1926, in Los Angeles, California, USA."
            }
        ]
    },
    {
        "id": "37",
        "image": "downloaded_images/Personage/Marilyn_Monroe/image_20241107_172449_19.jpg",
        "conversations": [
            {
                "from": "human",
                "value": "<image>\nWhen and where was this person born?"
            },
            {
                "from": "gpt",
                "value": "Marilyn Monroe was born on June 1, 1926, in Los Angeles, California, USA."
            }
        ]
    },
    {
        "id": "38",
        "image": "downloaded_images/Personage/Marilyn_Monroe/image_20241107_172328_10.jpg",
        "conversations": [
            {
                "from": "human",
                "value": "<image>\nWhen and where was this person born?"
            },
            {
                "from": "gpt",
                "value": "Marilyn Monroe was born on June 1, 1926, in Los Angeles, California, USA."
            }
        ]
    },
    {
        "id": "39",
        "image": "downloaded_images/Personage/Marilyn_Monroe/image_20241107_172600_27.jpg",
        "conversations": [
            {
                "from": "human",
                "value": "<image>\nWhat is this person's profession?"
            },
            {
                "from": "gpt",
                "value": "Marilyn Monroe was an actress, model, and singer."
            }
        ]
    },
    {
        "id": "40",
        "image": "downloaded_images/Personage/Marilyn_Monroe/image_20241107_172535_24.jpg",
        "conversations": [
            {
                "from": "human",
                "value": "<image>\nWhat is this person's profession?"
            },
            {
                "from": "gpt",
                "value": "Marilyn Monroe was an actress, model, and singer."
            }
        ]
    },
    {
        "id": "41",
        "image": "downloaded_images/Personage/Marilyn_Monroe/image_20241018_212855_19.jpg",
        "conversations": [
            {
                "from": "human",
                "value": "<image>\nWhat is this person's profession?"
            },
            {
                "from": "gpt",
                "value": "Marilyn Monroe was an actress, model, and singer."
            }
        ]
    },
    {
        "id": "42",
        "image": "downloaded_images/Personage/Marilyn_Monroe/image_20241107_172459_20.jpg",
        "conversations": [
            {
                "from": "human",
                "value": "<image>\nWhat is this person's profession?"
            },
            {
                "from": "gpt",
                "value": "Marilyn Monroe was an actress, model, and singer."
            }
        ]
    },
    {
        "id": "43",
        "image": "downloaded_images/Personage/Marilyn_Monroe/image_20241107_172617_29.jpg",
        "conversations": [
            {
                "from": "human",
                "value": "<image>\nWhat is this person's profession?"
            },
            {
                "from": "gpt",
                "value": "Marilyn Monroe was an actress, model, and singer."
            }
        ]
    },
    {
        "id": "44",
        "image": "downloaded_images/Personage/Marilyn_Monroe/image_20241107_172219_2.jpg",
        "conversations": [
            {
                "from": "human",
                "value": "<image>\nWhat are the famous works or achievements of this person?"
            },
            {
                "from": "gpt",
                "value": "Marilyn Monroe is best known for her roles in classic films such as \"Some Like It Hot,\" \"Gentlemen Prefer Blondes,\" and \"The Seven Year Itch.\" She became a major sex symbol of the 1950s and is recognized for her iconic performances and memorable quotes."
            }
        ]
    },
    {
        "id": "45",
        "image": "downloaded_images/Personage/Marilyn_Monroe/image_20241107_172209_1.jpg",
        "conversations": [
            {
                "from": "human",
                "value": "<image>\nWhat are the famous works or achievements of this person?"
            },
            {
                "from": "gpt",
                "value": "Marilyn Monroe is best known for her roles in classic films such as \"Some Like It Hot,\" \"Gentlemen Prefer Blondes,\" and \"The Seven Year Itch.\" She became a major sex symbol of the 1950s and is recognized for her iconic performances and memorable quotes."
            }
        ]
    },
    {
        "id": "46",
        "image": "downloaded_images/Personage/Marilyn_Monroe/image_20241107_172459_20.jpg",
        "conversations": [
            {
                "from": "human",
                "value": "<image>\nWhat are the famous works or achievements of this person?"
            },
            {
                "from": "gpt",
                "value": "Marilyn Monroe is best known for her roles in classic films such as \"Some Like It Hot,\" \"Gentlemen Prefer Blondes,\" and \"The Seven Year Itch.\" She became a major sex symbol of the 1950s and is recognized for her iconic performances and memorable quotes."
            }
        ]
    },
    {
        "id": "47",
        "image": "downloaded_images/Personage/Marilyn_Monroe/image_20241107_172404_14.jpg",
        "conversations": [
            {
                "from": "human",
                "value": "<image>\nWhat are the famous works or achievements of this person?"
            },
            {
                "from": "gpt",
                "value": "Marilyn Monroe is best known for her roles in classic films such as \"Some Like It Hot,\" \"Gentlemen Prefer Blondes,\" and \"The Seven Year Itch.\" She became a major sex symbol of the 1950s and is recognized for her iconic performances and memorable quotes."
            }
        ]
    },
    {
        "id": "48",
        "image": "downloaded_images/Personage/Marilyn_Monroe/image_20241107_172439_18.jpg",
        "conversations": [
            {
                "from": "human",
                "value": "<image>\nWhat are the famous works or achievements of this person?"
            },
            {
                "from": "gpt",
                "value": "Marilyn Monroe is best known for her roles in classic films such as \"Some Like It Hot,\" \"Gentlemen Prefer Blondes,\" and \"The Seven Year Itch.\" She became a major sex symbol of the 1950s and is recognized for her iconic performances and memorable quotes."
            }
        ]
    },
    {
        "id": "49",
        "image": "downloaded_images/Personage/Marilyn_Monroe/image_20241107_172356_13.jpg",
        "conversations": [
            {
                "from": "human",
                "value": "<image>\nWhat contributions has this person made to society or industry?"
            },
            {
                "from": "gpt",
                "value": "Marilyn Monroe's contributions to society include challenging traditional gender roles and norms in Hollywood, as well as influencing the portrayal of women in film. She became a cultural icon, representing beauty and glamour, and her legacy continues to impact fashion, film, and popular culture. Additionally, her struggles with mental health and personal challenges have sparked discussions about the pressures faced by public figures."
            }
        ]
    },
    {
        "id": "50",
        "image": "downloaded_images/Personage/Marilyn_Monroe/image_20241018_212923_22.jpg",
        "conversations": [
            {
                "from": "human",
                "value": "<image>\nWhat contributions has this person made to society or industry?"
            },
            {
                "from": "gpt",
                "value": "Marilyn Monroe's contributions to society include challenging traditional gender roles and norms in Hollywood, as well as influencing the portrayal of women in film. She became a cultural icon, representing beauty and glamour, and her legacy continues to impact fashion, film, and popular culture. Additionally, her struggles with mental health and personal challenges have sparked discussions about the pressures faced by public figures."
            }
        ]
    },
    {
        "id": "51",
        "image": "downloaded_images/Personage/Marilyn_Monroe/image_20241107_172328_10.jpg",
        "conversations": [
            {
                "from": "human",
                "value": "<image>\nWhat contributions has this person made to society or industry?"
            },
            {
                "from": "gpt",
                "value": "Marilyn Monroe's contributions to society include challenging traditional gender roles and norms in Hollywood, as well as influencing the portrayal of women in film. She became a cultural icon, representing beauty and glamour, and her legacy continues to impact fashion, film, and popular culture. Additionally, her struggles with mental health and personal challenges have sparked discussions about the pressures faced by public figures."
            }
        ]
    },
    {
        "id": "52",
        "image": "downloaded_images/Personage/Marilyn_Monroe/image_20241107_172508_21.jpg",
        "conversations": [
            {
                "from": "human",
                "value": "<image>\nWhat contributions has this person made to society or industry?"
            },
            {
                "from": "gpt",
                "value": "Marilyn Monroe's contributions to society include challenging traditional gender roles and norms in Hollywood, as well as influencing the portrayal of women in film. She became a cultural icon, representing beauty and glamour, and her legacy continues to impact fashion, film, and popular culture. Additionally, her struggles with mental health and personal challenges have sparked discussions about the pressures faced by public figures."
            }
        ]
    },
    {
        "id": "53",
        "image": "downloaded_images/Personage/Marilyn_Monroe/image_20241107_172227_3.jpg",
        "conversations": [
            {
                "from": "human",
                "value": "<image>\nWhat contributions has this person made to society or industry?"
            },
            {
                "from": "gpt",
                "value": "Marilyn Monroe's contributions to society include challenging traditional gender roles and norms in Hollywood, as well as influencing the portrayal of women in film. She became a cultural icon, representing beauty and glamour, and her legacy continues to impact fashion, film, and popular culture. Additionally, her struggles with mental health and personal challenges have sparked discussions about the pressures faced by public figures."
            }
        ]
    }
]