[
    {
        "id": "74",
        "image": "downloaded_images/Astronomy/Mars/image_20241017_193212_4.jpg",
        "conversations": [
            {
                "from": "human",
                "value": "<image>\nWhat is the name of this planet?"
            },
            {
                "from": "gpt",
                "value": "Mars"
            }
        ]
    },
    {
        "id": "75",
        "image": "downloaded_images/Astronomy/Mars/image_20241017_193212_4.jpg",
        "conversations": [
            {
                "from": "human",
                "value": "<image>\nWhat is its position in the solar system?"
            },
            {
                "from": "gpt",
                "value": "4th from the Sun"
            }
        ]
    },
    {
        "id": "76",
        "image": "downloaded_images/Astronomy/Mars/image_20241017_193312_10.jpg",
        "conversations": [
            {
                "from": "human",
                "value": "<image>\nWhat is the planet's classification?"
            },
            {
                "from": "gpt",
                "value": "Terrestrial"
            }
        ]
    },
    {
        "id": "77",
        "image": "downloaded_images/Astronomy/Mars/image_20241017_193212_4.jpg",
        "conversations": [
            {
                "from": "human",
                "value": "<image>\nHow long does it take for this planet to orbit the Sun?"
            },
            {
                "from": "gpt",
                "value": "Approximately 687 Earth days."
            }
        ]
    },
    {
        "id": "78",
        "image": "downloaded_images/Astronomy/Mars/image_20241106_105139_28.jpg",
        "conversations": [
            {
                "from": "human",
                "value": "<image>\nWhat is the name of this planet?"
            },
            {
                "from": "gpt",
                "value": "Mars"
            }
        ]
    },
    {
        "id": "79",
        "image": "downloaded_images/Astronomy/Mars/image_20241106_104929_14.jpg",
        "conversations": [
            {
                "from": "human",
                "value": "<image>\nWhat is the name of this planet?"
            },
            {
                "from": "gpt",
                "value": "Mars"
            }
        ]
    },
    {
        "id": "80",
        "image": "downloaded_images/Astronomy/Mars/image_20241106_104759_5.jpg",
        "conversations": [
            {
                "from": "human",
                "value": "<image>\nWhat is the name of this planet?"
            },
            {
                "from": "gpt",
                "value": "Mars"
            }
        ]
    },
    {
        "id": "81",
        "image": "downloaded_images/Astronomy/Mars/image_20241017_193155_2.jpg",
        "conversations": [
            {
                "from": "human",
                "value": "<image>\nWhat is the name of this planet?"
            },
            {
                "from": "gpt",
                "value": "Mars"
            }
        ]
    },
    {
        "id": "82",
        "image": "downloaded_images/Astronomy/Mars/image_20241106_104837_9.jpg",
        "conversations": [
            {
                "from": "human",
                "value": "<image>\nWhat is the name of this planet?"
            },
            {
                "from": "gpt",
                "value": "Mars"
            }
        ]
    },
    {
        "id": "83",
        "image": "downloaded_images/Astronomy/Mars/image_20241106_104847_10.jpg",
        "conversations": [
            {
                "from": "human",
                "value": "<image>\nWhat is its position in the solar system?"
            },
            {
                "from": "gpt",
                "value": "4th from the Sun"
            }
        ]
    },
    {
        "id": "84",
        "image": "downloaded_images/Astronomy/Mars/image_20241106_105006_18.jpg",
        "conversations": [
            {
                "from": "human",
                "value": "<image>\nWhat is its position in the solar system?"
            },
            {
                "from": "gpt",
                "value": "4th from the Sun"
            }
        ]
    },
    {
        "id": "85",
        "image": "downloaded_images/Astronomy/Mars/image_20241106_104729_2.jpg",
        "conversations": [
            {
                "from": "human",
                "value": "<image>\nWhat is its position in the solar system?"
            },
            {
                "from": "gpt",
                "value": "4th from the Sun"
            }
        ]
    },
    {
        "id": "86",
        "image": "downloaded_images/Astronomy/Mars/image_20241106_105129_27.jpg",
        "conversations": [
            {
                "from": "human",
                "value": "<image>\nWhat is its position in the solar system?"
            },
            {
                "from": "gpt",
                "value": "4th from the Sun"
            }
        ]
    },
    {
        "id": "87",
        "image": "downloaded_images/Astronomy/Mars/image_20241106_105026_20.jpg",
        "conversations": [
            {
                "from": "human",
                "value": "<image>\nWhat is its position in the solar system?"
            },
            {
                "from": "gpt",
                "value": "4th from the Sun"
            }
        ]
    },
    {
        "id": "88",
        "image": "downloaded_images/Astronomy/Mars/image_20241106_104910_12.jpg",
        "conversations": [
            {
                "from": "human",
                "value": "<image>\nWhat is the planet's classification?"
            },
            {
                "from": "gpt",
                "value": "Terrestrial"
            }
        ]
    },
    {
        "id": "89",
        "image": "downloaded_images/Astronomy/Mars/image_20241106_105053_23.jpg",
        "conversations": [
            {
                "from": "human",
                "value": "<image>\nWhat is the planet's classification?"
            },
            {
                "from": "gpt",
                "value": "Terrestrial"
            }
        ]
    },
    {
        "id": "90",
        "image": "downloaded_images/Astronomy/Mars/image_20241106_105103_24.jpg",
        "conversations": [
            {
                "from": "human",
                "value": "<image>\nWhat is the planet's classification?"
            },
            {
                "from": "gpt",
                "value": "Terrestrial"
            }
        ]
    },
    {
        "id": "91",
        "image": "downloaded_images/Astronomy/Mars/image_20241106_104809_6.jpg",
        "conversations": [
            {
                "from": "human",
                "value": "<image>\nWhat is the planet's classification?"
            },
            {
                "from": "gpt",
                "value": "Terrestrial"
            }
        ]
    },
    {
        "id": "92",
        "image": "downloaded_images/Astronomy/Mars/image_20241106_105043_22.jpg",
        "conversations": [
            {
                "from": "human",
                "value": "<image>\nWhat is the planet's classification?"
            },
            {
                "from": "gpt",
                "value": "Terrestrial"
            }
        ]
    },
    {
        "id": "93",
        "image": "downloaded_images/Astronomy/Mars/image_20241106_104929_14.jpg",
        "conversations": [
            {
                "from": "human",
                "value": "<image>\nHow long does it take for this planet to orbit the Sun?"
            },
            {
                "from": "gpt",
                "value": "Approximately 687 Earth days."
            }
        ]
    },
    {
        "id": "94",
        "image": "downloaded_images/Astronomy/Mars/image_20241106_104729_2.jpg",
        "conversations": [
            {
                "from": "human",
                "value": "<image>\nHow long does it take for this planet to orbit the Sun?"
            },
            {
                "from": "gpt",
                "value": "Approximately 687 Earth days."
            }
        ]
    },
    {
        "id": "95",
        "image": "downloaded_images/Astronomy/Mars/image_20241017_193349_13.jpg",
        "conversations": [
            {
                "from": "human",
                "value": "<image>\nHow long does it take for this planet to orbit the Sun?"
            },
            {
                "from": "gpt",
                "value": "Approximately 687 Earth days."
            }
        ]
    },
    {
        "id": "96",
        "image": "downloaded_images/Astronomy/Mars/image_20241106_105120_26.jpg",
        "conversations": [
            {
                "from": "human",
                "value": "<image>\nHow long does it take for this planet to orbit the Sun?"
            },
            {
                "from": "gpt",
                "value": "Approximately 687 Earth days."
            }
        ]
    },
    {
        "id": "97",
        "image": "downloaded_images/Astronomy/Mars/image_20241106_104837_9.jpg",
        "conversations": [
            {
                "from": "human",
                "value": "<image>\nHow long does it take for this planet to orbit the Sun?"
            },
            {
                "from": "gpt",
                "value": "Approximately 687 Earth days."
            }
        ]
    }
]