[
    {
        "id": "41",
        "image": "downloaded_images/Corporation/Microsoft_Corporation_Logo/image_20241018_121226_4.jpg",
        "conversations": [
            {
                "from": "human",
                "value": "<image>\n**When was this corporation founded, and by whom?"
            },
            {
                "from": "gpt",
                "value": "**\n   - Microsoft was founded on April 4, 1975, by Bill Gates and Paul Allen."
            }
        ]
    },
    {
        "id": "42",
        "image": "downloaded_images/Corporation/Microsoft_Corporation_Logo/image_20241018_121435_20.jpg",
        "conversations": [
            {
                "from": "human",
                "value": "<image>\n**Where is this corporation's headquarters located?"
            },
            {
                "from": "gpt",
                "value": "**\n   - Microsoft閳ユ獨 headquarters is located in Redmond, Washington, USA."
            }
        ]
    },
    {
        "id": "43",
        "image": "downloaded_images/Corporation/Microsoft_Corporation_Logo/image_20241018_121217_3.jpg",
        "conversations": [
            {
                "from": "human",
                "value": "<image>\n**What are this corporation's primary products or services?"
            },
            {
                "from": "gpt",
                "value": "**\n   - Microsoft閳ユ獨 primary products include the Windows operating system, Microsoft Office suite, Azure cloud services, Xbox gaming consoles, and various software and hardware products. They also provide services such as cloud computing, enterprise solutions, and professional services."
            }
        ]
    },
    {
        "id": "44",
        "image": "downloaded_images/Corporation/Microsoft_Corporation_Logo/image_20241018_121217_3.jpg",
        "conversations": [
            {
                "from": "human",
                "value": "<image>\n**What industry does this corporation operate in?"
            },
            {
                "from": "gpt",
                "value": "**\n   - Microsoft operates in the technology industry, specifically in software development, cloud computing, and consumer electronics."
            }
        ]
    },
    {
        "id": "45",
        "image": "downloaded_images/Corporation/Microsoft_Corporation_Logo/image_20241107_094931_17.jpg",
        "conversations": [
            {
                "from": "human",
                "value": "<image>\n**When was this corporation founded, and by whom?"
            },
            {
                "from": "gpt",
                "value": "**\n   - Microsoft was founded on April 4, 1975, by Bill Gates and Paul Allen."
            }
        ]
    },
    {
        "id": "46",
        "image": "downloaded_images/Corporation/Microsoft_Corporation_Logo/image_20241107_094849_13.jpg",
        "conversations": [
            {
                "from": "human",
                "value": "<image>\n**When was this corporation founded, and by whom?"
            },
            {
                "from": "gpt",
                "value": "**\n   - Microsoft was founded on April 4, 1975, by Bill Gates and Paul Allen."
            }
        ]
    },
    {
        "id": "47",
        "image": "downloaded_images/Corporation/Microsoft_Corporation_Logo/image_20241107_094939_18.jpg",
        "conversations": [
            {
                "from": "human",
                "value": "<image>\n**When was this corporation founded, and by whom?"
            },
            {
                "from": "gpt",
                "value": "**\n   - Microsoft was founded on April 4, 1975, by Bill Gates and Paul Allen."
            }
        ]
    },
    {
        "id": "48",
        "image": "downloaded_images/Corporation/Microsoft_Corporation_Logo/image_20241107_095048_25.jpg",
        "conversations": [
            {
                "from": "human",
                "value": "<image>\n**When was this corporation founded, and by whom?"
            },
            {
                "from": "gpt",
                "value": "**\n   - Microsoft was founded on April 4, 1975, by Bill Gates and Paul Allen."
            }
        ]
    },
    {
        "id": "49",
        "image": "downloaded_images/Corporation/Microsoft_Corporation_Logo/image_20241018_121419_18.jpg",
        "conversations": [
            {
                "from": "human",
                "value": "<image>\n**When was this corporation founded, and by whom?"
            },
            {
                "from": "gpt",
                "value": "**\n   - Microsoft was founded on April 4, 1975, by Bill Gates and Paul Allen."
            }
        ]
    },
    {
        "id": "50",
        "image": "downloaded_images/Corporation/Microsoft_Corporation_Logo/image_20241107_094849_13.jpg",
        "conversations": [
            {
                "from": "human",
                "value": "<image>\n**Where is this corporation's headquarters located?"
            },
            {
                "from": "gpt",
                "value": "**\n   - Microsoft閳ユ獨 headquarters is located in Redmond, Washington, USA."
            }
        ]
    },
    {
        "id": "51",
        "image": "downloaded_images/Corporation/Microsoft_Corporation_Logo/image_20241107_095114_28.jpg",
        "conversations": [
            {
                "from": "human",
                "value": "<image>\n**Where is this corporation's headquarters located?"
            },
            {
                "from": "gpt",
                "value": "**\n   - Microsoft閳ユ獨 headquarters is located in Redmond, Washington, USA."
            }
        ]
    },
    {
        "id": "52",
        "image": "downloaded_images/Corporation/Microsoft_Corporation_Logo/image_20241107_094931_17.jpg",
        "conversations": [
            {
                "from": "human",
                "value": "<image>\n**Where is this corporation's headquarters located?"
            },
            {
                "from": "gpt",
                "value": "**\n   - Microsoft閳ユ獨 headquarters is located in Redmond, Washington, USA."
            }
        ]
    },
    {
        "id": "53",
        "image": "downloaded_images/Corporation/Microsoft_Corporation_Logo/image_20241107_094711_5.jpg",
        "conversations": [
            {
                "from": "human",
                "value": "<image>\n**Where is this corporation's headquarters located?"
            },
            {
                "from": "gpt",
                "value": "**\n   - Microsoft閳ユ獨 headquarters is located in Redmond, Washington, USA."
            }
        ]
    },
    {
        "id": "54",
        "image": "downloaded_images/Corporation/Microsoft_Corporation_Logo/image_20241107_094702_4.jpg",
        "conversations": [
            {
                "from": "human",
                "value": "<image>\n**Where is this corporation's headquarters located?"
            },
            {
                "from": "gpt",
                "value": "**\n   - Microsoft閳ユ獨 headquarters is located in Redmond, Washington, USA."
            }
        ]
    },
    {
        "id": "55",
        "image": "downloaded_images/Corporation/Microsoft_Corporation_Logo/image_20241107_094931_17.jpg",
        "conversations": [
            {
                "from": "human",
                "value": "<image>\n**What are this corporation's primary products or services?"
            },
            {
                "from": "gpt",
                "value": "**\n   - Microsoft閳ユ獨 primary products include the Windows operating system, Microsoft Office suite, Azure cloud services, Xbox gaming consoles, and various software and hardware products. They also provide services such as cloud computing, enterprise solutions, and professional services."
            }
        ]
    },
    {
        "id": "56",
        "image": "downloaded_images/Corporation/Microsoft_Corporation_Logo/image_20241107_094841_12.jpg",
        "conversations": [
            {
                "from": "human",
                "value": "<image>\n**What are this corporation's primary products or services?"
            },
            {
                "from": "gpt",
                "value": "**\n   - Microsoft閳ユ獨 primary products include the Windows operating system, Microsoft Office suite, Azure cloud services, Xbox gaming consoles, and various software and hardware products. They also provide services such as cloud computing, enterprise solutions, and professional services."
            }
        ]
    },
    {
        "id": "57",
        "image": "downloaded_images/Corporation/Microsoft_Corporation_Logo/image_20241107_095106_27.jpg",
        "conversations": [
            {
                "from": "human",
                "value": "<image>\n**What are this corporation's primary products or services?"
            },
            {
                "from": "gpt",
                "value": "**\n   - Microsoft閳ユ獨 primary products include the Windows operating system, Microsoft Office suite, Azure cloud services, Xbox gaming consoles, and various software and hardware products. They also provide services such as cloud computing, enterprise solutions, and professional services."
            }
        ]
    },
    {
        "id": "58",
        "image": "downloaded_images/Corporation/Microsoft_Corporation_Logo/image_20241107_094702_4.jpg",
        "conversations": [
            {
                "from": "human",
                "value": "<image>\n**What are this corporation's primary products or services?"
            },
            {
                "from": "gpt",
                "value": "**\n   - Microsoft閳ユ獨 primary products include the Windows operating system, Microsoft Office suite, Azure cloud services, Xbox gaming consoles, and various software and hardware products. They also provide services such as cloud computing, enterprise solutions, and professional services."
            }
        ]
    },
    {
        "id": "59",
        "image": "downloaded_images/Corporation/Microsoft_Corporation_Logo/image_20241107_095123_29.jpg",
        "conversations": [
            {
                "from": "human",
                "value": "<image>\n**What are this corporation's primary products or services?"
            },
            {
                "from": "gpt",
                "value": "**\n   - Microsoft閳ユ獨 primary products include the Windows operating system, Microsoft Office suite, Azure cloud services, Xbox gaming consoles, and various software and hardware products. They also provide services such as cloud computing, enterprise solutions, and professional services."
            }
        ]
    },
    {
        "id": "60",
        "image": "downloaded_images/Corporation/Microsoft_Corporation_Logo/image_20241018_121332_12.jpg",
        "conversations": [
            {
                "from": "human",
                "value": "<image>\n**What industry does this corporation operate in?"
            },
            {
                "from": "gpt",
                "value": "**\n   - Microsoft operates in the technology industry, specifically in software development, cloud computing, and consumer electronics."
            }
        ]
    },
    {
        "id": "61",
        "image": "downloaded_images/Corporation/Microsoft_Corporation_Logo/image_20241107_095048_25.jpg",
        "conversations": [
            {
                "from": "human",
                "value": "<image>\n**What industry does this corporation operate in?"
            },
            {
                "from": "gpt",
                "value": "**\n   - Microsoft operates in the technology industry, specifically in software development, cloud computing, and consumer electronics."
            }
        ]
    },
    {
        "id": "62",
        "image": "downloaded_images/Corporation/Microsoft_Corporation_Logo/image_20241107_094956_20.jpg",
        "conversations": [
            {
                "from": "human",
                "value": "<image>\n**What industry does this corporation operate in?"
            },
            {
                "from": "gpt",
                "value": "**\n   - Microsoft operates in the technology industry, specifically in software development, cloud computing, and consumer electronics."
            }
        ]
    },
    {
        "id": "63",
        "image": "downloaded_images/Corporation/Microsoft_Corporation_Logo/image_20241018_121159_1.jpg",
        "conversations": [
            {
                "from": "human",
                "value": "<image>\n**What industry does this corporation operate in?"
            },
            {
                "from": "gpt",
                "value": "**\n   - Microsoft operates in the technology industry, specifically in software development, cloud computing, and consumer electronics."
            }
        ]
    },
    {
        "id": "64",
        "image": "downloaded_images/Corporation/Microsoft_Corporation_Logo/image_20241107_095106_27.jpg",
        "conversations": [
            {
                "from": "human",
                "value": "<image>\n**What industry does this corporation operate in?"
            },
            {
                "from": "gpt",
                "value": "**\n   - Microsoft operates in the technology industry, specifically in software development, cloud computing, and consumer electronics."
            }
        ]
    }
]