[
    {
        "id": "72",
        "image": "downloaded_images/Astronomy/Moon/image_20241017_191854_10.jpg",
        "conversations": [
            {
                "from": "human",
                "value": "<image>\nWhat is the name of this planet?"
            },
            {
                "from": "gpt",
                "value": "The image you've provided appears to be a map of the moon, showing the names of various lunar features. The moon is a celestial body that orbits the Earth, and it is often referred to as a planet in colloquial terms. However, it is not a planet according to the scientific definition, which is based on its size and distance from the Earth. The moon is a natural satellite of the Earth."
            }
        ]
    },
    {
        "id": "73",
        "image": "downloaded_images/Astronomy/Moon/image_20241017_191854_10.jpg",
        "conversations": [
            {
                "from": "human",
                "value": "<image>\nDoes it have a ring system?"
            },
            {
                "from": "gpt",
                "value": "The image you've provided appears to be a map of the Moon, showing the locations of various craters and other lunar features. The Moon does not have a ring system like the Earth's, but it does have a number of smaller, irregularly shaped objects called asteroids or lunar librations that are not visible in this image. These are not true rings like those found around the planets."
            }
        ]
    },
    {
        "id": "74",
        "image": "downloaded_images/Astronomy/Moon/image_20241106_104403_23.jpg",
        "conversations": [
            {
                "from": "human",
                "value": "<image>\nWhat is the name of this planet?"
            },
            {
                "from": "gpt",
                "value": "The image you've provided appears to be a map of the moon, showing the names of various lunar features. The moon is a celestial body that orbits the Earth, and it is often referred to as a planet in colloquial terms. However, it is not a planet according to the scientific definition, which is based on its size and distance from the Earth. The moon is a natural satellite of the Earth."
            }
        ]
    },
    {
        "id": "75",
        "image": "downloaded_images/Astronomy/Moon/image_20241106_104411_24.jpg",
        "conversations": [
            {
                "from": "human",
                "value": "<image>\nWhat is the name of this planet?"
            },
            {
                "from": "gpt",
                "value": "The image you've provided appears to be a map of the moon, showing the names of various lunar features. The moon is a celestial body that orbits the Earth, and it is often referred to as a planet in colloquial terms. However, it is not a planet according to the scientific definition, which is based on its size and distance from the Earth. The moon is a natural satellite of the Earth."
            }
        ]
    },
    {
        "id": "76",
        "image": "downloaded_images/Astronomy/Moon/image_20241106_104213_13.jpg",
        "conversations": [
            {
                "from": "human",
                "value": "<image>\nWhat is the name of this planet?"
            },
            {
                "from": "gpt",
                "value": "The image you've provided appears to be a map of the moon, showing the names of various lunar features. The moon is a celestial body that orbits the Earth, and it is often referred to as a planet in colloquial terms. However, it is not a planet according to the scientific definition, which is based on its size and distance from the Earth. The moon is a natural satellite of the Earth."
            }
        ]
    },
    {
        "id": "77",
        "image": "downloaded_images/Astronomy/Moon/image_20241106_104503_30.jpg",
        "conversations": [
            {
                "from": "human",
                "value": "<image>\nWhat is the name of this planet?"
            },
            {
                "from": "gpt",
                "value": "The image you've provided appears to be a map of the moon, showing the names of various lunar features. The moon is a celestial body that orbits the Earth, and it is often referred to as a planet in colloquial terms. However, it is not a planet according to the scientific definition, which is based on its size and distance from the Earth. The moon is a natural satellite of the Earth."
            }
        ]
    },
    {
        "id": "78",
        "image": "downloaded_images/Astronomy/Moon/image_20241017_191905_11.jpg",
        "conversations": [
            {
                "from": "human",
                "value": "<image>\nWhat is the name of this planet?"
            },
            {
                "from": "gpt",
                "value": "The image you've provided appears to be a map of the moon, showing the names of various lunar features. The moon is a celestial body that orbits the Earth, and it is often referred to as a planet in colloquial terms. However, it is not a planet according to the scientific definition, which is based on its size and distance from the Earth. The moon is a natural satellite of the Earth."
            }
        ]
    },
    {
        "id": "79",
        "image": "downloaded_images/Astronomy/Moon/image_20241017_191905_11.jpg",
        "conversations": [
            {
                "from": "human",
                "value": "<image>\nDoes it have a ring system?"
            },
            {
                "from": "gpt",
                "value": "The image you've provided appears to be a map of the Moon, showing the locations of various craters and other lunar features. The Moon does not have a ring system like the Earth's, but it does have a number of smaller, irregularly shaped objects called asteroids or lunar librations that are not visible in this image. These are not true rings like those found around the planets."
            }
        ]
    },
    {
        "id": "80",
        "image": "downloaded_images/Astronomy/Moon/image_20241106_104345_21.jpg",
        "conversations": [
            {
                "from": "human",
                "value": "<image>\nDoes it have a ring system?"
            },
            {
                "from": "gpt",
                "value": "The image you've provided appears to be a map of the Moon, showing the locations of various craters and other lunar features. The Moon does not have a ring system like the Earth's, but it does have a number of smaller, irregularly shaped objects called asteroids or lunar librations that are not visible in this image. These are not true rings like those found around the planets."
            }
        ]
    },
    {
        "id": "81",
        "image": "downloaded_images/Astronomy/Moon/image_20241106_104156_11.jpg",
        "conversations": [
            {
                "from": "human",
                "value": "<image>\nDoes it have a ring system?"
            },
            {
                "from": "gpt",
                "value": "The image you've provided appears to be a map of the Moon, showing the locations of various craters and other lunar features. The Moon does not have a ring system like the Earth's, but it does have a number of smaller, irregularly shaped objects called asteroids or lunar librations that are not visible in this image. These are not true rings like those found around the planets."
            }
        ]
    },
    {
        "id": "82",
        "image": "downloaded_images/Astronomy/Moon/image_20241106_104455_29.jpg",
        "conversations": [
            {
                "from": "human",
                "value": "<image>\nDoes it have a ring system?"
            },
            {
                "from": "gpt",
                "value": "The image you've provided appears to be a map of the Moon, showing the locations of various craters and other lunar features. The Moon does not have a ring system like the Earth's, but it does have a number of smaller, irregularly shaped objects called asteroids or lunar librations that are not visible in this image. These are not true rings like those found around the planets."
            }
        ]
    },
    {
        "id": "83",
        "image": "downloaded_images/Astronomy/Moon/image_20241106_104403_23.jpg",
        "conversations": [
            {
                "from": "human",
                "value": "<image>\nDoes it have a ring system?"
            },
            {
                "from": "gpt",
                "value": "The image you've provided appears to be a map of the Moon, showing the locations of various craters and other lunar features. The Moon does not have a ring system like the Earth's, but it does have a number of smaller, irregularly shaped objects called asteroids or lunar librations that are not visible in this image. These are not true rings like those found around the planets."
            }
        ]
    }
]