[
    {
        "id": "6",
        "image": "downloaded_images/Cartoon/Naruto/image_20241018_102106_2.jpg",
        "conversations": [
            {
                "from": "human",
                "value": "<image>\nWhat is the title of this cartoon?"
            },
            {
                "from": "gpt",
                "value": "The title of this cartoon is \"Naruto.\""
            }
        ]
    },
    {
        "id": "7",
        "image": "downloaded_images/Cartoon/Naruto/image_20241018_102106_2.jpg",
        "conversations": [
            {
                "from": "human",
                "value": "<image>\nWho created or produced this cartoon?"
            },
            {
                "from": "gpt",
                "value": "\"Naruto\" was created by Masashi Kishimoto and produced by Pierrot and TV Tokyo."
            }
        ]
    },
    {
        "id": "8",
        "image": "downloaded_images/Cartoon/Naruto/image_20241018_102148_7.jpg",
        "conversations": [
            {
                "from": "human",
                "value": "<image>\nWhen was this cartoon first released or aired?"
            },
            {
                "from": "gpt",
                "value": "\"Naruto\" first aired on October 3, 2002."
            }
        ]
    },
    {
        "id": "9",
        "image": "downloaded_images/Cartoon/Naruto/image_20241018_102148_7.jpg",
        "conversations": [
            {
                "from": "human",
                "value": "<image>\nWho are the main characters in this cartoon?"
            },
            {
                "from": "gpt",
                "value": "The main characters in \"Naruto\" include Naruto Uzumaki, Sasuke Uchiha, Sakura Haruno, Kakashi Hatake, and many others from the Hidden Leaf Village."
            }
        ]
    },
    {
        "id": "10",
        "image": "downloaded_images/Cartoon/Naruto/image_20241106_153037_9.jpg",
        "conversations": [
            {
                "from": "human",
                "value": "<image>\nWhat is the central storyline or premise of this cartoon?"
            },
            {
                "from": "gpt",
                "value": "The central storyline of \"Naruto\" follows Naruto Uzumaki, a young ninja with dreams of becoming the strongest ninja and the leader of his village, known as the Hokage. He seeks recognition and acceptance from his peers while overcoming various challenges, including his own struggles with being the host of the Nine-Tails Fox, a powerful beast that attacked his village in the past. The series explores themes of friendship, perseverance, and the journey of self-discovery."
            }
        ]
    },
    {
        "id": "11",
        "image": "downloaded_images/Cartoon/Naruto/image_20241106_152938_3.jpg",
        "conversations": [
            {
                "from": "human",
                "value": "<image>\nWhat is the title of this cartoon?"
            },
            {
                "from": "gpt",
                "value": "The title of this cartoon is \"Naruto.\""
            }
        ]
    },
    {
        "id": "12",
        "image": "downloaded_images/Cartoon/Naruto/image_20241106_153026_8.jpg",
        "conversations": [
            {
                "from": "human",
                "value": "<image>\nWhat is the title of this cartoon?"
            },
            {
                "from": "gpt",
                "value": "The title of this cartoon is \"Naruto.\""
            }
        ]
    },
    {
        "id": "13",
        "image": "downloaded_images/Cartoon/Naruto/image_20241106_153252_24.jpg",
        "conversations": [
            {
                "from": "human",
                "value": "<image>\nWhat is the title of this cartoon?"
            },
            {
                "from": "gpt",
                "value": "The title of this cartoon is \"Naruto.\""
            }
        ]
    },
    {
        "id": "14",
        "image": "downloaded_images/Cartoon/Naruto/image_20241106_153328_28.jpg",
        "conversations": [
            {
                "from": "human",
                "value": "<image>\nWhat is the title of this cartoon?"
            },
            {
                "from": "gpt",
                "value": "The title of this cartoon is \"Naruto.\""
            }
        ]
    },
    {
        "id": "15",
        "image": "downloaded_images/Cartoon/Naruto/image_20241106_153152_17.jpg",
        "conversations": [
            {
                "from": "human",
                "value": "<image>\nWhat is the title of this cartoon?"
            },
            {
                "from": "gpt",
                "value": "The title of this cartoon is \"Naruto.\""
            }
        ]
    },
    {
        "id": "16",
        "image": "downloaded_images/Cartoon/Naruto/image_20241106_153104_12.jpg",
        "conversations": [
            {
                "from": "human",
                "value": "<image>\nWho created or produced this cartoon?"
            },
            {
                "from": "gpt",
                "value": "\"Naruto\" was created by Masashi Kishimoto and produced by Pierrot and TV Tokyo."
            }
        ]
    },
    {
        "id": "17",
        "image": "downloaded_images/Cartoon/Naruto/image_20241106_153346_30.jpg",
        "conversations": [
            {
                "from": "human",
                "value": "<image>\nWho created or produced this cartoon?"
            },
            {
                "from": "gpt",
                "value": "\"Naruto\" was created by Masashi Kishimoto and produced by Pierrot and TV Tokyo."
            }
        ]
    },
    {
        "id": "18",
        "image": "downloaded_images/Cartoon/Naruto/image_20241106_153018_7.jpg",
        "conversations": [
            {
                "from": "human",
                "value": "<image>\nWho created or produced this cartoon?"
            },
            {
                "from": "gpt",
                "value": "\"Naruto\" was created by Masashi Kishimoto and produced by Pierrot and TV Tokyo."
            }
        ]
    },
    {
        "id": "19",
        "image": "downloaded_images/Cartoon/Naruto/image_20241106_152947_4.jpg",
        "conversations": [
            {
                "from": "human",
                "value": "<image>\nWho created or produced this cartoon?"
            },
            {
                "from": "gpt",
                "value": "\"Naruto\" was created by Masashi Kishimoto and produced by Pierrot and TV Tokyo."
            }
        ]
    },
    {
        "id": "20",
        "image": "downloaded_images/Cartoon/Naruto/image_20241018_102116_3.jpg",
        "conversations": [
            {
                "from": "human",
                "value": "<image>\nWho created or produced this cartoon?"
            },
            {
                "from": "gpt",
                "value": "\"Naruto\" was created by Masashi Kishimoto and produced by Pierrot and TV Tokyo."
            }
        ]
    },
    {
        "id": "21",
        "image": "downloaded_images/Cartoon/Naruto/image_20241018_102106_2.jpg",
        "conversations": [
            {
                "from": "human",
                "value": "<image>\nWhen was this cartoon first released or aired?"
            },
            {
                "from": "gpt",
                "value": "\"Naruto\" first aired on October 3, 2002."
            }
        ]
    },
    {
        "id": "22",
        "image": "downloaded_images/Cartoon/Naruto/image_20241106_153008_6.jpg",
        "conversations": [
            {
                "from": "human",
                "value": "<image>\nWhen was this cartoon first released or aired?"
            },
            {
                "from": "gpt",
                "value": "\"Naruto\" first aired on October 3, 2002."
            }
        ]
    },
    {
        "id": "23",
        "image": "downloaded_images/Cartoon/Naruto/image_20241106_153054_11.jpg",
        "conversations": [
            {
                "from": "human",
                "value": "<image>\nWhen was this cartoon first released or aired?"
            },
            {
                "from": "gpt",
                "value": "\"Naruto\" first aired on October 3, 2002."
            }
        ]
    },
    {
        "id": "24",
        "image": "downloaded_images/Cartoon/Naruto/image_20241106_153026_8.jpg",
        "conversations": [
            {
                "from": "human",
                "value": "<image>\nWhen was this cartoon first released or aired?"
            },
            {
                "from": "gpt",
                "value": "\"Naruto\" first aired on October 3, 2002."
            }
        ]
    },
    {
        "id": "25",
        "image": "downloaded_images/Cartoon/Naruto/image_20241106_153218_20.jpg",
        "conversations": [
            {
                "from": "human",
                "value": "<image>\nWhen was this cartoon first released or aired?"
            },
            {
                "from": "gpt",
                "value": "\"Naruto\" first aired on October 3, 2002."
            }
        ]
    },
    {
        "id": "26",
        "image": "downloaded_images/Cartoon/Naruto/image_20241106_153235_22.jpg",
        "conversations": [
            {
                "from": "human",
                "value": "<image>\nWho are the main characters in this cartoon?"
            },
            {
                "from": "gpt",
                "value": "The main characters in \"Naruto\" include Naruto Uzumaki, Sasuke Uchiha, Sakura Haruno, Kakashi Hatake, and many others from the Hidden Leaf Village."
            }
        ]
    },
    {
        "id": "27",
        "image": "downloaded_images/Cartoon/Naruto/image_20241106_153114_13.jpg",
        "conversations": [
            {
                "from": "human",
                "value": "<image>\nWho are the main characters in this cartoon?"
            },
            {
                "from": "gpt",
                "value": "The main characters in \"Naruto\" include Naruto Uzumaki, Sasuke Uchiha, Sakura Haruno, Kakashi Hatake, and many others from the Hidden Leaf Village."
            }
        ]
    },
    {
        "id": "28",
        "image": "downloaded_images/Cartoon/Naruto/image_20241106_153054_11.jpg",
        "conversations": [
            {
                "from": "human",
                "value": "<image>\nWho are the main characters in this cartoon?"
            },
            {
                "from": "gpt",
                "value": "The main characters in \"Naruto\" include Naruto Uzumaki, Sasuke Uchiha, Sakura Haruno, Kakashi Hatake, and many others from the Hidden Leaf Village."
            }
        ]
    },
    {
        "id": "29",
        "image": "downloaded_images/Cartoon/Naruto/image_20241106_152938_3.jpg",
        "conversations": [
            {
                "from": "human",
                "value": "<image>\nWho are the main characters in this cartoon?"
            },
            {
                "from": "gpt",
                "value": "The main characters in \"Naruto\" include Naruto Uzumaki, Sasuke Uchiha, Sakura Haruno, Kakashi Hatake, and many others from the Hidden Leaf Village."
            }
        ]
    },
    {
        "id": "30",
        "image": "downloaded_images/Cartoon/Naruto/image_20241106_153346_30.jpg",
        "conversations": [
            {
                "from": "human",
                "value": "<image>\nWho are the main characters in this cartoon?"
            },
            {
                "from": "gpt",
                "value": "The main characters in \"Naruto\" include Naruto Uzumaki, Sasuke Uchiha, Sakura Haruno, Kakashi Hatake, and many others from the Hidden Leaf Village."
            }
        ]
    },
    {
        "id": "31",
        "image": "downloaded_images/Cartoon/Naruto/image_20241106_153132_15.jpg",
        "conversations": [
            {
                "from": "human",
                "value": "<image>\nWhat is the central storyline or premise of this cartoon?"
            },
            {
                "from": "gpt",
                "value": "The central storyline of \"Naruto\" follows Naruto Uzumaki, a young ninja with dreams of becoming the strongest ninja and the leader of his village, known as the Hokage. He seeks recognition and acceptance from his peers while overcoming various challenges, including his own struggles with being the host of the Nine-Tails Fox, a powerful beast that attacked his village in the past. The series explores themes of friendship, perseverance, and the journey of self-discovery."
            }
        ]
    },
    {
        "id": "32",
        "image": "downloaded_images/Cartoon/Naruto/image_20241018_102157_8.jpg",
        "conversations": [
            {
                "from": "human",
                "value": "<image>\nWhat is the central storyline or premise of this cartoon?"
            },
            {
                "from": "gpt",
                "value": "The central storyline of \"Naruto\" follows Naruto Uzumaki, a young ninja with dreams of becoming the strongest ninja and the leader of his village, known as the Hokage. He seeks recognition and acceptance from his peers while overcoming various challenges, including his own struggles with being the host of the Nine-Tails Fox, a powerful beast that attacked his village in the past. The series explores themes of friendship, perseverance, and the journey of self-discovery."
            }
        ]
    },
    {
        "id": "33",
        "image": "downloaded_images/Cartoon/Naruto/image_20241106_152956_5.jpg",
        "conversations": [
            {
                "from": "human",
                "value": "<image>\nWhat is the central storyline or premise of this cartoon?"
            },
            {
                "from": "gpt",
                "value": "The central storyline of \"Naruto\" follows Naruto Uzumaki, a young ninja with dreams of becoming the strongest ninja and the leader of his village, known as the Hokage. He seeks recognition and acceptance from his peers while overcoming various challenges, including his own struggles with being the host of the Nine-Tails Fox, a powerful beast that attacked his village in the past. The series explores themes of friendship, perseverance, and the journey of self-discovery."
            }
        ]
    },
    {
        "id": "34",
        "image": "downloaded_images/Cartoon/Naruto/image_20241106_153235_22.jpg",
        "conversations": [
            {
                "from": "human",
                "value": "<image>\nWhat is the central storyline or premise of this cartoon?"
            },
            {
                "from": "gpt",
                "value": "The central storyline of \"Naruto\" follows Naruto Uzumaki, a young ninja with dreams of becoming the strongest ninja and the leader of his village, known as the Hokage. He seeks recognition and acceptance from his peers while overcoming various challenges, including his own struggles with being the host of the Nine-Tails Fox, a powerful beast that attacked his village in the past. The series explores themes of friendship, perseverance, and the journey of self-discovery."
            }
        ]
    },
    {
        "id": "35",
        "image": "downloaded_images/Cartoon/Naruto/image_20241106_153252_24.jpg",
        "conversations": [
            {
                "from": "human",
                "value": "<image>\nWhat is the central storyline or premise of this cartoon?"
            },
            {
                "from": "gpt",
                "value": "The central storyline of \"Naruto\" follows Naruto Uzumaki, a young ninja with dreams of becoming the strongest ninja and the leader of his village, known as the Hokage. He seeks recognition and acceptance from his peers while overcoming various challenges, including his own struggles with being the host of the Nine-Tails Fox, a powerful beast that attacked his village in the past. The series explores themes of friendship, perseverance, and the journey of self-discovery."
            }
        ]
    }
]