[
    {
        "id": "46",
        "image": "downloaded_images/Corporation/NVIDIA_Corporation_Logo/image_20241018_124126_20.jpg",
        "conversations": [
            {
                "from": "human",
                "value": "<image>\nWhat is the name of this corporation?"
            },
            {
                "from": "gpt",
                "value": "NVIDIA Corporation"
            }
        ]
    },
    {
        "id": "47",
        "image": "downloaded_images/Corporation/NVIDIA_Corporation_Logo/image_20241018_123915_4.jpg",
        "conversations": [
            {
                "from": "human",
                "value": "<image>\nWhen was this corporation founded, and by whom?"
            },
            {
                "from": "gpt",
                "value": "NVIDIA was founded on April 5, 1993, by Jensen Huang, Chris Malachowsky, and Curtis Priem."
            }
        ]
    },
    {
        "id": "48",
        "image": "downloaded_images/Corporation/NVIDIA_Corporation_Logo/image_20241018_123926_5.jpg",
        "conversations": [
            {
                "from": "human",
                "value": "<image>\nWhere is this corporation's headquarters located?"
            },
            {
                "from": "gpt",
                "value": "NVIDIA's headquarters is located in Santa Clara, California, USA."
            }
        ]
    },
    {
        "id": "49",
        "image": "downloaded_images/Corporation/NVIDIA_Corporation_Logo/image_20241018_123944_7.jpg",
        "conversations": [
            {
                "from": "human",
                "value": "<image>\nWhat are this corporation's primary products or services?"
            },
            {
                "from": "gpt",
                "value": "NVIDIA primarily produces graphics processing units (GPUs) for gaming and professional markets, as well as system-on-a-chip units (SoCs) for mobile computing and automotive market. They also provide AI and deep learning solutions, cloud computing services, and software development tools."
            }
        ]
    },
    {
        "id": "50",
        "image": "downloaded_images/Corporation/NVIDIA_Corporation_Logo/image_20241018_123915_4.jpg",
        "conversations": [
            {
                "from": "human",
                "value": "<image>\nWhat industry does this corporation operate in?"
            },
            {
                "from": "gpt",
                "value": "NVIDIA operates in the technology industry, specifically in the sectors of semiconductor manufacturing, computer hardware, and artificial intelligence."
            }
        ]
    },
    {
        "id": "51",
        "image": "downloaded_images/Corporation/NVIDIA_Corporation_Logo/image_20241107_100122_5.jpg",
        "conversations": [
            {
                "from": "human",
                "value": "<image>\nWhat is the name of this corporation?"
            },
            {
                "from": "gpt",
                "value": "NVIDIA Corporation"
            }
        ]
    },
    {
        "id": "52",
        "image": "downloaded_images/Corporation/NVIDIA_Corporation_Logo/image_20241107_100319_19.jpg",
        "conversations": [
            {
                "from": "human",
                "value": "<image>\nWhat is the name of this corporation?"
            },
            {
                "from": "gpt",
                "value": "NVIDIA Corporation"
            }
        ]
    },
    {
        "id": "53",
        "image": "downloaded_images/Corporation/NVIDIA_Corporation_Logo/image_20241107_100149_8.jpg",
        "conversations": [
            {
                "from": "human",
                "value": "<image>\nWhat is the name of this corporation?"
            },
            {
                "from": "gpt",
                "value": "NVIDIA Corporation"
            }
        ]
    },
    {
        "id": "54",
        "image": "downloaded_images/Corporation/NVIDIA_Corporation_Logo/image_20241107_100214_11.jpg",
        "conversations": [
            {
                "from": "human",
                "value": "<image>\nWhat is the name of this corporation?"
            },
            {
                "from": "gpt",
                "value": "NVIDIA Corporation"
            }
        ]
    },
    {
        "id": "55",
        "image": "downloaded_images/Corporation/NVIDIA_Corporation_Logo/image_20241107_100328_20.jpg",
        "conversations": [
            {
                "from": "human",
                "value": "<image>\nWhat is the name of this corporation?"
            },
            {
                "from": "gpt",
                "value": "NVIDIA Corporation"
            }
        ]
    },
    {
        "id": "56",
        "image": "downloaded_images/Corporation/NVIDIA_Corporation_Logo/image_20241107_100408_25.jpg",
        "conversations": [
            {
                "from": "human",
                "value": "<image>\nWhen was this corporation founded, and by whom?"
            },
            {
                "from": "gpt",
                "value": "NVIDIA was founded on April 5, 1993, by Jensen Huang, Chris Malachowsky, and Curtis Priem."
            }
        ]
    },
    {
        "id": "57",
        "image": "downloaded_images/Corporation/NVIDIA_Corporation_Logo/image_20241018_123944_7.jpg",
        "conversations": [
            {
                "from": "human",
                "value": "<image>\nWhen was this corporation founded, and by whom?"
            },
            {
                "from": "gpt",
                "value": "NVIDIA was founded on April 5, 1993, by Jensen Huang, Chris Malachowsky, and Curtis Priem."
            }
        ]
    },
    {
        "id": "58",
        "image": "downloaded_images/Corporation/NVIDIA_Corporation_Logo/image_20241107_100433_28.jpg",
        "conversations": [
            {
                "from": "human",
                "value": "<image>\nWhen was this corporation founded, and by whom?"
            },
            {
                "from": "gpt",
                "value": "NVIDIA was founded on April 5, 1993, by Jensen Huang, Chris Malachowsky, and Curtis Priem."
            }
        ]
    },
    {
        "id": "59",
        "image": "downloaded_images/Corporation/NVIDIA_Corporation_Logo/image_20241107_100311_18.jpg",
        "conversations": [
            {
                "from": "human",
                "value": "<image>\nWhen was this corporation founded, and by whom?"
            },
            {
                "from": "gpt",
                "value": "NVIDIA was founded on April 5, 1993, by Jensen Huang, Chris Malachowsky, and Curtis Priem."
            }
        ]
    },
    {
        "id": "60",
        "image": "downloaded_images/Corporation/NVIDIA_Corporation_Logo/image_20241107_100417_26.jpg",
        "conversations": [
            {
                "from": "human",
                "value": "<image>\nWhen was this corporation founded, and by whom?"
            },
            {
                "from": "gpt",
                "value": "NVIDIA was founded on April 5, 1993, by Jensen Huang, Chris Malachowsky, and Curtis Priem."
            }
        ]
    },
    {
        "id": "61",
        "image": "downloaded_images/Corporation/NVIDIA_Corporation_Logo/image_20241107_100246_15.jpg",
        "conversations": [
            {
                "from": "human",
                "value": "<image>\nWhere is this corporation's headquarters located?"
            },
            {
                "from": "gpt",
                "value": "NVIDIA's headquarters is located in Santa Clara, California, USA."
            }
        ]
    },
    {
        "id": "62",
        "image": "downloaded_images/Corporation/NVIDIA_Corporation_Logo/image_20241107_100024_1.jpg",
        "conversations": [
            {
                "from": "human",
                "value": "<image>\nWhere is this corporation's headquarters located?"
            },
            {
                "from": "gpt",
                "value": "NVIDIA's headquarters is located in Santa Clara, California, USA."
            }
        ]
    },
    {
        "id": "63",
        "image": "downloaded_images/Corporation/NVIDIA_Corporation_Logo/image_20241107_100303_17.jpg",
        "conversations": [
            {
                "from": "human",
                "value": "<image>\nWhere is this corporation's headquarters located?"
            },
            {
                "from": "gpt",
                "value": "NVIDIA's headquarters is located in Santa Clara, California, USA."
            }
        ]
    },
    {
        "id": "64",
        "image": "downloaded_images/Corporation/NVIDIA_Corporation_Logo/image_20241107_100319_19.jpg",
        "conversations": [
            {
                "from": "human",
                "value": "<image>\nWhere is this corporation's headquarters located?"
            },
            {
                "from": "gpt",
                "value": "NVIDIA's headquarters is located in Santa Clara, California, USA."
            }
        ]
    },
    {
        "id": "65",
        "image": "downloaded_images/Corporation/NVIDIA_Corporation_Logo/image_20241107_100417_26.jpg",
        "conversations": [
            {
                "from": "human",
                "value": "<image>\nWhere is this corporation's headquarters located?"
            },
            {
                "from": "gpt",
                "value": "NVIDIA's headquarters is located in Santa Clara, California, USA."
            }
        ]
    },
    {
        "id": "66",
        "image": "downloaded_images/Corporation/NVIDIA_Corporation_Logo/image_20241107_100132_6.jpg",
        "conversations": [
            {
                "from": "human",
                "value": "<image>\nWhat are this corporation's primary products or services?"
            },
            {
                "from": "gpt",
                "value": "NVIDIA primarily produces graphics processing units (GPUs) for gaming and professional markets, as well as system-on-a-chip units (SoCs) for mobile computing and automotive market. They also provide AI and deep learning solutions, cloud computing services, and software development tools."
            }
        ]
    },
    {
        "id": "67",
        "image": "downloaded_images/Corporation/NVIDIA_Corporation_Logo/image_20241107_100214_11.jpg",
        "conversations": [
            {
                "from": "human",
                "value": "<image>\nWhat are this corporation's primary products or services?"
            },
            {
                "from": "gpt",
                "value": "NVIDIA primarily produces graphics processing units (GPUs) for gaming and professional markets, as well as system-on-a-chip units (SoCs) for mobile computing and automotive market. They also provide AI and deep learning solutions, cloud computing services, and software development tools."
            }
        ]
    },
    {
        "id": "68",
        "image": "downloaded_images/Corporation/NVIDIA_Corporation_Logo/image_20241107_100344_22.jpg",
        "conversations": [
            {
                "from": "human",
                "value": "<image>\nWhat are this corporation's primary products or services?"
            },
            {
                "from": "gpt",
                "value": "NVIDIA primarily produces graphics processing units (GPUs) for gaming and professional markets, as well as system-on-a-chip units (SoCs) for mobile computing and automotive market. They also provide AI and deep learning solutions, cloud computing services, and software development tools."
            }
        ]
    },
    {
        "id": "69",
        "image": "downloaded_images/Corporation/NVIDIA_Corporation_Logo/image_20241018_123915_4.jpg",
        "conversations": [
            {
                "from": "human",
                "value": "<image>\nWhat are this corporation's primary products or services?"
            },
            {
                "from": "gpt",
                "value": "NVIDIA primarily produces graphics processing units (GPUs) for gaming and professional markets, as well as system-on-a-chip units (SoCs) for mobile computing and automotive market. They also provide AI and deep learning solutions, cloud computing services, and software development tools."
            }
        ]
    },
    {
        "id": "70",
        "image": "downloaded_images/Corporation/NVIDIA_Corporation_Logo/image_20241107_100149_8.jpg",
        "conversations": [
            {
                "from": "human",
                "value": "<image>\nWhat are this corporation's primary products or services?"
            },
            {
                "from": "gpt",
                "value": "NVIDIA primarily produces graphics processing units (GPUs) for gaming and professional markets, as well as system-on-a-chip units (SoCs) for mobile computing and automotive market. They also provide AI and deep learning solutions, cloud computing services, and software development tools."
            }
        ]
    },
    {
        "id": "71",
        "image": "downloaded_images/Corporation/NVIDIA_Corporation_Logo/image_20241107_100229_13.jpg",
        "conversations": [
            {
                "from": "human",
                "value": "<image>\nWhat industry does this corporation operate in?"
            },
            {
                "from": "gpt",
                "value": "NVIDIA operates in the technology industry, specifically in the sectors of semiconductor manufacturing, computer hardware, and artificial intelligence."
            }
        ]
    },
    {
        "id": "72",
        "image": "downloaded_images/Corporation/NVIDIA_Corporation_Logo/image_20241107_100433_28.jpg",
        "conversations": [
            {
                "from": "human",
                "value": "<image>\nWhat industry does this corporation operate in?"
            },
            {
                "from": "gpt",
                "value": "NVIDIA operates in the technology industry, specifically in the sectors of semiconductor manufacturing, computer hardware, and artificial intelligence."
            }
        ]
    },
    {
        "id": "73",
        "image": "downloaded_images/Corporation/NVIDIA_Corporation_Logo/image_20241107_100122_5.jpg",
        "conversations": [
            {
                "from": "human",
                "value": "<image>\nWhat industry does this corporation operate in?"
            },
            {
                "from": "gpt",
                "value": "NVIDIA operates in the technology industry, specifically in the sectors of semiconductor manufacturing, computer hardware, and artificial intelligence."
            }
        ]
    },
    {
        "id": "74",
        "image": "downloaded_images/Corporation/NVIDIA_Corporation_Logo/image_20241107_100351_23.jpg",
        "conversations": [
            {
                "from": "human",
                "value": "<image>\nWhat industry does this corporation operate in?"
            },
            {
                "from": "gpt",
                "value": "NVIDIA operates in the technology industry, specifically in the sectors of semiconductor manufacturing, computer hardware, and artificial intelligence."
            }
        ]
    },
    {
        "id": "75",
        "image": "downloaded_images/Corporation/NVIDIA_Corporation_Logo/image_20241107_100254_16.jpg",
        "conversations": [
            {
                "from": "human",
                "value": "<image>\nWhat industry does this corporation operate in?"
            },
            {
                "from": "gpt",
                "value": "NVIDIA operates in the technology industry, specifically in the sectors of semiconductor manufacturing, computer hardware, and artificial intelligence."
            }
        ]
    }
]