[
    {
        "id": "1",
        "image": "downloaded_images/Cartoon/One_Piece/image_20241018_100544_1.jpg",
        "conversations": [
            {
                "from": "human",
                "value": "<image>\nWhat is the title of this cartoon?"
            },
            {
                "from": "gpt",
                "value": "The title of this cartoon is \"One Piece.\""
            }
        ]
    },
    {
        "id": "2",
        "image": "downloaded_images/Cartoon/One_Piece/image_20241018_100714_12.jpg",
        "conversations": [
            {
                "from": "human",
                "value": "<image>\nWho created or produced this cartoon?"
            },
            {
                "from": "gpt",
                "value": "\"One Piece\" was created by Eiichiro Oda and is produced by Toei Animation."
            }
        ]
    },
    {
        "id": "3",
        "image": "downloaded_images/Cartoon/One_Piece/image_20241018_100651_9.jpg",
        "conversations": [
            {
                "from": "human",
                "value": "<image>\nWhen was this cartoon first released or aired?"
            },
            {
                "from": "gpt",
                "value": "\"One Piece\" first aired on October 20, 1999."
            }
        ]
    },
    {
        "id": "4",
        "image": "downloaded_images/Cartoon/One_Piece/image_20241018_100651_9.jpg",
        "conversations": [
            {
                "from": "human",
                "value": "<image>\nWho are the main characters in this cartoon?"
            },
            {
                "from": "gpt",
                "value": "The main characters include Monkey D. Luffy, Roronoa Zoro, Nami, Usopp, Sanji, Tony Tony Chopper, Nico Robin, Franky, Brook, and Jinbe, among others."
            }
        ]
    },
    {
        "id": "5",
        "image": "downloaded_images/Cartoon/One_Piece/image_20241018_100627_6.jpg",
        "conversations": [
            {
                "from": "human",
                "value": "<image>\nWhat is the central storyline or premise of this cartoon?"
            },
            {
                "from": "gpt",
                "value": "The central storyline of \"One Piece\" follows Monkey D. Luffy, a young pirate with the ability to stretch his body like rubber after eating a Devil Fruit. Luffy sets out on a grand adventure to find the legendary treasure known as \"One Piece\" and become the Pirate King. Along the way, he gathers a diverse crew known as the Straw Hat Pirates, faces powerful enemies, and explores various islands and seas in a world filled with pirates, marines, and fantastical creatures."
            }
        ]
    },
    {
        "id": "6",
        "image": "downloaded_images/Cartoon/One_Piece/image_20241106_152336_9.jpg",
        "conversations": [
            {
                "from": "human",
                "value": "<image>\nWhat is the title of this cartoon?"
            },
            {
                "from": "gpt",
                "value": "The title of this cartoon is \"One Piece.\""
            }
        ]
    },
    {
        "id": "7",
        "image": "downloaded_images/Cartoon/One_Piece/image_20241106_152719_30.jpg",
        "conversations": [
            {
                "from": "human",
                "value": "<image>\nWhat is the title of this cartoon?"
            },
            {
                "from": "gpt",
                "value": "The title of this cartoon is \"One Piece.\""
            }
        ]
    },
    {
        "id": "8",
        "image": "downloaded_images/Cartoon/One_Piece/image_20241106_152353_11.jpg",
        "conversations": [
            {
                "from": "human",
                "value": "<image>\nWhat is the title of this cartoon?"
            },
            {
                "from": "gpt",
                "value": "The title of this cartoon is \"One Piece.\""
            }
        ]
    },
    {
        "id": "9",
        "image": "downloaded_images/Cartoon/One_Piece/image_20241106_152633_26.jpg",
        "conversations": [
            {
                "from": "human",
                "value": "<image>\nWhat is the title of this cartoon?"
            },
            {
                "from": "gpt",
                "value": "The title of this cartoon is \"One Piece.\""
            }
        ]
    },
    {
        "id": "10",
        "image": "downloaded_images/Cartoon/One_Piece/image_20241106_152529_19.jpg",
        "conversations": [
            {
                "from": "human",
                "value": "<image>\nWhat is the title of this cartoon?"
            },
            {
                "from": "gpt",
                "value": "The title of this cartoon is \"One Piece.\""
            }
        ]
    },
    {
        "id": "11",
        "image": "downloaded_images/Cartoon/One_Piece/image_20241106_152353_11.jpg",
        "conversations": [
            {
                "from": "human",
                "value": "<image>\nWho created or produced this cartoon?"
            },
            {
                "from": "gpt",
                "value": "\"One Piece\" was created by Eiichiro Oda and is produced by Toei Animation."
            }
        ]
    },
    {
        "id": "12",
        "image": "downloaded_images/Cartoon/One_Piece/image_20241018_100641_8.jpg",
        "conversations": [
            {
                "from": "human",
                "value": "<image>\nWho created or produced this cartoon?"
            },
            {
                "from": "gpt",
                "value": "\"One Piece\" was created by Eiichiro Oda and is produced by Toei Animation."
            }
        ]
    },
    {
        "id": "13",
        "image": "downloaded_images/Cartoon/One_Piece/image_20241106_152501_16.jpg",
        "conversations": [
            {
                "from": "human",
                "value": "<image>\nWho created or produced this cartoon?"
            },
            {
                "from": "gpt",
                "value": "\"One Piece\" was created by Eiichiro Oda and is produced by Toei Animation."
            }
        ]
    },
    {
        "id": "14",
        "image": "downloaded_images/Cartoon/One_Piece/image_20241106_152443_14.jpg",
        "conversations": [
            {
                "from": "human",
                "value": "<image>\nWho created or produced this cartoon?"
            },
            {
                "from": "gpt",
                "value": "\"One Piece\" was created by Eiichiro Oda and is produced by Toei Animation."
            }
        ]
    },
    {
        "id": "15",
        "image": "downloaded_images/Cartoon/One_Piece/image_20241018_100617_5.jpg",
        "conversations": [
            {
                "from": "human",
                "value": "<image>\nWho created or produced this cartoon?"
            },
            {
                "from": "gpt",
                "value": "\"One Piece\" was created by Eiichiro Oda and is produced by Toei Animation."
            }
        ]
    },
    {
        "id": "16",
        "image": "downloaded_images/Cartoon/One_Piece/image_20241018_100627_6.jpg",
        "conversations": [
            {
                "from": "human",
                "value": "<image>\nWhen was this cartoon first released or aired?"
            },
            {
                "from": "gpt",
                "value": "\"One Piece\" first aired on October 20, 1999."
            }
        ]
    },
    {
        "id": "17",
        "image": "downloaded_images/Cartoon/One_Piece/image_20241106_152557_22.jpg",
        "conversations": [
            {
                "from": "human",
                "value": "<image>\nWhen was this cartoon first released or aired?"
            },
            {
                "from": "gpt",
                "value": "\"One Piece\" first aired on October 20, 1999."
            }
        ]
    },
    {
        "id": "18",
        "image": "downloaded_images/Cartoon/One_Piece/image_20241106_152336_9.jpg",
        "conversations": [
            {
                "from": "human",
                "value": "<image>\nWhen was this cartoon first released or aired?"
            },
            {
                "from": "gpt",
                "value": "\"One Piece\" first aired on October 20, 1999."
            }
        ]
    },
    {
        "id": "19",
        "image": "downloaded_images/Cartoon/One_Piece/image_20241106_152624_25.jpg",
        "conversations": [
            {
                "from": "human",
                "value": "<image>\nWhen was this cartoon first released or aired?"
            },
            {
                "from": "gpt",
                "value": "\"One Piece\" first aired on October 20, 1999."
            }
        ]
    },
    {
        "id": "20",
        "image": "downloaded_images/Cartoon/One_Piece/image_20241018_100658_10.jpg",
        "conversations": [
            {
                "from": "human",
                "value": "<image>\nWhen was this cartoon first released or aired?"
            },
            {
                "from": "gpt",
                "value": "\"One Piece\" first aired on October 20, 1999."
            }
        ]
    },
    {
        "id": "21",
        "image": "downloaded_images/Cartoon/One_Piece/image_20241106_152344_10.jpg",
        "conversations": [
            {
                "from": "human",
                "value": "<image>\nWho are the main characters in this cartoon?"
            },
            {
                "from": "gpt",
                "value": "The main characters include Monkey D. Luffy, Roronoa Zoro, Nami, Usopp, Sanji, Tony Tony Chopper, Nico Robin, Franky, Brook, and Jinbe, among others."
            }
        ]
    },
    {
        "id": "22",
        "image": "downloaded_images/Cartoon/One_Piece/image_20241106_152537_20.jpg",
        "conversations": [
            {
                "from": "human",
                "value": "<image>\nWho are the main characters in this cartoon?"
            },
            {
                "from": "gpt",
                "value": "The main characters include Monkey D. Luffy, Roronoa Zoro, Nami, Usopp, Sanji, Tony Tony Chopper, Nico Robin, Franky, Brook, and Jinbe, among others."
            }
        ]
    },
    {
        "id": "23",
        "image": "downloaded_images/Cartoon/One_Piece/image_20241018_100544_1.jpg",
        "conversations": [
            {
                "from": "human",
                "value": "<image>\nWho are the main characters in this cartoon?"
            },
            {
                "from": "gpt",
                "value": "The main characters include Monkey D. Luffy, Roronoa Zoro, Nami, Usopp, Sanji, Tony Tony Chopper, Nico Robin, Franky, Brook, and Jinbe, among others."
            }
        ]
    },
    {
        "id": "24",
        "image": "downloaded_images/Cartoon/One_Piece/image_20241106_152434_13.jpg",
        "conversations": [
            {
                "from": "human",
                "value": "<image>\nWho are the main characters in this cartoon?"
            },
            {
                "from": "gpt",
                "value": "The main characters include Monkey D. Luffy, Roronoa Zoro, Nami, Usopp, Sanji, Tony Tony Chopper, Nico Robin, Franky, Brook, and Jinbe, among others."
            }
        ]
    },
    {
        "id": "25",
        "image": "downloaded_images/Cartoon/One_Piece/image_20241106_152229_2.jpg",
        "conversations": [
            {
                "from": "human",
                "value": "<image>\nWho are the main characters in this cartoon?"
            },
            {
                "from": "gpt",
                "value": "The main characters include Monkey D. Luffy, Roronoa Zoro, Nami, Usopp, Sanji, Tony Tony Chopper, Nico Robin, Franky, Brook, and Jinbe, among others."
            }
        ]
    },
    {
        "id": "26",
        "image": "downloaded_images/Cartoon/One_Piece/image_20241018_100544_1.jpg",
        "conversations": [
            {
                "from": "human",
                "value": "<image>\nWhat is the central storyline or premise of this cartoon?"
            },
            {
                "from": "gpt",
                "value": "The central storyline of \"One Piece\" follows Monkey D. Luffy, a young pirate with the ability to stretch his body like rubber after eating a Devil Fruit. Luffy sets out on a grand adventure to find the legendary treasure known as \"One Piece\" and become the Pirate King. Along the way, he gathers a diverse crew known as the Straw Hat Pirates, faces powerful enemies, and explores various islands and seas in a world filled with pirates, marines, and fantastical creatures."
            }
        ]
    },
    {
        "id": "27",
        "image": "downloaded_images/Cartoon/One_Piece/image_20241106_152248_4.jpg",
        "conversations": [
            {
                "from": "human",
                "value": "<image>\nWhat is the central storyline or premise of this cartoon?"
            },
            {
                "from": "gpt",
                "value": "The central storyline of \"One Piece\" follows Monkey D. Luffy, a young pirate with the ability to stretch his body like rubber after eating a Devil Fruit. Luffy sets out on a grand adventure to find the legendary treasure known as \"One Piece\" and become the Pirate King. Along the way, he gathers a diverse crew known as the Straw Hat Pirates, faces powerful enemies, and explores various islands and seas in a world filled with pirates, marines, and fantastical creatures."
            }
        ]
    },
    {
        "id": "28",
        "image": "downloaded_images/Cartoon/One_Piece/image_20241106_152606_23.jpg",
        "conversations": [
            {
                "from": "human",
                "value": "<image>\nWhat is the central storyline or premise of this cartoon?"
            },
            {
                "from": "gpt",
                "value": "The central storyline of \"One Piece\" follows Monkey D. Luffy, a young pirate with the ability to stretch his body like rubber after eating a Devil Fruit. Luffy sets out on a grand adventure to find the legendary treasure known as \"One Piece\" and become the Pirate King. Along the way, he gathers a diverse crew known as the Straw Hat Pirates, faces powerful enemies, and explores various islands and seas in a world filled with pirates, marines, and fantastical creatures."
            }
        ]
    },
    {
        "id": "29",
        "image": "downloaded_images/Cartoon/One_Piece/image_20241106_152520_18.jpg",
        "conversations": [
            {
                "from": "human",
                "value": "<image>\nWhat is the central storyline or premise of this cartoon?"
            },
            {
                "from": "gpt",
                "value": "The central storyline of \"One Piece\" follows Monkey D. Luffy, a young pirate with the ability to stretch his body like rubber after eating a Devil Fruit. Luffy sets out on a grand adventure to find the legendary treasure known as \"One Piece\" and become the Pirate King. Along the way, he gathers a diverse crew known as the Straw Hat Pirates, faces powerful enemies, and explores various islands and seas in a world filled with pirates, marines, and fantastical creatures."
            }
        ]
    },
    {
        "id": "30",
        "image": "downloaded_images/Cartoon/One_Piece/image_20241106_152645_27.jpg",
        "conversations": [
            {
                "from": "human",
                "value": "<image>\nWhat is the central storyline or premise of this cartoon?"
            },
            {
                "from": "gpt",
                "value": "The central storyline of \"One Piece\" follows Monkey D. Luffy, a young pirate with the ability to stretch his body like rubber after eating a Devil Fruit. Luffy sets out on a grand adventure to find the legendary treasure known as \"One Piece\" and become the Pirate King. Along the way, he gathers a diverse crew known as the Straw Hat Pirates, faces powerful enemies, and explores various islands and seas in a world filled with pirates, marines, and fantastical creatures."
            }
        ]
    }
]