[
    {
        "id": "8",
        "image": "downloaded_images/Buildings/Oriental_Pearl_Tower/image_20241017_211154_1.jpg",
        "conversations": [
            {
                "from": "human",
                "value": "<image>\nWhat is the name of this building?"
            },
            {
                "from": "gpt",
                "value": "The name of this building is the Oriental Pearl Tower."
            }
        ]
    },
    {
        "id": "9",
        "image": "downloaded_images/Buildings/Oriental_Pearl_Tower/image_20241017_211154_1.jpg",
        "conversations": [
            {
                "from": "human",
                "value": "<image>\nWhat was the original purpose of the building?"
            },
            {
                "from": "gpt",
                "value": "The original purpose of the Oriental Pearl Tower was to serve as a television and radio broadcasting tower."
            }
        ]
    },
    {
        "id": "10",
        "image": "downloaded_images/Buildings/Oriental_Pearl_Tower/image_20241106_113424_25.jpg",
        "conversations": [
            {
                "from": "human",
                "value": "<image>\nWhat is the name of this building?"
            },
            {
                "from": "gpt",
                "value": "The name of this building is the Oriental Pearl Tower."
            }
        ]
    },
    {
        "id": "11",
        "image": "downloaded_images/Buildings/Oriental_Pearl_Tower/image_20241017_211637_20.jpg",
        "conversations": [
            {
                "from": "human",
                "value": "<image>\nWhat is the name of this building?"
            },
            {
                "from": "gpt",
                "value": "The name of this building is the Oriental Pearl Tower."
            }
        ]
    },
    {
        "id": "12",
        "image": "downloaded_images/Buildings/Oriental_Pearl_Tower/image_20241017_211424_11.jpg",
        "conversations": [
            {
                "from": "human",
                "value": "<image>\nWhat is the name of this building?"
            },
            {
                "from": "gpt",
                "value": "The name of this building is the Oriental Pearl Tower."
            }
        ]
    },
    {
        "id": "13",
        "image": "downloaded_images/Buildings/Oriental_Pearl_Tower/image_20241106_113443_27.jpg",
        "conversations": [
            {
                "from": "human",
                "value": "<image>\nWhat is the name of this building?"
            },
            {
                "from": "gpt",
                "value": "The name of this building is the Oriental Pearl Tower."
            }
        ]
    },
    {
        "id": "14",
        "image": "downloaded_images/Buildings/Oriental_Pearl_Tower/image_20241106_113452_28.jpg",
        "conversations": [
            {
                "from": "human",
                "value": "<image>\nWhat is the name of this building?"
            },
            {
                "from": "gpt",
                "value": "The name of this building is the Oriental Pearl Tower."
            }
        ]
    },
    {
        "id": "15",
        "image": "downloaded_images/Buildings/Oriental_Pearl_Tower/image_20241106_113434_26.jpg",
        "conversations": [
            {
                "from": "human",
                "value": "<image>\nWhat was the original purpose of the building?"
            },
            {
                "from": "gpt",
                "value": "The original purpose of the Oriental Pearl Tower was to serve as a television and radio broadcasting tower."
            }
        ]
    },
    {
        "id": "16",
        "image": "downloaded_images/Buildings/Oriental_Pearl_Tower/image_20241017_211245_3.jpg",
        "conversations": [
            {
                "from": "human",
                "value": "<image>\nWhat was the original purpose of the building?"
            },
            {
                "from": "gpt",
                "value": "The original purpose of the Oriental Pearl Tower was to serve as a television and radio broadcasting tower."
            }
        ]
    },
    {
        "id": "17",
        "image": "downloaded_images/Buildings/Oriental_Pearl_Tower/image_20241017_211424_11.jpg",
        "conversations": [
            {
                "from": "human",
                "value": "<image>\nWhat was the original purpose of the building?"
            },
            {
                "from": "gpt",
                "value": "The original purpose of the Oriental Pearl Tower was to serve as a television and radio broadcasting tower."
            }
        ]
    },
    {
        "id": "18",
        "image": "downloaded_images/Buildings/Oriental_Pearl_Tower/image_20241106_113310_19.jpg",
        "conversations": [
            {
                "from": "human",
                "value": "<image>\nWhat was the original purpose of the building?"
            },
            {
                "from": "gpt",
                "value": "The original purpose of the Oriental Pearl Tower was to serve as a television and radio broadcasting tower."
            }
        ]
    },
    {
        "id": "19",
        "image": "downloaded_images/Buildings/Oriental_Pearl_Tower/image_20241106_113414_24.jpg",
        "conversations": [
            {
                "from": "human",
                "value": "<image>\nWhat was the original purpose of the building?"
            },
            {
                "from": "gpt",
                "value": "The original purpose of the Oriental Pearl Tower was to serve as a television and radio broadcasting tower."
            }
        ]
    }
]