[
    {
        "id": "30",
        "image": "downloaded_images/Cartoon/Pokémon/image_20241018_110654_1.jpg",
        "conversations": [
            {
                "from": "human",
                "value": "<image>\nWhat is the title of this cartoon?"
            },
            {
                "from": "gpt",
                "value": "The title of the cartoon is \"Pok鑼卪on.\""
            }
        ]
    },
    {
        "id": "31",
        "image": "downloaded_images/Cartoon/Pokémon/image_20241018_110654_1.jpg",
        "conversations": [
            {
                "from": "human",
                "value": "<image>\nWho created or produced this cartoon?"
            },
            {
                "from": "gpt",
                "value": "\"Pok鑼卪on\" was created by Satoshi Tajiri and Ken Sugimori, and it is produced by OLM, Inc. (formerly known as Shogakukan Productions)."
            }
        ]
    },
    {
        "id": "32",
        "image": "downloaded_images/Cartoon/Pokémon/image_20241018_110822_9.jpg",
        "conversations": [
            {
                "from": "human",
                "value": "<image>\nWhen was this cartoon first released or aired?"
            },
            {
                "from": "gpt",
                "value": "The Pok鑼卪on anime first aired in Japan on April 1, 1997."
            }
        ]
    },
    {
        "id": "33",
        "image": "downloaded_images/Cartoon/Pokémon/image_20241018_110822_9.jpg",
        "conversations": [
            {
                "from": "human",
                "value": "<image>\nWho are the main characters in this cartoon?"
            },
            {
                "from": "gpt",
                "value": "The main characters include Ash Ketchum (Satoshi in Japan), Pikachu, Misty (Kasumi), and Brock (Takeshi). Other recurring characters include Team Rocket members Jessie, James, and Meowth."
            }
        ]
    },
    {
        "id": "34",
        "image": "downloaded_images/Cartoon/Pokémon/image_20241018_110654_1.jpg",
        "conversations": [
            {
                "from": "human",
                "value": "<image>\nWhat is the central storyline or premise of this cartoon?"
            },
            {
                "from": "gpt",
                "value": "The central storyline follows Ash Ketchum, a Pok鑼卪on Trainer, as he travels through various regions to become a Pok鑼卪on Master. Along the way, he captures and trains Pok鑼卪on, competes in battles, and participates in Pok鑼卪on Leagues, all while encountering friends, rivals, and the villainous Team Rocket. The series emphasizes themes of friendship, adventure, and the bond between trainers and their Pok鑼卪on."
            }
        ]
    },
    {
        "id": "35",
        "image": "downloaded_images/Cartoon/Pokémon/image_20241018_110911_15.jpg",
        "conversations": [
            {
                "from": "human",
                "value": "<image>\nWhat is the title of this cartoon?"
            },
            {
                "from": "gpt",
                "value": "The title of the cartoon is \"Pok鑼卪on.\""
            }
        ]
    },
    {
        "id": "36",
        "image": "downloaded_images/Cartoon/Pokémon/image_20241106_161613_19.jpg",
        "conversations": [
            {
                "from": "human",
                "value": "<image>\nWhat is the title of this cartoon?"
            },
            {
                "from": "gpt",
                "value": "The title of the cartoon is \"Pok鑼卪on.\""
            }
        ]
    },
    {
        "id": "37",
        "image": "downloaded_images/Cartoon/Pokémon/image_20241106_161405_7.jpg",
        "conversations": [
            {
                "from": "human",
                "value": "<image>\nWhat is the title of this cartoon?"
            },
            {
                "from": "gpt",
                "value": "The title of the cartoon is \"Pok鑼卪on.\""
            }
        ]
    },
    {
        "id": "38",
        "image": "downloaded_images/Cartoon/Pokémon/image_20241107_215538_22.jpg",
        "conversations": [
            {
                "from": "human",
                "value": "<image>\nWhat is the title of this cartoon?"
            },
            {
                "from": "gpt",
                "value": "The title of the cartoon is \"Pok鑼卪on.\""
            }
        ]
    },
    {
        "id": "39",
        "image": "downloaded_images/Cartoon/Pokémon/image_20241106_161443_11.jpg",
        "conversations": [
            {
                "from": "human",
                "value": "<image>\nWhat is the title of this cartoon?"
            },
            {
                "from": "gpt",
                "value": "The title of the cartoon is \"Pok鑼卪on.\""
            }
        ]
    },
    {
        "id": "40",
        "image": "downloaded_images/Cartoon/Pokémon/image_20241107_215255_5.jpg",
        "conversations": [
            {
                "from": "human",
                "value": "<image>\nWho created or produced this cartoon?"
            },
            {
                "from": "gpt",
                "value": "\"Pok鑼卪on\" was created by Satoshi Tajiri and Ken Sugimori, and it is produced by OLM, Inc. (formerly known as Shogakukan Productions)."
            }
        ]
    },
    {
        "id": "41",
        "image": "downloaded_images/Cartoon/Pokémon/image_20241106_161357_6.jpg",
        "conversations": [
            {
                "from": "human",
                "value": "<image>\nWho created or produced this cartoon?"
            },
            {
                "from": "gpt",
                "value": "\"Pok鑼卪on\" was created by Satoshi Tajiri and Ken Sugimori, and it is produced by OLM, Inc. (formerly known as Shogakukan Productions)."
            }
        ]
    },
    {
        "id": "42",
        "image": "downloaded_images/Cartoon/Pokémon/image_20241106_161311_1.jpg",
        "conversations": [
            {
                "from": "human",
                "value": "<image>\nWho created or produced this cartoon?"
            },
            {
                "from": "gpt",
                "value": "\"Pok鑼卪on\" was created by Satoshi Tajiri and Ken Sugimori, and it is produced by OLM, Inc. (formerly known as Shogakukan Productions)."
            }
        ]
    },
    {
        "id": "43",
        "image": "downloaded_images/Cartoon/Pokémon/image_20241106_161702_22.jpg",
        "conversations": [
            {
                "from": "human",
                "value": "<image>\nWho created or produced this cartoon?"
            },
            {
                "from": "gpt",
                "value": "\"Pok鑼卪on\" was created by Satoshi Tajiri and Ken Sugimori, and it is produced by OLM, Inc. (formerly known as Shogakukan Productions)."
            }
        ]
    },
    {
        "id": "44",
        "image": "downloaded_images/Cartoon/Pokémon/image_20241106_161348_5.jpg",
        "conversations": [
            {
                "from": "human",
                "value": "<image>\nWho created or produced this cartoon?"
            },
            {
                "from": "gpt",
                "value": "\"Pok鑼卪on\" was created by Satoshi Tajiri and Ken Sugimori, and it is produced by OLM, Inc. (formerly known as Shogakukan Productions)."
            }
        ]
    },
    {
        "id": "45",
        "image": "downloaded_images/Cartoon/Pokémon/image_20241107_215420_14.jpg",
        "conversations": [
            {
                "from": "human",
                "value": "<image>\nWhen was this cartoon first released or aired?"
            },
            {
                "from": "gpt",
                "value": "The Pok鑼卪on anime first aired in Japan on April 1, 1997."
            }
        ]
    },
    {
        "id": "46",
        "image": "downloaded_images/Cartoon/Pokémon/image_20241107_215412_13.jpg",
        "conversations": [
            {
                "from": "human",
                "value": "<image>\nWhen was this cartoon first released or aired?"
            },
            {
                "from": "gpt",
                "value": "The Pok鑼卪on anime first aired in Japan on April 1, 1997."
            }
        ]
    },
    {
        "id": "47",
        "image": "downloaded_images/Cartoon/Pokémon/image_20241106_161803_29.jpg",
        "conversations": [
            {
                "from": "human",
                "value": "<image>\nWhen was this cartoon first released or aired?"
            },
            {
                "from": "gpt",
                "value": "The Pok鑼卪on anime first aired in Japan on April 1, 1997."
            }
        ]
    },
    {
        "id": "48",
        "image": "downloaded_images/Cartoon/Pokémon/image_20241106_161738_26.jpg",
        "conversations": [
            {
                "from": "human",
                "value": "<image>\nWhen was this cartoon first released or aired?"
            },
            {
                "from": "gpt",
                "value": "The Pok鑼卪on anime first aired in Japan on April 1, 1997."
            }
        ]
    },
    {
        "id": "49",
        "image": "downloaded_images/Cartoon/Pokémon/image_20241107_215509_19.jpg",
        "conversations": [
            {
                "from": "human",
                "value": "<image>\nWhen was this cartoon first released or aired?"
            },
            {
                "from": "gpt",
                "value": "The Pok鑼卪on anime first aired in Japan on April 1, 1997."
            }
        ]
    },
    {
        "id": "50",
        "image": "downloaded_images/Cartoon/Pokémon/image_20241106_161311_1.jpg",
        "conversations": [
            {
                "from": "human",
                "value": "<image>\nWho are the main characters in this cartoon?"
            },
            {
                "from": "gpt",
                "value": "The main characters include Ash Ketchum (Satoshi in Japan), Pikachu, Misty (Kasumi), and Brock (Takeshi). Other recurring characters include Team Rocket members Jessie, James, and Meowth."
            }
        ]
    },
    {
        "id": "51",
        "image": "downloaded_images/Cartoon/Pokémon/image_20241018_110911_15.jpg",
        "conversations": [
            {
                "from": "human",
                "value": "<image>\nWho are the main characters in this cartoon?"
            },
            {
                "from": "gpt",
                "value": "The main characters include Ash Ketchum (Satoshi in Japan), Pikachu, Misty (Kasumi), and Brock (Takeshi). Other recurring characters include Team Rocket members Jessie, James, and Meowth."
            }
        ]
    },
    {
        "id": "52",
        "image": "downloaded_images/Cartoon/Pokémon/image_20241107_215412_13.jpg",
        "conversations": [
            {
                "from": "human",
                "value": "<image>\nWho are the main characters in this cartoon?"
            },
            {
                "from": "gpt",
                "value": "The main characters include Ash Ketchum (Satoshi in Japan), Pikachu, Misty (Kasumi), and Brock (Takeshi). Other recurring characters include Team Rocket members Jessie, James, and Meowth."
            }
        ]
    },
    {
        "id": "53",
        "image": "downloaded_images/Cartoon/Pokémon/image_20241106_161719_24.jpg",
        "conversations": [
            {
                "from": "human",
                "value": "<image>\nWho are the main characters in this cartoon?"
            },
            {
                "from": "gpt",
                "value": "The main characters include Ash Ketchum (Satoshi in Japan), Pikachu, Misty (Kasumi), and Brock (Takeshi). Other recurring characters include Team Rocket members Jessie, James, and Meowth."
            }
        ]
    },
    {
        "id": "54",
        "image": "downloaded_images/Cartoon/Pokémon/image_20241106_161604_18.jpg",
        "conversations": [
            {
                "from": "human",
                "value": "<image>\nWho are the main characters in this cartoon?"
            },
            {
                "from": "gpt",
                "value": "The main characters include Ash Ketchum (Satoshi in Japan), Pikachu, Misty (Kasumi), and Brock (Takeshi). Other recurring characters include Team Rocket members Jessie, James, and Meowth."
            }
        ]
    },
    {
        "id": "55",
        "image": "downloaded_images/Cartoon/Pokémon/image_20241107_215157_1.jpg",
        "conversations": [
            {
                "from": "human",
                "value": "<image>\nWhat is the central storyline or premise of this cartoon?"
            },
            {
                "from": "gpt",
                "value": "The central storyline follows Ash Ketchum, a Pok鑼卪on Trainer, as he travels through various regions to become a Pok鑼卪on Master. Along the way, he captures and trains Pok鑼卪on, competes in battles, and participates in Pok鑼卪on Leagues, all while encountering friends, rivals, and the villainous Team Rocket. The series emphasizes themes of friendship, adventure, and the bond between trainers and their Pok鑼卪on."
            }
        ]
    },
    {
        "id": "56",
        "image": "downloaded_images/Cartoon/Pokémon/image_20241107_215429_15.jpg",
        "conversations": [
            {
                "from": "human",
                "value": "<image>\nWhat is the central storyline or premise of this cartoon?"
            },
            {
                "from": "gpt",
                "value": "The central storyline follows Ash Ketchum, a Pok鑼卪on Trainer, as he travels through various regions to become a Pok鑼卪on Master. Along the way, he captures and trains Pok鑼卪on, competes in battles, and participates in Pok鑼卪on Leagues, all while encountering friends, rivals, and the villainous Team Rocket. The series emphasizes themes of friendship, adventure, and the bond between trainers and their Pok鑼卪on."
            }
        ]
    },
    {
        "id": "57",
        "image": "downloaded_images/Cartoon/Pokémon/image_20241106_161755_28.jpg",
        "conversations": [
            {
                "from": "human",
                "value": "<image>\nWhat is the central storyline or premise of this cartoon?"
            },
            {
                "from": "gpt",
                "value": "The central storyline follows Ash Ketchum, a Pok鑼卪on Trainer, as he travels through various regions to become a Pok鑼卪on Master. Along the way, he captures and trains Pok鑼卪on, competes in battles, and participates in Pok鑼卪on Leagues, all while encountering friends, rivals, and the villainous Team Rocket. The series emphasizes themes of friendship, adventure, and the bond between trainers and their Pok鑼卪on."
            }
        ]
    },
    {
        "id": "58",
        "image": "downloaded_images/Cartoon/Pokémon/image_20241107_215520_20.jpg",
        "conversations": [
            {
                "from": "human",
                "value": "<image>\nWhat is the central storyline or premise of this cartoon?"
            },
            {
                "from": "gpt",
                "value": "The central storyline follows Ash Ketchum, a Pok鑼卪on Trainer, as he travels through various regions to become a Pok鑼卪on Master. Along the way, he captures and trains Pok鑼卪on, competes in battles, and participates in Pok鑼卪on Leagues, all while encountering friends, rivals, and the villainous Team Rocket. The series emphasizes themes of friendship, adventure, and the bond between trainers and their Pok鑼卪on."
            }
        ]
    },
    {
        "id": "59",
        "image": "downloaded_images/Cartoon/Pokémon/image_20241018_110904_14.jpg",
        "conversations": [
            {
                "from": "human",
                "value": "<image>\nWhat is the central storyline or premise of this cartoon?"
            },
            {
                "from": "gpt",
                "value": "The central storyline follows Ash Ketchum, a Pok鑼卪on Trainer, as he travels through various regions to become a Pok鑼卪on Master. Along the way, he captures and trains Pok鑼卪on, competes in battles, and participates in Pok鑼卪on Leagues, all while encountering friends, rivals, and the villainous Team Rocket. The series emphasizes themes of friendship, adventure, and the bond between trainers and their Pok鑼卪on."
            }
        ]
    }
]