[
    {
        "id": "61",
        "image": "downloaded_images/Personage/Queen_Elizabeth_Ⅱ/image_20241018_221616_2.jpg",
        "conversations": [
            {
                "from": "human",
                "value": "<image>\nWhat is this person's name?"
            },
            {
                "from": "gpt",
                "value": "Queen Elizabeth II"
            }
        ]
    },
    {
        "id": "62",
        "image": "downloaded_images/Personage/Queen_Elizabeth_Ⅱ/image_20241018_221818_15.jpg",
        "conversations": [
            {
                "from": "human",
                "value": "<image>\nWhen and where was this person born?"
            },
            {
                "from": "gpt",
                "value": "Queen Elizabeth II was born on April 21, 1926, in London, England."
            }
        ]
    },
    {
        "id": "63",
        "image": "downloaded_images/Personage/Queen_Elizabeth_Ⅱ/image_20241018_221826_16.jpg",
        "conversations": [
            {
                "from": "human",
                "value": "<image>\nWhat is this person's profession?"
            },
            {
                "from": "gpt",
                "value": "Queen Elizabeth II was a monarch, serving as the Queen of the United Kingdom and other Commonwealth realms."
            }
        ]
    },
    {
        "id": "64",
        "image": "downloaded_images/Personage/Queen_Elizabeth_Ⅱ/image_20241018_221603_1.jpg",
        "conversations": [
            {
                "from": "human",
                "value": "<image>\nWhat are the famous works or achievements of this person?"
            },
            {
                "from": "gpt",
                "value": "Queen Elizabeth II is known for her long reign, which lasted from February 6, 1952, until her death on September 8, 2022. She was the longest-reigning monarch in British history. Her achievements include overseeing significant changes in the monarchy, such as modernization efforts, and playing a key role in the Commonwealth's development. She also celebrated numerous milestones, including her Silver, Golden, Diamond, and Platinum Jubilees."
            }
        ]
    },
    {
        "id": "65",
        "image": "downloaded_images/Personage/Queen_Elizabeth_Ⅱ/image_20241018_221845_18.jpg",
        "conversations": [
            {
                "from": "human",
                "value": "<image>\nWhat contributions has this person made to society or industry?"
            },
            {
                "from": "gpt",
                "value": "Queen Elizabeth II contributed to society by promoting national unity and stability during times of change and uncertainty. She was a symbol of continuity and tradition, fostering a sense of national identity. Her reign saw the decolonization of Africa and the Caribbean, and she played a role in strengthening the Commonwealth. Additionally, she supported numerous charities and organizations, contributing to various social causes, including education, health, and the arts."
            }
        ]
    },
    {
        "id": "66",
        "image": "downloaded_images/Personage/Queen_Elizabeth_Ⅱ/image_20241108_101715_14.jpg",
        "conversations": [
            {
                "from": "human",
                "value": "<image>\nWhat is this person's name?"
            },
            {
                "from": "gpt",
                "value": "Queen Elizabeth II"
            }
        ]
    },
    {
        "id": "67",
        "image": "downloaded_images/Personage/Queen_Elizabeth_Ⅱ/image_20241018_221632_4.jpg",
        "conversations": [
            {
                "from": "human",
                "value": "<image>\nWhat is this person's name?"
            },
            {
                "from": "gpt",
                "value": "Queen Elizabeth II"
            }
        ]
    },
    {
        "id": "68",
        "image": "downloaded_images/Personage/Queen_Elizabeth_Ⅱ/image_20241108_101846_24.jpg",
        "conversations": [
            {
                "from": "human",
                "value": "<image>\nWhat is this person's name?"
            },
            {
                "from": "gpt",
                "value": "Queen Elizabeth II"
            }
        ]
    },
    {
        "id": "69",
        "image": "downloaded_images/Personage/Queen_Elizabeth_Ⅱ/image_20241107_181732_11.jpg",
        "conversations": [
            {
                "from": "human",
                "value": "<image>\nWhat is this person's name?"
            },
            {
                "from": "gpt",
                "value": "Queen Elizabeth II"
            }
        ]
    },
    {
        "id": "70",
        "image": "downloaded_images/Personage/Queen_Elizabeth_Ⅱ/image_20241107_181853_20.jpg",
        "conversations": [
            {
                "from": "human",
                "value": "<image>\nWhat is this person's name?"
            },
            {
                "from": "gpt",
                "value": "Queen Elizabeth II"
            }
        ]
    },
    {
        "id": "71",
        "image": "downloaded_images/Personage/Queen_Elizabeth_Ⅱ/image_20241107_181934_25.jpg",
        "conversations": [
            {
                "from": "human",
                "value": "<image>\nWhen and where was this person born?"
            },
            {
                "from": "gpt",
                "value": "Queen Elizabeth II was born on April 21, 1926, in London, England."
            }
        ]
    },
    {
        "id": "72",
        "image": "downloaded_images/Personage/Queen_Elizabeth_Ⅱ/image_20241107_181901_21.jpg",
        "conversations": [
            {
                "from": "human",
                "value": "<image>\nWhen and where was this person born?"
            },
            {
                "from": "gpt",
                "value": "Queen Elizabeth II was born on April 21, 1926, in London, England."
            }
        ]
    },
    {
        "id": "73",
        "image": "downloaded_images/Personage/Queen_Elizabeth_Ⅱ/image_20241018_221632_4.jpg",
        "conversations": [
            {
                "from": "human",
                "value": "<image>\nWhen and where was this person born?"
            },
            {
                "from": "gpt",
                "value": "Queen Elizabeth II was born on April 21, 1926, in London, England."
            }
        ]
    },
    {
        "id": "74",
        "image": "downloaded_images/Personage/Queen_Elizabeth_Ⅱ/image_20241108_101923_28.jpg",
        "conversations": [
            {
                "from": "human",
                "value": "<image>\nWhen and where was this person born?"
            },
            {
                "from": "gpt",
                "value": "Queen Elizabeth II was born on April 21, 1926, in London, England."
            }
        ]
    },
    {
        "id": "75",
        "image": "downloaded_images/Personage/Queen_Elizabeth_Ⅱ/image_20241108_101602_8.jpg",
        "conversations": [
            {
                "from": "human",
                "value": "<image>\nWhen and where was this person born?"
            },
            {
                "from": "gpt",
                "value": "Queen Elizabeth II was born on April 21, 1926, in London, England."
            }
        ]
    },
    {
        "id": "76",
        "image": "downloaded_images/Personage/Queen_Elizabeth_Ⅱ/image_20241107_181934_25.jpg",
        "conversations": [
            {
                "from": "human",
                "value": "<image>\nWhat is this person's profession?"
            },
            {
                "from": "gpt",
                "value": "Queen Elizabeth II was a monarch, serving as the Queen of the United Kingdom and other Commonwealth realms."
            }
        ]
    },
    {
        "id": "77",
        "image": "downloaded_images/Personage/Queen_Elizabeth_Ⅱ/image_20241108_101554_7.jpg",
        "conversations": [
            {
                "from": "human",
                "value": "<image>\nWhat is this person's profession?"
            },
            {
                "from": "gpt",
                "value": "Queen Elizabeth II was a monarch, serving as the Queen of the United Kingdom and other Commonwealth realms."
            }
        ]
    },
    {
        "id": "78",
        "image": "downloaded_images/Personage/Queen_Elizabeth_Ⅱ/image_20241107_181836_18.jpg",
        "conversations": [
            {
                "from": "human",
                "value": "<image>\nWhat is this person's profession?"
            },
            {
                "from": "gpt",
                "value": "Queen Elizabeth II was a monarch, serving as the Queen of the United Kingdom and other Commonwealth realms."
            }
        ]
    },
    {
        "id": "79",
        "image": "downloaded_images/Personage/Queen_Elizabeth_Ⅱ/image_20241108_101543_6.jpg",
        "conversations": [
            {
                "from": "human",
                "value": "<image>\nWhat is this person's profession?"
            },
            {
                "from": "gpt",
                "value": "Queen Elizabeth II was a monarch, serving as the Queen of the United Kingdom and other Commonwealth realms."
            }
        ]
    },
    {
        "id": "80",
        "image": "downloaded_images/Personage/Queen_Elizabeth_Ⅱ/image_20241018_221616_2.jpg",
        "conversations": [
            {
                "from": "human",
                "value": "<image>\nWhat is this person's profession?"
            },
            {
                "from": "gpt",
                "value": "Queen Elizabeth II was a monarch, serving as the Queen of the United Kingdom and other Commonwealth realms."
            }
        ]
    },
    {
        "id": "81",
        "image": "downloaded_images/Personage/Queen_Elizabeth_Ⅱ/image_20241107_181934_25.jpg",
        "conversations": [
            {
                "from": "human",
                "value": "<image>\nWhat are the famous works or achievements of this person?"
            },
            {
                "from": "gpt",
                "value": "Queen Elizabeth II is known for her long reign, which lasted from February 6, 1952, until her death on September 8, 2022. She was the longest-reigning monarch in British history. Her achievements include overseeing significant changes in the monarchy, such as modernization efforts, and playing a key role in the Commonwealth's development. She also celebrated numerous milestones, including her Silver, Golden, Diamond, and Platinum Jubilees."
            }
        ]
    },
    {
        "id": "82",
        "image": "downloaded_images/Personage/Queen_Elizabeth_Ⅱ/image_20241108_101838_23.jpg",
        "conversations": [
            {
                "from": "human",
                "value": "<image>\nWhat are the famous works or achievements of this person?"
            },
            {
                "from": "gpt",
                "value": "Queen Elizabeth II is known for her long reign, which lasted from February 6, 1952, until her death on September 8, 2022. She was the longest-reigning monarch in British history. Her achievements include overseeing significant changes in the monarchy, such as modernization efforts, and playing a key role in the Commonwealth's development. She also celebrated numerous milestones, including her Silver, Golden, Diamond, and Platinum Jubilees."
            }
        ]
    },
    {
        "id": "83",
        "image": "downloaded_images/Personage/Queen_Elizabeth_Ⅱ/image_20241108_101906_26.jpg",
        "conversations": [
            {
                "from": "human",
                "value": "<image>\nWhat are the famous works or achievements of this person?"
            },
            {
                "from": "gpt",
                "value": "Queen Elizabeth II is known for her long reign, which lasted from February 6, 1952, until her death on September 8, 2022. She was the longest-reigning monarch in British history. Her achievements include overseeing significant changes in the monarchy, such as modernization efforts, and playing a key role in the Commonwealth's development. She also celebrated numerous milestones, including her Silver, Golden, Diamond, and Platinum Jubilees."
            }
        ]
    },
    {
        "id": "84",
        "image": "downloaded_images/Personage/Queen_Elizabeth_Ⅱ/image_20241107_181809_15.jpg",
        "conversations": [
            {
                "from": "human",
                "value": "<image>\nWhat are the famous works or achievements of this person?"
            },
            {
                "from": "gpt",
                "value": "Queen Elizabeth II is known for her long reign, which lasted from February 6, 1952, until her death on September 8, 2022. She was the longest-reigning monarch in British history. Her achievements include overseeing significant changes in the monarchy, such as modernization efforts, and playing a key role in the Commonwealth's development. She also celebrated numerous milestones, including her Silver, Golden, Diamond, and Platinum Jubilees."
            }
        ]
    },
    {
        "id": "85",
        "image": "downloaded_images/Personage/Queen_Elizabeth_Ⅱ/image_20241107_181918_23.jpg",
        "conversations": [
            {
                "from": "human",
                "value": "<image>\nWhat are the famous works or achievements of this person?"
            },
            {
                "from": "gpt",
                "value": "Queen Elizabeth II is known for her long reign, which lasted from February 6, 1952, until her death on September 8, 2022. She was the longest-reigning monarch in British history. Her achievements include overseeing significant changes in the monarchy, such as modernization efforts, and playing a key role in the Commonwealth's development. She also celebrated numerous milestones, including her Silver, Golden, Diamond, and Platinum Jubilees."
            }
        ]
    },
    {
        "id": "86",
        "image": "downloaded_images/Personage/Queen_Elizabeth_Ⅱ/image_20241108_101554_7.jpg",
        "conversations": [
            {
                "from": "human",
                "value": "<image>\nWhat contributions has this person made to society or industry?"
            },
            {
                "from": "gpt",
                "value": "Queen Elizabeth II contributed to society by promoting national unity and stability during times of change and uncertainty. She was a symbol of continuity and tradition, fostering a sense of national identity. Her reign saw the decolonization of Africa and the Caribbean, and she played a role in strengthening the Commonwealth. Additionally, she supported numerous charities and organizations, contributing to various social causes, including education, health, and the arts."
            }
        ]
    },
    {
        "id": "87",
        "image": "downloaded_images/Personage/Queen_Elizabeth_Ⅱ/image_20241108_101620_10.jpg",
        "conversations": [
            {
                "from": "human",
                "value": "<image>\nWhat contributions has this person made to society or industry?"
            },
            {
                "from": "gpt",
                "value": "Queen Elizabeth II contributed to society by promoting national unity and stability during times of change and uncertainty. She was a symbol of continuity and tradition, fostering a sense of national identity. Her reign saw the decolonization of Africa and the Caribbean, and she played a role in strengthening the Commonwealth. Additionally, she supported numerous charities and organizations, contributing to various social causes, including education, health, and the arts."
            }
        ]
    },
    {
        "id": "88",
        "image": "downloaded_images/Personage/Queen_Elizabeth_Ⅱ/image_20241108_101956_29.jpg",
        "conversations": [
            {
                "from": "human",
                "value": "<image>\nWhat contributions has this person made to society or industry?"
            },
            {
                "from": "gpt",
                "value": "Queen Elizabeth II contributed to society by promoting national unity and stability during times of change and uncertainty. She was a symbol of continuity and tradition, fostering a sense of national identity. Her reign saw the decolonization of Africa and the Caribbean, and she played a role in strengthening the Commonwealth. Additionally, she supported numerous charities and organizations, contributing to various social causes, including education, health, and the arts."
            }
        ]
    },
    {
        "id": "89",
        "image": "downloaded_images/Personage/Queen_Elizabeth_Ⅱ/image_20241018_221700_7.jpg",
        "conversations": [
            {
                "from": "human",
                "value": "<image>\nWhat contributions has this person made to society or industry?"
            },
            {
                "from": "gpt",
                "value": "Queen Elizabeth II contributed to society by promoting national unity and stability during times of change and uncertainty. She was a symbol of continuity and tradition, fostering a sense of national identity. Her reign saw the decolonization of Africa and the Caribbean, and she played a role in strengthening the Commonwealth. Additionally, she supported numerous charities and organizations, contributing to various social causes, including education, health, and the arts."
            }
        ]
    },
    {
        "id": "90",
        "image": "downloaded_images/Personage/Queen_Elizabeth_Ⅱ/image_20241108_101846_24.jpg",
        "conversations": [
            {
                "from": "human",
                "value": "<image>\nWhat contributions has this person made to society or industry?"
            },
            {
                "from": "gpt",
                "value": "Queen Elizabeth II contributed to society by promoting national unity and stability during times of change and uncertainty. She was a symbol of continuity and tradition, fostering a sense of national identity. Her reign saw the decolonization of Africa and the Caribbean, and she played a role in strengthening the Commonwealth. Additionally, she supported numerous charities and organizations, contributing to various social causes, including education, health, and the arts."
            }
        ]
    }
]