[
    {
        "id": "34",
        "image": "downloaded_images/Animals/Rabbit/image_20241017_143339_8.jpg",
        "conversations": [
            {
                "from": "human",
                "value": "<image>\nWhat is the common name of this animal?"
            },
            {
                "from": "gpt",
                "value": "Rabbit"
            }
        ]
    },
    {
        "id": "35",
        "image": "downloaded_images/Animals/Rabbit/image_20241017_143412_12.jpg",
        "conversations": [
            {
                "from": "human",
                "value": "<image>\nWhat family or order does it belong to?"
            },
            {
                "from": "gpt",
                "value": "Rabbits belong to the family Leporidae and the order Lagomorpha."
            }
        ]
    },
    {
        "id": "36",
        "image": "downloaded_images/Animals/Rabbit/image_20241017_143446_16.jpg",
        "conversations": [
            {
                "from": "human",
                "value": "<image>\nWhat does this animal eat (herbivore, carnivore, omnivore)?"
            },
            {
                "from": "gpt",
                "value": "Rabbits are herbivores, primarily eating grass, leaves, vegetables, and fruits."
            }
        ]
    },
    {
        "id": "37",
        "image": "downloaded_images/Animals/Rabbit/image_20241017_143607_25.jpg",
        "conversations": [
            {
                "from": "human",
                "value": "<image>\nIs it native to a specific region or found globally?"
            },
            {
                "from": "gpt",
                "value": "Rabbits are found globally, but they are native to Europe and parts of Africa. They have been introduced to many other regions, including North America and Australia."
            }
        ]
    },
    {
        "id": "38",
        "image": "downloaded_images/Animals/Rabbit/image_20241017_143600_24.jpg",
        "conversations": [
            {
                "from": "human",
                "value": "<image>\nHow does this animal reproduce (mating habits, gestation period)?"
            },
            {
                "from": "gpt",
                "value": "Rabbits are known for their high reproductive rate. They typically mate in the spring and can breed several times a year. The gestation period for rabbits is about 28 to 31 days, after which a female rabbit (doe) gives birth to a litter of kits (baby rabbits), usually ranging from 1 to 14 kits."
            }
        ]
    },
    {
        "id": "39",
        "image": "downloaded_images/Animals/Rabbit/image_20241106_094651_19.jpg",
        "conversations": [
            {
                "from": "human",
                "value": "<image>\nWhat is the common name of this animal?"
            },
            {
                "from": "gpt",
                "value": "Rabbit"
            }
        ]
    },
    {
        "id": "40",
        "image": "downloaded_images/Animals/Rabbit/image_20241106_094529_10.jpg",
        "conversations": [
            {
                "from": "human",
                "value": "<image>\nWhat is the common name of this animal?"
            },
            {
                "from": "gpt",
                "value": "Rabbit"
            }
        ]
    },
    {
        "id": "41",
        "image": "downloaded_images/Animals/Rabbit/image_20241106_094825_29.jpg",
        "conversations": [
            {
                "from": "human",
                "value": "<image>\nWhat is the common name of this animal?"
            },
            {
                "from": "gpt",
                "value": "Rabbit"
            }
        ]
    },
    {
        "id": "42",
        "image": "downloaded_images/Animals/Rabbit/image_20241106_094437_4.jpg",
        "conversations": [
            {
                "from": "human",
                "value": "<image>\nWhat is the common name of this animal?"
            },
            {
                "from": "gpt",
                "value": "Rabbit"
            }
        ]
    },
    {
        "id": "43",
        "image": "downloaded_images/Animals/Rabbit/image_20241017_143332_7.jpg",
        "conversations": [
            {
                "from": "human",
                "value": "<image>\nWhat is the common name of this animal?"
            },
            {
                "from": "gpt",
                "value": "Rabbit"
            }
        ]
    },
    {
        "id": "44",
        "image": "downloaded_images/Animals/Rabbit/image_20241106_094453_6.jpg",
        "conversations": [
            {
                "from": "human",
                "value": "<image>\nWhat family or order does it belong to?"
            },
            {
                "from": "gpt",
                "value": "Rabbits belong to the family Leporidae and the order Lagomorpha."
            }
        ]
    },
    {
        "id": "45",
        "image": "downloaded_images/Animals/Rabbit/image_20241106_094700_20.jpg",
        "conversations": [
            {
                "from": "human",
                "value": "<image>\nWhat family or order does it belong to?"
            },
            {
                "from": "gpt",
                "value": "Rabbits belong to the family Leporidae and the order Lagomorpha."
            }
        ]
    },
    {
        "id": "46",
        "image": "downloaded_images/Animals/Rabbit/image_20241106_094548_12.jpg",
        "conversations": [
            {
                "from": "human",
                "value": "<image>\nWhat family or order does it belong to?"
            },
            {
                "from": "gpt",
                "value": "Rabbits belong to the family Leporidae and the order Lagomorpha."
            }
        ]
    },
    {
        "id": "47",
        "image": "downloaded_images/Animals/Rabbit/image_20241106_094410_1.jpg",
        "conversations": [
            {
                "from": "human",
                "value": "<image>\nWhat family or order does it belong to?"
            },
            {
                "from": "gpt",
                "value": "Rabbits belong to the family Leporidae and the order Lagomorpha."
            }
        ]
    },
    {
        "id": "48",
        "image": "downloaded_images/Animals/Rabbit/image_20241106_094445_5.jpg",
        "conversations": [
            {
                "from": "human",
                "value": "<image>\nWhat family or order does it belong to?"
            },
            {
                "from": "gpt",
                "value": "Rabbits belong to the family Leporidae and the order Lagomorpha."
            }
        ]
    },
    {
        "id": "49",
        "image": "downloaded_images/Animals/Rabbit/image_20241106_094558_13.jpg",
        "conversations": [
            {
                "from": "human",
                "value": "<image>\nWhat does this animal eat (herbivore, carnivore, omnivore)?"
            },
            {
                "from": "gpt",
                "value": "Rabbits are herbivores, primarily eating grass, leaves, vegetables, and fruits."
            }
        ]
    },
    {
        "id": "50",
        "image": "downloaded_images/Animals/Rabbit/image_20241106_094453_6.jpg",
        "conversations": [
            {
                "from": "human",
                "value": "<image>\nWhat does this animal eat (herbivore, carnivore, omnivore)?"
            },
            {
                "from": "gpt",
                "value": "Rabbits are herbivores, primarily eating grass, leaves, vegetables, and fruits."
            }
        ]
    },
    {
        "id": "51",
        "image": "downloaded_images/Animals/Rabbit/image_20241106_094816_28.jpg",
        "conversations": [
            {
                "from": "human",
                "value": "<image>\nWhat does this animal eat (herbivore, carnivore, omnivore)?"
            },
            {
                "from": "gpt",
                "value": "Rabbits are herbivores, primarily eating grass, leaves, vegetables, and fruits."
            }
        ]
    },
    {
        "id": "52",
        "image": "downloaded_images/Animals/Rabbit/image_20241106_094749_25.jpg",
        "conversations": [
            {
                "from": "human",
                "value": "<image>\nWhat does this animal eat (herbivore, carnivore, omnivore)?"
            },
            {
                "from": "gpt",
                "value": "Rabbits are herbivores, primarily eating grass, leaves, vegetables, and fruits."
            }
        ]
    },
    {
        "id": "53",
        "image": "downloaded_images/Animals/Rabbit/image_20241017_143600_24.jpg",
        "conversations": [
            {
                "from": "human",
                "value": "<image>\nWhat does this animal eat (herbivore, carnivore, omnivore)?"
            },
            {
                "from": "gpt",
                "value": "Rabbits are herbivores, primarily eating grass, leaves, vegetables, and fruits."
            }
        ]
    },
    {
        "id": "54",
        "image": "downloaded_images/Animals/Rabbit/image_20241106_094825_29.jpg",
        "conversations": [
            {
                "from": "human",
                "value": "<image>\nIs it native to a specific region or found globally?"
            },
            {
                "from": "gpt",
                "value": "Rabbits are found globally, but they are native to Europe and parts of Africa. They have been introduced to many other regions, including North America and Australia."
            }
        ]
    },
    {
        "id": "55",
        "image": "downloaded_images/Animals/Rabbit/image_20241017_143312_5.jpg",
        "conversations": [
            {
                "from": "human",
                "value": "<image>\nIs it native to a specific region or found globally?"
            },
            {
                "from": "gpt",
                "value": "Rabbits are found globally, but they are native to Europe and parts of Africa. They have been introduced to many other regions, including North America and Australia."
            }
        ]
    },
    {
        "id": "56",
        "image": "downloaded_images/Animals/Rabbit/image_20241106_094445_5.jpg",
        "conversations": [
            {
                "from": "human",
                "value": "<image>\nIs it native to a specific region or found globally?"
            },
            {
                "from": "gpt",
                "value": "Rabbits are found globally, but they are native to Europe and parts of Africa. They have been introduced to many other regions, including North America and Australia."
            }
        ]
    },
    {
        "id": "57",
        "image": "downloaded_images/Animals/Rabbit/image_20241106_094833_30.jpg",
        "conversations": [
            {
                "from": "human",
                "value": "<image>\nIs it native to a specific region or found globally?"
            },
            {
                "from": "gpt",
                "value": "Rabbits are found globally, but they are native to Europe and parts of Africa. They have been introduced to many other regions, including North America and Australia."
            }
        ]
    },
    {
        "id": "58",
        "image": "downloaded_images/Animals/Rabbit/image_20241106_094641_18.jpg",
        "conversations": [
            {
                "from": "human",
                "value": "<image>\nIs it native to a specific region or found globally?"
            },
            {
                "from": "gpt",
                "value": "Rabbits are found globally, but they are native to Europe and parts of Africa. They have been introduced to many other regions, including North America and Australia."
            }
        ]
    },
    {
        "id": "59",
        "image": "downloaded_images/Animals/Rabbit/image_20241106_094419_2.jpg",
        "conversations": [
            {
                "from": "human",
                "value": "<image>\nHow does this animal reproduce (mating habits, gestation period)?"
            },
            {
                "from": "gpt",
                "value": "Rabbits are known for their high reproductive rate. They typically mate in the spring and can breed several times a year. The gestation period for rabbits is about 28 to 31 days, after which a female rabbit (doe) gives birth to a litter of kits (baby rabbits), usually ranging from 1 to 14 kits."
            }
        ]
    },
    {
        "id": "60",
        "image": "downloaded_images/Animals/Rabbit/image_20241106_094641_18.jpg",
        "conversations": [
            {
                "from": "human",
                "value": "<image>\nHow does this animal reproduce (mating habits, gestation period)?"
            },
            {
                "from": "gpt",
                "value": "Rabbits are known for their high reproductive rate. They typically mate in the spring and can breed several times a year. The gestation period for rabbits is about 28 to 31 days, after which a female rabbit (doe) gives birth to a litter of kits (baby rabbits), usually ranging from 1 to 14 kits."
            }
        ]
    },
    {
        "id": "61",
        "image": "downloaded_images/Animals/Rabbit/image_20241017_143312_5.jpg",
        "conversations": [
            {
                "from": "human",
                "value": "<image>\nHow does this animal reproduce (mating habits, gestation period)?"
            },
            {
                "from": "gpt",
                "value": "Rabbits are known for their high reproductive rate. They typically mate in the spring and can breed several times a year. The gestation period for rabbits is about 28 to 31 days, after which a female rabbit (doe) gives birth to a litter of kits (baby rabbits), usually ranging from 1 to 14 kits."
            }
        ]
    },
    {
        "id": "62",
        "image": "downloaded_images/Animals/Rabbit/image_20241106_094625_16.jpg",
        "conversations": [
            {
                "from": "human",
                "value": "<image>\nHow does this animal reproduce (mating habits, gestation period)?"
            },
            {
                "from": "gpt",
                "value": "Rabbits are known for their high reproductive rate. They typically mate in the spring and can breed several times a year. The gestation period for rabbits is about 28 to 31 days, after which a female rabbit (doe) gives birth to a litter of kits (baby rabbits), usually ranging from 1 to 14 kits."
            }
        ]
    },
    {
        "id": "63",
        "image": "downloaded_images/Animals/Rabbit/image_20241106_094614_15.jpg",
        "conversations": [
            {
                "from": "human",
                "value": "<image>\nHow does this animal reproduce (mating habits, gestation period)?"
            },
            {
                "from": "gpt",
                "value": "Rabbits are known for their high reproductive rate. They typically mate in the spring and can breed several times a year. The gestation period for rabbits is about 28 to 31 days, after which a female rabbit (doe) gives birth to a litter of kits (baby rabbits), usually ranging from 1 to 14 kits."
            }
        ]
    }
]