[
    {
        "id": "46",
        "image": "downloaded_images/Cartoon/Rick_and_Morty/image_20241107_094036_2.jpg",
        "conversations": [
            {
                "from": "human",
                "value": "<image>\nWho created or produced this cartoon?"
            },
            {
                "from": "gpt",
                "value": "\"Rick and Morty\" was created by Justin Roiland and Dan Harmon."
            }
        ]
    },
    {
        "id": "47",
        "image": "downloaded_images/Cartoon/Rick_and_Morty/image_20241107_094026_1.jpg",
        "conversations": [
            {
                "from": "human",
                "value": "<image>\nWhen was this cartoon first released or aired?"
            },
            {
                "from": "gpt",
                "value": "The cartoon first premiered on December 2, 2013."
            }
        ]
    },
    {
        "id": "48",
        "image": "downloaded_images/Cartoon/Rick_and_Morty/image_20241107_094026_1.jpg",
        "conversations": [
            {
                "from": "human",
                "value": "<image>\nWho are the main characters in this cartoon?"
            },
            {
                "from": "gpt",
                "value": "The main characters are Rick Sanchez, a genius but reckless scientist, and his good-hearted but easily influenced grandson, Morty Smith."
            }
        ]
    },
    {
        "id": "49",
        "image": "downloaded_images/Cartoon/Rick_and_Morty/image_20241107_094315_20.jpg",
        "conversations": [
            {
                "from": "human",
                "value": "<image>\nWhat is the central storyline or premise of this cartoon?"
            },
            {
                "from": "gpt",
                "value": "The central storyline follows the misadventures of Rick and Morty as they travel across the multiverse, exploring bizarre worlds and encountering strange creatures, all while dealing with the complexities of family dynamics and the consequences of their actions."
            }
        ]
    },
    {
        "id": "50",
        "image": "downloaded_images/Cartoon/Rick_and_Morty/image_20241107_094429_28.jpg",
        "conversations": [
            {
                "from": "human",
                "value": "<image>\nWho created or produced this cartoon?"
            },
            {
                "from": "gpt",
                "value": "\"Rick and Morty\" was created by Justin Roiland and Dan Harmon."
            }
        ]
    },
    {
        "id": "51",
        "image": "downloaded_images/Cartoon/Rick_and_Morty/image_20241018_120328_1.jpg",
        "conversations": [
            {
                "from": "human",
                "value": "<image>\nWho created or produced this cartoon?"
            },
            {
                "from": "gpt",
                "value": "\"Rick and Morty\" was created by Justin Roiland and Dan Harmon."
            }
        ]
    },
    {
        "id": "52",
        "image": "downloaded_images/Cartoon/Rick_and_Morty/image_20241107_094154_11.jpg",
        "conversations": [
            {
                "from": "human",
                "value": "<image>\nWho created or produced this cartoon?"
            },
            {
                "from": "gpt",
                "value": "\"Rick and Morty\" was created by Justin Roiland and Dan Harmon."
            }
        ]
    },
    {
        "id": "53",
        "image": "downloaded_images/Cartoon/Rick_and_Morty/image_20241107_094257_18.jpg",
        "conversations": [
            {
                "from": "human",
                "value": "<image>\nWho created or produced this cartoon?"
            },
            {
                "from": "gpt",
                "value": "\"Rick and Morty\" was created by Justin Roiland and Dan Harmon."
            }
        ]
    },
    {
        "id": "54",
        "image": "downloaded_images/Cartoon/Rick_and_Morty/image_20241107_094138_9.jpg",
        "conversations": [
            {
                "from": "human",
                "value": "<image>\nWho created or produced this cartoon?"
            },
            {
                "from": "gpt",
                "value": "\"Rick and Morty\" was created by Justin Roiland and Dan Harmon."
            }
        ]
    },
    {
        "id": "55",
        "image": "downloaded_images/Cartoon/Rick_and_Morty/image_20241107_094221_14.jpg",
        "conversations": [
            {
                "from": "human",
                "value": "<image>\nWhen was this cartoon first released or aired?"
            },
            {
                "from": "gpt",
                "value": "The cartoon first premiered on December 2, 2013."
            }
        ]
    },
    {
        "id": "56",
        "image": "downloaded_images/Cartoon/Rick_and_Morty/image_20241107_094315_20.jpg",
        "conversations": [
            {
                "from": "human",
                "value": "<image>\nWhen was this cartoon first released or aired?"
            },
            {
                "from": "gpt",
                "value": "The cartoon first premiered on December 2, 2013."
            }
        ]
    },
    {
        "id": "57",
        "image": "downloaded_images/Cartoon/Rick_and_Morty/image_20241107_094334_22.jpg",
        "conversations": [
            {
                "from": "human",
                "value": "<image>\nWhen was this cartoon first released or aired?"
            },
            {
                "from": "gpt",
                "value": "The cartoon first premiered on December 2, 2013."
            }
        ]
    },
    {
        "id": "58",
        "image": "downloaded_images/Cartoon/Rick_and_Morty/image_20241107_094257_18.jpg",
        "conversations": [
            {
                "from": "human",
                "value": "<image>\nWhen was this cartoon first released or aired?"
            },
            {
                "from": "gpt",
                "value": "The cartoon first premiered on December 2, 2013."
            }
        ]
    },
    {
        "id": "59",
        "image": "downloaded_images/Cartoon/Rick_and_Morty/image_20241018_120422_7.jpg",
        "conversations": [
            {
                "from": "human",
                "value": "<image>\nWhen was this cartoon first released or aired?"
            },
            {
                "from": "gpt",
                "value": "The cartoon first premiered on December 2, 2013."
            }
        ]
    },
    {
        "id": "60",
        "image": "downloaded_images/Cartoon/Rick_and_Morty/image_20241018_120542_17.jpg",
        "conversations": [
            {
                "from": "human",
                "value": "<image>\nWho are the main characters in this cartoon?"
            },
            {
                "from": "gpt",
                "value": "The main characters are Rick Sanchez, a genius but reckless scientist, and his good-hearted but easily influenced grandson, Morty Smith."
            }
        ]
    },
    {
        "id": "61",
        "image": "downloaded_images/Cartoon/Rick_and_Morty/image_20241107_094344_23.jpg",
        "conversations": [
            {
                "from": "human",
                "value": "<image>\nWho are the main characters in this cartoon?"
            },
            {
                "from": "gpt",
                "value": "The main characters are Rick Sanchez, a genius but reckless scientist, and his good-hearted but easily influenced grandson, Morty Smith."
            }
        ]
    },
    {
        "id": "62",
        "image": "downloaded_images/Cartoon/Rick_and_Morty/image_20241018_120356_4.jpg",
        "conversations": [
            {
                "from": "human",
                "value": "<image>\nWho are the main characters in this cartoon?"
            },
            {
                "from": "gpt",
                "value": "The main characters are Rick Sanchez, a genius but reckless scientist, and his good-hearted but easily influenced grandson, Morty Smith."
            }
        ]
    },
    {
        "id": "63",
        "image": "downloaded_images/Cartoon/Rick_and_Morty/image_20241018_120404_5.jpg",
        "conversations": [
            {
                "from": "human",
                "value": "<image>\nWho are the main characters in this cartoon?"
            },
            {
                "from": "gpt",
                "value": "The main characters are Rick Sanchez, a genius but reckless scientist, and his good-hearted but easily influenced grandson, Morty Smith."
            }
        ]
    },
    {
        "id": "64",
        "image": "downloaded_images/Cartoon/Rick_and_Morty/image_20241107_094315_20.jpg",
        "conversations": [
            {
                "from": "human",
                "value": "<image>\nWho are the main characters in this cartoon?"
            },
            {
                "from": "gpt",
                "value": "The main characters are Rick Sanchez, a genius but reckless scientist, and his good-hearted but easily influenced grandson, Morty Smith."
            }
        ]
    },
    {
        "id": "65",
        "image": "downloaded_images/Cartoon/Rick_and_Morty/image_20241107_094130_8.jpg",
        "conversations": [
            {
                "from": "human",
                "value": "<image>\nWhat is the central storyline or premise of this cartoon?"
            },
            {
                "from": "gpt",
                "value": "The central storyline follows the misadventures of Rick and Morty as they travel across the multiverse, exploring bizarre worlds and encountering strange creatures, all while dealing with the complexities of family dynamics and the consequences of their actions."
            }
        ]
    },
    {
        "id": "66",
        "image": "downloaded_images/Cartoon/Rick_and_Morty/image_20241107_094138_9.jpg",
        "conversations": [
            {
                "from": "human",
                "value": "<image>\nWhat is the central storyline or premise of this cartoon?"
            },
            {
                "from": "gpt",
                "value": "The central storyline follows the misadventures of Rick and Morty as they travel across the multiverse, exploring bizarre worlds and encountering strange creatures, all while dealing with the complexities of family dynamics and the consequences of their actions."
            }
        ]
    },
    {
        "id": "67",
        "image": "downloaded_images/Cartoon/Rick_and_Morty/image_20241107_094429_28.jpg",
        "conversations": [
            {
                "from": "human",
                "value": "<image>\nWhat is the central storyline or premise of this cartoon?"
            },
            {
                "from": "gpt",
                "value": "The central storyline follows the misadventures of Rick and Morty as they travel across the multiverse, exploring bizarre worlds and encountering strange creatures, all while dealing with the complexities of family dynamics and the consequences of their actions."
            }
        ]
    },
    {
        "id": "68",
        "image": "downloaded_images/Cartoon/Rick_and_Morty/image_20241107_094437_29.jpg",
        "conversations": [
            {
                "from": "human",
                "value": "<image>\nWhat is the central storyline or premise of this cartoon?"
            },
            {
                "from": "gpt",
                "value": "The central storyline follows the misadventures of Rick and Morty as they travel across the multiverse, exploring bizarre worlds and encountering strange creatures, all while dealing with the complexities of family dynamics and the consequences of their actions."
            }
        ]
    },
    {
        "id": "69",
        "image": "downloaded_images/Cartoon/Rick_and_Morty/image_20241107_094146_10.jpg",
        "conversations": [
            {
                "from": "human",
                "value": "<image>\nWhat is the central storyline or premise of this cartoon?"
            },
            {
                "from": "gpt",
                "value": "The central storyline follows the misadventures of Rick and Morty as they travel across the multiverse, exploring bizarre worlds and encountering strange creatures, all while dealing with the complexities of family dynamics and the consequences of their actions."
            }
        ]
    }
]