[
    {
        "id": "5",
        "image": "downloaded_images/Plants/Rose/image_20241018_173148_1.jpg",
        "conversations": [
            {
                "from": "human",
                "value": "<image>\nWhat is the common name of this plant?"
            },
            {
                "from": "gpt",
                "value": "The common name of this plant is Rose."
            }
        ]
    },
    {
        "id": "6",
        "image": "downloaded_images/Plants/Rose/image_20241018_173206_3.jpg",
        "conversations": [
            {
                "from": "human",
                "value": "<image>\nTo which family or genus does it belong?"
            },
            {
                "from": "gpt",
                "value": "Rose belongs to the Family Rosaceae and the Genus: Rosa."
            }
        ]
    },
    {
        "id": "7",
        "image": "downloaded_images/Plants/Rose/image_20241018_173232_6.jpg",
        "conversations": [
            {
                "from": "human",
                "value": "<image>\nHow does it reproduce (seeds, cuttings, runners)?"
            },
            {
                "from": "gpt",
                "value": "Roses reproduce primarily through seeds, but they are also commonly propagated through cuttings and grafting. Some species may also reproduce via suckers or runners."
            }
        ]
    },
    {
        "id": "8",
        "image": "downloaded_images/Plants/Rose/image_20241018_173300_9.jpg",
        "conversations": [
            {
                "from": "human",
                "value": "<image>\nIs it native to a specific region or found globally?"
            },
            {
                "from": "gpt",
                "value": "Native Region: Roses are native to regions of Asia, Europe, North America, and northwestern Africa. However, they are now grown and cultivated globally due to their popularity."
            }
        ]
    },
    {
        "id": "9",
        "image": "downloaded_images/Plants/Rose/image_20241107_183026_2.jpg",
        "conversations": [
            {
                "from": "human",
                "value": "<image>\nHow does it grow (e.g., tree, shrub, herb)?"
            },
            {
                "from": "gpt",
                "value": "Growth Form: Roses are typically shrubs, though some varieties grow as climbers or trailing plants."
            }
        ]
    },
    {
        "id": "10",
        "image": "downloaded_images/Plants/Rose/image_20241107_183059_6.jpg",
        "conversations": [
            {
                "from": "human",
                "value": "<image>\nWhat is the common name of this plant?"
            },
            {
                "from": "gpt",
                "value": "The common name of this plant is Rose."
            }
        ]
    },
    {
        "id": "11",
        "image": "downloaded_images/Plants/Rose/image_20241018_173451_20.jpg",
        "conversations": [
            {
                "from": "human",
                "value": "<image>\nWhat is the common name of this plant?"
            },
            {
                "from": "gpt",
                "value": "The common name of this plant is Rose."
            }
        ]
    },
    {
        "id": "12",
        "image": "downloaded_images/Plants/Rose/image_20241018_173243_7.jpg",
        "conversations": [
            {
                "from": "human",
                "value": "<image>\nWhat is the common name of this plant?"
            },
            {
                "from": "gpt",
                "value": "The common name of this plant is Rose."
            }
        ]
    },
    {
        "id": "13",
        "image": "downloaded_images/Plants/Rose/image_20241107_183015_1.jpg",
        "conversations": [
            {
                "from": "human",
                "value": "<image>\nWhat is the common name of this plant?"
            },
            {
                "from": "gpt",
                "value": "The common name of this plant is Rose."
            }
        ]
    },
    {
        "id": "14",
        "image": "downloaded_images/Plants/Rose/image_20241018_173525_24.jpg",
        "conversations": [
            {
                "from": "human",
                "value": "<image>\nWhat is the common name of this plant?"
            },
            {
                "from": "gpt",
                "value": "The common name of this plant is Rose."
            }
        ]
    },
    {
        "id": "15",
        "image": "downloaded_images/Plants/Rose/image_20241107_183457_29.jpg",
        "conversations": [
            {
                "from": "human",
                "value": "<image>\nTo which family or genus does it belong?"
            },
            {
                "from": "gpt",
                "value": "Rose belongs to the Family Rosaceae and the Genus: Rosa."
            }
        ]
    },
    {
        "id": "16",
        "image": "downloaded_images/Plants/Rose/image_20241018_173418_16.jpg",
        "conversations": [
            {
                "from": "human",
                "value": "<image>\nTo which family or genus does it belong?"
            },
            {
                "from": "gpt",
                "value": "Rose belongs to the Family Rosaceae and the Genus: Rosa."
            }
        ]
    },
    {
        "id": "17",
        "image": "downloaded_images/Plants/Rose/image_20241018_173224_5.jpg",
        "conversations": [
            {
                "from": "human",
                "value": "<image>\nTo which family or genus does it belong?"
            },
            {
                "from": "gpt",
                "value": "Rose belongs to the Family Rosaceae and the Genus: Rosa."
            }
        ]
    },
    {
        "id": "18",
        "image": "downloaded_images/Plants/Rose/image_20241107_183116_8.jpg",
        "conversations": [
            {
                "from": "human",
                "value": "<image>\nTo which family or genus does it belong?"
            },
            {
                "from": "gpt",
                "value": "Rose belongs to the Family Rosaceae and the Genus: Rosa."
            }
        ]
    },
    {
        "id": "19",
        "image": "downloaded_images/Plants/Rose/image_20241107_183312_18.jpg",
        "conversations": [
            {
                "from": "human",
                "value": "<image>\nTo which family or genus does it belong?"
            },
            {
                "from": "gpt",
                "value": "Rose belongs to the Family Rosaceae and the Genus: Rosa."
            }
        ]
    },
    {
        "id": "20",
        "image": "downloaded_images/Plants/Rose/image_20241018_173252_8.jpg",
        "conversations": [
            {
                "from": "human",
                "value": "<image>\nHow does it reproduce (seeds, cuttings, runners)?"
            },
            {
                "from": "gpt",
                "value": "Roses reproduce primarily through seeds, but they are also commonly propagated through cuttings and grafting. Some species may also reproduce via suckers or runners."
            }
        ]
    },
    {
        "id": "21",
        "image": "downloaded_images/Plants/Rose/image_20241107_183116_8.jpg",
        "conversations": [
            {
                "from": "human",
                "value": "<image>\nHow does it reproduce (seeds, cuttings, runners)?"
            },
            {
                "from": "gpt",
                "value": "Roses reproduce primarily through seeds, but they are also commonly propagated through cuttings and grafting. Some species may also reproduce via suckers or runners."
            }
        ]
    },
    {
        "id": "22",
        "image": "downloaded_images/Plants/Rose/image_20241018_173332_13.jpg",
        "conversations": [
            {
                "from": "human",
                "value": "<image>\nHow does it reproduce (seeds, cuttings, runners)?"
            },
            {
                "from": "gpt",
                "value": "Roses reproduce primarily through seeds, but they are also commonly propagated through cuttings and grafting. Some species may also reproduce via suckers or runners."
            }
        ]
    },
    {
        "id": "23",
        "image": "downloaded_images/Plants/Rose/image_20241107_183441_28.jpg",
        "conversations": [
            {
                "from": "human",
                "value": "<image>\nHow does it reproduce (seeds, cuttings, runners)?"
            },
            {
                "from": "gpt",
                "value": "Roses reproduce primarily through seeds, but they are also commonly propagated through cuttings and grafting. Some species may also reproduce via suckers or runners."
            }
        ]
    },
    {
        "id": "24",
        "image": "downloaded_images/Plants/Rose/image_20241018_173300_9.jpg",
        "conversations": [
            {
                "from": "human",
                "value": "<image>\nHow does it reproduce (seeds, cuttings, runners)?"
            },
            {
                "from": "gpt",
                "value": "Roses reproduce primarily through seeds, but they are also commonly propagated through cuttings and grafting. Some species may also reproduce via suckers or runners."
            }
        ]
    },
    {
        "id": "25",
        "image": "downloaded_images/Plants/Rose/image_20241107_183107_7.jpg",
        "conversations": [
            {
                "from": "human",
                "value": "<image>\nIs it native to a specific region or found globally?"
            },
            {
                "from": "gpt",
                "value": "Native Region: Roses are native to regions of Asia, Europe, North America, and northwestern Africa. However, they are now grown and cultivated globally due to their popularity."
            }
        ]
    },
    {
        "id": "26",
        "image": "downloaded_images/Plants/Rose/image_20241018_173451_20.jpg",
        "conversations": [
            {
                "from": "human",
                "value": "<image>\nIs it native to a specific region or found globally?"
            },
            {
                "from": "gpt",
                "value": "Native Region: Roses are native to regions of Asia, Europe, North America, and northwestern Africa. However, they are now grown and cultivated globally due to their popularity."
            }
        ]
    },
    {
        "id": "27",
        "image": "downloaded_images/Plants/Rose/image_20241018_173215_4.jpg",
        "conversations": [
            {
                "from": "human",
                "value": "<image>\nIs it native to a specific region or found globally?"
            },
            {
                "from": "gpt",
                "value": "Native Region: Roses are native to regions of Asia, Europe, North America, and northwestern Africa. However, they are now grown and cultivated globally due to their popularity."
            }
        ]
    },
    {
        "id": "28",
        "image": "downloaded_images/Plants/Rose/image_20241018_173509_22.jpg",
        "conversations": [
            {
                "from": "human",
                "value": "<image>\nIs it native to a specific region or found globally?"
            },
            {
                "from": "gpt",
                "value": "Native Region: Roses are native to regions of Asia, Europe, North America, and northwestern Africa. However, they are now grown and cultivated globally due to their popularity."
            }
        ]
    },
    {
        "id": "29",
        "image": "downloaded_images/Plants/Rose/image_20241107_183116_8.jpg",
        "conversations": [
            {
                "from": "human",
                "value": "<image>\nIs it native to a specific region or found globally?"
            },
            {
                "from": "gpt",
                "value": "Native Region: Roses are native to regions of Asia, Europe, North America, and northwestern Africa. However, they are now grown and cultivated globally due to their popularity."
            }
        ]
    },
    {
        "id": "30",
        "image": "downloaded_images/Plants/Rose/image_20241018_173300_9.jpg",
        "conversations": [
            {
                "from": "human",
                "value": "<image>\nHow does it grow (e.g., tree, shrub, herb)?"
            },
            {
                "from": "gpt",
                "value": "Growth Form: Roses are typically shrubs, though some varieties grow as climbers or trailing plants."
            }
        ]
    },
    {
        "id": "31",
        "image": "downloaded_images/Plants/Rose/image_20241018_173215_4.jpg",
        "conversations": [
            {
                "from": "human",
                "value": "<image>\nHow does it grow (e.g., tree, shrub, herb)?"
            },
            {
                "from": "gpt",
                "value": "Growth Form: Roses are typically shrubs, though some varieties grow as climbers or trailing plants."
            }
        ]
    },
    {
        "id": "32",
        "image": "downloaded_images/Plants/Rose/image_20241107_183230_16.jpg",
        "conversations": [
            {
                "from": "human",
                "value": "<image>\nHow does it grow (e.g., tree, shrub, herb)?"
            },
            {
                "from": "gpt",
                "value": "Growth Form: Roses are typically shrubs, though some varieties grow as climbers or trailing plants."
            }
        ]
    },
    {
        "id": "33",
        "image": "downloaded_images/Plants/Rose/image_20241018_173243_7.jpg",
        "conversations": [
            {
                "from": "human",
                "value": "<image>\nHow does it grow (e.g., tree, shrub, herb)?"
            },
            {
                "from": "gpt",
                "value": "Growth Form: Roses are typically shrubs, though some varieties grow as climbers or trailing plants."
            }
        ]
    },
    {
        "id": "34",
        "image": "downloaded_images/Plants/Rose/image_20241107_183143_11.jpg",
        "conversations": [
            {
                "from": "human",
                "value": "<image>\nHow does it grow (e.g., tree, shrub, herb)?"
            },
            {
                "from": "gpt",
                "value": "Growth Form: Roses are typically shrubs, though some varieties grow as climbers or trailing plants."
            }
        ]
    }
]