[
    {
        "id": "83",
        "image": "downloaded_images/Astronomy/Saturn/image_20241017_200916_1.jpg",
        "conversations": [
            {
                "from": "human",
                "value": "<image>\nWhat is its position in the solar system?"
            },
            {
                "from": "gpt",
                "value": "6th from the Sun"
            }
        ]
    },
    {
        "id": "84",
        "image": "downloaded_images/Astronomy/Saturn/image_20241017_200916_1.jpg",
        "conversations": [
            {
                "from": "human",
                "value": "<image>\nWhat is the planet's classification?"
            },
            {
                "from": "gpt",
                "value": "Gas giant"
            }
        ]
    },
    {
        "id": "85",
        "image": "downloaded_images/Astronomy/Saturn/image_20241017_201209_16.jpg",
        "conversations": [
            {
                "from": "human",
                "value": "<image>\nDoes it have a ring system?"
            },
            {
                "from": "gpt",
                "value": "If so, how extensive is it?  \n   Yes, Saturn has a prominent and extensive ring system, which is the most developed and complex in the solar system. The rings are made up of ice and rock particles and extend outwards for thousands of kilometers."
            }
        ]
    },
    {
        "id": "86",
        "image": "downloaded_images/Astronomy/Saturn/image_20241017_201042_8.jpg",
        "conversations": [
            {
                "from": "human",
                "value": "<image>\nHow long does it take for this planet to orbit the Sun?"
            },
            {
                "from": "gpt",
                "value": "Saturn takes about 29.5 Earth years to complete one orbit around the Sun."
            }
        ]
    },
    {
        "id": "87",
        "image": "downloaded_images/Astronomy/Saturn/image_20241106_110341_18.jpg",
        "conversations": [
            {
                "from": "human",
                "value": "<image>\nWhat is its position in the solar system?"
            },
            {
                "from": "gpt",
                "value": "6th from the Sun"
            }
        ]
    },
    {
        "id": "88",
        "image": "downloaded_images/Astronomy/Saturn/image_20241017_201009_5.jpg",
        "conversations": [
            {
                "from": "human",
                "value": "<image>\nWhat is its position in the solar system?"
            },
            {
                "from": "gpt",
                "value": "6th from the Sun"
            }
        ]
    },
    {
        "id": "89",
        "image": "downloaded_images/Astronomy/Saturn/image_20241106_110317_15.jpg",
        "conversations": [
            {
                "from": "human",
                "value": "<image>\nWhat is its position in the solar system?"
            },
            {
                "from": "gpt",
                "value": "6th from the Sun"
            }
        ]
    },
    {
        "id": "90",
        "image": "downloaded_images/Astronomy/Saturn/image_20241106_110219_9.jpg",
        "conversations": [
            {
                "from": "human",
                "value": "<image>\nWhat is its position in the solar system?"
            },
            {
                "from": "gpt",
                "value": "6th from the Sun"
            }
        ]
    },
    {
        "id": "91",
        "image": "downloaded_images/Astronomy/Saturn/image_20241106_110239_11.jpg",
        "conversations": [
            {
                "from": "human",
                "value": "<image>\nWhat is its position in the solar system?"
            },
            {
                "from": "gpt",
                "value": "6th from the Sun"
            }
        ]
    },
    {
        "id": "92",
        "image": "downloaded_images/Astronomy/Saturn/image_20241017_200958_4.jpg",
        "conversations": [
            {
                "from": "human",
                "value": "<image>\nWhat is the planet's classification?"
            },
            {
                "from": "gpt",
                "value": "Gas giant"
            }
        ]
    },
    {
        "id": "93",
        "image": "downloaded_images/Astronomy/Saturn/image_20241106_110125_3.jpg",
        "conversations": [
            {
                "from": "human",
                "value": "<image>\nWhat is the planet's classification?"
            },
            {
                "from": "gpt",
                "value": "Gas giant"
            }
        ]
    },
    {
        "id": "94",
        "image": "downloaded_images/Astronomy/Saturn/image_20241106_110400_20.jpg",
        "conversations": [
            {
                "from": "human",
                "value": "<image>\nWhat is the planet's classification?"
            },
            {
                "from": "gpt",
                "value": "Gas giant"
            }
        ]
    },
    {
        "id": "95",
        "image": "downloaded_images/Astronomy/Saturn/image_20241017_201110_11.jpg",
        "conversations": [
            {
                "from": "human",
                "value": "<image>\nWhat is the planet's classification?"
            },
            {
                "from": "gpt",
                "value": "Gas giant"
            }
        ]
    },
    {
        "id": "96",
        "image": "downloaded_images/Astronomy/Saturn/image_20241017_201009_5.jpg",
        "conversations": [
            {
                "from": "human",
                "value": "<image>\nWhat is the planet's classification?"
            },
            {
                "from": "gpt",
                "value": "Gas giant"
            }
        ]
    },
    {
        "id": "97",
        "image": "downloaded_images/Astronomy/Saturn/image_20241017_200927_2.jpg",
        "conversations": [
            {
                "from": "human",
                "value": "<image>\nDoes it have a ring system?"
            },
            {
                "from": "gpt",
                "value": "If so, how extensive is it?  \n   Yes, Saturn has a prominent and extensive ring system, which is the most developed and complex in the solar system. The rings are made up of ice and rock particles and extend outwards for thousands of kilometers."
            }
        ]
    },
    {
        "id": "98",
        "image": "downloaded_images/Astronomy/Saturn/image_20241017_201130_13.jpg",
        "conversations": [
            {
                "from": "human",
                "value": "<image>\nDoes it have a ring system?"
            },
            {
                "from": "gpt",
                "value": "If so, how extensive is it?  \n   Yes, Saturn has a prominent and extensive ring system, which is the most developed and complex in the solar system. The rings are made up of ice and rock particles and extend outwards for thousands of kilometers."
            }
        ]
    },
    {
        "id": "99",
        "image": "downloaded_images/Astronomy/Saturn/image_20241106_110324_16.jpg",
        "conversations": [
            {
                "from": "human",
                "value": "<image>\nDoes it have a ring system?"
            },
            {
                "from": "gpt",
                "value": "If so, how extensive is it?  \n   Yes, Saturn has a prominent and extensive ring system, which is the most developed and complex in the solar system. The rings are made up of ice and rock particles and extend outwards for thousands of kilometers."
            }
        ]
    },
    {
        "id": "100",
        "image": "downloaded_images/Astronomy/Saturn/image_20241106_110445_25.jpg",
        "conversations": [
            {
                "from": "human",
                "value": "<image>\nDoes it have a ring system?"
            },
            {
                "from": "gpt",
                "value": "If so, how extensive is it?  \n   Yes, Saturn has a prominent and extensive ring system, which is the most developed and complex in the solar system. The rings are made up of ice and rock particles and extend outwards for thousands of kilometers."
            }
        ]
    },
    {
        "id": "101",
        "image": "downloaded_images/Astronomy/Saturn/image_20241106_110239_11.jpg",
        "conversations": [
            {
                "from": "human",
                "value": "<image>\nDoes it have a ring system?"
            },
            {
                "from": "gpt",
                "value": "If so, how extensive is it?  \n   Yes, Saturn has a prominent and extensive ring system, which is the most developed and complex in the solar system. The rings are made up of ice and rock particles and extend outwards for thousands of kilometers."
            }
        ]
    },
    {
        "id": "102",
        "image": "downloaded_images/Astronomy/Saturn/image_20241106_110125_3.jpg",
        "conversations": [
            {
                "from": "human",
                "value": "<image>\nHow long does it take for this planet to orbit the Sun?"
            },
            {
                "from": "gpt",
                "value": "Saturn takes about 29.5 Earth years to complete one orbit around the Sun."
            }
        ]
    },
    {
        "id": "103",
        "image": "downloaded_images/Astronomy/Saturn/image_20241106_110134_4.jpg",
        "conversations": [
            {
                "from": "human",
                "value": "<image>\nHow long does it take for this planet to orbit the Sun?"
            },
            {
                "from": "gpt",
                "value": "Saturn takes about 29.5 Earth years to complete one orbit around the Sun."
            }
        ]
    },
    {
        "id": "104",
        "image": "downloaded_images/Astronomy/Saturn/image_20241106_110513_28.jpg",
        "conversations": [
            {
                "from": "human",
                "value": "<image>\nHow long does it take for this planet to orbit the Sun?"
            },
            {
                "from": "gpt",
                "value": "Saturn takes about 29.5 Earth years to complete one orbit around the Sun."
            }
        ]
    },
    {
        "id": "105",
        "image": "downloaded_images/Astronomy/Saturn/image_20241106_110429_23.jpg",
        "conversations": [
            {
                "from": "human",
                "value": "<image>\nHow long does it take for this planet to orbit the Sun?"
            },
            {
                "from": "gpt",
                "value": "Saturn takes about 29.5 Earth years to complete one orbit around the Sun."
            }
        ]
    },
    {
        "id": "106",
        "image": "downloaded_images/Astronomy/Saturn/image_20241106_110437_24.jpg",
        "conversations": [
            {
                "from": "human",
                "value": "<image>\nHow long does it take for this planet to orbit the Sun?"
            },
            {
                "from": "gpt",
                "value": "Saturn takes about 29.5 Earth years to complete one orbit around the Sun."
            }
        ]
    }
]