[
    {
        "id": "16",
        "image": "downloaded_images/Movies/Saving_Private_Ryan/image_20241018_145221_1.jpg",
        "conversations": [
            {
                "from": "human",
                "value": "<image>\nWhat is the title of this movie?"
            },
            {
                "from": "gpt",
                "value": "The title of the movie is \"Saving Private Ryan.\""
            }
        ]
    },
    {
        "id": "17",
        "image": "downloaded_images/Movies/Saving_Private_Ryan/image_20241018_145221_1.jpg",
        "conversations": [
            {
                "from": "human",
                "value": "<image>\nWho directed this film?"
            },
            {
                "from": "gpt",
                "value": "The film was directed by Steven Spielberg."
            }
        ]
    },
    {
        "id": "18",
        "image": "downloaded_images/Movies/Saving_Private_Ryan/image_20241107_122016_1.jpg",
        "conversations": [
            {
                "from": "human",
                "value": "<image>\nWhen was this film released?"
            },
            {
                "from": "gpt",
                "value": "\"Saving Private Ryan\" was released on July 24, 1998."
            }
        ]
    },
    {
        "id": "19",
        "image": "downloaded_images/Movies/Saving_Private_Ryan/image_20241107_122016_1.jpg",
        "conversations": [
            {
                "from": "human",
                "value": "<image>\nWho are the main actors or actresses in this movie?"
            },
            {
                "from": "gpt",
                "value": "The main actors in the film include Tom Hanks, Matt Damon, Tom Sizemore, Edward Burns, and Vin Diesel."
            }
        ]
    },
    {
        "id": "20",
        "image": "downloaded_images/Movies/Saving_Private_Ryan/image_20241018_145351_11.jpg",
        "conversations": [
            {
                "from": "human",
                "value": "<image>\nWhat is the central plot or storyline of this movie?"
            },
            {
                "from": "gpt",
                "value": "The central plot of \"Saving Private Ryan\" revolves around a group of U.S. soldiers during World War II who are tasked with finding and bringing home Private James Ryan, the last surviving brother of four servicemen. The film begins with the D-Day invasion of Normandy and follows Captain Miller (played by Tom Hanks) and his squad as they navigate the horrors of war to locate Ryan, who is paratrooping somewhere in France. The film is renowned for its realistic portrayal of combat and the sacrifices made by soldiers during the war."
            }
        ]
    },
    {
        "id": "21",
        "image": "downloaded_images/Movies/Saving_Private_Ryan/image_20241107_122236_16.jpg",
        "conversations": [
            {
                "from": "human",
                "value": "<image>\nWhat is the title of this movie?"
            },
            {
                "from": "gpt",
                "value": "The title of the movie is \"Saving Private Ryan.\""
            }
        ]
    },
    {
        "id": "22",
        "image": "downloaded_images/Movies/Saving_Private_Ryan/image_20241018_145351_11.jpg",
        "conversations": [
            {
                "from": "human",
                "value": "<image>\nWhat is the title of this movie?"
            },
            {
                "from": "gpt",
                "value": "The title of the movie is \"Saving Private Ryan.\""
            }
        ]
    },
    {
        "id": "23",
        "image": "downloaded_images/Movies/Saving_Private_Ryan/image_20241107_122115_7.jpg",
        "conversations": [
            {
                "from": "human",
                "value": "<image>\nWhat is the title of this movie?"
            },
            {
                "from": "gpt",
                "value": "The title of the movie is \"Saving Private Ryan.\""
            }
        ]
    },
    {
        "id": "24",
        "image": "downloaded_images/Movies/Saving_Private_Ryan/image_20241107_122403_26.jpg",
        "conversations": [
            {
                "from": "human",
                "value": "<image>\nWhat is the title of this movie?"
            },
            {
                "from": "gpt",
                "value": "The title of the movie is \"Saving Private Ryan.\""
            }
        ]
    },
    {
        "id": "25",
        "image": "downloaded_images/Movies/Saving_Private_Ryan/image_20241107_122328_22.jpg",
        "conversations": [
            {
                "from": "human",
                "value": "<image>\nWhat is the title of this movie?"
            },
            {
                "from": "gpt",
                "value": "The title of the movie is \"Saving Private Ryan.\""
            }
        ]
    },
    {
        "id": "26",
        "image": "downloaded_images/Movies/Saving_Private_Ryan/image_20241018_145409_13.jpg",
        "conversations": [
            {
                "from": "human",
                "value": "<image>\nWho directed this film?"
            },
            {
                "from": "gpt",
                "value": "The film was directed by Steven Spielberg."
            }
        ]
    },
    {
        "id": "27",
        "image": "downloaded_images/Movies/Saving_Private_Ryan/image_20241018_145516_21.jpg",
        "conversations": [
            {
                "from": "human",
                "value": "<image>\nWho directed this film?"
            },
            {
                "from": "gpt",
                "value": "The film was directed by Steven Spielberg."
            }
        ]
    },
    {
        "id": "28",
        "image": "downloaded_images/Movies/Saving_Private_Ryan/image_20241018_145400_12.jpg",
        "conversations": [
            {
                "from": "human",
                "value": "<image>\nWho directed this film?"
            },
            {
                "from": "gpt",
                "value": "The film was directed by Steven Spielberg."
            }
        ]
    },
    {
        "id": "29",
        "image": "downloaded_images/Movies/Saving_Private_Ryan/image_20241107_122115_7.jpg",
        "conversations": [
            {
                "from": "human",
                "value": "<image>\nWho directed this film?"
            },
            {
                "from": "gpt",
                "value": "The film was directed by Steven Spielberg."
            }
        ]
    },
    {
        "id": "30",
        "image": "downloaded_images/Movies/Saving_Private_Ryan/image_20241018_145351_11.jpg",
        "conversations": [
            {
                "from": "human",
                "value": "<image>\nWho directed this film?"
            },
            {
                "from": "gpt",
                "value": "The film was directed by Steven Spielberg."
            }
        ]
    },
    {
        "id": "31",
        "image": "downloaded_images/Movies/Saving_Private_Ryan/image_20241107_122451_29.jpg",
        "conversations": [
            {
                "from": "human",
                "value": "<image>\nWhen was this film released?"
            },
            {
                "from": "gpt",
                "value": "\"Saving Private Ryan\" was released on July 24, 1998."
            }
        ]
    },
    {
        "id": "32",
        "image": "downloaded_images/Movies/Saving_Private_Ryan/image_20241018_145340_10.jpg",
        "conversations": [
            {
                "from": "human",
                "value": "<image>\nWhen was this film released?"
            },
            {
                "from": "gpt",
                "value": "\"Saving Private Ryan\" was released on July 24, 1998."
            }
        ]
    },
    {
        "id": "33",
        "image": "downloaded_images/Movies/Saving_Private_Ryan/image_20241107_122420_28.jpg",
        "conversations": [
            {
                "from": "human",
                "value": "<image>\nWhen was this film released?"
            },
            {
                "from": "gpt",
                "value": "\"Saving Private Ryan\" was released on July 24, 1998."
            }
        ]
    },
    {
        "id": "34",
        "image": "downloaded_images/Movies/Saving_Private_Ryan/image_20241107_122500_30.jpg",
        "conversations": [
            {
                "from": "human",
                "value": "<image>\nWhen was this film released?"
            },
            {
                "from": "gpt",
                "value": "\"Saving Private Ryan\" was released on July 24, 1998."
            }
        ]
    },
    {
        "id": "35",
        "image": "downloaded_images/Movies/Saving_Private_Ryan/image_20241107_122215_14.jpg",
        "conversations": [
            {
                "from": "human",
                "value": "<image>\nWhen was this film released?"
            },
            {
                "from": "gpt",
                "value": "\"Saving Private Ryan\" was released on July 24, 1998."
            }
        ]
    },
    {
        "id": "36",
        "image": "downloaded_images/Movies/Saving_Private_Ryan/image_20241107_122403_26.jpg",
        "conversations": [
            {
                "from": "human",
                "value": "<image>\nWho are the main actors or actresses in this movie?"
            },
            {
                "from": "gpt",
                "value": "The main actors in the film include Tom Hanks, Matt Damon, Tom Sizemore, Edward Burns, and Vin Diesel."
            }
        ]
    },
    {
        "id": "37",
        "image": "downloaded_images/Movies/Saving_Private_Ryan/image_20241107_122149_11.jpg",
        "conversations": [
            {
                "from": "human",
                "value": "<image>\nWho are the main actors or actresses in this movie?"
            },
            {
                "from": "gpt",
                "value": "The main actors in the film include Tom Hanks, Matt Damon, Tom Sizemore, Edward Burns, and Vin Diesel."
            }
        ]
    },
    {
        "id": "38",
        "image": "downloaded_images/Movies/Saving_Private_Ryan/image_20241107_122311_20.jpg",
        "conversations": [
            {
                "from": "human",
                "value": "<image>\nWho are the main actors or actresses in this movie?"
            },
            {
                "from": "gpt",
                "value": "The main actors in the film include Tom Hanks, Matt Damon, Tom Sizemore, Edward Burns, and Vin Diesel."
            }
        ]
    },
    {
        "id": "39",
        "image": "downloaded_images/Movies/Saving_Private_Ryan/image_20241107_122140_10.jpg",
        "conversations": [
            {
                "from": "human",
                "value": "<image>\nWho are the main actors or actresses in this movie?"
            },
            {
                "from": "gpt",
                "value": "The main actors in the film include Tom Hanks, Matt Damon, Tom Sizemore, Edward Burns, and Vin Diesel."
            }
        ]
    },
    {
        "id": "40",
        "image": "downloaded_images/Movies/Saving_Private_Ryan/image_20241107_122123_8.jpg",
        "conversations": [
            {
                "from": "human",
                "value": "<image>\nWho are the main actors or actresses in this movie?"
            },
            {
                "from": "gpt",
                "value": "The main actors in the film include Tom Hanks, Matt Damon, Tom Sizemore, Edward Burns, and Vin Diesel."
            }
        ]
    },
    {
        "id": "41",
        "image": "downloaded_images/Movies/Saving_Private_Ryan/image_20241107_122346_24.jpg",
        "conversations": [
            {
                "from": "human",
                "value": "<image>\nWhat is the central plot or storyline of this movie?"
            },
            {
                "from": "gpt",
                "value": "The central plot of \"Saving Private Ryan\" revolves around a group of U.S. soldiers during World War II who are tasked with finding and bringing home Private James Ryan, the last surviving brother of four servicemen. The film begins with the D-Day invasion of Normandy and follows Captain Miller (played by Tom Hanks) and his squad as they navigate the horrors of war to locate Ryan, who is paratrooping somewhere in France. The film is renowned for its realistic portrayal of combat and the sacrifices made by soldiers during the war."
            }
        ]
    },
    {
        "id": "42",
        "image": "downloaded_images/Movies/Saving_Private_Ryan/image_20241107_122132_9.jpg",
        "conversations": [
            {
                "from": "human",
                "value": "<image>\nWhat is the central plot or storyline of this movie?"
            },
            {
                "from": "gpt",
                "value": "The central plot of \"Saving Private Ryan\" revolves around a group of U.S. soldiers during World War II who are tasked with finding and bringing home Private James Ryan, the last surviving brother of four servicemen. The film begins with the D-Day invasion of Normandy and follows Captain Miller (played by Tom Hanks) and his squad as they navigate the horrors of war to locate Ryan, who is paratrooping somewhere in France. The film is renowned for its realistic portrayal of combat and the sacrifices made by soldiers during the war."
            }
        ]
    },
    {
        "id": "43",
        "image": "downloaded_images/Movies/Saving_Private_Ryan/image_20241107_122140_10.jpg",
        "conversations": [
            {
                "from": "human",
                "value": "<image>\nWhat is the central plot or storyline of this movie?"
            },
            {
                "from": "gpt",
                "value": "The central plot of \"Saving Private Ryan\" revolves around a group of U.S. soldiers during World War II who are tasked with finding and bringing home Private James Ryan, the last surviving brother of four servicemen. The film begins with the D-Day invasion of Normandy and follows Captain Miller (played by Tom Hanks) and his squad as they navigate the horrors of war to locate Ryan, who is paratrooping somewhere in France. The film is renowned for its realistic portrayal of combat and the sacrifices made by soldiers during the war."
            }
        ]
    },
    {
        "id": "44",
        "image": "downloaded_images/Movies/Saving_Private_Ryan/image_20241107_122500_30.jpg",
        "conversations": [
            {
                "from": "human",
                "value": "<image>\nWhat is the central plot or storyline of this movie?"
            },
            {
                "from": "gpt",
                "value": "The central plot of \"Saving Private Ryan\" revolves around a group of U.S. soldiers during World War II who are tasked with finding and bringing home Private James Ryan, the last surviving brother of four servicemen. The film begins with the D-Day invasion of Normandy and follows Captain Miller (played by Tom Hanks) and his squad as they navigate the horrors of war to locate Ryan, who is paratrooping somewhere in France. The film is renowned for its realistic portrayal of combat and the sacrifices made by soldiers during the war."
            }
        ]
    },
    {
        "id": "45",
        "image": "downloaded_images/Movies/Saving_Private_Ryan/image_20241107_122048_5.jpg",
        "conversations": [
            {
                "from": "human",
                "value": "<image>\nWhat is the central plot or storyline of this movie?"
            },
            {
                "from": "gpt",
                "value": "The central plot of \"Saving Private Ryan\" revolves around a group of U.S. soldiers during World War II who are tasked with finding and bringing home Private James Ryan, the last surviving brother of four servicemen. The film begins with the D-Day invasion of Normandy and follows Captain Miller (played by Tom Hanks) and his squad as they navigate the horrors of war to locate Ryan, who is paratrooping somewhere in France. The film is renowned for its realistic portrayal of combat and the sacrifices made by soldiers during the war."
            }
        ]
    }
]