[
    {
        "id": "84",
        "image": "downloaded_images/Personage/Scarlett_Johansson/image_20241018_162434_6.jpg",
        "conversations": [
            {
                "from": "human",
                "value": "<image>\nWhat is this person's name?"
            },
            {
                "from": "gpt",
                "value": "Scarlett Johansson"
            }
        ]
    },
    {
        "id": "85",
        "image": "downloaded_images/Personage/Scarlett_Johansson/image_20241018_162612_17.jpg",
        "conversations": [
            {
                "from": "human",
                "value": "<image>\nWhat is this person's profession?"
            },
            {
                "from": "gpt",
                "value": "Scarlett Johansson is an actress and singer."
            }
        ]
    },
    {
        "id": "86",
        "image": "downloaded_images/Personage/Scarlett_Johansson/image_20241018_162434_6.jpg",
        "conversations": [
            {
                "from": "human",
                "value": "<image>\nWhat contributions has this person made to society or industry?"
            },
            {
                "from": "gpt",
                "value": "Scarlett Johansson has contributed to the film industry through her diverse roles and performances, helping to redefine female characters in action and drama genres. She is also known for her advocacy work, including support for women's rights and various charitable causes. Additionally, she has been involved in projects that promote diversity and representation in Hollywood."
            }
        ]
    },
    {
        "id": "87",
        "image": "downloaded_images/Personage/Scarlett_Johansson/image_20241107_161144_29.jpg",
        "conversations": [
            {
                "from": "human",
                "value": "<image>\nWhat is this person's name?"
            },
            {
                "from": "gpt",
                "value": "Scarlett Johansson"
            }
        ]
    },
    {
        "id": "88",
        "image": "downloaded_images/Personage/Scarlett_Johansson/image_20241018_162417_4.jpg",
        "conversations": [
            {
                "from": "human",
                "value": "<image>\nWhat is this person's name?"
            },
            {
                "from": "gpt",
                "value": "Scarlett Johansson"
            }
        ]
    },
    {
        "id": "89",
        "image": "downloaded_images/Personage/Scarlett_Johansson/image_20241107_160846_8.jpg",
        "conversations": [
            {
                "from": "human",
                "value": "<image>\nWhat is this person's name?"
            },
            {
                "from": "gpt",
                "value": "Scarlett Johansson"
            }
        ]
    },
    {
        "id": "90",
        "image": "downloaded_images/Personage/Scarlett_Johansson/image_20241107_161044_22.jpg",
        "conversations": [
            {
                "from": "human",
                "value": "<image>\nWhat is this person's name?"
            },
            {
                "from": "gpt",
                "value": "Scarlett Johansson"
            }
        ]
    },
    {
        "id": "91",
        "image": "downloaded_images/Personage/Scarlett_Johansson/image_20241107_160819_5.jpg",
        "conversations": [
            {
                "from": "human",
                "value": "<image>\nWhat is this person's name?"
            },
            {
                "from": "gpt",
                "value": "Scarlett Johansson"
            }
        ]
    },
    {
        "id": "92",
        "image": "downloaded_images/Personage/Scarlett_Johansson/image_20241018_162417_4.jpg",
        "conversations": [
            {
                "from": "human",
                "value": "<image>\nWhat is this person's profession?"
            },
            {
                "from": "gpt",
                "value": "Scarlett Johansson is an actress and singer."
            }
        ]
    },
    {
        "id": "93",
        "image": "downloaded_images/Personage/Scarlett_Johansson/image_20241107_160846_8.jpg",
        "conversations": [
            {
                "from": "human",
                "value": "<image>\nWhat is this person's profession?"
            },
            {
                "from": "gpt",
                "value": "Scarlett Johansson is an actress and singer."
            }
        ]
    },
    {
        "id": "94",
        "image": "downloaded_images/Personage/Scarlett_Johansson/image_20241107_160918_12.jpg",
        "conversations": [
            {
                "from": "human",
                "value": "<image>\nWhat is this person's profession?"
            },
            {
                "from": "gpt",
                "value": "Scarlett Johansson is an actress and singer."
            }
        ]
    },
    {
        "id": "95",
        "image": "downloaded_images/Personage/Scarlett_Johansson/image_20241107_161110_25.jpg",
        "conversations": [
            {
                "from": "human",
                "value": "<image>\nWhat is this person's profession?"
            },
            {
                "from": "gpt",
                "value": "Scarlett Johansson is an actress and singer."
            }
        ]
    },
    {
        "id": "96",
        "image": "downloaded_images/Personage/Scarlett_Johansson/image_20241107_161011_18.jpg",
        "conversations": [
            {
                "from": "human",
                "value": "<image>\nWhat is this person's profession?"
            },
            {
                "from": "gpt",
                "value": "Scarlett Johansson is an actress and singer."
            }
        ]
    },
    {
        "id": "97",
        "image": "downloaded_images/Personage/Scarlett_Johansson/image_20241107_160909_11.jpg",
        "conversations": [
            {
                "from": "human",
                "value": "<image>\nWhat contributions has this person made to society or industry?"
            },
            {
                "from": "gpt",
                "value": "Scarlett Johansson has contributed to the film industry through her diverse roles and performances, helping to redefine female characters in action and drama genres. She is also known for her advocacy work, including support for women's rights and various charitable causes. Additionally, she has been involved in projects that promote diversity and representation in Hollywood."
            }
        ]
    },
    {
        "id": "98",
        "image": "downloaded_images/Personage/Scarlett_Johansson/image_20241018_162506_10.jpg",
        "conversations": [
            {
                "from": "human",
                "value": "<image>\nWhat contributions has this person made to society or industry?"
            },
            {
                "from": "gpt",
                "value": "Scarlett Johansson has contributed to the film industry through her diverse roles and performances, helping to redefine female characters in action and drama genres. She is also known for her advocacy work, including support for women's rights and various charitable causes. Additionally, she has been involved in projects that promote diversity and representation in Hollywood."
            }
        ]
    },
    {
        "id": "99",
        "image": "downloaded_images/Personage/Scarlett_Johansson/image_20241107_161002_17.jpg",
        "conversations": [
            {
                "from": "human",
                "value": "<image>\nWhat contributions has this person made to society or industry?"
            },
            {
                "from": "gpt",
                "value": "Scarlett Johansson has contributed to the film industry through her diverse roles and performances, helping to redefine female characters in action and drama genres. She is also known for her advocacy work, including support for women's rights and various charitable causes. Additionally, she has been involved in projects that promote diversity and representation in Hollywood."
            }
        ]
    },
    {
        "id": "100",
        "image": "downloaded_images/Personage/Scarlett_Johansson/image_20241018_162604_16.jpg",
        "conversations": [
            {
                "from": "human",
                "value": "<image>\nWhat contributions has this person made to society or industry?"
            },
            {
                "from": "gpt",
                "value": "Scarlett Johansson has contributed to the film industry through her diverse roles and performances, helping to redefine female characters in action and drama genres. She is also known for her advocacy work, including support for women's rights and various charitable causes. Additionally, she has been involved in projects that promote diversity and representation in Hollywood."
            }
        ]
    },
    {
        "id": "101",
        "image": "downloaded_images/Personage/Scarlett_Johansson/image_20241107_161127_27.jpg",
        "conversations": [
            {
                "from": "human",
                "value": "<image>\nWhat contributions has this person made to society or industry?"
            },
            {
                "from": "gpt",
                "value": "Scarlett Johansson has contributed to the film industry through her diverse roles and performances, helping to redefine female characters in action and drama genres. She is also known for her advocacy work, including support for women's rights and various charitable causes. Additionally, she has been involved in projects that promote diversity and representation in Hollywood."
            }
        ]
    }
]