[
    {
        "id": "44",
        "image": "downloaded_images/Movies/Spirited_Away/image_20241107_112602_1.jpg",
        "conversations": [
            {
                "from": "human",
                "value": "<image>\nWhat is the title of this movie?"
            },
            {
                "from": "gpt",
                "value": "The title of the movie is \"Spirited Away.\""
            }
        ]
    },
    {
        "id": "45",
        "image": "downloaded_images/Movies/Spirited_Away/image_20241107_112602_1.jpg",
        "conversations": [
            {
                "from": "human",
                "value": "<image>\nWho directed this film?"
            },
            {
                "from": "gpt",
                "value": "The film was directed by Hayao Miyazaki."
            }
        ]
    },
    {
        "id": "46",
        "image": "downloaded_images/Movies/Spirited_Away/image_20241107_112602_1.jpg",
        "conversations": [
            {
                "from": "human",
                "value": "<image>\nWhen was this film released?"
            },
            {
                "from": "gpt",
                "value": "\"Spirited Away\" was released on July 20, 2001."
            }
        ]
    },
    {
        "id": "47",
        "image": "downloaded_images/Movies/Spirited_Away/image_20241018_140137_3.jpg",
        "conversations": [
            {
                "from": "human",
                "value": "<image>\nWhat is the central plot or storyline of this movie?"
            },
            {
                "from": "gpt",
                "value": "The central plot of \"Spirited Away\" follows a young girl named Chihiro who, while moving to a new neighborhood with her parents, stumbles upon a mysterious and abandoned amusement park. When her parents are transformed into pigs after eating food meant for the spirits, Chihiro must navigate a magical world filled with spirits and strange creatures to save them. She takes a job at a bathhouse run by the witch Yubaba and embarks on a journey of self-discovery, courage, and friendship as she seeks to find a way to free her parents and return to the human world."
            }
        ]
    },
    {
        "id": "48",
        "image": "downloaded_images/Movies/Spirited_Away/image_20241107_112933_25.jpg",
        "conversations": [
            {
                "from": "human",
                "value": "<image>\nWhat is the title of this movie?"
            },
            {
                "from": "gpt",
                "value": "The title of the movie is \"Spirited Away.\""
            }
        ]
    },
    {
        "id": "49",
        "image": "downloaded_images/Movies/Spirited_Away/image_20241107_112613_2.jpg",
        "conversations": [
            {
                "from": "human",
                "value": "<image>\nWhat is the title of this movie?"
            },
            {
                "from": "gpt",
                "value": "The title of the movie is \"Spirited Away.\""
            }
        ]
    },
    {
        "id": "50",
        "image": "downloaded_images/Movies/Spirited_Away/image_20241107_112907_22.jpg",
        "conversations": [
            {
                "from": "human",
                "value": "<image>\nWhat is the title of this movie?"
            },
            {
                "from": "gpt",
                "value": "The title of the movie is \"Spirited Away.\""
            }
        ]
    },
    {
        "id": "51",
        "image": "downloaded_images/Movies/Spirited_Away/image_20241107_112949_27.jpg",
        "conversations": [
            {
                "from": "human",
                "value": "<image>\nWhat is the title of this movie?"
            },
            {
                "from": "gpt",
                "value": "The title of the movie is \"Spirited Away.\""
            }
        ]
    },
    {
        "id": "52",
        "image": "downloaded_images/Movies/Spirited_Away/image_20241107_113006_29.jpg",
        "conversations": [
            {
                "from": "human",
                "value": "<image>\nWhat is the title of this movie?"
            },
            {
                "from": "gpt",
                "value": "The title of the movie is \"Spirited Away.\""
            }
        ]
    },
    {
        "id": "53",
        "image": "downloaded_images/Movies/Spirited_Away/image_20241107_112834_18.jpg",
        "conversations": [
            {
                "from": "human",
                "value": "<image>\nWho directed this film?"
            },
            {
                "from": "gpt",
                "value": "The film was directed by Hayao Miyazaki."
            }
        ]
    },
    {
        "id": "54",
        "image": "downloaded_images/Movies/Spirited_Away/image_20241107_112826_17.jpg",
        "conversations": [
            {
                "from": "human",
                "value": "<image>\nWho directed this film?"
            },
            {
                "from": "gpt",
                "value": "The film was directed by Hayao Miyazaki."
            }
        ]
    },
    {
        "id": "55",
        "image": "downloaded_images/Movies/Spirited_Away/image_20241107_112949_27.jpg",
        "conversations": [
            {
                "from": "human",
                "value": "<image>\nWho directed this film?"
            },
            {
                "from": "gpt",
                "value": "The film was directed by Hayao Miyazaki."
            }
        ]
    },
    {
        "id": "56",
        "image": "downloaded_images/Movies/Spirited_Away/image_20241107_112809_15.jpg",
        "conversations": [
            {
                "from": "human",
                "value": "<image>\nWho directed this film?"
            },
            {
                "from": "gpt",
                "value": "The film was directed by Hayao Miyazaki."
            }
        ]
    },
    {
        "id": "57",
        "image": "downloaded_images/Movies/Spirited_Away/image_20241018_140317_12.jpg",
        "conversations": [
            {
                "from": "human",
                "value": "<image>\nWho directed this film?"
            },
            {
                "from": "gpt",
                "value": "The film was directed by Hayao Miyazaki."
            }
        ]
    },
    {
        "id": "58",
        "image": "downloaded_images/Movies/Spirited_Away/image_20241107_113006_29.jpg",
        "conversations": [
            {
                "from": "human",
                "value": "<image>\nWhen was this film released?"
            },
            {
                "from": "gpt",
                "value": "\"Spirited Away\" was released on July 20, 2001."
            }
        ]
    },
    {
        "id": "59",
        "image": "downloaded_images/Movies/Spirited_Away/image_20241018_140333_14.jpg",
        "conversations": [
            {
                "from": "human",
                "value": "<image>\nWhen was this film released?"
            },
            {
                "from": "gpt",
                "value": "\"Spirited Away\" was released on July 20, 2001."
            }
        ]
    },
    {
        "id": "60",
        "image": "downloaded_images/Movies/Spirited_Away/image_20241107_112949_27.jpg",
        "conversations": [
            {
                "from": "human",
                "value": "<image>\nWhen was this film released?"
            },
            {
                "from": "gpt",
                "value": "\"Spirited Away\" was released on July 20, 2001."
            }
        ]
    },
    {
        "id": "61",
        "image": "downloaded_images/Movies/Spirited_Away/image_20241107_112941_26.jpg",
        "conversations": [
            {
                "from": "human",
                "value": "<image>\nWhen was this film released?"
            },
            {
                "from": "gpt",
                "value": "\"Spirited Away\" was released on July 20, 2001."
            }
        ]
    },
    {
        "id": "62",
        "image": "downloaded_images/Movies/Spirited_Away/image_20241107_112907_22.jpg",
        "conversations": [
            {
                "from": "human",
                "value": "<image>\nWhen was this film released?"
            },
            {
                "from": "gpt",
                "value": "\"Spirited Away\" was released on July 20, 2001."
            }
        ]
    },
    {
        "id": "63",
        "image": "downloaded_images/Movies/Spirited_Away/image_20241018_140317_12.jpg",
        "conversations": [
            {
                "from": "human",
                "value": "<image>\nWhat is the central plot or storyline of this movie?"
            },
            {
                "from": "gpt",
                "value": "The central plot of \"Spirited Away\" follows a young girl named Chihiro who, while moving to a new neighborhood with her parents, stumbles upon a mysterious and abandoned amusement park. When her parents are transformed into pigs after eating food meant for the spirits, Chihiro must navigate a magical world filled with spirits and strange creatures to save them. She takes a job at a bathhouse run by the witch Yubaba and embarks on a journey of self-discovery, courage, and friendship as she seeks to find a way to free her parents and return to the human world."
            }
        ]
    },
    {
        "id": "64",
        "image": "downloaded_images/Movies/Spirited_Away/image_20241107_112752_13.jpg",
        "conversations": [
            {
                "from": "human",
                "value": "<image>\nWhat is the central plot or storyline of this movie?"
            },
            {
                "from": "gpt",
                "value": "The central plot of \"Spirited Away\" follows a young girl named Chihiro who, while moving to a new neighborhood with her parents, stumbles upon a mysterious and abandoned amusement park. When her parents are transformed into pigs after eating food meant for the spirits, Chihiro must navigate a magical world filled with spirits and strange creatures to save them. She takes a job at a bathhouse run by the witch Yubaba and embarks on a journey of self-discovery, courage, and friendship as she seeks to find a way to free her parents and return to the human world."
            }
        ]
    },
    {
        "id": "65",
        "image": "downloaded_images/Movies/Spirited_Away/image_20241107_112809_15.jpg",
        "conversations": [
            {
                "from": "human",
                "value": "<image>\nWhat is the central plot or storyline of this movie?"
            },
            {
                "from": "gpt",
                "value": "The central plot of \"Spirited Away\" follows a young girl named Chihiro who, while moving to a new neighborhood with her parents, stumbles upon a mysterious and abandoned amusement park. When her parents are transformed into pigs after eating food meant for the spirits, Chihiro must navigate a magical world filled with spirits and strange creatures to save them. She takes a job at a bathhouse run by the witch Yubaba and embarks on a journey of self-discovery, courage, and friendship as she seeks to find a way to free her parents and return to the human world."
            }
        ]
    },
    {
        "id": "66",
        "image": "downloaded_images/Movies/Spirited_Away/image_20241107_112622_3.jpg",
        "conversations": [
            {
                "from": "human",
                "value": "<image>\nWhat is the central plot or storyline of this movie?"
            },
            {
                "from": "gpt",
                "value": "The central plot of \"Spirited Away\" follows a young girl named Chihiro who, while moving to a new neighborhood with her parents, stumbles upon a mysterious and abandoned amusement park. When her parents are transformed into pigs after eating food meant for the spirits, Chihiro must navigate a magical world filled with spirits and strange creatures to save them. She takes a job at a bathhouse run by the witch Yubaba and embarks on a journey of self-discovery, courage, and friendship as she seeks to find a way to free her parents and return to the human world."
            }
        ]
    },
    {
        "id": "67",
        "image": "downloaded_images/Movies/Spirited_Away/image_20241018_140145_4.jpg",
        "conversations": [
            {
                "from": "human",
                "value": "<image>\nWhat is the central plot or storyline of this movie?"
            },
            {
                "from": "gpt",
                "value": "The central plot of \"Spirited Away\" follows a young girl named Chihiro who, while moving to a new neighborhood with her parents, stumbles upon a mysterious and abandoned amusement park. When her parents are transformed into pigs after eating food meant for the spirits, Chihiro must navigate a magical world filled with spirits and strange creatures to save them. She takes a job at a bathhouse run by the witch Yubaba and embarks on a journey of self-discovery, courage, and friendship as she seeks to find a way to free her parents and return to the human world."
            }
        ]
    }
]