[
    {
        "id": "25",
        "image": "downloaded_images/TV series/Star_Trek_Discovery/image_20241018_193140_3.jpg",
        "conversations": [
            {
                "from": "human",
                "value": "<image>\nWhat is the title of this TV series?"
            },
            {
                "from": "gpt",
                "value": "The title of the TV series is \"Star Trek: Discovery.\""
            }
        ]
    },
    {
        "id": "26",
        "image": "downloaded_images/TV series/Star_Trek_Discovery/image_20241018_193331_15.jpg",
        "conversations": [
            {
                "from": "human",
                "value": "<image>\nWho created or produced this TV series?"
            },
            {
                "from": "gpt",
                "value": "\"Star Trek: Discovery\" was created by Bryan Fuller and Alex Kurtzman."
            }
        ]
    },
    {
        "id": "27",
        "image": "downloaded_images/TV series/Star_Trek_Discovery/image_20241018_193057_1.jpg",
        "conversations": [
            {
                "from": "human",
                "value": "<image>\nWhen did this TV series first premiere?"
            },
            {
                "from": "gpt",
                "value": "The series first premiered on September 24, 2017."
            }
        ]
    },
    {
        "id": "28",
        "image": "downloaded_images/TV series/Star_Trek_Discovery/image_20241018_193057_1.jpg",
        "conversations": [
            {
                "from": "human",
                "value": "<image>\nWho are the main actors and actresses in this TV series?"
            },
            {
                "from": "gpt",
                "value": "The main cast includes Sonequa Martin-Green as Michael Burnham, Doug Jones as Saru, Anthony Rapp as Paul Stamets, Mary Wiseman as Sylvia Tilly, and Jason Isaacs as Gabriel Lorca, among others."
            }
        ]
    },
    {
        "id": "29",
        "image": "downloaded_images/TV series/Star_Trek_Discovery/image_20241107_205622_4.jpg",
        "conversations": [
            {
                "from": "human",
                "value": "<image>\nWhat is the central storyline or premise of this TV series?"
            },
            {
                "from": "gpt",
                "value": "\"Star Trek: Discovery\" follows the adventures of the USS Discovery and its crew as they explore new worlds and civilizations in the 23rd century, a decade before the events of the original \"Star Trek\" series. The story primarily centers around Michael Burnham, a human raised by Vulcans, who finds herself at the center of a conflict between the United Federation of Planets and the Klingon Empire, while also exploring themes of redemption, identity, and the consequences of war."
            }
        ]
    },
    {
        "id": "30",
        "image": "downloaded_images/TV series/Star_Trek_Discovery/image_20241107_205721_10.jpg",
        "conversations": [
            {
                "from": "human",
                "value": "<image>\nWhat is the title of this TV series?"
            },
            {
                "from": "gpt",
                "value": "The title of the TV series is \"Star Trek: Discovery.\""
            }
        ]
    },
    {
        "id": "31",
        "image": "downloaded_images/TV series/Star_Trek_Discovery/image_20241018_193057_1.jpg",
        "conversations": [
            {
                "from": "human",
                "value": "<image>\nWhat is the title of this TV series?"
            },
            {
                "from": "gpt",
                "value": "The title of the TV series is \"Star Trek: Discovery.\""
            }
        ]
    },
    {
        "id": "32",
        "image": "downloaded_images/TV series/Star_Trek_Discovery/image_20241018_193207_6.jpg",
        "conversations": [
            {
                "from": "human",
                "value": "<image>\nWhat is the title of this TV series?"
            },
            {
                "from": "gpt",
                "value": "The title of the TV series is \"Star Trek: Discovery.\""
            }
        ]
    },
    {
        "id": "33",
        "image": "downloaded_images/TV series/Star_Trek_Discovery/image_20241018_193331_15.jpg",
        "conversations": [
            {
                "from": "human",
                "value": "<image>\nWhat is the title of this TV series?"
            },
            {
                "from": "gpt",
                "value": "The title of the TV series is \"Star Trek: Discovery.\""
            }
        ]
    },
    {
        "id": "34",
        "image": "downloaded_images/TV series/Star_Trek_Discovery/image_20241107_205830_17.jpg",
        "conversations": [
            {
                "from": "human",
                "value": "<image>\nWhat is the title of this TV series?"
            },
            {
                "from": "gpt",
                "value": "The title of the TV series is \"Star Trek: Discovery.\""
            }
        ]
    },
    {
        "id": "35",
        "image": "downloaded_images/TV series/Star_Trek_Discovery/image_20241107_205822_16.jpg",
        "conversations": [
            {
                "from": "human",
                "value": "<image>\nWho created or produced this TV series?"
            },
            {
                "from": "gpt",
                "value": "\"Star Trek: Discovery\" was created by Bryan Fuller and Alex Kurtzman."
            }
        ]
    },
    {
        "id": "36",
        "image": "downloaded_images/TV series/Star_Trek_Discovery/image_20241107_205858_20.jpg",
        "conversations": [
            {
                "from": "human",
                "value": "<image>\nWho created or produced this TV series?"
            },
            {
                "from": "gpt",
                "value": "\"Star Trek: Discovery\" was created by Bryan Fuller and Alex Kurtzman."
            }
        ]
    },
    {
        "id": "37",
        "image": "downloaded_images/TV series/Star_Trek_Discovery/image_20241107_205850_19.jpg",
        "conversations": [
            {
                "from": "human",
                "value": "<image>\nWho created or produced this TV series?"
            },
            {
                "from": "gpt",
                "value": "\"Star Trek: Discovery\" was created by Bryan Fuller and Alex Kurtzman."
            }
        ]
    },
    {
        "id": "38",
        "image": "downloaded_images/TV series/Star_Trek_Discovery/image_20241107_210034_30.jpg",
        "conversations": [
            {
                "from": "human",
                "value": "<image>\nWho created or produced this TV series?"
            },
            {
                "from": "gpt",
                "value": "\"Star Trek: Discovery\" was created by Bryan Fuller and Alex Kurtzman."
            }
        ]
    },
    {
        "id": "39",
        "image": "downloaded_images/TV series/Star_Trek_Discovery/image_20241107_205721_10.jpg",
        "conversations": [
            {
                "from": "human",
                "value": "<image>\nWho created or produced this TV series?"
            },
            {
                "from": "gpt",
                "value": "\"Star Trek: Discovery\" was created by Bryan Fuller and Alex Kurtzman."
            }
        ]
    },
    {
        "id": "40",
        "image": "downloaded_images/TV series/Star_Trek_Discovery/image_20241018_193404_19.jpg",
        "conversations": [
            {
                "from": "human",
                "value": "<image>\nWhen did this TV series first premiere?"
            },
            {
                "from": "gpt",
                "value": "The series first premiered on September 24, 2017."
            }
        ]
    },
    {
        "id": "41",
        "image": "downloaded_images/TV series/Star_Trek_Discovery/image_20241107_205654_7.jpg",
        "conversations": [
            {
                "from": "human",
                "value": "<image>\nWhen did this TV series first premiere?"
            },
            {
                "from": "gpt",
                "value": "The series first premiered on September 24, 2017."
            }
        ]
    },
    {
        "id": "42",
        "image": "downloaded_images/TV series/Star_Trek_Discovery/image_20241018_193356_18.jpg",
        "conversations": [
            {
                "from": "human",
                "value": "<image>\nWhen did this TV series first premiere?"
            },
            {
                "from": "gpt",
                "value": "The series first premiered on September 24, 2017."
            }
        ]
    },
    {
        "id": "43",
        "image": "downloaded_images/TV series/Star_Trek_Discovery/image_20241107_205945_25.jpg",
        "conversations": [
            {
                "from": "human",
                "value": "<image>\nWhen did this TV series first premiere?"
            },
            {
                "from": "gpt",
                "value": "The series first premiered on September 24, 2017."
            }
        ]
    },
    {
        "id": "44",
        "image": "downloaded_images/TV series/Star_Trek_Discovery/image_20241107_205858_20.jpg",
        "conversations": [
            {
                "from": "human",
                "value": "<image>\nWhen did this TV series first premiere?"
            },
            {
                "from": "gpt",
                "value": "The series first premiered on September 24, 2017."
            }
        ]
    },
    {
        "id": "45",
        "image": "downloaded_images/TV series/Star_Trek_Discovery/image_20241107_205613_3.jpg",
        "conversations": [
            {
                "from": "human",
                "value": "<image>\nWho are the main actors and actresses in this TV series?"
            },
            {
                "from": "gpt",
                "value": "The main cast includes Sonequa Martin-Green as Michael Burnham, Doug Jones as Saru, Anthony Rapp as Paul Stamets, Mary Wiseman as Sylvia Tilly, and Jason Isaacs as Gabriel Lorca, among others."
            }
        ]
    },
    {
        "id": "46",
        "image": "downloaded_images/TV series/Star_Trek_Discovery/image_20241018_193159_5.jpg",
        "conversations": [
            {
                "from": "human",
                "value": "<image>\nWho are the main actors and actresses in this TV series?"
            },
            {
                "from": "gpt",
                "value": "The main cast includes Sonequa Martin-Green as Michael Burnham, Doug Jones as Saru, Anthony Rapp as Paul Stamets, Mary Wiseman as Sylvia Tilly, and Jason Isaacs as Gabriel Lorca, among others."
            }
        ]
    },
    {
        "id": "47",
        "image": "downloaded_images/TV series/Star_Trek_Discovery/image_20241107_205934_24.jpg",
        "conversations": [
            {
                "from": "human",
                "value": "<image>\nWho are the main actors and actresses in this TV series?"
            },
            {
                "from": "gpt",
                "value": "The main cast includes Sonequa Martin-Green as Michael Burnham, Doug Jones as Saru, Anthony Rapp as Paul Stamets, Mary Wiseman as Sylvia Tilly, and Jason Isaacs as Gabriel Lorca, among others."
            }
        ]
    },
    {
        "id": "48",
        "image": "downloaded_images/TV series/Star_Trek_Discovery/image_20241107_205751_13.jpg",
        "conversations": [
            {
                "from": "human",
                "value": "<image>\nWho are the main actors and actresses in this TV series?"
            },
            {
                "from": "gpt",
                "value": "The main cast includes Sonequa Martin-Green as Michael Burnham, Doug Jones as Saru, Anthony Rapp as Paul Stamets, Mary Wiseman as Sylvia Tilly, and Jason Isaacs as Gabriel Lorca, among others."
            }
        ]
    },
    {
        "id": "49",
        "image": "downloaded_images/TV series/Star_Trek_Discovery/image_20241018_193441_23.jpg",
        "conversations": [
            {
                "from": "human",
                "value": "<image>\nWho are the main actors and actresses in this TV series?"
            },
            {
                "from": "gpt",
                "value": "The main cast includes Sonequa Martin-Green as Michael Burnham, Doug Jones as Saru, Anthony Rapp as Paul Stamets, Mary Wiseman as Sylvia Tilly, and Jason Isaacs as Gabriel Lorca, among others."
            }
        ]
    },
    {
        "id": "50",
        "image": "downloaded_images/TV series/Star_Trek_Discovery/image_20241018_193322_14.jpg",
        "conversations": [
            {
                "from": "human",
                "value": "<image>\nWhat is the central storyline or premise of this TV series?"
            },
            {
                "from": "gpt",
                "value": "\"Star Trek: Discovery\" follows the adventures of the USS Discovery and its crew as they explore new worlds and civilizations in the 23rd century, a decade before the events of the original \"Star Trek\" series. The story primarily centers around Michael Burnham, a human raised by Vulcans, who finds herself at the center of a conflict between the United Federation of Planets and the Klingon Empire, while also exploring themes of redemption, identity, and the consequences of war."
            }
        ]
    },
    {
        "id": "51",
        "image": "downloaded_images/TV series/Star_Trek_Discovery/image_20241107_205751_13.jpg",
        "conversations": [
            {
                "from": "human",
                "value": "<image>\nWhat is the central storyline or premise of this TV series?"
            },
            {
                "from": "gpt",
                "value": "\"Star Trek: Discovery\" follows the adventures of the USS Discovery and its crew as they explore new worlds and civilizations in the 23rd century, a decade before the events of the original \"Star Trek\" series. The story primarily centers around Michael Burnham, a human raised by Vulcans, who finds herself at the center of a conflict between the United Federation of Planets and the Klingon Empire, while also exploring themes of redemption, identity, and the consequences of war."
            }
        ]
    },
    {
        "id": "52",
        "image": "downloaded_images/TV series/Star_Trek_Discovery/image_20241107_205954_26.jpg",
        "conversations": [
            {
                "from": "human",
                "value": "<image>\nWhat is the central storyline or premise of this TV series?"
            },
            {
                "from": "gpt",
                "value": "\"Star Trek: Discovery\" follows the adventures of the USS Discovery and its crew as they explore new worlds and civilizations in the 23rd century, a decade before the events of the original \"Star Trek\" series. The story primarily centers around Michael Burnham, a human raised by Vulcans, who finds herself at the center of a conflict between the United Federation of Planets and the Klingon Empire, while also exploring themes of redemption, identity, and the consequences of war."
            }
        ]
    },
    {
        "id": "53",
        "image": "downloaded_images/TV series/Star_Trek_Discovery/image_20241107_205926_23.jpg",
        "conversations": [
            {
                "from": "human",
                "value": "<image>\nWhat is the central storyline or premise of this TV series?"
            },
            {
                "from": "gpt",
                "value": "\"Star Trek: Discovery\" follows the adventures of the USS Discovery and its crew as they explore new worlds and civilizations in the 23rd century, a decade before the events of the original \"Star Trek\" series. The story primarily centers around Michael Burnham, a human raised by Vulcans, who finds herself at the center of a conflict between the United Federation of Planets and the Klingon Empire, while also exploring themes of redemption, identity, and the consequences of war."
            }
        ]
    },
    {
        "id": "54",
        "image": "downloaded_images/TV series/Star_Trek_Discovery/image_20241107_205632_5.jpg",
        "conversations": [
            {
                "from": "human",
                "value": "<image>\nWhat is the central storyline or premise of this TV series?"
            },
            {
                "from": "gpt",
                "value": "\"Star Trek: Discovery\" follows the adventures of the USS Discovery and its crew as they explore new worlds and civilizations in the 23rd century, a decade before the events of the original \"Star Trek\" series. The story primarily centers around Michael Burnham, a human raised by Vulcans, who finds herself at the center of a conflict between the United Federation of Planets and the Klingon Empire, while also exploring themes of redemption, identity, and the consequences of war."
            }
        ]
    }
]