[
    {
        "id": "11",
        "image": "downloaded_images/Movies/Star_Wars/image_20241018_131306_1.jpg",
        "conversations": [
            {
                "from": "human",
                "value": "<image>\nWhat is the title of this movie?"
            },
            {
                "from": "gpt",
                "value": "**Star Wars**"
            }
        ]
    },
    {
        "id": "12",
        "image": "downloaded_images/Movies/Star_Wars/image_20241018_131315_2.jpg",
        "conversations": [
            {
                "from": "human",
                "value": "<image>\nWho directed this film?"
            },
            {
                "from": "gpt",
                "value": "**George Lucas**"
            }
        ]
    },
    {
        "id": "13",
        "image": "downloaded_images/Movies/Star_Wars/image_20241018_131315_2.jpg",
        "conversations": [
            {
                "from": "human",
                "value": "<image>\nWhen was this film released?"
            },
            {
                "from": "gpt",
                "value": "**May 25, 1977**"
            }
        ]
    },
    {
        "id": "14",
        "image": "downloaded_images/Movies/Star_Wars/image_20241018_131315_2.jpg",
        "conversations": [
            {
                "from": "human",
                "value": "<image>\nWho are the main actors or actresses in this movie?"
            },
            {
                "from": "gpt",
                "value": "**Mark Hamill (Luke Skywalker), Harrison Ford (Han Solo), Carrie Fisher (Princess Leia), Alec Guinness (Obi-Wan Kenobi), and Peter Cushing (Grand Moff Tarkin)**"
            }
        ]
    },
    {
        "id": "15",
        "image": "downloaded_images/Movies/Star_Wars/image_20241018_131315_2.jpg",
        "conversations": [
            {
                "from": "human",
                "value": "<image>\nWhat is the central plot or storyline of this movie?"
            },
            {
                "from": "gpt",
                "value": "**The central plot of \"Star Wars\" follows the Rebel Alliance's struggle against the oppressive Galactic Empire. The story centers on young Luke Skywalker, who embarks on a journey to rescue Princess Leia from the clutches of Darth Vader, a dark lord of the Sith. With the help of allies like Han Solo and Obi-Wan Kenobi, Luke learns about the Force and his destiny as a Jedi, ultimately leading to a climactic battle to destroy the Empire's superweapon, the Death Star.**"
            }
        ]
    },
    {
        "id": "16",
        "image": "downloaded_images/Movies/Star_Wars/image_20241107_104255_21.jpg",
        "conversations": [
            {
                "from": "human",
                "value": "<image>\nWhat is the title of this movie?"
            },
            {
                "from": "gpt",
                "value": "**Star Wars**"
            }
        ]
    },
    {
        "id": "17",
        "image": "downloaded_images/Movies/Star_Wars/image_20241107_104156_17.jpg",
        "conversations": [
            {
                "from": "human",
                "value": "<image>\nWhat is the title of this movie?"
            },
            {
                "from": "gpt",
                "value": "**Star Wars**"
            }
        ]
    },
    {
        "id": "18",
        "image": "downloaded_images/Movies/Star_Wars/image_20241107_104021_6.jpg",
        "conversations": [
            {
                "from": "human",
                "value": "<image>\nWhat is the title of this movie?"
            },
            {
                "from": "gpt",
                "value": "**Star Wars**"
            }
        ]
    },
    {
        "id": "19",
        "image": "downloaded_images/Movies/Star_Wars/image_20241018_131412_6.jpg",
        "conversations": [
            {
                "from": "human",
                "value": "<image>\nWhat is the title of this movie?"
            },
            {
                "from": "gpt",
                "value": "**Star Wars**"
            }
        ]
    },
    {
        "id": "20",
        "image": "downloaded_images/Movies/Star_Wars/image_20241107_104322_24.jpg",
        "conversations": [
            {
                "from": "human",
                "value": "<image>\nWhat is the title of this movie?"
            },
            {
                "from": "gpt",
                "value": "**Star Wars**"
            }
        ]
    },
    {
        "id": "21",
        "image": "downloaded_images/Movies/Star_Wars/image_20241107_104138_15.jpg",
        "conversations": [
            {
                "from": "human",
                "value": "<image>\nWho directed this film?"
            },
            {
                "from": "gpt",
                "value": "**George Lucas**"
            }
        ]
    },
    {
        "id": "22",
        "image": "downloaded_images/Movies/Star_Wars/image_20241107_104014_5.jpg",
        "conversations": [
            {
                "from": "human",
                "value": "<image>\nWho directed this film?"
            },
            {
                "from": "gpt",
                "value": "**George Lucas**"
            }
        ]
    },
    {
        "id": "23",
        "image": "downloaded_images/Movies/Star_Wars/image_20241107_104113_12.jpg",
        "conversations": [
            {
                "from": "human",
                "value": "<image>\nWho directed this film?"
            },
            {
                "from": "gpt",
                "value": "**George Lucas**"
            }
        ]
    },
    {
        "id": "24",
        "image": "downloaded_images/Movies/Star_Wars/image_20241107_104054_10.jpg",
        "conversations": [
            {
                "from": "human",
                "value": "<image>\nWho directed this film?"
            },
            {
                "from": "gpt",
                "value": "**George Lucas**"
            }
        ]
    },
    {
        "id": "25",
        "image": "downloaded_images/Movies/Star_Wars/image_20241107_104156_17.jpg",
        "conversations": [
            {
                "from": "human",
                "value": "<image>\nWho directed this film?"
            },
            {
                "from": "gpt",
                "value": "**George Lucas**"
            }
        ]
    },
    {
        "id": "26",
        "image": "downloaded_images/Movies/Star_Wars/image_20241107_104355_27.jpg",
        "conversations": [
            {
                "from": "human",
                "value": "<image>\nWhen was this film released?"
            },
            {
                "from": "gpt",
                "value": "**May 25, 1977**"
            }
        ]
    },
    {
        "id": "27",
        "image": "downloaded_images/Movies/Star_Wars/image_20241107_104138_15.jpg",
        "conversations": [
            {
                "from": "human",
                "value": "<image>\nWhen was this film released?"
            },
            {
                "from": "gpt",
                "value": "**May 25, 1977**"
            }
        ]
    },
    {
        "id": "28",
        "image": "downloaded_images/Movies/Star_Wars/image_20241107_104038_8.jpg",
        "conversations": [
            {
                "from": "human",
                "value": "<image>\nWhen was this film released?"
            },
            {
                "from": "gpt",
                "value": "**May 25, 1977**"
            }
        ]
    },
    {
        "id": "29",
        "image": "downloaded_images/Movies/Star_Wars/image_20241107_104322_24.jpg",
        "conversations": [
            {
                "from": "human",
                "value": "<image>\nWhen was this film released?"
            },
            {
                "from": "gpt",
                "value": "**May 25, 1977**"
            }
        ]
    },
    {
        "id": "30",
        "image": "downloaded_images/Movies/Star_Wars/image_20241107_104343_26.jpg",
        "conversations": [
            {
                "from": "human",
                "value": "<image>\nWhen was this film released?"
            },
            {
                "from": "gpt",
                "value": "**May 25, 1977**"
            }
        ]
    },
    {
        "id": "31",
        "image": "downloaded_images/Movies/Star_Wars/image_20241018_131412_6.jpg",
        "conversations": [
            {
                "from": "human",
                "value": "<image>\nWho are the main actors or actresses in this movie?"
            },
            {
                "from": "gpt",
                "value": "**Mark Hamill (Luke Skywalker), Harrison Ford (Han Solo), Carrie Fisher (Princess Leia), Alec Guinness (Obi-Wan Kenobi), and Peter Cushing (Grand Moff Tarkin)**"
            }
        ]
    },
    {
        "id": "32",
        "image": "downloaded_images/Movies/Star_Wars/image_20241107_103956_3.jpg",
        "conversations": [
            {
                "from": "human",
                "value": "<image>\nWho are the main actors or actresses in this movie?"
            },
            {
                "from": "gpt",
                "value": "**Mark Hamill (Luke Skywalker), Harrison Ford (Han Solo), Carrie Fisher (Princess Leia), Alec Guinness (Obi-Wan Kenobi), and Peter Cushing (Grand Moff Tarkin)**"
            }
        ]
    },
    {
        "id": "33",
        "image": "downloaded_images/Movies/Star_Wars/image_20241107_104054_10.jpg",
        "conversations": [
            {
                "from": "human",
                "value": "<image>\nWho are the main actors or actresses in this movie?"
            },
            {
                "from": "gpt",
                "value": "**Mark Hamill (Luke Skywalker), Harrison Ford (Han Solo), Carrie Fisher (Princess Leia), Alec Guinness (Obi-Wan Kenobi), and Peter Cushing (Grand Moff Tarkin)**"
            }
        ]
    },
    {
        "id": "34",
        "image": "downloaded_images/Movies/Star_Wars/image_20241018_131440_9.jpg",
        "conversations": [
            {
                "from": "human",
                "value": "<image>\nWho are the main actors or actresses in this movie?"
            },
            {
                "from": "gpt",
                "value": "**Mark Hamill (Luke Skywalker), Harrison Ford (Han Solo), Carrie Fisher (Princess Leia), Alec Guinness (Obi-Wan Kenobi), and Peter Cushing (Grand Moff Tarkin)**"
            }
        ]
    },
    {
        "id": "35",
        "image": "downloaded_images/Movies/Star_Wars/image_20241107_104138_15.jpg",
        "conversations": [
            {
                "from": "human",
                "value": "<image>\nWho are the main actors or actresses in this movie?"
            },
            {
                "from": "gpt",
                "value": "**Mark Hamill (Luke Skywalker), Harrison Ford (Han Solo), Carrie Fisher (Princess Leia), Alec Guinness (Obi-Wan Kenobi), and Peter Cushing (Grand Moff Tarkin)**"
            }
        ]
    },
    {
        "id": "36",
        "image": "downloaded_images/Movies/Star_Wars/image_20241107_104054_10.jpg",
        "conversations": [
            {
                "from": "human",
                "value": "<image>\nWhat is the central plot or storyline of this movie?"
            },
            {
                "from": "gpt",
                "value": "**The central plot of \"Star Wars\" follows the Rebel Alliance's struggle against the oppressive Galactic Empire. The story centers on young Luke Skywalker, who embarks on a journey to rescue Princess Leia from the clutches of Darth Vader, a dark lord of the Sith. With the help of allies like Han Solo and Obi-Wan Kenobi, Luke learns about the Force and his destiny as a Jedi, ultimately leading to a climactic battle to destroy the Empire's superweapon, the Death Star.**"
            }
        ]
    },
    {
        "id": "37",
        "image": "downloaded_images/Movies/Star_Wars/image_20241107_104331_25.jpg",
        "conversations": [
            {
                "from": "human",
                "value": "<image>\nWhat is the central plot or storyline of this movie?"
            },
            {
                "from": "gpt",
                "value": "**The central plot of \"Star Wars\" follows the Rebel Alliance's struggle against the oppressive Galactic Empire. The story centers on young Luke Skywalker, who embarks on a journey to rescue Princess Leia from the clutches of Darth Vader, a dark lord of the Sith. With the help of allies like Han Solo and Obi-Wan Kenobi, Luke learns about the Force and his destiny as a Jedi, ultimately leading to a climactic battle to destroy the Empire's superweapon, the Death Star.**"
            }
        ]
    },
    {
        "id": "38",
        "image": "downloaded_images/Movies/Star_Wars/image_20241018_131306_1.jpg",
        "conversations": [
            {
                "from": "human",
                "value": "<image>\nWhat is the central plot or storyline of this movie?"
            },
            {
                "from": "gpt",
                "value": "**The central plot of \"Star Wars\" follows the Rebel Alliance's struggle against the oppressive Galactic Empire. The story centers on young Luke Skywalker, who embarks on a journey to rescue Princess Leia from the clutches of Darth Vader, a dark lord of the Sith. With the help of allies like Han Solo and Obi-Wan Kenobi, Luke learns about the Force and his destiny as a Jedi, ultimately leading to a climactic battle to destroy the Empire's superweapon, the Death Star.**"
            }
        ]
    },
    {
        "id": "39",
        "image": "downloaded_images/Movies/Star_Wars/image_20241018_131440_9.jpg",
        "conversations": [
            {
                "from": "human",
                "value": "<image>\nWhat is the central plot or storyline of this movie?"
            },
            {
                "from": "gpt",
                "value": "**The central plot of \"Star Wars\" follows the Rebel Alliance's struggle against the oppressive Galactic Empire. The story centers on young Luke Skywalker, who embarks on a journey to rescue Princess Leia from the clutches of Darth Vader, a dark lord of the Sith. With the help of allies like Han Solo and Obi-Wan Kenobi, Luke learns about the Force and his destiny as a Jedi, ultimately leading to a climactic battle to destroy the Empire's superweapon, the Death Star.**"
            }
        ]
    },
    {
        "id": "40",
        "image": "downloaded_images/Movies/Star_Wars/image_20241107_104038_8.jpg",
        "conversations": [
            {
                "from": "human",
                "value": "<image>\nWhat is the central plot or storyline of this movie?"
            },
            {
                "from": "gpt",
                "value": "**The central plot of \"Star Wars\" follows the Rebel Alliance's struggle against the oppressive Galactic Empire. The story centers on young Luke Skywalker, who embarks on a journey to rescue Princess Leia from the clutches of Darth Vader, a dark lord of the Sith. With the help of allies like Han Solo and Obi-Wan Kenobi, Luke learns about the Force and his destiny as a Jedi, ultimately leading to a climactic battle to destroy the Empire's superweapon, the Death Star.**"
            }
        ]
    }
]