[
    {
        "id": "14",
        "image": "downloaded_images/Buildings/Statue_of_Liberty/image_20241017_214654_17.jpg",
        "conversations": [
            {
                "from": "human",
                "value": "<image>\nWhat is the name of this building?"
            },
            {
                "from": "gpt",
                "value": "The name of this building is the Statue of Liberty."
            }
        ]
    },
    {
        "id": "15",
        "image": "downloaded_images/Buildings/Statue_of_Liberty/image_20241017_214424_2.jpg",
        "conversations": [
            {
                "from": "human",
                "value": "<image>\nWhere is it located?"
            },
            {
                "from": "gpt",
                "value": "It is located on Liberty Island in New York Harbor, New York City, United States."
            }
        ]
    },
    {
        "id": "16",
        "image": "downloaded_images/Buildings/Statue_of_Liberty/image_20241017_214654_17.jpg",
        "conversations": [
            {
                "from": "human",
                "value": "<image>\nWhat was the original purpose of the building?"
            },
            {
                "from": "gpt",
                "value": "The original purpose of the Statue of Liberty was to serve as a symbol of freedom and democracy, commemorating the centennial of the American Declaration of Independence and celebrating the friendship between France and the United States."
            }
        ]
    },
    {
        "id": "17",
        "image": "downloaded_images/Buildings/Statue_of_Liberty/image_20241017_214623_14.jpg",
        "conversations": [
            {
                "from": "human",
                "value": "<image>\nIs the building open to the public?"
            },
            {
                "from": "gpt",
                "value": "Yes, the Statue of Liberty is open to the public. Visitors can access Liberty Island and explore the statue, including the pedestal and, with advance reservations, the crown."
            }
        ]
    },
    {
        "id": "18",
        "image": "downloaded_images/Buildings/Statue_of_Liberty/image_20241106_114616_8.jpg",
        "conversations": [
            {
                "from": "human",
                "value": "<image>\nWhat is the name of this building?"
            },
            {
                "from": "gpt",
                "value": "The name of this building is the Statue of Liberty."
            }
        ]
    },
    {
        "id": "19",
        "image": "downloaded_images/Buildings/Statue_of_Liberty/image_20241106_114931_26.jpg",
        "conversations": [
            {
                "from": "human",
                "value": "<image>\nWhat is the name of this building?"
            },
            {
                "from": "gpt",
                "value": "The name of this building is the Statue of Liberty."
            }
        ]
    },
    {
        "id": "20",
        "image": "downloaded_images/Buildings/Statue_of_Liberty/image_20241106_114743_15.jpg",
        "conversations": [
            {
                "from": "human",
                "value": "<image>\nWhat is the name of this building?"
            },
            {
                "from": "gpt",
                "value": "The name of this building is the Statue of Liberty."
            }
        ]
    },
    {
        "id": "21",
        "image": "downloaded_images/Buildings/Statue_of_Liberty/image_20241106_114725_13.jpg",
        "conversations": [
            {
                "from": "human",
                "value": "<image>\nWhat is the name of this building?"
            },
            {
                "from": "gpt",
                "value": "The name of this building is the Statue of Liberty."
            }
        ]
    },
    {
        "id": "22",
        "image": "downloaded_images/Buildings/Statue_of_Liberty/image_20241017_214501_5.jpg",
        "conversations": [
            {
                "from": "human",
                "value": "<image>\nWhat is the name of this building?"
            },
            {
                "from": "gpt",
                "value": "The name of this building is the Statue of Liberty."
            }
        ]
    },
    {
        "id": "23",
        "image": "downloaded_images/Buildings/Statue_of_Liberty/image_20241106_114743_15.jpg",
        "conversations": [
            {
                "from": "human",
                "value": "<image>\nWhere is it located?"
            },
            {
                "from": "gpt",
                "value": "It is located on Liberty Island in New York Harbor, New York City, United States."
            }
        ]
    },
    {
        "id": "24",
        "image": "downloaded_images/Buildings/Statue_of_Liberty/image_20241106_114453_2.jpg",
        "conversations": [
            {
                "from": "human",
                "value": "<image>\nWhere is it located?"
            },
            {
                "from": "gpt",
                "value": "It is located on Liberty Island in New York Harbor, New York City, United States."
            }
        ]
    },
    {
        "id": "25",
        "image": "downloaded_images/Buildings/Statue_of_Liberty/image_20241106_114524_3.jpg",
        "conversations": [
            {
                "from": "human",
                "value": "<image>\nWhere is it located?"
            },
            {
                "from": "gpt",
                "value": "It is located on Liberty Island in New York Harbor, New York City, United States."
            }
        ]
    },
    {
        "id": "26",
        "image": "downloaded_images/Buildings/Statue_of_Liberty/image_20241017_214501_5.jpg",
        "conversations": [
            {
                "from": "human",
                "value": "<image>\nWhere is it located?"
            },
            {
                "from": "gpt",
                "value": "It is located on Liberty Island in New York Harbor, New York City, United States."
            }
        ]
    },
    {
        "id": "27",
        "image": "downloaded_images/Buildings/Statue_of_Liberty/image_20241017_214532_8.jpg",
        "conversations": [
            {
                "from": "human",
                "value": "<image>\nWhere is it located?"
            },
            {
                "from": "gpt",
                "value": "It is located on Liberty Island in New York Harbor, New York City, United States."
            }
        ]
    },
    {
        "id": "28",
        "image": "downloaded_images/Buildings/Statue_of_Liberty/image_20241106_115009_28.jpg",
        "conversations": [
            {
                "from": "human",
                "value": "<image>\nWhat was the original purpose of the building?"
            },
            {
                "from": "gpt",
                "value": "The original purpose of the Statue of Liberty was to serve as a symbol of freedom and democracy, commemorating the centennial of the American Declaration of Independence and celebrating the friendship between France and the United States."
            }
        ]
    },
    {
        "id": "29",
        "image": "downloaded_images/Buildings/Statue_of_Liberty/image_20241106_114550_6.jpg",
        "conversations": [
            {
                "from": "human",
                "value": "<image>\nWhat was the original purpose of the building?"
            },
            {
                "from": "gpt",
                "value": "The original purpose of the Statue of Liberty was to serve as a symbol of freedom and democracy, commemorating the centennial of the American Declaration of Independence and celebrating the friendship between France and the United States."
            }
        ]
    },
    {
        "id": "30",
        "image": "downloaded_images/Buildings/Statue_of_Liberty/image_20241017_214501_5.jpg",
        "conversations": [
            {
                "from": "human",
                "value": "<image>\nWhat was the original purpose of the building?"
            },
            {
                "from": "gpt",
                "value": "The original purpose of the Statue of Liberty was to serve as a symbol of freedom and democracy, commemorating the centennial of the American Declaration of Independence and celebrating the friendship between France and the United States."
            }
        ]
    },
    {
        "id": "31",
        "image": "downloaded_images/Buildings/Statue_of_Liberty/image_20241106_114600_7.jpg",
        "conversations": [
            {
                "from": "human",
                "value": "<image>\nWhat was the original purpose of the building?"
            },
            {
                "from": "gpt",
                "value": "The original purpose of the Statue of Liberty was to serve as a symbol of freedom and democracy, commemorating the centennial of the American Declaration of Independence and celebrating the friendship between France and the United States."
            }
        ]
    },
    {
        "id": "32",
        "image": "downloaded_images/Buildings/Statue_of_Liberty/image_20241106_114751_16.jpg",
        "conversations": [
            {
                "from": "human",
                "value": "<image>\nWhat was the original purpose of the building?"
            },
            {
                "from": "gpt",
                "value": "The original purpose of the Statue of Liberty was to serve as a symbol of freedom and democracy, commemorating the centennial of the American Declaration of Independence and celebrating the friendship between France and the United States."
            }
        ]
    },
    {
        "id": "33",
        "image": "downloaded_images/Buildings/Statue_of_Liberty/image_20241106_114717_12.jpg",
        "conversations": [
            {
                "from": "human",
                "value": "<image>\nIs the building open to the public?"
            },
            {
                "from": "gpt",
                "value": "Yes, the Statue of Liberty is open to the public. Visitors can access Liberty Island and explore the statue, including the pedestal and, with advance reservations, the crown."
            }
        ]
    },
    {
        "id": "34",
        "image": "downloaded_images/Buildings/Statue_of_Liberty/image_20241106_114541_5.jpg",
        "conversations": [
            {
                "from": "human",
                "value": "<image>\nIs the building open to the public?"
            },
            {
                "from": "gpt",
                "value": "Yes, the Statue of Liberty is open to the public. Visitors can access Liberty Island and explore the statue, including the pedestal and, with advance reservations, the crown."
            }
        ]
    },
    {
        "id": "35",
        "image": "downloaded_images/Buildings/Statue_of_Liberty/image_20241106_114803_17.jpg",
        "conversations": [
            {
                "from": "human",
                "value": "<image>\nIs the building open to the public?"
            },
            {
                "from": "gpt",
                "value": "Yes, the Statue of Liberty is open to the public. Visitors can access Liberty Island and explore the statue, including the pedestal and, with advance reservations, the crown."
            }
        ]
    },
    {
        "id": "36",
        "image": "downloaded_images/Buildings/Statue_of_Liberty/image_20241106_114812_18.jpg",
        "conversations": [
            {
                "from": "human",
                "value": "<image>\nIs the building open to the public?"
            },
            {
                "from": "gpt",
                "value": "Yes, the Statue of Liberty is open to the public. Visitors can access Liberty Island and explore the statue, including the pedestal and, with advance reservations, the crown."
            }
        ]
    },
    {
        "id": "37",
        "image": "downloaded_images/Buildings/Statue_of_Liberty/image_20241017_214654_17.jpg",
        "conversations": [
            {
                "from": "human",
                "value": "<image>\nIs the building open to the public?"
            },
            {
                "from": "gpt",
                "value": "Yes, the Statue of Liberty is open to the public. Visitors can access Liberty Island and explore the statue, including the pedestal and, with advance reservations, the crown."
            }
        ]
    }
]