[
    {
        "id": "43",
        "image": "downloaded_images/Personage/Steven_Spielberg/image_20241018_215105_1.jpg",
        "conversations": [
            {
                "from": "human",
                "value": "<image>\nWhat is this person's name?"
            },
            {
                "from": "gpt",
                "value": "Steven Spielberg"
            }
        ]
    },
    {
        "id": "44",
        "image": "downloaded_images/Personage/Steven_Spielberg/image_20241018_215105_1.jpg",
        "conversations": [
            {
                "from": "human",
                "value": "<image>\nWhen and where was this person born?"
            },
            {
                "from": "gpt",
                "value": "Steven Spielberg was born on December 18, 1946, in Cincinnati, Ohio, USA."
            }
        ]
    },
    {
        "id": "45",
        "image": "downloaded_images/Personage/Steven_Spielberg/image_20241018_215105_1.jpg",
        "conversations": [
            {
                "from": "human",
                "value": "<image>\nWhat contributions has this person made to society or industry?"
            },
            {
                "from": "gpt",
                "value": "Steven Spielberg has significantly impacted the film industry by pioneering new techniques in filmmaking and storytelling. He has been instrumental in popularizing the blockbuster film format and has contributed to the development of special effects technology. Beyond cinema, Spielberg has been involved in various philanthropic efforts, including the establishment of the Shoah Foundation, which documents Holocaust survivor testimonies, and he has supported numerous educational and cultural initiatives. His films often address important social issues, contributing to public discourse on topics such as war, human rights, and the human experience."
            }
        ]
    },
    {
        "id": "46",
        "image": "downloaded_images/Personage/Steven_Spielberg/image_20241107_175117_19.jpg",
        "conversations": [
            {
                "from": "human",
                "value": "<image>\nWhat is this person's name?"
            },
            {
                "from": "gpt",
                "value": "Steven Spielberg"
            }
        ]
    },
    {
        "id": "47",
        "image": "downloaded_images/Personage/Steven_Spielberg/image_20241107_175152_23.jpg",
        "conversations": [
            {
                "from": "human",
                "value": "<image>\nWhat is this person's name?"
            },
            {
                "from": "gpt",
                "value": "Steven Spielberg"
            }
        ]
    },
    {
        "id": "48",
        "image": "downloaded_images/Personage/Steven_Spielberg/image_20241107_175026_13.jpg",
        "conversations": [
            {
                "from": "human",
                "value": "<image>\nWhat is this person's name?"
            },
            {
                "from": "gpt",
                "value": "Steven Spielberg"
            }
        ]
    },
    {
        "id": "49",
        "image": "downloaded_images/Personage/Steven_Spielberg/image_20241107_174906_4.jpg",
        "conversations": [
            {
                "from": "human",
                "value": "<image>\nWhat is this person's name?"
            },
            {
                "from": "gpt",
                "value": "Steven Spielberg"
            }
        ]
    },
    {
        "id": "50",
        "image": "downloaded_images/Personage/Steven_Spielberg/image_20241018_215145_5.jpg",
        "conversations": [
            {
                "from": "human",
                "value": "<image>\nWhat is this person's name?"
            },
            {
                "from": "gpt",
                "value": "Steven Spielberg"
            }
        ]
    },
    {
        "id": "51",
        "image": "downloaded_images/Personage/Steven_Spielberg/image_20241018_215153_6.jpg",
        "conversations": [
            {
                "from": "human",
                "value": "<image>\nWhen and where was this person born?"
            },
            {
                "from": "gpt",
                "value": "Steven Spielberg was born on December 18, 1946, in Cincinnati, Ohio, USA."
            }
        ]
    },
    {
        "id": "52",
        "image": "downloaded_images/Personage/Steven_Spielberg/image_20241107_174906_4.jpg",
        "conversations": [
            {
                "from": "human",
                "value": "<image>\nWhen and where was this person born?"
            },
            {
                "from": "gpt",
                "value": "Steven Spielberg was born on December 18, 1946, in Cincinnati, Ohio, USA."
            }
        ]
    },
    {
        "id": "53",
        "image": "downloaded_images/Personage/Steven_Spielberg/image_20241018_215314_15.jpg",
        "conversations": [
            {
                "from": "human",
                "value": "<image>\nWhen and where was this person born?"
            },
            {
                "from": "gpt",
                "value": "Steven Spielberg was born on December 18, 1946, in Cincinnati, Ohio, USA."
            }
        ]
    },
    {
        "id": "54",
        "image": "downloaded_images/Personage/Steven_Spielberg/image_20241107_174914_5.jpg",
        "conversations": [
            {
                "from": "human",
                "value": "<image>\nWhen and where was this person born?"
            },
            {
                "from": "gpt",
                "value": "Steven Spielberg was born on December 18, 1946, in Cincinnati, Ohio, USA."
            }
        ]
    },
    {
        "id": "55",
        "image": "downloaded_images/Personage/Steven_Spielberg/image_20241107_175225_27.jpg",
        "conversations": [
            {
                "from": "human",
                "value": "<image>\nWhen and where was this person born?"
            },
            {
                "from": "gpt",
                "value": "Steven Spielberg was born on December 18, 1946, in Cincinnati, Ohio, USA."
            }
        ]
    },
    {
        "id": "56",
        "image": "downloaded_images/Personage/Steven_Spielberg/image_20241107_175117_19.jpg",
        "conversations": [
            {
                "from": "human",
                "value": "<image>\nWhat contributions has this person made to society or industry?"
            },
            {
                "from": "gpt",
                "value": "Steven Spielberg has significantly impacted the film industry by pioneering new techniques in filmmaking and storytelling. He has been instrumental in popularizing the blockbuster film format and has contributed to the development of special effects technology. Beyond cinema, Spielberg has been involved in various philanthropic efforts, including the establishment of the Shoah Foundation, which documents Holocaust survivor testimonies, and he has supported numerous educational and cultural initiatives. His films often address important social issues, contributing to public discourse on topics such as war, human rights, and the human experience."
            }
        ]
    },
    {
        "id": "57",
        "image": "downloaded_images/Personage/Steven_Spielberg/image_20241018_215228_10.jpg",
        "conversations": [
            {
                "from": "human",
                "value": "<image>\nWhat contributions has this person made to society or industry?"
            },
            {
                "from": "gpt",
                "value": "Steven Spielberg has significantly impacted the film industry by pioneering new techniques in filmmaking and storytelling. He has been instrumental in popularizing the blockbuster film format and has contributed to the development of special effects technology. Beyond cinema, Spielberg has been involved in various philanthropic efforts, including the establishment of the Shoah Foundation, which documents Holocaust survivor testimonies, and he has supported numerous educational and cultural initiatives. His films often address important social issues, contributing to public discourse on topics such as war, human rights, and the human experience."
            }
        ]
    },
    {
        "id": "58",
        "image": "downloaded_images/Personage/Steven_Spielberg/image_20241018_215145_5.jpg",
        "conversations": [
            {
                "from": "human",
                "value": "<image>\nWhat contributions has this person made to society or industry?"
            },
            {
                "from": "gpt",
                "value": "Steven Spielberg has significantly impacted the film industry by pioneering new techniques in filmmaking and storytelling. He has been instrumental in popularizing the blockbuster film format and has contributed to the development of special effects technology. Beyond cinema, Spielberg has been involved in various philanthropic efforts, including the establishment of the Shoah Foundation, which documents Holocaust survivor testimonies, and he has supported numerous educational and cultural initiatives. His films often address important social issues, contributing to public discourse on topics such as war, human rights, and the human experience."
            }
        ]
    },
    {
        "id": "59",
        "image": "downloaded_images/Personage/Steven_Spielberg/image_20241107_175242_29.jpg",
        "conversations": [
            {
                "from": "human",
                "value": "<image>\nWhat contributions has this person made to society or industry?"
            },
            {
                "from": "gpt",
                "value": "Steven Spielberg has significantly impacted the film industry by pioneering new techniques in filmmaking and storytelling. He has been instrumental in popularizing the blockbuster film format and has contributed to the development of special effects technology. Beyond cinema, Spielberg has been involved in various philanthropic efforts, including the establishment of the Shoah Foundation, which documents Holocaust survivor testimonies, and he has supported numerous educational and cultural initiatives. His films often address important social issues, contributing to public discourse on topics such as war, human rights, and the human experience."
            }
        ]
    },
    {
        "id": "60",
        "image": "downloaded_images/Personage/Steven_Spielberg/image_20241018_215336_17.jpg",
        "conversations": [
            {
                "from": "human",
                "value": "<image>\nWhat contributions has this person made to society or industry?"
            },
            {
                "from": "gpt",
                "value": "Steven Spielberg has significantly impacted the film industry by pioneering new techniques in filmmaking and storytelling. He has been instrumental in popularizing the blockbuster film format and has contributed to the development of special effects technology. Beyond cinema, Spielberg has been involved in various philanthropic efforts, including the establishment of the Shoah Foundation, which documents Holocaust survivor testimonies, and he has supported numerous educational and cultural initiatives. His films often address important social issues, contributing to public discourse on topics such as war, human rights, and the human experience."
            }
        ]
    }
]