[
    {
        "id": "70",
        "image": "downloaded_images/Personage/Steve_Jobs/image_20241016_163528_15.jpg",
        "conversations": [
            {
                "from": "human",
                "value": "<image>\nWhat is this person's name?"
            },
            {
                "from": "gpt",
                "value": "Steve Jobs"
            }
        ]
    },
    {
        "id": "71",
        "image": "downloaded_images/Personage/Steve_Jobs/image_20241016_162112_1.jpg",
        "conversations": [
            {
                "from": "human",
                "value": "<image>\nWhen and where was this person born?"
            },
            {
                "from": "gpt",
                "value": "Steve Jobs was born on February 24, 1955, in San Francisco, California, USA."
            }
        ]
    },
    {
        "id": "72",
        "image": "downloaded_images/Personage/Steve_Jobs/image_20241018_160543_1.jpg",
        "conversations": [
            {
                "from": "human",
                "value": "<image>\nWhat is this person's profession?"
            },
            {
                "from": "gpt",
                "value": "Steve Jobs was an entrepreneur, inventor, and business magnate, best known as the co-founder of Apple Inc."
            }
        ]
    },
    {
        "id": "73",
        "image": "downloaded_images/Personage/Steve_Jobs/image_20241018_160553_2.jpg",
        "conversations": [
            {
                "from": "human",
                "value": "<image>\nWhat are the famous works or achievements of this person?"
            },
            {
                "from": "gpt",
                "value": "Steve Jobs is renowned for several key achievements, including:\n   - Co-founding Apple Inc. in 1976 and leading the development of iconic products such as the Apple II, Macintosh, iPod, iPhone, and iPad.\n   - Revolutionizing the personal computer industry with the introduction of the Macintosh in 1984.\n   - Transforming the music industry with the launch of the iTunes Store and the iPod.\n   - Pioneering the smartphone market with the introduction of the iPhone in 2007.\n   - Establishing Pixar Animation Studios, which produced critically acclaimed films like \"Toy Story\" and \"Finding Nemo.\""
            }
        ]
    },
    {
        "id": "74",
        "image": "downloaded_images/Personage/Steve_Jobs/image_20241016_163535_16.jpg",
        "conversations": [
            {
                "from": "human",
                "value": "<image>\nWhat contributions has this person made to society or industry?"
            },
            {
                "from": "gpt",
                "value": "Steve Jobs made significant contributions to technology and design, including:\n   - Advancing user interface design and usability, making technology more accessible and intuitive for the average consumer.\n   - Influencing the development of digital media and entertainment through innovations in music, film, and mobile technology.\n   - Promoting a culture of innovation and creativity within the tech industry, inspiring countless entrepreneurs and designers.\n   - Advocating for the integration of hardware and software, leading to a seamless user experience in consumer electronics.\n   - Leaving a lasting legacy through his vision of technology as a tool for enhancing human creativity and communication."
            }
        ]
    },
    {
        "id": "75",
        "image": "downloaded_images/Personage/Steve_Jobs/image_20241018_160653_9.jpg",
        "conversations": [
            {
                "from": "human",
                "value": "<image>\nWhat is this person's name?"
            },
            {
                "from": "gpt",
                "value": "Steve Jobs"
            }
        ]
    },
    {
        "id": "76",
        "image": "downloaded_images/Personage/Steve_Jobs/image_20241016_162112_1.jpg",
        "conversations": [
            {
                "from": "human",
                "value": "<image>\nWhat is this person's name?"
            },
            {
                "from": "gpt",
                "value": "Steve Jobs"
            }
        ]
    },
    {
        "id": "77",
        "image": "downloaded_images/Personage/Steve_Jobs/image_20241107_154951_25.jpg",
        "conversations": [
            {
                "from": "human",
                "value": "<image>\nWhat is this person's name?"
            },
            {
                "from": "gpt",
                "value": "Steve Jobs"
            }
        ]
    },
    {
        "id": "78",
        "image": "downloaded_images/Personage/Steve_Jobs/image_20241016_163443_10.jpg",
        "conversations": [
            {
                "from": "human",
                "value": "<image>\nWhat is this person's name?"
            },
            {
                "from": "gpt",
                "value": "Steve Jobs"
            }
        ]
    },
    {
        "id": "79",
        "image": "downloaded_images/Personage/Steve_Jobs/image_20241107_154758_12.jpg",
        "conversations": [
            {
                "from": "human",
                "value": "<image>\nWhat is this person's name?"
            },
            {
                "from": "gpt",
                "value": "Steve Jobs"
            }
        ]
    },
    {
        "id": "80",
        "image": "downloaded_images/Personage/Steve_Jobs/image_20241018_160712_11.jpg",
        "conversations": [
            {
                "from": "human",
                "value": "<image>\nWhen and where was this person born?"
            },
            {
                "from": "gpt",
                "value": "Steve Jobs was born on February 24, 1955, in San Francisco, California, USA."
            }
        ]
    },
    {
        "id": "81",
        "image": "downloaded_images/Personage/Steve_Jobs/image_20241016_163552_18.jpg",
        "conversations": [
            {
                "from": "human",
                "value": "<image>\nWhen and where was this person born?"
            },
            {
                "from": "gpt",
                "value": "Steve Jobs was born on February 24, 1955, in San Francisco, California, USA."
            }
        ]
    },
    {
        "id": "82",
        "image": "downloaded_images/Personage/Steve_Jobs/image_20241016_163443_10.jpg",
        "conversations": [
            {
                "from": "human",
                "value": "<image>\nWhen and where was this person born?"
            },
            {
                "from": "gpt",
                "value": "Steve Jobs was born on February 24, 1955, in San Francisco, California, USA."
            }
        ]
    },
    {
        "id": "83",
        "image": "downloaded_images/Personage/Steve_Jobs/image_20241107_154822_15.jpg",
        "conversations": [
            {
                "from": "human",
                "value": "<image>\nWhen and where was this person born?"
            },
            {
                "from": "gpt",
                "value": "Steve Jobs was born on February 24, 1955, in San Francisco, California, USA."
            }
        ]
    },
    {
        "id": "84",
        "image": "downloaded_images/Personage/Steve_Jobs/image_20241016_163528_15.jpg",
        "conversations": [
            {
                "from": "human",
                "value": "<image>\nWhen and where was this person born?"
            },
            {
                "from": "gpt",
                "value": "Steve Jobs was born on February 24, 1955, in San Francisco, California, USA."
            }
        ]
    },
    {
        "id": "85",
        "image": "downloaded_images/Personage/Steve_Jobs/image_20241107_154912_21.jpg",
        "conversations": [
            {
                "from": "human",
                "value": "<image>\nWhat is this person's profession?"
            },
            {
                "from": "gpt",
                "value": "Steve Jobs was an entrepreneur, inventor, and business magnate, best known as the co-founder of Apple Inc."
            }
        ]
    },
    {
        "id": "86",
        "image": "downloaded_images/Personage/Steve_Jobs/image_20241107_155007_27.jpg",
        "conversations": [
            {
                "from": "human",
                "value": "<image>\nWhat is this person's profession?"
            },
            {
                "from": "gpt",
                "value": "Steve Jobs was an entrepreneur, inventor, and business magnate, best known as the co-founder of Apple Inc."
            }
        ]
    },
    {
        "id": "87",
        "image": "downloaded_images/Personage/Steve_Jobs/image_20241107_154626_4.jpg",
        "conversations": [
            {
                "from": "human",
                "value": "<image>\nWhat is this person's profession?"
            },
            {
                "from": "gpt",
                "value": "Steve Jobs was an entrepreneur, inventor, and business magnate, best known as the co-founder of Apple Inc."
            }
        ]
    },
    {
        "id": "88",
        "image": "downloaded_images/Personage/Steve_Jobs/image_20241107_154942_24.jpg",
        "conversations": [
            {
                "from": "human",
                "value": "<image>\nWhat is this person's profession?"
            },
            {
                "from": "gpt",
                "value": "Steve Jobs was an entrepreneur, inventor, and business magnate, best known as the co-founder of Apple Inc."
            }
        ]
    },
    {
        "id": "89",
        "image": "downloaded_images/Personage/Steve_Jobs/image_20241016_163443_10.jpg",
        "conversations": [
            {
                "from": "human",
                "value": "<image>\nWhat is this person's profession?"
            },
            {
                "from": "gpt",
                "value": "Steve Jobs was an entrepreneur, inventor, and business magnate, best known as the co-founder of Apple Inc."
            }
        ]
    },
    {
        "id": "90",
        "image": "downloaded_images/Personage/Steve_Jobs/image_20241018_160543_1.jpg",
        "conversations": [
            {
                "from": "human",
                "value": "<image>\nWhat are the famous works or achievements of this person?"
            },
            {
                "from": "gpt",
                "value": "Steve Jobs is renowned for several key achievements, including:\n   - Co-founding Apple Inc. in 1976 and leading the development of iconic products such as the Apple II, Macintosh, iPod, iPhone, and iPad.\n   - Revolutionizing the personal computer industry with the introduction of the Macintosh in 1984.\n   - Transforming the music industry with the launch of the iTunes Store and the iPod.\n   - Pioneering the smartphone market with the introduction of the iPhone in 2007.\n   - Establishing Pixar Animation Studios, which produced critically acclaimed films like \"Toy Story\" and \"Finding Nemo.\""
            }
        ]
    },
    {
        "id": "91",
        "image": "downloaded_images/Personage/Steve_Jobs/image_20241018_160601_3.jpg",
        "conversations": [
            {
                "from": "human",
                "value": "<image>\nWhat are the famous works or achievements of this person?"
            },
            {
                "from": "gpt",
                "value": "Steve Jobs is renowned for several key achievements, including:\n   - Co-founding Apple Inc. in 1976 and leading the development of iconic products such as the Apple II, Macintosh, iPod, iPhone, and iPad.\n   - Revolutionizing the personal computer industry with the introduction of the Macintosh in 1984.\n   - Transforming the music industry with the launch of the iTunes Store and the iPod.\n   - Pioneering the smartphone market with the introduction of the iPhone in 2007.\n   - Establishing Pixar Animation Studios, which produced critically acclaimed films like \"Toy Story\" and \"Finding Nemo.\""
            }
        ]
    },
    {
        "id": "92",
        "image": "downloaded_images/Personage/Steve_Jobs/image_20241107_154600_1.jpg",
        "conversations": [
            {
                "from": "human",
                "value": "<image>\nWhat are the famous works or achievements of this person?"
            },
            {
                "from": "gpt",
                "value": "Steve Jobs is renowned for several key achievements, including:\n   - Co-founding Apple Inc. in 1976 and leading the development of iconic products such as the Apple II, Macintosh, iPod, iPhone, and iPad.\n   - Revolutionizing the personal computer industry with the introduction of the Macintosh in 1984.\n   - Transforming the music industry with the launch of the iTunes Store and the iPod.\n   - Pioneering the smartphone market with the introduction of the iPhone in 2007.\n   - Establishing Pixar Animation Studios, which produced critically acclaimed films like \"Toy Story\" and \"Finding Nemo.\""
            }
        ]
    },
    {
        "id": "93",
        "image": "downloaded_images/Personage/Steve_Jobs/image_20241016_163543_17.jpg",
        "conversations": [
            {
                "from": "human",
                "value": "<image>\nWhat are the famous works or achievements of this person?"
            },
            {
                "from": "gpt",
                "value": "Steve Jobs is renowned for several key achievements, including:\n   - Co-founding Apple Inc. in 1976 and leading the development of iconic products such as the Apple II, Macintosh, iPod, iPhone, and iPad.\n   - Revolutionizing the personal computer industry with the introduction of the Macintosh in 1984.\n   - Transforming the music industry with the launch of the iTunes Store and the iPod.\n   - Pioneering the smartphone market with the introduction of the iPhone in 2007.\n   - Establishing Pixar Animation Studios, which produced critically acclaimed films like \"Toy Story\" and \"Finding Nemo.\""
            }
        ]
    },
    {
        "id": "94",
        "image": "downloaded_images/Personage/Steve_Jobs/image_20241107_154635_5.jpg",
        "conversations": [
            {
                "from": "human",
                "value": "<image>\nWhat are the famous works or achievements of this person?"
            },
            {
                "from": "gpt",
                "value": "Steve Jobs is renowned for several key achievements, including:\n   - Co-founding Apple Inc. in 1976 and leading the development of iconic products such as the Apple II, Macintosh, iPod, iPhone, and iPad.\n   - Revolutionizing the personal computer industry with the introduction of the Macintosh in 1984.\n   - Transforming the music industry with the launch of the iTunes Store and the iPod.\n   - Pioneering the smartphone market with the introduction of the iPhone in 2007.\n   - Establishing Pixar Animation Studios, which produced critically acclaimed films like \"Toy Story\" and \"Finding Nemo.\""
            }
        ]
    },
    {
        "id": "95",
        "image": "downloaded_images/Personage/Steve_Jobs/image_20241107_154740_10.jpg",
        "conversations": [
            {
                "from": "human",
                "value": "<image>\nWhat contributions has this person made to society or industry?"
            },
            {
                "from": "gpt",
                "value": "Steve Jobs made significant contributions to technology and design, including:\n   - Advancing user interface design and usability, making technology more accessible and intuitive for the average consumer.\n   - Influencing the development of digital media and entertainment through innovations in music, film, and mobile technology.\n   - Promoting a culture of innovation and creativity within the tech industry, inspiring countless entrepreneurs and designers.\n   - Advocating for the integration of hardware and software, leading to a seamless user experience in consumer electronics.\n   - Leaving a lasting legacy through his vision of technology as a tool for enhancing human creativity and communication."
            }
        ]
    },
    {
        "id": "96",
        "image": "downloaded_images/Personage/Steve_Jobs/image_20241016_163330_2.jpg",
        "conversations": [
            {
                "from": "human",
                "value": "<image>\nWhat contributions has this person made to society or industry?"
            },
            {
                "from": "gpt",
                "value": "Steve Jobs made significant contributions to technology and design, including:\n   - Advancing user interface design and usability, making technology more accessible and intuitive for the average consumer.\n   - Influencing the development of digital media and entertainment through innovations in music, film, and mobile technology.\n   - Promoting a culture of innovation and creativity within the tech industry, inspiring countless entrepreneurs and designers.\n   - Advocating for the integration of hardware and software, leading to a seamless user experience in consumer electronics.\n   - Leaving a lasting legacy through his vision of technology as a tool for enhancing human creativity and communication."
            }
        ]
    },
    {
        "id": "97",
        "image": "downloaded_images/Personage/Steve_Jobs/image_20241107_155015_28.jpg",
        "conversations": [
            {
                "from": "human",
                "value": "<image>\nWhat contributions has this person made to society or industry?"
            },
            {
                "from": "gpt",
                "value": "Steve Jobs made significant contributions to technology and design, including:\n   - Advancing user interface design and usability, making technology more accessible and intuitive for the average consumer.\n   - Influencing the development of digital media and entertainment through innovations in music, film, and mobile technology.\n   - Promoting a culture of innovation and creativity within the tech industry, inspiring countless entrepreneurs and designers.\n   - Advocating for the integration of hardware and software, leading to a seamless user experience in consumer electronics.\n   - Leaving a lasting legacy through his vision of technology as a tool for enhancing human creativity and communication."
            }
        ]
    },
    {
        "id": "98",
        "image": "downloaded_images/Personage/Steve_Jobs/image_20241107_154912_21.jpg",
        "conversations": [
            {
                "from": "human",
                "value": "<image>\nWhat contributions has this person made to society or industry?"
            },
            {
                "from": "gpt",
                "value": "Steve Jobs made significant contributions to technology and design, including:\n   - Advancing user interface design and usability, making technology more accessible and intuitive for the average consumer.\n   - Influencing the development of digital media and entertainment through innovations in music, film, and mobile technology.\n   - Promoting a culture of innovation and creativity within the tech industry, inspiring countless entrepreneurs and designers.\n   - Advocating for the integration of hardware and software, leading to a seamless user experience in consumer electronics.\n   - Leaving a lasting legacy through his vision of technology as a tool for enhancing human creativity and communication."
            }
        ]
    },
    {
        "id": "99",
        "image": "downloaded_images/Personage/Steve_Jobs/image_20241107_154959_26.jpg",
        "conversations": [
            {
                "from": "human",
                "value": "<image>\nWhat contributions has this person made to society or industry?"
            },
            {
                "from": "gpt",
                "value": "Steve Jobs made significant contributions to technology and design, including:\n   - Advancing user interface design and usability, making technology more accessible and intuitive for the average consumer.\n   - Influencing the development of digital media and entertainment through innovations in music, film, and mobile technology.\n   - Promoting a culture of innovation and creativity within the tech industry, inspiring countless entrepreneurs and designers.\n   - Advocating for the integration of hardware and software, leading to a seamless user experience in consumer electronics.\n   - Leaving a lasting legacy through his vision of technology as a tool for enhancing human creativity and communication."
            }
        ]
    }
]