[
    {
        "id": "22",
        "image": "downloaded_images/Cartoon/Sword_Art_Online/image_20241018_105414_8.jpg",
        "conversations": [
            {
                "from": "human",
                "value": "<image>\nWhat is the title of this cartoon?"
            },
            {
                "from": "gpt",
                "value": "The title of this cartoon is \"Sword Art Online.\""
            }
        ]
    },
    {
        "id": "23",
        "image": "downloaded_images/Cartoon/Sword_Art_Online/image_20241018_105414_8.jpg",
        "conversations": [
            {
                "from": "human",
                "value": "<image>\nWho created or produced this cartoon?"
            },
            {
                "from": "gpt",
                "value": "\"Sword Art Online\" was created by Reki Kawahara and produced by A-1 Pictures."
            }
        ]
    },
    {
        "id": "24",
        "image": "downloaded_images/Cartoon/Sword_Art_Online/image_20241018_105406_7.jpg",
        "conversations": [
            {
                "from": "human",
                "value": "<image>\nWho are the main characters in this cartoon?"
            },
            {
                "from": "gpt",
                "value": "The main characters in \"Sword Art Online\" include Kirito (Kazuto Kirigaya), Asuna (Asuna Yuuki), and several others such as Klein, Sinon, and Leafa."
            }
        ]
    },
    {
        "id": "25",
        "image": "downloaded_images/Cartoon/Sword_Art_Online/image_20241018_105250_1.jpg",
        "conversations": [
            {
                "from": "human",
                "value": "<image>\nWhat is the central storyline or premise of this cartoon?"
            },
            {
                "from": "gpt",
                "value": "The central storyline of \"Sword Art Online\" revolves around players who become trapped in a virtual reality MMORPG (Massively Multiplayer Online Role-Playing Game) called Sword Art Online. If they die in the game, they die in real life. The protagonist, Kirito, must navigate this dangerous world, form alliances, and find a way to escape while uncovering the mysteries of the game and its creator."
            }
        ]
    },
    {
        "id": "26",
        "image": "downloaded_images/Cartoon/Sword_Art_Online/image_20241106_155816_2.jpg",
        "conversations": [
            {
                "from": "human",
                "value": "<image>\nWhat is the title of this cartoon?"
            },
            {
                "from": "gpt",
                "value": "The title of this cartoon is \"Sword Art Online.\""
            }
        ]
    },
    {
        "id": "27",
        "image": "downloaded_images/Cartoon/Sword_Art_Online/image_20241106_160317_30.jpg",
        "conversations": [
            {
                "from": "human",
                "value": "<image>\nWhat is the title of this cartoon?"
            },
            {
                "from": "gpt",
                "value": "The title of this cartoon is \"Sword Art Online.\""
            }
        ]
    },
    {
        "id": "28",
        "image": "downloaded_images/Cartoon/Sword_Art_Online/image_20241018_105606_19.jpg",
        "conversations": [
            {
                "from": "human",
                "value": "<image>\nWhat is the title of this cartoon?"
            },
            {
                "from": "gpt",
                "value": "The title of this cartoon is \"Sword Art Online.\""
            }
        ]
    },
    {
        "id": "29",
        "image": "downloaded_images/Cartoon/Sword_Art_Online/image_20241106_155826_3.jpg",
        "conversations": [
            {
                "from": "human",
                "value": "<image>\nWhat is the title of this cartoon?"
            },
            {
                "from": "gpt",
                "value": "The title of this cartoon is \"Sword Art Online.\""
            }
        ]
    },
    {
        "id": "30",
        "image": "downloaded_images/Cartoon/Sword_Art_Online/image_20241106_160054_19.jpg",
        "conversations": [
            {
                "from": "human",
                "value": "<image>\nWhat is the title of this cartoon?"
            },
            {
                "from": "gpt",
                "value": "The title of this cartoon is \"Sword Art Online.\""
            }
        ]
    },
    {
        "id": "31",
        "image": "downloaded_images/Cartoon/Sword_Art_Online/image_20241106_160045_18.jpg",
        "conversations": [
            {
                "from": "human",
                "value": "<image>\nWho created or produced this cartoon?"
            },
            {
                "from": "gpt",
                "value": "\"Sword Art Online\" was created by Reki Kawahara and produced by A-1 Pictures."
            }
        ]
    },
    {
        "id": "32",
        "image": "downloaded_images/Cartoon/Sword_Art_Online/image_20241106_155850_6.jpg",
        "conversations": [
            {
                "from": "human",
                "value": "<image>\nWho created or produced this cartoon?"
            },
            {
                "from": "gpt",
                "value": "\"Sword Art Online\" was created by Reki Kawahara and produced by A-1 Pictures."
            }
        ]
    },
    {
        "id": "33",
        "image": "downloaded_images/Cartoon/Sword_Art_Online/image_20241106_155826_3.jpg",
        "conversations": [
            {
                "from": "human",
                "value": "<image>\nWho created or produced this cartoon?"
            },
            {
                "from": "gpt",
                "value": "\"Sword Art Online\" was created by Reki Kawahara and produced by A-1 Pictures."
            }
        ]
    },
    {
        "id": "34",
        "image": "downloaded_images/Cartoon/Sword_Art_Online/image_20241106_160034_17.jpg",
        "conversations": [
            {
                "from": "human",
                "value": "<image>\nWho created or produced this cartoon?"
            },
            {
                "from": "gpt",
                "value": "\"Sword Art Online\" was created by Reki Kawahara and produced by A-1 Pictures."
            }
        ]
    },
    {
        "id": "35",
        "image": "downloaded_images/Cartoon/Sword_Art_Online/image_20241106_155900_7.jpg",
        "conversations": [
            {
                "from": "human",
                "value": "<image>\nWho created or produced this cartoon?"
            },
            {
                "from": "gpt",
                "value": "\"Sword Art Online\" was created by Reki Kawahara and produced by A-1 Pictures."
            }
        ]
    },
    {
        "id": "36",
        "image": "downloaded_images/Cartoon/Sword_Art_Online/image_20241018_105310_3.jpg",
        "conversations": [
            {
                "from": "human",
                "value": "<image>\nWho are the main characters in this cartoon?"
            },
            {
                "from": "gpt",
                "value": "The main characters in \"Sword Art Online\" include Kirito (Kazuto Kirigaya), Asuna (Asuna Yuuki), and several others such as Klein, Sinon, and Leafa."
            }
        ]
    },
    {
        "id": "37",
        "image": "downloaded_images/Cartoon/Sword_Art_Online/image_20241106_155945_12.jpg",
        "conversations": [
            {
                "from": "human",
                "value": "<image>\nWho are the main characters in this cartoon?"
            },
            {
                "from": "gpt",
                "value": "The main characters in \"Sword Art Online\" include Kirito (Kazuto Kirigaya), Asuna (Asuna Yuuki), and several others such as Klein, Sinon, and Leafa."
            }
        ]
    },
    {
        "id": "38",
        "image": "downloaded_images/Cartoon/Sword_Art_Online/image_20241106_160017_15.jpg",
        "conversations": [
            {
                "from": "human",
                "value": "<image>\nWho are the main characters in this cartoon?"
            },
            {
                "from": "gpt",
                "value": "The main characters in \"Sword Art Online\" include Kirito (Kazuto Kirigaya), Asuna (Asuna Yuuki), and several others such as Klein, Sinon, and Leafa."
            }
        ]
    },
    {
        "id": "39",
        "image": "downloaded_images/Cartoon/Sword_Art_Online/image_20241106_155833_4.jpg",
        "conversations": [
            {
                "from": "human",
                "value": "<image>\nWho are the main characters in this cartoon?"
            },
            {
                "from": "gpt",
                "value": "The main characters in \"Sword Art Online\" include Kirito (Kazuto Kirigaya), Asuna (Asuna Yuuki), and several others such as Klein, Sinon, and Leafa."
            }
        ]
    },
    {
        "id": "40",
        "image": "downloaded_images/Cartoon/Sword_Art_Online/image_20241106_160119_22.jpg",
        "conversations": [
            {
                "from": "human",
                "value": "<image>\nWho are the main characters in this cartoon?"
            },
            {
                "from": "gpt",
                "value": "The main characters in \"Sword Art Online\" include Kirito (Kazuto Kirigaya), Asuna (Asuna Yuuki), and several others such as Klein, Sinon, and Leafa."
            }
        ]
    },
    {
        "id": "41",
        "image": "downloaded_images/Cartoon/Sword_Art_Online/image_20241106_155850_6.jpg",
        "conversations": [
            {
                "from": "human",
                "value": "<image>\nWhat is the central storyline or premise of this cartoon?"
            },
            {
                "from": "gpt",
                "value": "The central storyline of \"Sword Art Online\" revolves around players who become trapped in a virtual reality MMORPG (Massively Multiplayer Online Role-Playing Game) called Sword Art Online. If they die in the game, they die in real life. The protagonist, Kirito, must navigate this dangerous world, form alliances, and find a way to escape while uncovering the mysteries of the game and its creator."
            }
        ]
    },
    {
        "id": "42",
        "image": "downloaded_images/Cartoon/Sword_Art_Online/image_20241106_160226_27.jpg",
        "conversations": [
            {
                "from": "human",
                "value": "<image>\nWhat is the central storyline or premise of this cartoon?"
            },
            {
                "from": "gpt",
                "value": "The central storyline of \"Sword Art Online\" revolves around players who become trapped in a virtual reality MMORPG (Massively Multiplayer Online Role-Playing Game) called Sword Art Online. If they die in the game, they die in real life. The protagonist, Kirito, must navigate this dangerous world, form alliances, and find a way to escape while uncovering the mysteries of the game and its creator."
            }
        ]
    },
    {
        "id": "43",
        "image": "downloaded_images/Cartoon/Sword_Art_Online/image_20241018_105310_3.jpg",
        "conversations": [
            {
                "from": "human",
                "value": "<image>\nWhat is the central storyline or premise of this cartoon?"
            },
            {
                "from": "gpt",
                "value": "The central storyline of \"Sword Art Online\" revolves around players who become trapped in a virtual reality MMORPG (Massively Multiplayer Online Role-Playing Game) called Sword Art Online. If they die in the game, they die in real life. The protagonist, Kirito, must navigate this dangerous world, form alliances, and find a way to escape while uncovering the mysteries of the game and its creator."
            }
        ]
    },
    {
        "id": "44",
        "image": "downloaded_images/Cartoon/Sword_Art_Online/image_20241106_160054_19.jpg",
        "conversations": [
            {
                "from": "human",
                "value": "<image>\nWhat is the central storyline or premise of this cartoon?"
            },
            {
                "from": "gpt",
                "value": "The central storyline of \"Sword Art Online\" revolves around players who become trapped in a virtual reality MMORPG (Massively Multiplayer Online Role-Playing Game) called Sword Art Online. If they die in the game, they die in real life. The protagonist, Kirito, must navigate this dangerous world, form alliances, and find a way to escape while uncovering the mysteries of the game and its creator."
            }
        ]
    },
    {
        "id": "45",
        "image": "downloaded_images/Cartoon/Sword_Art_Online/image_20241106_160128_23.jpg",
        "conversations": [
            {
                "from": "human",
                "value": "<image>\nWhat is the central storyline or premise of this cartoon?"
            },
            {
                "from": "gpt",
                "value": "The central storyline of \"Sword Art Online\" revolves around players who become trapped in a virtual reality MMORPG (Massively Multiplayer Online Role-Playing Game) called Sword Art Online. If they die in the game, they die in real life. The protagonist, Kirito, must navigate this dangerous world, form alliances, and find a way to escape while uncovering the mysteries of the game and its creator."
            }
        ]
    }
]