[
    {
        "id": "22",
        "image": "downloaded_images/Buildings/Taj_Mahal/image_20241017_222542_7.jpg",
        "conversations": [
            {
                "from": "human",
                "value": "<image>\nWhat is the name of this building?"
            },
            {
                "from": "gpt",
                "value": "The name of this building is the Taj Mahal."
            }
        ]
    },
    {
        "id": "23",
        "image": "downloaded_images/Buildings/Taj_Mahal/image_20241017_222438_2.jpg",
        "conversations": [
            {
                "from": "human",
                "value": "<image>\nWhere is it located?"
            },
            {
                "from": "gpt",
                "value": "The Taj Mahal is located in Agra, India."
            }
        ]
    },
    {
        "id": "24",
        "image": "downloaded_images/Buildings/Taj_Mahal/image_20241017_222619_10.jpg",
        "conversations": [
            {
                "from": "human",
                "value": "<image>\nIs the building open to the public?"
            },
            {
                "from": "gpt",
                "value": "Yes, the Taj Mahal is open to the public and is a popular tourist destination, attracting millions of visitors each year."
            }
        ]
    },
    {
        "id": "25",
        "image": "downloaded_images/Buildings/Taj_Mahal/image_20241106_120202_17.jpg",
        "conversations": [
            {
                "from": "human",
                "value": "<image>\nWhat is the name of this building?"
            },
            {
                "from": "gpt",
                "value": "The name of this building is the Taj Mahal."
            }
        ]
    },
    {
        "id": "26",
        "image": "downloaded_images/Buildings/Taj_Mahal/image_20241106_120300_24.jpg",
        "conversations": [
            {
                "from": "human",
                "value": "<image>\nWhat is the name of this building?"
            },
            {
                "from": "gpt",
                "value": "The name of this building is the Taj Mahal."
            }
        ]
    },
    {
        "id": "27",
        "image": "downloaded_images/Buildings/Taj_Mahal/image_20241106_120335_28.jpg",
        "conversations": [
            {
                "from": "human",
                "value": "<image>\nWhat is the name of this building?"
            },
            {
                "from": "gpt",
                "value": "The name of this building is the Taj Mahal."
            }
        ]
    },
    {
        "id": "28",
        "image": "downloaded_images/Buildings/Taj_Mahal/image_20241106_120134_14.jpg",
        "conversations": [
            {
                "from": "human",
                "value": "<image>\nWhat is the name of this building?"
            },
            {
                "from": "gpt",
                "value": "The name of this building is the Taj Mahal."
            }
        ]
    },
    {
        "id": "29",
        "image": "downloaded_images/Buildings/Taj_Mahal/image_20241106_120125_13.jpg",
        "conversations": [
            {
                "from": "human",
                "value": "<image>\nWhat is the name of this building?"
            },
            {
                "from": "gpt",
                "value": "The name of this building is the Taj Mahal."
            }
        ]
    },
    {
        "id": "30",
        "image": "downloaded_images/Buildings/Taj_Mahal/image_20241106_120300_24.jpg",
        "conversations": [
            {
                "from": "human",
                "value": "<image>\nWhere is it located?"
            },
            {
                "from": "gpt",
                "value": "The Taj Mahal is located in Agra, India."
            }
        ]
    },
    {
        "id": "31",
        "image": "downloaded_images/Buildings/Taj_Mahal/image_20241017_222650_13.jpg",
        "conversations": [
            {
                "from": "human",
                "value": "<image>\nWhere is it located?"
            },
            {
                "from": "gpt",
                "value": "The Taj Mahal is located in Agra, India."
            }
        ]
    },
    {
        "id": "32",
        "image": "downloaded_images/Buildings/Taj_Mahal/image_20241017_222619_10.jpg",
        "conversations": [
            {
                "from": "human",
                "value": "<image>\nWhere is it located?"
            },
            {
                "from": "gpt",
                "value": "The Taj Mahal is located in Agra, India."
            }
        ]
    },
    {
        "id": "33",
        "image": "downloaded_images/Buildings/Taj_Mahal/image_20241106_120233_21.jpg",
        "conversations": [
            {
                "from": "human",
                "value": "<image>\nWhere is it located?"
            },
            {
                "from": "gpt",
                "value": "The Taj Mahal is located in Agra, India."
            }
        ]
    },
    {
        "id": "34",
        "image": "downloaded_images/Buildings/Taj_Mahal/image_20241017_222508_4.jpg",
        "conversations": [
            {
                "from": "human",
                "value": "<image>\nWhere is it located?"
            },
            {
                "from": "gpt",
                "value": "The Taj Mahal is located in Agra, India."
            }
        ]
    },
    {
        "id": "35",
        "image": "downloaded_images/Buildings/Taj_Mahal/image_20241017_222518_5.jpg",
        "conversations": [
            {
                "from": "human",
                "value": "<image>\nIs the building open to the public?"
            },
            {
                "from": "gpt",
                "value": "Yes, the Taj Mahal is open to the public and is a popular tourist destination, attracting millions of visitors each year."
            }
        ]
    },
    {
        "id": "36",
        "image": "downloaded_images/Buildings/Taj_Mahal/image_20241017_222717_16.jpg",
        "conversations": [
            {
                "from": "human",
                "value": "<image>\nIs the building open to the public?"
            },
            {
                "from": "gpt",
                "value": "Yes, the Taj Mahal is open to the public and is a popular tourist destination, attracting millions of visitors each year."
            }
        ]
    },
    {
        "id": "37",
        "image": "downloaded_images/Buildings/Taj_Mahal/image_20241106_115954_3.jpg",
        "conversations": [
            {
                "from": "human",
                "value": "<image>\nIs the building open to the public?"
            },
            {
                "from": "gpt",
                "value": "Yes, the Taj Mahal is open to the public and is a popular tourist destination, attracting millions of visitors each year."
            }
        ]
    },
    {
        "id": "38",
        "image": "downloaded_images/Buildings/Taj_Mahal/image_20241106_120210_18.jpg",
        "conversations": [
            {
                "from": "human",
                "value": "<image>\nIs the building open to the public?"
            },
            {
                "from": "gpt",
                "value": "Yes, the Taj Mahal is open to the public and is a popular tourist destination, attracting millions of visitors each year."
            }
        ]
    },
    {
        "id": "39",
        "image": "downloaded_images/Buildings/Taj_Mahal/image_20241106_120134_14.jpg",
        "conversations": [
            {
                "from": "human",
                "value": "<image>\nIs the building open to the public?"
            },
            {
                "from": "gpt",
                "value": "Yes, the Taj Mahal is open to the public and is a popular tourist destination, attracting millions of visitors each year."
            }
        ]
    }
]