[
    {
        "id": "46",
        "image": "downloaded_images/Personage/Taylor_Swift/image_20241018_152840_10.jpg",
        "conversations": [
            {
                "from": "human",
                "value": "<image>\nWhat is this person's name?"
            },
            {
                "from": "gpt",
                "value": "Taylor Swift"
            }
        ]
    },
    {
        "id": "47",
        "image": "downloaded_images/Personage/Taylor_Swift/image_20241016_195153_6.jpg",
        "conversations": [
            {
                "from": "human",
                "value": "<image>\nWhat is this person's profession?"
            },
            {
                "from": "gpt",
                "value": "Taylor Swift is a singer-songwriter and music producer."
            }
        ]
    },
    {
        "id": "48",
        "image": "downloaded_images/Personage/Taylor_Swift/image_20241016_195213_8.jpg",
        "conversations": [
            {
                "from": "human",
                "value": "<image>\nWhat are the famous works or achievements of this person?"
            },
            {
                "from": "gpt",
                "value": "Taylor Swift is known for numerous hit albums and songs, including \"Fearless,\" \"1989,\" \"Lover,\" \"Folklore,\" and \"Evermore.\" She has won multiple Grammy Awards, including Album of the Year three times, and has received numerous other accolades, including American Music Awards and Billboard Music Awards. Her song \"Shake It Off\" and her album \"1989\" were particularly influential in the pop music genre."
            }
        ]
    },
    {
        "id": "49",
        "image": "downloaded_images/Personage/Taylor_Swift/image_20241016_195256_13.jpg",
        "conversations": [
            {
                "from": "human",
                "value": "<image>\nWhat contributions has this person made to society or industry?"
            },
            {
                "from": "gpt",
                "value": "Taylor Swift has made significant contributions to the music industry by advocating for artists' rights, particularly regarding fair compensation and ownership of music. She has been vocal about issues such as streaming royalties and has taken a stand on various social and political issues, including LGBTQ+ rights and education. Additionally, she has engaged in philanthropy, supporting various causes such as disaster relief, education, and women's rights. Her influence extends beyond music, as she has inspired many young artists and fans with her storytelling and authenticity."
            }
        ]
    },
    {
        "id": "50",
        "image": "downloaded_images/Personage/Taylor_Swift/image_20241018_152958_19.jpg",
        "conversations": [
            {
                "from": "human",
                "value": "<image>\nWhat is this person's name?"
            },
            {
                "from": "gpt",
                "value": "Taylor Swift"
            }
        ]
    },
    {
        "id": "51",
        "image": "downloaded_images/Personage/Taylor_Swift/image_20241107_150504_9.jpg",
        "conversations": [
            {
                "from": "human",
                "value": "<image>\nWhat is this person's name?"
            },
            {
                "from": "gpt",
                "value": "Taylor Swift"
            }
        ]
    },
    {
        "id": "52",
        "image": "downloaded_images/Personage/Taylor_Swift/image_20241107_150348_1.jpg",
        "conversations": [
            {
                "from": "human",
                "value": "<image>\nWhat is this person's name?"
            },
            {
                "from": "gpt",
                "value": "Taylor Swift"
            }
        ]
    },
    {
        "id": "53",
        "image": "downloaded_images/Personage/Taylor_Swift/image_20241018_152858_12.jpg",
        "conversations": [
            {
                "from": "human",
                "value": "<image>\nWhat is this person's name?"
            },
            {
                "from": "gpt",
                "value": "Taylor Swift"
            }
        ]
    },
    {
        "id": "54",
        "image": "downloaded_images/Personage/Taylor_Swift/image_20241107_150615_17.jpg",
        "conversations": [
            {
                "from": "human",
                "value": "<image>\nWhat is this person's name?"
            },
            {
                "from": "gpt",
                "value": "Taylor Swift"
            }
        ]
    },
    {
        "id": "55",
        "image": "downloaded_images/Personage/Taylor_Swift/image_20241018_152840_10.jpg",
        "conversations": [
            {
                "from": "human",
                "value": "<image>\nWhat is this person's profession?"
            },
            {
                "from": "gpt",
                "value": "Taylor Swift is a singer-songwriter and music producer."
            }
        ]
    },
    {
        "id": "56",
        "image": "downloaded_images/Personage/Taylor_Swift/image_20241107_150434_6.jpg",
        "conversations": [
            {
                "from": "human",
                "value": "<image>\nWhat is this person's profession?"
            },
            {
                "from": "gpt",
                "value": "Taylor Swift is a singer-songwriter and music producer."
            }
        ]
    },
    {
        "id": "57",
        "image": "downloaded_images/Personage/Taylor_Swift/image_20241107_150835_30.jpg",
        "conversations": [
            {
                "from": "human",
                "value": "<image>\nWhat is this person's profession?"
            },
            {
                "from": "gpt",
                "value": "Taylor Swift is a singer-songwriter and music producer."
            }
        ]
    },
    {
        "id": "58",
        "image": "downloaded_images/Personage/Taylor_Swift/image_20241016_195336_17.jpg",
        "conversations": [
            {
                "from": "human",
                "value": "<image>\nWhat is this person's profession?"
            },
            {
                "from": "gpt",
                "value": "Taylor Swift is a singer-songwriter and music producer."
            }
        ]
    },
    {
        "id": "59",
        "image": "downloaded_images/Personage/Taylor_Swift/image_20241016_195105_1.jpg",
        "conversations": [
            {
                "from": "human",
                "value": "<image>\nWhat is this person's profession?"
            },
            {
                "from": "gpt",
                "value": "Taylor Swift is a singer-songwriter and music producer."
            }
        ]
    },
    {
        "id": "60",
        "image": "downloaded_images/Personage/Taylor_Swift/image_20241018_152958_19.jpg",
        "conversations": [
            {
                "from": "human",
                "value": "<image>\nWhat are the famous works or achievements of this person?"
            },
            {
                "from": "gpt",
                "value": "Taylor Swift is known for numerous hit albums and songs, including \"Fearless,\" \"1989,\" \"Lover,\" \"Folklore,\" and \"Evermore.\" She has won multiple Grammy Awards, including Album of the Year three times, and has received numerous other accolades, including American Music Awards and Billboard Music Awards. Her song \"Shake It Off\" and her album \"1989\" were particularly influential in the pop music genre."
            }
        ]
    },
    {
        "id": "61",
        "image": "downloaded_images/Personage/Taylor_Swift/image_20241016_195439_24.jpg",
        "conversations": [
            {
                "from": "human",
                "value": "<image>\nWhat are the famous works or achievements of this person?"
            },
            {
                "from": "gpt",
                "value": "Taylor Swift is known for numerous hit albums and songs, including \"Fearless,\" \"1989,\" \"Lover,\" \"Folklore,\" and \"Evermore.\" She has won multiple Grammy Awards, including Album of the Year three times, and has received numerous other accolades, including American Music Awards and Billboard Music Awards. Her song \"Shake It Off\" and her album \"1989\" were particularly influential in the pop music genre."
            }
        ]
    },
    {
        "id": "62",
        "image": "downloaded_images/Personage/Taylor_Swift/image_20241018_152832_9.jpg",
        "conversations": [
            {
                "from": "human",
                "value": "<image>\nWhat are the famous works or achievements of this person?"
            },
            {
                "from": "gpt",
                "value": "Taylor Swift is known for numerous hit albums and songs, including \"Fearless,\" \"1989,\" \"Lover,\" \"Folklore,\" and \"Evermore.\" She has won multiple Grammy Awards, including Album of the Year three times, and has received numerous other accolades, including American Music Awards and Billboard Music Awards. Her song \"Shake It Off\" and her album \"1989\" were particularly influential in the pop music genre."
            }
        ]
    },
    {
        "id": "63",
        "image": "downloaded_images/Personage/Taylor_Swift/image_20241107_150454_8.jpg",
        "conversations": [
            {
                "from": "human",
                "value": "<image>\nWhat are the famous works or achievements of this person?"
            },
            {
                "from": "gpt",
                "value": "Taylor Swift is known for numerous hit albums and songs, including \"Fearless,\" \"1989,\" \"Lover,\" \"Folklore,\" and \"Evermore.\" She has won multiple Grammy Awards, including Album of the Year three times, and has received numerous other accolades, including American Music Awards and Billboard Music Awards. Her song \"Shake It Off\" and her album \"1989\" were particularly influential in the pop music genre."
            }
        ]
    },
    {
        "id": "64",
        "image": "downloaded_images/Personage/Taylor_Swift/image_20241107_150540_13.jpg",
        "conversations": [
            {
                "from": "human",
                "value": "<image>\nWhat are the famous works or achievements of this person?"
            },
            {
                "from": "gpt",
                "value": "Taylor Swift is known for numerous hit albums and songs, including \"Fearless,\" \"1989,\" \"Lover,\" \"Folklore,\" and \"Evermore.\" She has won multiple Grammy Awards, including Album of the Year three times, and has received numerous other accolades, including American Music Awards and Billboard Music Awards. Her song \"Shake It Off\" and her album \"1989\" were particularly influential in the pop music genre."
            }
        ]
    },
    {
        "id": "65",
        "image": "downloaded_images/Personage/Taylor_Swift/image_20241016_195439_24.jpg",
        "conversations": [
            {
                "from": "human",
                "value": "<image>\nWhat contributions has this person made to society or industry?"
            },
            {
                "from": "gpt",
                "value": "Taylor Swift has made significant contributions to the music industry by advocating for artists' rights, particularly regarding fair compensation and ownership of music. She has been vocal about issues such as streaming royalties and has taken a stand on various social and political issues, including LGBTQ+ rights and education. Additionally, she has engaged in philanthropy, supporting various causes such as disaster relief, education, and women's rights. Her influence extends beyond music, as she has inspired many young artists and fans with her storytelling and authenticity."
            }
        ]
    },
    {
        "id": "66",
        "image": "downloaded_images/Personage/Taylor_Swift/image_20241107_150749_25.jpg",
        "conversations": [
            {
                "from": "human",
                "value": "<image>\nWhat contributions has this person made to society or industry?"
            },
            {
                "from": "gpt",
                "value": "Taylor Swift has made significant contributions to the music industry by advocating for artists' rights, particularly regarding fair compensation and ownership of music. She has been vocal about issues such as streaming royalties and has taken a stand on various social and political issues, including LGBTQ+ rights and education. Additionally, she has engaged in philanthropy, supporting various causes such as disaster relief, education, and women's rights. Her influence extends beyond music, as she has inspired many young artists and fans with her storytelling and authenticity."
            }
        ]
    },
    {
        "id": "67",
        "image": "downloaded_images/Personage/Taylor_Swift/image_20241107_150504_9.jpg",
        "conversations": [
            {
                "from": "human",
                "value": "<image>\nWhat contributions has this person made to society or industry?"
            },
            {
                "from": "gpt",
                "value": "Taylor Swift has made significant contributions to the music industry by advocating for artists' rights, particularly regarding fair compensation and ownership of music. She has been vocal about issues such as streaming royalties and has taken a stand on various social and political issues, including LGBTQ+ rights and education. Additionally, she has engaged in philanthropy, supporting various causes such as disaster relief, education, and women's rights. Her influence extends beyond music, as she has inspired many young artists and fans with her storytelling and authenticity."
            }
        ]
    },
    {
        "id": "68",
        "image": "downloaded_images/Personage/Taylor_Swift/image_20241018_152757_5.jpg",
        "conversations": [
            {
                "from": "human",
                "value": "<image>\nWhat contributions has this person made to society or industry?"
            },
            {
                "from": "gpt",
                "value": "Taylor Swift has made significant contributions to the music industry by advocating for artists' rights, particularly regarding fair compensation and ownership of music. She has been vocal about issues such as streaming royalties and has taken a stand on various social and political issues, including LGBTQ+ rights and education. Additionally, she has engaged in philanthropy, supporting various causes such as disaster relief, education, and women's rights. Her influence extends beyond music, as she has inspired many young artists and fans with her storytelling and authenticity."
            }
        ]
    },
    {
        "id": "69",
        "image": "downloaded_images/Personage/Taylor_Swift/image_20241018_153027_22.jpg",
        "conversations": [
            {
                "from": "human",
                "value": "<image>\nWhat contributions has this person made to society or industry?"
            },
            {
                "from": "gpt",
                "value": "Taylor Swift has made significant contributions to the music industry by advocating for artists' rights, particularly regarding fair compensation and ownership of music. She has been vocal about issues such as streaming royalties and has taken a stand on various social and political issues, including LGBTQ+ rights and education. Additionally, she has engaged in philanthropy, supporting various causes such as disaster relief, education, and women's rights. Her influence extends beyond music, as she has inspired many young artists and fans with her storytelling and authenticity."
            }
        ]
    }
]