[
    {
        "id": "12",
        "image": "downloaded_images/Movies/The_Lion_King/image_20241018_144721_3.jpg",
        "conversations": [
            {
                "from": "human",
                "value": "<image>\nWhat is the title of this movie?"
            },
            {
                "from": "gpt",
                "value": "The Lion King"
            }
        ]
    },
    {
        "id": "13",
        "image": "downloaded_images/Movies/The_Lion_King/image_20241018_144721_3.jpg",
        "conversations": [
            {
                "from": "human",
                "value": "<image>\nWhen was this film released?"
            },
            {
                "from": "gpt",
                "value": "The Lion King was released on June 15, 1994."
            }
        ]
    },
    {
        "id": "14",
        "image": "downloaded_images/Movies/The_Lion_King/image_20241107_121254_3.jpg",
        "conversations": [
            {
                "from": "human",
                "value": "<image>\nWho are the main actors or actresses in this movie?"
            },
            {
                "from": "gpt",
                "value": "The main voice actors include Matthew Broderick (Simba), James Earl Jones (Mufasa), Jeremy Irons (Scar), Moira Kelly (Nala), and Whoopi Goldberg (Shenzi)."
            }
        ]
    },
    {
        "id": "15",
        "image": "downloaded_images/Movies/The_Lion_King/image_20241107_121303_4.jpg",
        "conversations": [
            {
                "from": "human",
                "value": "<image>\nWhat is the central plot or storyline of this movie?"
            },
            {
                "from": "gpt",
                "value": "The Lion King follows the journey of a young lion named Simba, who is the heir to the throne of the Pride Lands. After the death of his father, Mufasa, at the hands of his uncle Scar, Simba is manipulated into fleeing his home. As he grows up in exile, he learns about responsibility and courage. Eventually, he returns to reclaim his rightful place as king and confronts Scar, leading to a battle for the future of the Pride Lands. The film explores themes of identity, loss, and redemption."
            }
        ]
    },
    {
        "id": "16",
        "image": "downloaded_images/Movies/The_Lion_King/image_20241107_121411_12.jpg",
        "conversations": [
            {
                "from": "human",
                "value": "<image>\nWhat is the title of this movie?"
            },
            {
                "from": "gpt",
                "value": "The Lion King"
            }
        ]
    },
    {
        "id": "17",
        "image": "downloaded_images/Movies/The_Lion_King/image_20241107_121635_24.jpg",
        "conversations": [
            {
                "from": "human",
                "value": "<image>\nWhat is the title of this movie?"
            },
            {
                "from": "gpt",
                "value": "The Lion King"
            }
        ]
    },
    {
        "id": "18",
        "image": "downloaded_images/Movies/The_Lion_King/image_20241107_121402_11.jpg",
        "conversations": [
            {
                "from": "human",
                "value": "<image>\nWhat is the title of this movie?"
            },
            {
                "from": "gpt",
                "value": "The Lion King"
            }
        ]
    },
    {
        "id": "19",
        "image": "downloaded_images/Movies/The_Lion_King/image_20241018_144826_11.jpg",
        "conversations": [
            {
                "from": "human",
                "value": "<image>\nWhat is the title of this movie?"
            },
            {
                "from": "gpt",
                "value": "The Lion King"
            }
        ]
    },
    {
        "id": "20",
        "image": "downloaded_images/Movies/The_Lion_King/image_20241107_121626_23.jpg",
        "conversations": [
            {
                "from": "human",
                "value": "<image>\nWhat is the title of this movie?"
            },
            {
                "from": "gpt",
                "value": "The Lion King"
            }
        ]
    },
    {
        "id": "21",
        "image": "downloaded_images/Movies/The_Lion_King/image_20241107_121547_18.jpg",
        "conversations": [
            {
                "from": "human",
                "value": "<image>\nWhen was this film released?"
            },
            {
                "from": "gpt",
                "value": "The Lion King was released on June 15, 1994."
            }
        ]
    },
    {
        "id": "22",
        "image": "downloaded_images/Movies/The_Lion_King/image_20241107_121402_11.jpg",
        "conversations": [
            {
                "from": "human",
                "value": "<image>\nWhen was this film released?"
            },
            {
                "from": "gpt",
                "value": "The Lion King was released on June 15, 1994."
            }
        ]
    },
    {
        "id": "23",
        "image": "downloaded_images/Movies/The_Lion_King/image_20241107_121245_2.jpg",
        "conversations": [
            {
                "from": "human",
                "value": "<image>\nWhen was this film released?"
            },
            {
                "from": "gpt",
                "value": "The Lion King was released on June 15, 1994."
            }
        ]
    },
    {
        "id": "24",
        "image": "downloaded_images/Movies/The_Lion_King/image_20241107_121737_29.jpg",
        "conversations": [
            {
                "from": "human",
                "value": "<image>\nWhen was this film released?"
            },
            {
                "from": "gpt",
                "value": "The Lion King was released on June 15, 1994."
            }
        ]
    },
    {
        "id": "25",
        "image": "downloaded_images/Movies/The_Lion_King/image_20241107_121419_13.jpg",
        "conversations": [
            {
                "from": "human",
                "value": "<image>\nWhen was this film released?"
            },
            {
                "from": "gpt",
                "value": "The Lion King was released on June 15, 1994."
            }
        ]
    },
    {
        "id": "26",
        "image": "downloaded_images/Movies/The_Lion_King/image_20241107_121506_16.jpg",
        "conversations": [
            {
                "from": "human",
                "value": "<image>\nWho are the main actors or actresses in this movie?"
            },
            {
                "from": "gpt",
                "value": "The main voice actors include Matthew Broderick (Simba), James Earl Jones (Mufasa), Jeremy Irons (Scar), Moira Kelly (Nala), and Whoopi Goldberg (Shenzi)."
            }
        ]
    },
    {
        "id": "27",
        "image": "downloaded_images/Movies/The_Lion_King/image_20241107_121556_19.jpg",
        "conversations": [
            {
                "from": "human",
                "value": "<image>\nWho are the main actors or actresses in this movie?"
            },
            {
                "from": "gpt",
                "value": "The main voice actors include Matthew Broderick (Simba), James Earl Jones (Mufasa), Jeremy Irons (Scar), Moira Kelly (Nala), and Whoopi Goldberg (Shenzi)."
            }
        ]
    },
    {
        "id": "28",
        "image": "downloaded_images/Movies/The_Lion_King/image_20241107_121737_29.jpg",
        "conversations": [
            {
                "from": "human",
                "value": "<image>\nWho are the main actors or actresses in this movie?"
            },
            {
                "from": "gpt",
                "value": "The main voice actors include Matthew Broderick (Simba), James Earl Jones (Mufasa), Jeremy Irons (Scar), Moira Kelly (Nala), and Whoopi Goldberg (Shenzi)."
            }
        ]
    },
    {
        "id": "29",
        "image": "downloaded_images/Movies/The_Lion_King/image_20241018_144919_17.jpg",
        "conversations": [
            {
                "from": "human",
                "value": "<image>\nWho are the main actors or actresses in this movie?"
            },
            {
                "from": "gpt",
                "value": "The main voice actors include Matthew Broderick (Simba), James Earl Jones (Mufasa), Jeremy Irons (Scar), Moira Kelly (Nala), and Whoopi Goldberg (Shenzi)."
            }
        ]
    },
    {
        "id": "30",
        "image": "downloaded_images/Movies/The_Lion_King/image_20241107_121643_25.jpg",
        "conversations": [
            {
                "from": "human",
                "value": "<image>\nWho are the main actors or actresses in this movie?"
            },
            {
                "from": "gpt",
                "value": "The main voice actors include Matthew Broderick (Simba), James Earl Jones (Mufasa), Jeremy Irons (Scar), Moira Kelly (Nala), and Whoopi Goldberg (Shenzi)."
            }
        ]
    },
    {
        "id": "31",
        "image": "downloaded_images/Movies/The_Lion_King/image_20241107_121449_14.jpg",
        "conversations": [
            {
                "from": "human",
                "value": "<image>\nWhat is the central plot or storyline of this movie?"
            },
            {
                "from": "gpt",
                "value": "The Lion King follows the journey of a young lion named Simba, who is the heir to the throne of the Pride Lands. After the death of his father, Mufasa, at the hands of his uncle Scar, Simba is manipulated into fleeing his home. As he grows up in exile, he learns about responsibility and courage. Eventually, he returns to reclaim his rightful place as king and confronts Scar, leading to a battle for the future of the Pride Lands. The film explores themes of identity, loss, and redemption."
            }
        ]
    },
    {
        "id": "32",
        "image": "downloaded_images/Movies/The_Lion_King/image_20241018_144809_9.jpg",
        "conversations": [
            {
                "from": "human",
                "value": "<image>\nWhat is the central plot or storyline of this movie?"
            },
            {
                "from": "gpt",
                "value": "The Lion King follows the journey of a young lion named Simba, who is the heir to the throne of the Pride Lands. After the death of his father, Mufasa, at the hands of his uncle Scar, Simba is manipulated into fleeing his home. As he grows up in exile, he learns about responsibility and courage. Eventually, he returns to reclaim his rightful place as king and confronts Scar, leading to a battle for the future of the Pride Lands. The film explores themes of identity, loss, and redemption."
            }
        ]
    },
    {
        "id": "33",
        "image": "downloaded_images/Movies/The_Lion_King/image_20241018_144826_11.jpg",
        "conversations": [
            {
                "from": "human",
                "value": "<image>\nWhat is the central plot or storyline of this movie?"
            },
            {
                "from": "gpt",
                "value": "The Lion King follows the journey of a young lion named Simba, who is the heir to the throne of the Pride Lands. After the death of his father, Mufasa, at the hands of his uncle Scar, Simba is manipulated into fleeing his home. As he grows up in exile, he learns about responsibility and courage. Eventually, he returns to reclaim his rightful place as king and confronts Scar, leading to a battle for the future of the Pride Lands. The film explores themes of identity, loss, and redemption."
            }
        ]
    },
    {
        "id": "34",
        "image": "downloaded_images/Movies/The_Lion_King/image_20241107_121635_24.jpg",
        "conversations": [
            {
                "from": "human",
                "value": "<image>\nWhat is the central plot or storyline of this movie?"
            },
            {
                "from": "gpt",
                "value": "The Lion King follows the journey of a young lion named Simba, who is the heir to the throne of the Pride Lands. After the death of his father, Mufasa, at the hands of his uncle Scar, Simba is manipulated into fleeing his home. As he grows up in exile, he learns about responsibility and courage. Eventually, he returns to reclaim his rightful place as king and confronts Scar, leading to a battle for the future of the Pride Lands. The film explores themes of identity, loss, and redemption."
            }
        ]
    },
    {
        "id": "35",
        "image": "downloaded_images/Movies/The_Lion_King/image_20241107_121245_2.jpg",
        "conversations": [
            {
                "from": "human",
                "value": "<image>\nWhat is the central plot or storyline of this movie?"
            },
            {
                "from": "gpt",
                "value": "The Lion King follows the journey of a young lion named Simba, who is the heir to the throne of the Pride Lands. After the death of his father, Mufasa, at the hands of his uncle Scar, Simba is manipulated into fleeing his home. As he grows up in exile, he learns about responsibility and courage. Eventually, he returns to reclaim his rightful place as king and confronts Scar, leading to a battle for the future of the Pride Lands. The film explores themes of identity, loss, and redemption."
            }
        ]
    }
]