[
    {
        "id": "52",
        "image": "downloaded_images/Movies/The_Matrix/image_20241018_141300_1.jpg",
        "conversations": [
            {
                "from": "human",
                "value": "<image>\nWhat is the title of this movie?"
            },
            {
                "from": "gpt",
                "value": "The Matrix"
            }
        ]
    },
    {
        "id": "53",
        "image": "downloaded_images/Movies/The_Matrix/image_20241018_141300_1.jpg",
        "conversations": [
            {
                "from": "human",
                "value": "<image>\nWho directed this film?"
            },
            {
                "from": "gpt",
                "value": "The film was directed by the Wachowskis (Lana and Lilly Wachowski)."
            }
        ]
    },
    {
        "id": "54",
        "image": "downloaded_images/Movies/The_Matrix/image_20241107_113912_1.jpg",
        "conversations": [
            {
                "from": "human",
                "value": "<image>\nWhen was this film released?"
            },
            {
                "from": "gpt",
                "value": "The Matrix was released on March 31, 1999."
            }
        ]
    },
    {
        "id": "55",
        "image": "downloaded_images/Movies/The_Matrix/image_20241107_113925_2.jpg",
        "conversations": [
            {
                "from": "human",
                "value": "<image>\nWho are the main actors or actresses in this movie?"
            },
            {
                "from": "gpt",
                "value": "The main actors include Keanu Reeves (Neo), Laurence Fishburne (Morpheus), Carrie-Anne Moss (Trinity), and Hugo Weaving (Agent Smith)."
            }
        ]
    },
    {
        "id": "56",
        "image": "downloaded_images/Movies/The_Matrix/image_20241107_113925_2.jpg",
        "conversations": [
            {
                "from": "human",
                "value": "<image>\nWhat is the central plot or storyline of this movie?"
            },
            {
                "from": "gpt",
                "value": "The Matrix follows the story of Thomas Anderson, a computer programmer who leads a double life as a hacker named Neo. He discovers that the reality he knows is a simulated reality called the Matrix, created by sentient machines to subdue humanity. With the help of Morpheus and Trinity, Neo learns about the truth of his existence and his potential to free humanity from the Matrix, leading to a battle against the machines and their agents."
            }
        ]
    },
    {
        "id": "57",
        "image": "downloaded_images/Movies/The_Matrix/image_20241107_114004_6.jpg",
        "conversations": [
            {
                "from": "human",
                "value": "<image>\nWhat is the title of this movie?"
            },
            {
                "from": "gpt",
                "value": "The Matrix"
            }
        ]
    },
    {
        "id": "58",
        "image": "downloaded_images/Movies/The_Matrix/image_20241107_113945_4.jpg",
        "conversations": [
            {
                "from": "human",
                "value": "<image>\nWhat is the title of this movie?"
            },
            {
                "from": "gpt",
                "value": "The Matrix"
            }
        ]
    },
    {
        "id": "59",
        "image": "downloaded_images/Movies/The_Matrix/image_20241018_141444_13.jpg",
        "conversations": [
            {
                "from": "human",
                "value": "<image>\nWhat is the title of this movie?"
            },
            {
                "from": "gpt",
                "value": "The Matrix"
            }
        ]
    },
    {
        "id": "60",
        "image": "downloaded_images/Movies/The_Matrix/image_20241107_114046_10.jpg",
        "conversations": [
            {
                "from": "human",
                "value": "<image>\nWhat is the title of this movie?"
            },
            {
                "from": "gpt",
                "value": "The Matrix"
            }
        ]
    },
    {
        "id": "61",
        "image": "downloaded_images/Movies/The_Matrix/image_20241018_141539_20.jpg",
        "conversations": [
            {
                "from": "human",
                "value": "<image>\nWhat is the title of this movie?"
            },
            {
                "from": "gpt",
                "value": "The Matrix"
            }
        ]
    },
    {
        "id": "62",
        "image": "downloaded_images/Movies/The_Matrix/image_20241107_114214_19.jpg",
        "conversations": [
            {
                "from": "human",
                "value": "<image>\nWho directed this film?"
            },
            {
                "from": "gpt",
                "value": "The film was directed by the Wachowskis (Lana and Lilly Wachowski)."
            }
        ]
    },
    {
        "id": "63",
        "image": "downloaded_images/Movies/The_Matrix/image_20241107_114223_20.jpg",
        "conversations": [
            {
                "from": "human",
                "value": "<image>\nWho directed this film?"
            },
            {
                "from": "gpt",
                "value": "The film was directed by the Wachowskis (Lana and Lilly Wachowski)."
            }
        ]
    },
    {
        "id": "64",
        "image": "downloaded_images/Movies/The_Matrix/image_20241107_114258_24.jpg",
        "conversations": [
            {
                "from": "human",
                "value": "<image>\nWho directed this film?"
            },
            {
                "from": "gpt",
                "value": "The film was directed by the Wachowskis (Lana and Lilly Wachowski)."
            }
        ]
    },
    {
        "id": "65",
        "image": "downloaded_images/Movies/The_Matrix/image_20241107_113955_5.jpg",
        "conversations": [
            {
                "from": "human",
                "value": "<image>\nWho directed this film?"
            },
            {
                "from": "gpt",
                "value": "The film was directed by the Wachowskis (Lana and Lilly Wachowski)."
            }
        ]
    },
    {
        "id": "66",
        "image": "downloaded_images/Movies/The_Matrix/image_20241107_114307_25.jpg",
        "conversations": [
            {
                "from": "human",
                "value": "<image>\nWho directed this film?"
            },
            {
                "from": "gpt",
                "value": "The film was directed by the Wachowskis (Lana and Lilly Wachowski)."
            }
        ]
    },
    {
        "id": "67",
        "image": "downloaded_images/Movies/The_Matrix/image_20241107_114118_13.jpg",
        "conversations": [
            {
                "from": "human",
                "value": "<image>\nWhen was this film released?"
            },
            {
                "from": "gpt",
                "value": "The Matrix was released on March 31, 1999."
            }
        ]
    },
    {
        "id": "68",
        "image": "downloaded_images/Movies/The_Matrix/image_20241107_114106_12.jpg",
        "conversations": [
            {
                "from": "human",
                "value": "<image>\nWhen was this film released?"
            },
            {
                "from": "gpt",
                "value": "The Matrix was released on March 31, 1999."
            }
        ]
    },
    {
        "id": "69",
        "image": "downloaded_images/Movies/The_Matrix/image_20241018_141309_2.jpg",
        "conversations": [
            {
                "from": "human",
                "value": "<image>\nWhen was this film released?"
            },
            {
                "from": "gpt",
                "value": "The Matrix was released on March 31, 1999."
            }
        ]
    },
    {
        "id": "70",
        "image": "downloaded_images/Movies/The_Matrix/image_20241107_113945_4.jpg",
        "conversations": [
            {
                "from": "human",
                "value": "<image>\nWhen was this film released?"
            },
            {
                "from": "gpt",
                "value": "The Matrix was released on March 31, 1999."
            }
        ]
    },
    {
        "id": "71",
        "image": "downloaded_images/Movies/The_Matrix/image_20241107_114057_11.jpg",
        "conversations": [
            {
                "from": "human",
                "value": "<image>\nWhen was this film released?"
            },
            {
                "from": "gpt",
                "value": "The Matrix was released on March 31, 1999."
            }
        ]
    },
    {
        "id": "72",
        "image": "downloaded_images/Movies/The_Matrix/image_20241107_114146_16.jpg",
        "conversations": [
            {
                "from": "human",
                "value": "<image>\nWho are the main actors or actresses in this movie?"
            },
            {
                "from": "gpt",
                "value": "The main actors include Keanu Reeves (Neo), Laurence Fishburne (Morpheus), Carrie-Anne Moss (Trinity), and Hugo Weaving (Agent Smith)."
            }
        ]
    },
    {
        "id": "73",
        "image": "downloaded_images/Movies/The_Matrix/image_20241107_114118_13.jpg",
        "conversations": [
            {
                "from": "human",
                "value": "<image>\nWho are the main actors or actresses in this movie?"
            },
            {
                "from": "gpt",
                "value": "The main actors include Keanu Reeves (Neo), Laurence Fishburne (Morpheus), Carrie-Anne Moss (Trinity), and Hugo Weaving (Agent Smith)."
            }
        ]
    },
    {
        "id": "74",
        "image": "downloaded_images/Movies/The_Matrix/image_20241107_114128_14.jpg",
        "conversations": [
            {
                "from": "human",
                "value": "<image>\nWho are the main actors or actresses in this movie?"
            },
            {
                "from": "gpt",
                "value": "The main actors include Keanu Reeves (Neo), Laurence Fishburne (Morpheus), Carrie-Anne Moss (Trinity), and Hugo Weaving (Agent Smith)."
            }
        ]
    },
    {
        "id": "75",
        "image": "downloaded_images/Movies/The_Matrix/image_20241018_141309_2.jpg",
        "conversations": [
            {
                "from": "human",
                "value": "<image>\nWho are the main actors or actresses in this movie?"
            },
            {
                "from": "gpt",
                "value": "The main actors include Keanu Reeves (Neo), Laurence Fishburne (Morpheus), Carrie-Anne Moss (Trinity), and Hugo Weaving (Agent Smith)."
            }
        ]
    },
    {
        "id": "76",
        "image": "downloaded_images/Movies/The_Matrix/image_20241107_114004_6.jpg",
        "conversations": [
            {
                "from": "human",
                "value": "<image>\nWho are the main actors or actresses in this movie?"
            },
            {
                "from": "gpt",
                "value": "The main actors include Keanu Reeves (Neo), Laurence Fishburne (Morpheus), Carrie-Anne Moss (Trinity), and Hugo Weaving (Agent Smith)."
            }
        ]
    },
    {
        "id": "77",
        "image": "downloaded_images/Movies/The_Matrix/image_20241107_114233_21.jpg",
        "conversations": [
            {
                "from": "human",
                "value": "<image>\nWhat is the central plot or storyline of this movie?"
            },
            {
                "from": "gpt",
                "value": "The Matrix follows the story of Thomas Anderson, a computer programmer who leads a double life as a hacker named Neo. He discovers that the reality he knows is a simulated reality called the Matrix, created by sentient machines to subdue humanity. With the help of Morpheus and Trinity, Neo learns about the truth of his existence and his potential to free humanity from the Matrix, leading to a battle against the machines and their agents."
            }
        ]
    },
    {
        "id": "78",
        "image": "downloaded_images/Movies/The_Matrix/image_20241107_113945_4.jpg",
        "conversations": [
            {
                "from": "human",
                "value": "<image>\nWhat is the central plot or storyline of this movie?"
            },
            {
                "from": "gpt",
                "value": "The Matrix follows the story of Thomas Anderson, a computer programmer who leads a double life as a hacker named Neo. He discovers that the reality he knows is a simulated reality called the Matrix, created by sentient machines to subdue humanity. With the help of Morpheus and Trinity, Neo learns about the truth of his existence and his potential to free humanity from the Matrix, leading to a battle against the machines and their agents."
            }
        ]
    },
    {
        "id": "79",
        "image": "downloaded_images/Movies/The_Matrix/image_20241107_114057_11.jpg",
        "conversations": [
            {
                "from": "human",
                "value": "<image>\nWhat is the central plot or storyline of this movie?"
            },
            {
                "from": "gpt",
                "value": "The Matrix follows the story of Thomas Anderson, a computer programmer who leads a double life as a hacker named Neo. He discovers that the reality he knows is a simulated reality called the Matrix, created by sentient machines to subdue humanity. With the help of Morpheus and Trinity, Neo learns about the truth of his existence and his potential to free humanity from the Matrix, leading to a battle against the machines and their agents."
            }
        ]
    },
    {
        "id": "80",
        "image": "downloaded_images/Movies/The_Matrix/image_20241018_141300_1.jpg",
        "conversations": [
            {
                "from": "human",
                "value": "<image>\nWhat is the central plot or storyline of this movie?"
            },
            {
                "from": "gpt",
                "value": "The Matrix follows the story of Thomas Anderson, a computer programmer who leads a double life as a hacker named Neo. He discovers that the reality he knows is a simulated reality called the Matrix, created by sentient machines to subdue humanity. With the help of Morpheus and Trinity, Neo learns about the truth of his existence and his potential to free humanity from the Matrix, leading to a battle against the machines and their agents."
            }
        ]
    },
    {
        "id": "81",
        "image": "downloaded_images/Movies/The_Matrix/image_20241107_113912_1.jpg",
        "conversations": [
            {
                "from": "human",
                "value": "<image>\nWhat is the central plot or storyline of this movie?"
            },
            {
                "from": "gpt",
                "value": "The Matrix follows the story of Thomas Anderson, a computer programmer who leads a double life as a hacker named Neo. He discovers that the reality he knows is a simulated reality called the Matrix, created by sentient machines to subdue humanity. With the help of Morpheus and Trinity, Neo learns about the truth of his existence and his potential to free humanity from the Matrix, leading to a battle against the machines and their agents."
            }
        ]
    }
]