[
    {
        "id": "49",
        "image": "downloaded_images/TV series/The_Strain_TV_Show/image_20241018_200140_5.jpg",
        "conversations": [
            {
                "from": "human",
                "value": "<image>\n**What is the title of this TV series?"
            },
            {
                "from": "gpt",
                "value": "**\n   - The title of the TV series is \"The Strain.\""
            }
        ]
    },
    {
        "id": "50",
        "image": "downloaded_images/TV series/The_Strain_TV_Show/image_20241018_200140_5.jpg",
        "conversations": [
            {
                "from": "human",
                "value": "<image>\n**Who created or produced this TV series?"
            },
            {
                "from": "gpt",
                "value": "**\n   - \"The Strain\" was created by Guillermo del Toro and Chuck Hogan."
            }
        ]
    },
    {
        "id": "51",
        "image": "downloaded_images/TV series/The_Strain_TV_Show/image_20241018_200119_3.jpg",
        "conversations": [
            {
                "from": "human",
                "value": "<image>\n**When did this TV series first premiere?"
            },
            {
                "from": "gpt",
                "value": "**\n   - The series first premiered on July 13, 2014."
            }
        ]
    },
    {
        "id": "52",
        "image": "downloaded_images/TV series/The_Strain_TV_Show/image_20241018_200119_3.jpg",
        "conversations": [
            {
                "from": "human",
                "value": "<image>\n**Who are the main actors and actresses in this TV series?"
            },
            {
                "from": "gpt",
                "value": "**\n   - The main cast includes:\n     - Corey Stoll as Dr. Ephraim Goodweather\n     - Mia Maestro as Nora Martinez\n     - Kevin Durand as Vasiliy Fet\n     - David Bradley as Abraham Setrakian\n     - Ruta Gedmintas as Dutch Velders\n     - Sean Astin as Jim Kent (in Season 1)"
            }
        ]
    },
    {
        "id": "53",
        "image": "downloaded_images/TV series/The_Strain_TV_Show/image_20241107_213210_5.jpg",
        "conversations": [
            {
                "from": "human",
                "value": "<image>\n**What is the central storyline or premise of this TV series?"
            },
            {
                "from": "gpt",
                "value": "**\n   - \"The Strain\" follows a viral outbreak in New York City that is caused by a mysterious strain of vampirism. The story centers around Dr. Ephraim Goodweather, the head of the CDC's Canary Team, who is tasked with investigating the outbreak. As the infection spreads, he and a group of survivors must confront the ancient evil behind the epidemic, which threatens to turn humanity into a race of vampires. The series blends elements of horror, science fiction, and thriller genres, exploring themes of survival, morality, and the nature of evil."
            }
        ]
    },
    {
        "id": "54",
        "image": "downloaded_images/TV series/The_Strain_TV_Show/image_20241107_213151_3.jpg",
        "conversations": [
            {
                "from": "human",
                "value": "<image>\n**What is the title of this TV series?"
            },
            {
                "from": "gpt",
                "value": "**\n   - The title of the TV series is \"The Strain.\""
            }
        ]
    },
    {
        "id": "55",
        "image": "downloaded_images/TV series/The_Strain_TV_Show/image_20241107_213328_13.jpg",
        "conversations": [
            {
                "from": "human",
                "value": "<image>\n**What is the title of this TV series?"
            },
            {
                "from": "gpt",
                "value": "**\n   - The title of the TV series is \"The Strain.\""
            }
        ]
    },
    {
        "id": "56",
        "image": "downloaded_images/TV series/The_Strain_TV_Show/image_20241107_213505_24.jpg",
        "conversations": [
            {
                "from": "human",
                "value": "<image>\n**What is the title of this TV series?"
            },
            {
                "from": "gpt",
                "value": "**\n   - The title of the TV series is \"The Strain.\""
            }
        ]
    },
    {
        "id": "57",
        "image": "downloaded_images/TV series/The_Strain_TV_Show/image_20241107_213345_15.jpg",
        "conversations": [
            {
                "from": "human",
                "value": "<image>\n**What is the title of this TV series?"
            },
            {
                "from": "gpt",
                "value": "**\n   - The title of the TV series is \"The Strain.\""
            }
        ]
    },
    {
        "id": "58",
        "image": "downloaded_images/TV series/The_Strain_TV_Show/image_20241107_213258_10.jpg",
        "conversations": [
            {
                "from": "human",
                "value": "<image>\n**What is the title of this TV series?"
            },
            {
                "from": "gpt",
                "value": "**\n   - The title of the TV series is \"The Strain.\""
            }
        ]
    },
    {
        "id": "59",
        "image": "downloaded_images/TV series/The_Strain_TV_Show/image_018_200108_20.jpg",
        "conversations": [
            {
                "from": "human",
                "value": "<image>\n**Who created or produced this TV series?"
            },
            {
                "from": "gpt",
                "value": "**\n   - \"The Strain\" was created by Guillermo del Toro and Chuck Hogan."
            }
        ]
    },
    {
        "id": "60",
        "image": "downloaded_images/TV series/The_Strain_TV_Show/image_20241107_213238_8.jpg",
        "conversations": [
            {
                "from": "human",
                "value": "<image>\n**Who created or produced this TV series?"
            },
            {
                "from": "gpt",
                "value": "**\n   - \"The Strain\" was created by Guillermo del Toro and Chuck Hogan."
            }
        ]
    },
    {
        "id": "61",
        "image": "downloaded_images/TV series/The_Strain_TV_Show/image_20241107_213151_3.jpg",
        "conversations": [
            {
                "from": "human",
                "value": "<image>\n**Who created or produced this TV series?"
            },
            {
                "from": "gpt",
                "value": "**\n   - \"The Strain\" was created by Guillermo del Toro and Chuck Hogan."
            }
        ]
    },
    {
        "id": "62",
        "image": "downloaded_images/TV series/The_Strain_TV_Show/image_20241107_213454_23.jpg",
        "conversations": [
            {
                "from": "human",
                "value": "<image>\n**Who created or produced this TV series?"
            },
            {
                "from": "gpt",
                "value": "**\n   - \"The Strain\" was created by Guillermo del Toro and Chuck Hogan."
            }
        ]
    },
    {
        "id": "63",
        "image": "downloaded_images/TV series/The_Strain_TV_Show/image_20241018_200427_24.jpg",
        "conversations": [
            {
                "from": "human",
                "value": "<image>\n**Who created or produced this TV series?"
            },
            {
                "from": "gpt",
                "value": "**\n   - \"The Strain\" was created by Guillermo del Toro and Chuck Hogan."
            }
        ]
    },
    {
        "id": "64",
        "image": "downloaded_images/TV series/The_Strain_TV_Show/image_20241107_213505_24.jpg",
        "conversations": [
            {
                "from": "human",
                "value": "<image>\n**When did this TV series first premiere?"
            },
            {
                "from": "gpt",
                "value": "**\n   - The series first premiered on July 13, 2014."
            }
        ]
    },
    {
        "id": "65",
        "image": "downloaded_images/TV series/The_Strain_TV_Show/image_20241107_213522_26.jpg",
        "conversations": [
            {
                "from": "human",
                "value": "<image>\n**When did this TV series first premiere?"
            },
            {
                "from": "gpt",
                "value": "**\n   - The series first premiered on July 13, 2014."
            }
        ]
    },
    {
        "id": "66",
        "image": "downloaded_images/TV series/The_Strain_TV_Show/image_20241018_200140_5.jpg",
        "conversations": [
            {
                "from": "human",
                "value": "<image>\n**When did this TV series first premiere?"
            },
            {
                "from": "gpt",
                "value": "**\n   - The series first premiered on July 13, 2014."
            }
        ]
    },
    {
        "id": "67",
        "image": "downloaded_images/TV series/The_Strain_TV_Show/image_20241018_200149_6.jpg",
        "conversations": [
            {
                "from": "human",
                "value": "<image>\n**When did this TV series first premiere?"
            },
            {
                "from": "gpt",
                "value": "**\n   - The series first premiered on July 13, 2014."
            }
        ]
    },
    {
        "id": "68",
        "image": "downloaded_images/TV series/The_Strain_TV_Show/image_20241107_213417_19.jpg",
        "conversations": [
            {
                "from": "human",
                "value": "<image>\n**When did this TV series first premiere?"
            },
            {
                "from": "gpt",
                "value": "**\n   - The series first premiered on July 13, 2014."
            }
        ]
    },
    {
        "id": "69",
        "image": "downloaded_images/TV series/The_Strain_TV_Show/image_20241107_213354_16.jpg",
        "conversations": [
            {
                "from": "human",
                "value": "<image>\n**Who are the main actors and actresses in this TV series?"
            },
            {
                "from": "gpt",
                "value": "**\n   - The main cast includes:\n     - Corey Stoll as Dr. Ephraim Goodweather\n     - Mia Maestro as Nora Martinez\n     - Kevin Durand as Vasiliy Fet\n     - David Bradley as Abraham Setrakian\n     - Ruta Gedmintas as Dutch Velders\n     - Sean Astin as Jim Kent (in Season 1)"
            }
        ]
    },
    {
        "id": "70",
        "image": "downloaded_images/TV series/The_Strain_TV_Show/image_20241107_213435_21.jpg",
        "conversations": [
            {
                "from": "human",
                "value": "<image>\n**Who are the main actors and actresses in this TV series?"
            },
            {
                "from": "gpt",
                "value": "**\n   - The main cast includes:\n     - Corey Stoll as Dr. Ephraim Goodweather\n     - Mia Maestro as Nora Martinez\n     - Kevin Durand as Vasiliy Fet\n     - David Bradley as Abraham Setrakian\n     - Ruta Gedmintas as Dutch Velders\n     - Sean Astin as Jim Kent (in Season 1)"
            }
        ]
    },
    {
        "id": "71",
        "image": "downloaded_images/TV series/The_Strain_TV_Show/image_20241107_213133_1.jpg",
        "conversations": [
            {
                "from": "human",
                "value": "<image>\n**Who are the main actors and actresses in this TV series?"
            },
            {
                "from": "gpt",
                "value": "**\n   - The main cast includes:\n     - Corey Stoll as Dr. Ephraim Goodweather\n     - Mia Maestro as Nora Martinez\n     - Kevin Durand as Vasiliy Fet\n     - David Bradley as Abraham Setrakian\n     - Ruta Gedmintas as Dutch Velders\n     - Sean Astin as Jim Kent (in Season 1)"
            }
        ]
    },
    {
        "id": "72",
        "image": "downloaded_images/TV series/The_Strain_TV_Show/image_20241107_213530_27.jpg",
        "conversations": [
            {
                "from": "human",
                "value": "<image>\n**Who are the main actors and actresses in this TV series?"
            },
            {
                "from": "gpt",
                "value": "**\n   - The main cast includes:\n     - Corey Stoll as Dr. Ephraim Goodweather\n     - Mia Maestro as Nora Martinez\n     - Kevin Durand as Vasiliy Fet\n     - David Bradley as Abraham Setrakian\n     - Ruta Gedmintas as Dutch Velders\n     - Sean Astin as Jim Kent (in Season 1)"
            }
        ]
    },
    {
        "id": "73",
        "image": "downloaded_images/TV series/The_Strain_TV_Show/image_20241107_213143_2.jpg",
        "conversations": [
            {
                "from": "human",
                "value": "<image>\n**Who are the main actors and actresses in this TV series?"
            },
            {
                "from": "gpt",
                "value": "**\n   - The main cast includes:\n     - Corey Stoll as Dr. Ephraim Goodweather\n     - Mia Maestro as Nora Martinez\n     - Kevin Durand as Vasiliy Fet\n     - David Bradley as Abraham Setrakian\n     - Ruta Gedmintas as Dutch Velders\n     - Sean Astin as Jim Kent (in Season 1)"
            }
        ]
    },
    {
        "id": "74",
        "image": "downloaded_images/TV series/The_Strain_TV_Show/image_20241107_213219_6.jpg",
        "conversations": [
            {
                "from": "human",
                "value": "<image>\n**What is the central storyline or premise of this TV series?"
            },
            {
                "from": "gpt",
                "value": "**\n   - \"The Strain\" follows a viral outbreak in New York City that is caused by a mysterious strain of vampirism. The story centers around Dr. Ephraim Goodweather, the head of the CDC's Canary Team, who is tasked with investigating the outbreak. As the infection spreads, he and a group of survivors must confront the ancient evil behind the epidemic, which threatens to turn humanity into a race of vampires. The series blends elements of horror, science fiction, and thriller genres, exploring themes of survival, morality, and the nature of evil."
            }
        ]
    },
    {
        "id": "75",
        "image": "downloaded_images/TV series/The_Strain_TV_Show/image_20241018_200427_24.jpg",
        "conversations": [
            {
                "from": "human",
                "value": "<image>\n**What is the central storyline or premise of this TV series?"
            },
            {
                "from": "gpt",
                "value": "**\n   - \"The Strain\" follows a viral outbreak in New York City that is caused by a mysterious strain of vampirism. The story centers around Dr. Ephraim Goodweather, the head of the CDC's Canary Team, who is tasked with investigating the outbreak. As the infection spreads, he and a group of survivors must confront the ancient evil behind the epidemic, which threatens to turn humanity into a race of vampires. The series blends elements of horror, science fiction, and thriller genres, exploring themes of survival, morality, and the nature of evil."
            }
        ]
    },
    {
        "id": "76",
        "image": "downloaded_images/TV series/The_Strain_TV_Show/image_20241107_213238_8.jpg",
        "conversations": [
            {
                "from": "human",
                "value": "<image>\n**What is the central storyline or premise of this TV series?"
            },
            {
                "from": "gpt",
                "value": "**\n   - \"The Strain\" follows a viral outbreak in New York City that is caused by a mysterious strain of vampirism. The story centers around Dr. Ephraim Goodweather, the head of the CDC's Canary Team, who is tasked with investigating the outbreak. As the infection spreads, he and a group of survivors must confront the ancient evil behind the epidemic, which threatens to turn humanity into a race of vampires. The series blends elements of horror, science fiction, and thriller genres, exploring themes of survival, morality, and the nature of evil."
            }
        ]
    },
    {
        "id": "77",
        "image": "downloaded_images/TV series/The_Strain_TV_Show/image_20241107_213427_20.jpg",
        "conversations": [
            {
                "from": "human",
                "value": "<image>\n**What is the central storyline or premise of this TV series?"
            },
            {
                "from": "gpt",
                "value": "**\n   - \"The Strain\" follows a viral outbreak in New York City that is caused by a mysterious strain of vampirism. The story centers around Dr. Ephraim Goodweather, the head of the CDC's Canary Team, who is tasked with investigating the outbreak. As the infection spreads, he and a group of survivors must confront the ancient evil behind the epidemic, which threatens to turn humanity into a race of vampires. The series blends elements of horror, science fiction, and thriller genres, exploring themes of survival, morality, and the nature of evil."
            }
        ]
    },
    {
        "id": "78",
        "image": "downloaded_images/TV series/The_Strain_TV_Show/image_20241018_200149_6.jpg",
        "conversations": [
            {
                "from": "human",
                "value": "<image>\n**What is the central storyline or premise of this TV series?"
            },
            {
                "from": "gpt",
                "value": "**\n   - \"The Strain\" follows a viral outbreak in New York City that is caused by a mysterious strain of vampirism. The story centers around Dr. Ephraim Goodweather, the head of the CDC's Canary Team, who is tasked with investigating the outbreak. As the infection spreads, he and a group of survivors must confront the ancient evil behind the epidemic, which threatens to turn humanity into a race of vampires. The series blends elements of horror, science fiction, and thriller genres, exploring themes of survival, morality, and the nature of evil."
            }
        ]
    }
]