[
    {
        "id": "48",
        "image": "downloaded_images/Movies/The_Terminator/image_20241018_140658_1.jpg",
        "conversations": [
            {
                "from": "human",
                "value": "<image>\nWhat is the title of this movie?"
            },
            {
                "from": "gpt",
                "value": "The Terminator"
            }
        ]
    },
    {
        "id": "49",
        "image": "downloaded_images/Movies/The_Terminator/image_20241018_140725_4.jpg",
        "conversations": [
            {
                "from": "human",
                "value": "<image>\nWho directed this film?"
            },
            {
                "from": "gpt",
                "value": "James Cameron"
            }
        ]
    },
    {
        "id": "50",
        "image": "downloaded_images/Movies/The_Terminator/image_20241018_140725_4.jpg",
        "conversations": [
            {
                "from": "human",
                "value": "<image>\nWhen was this film released?"
            },
            {
                "from": "gpt",
                "value": "The film was released on October 26, 1984."
            }
        ]
    },
    {
        "id": "51",
        "image": "downloaded_images/Movies/The_Terminator/image_20241107_113224_2.jpg",
        "conversations": [
            {
                "from": "human",
                "value": "<image>\nWhat is the central plot or storyline of this movie?"
            },
            {
                "from": "gpt",
                "value": "The central plot of \"The Terminator\" revolves around a cyborg assassin, known as the Terminator, sent from the future to kill Sarah Connor, whose unborn son will lead a resistance against machines in a post-apocalyptic world. A soldier named Kyle Reese is also sent back in time to protect her. The film explores themes of fate, technology, and the struggle for survival against a relentless enemy."
            }
        ]
    },
    {
        "id": "52",
        "image": "downloaded_images/Movies/The_Terminator/image_20241107_113328_9.jpg",
        "conversations": [
            {
                "from": "human",
                "value": "<image>\nWhat is the title of this movie?"
            },
            {
                "from": "gpt",
                "value": "The Terminator"
            }
        ]
    },
    {
        "id": "53",
        "image": "downloaded_images/Movies/The_Terminator/image_20241107_113347_11.jpg",
        "conversations": [
            {
                "from": "human",
                "value": "<image>\nWhat is the title of this movie?"
            },
            {
                "from": "gpt",
                "value": "The Terminator"
            }
        ]
    },
    {
        "id": "54",
        "image": "downloaded_images/Movies/The_Terminator/image_20241107_113403_13.jpg",
        "conversations": [
            {
                "from": "human",
                "value": "<image>\nWhat is the title of this movie?"
            },
            {
                "from": "gpt",
                "value": "The Terminator"
            }
        ]
    },
    {
        "id": "55",
        "image": "downloaded_images/Movies/The_Terminator/image_20241107_113450_16.jpg",
        "conversations": [
            {
                "from": "human",
                "value": "<image>\nWhat is the title of this movie?"
            },
            {
                "from": "gpt",
                "value": "The Terminator"
            }
        ]
    },
    {
        "id": "56",
        "image": "downloaded_images/Movies/The_Terminator/image_20241107_113457_17.jpg",
        "conversations": [
            {
                "from": "human",
                "value": "<image>\nWhat is the title of this movie?"
            },
            {
                "from": "gpt",
                "value": "The Terminator"
            }
        ]
    },
    {
        "id": "57",
        "image": "downloaded_images/Movies/The_Terminator/image_20241107_113450_16.jpg",
        "conversations": [
            {
                "from": "human",
                "value": "<image>\nWho directed this film?"
            },
            {
                "from": "gpt",
                "value": "James Cameron"
            }
        ]
    },
    {
        "id": "58",
        "image": "downloaded_images/Movies/The_Terminator/image_20241107_113233_3.jpg",
        "conversations": [
            {
                "from": "human",
                "value": "<image>\nWho directed this film?"
            },
            {
                "from": "gpt",
                "value": "James Cameron"
            }
        ]
    },
    {
        "id": "59",
        "image": "downloaded_images/Movies/The_Terminator/image_20241107_113311_7.jpg",
        "conversations": [
            {
                "from": "human",
                "value": "<image>\nWho directed this film?"
            },
            {
                "from": "gpt",
                "value": "James Cameron"
            }
        ]
    },
    {
        "id": "60",
        "image": "downloaded_images/Movies/The_Terminator/image_20241107_113506_18.jpg",
        "conversations": [
            {
                "from": "human",
                "value": "<image>\nWho directed this film?"
            },
            {
                "from": "gpt",
                "value": "James Cameron"
            }
        ]
    },
    {
        "id": "61",
        "image": "downloaded_images/Movies/The_Terminator/image_20241107_113655_28.jpg",
        "conversations": [
            {
                "from": "human",
                "value": "<image>\nWho directed this film?"
            },
            {
                "from": "gpt",
                "value": "James Cameron"
            }
        ]
    },
    {
        "id": "62",
        "image": "downloaded_images/Movies/The_Terminator/image_20241107_113714_30.jpg",
        "conversations": [
            {
                "from": "human",
                "value": "<image>\nWhen was this film released?"
            },
            {
                "from": "gpt",
                "value": "The film was released on October 26, 1984."
            }
        ]
    },
    {
        "id": "63",
        "image": "downloaded_images/Movies/The_Terminator/image_20241018_140750_7.jpg",
        "conversations": [
            {
                "from": "human",
                "value": "<image>\nWhen was this film released?"
            },
            {
                "from": "gpt",
                "value": "The film was released on October 26, 1984."
            }
        ]
    },
    {
        "id": "64",
        "image": "downloaded_images/Movies/The_Terminator/image_20241107_113243_4.jpg",
        "conversations": [
            {
                "from": "human",
                "value": "<image>\nWhen was this film released?"
            },
            {
                "from": "gpt",
                "value": "The film was released on October 26, 1984."
            }
        ]
    },
    {
        "id": "65",
        "image": "downloaded_images/Movies/The_Terminator/image_20241107_113655_28.jpg",
        "conversations": [
            {
                "from": "human",
                "value": "<image>\nWhen was this film released?"
            },
            {
                "from": "gpt",
                "value": "The film was released on October 26, 1984."
            }
        ]
    },
    {
        "id": "66",
        "image": "downloaded_images/Movies/The_Terminator/image_20241107_113328_9.jpg",
        "conversations": [
            {
                "from": "human",
                "value": "<image>\nWhen was this film released?"
            },
            {
                "from": "gpt",
                "value": "The film was released on October 26, 1984."
            }
        ]
    },
    {
        "id": "67",
        "image": "downloaded_images/Movies/The_Terminator/image_20241107_113647_27.jpg",
        "conversations": [
            {
                "from": "human",
                "value": "<image>\nWhat is the central plot or storyline of this movie?"
            },
            {
                "from": "gpt",
                "value": "The central plot of \"The Terminator\" revolves around a cyborg assassin, known as the Terminator, sent from the future to kill Sarah Connor, whose unborn son will lead a resistance against machines in a post-apocalyptic world. A soldier named Kyle Reese is also sent back in time to protect her. The film explores themes of fate, technology, and the struggle for survival against a relentless enemy."
            }
        ]
    },
    {
        "id": "68",
        "image": "downloaded_images/Movies/The_Terminator/image_20241018_140725_4.jpg",
        "conversations": [
            {
                "from": "human",
                "value": "<image>\nWhat is the central plot or storyline of this movie?"
            },
            {
                "from": "gpt",
                "value": "The central plot of \"The Terminator\" revolves around a cyborg assassin, known as the Terminator, sent from the future to kill Sarah Connor, whose unborn son will lead a resistance against machines in a post-apocalyptic world. A soldier named Kyle Reese is also sent back in time to protect her. The film explores themes of fate, technology, and the struggle for survival against a relentless enemy."
            }
        ]
    },
    {
        "id": "69",
        "image": "downloaded_images/Movies/The_Terminator/image_20241107_113714_30.jpg",
        "conversations": [
            {
                "from": "human",
                "value": "<image>\nWhat is the central plot or storyline of this movie?"
            },
            {
                "from": "gpt",
                "value": "The central plot of \"The Terminator\" revolves around a cyborg assassin, known as the Terminator, sent from the future to kill Sarah Connor, whose unborn son will lead a resistance against machines in a post-apocalyptic world. A soldier named Kyle Reese is also sent back in time to protect her. The film explores themes of fate, technology, and the struggle for survival against a relentless enemy."
            }
        ]
    },
    {
        "id": "70",
        "image": "downloaded_images/Movies/The_Terminator/image_20241107_113638_26.jpg",
        "conversations": [
            {
                "from": "human",
                "value": "<image>\nWhat is the central plot or storyline of this movie?"
            },
            {
                "from": "gpt",
                "value": "The central plot of \"The Terminator\" revolves around a cyborg assassin, known as the Terminator, sent from the future to kill Sarah Connor, whose unborn son will lead a resistance against machines in a post-apocalyptic world. A soldier named Kyle Reese is also sent back in time to protect her. The film explores themes of fate, technology, and the struggle for survival against a relentless enemy."
            }
        ]
    },
    {
        "id": "71",
        "image": "downloaded_images/Movies/The_Terminator/image_20241107_113506_18.jpg",
        "conversations": [
            {
                "from": "human",
                "value": "<image>\nWhat is the central plot or storyline of this movie?"
            },
            {
                "from": "gpt",
                "value": "The central plot of \"The Terminator\" revolves around a cyborg assassin, known as the Terminator, sent from the future to kill Sarah Connor, whose unborn son will lead a resistance against machines in a post-apocalyptic world. A soldier named Kyle Reese is also sent back in time to protect her. The film explores themes of fate, technology, and the struggle for survival against a relentless enemy."
            }
        ]
    }
]