[
    {
        "id": "39",
        "image": "downloaded_images/Cartoon/The_Garden_of_Words/image_20241018_112412_12.jpg",
        "conversations": [
            {
                "from": "human",
                "value": "<image>\nWhat is the title of this cartoon?"
            },
            {
                "from": "gpt",
                "value": "The title of this cartoon is \"The Garden of Words.\""
            }
        ]
    },
    {
        "id": "40",
        "image": "downloaded_images/Cartoon/The_Garden_of_Words/image_20241106_162740_4.jpg",
        "conversations": [
            {
                "from": "human",
                "value": "<image>\nWhat is the central storyline or premise of this cartoon?"
            },
            {
                "from": "gpt",
                "value": "The central storyline of \"The Garden of Words\" revolves around the chance meetings between Takao and Yukari in a beautiful garden during rainy days. As they share their thoughts and feelings, they develop a deep emotional connection, exploring themes of loneliness, love, and the complexities of human relationships."
            }
        ]
    },
    {
        "id": "41",
        "image": "downloaded_images/Cartoon/The_Garden_of_Words/image_20241106_162835_10.jpg",
        "conversations": [
            {
                "from": "human",
                "value": "<image>\nWhat is the title of this cartoon?"
            },
            {
                "from": "gpt",
                "value": "The title of this cartoon is \"The Garden of Words.\""
            }
        ]
    },
    {
        "id": "42",
        "image": "downloaded_images/Cartoon/The_Garden_of_Words/image_20241106_163056_26.jpg",
        "conversations": [
            {
                "from": "human",
                "value": "<image>\nWhat is the title of this cartoon?"
            },
            {
                "from": "gpt",
                "value": "The title of this cartoon is \"The Garden of Words.\""
            }
        ]
    },
    {
        "id": "43",
        "image": "downloaded_images/Cartoon/The_Garden_of_Words/image_20241106_162902_13.jpg",
        "conversations": [
            {
                "from": "human",
                "value": "<image>\nWhat is the title of this cartoon?"
            },
            {
                "from": "gpt",
                "value": "The title of this cartoon is \"The Garden of Words.\""
            }
        ]
    },
    {
        "id": "44",
        "image": "downloaded_images/Cartoon/The_Garden_of_Words/image_20241106_162844_11.jpg",
        "conversations": [
            {
                "from": "human",
                "value": "<image>\nWhat is the title of this cartoon?"
            },
            {
                "from": "gpt",
                "value": "The title of this cartoon is \"The Garden of Words.\""
            }
        ]
    },
    {
        "id": "45",
        "image": "downloaded_images/Cartoon/The_Garden_of_Words/image_20241018_112446_16.jpg",
        "conversations": [
            {
                "from": "human",
                "value": "<image>\nWhat is the title of this cartoon?"
            },
            {
                "from": "gpt",
                "value": "The title of this cartoon is \"The Garden of Words.\""
            }
        ]
    },
    {
        "id": "46",
        "image": "downloaded_images/Cartoon/The_Garden_of_Words/image_20241106_163013_21.jpg",
        "conversations": [
            {
                "from": "human",
                "value": "<image>\nWhat is the central storyline or premise of this cartoon?"
            },
            {
                "from": "gpt",
                "value": "The central storyline of \"The Garden of Words\" revolves around the chance meetings between Takao and Yukari in a beautiful garden during rainy days. As they share their thoughts and feelings, they develop a deep emotional connection, exploring themes of loneliness, love, and the complexities of human relationships."
            }
        ]
    },
    {
        "id": "47",
        "image": "downloaded_images/Cartoon/The_Garden_of_Words/image_20241106_163032_23.jpg",
        "conversations": [
            {
                "from": "human",
                "value": "<image>\nWhat is the central storyline or premise of this cartoon?"
            },
            {
                "from": "gpt",
                "value": "The central storyline of \"The Garden of Words\" revolves around the chance meetings between Takao and Yukari in a beautiful garden during rainy days. As they share their thoughts and feelings, they develop a deep emotional connection, exploring themes of loneliness, love, and the complexities of human relationships."
            }
        ]
    },
    {
        "id": "48",
        "image": "downloaded_images/Cartoon/The_Garden_of_Words/image_20241106_163005_20.jpg",
        "conversations": [
            {
                "from": "human",
                "value": "<image>\nWhat is the central storyline or premise of this cartoon?"
            },
            {
                "from": "gpt",
                "value": "The central storyline of \"The Garden of Words\" revolves around the chance meetings between Takao and Yukari in a beautiful garden during rainy days. As they share their thoughts and feelings, they develop a deep emotional connection, exploring themes of loneliness, love, and the complexities of human relationships."
            }
        ]
    },
    {
        "id": "49",
        "image": "downloaded_images/Cartoon/The_Garden_of_Words/image_20241106_162731_3.jpg",
        "conversations": [
            {
                "from": "human",
                "value": "<image>\nWhat is the central storyline or premise of this cartoon?"
            },
            {
                "from": "gpt",
                "value": "The central storyline of \"The Garden of Words\" revolves around the chance meetings between Takao and Yukari in a beautiful garden during rainy days. As they share their thoughts and feelings, they develop a deep emotional connection, exploring themes of loneliness, love, and the complexities of human relationships."
            }
        ]
    },
    {
        "id": "50",
        "image": "downloaded_images/Cartoon/The_Garden_of_Words/image_20241106_162835_10.jpg",
        "conversations": [
            {
                "from": "human",
                "value": "<image>\nWhat is the central storyline or premise of this cartoon?"
            },
            {
                "from": "gpt",
                "value": "The central storyline of \"The Garden of Words\" revolves around the chance meetings between Takao and Yukari in a beautiful garden during rainy days. As they share their thoughts and feelings, they develop a deep emotional connection, exploring themes of loneliness, love, and the complexities of human relationships."
            }
        ]
    }
]