[
    {
        "id": "29",
        "image": "downloaded_images/Movies/The_Dark_Knight/image_20241018_133850_12.jpg",
        "conversations": [
            {
                "from": "human",
                "value": "<image>\nWhat is the title of this movie?"
            },
            {
                "from": "gpt",
                "value": "The Dark Knight"
            }
        ]
    },
    {
        "id": "30",
        "image": "downloaded_images/Movies/The_Dark_Knight/image_20241018_134012_22.jpg",
        "conversations": [
            {
                "from": "human",
                "value": "<image>\nWho directed this film?"
            },
            {
                "from": "gpt",
                "value": "Christopher Nolan"
            }
        ]
    },
    {
        "id": "31",
        "image": "downloaded_images/Movies/The_Dark_Knight/image_20241018_133734_3.jpg",
        "conversations": [
            {
                "from": "human",
                "value": "<image>\nWhen was this film released?"
            },
            {
                "from": "gpt",
                "value": "July 18, 2008"
            }
        ]
    },
    {
        "id": "32",
        "image": "downloaded_images/Movies/The_Dark_Knight/image_20241018_133850_12.jpg",
        "conversations": [
            {
                "from": "human",
                "value": "<image>\nWho are the main actors or actresses in this movie?"
            },
            {
                "from": "gpt",
                "value": "Christian Bale (Bruce Wayne/Batman), Heath Ledger (The Joker), Aaron Eckhart (Harvey Dent), Michael Caine (Alfred Pennyworth), Gary Oldman (James Gordon), and Maggie Gyllenhaal (Rachel Dawes)."
            }
        ]
    },
    {
        "id": "33",
        "image": "downloaded_images/Movies/The_Dark_Knight/image_20241018_133734_3.jpg",
        "conversations": [
            {
                "from": "human",
                "value": "<image>\nWhat is the central plot or storyline of this movie?"
            },
            {
                "from": "gpt",
                "value": "The Dark Knight follows Batman as he faces a new criminal mastermind known as the Joker, who seeks to create chaos in Gotham City. As the Joker's reign of terror escalates, Batman must confront his own moral dilemmas and the consequences of his vigilantism. The film explores themes of justice, morality, and the fine line between heroism and villainy, culminating in a battle for the soul of Gotham and the relationships between its key characters."
            }
        ]
    },
    {
        "id": "34",
        "image": "downloaded_images/Movies/The_Dark_Knight/image_20241018_133751_5.jpg",
        "conversations": [
            {
                "from": "human",
                "value": "<image>\nWhat is the title of this movie?"
            },
            {
                "from": "gpt",
                "value": "The Dark Knight"
            }
        ]
    },
    {
        "id": "35",
        "image": "downloaded_images/Movies/The_Dark_Knight/image_20241107_110754_10.jpg",
        "conversations": [
            {
                "from": "human",
                "value": "<image>\nWhat is the title of this movie?"
            },
            {
                "from": "gpt",
                "value": "The Dark Knight"
            }
        ]
    },
    {
        "id": "36",
        "image": "downloaded_images/Movies/The_Dark_Knight/image_20241107_110626_1.jpg",
        "conversations": [
            {
                "from": "human",
                "value": "<image>\nWhat is the title of this movie?"
            },
            {
                "from": "gpt",
                "value": "The Dark Knight"
            }
        ]
    },
    {
        "id": "37",
        "image": "downloaded_images/Movies/The_Dark_Knight/image_20241107_110646_3.jpg",
        "conversations": [
            {
                "from": "human",
                "value": "<image>\nWhat is the title of this movie?"
            },
            {
                "from": "gpt",
                "value": "The Dark Knight"
            }
        ]
    },
    {
        "id": "38",
        "image": "downloaded_images/Movies/The_Dark_Knight/image_20241107_110655_4.jpg",
        "conversations": [
            {
                "from": "human",
                "value": "<image>\nWhat is the title of this movie?"
            },
            {
                "from": "gpt",
                "value": "The Dark Knight"
            }
        ]
    },
    {
        "id": "39",
        "image": "downloaded_images/Movies/The_Dark_Knight/image_20241018_133725_2.jpg",
        "conversations": [
            {
                "from": "human",
                "value": "<image>\nWho directed this film?"
            },
            {
                "from": "gpt",
                "value": "Christopher Nolan"
            }
        ]
    },
    {
        "id": "40",
        "image": "downloaded_images/Movies/The_Dark_Knight/image_20241107_110705_5.jpg",
        "conversations": [
            {
                "from": "human",
                "value": "<image>\nWho directed this film?"
            },
            {
                "from": "gpt",
                "value": "Christopher Nolan"
            }
        ]
    },
    {
        "id": "41",
        "image": "downloaded_images/Movies/The_Dark_Knight/image_20241107_110636_2.jpg",
        "conversations": [
            {
                "from": "human",
                "value": "<image>\nWho directed this film?"
            },
            {
                "from": "gpt",
                "value": "Christopher Nolan"
            }
        ]
    },
    {
        "id": "42",
        "image": "downloaded_images/Movies/The_Dark_Knight/image_20241107_110913_19.jpg",
        "conversations": [
            {
                "from": "human",
                "value": "<image>\nWho directed this film?"
            },
            {
                "from": "gpt",
                "value": "Christopher Nolan"
            }
        ]
    },
    {
        "id": "43",
        "image": "downloaded_images/Movies/The_Dark_Knight/image_20241107_110741_9.jpg",
        "conversations": [
            {
                "from": "human",
                "value": "<image>\nWho directed this film?"
            },
            {
                "from": "gpt",
                "value": "Christopher Nolan"
            }
        ]
    },
    {
        "id": "44",
        "image": "downloaded_images/Movies/The_Dark_Knight/image_20241107_110812_12.jpg",
        "conversations": [
            {
                "from": "human",
                "value": "<image>\nWhen was this film released?"
            },
            {
                "from": "gpt",
                "value": "July 18, 2008"
            }
        ]
    },
    {
        "id": "45",
        "image": "downloaded_images/Movies/The_Dark_Knight/image_20241018_133751_5.jpg",
        "conversations": [
            {
                "from": "human",
                "value": "<image>\nWhen was this film released?"
            },
            {
                "from": "gpt",
                "value": "July 18, 2008"
            }
        ]
    },
    {
        "id": "46",
        "image": "downloaded_images/Movies/The_Dark_Knight/image_20241018_133850_12.jpg",
        "conversations": [
            {
                "from": "human",
                "value": "<image>\nWhen was this film released?"
            },
            {
                "from": "gpt",
                "value": "July 18, 2008"
            }
        ]
    },
    {
        "id": "47",
        "image": "downloaded_images/Movies/The_Dark_Knight/image_20241107_110714_6.jpg",
        "conversations": [
            {
                "from": "human",
                "value": "<image>\nWhen was this film released?"
            },
            {
                "from": "gpt",
                "value": "July 18, 2008"
            }
        ]
    },
    {
        "id": "48",
        "image": "downloaded_images/Movies/The_Dark_Knight/image_20241107_110959_24.jpg",
        "conversations": [
            {
                "from": "human",
                "value": "<image>\nWhen was this film released?"
            },
            {
                "from": "gpt",
                "value": "July 18, 2008"
            }
        ]
    },
    {
        "id": "49",
        "image": "downloaded_images/Movies/The_Dark_Knight/image_20241107_110636_2.jpg",
        "conversations": [
            {
                "from": "human",
                "value": "<image>\nWho are the main actors or actresses in this movie?"
            },
            {
                "from": "gpt",
                "value": "Christian Bale (Bruce Wayne/Batman), Heath Ledger (The Joker), Aaron Eckhart (Harvey Dent), Michael Caine (Alfred Pennyworth), Gary Oldman (James Gordon), and Maggie Gyllenhaal (Rachel Dawes)."
            }
        ]
    },
    {
        "id": "50",
        "image": "downloaded_images/Movies/The_Dark_Knight/image_20241107_110913_19.jpg",
        "conversations": [
            {
                "from": "human",
                "value": "<image>\nWho are the main actors or actresses in this movie?"
            },
            {
                "from": "gpt",
                "value": "Christian Bale (Bruce Wayne/Batman), Heath Ledger (The Joker), Aaron Eckhart (Harvey Dent), Michael Caine (Alfred Pennyworth), Gary Oldman (James Gordon), and Maggie Gyllenhaal (Rachel Dawes)."
            }
        ]
    },
    {
        "id": "51",
        "image": "downloaded_images/Movies/The_Dark_Knight/image_20241107_111016_26.jpg",
        "conversations": [
            {
                "from": "human",
                "value": "<image>\nWho are the main actors or actresses in this movie?"
            },
            {
                "from": "gpt",
                "value": "Christian Bale (Bruce Wayne/Batman), Heath Ledger (The Joker), Aaron Eckhart (Harvey Dent), Michael Caine (Alfred Pennyworth), Gary Oldman (James Gordon), and Maggie Gyllenhaal (Rachel Dawes)."
            }
        ]
    },
    {
        "id": "52",
        "image": "downloaded_images/Movies/The_Dark_Knight/image_20241107_110655_4.jpg",
        "conversations": [
            {
                "from": "human",
                "value": "<image>\nWho are the main actors or actresses in this movie?"
            },
            {
                "from": "gpt",
                "value": "Christian Bale (Bruce Wayne/Batman), Heath Ledger (The Joker), Aaron Eckhart (Harvey Dent), Michael Caine (Alfred Pennyworth), Gary Oldman (James Gordon), and Maggie Gyllenhaal (Rachel Dawes)."
            }
        ]
    },
    {
        "id": "53",
        "image": "downloaded_images/Movies/The_Dark_Knight/image_20241018_133906_14.jpg",
        "conversations": [
            {
                "from": "human",
                "value": "<image>\nWho are the main actors or actresses in this movie?"
            },
            {
                "from": "gpt",
                "value": "Christian Bale (Bruce Wayne/Batman), Heath Ledger (The Joker), Aaron Eckhart (Harvey Dent), Michael Caine (Alfred Pennyworth), Gary Oldman (James Gordon), and Maggie Gyllenhaal (Rachel Dawes)."
            }
        ]
    },
    {
        "id": "54",
        "image": "downloaded_images/Movies/The_Dark_Knight/image_20241107_110840_15.jpg",
        "conversations": [
            {
                "from": "human",
                "value": "<image>\nWhat is the central plot or storyline of this movie?"
            },
            {
                "from": "gpt",
                "value": "The Dark Knight follows Batman as he faces a new criminal mastermind known as the Joker, who seeks to create chaos in Gotham City. As the Joker's reign of terror escalates, Batman must confront his own moral dilemmas and the consequences of his vigilantism. The film explores themes of justice, morality, and the fine line between heroism and villainy, culminating in a battle for the soul of Gotham and the relationships between its key characters."
            }
        ]
    },
    {
        "id": "55",
        "image": "downloaded_images/Movies/The_Dark_Knight/image_20241107_111008_25.jpg",
        "conversations": [
            {
                "from": "human",
                "value": "<image>\nWhat is the central plot or storyline of this movie?"
            },
            {
                "from": "gpt",
                "value": "The Dark Knight follows Batman as he faces a new criminal mastermind known as the Joker, who seeks to create chaos in Gotham City. As the Joker's reign of terror escalates, Batman must confront his own moral dilemmas and the consequences of his vigilantism. The film explores themes of justice, morality, and the fine line between heroism and villainy, culminating in a battle for the soul of Gotham and the relationships between its key characters."
            }
        ]
    },
    {
        "id": "56",
        "image": "downloaded_images/Movies/The_Dark_Knight/image_20241018_133751_5.jpg",
        "conversations": [
            {
                "from": "human",
                "value": "<image>\nWhat is the central plot or storyline of this movie?"
            },
            {
                "from": "gpt",
                "value": "The Dark Knight follows Batman as he faces a new criminal mastermind known as the Joker, who seeks to create chaos in Gotham City. As the Joker's reign of terror escalates, Batman must confront his own moral dilemmas and the consequences of his vigilantism. The film explores themes of justice, morality, and the fine line between heroism and villainy, culminating in a battle for the soul of Gotham and the relationships between its key characters."
            }
        ]
    },
    {
        "id": "57",
        "image": "downloaded_images/Movies/The_Dark_Knight/image_20241107_110941_22.jpg",
        "conversations": [
            {
                "from": "human",
                "value": "<image>\nWhat is the central plot or storyline of this movie?"
            },
            {
                "from": "gpt",
                "value": "The Dark Knight follows Batman as he faces a new criminal mastermind known as the Joker, who seeks to create chaos in Gotham City. As the Joker's reign of terror escalates, Batman must confront his own moral dilemmas and the consequences of his vigilantism. The film explores themes of justice, morality, and the fine line between heroism and villainy, culminating in a battle for the soul of Gotham and the relationships between its key characters."
            }
        ]
    },
    {
        "id": "58",
        "image": "downloaded_images/Movies/The_Dark_Knight/image_20241107_110812_12.jpg",
        "conversations": [
            {
                "from": "human",
                "value": "<image>\nWhat is the central plot or storyline of this movie?"
            },
            {
                "from": "gpt",
                "value": "The Dark Knight follows Batman as he faces a new criminal mastermind known as the Joker, who seeks to create chaos in Gotham City. As the Joker's reign of terror escalates, Batman must confront his own moral dilemmas and the consequences of his vigilantism. The film explores themes of justice, morality, and the fine line between heroism and villainy, culminating in a battle for the soul of Gotham and the relationships between its key characters."
            }
        ]
    }
]