[
    {
        "id": "6",
        "image": "downloaded_images/Movies/The_Truman_Show/image_20241018_143529_2.jpg",
        "conversations": [
            {
                "from": "human",
                "value": "<image>\nWhat is the title of this movie?"
            },
            {
                "from": "gpt",
                "value": "The Truman Show"
            }
        ]
    },
    {
        "id": "7",
        "image": "downloaded_images/Movies/The_Truman_Show/image_20241018_143517_1.jpg",
        "conversations": [
            {
                "from": "human",
                "value": "<image>\nWho are the main actors or actresses in this movie?"
            },
            {
                "from": "gpt",
                "value": "The main actors include Jim Carrey (as Truman Burbank), Ed Harris (as Christof), Laura Linney (as Meryl), and Noah Emmerich (as Marlon)."
            }
        ]
    },
    {
        "id": "8",
        "image": "downloaded_images/Movies/The_Truman_Show/image_20241018_143517_1.jpg",
        "conversations": [
            {
                "from": "human",
                "value": "<image>\nWhat is the central plot or storyline of this movie?"
            },
            {
                "from": "gpt",
                "value": "The Truman Show follows the life of Truman Burbank, an ordinary man who is unaware that his entire life is a reality television show broadcasted to the world. From birth, he has been the star of the show, living in a constructed town called Seahaven, where everyone around him is an actor. As Truman begins to notice inconsistencies in his world and questions his reality, he embarks on a journey to discover the truth about his life and the nature of his existence."
            }
        ]
    },
    {
        "id": "9",
        "image": "downloaded_images/Movies/The_Truman_Show/image_20241107_120100_16.jpg",
        "conversations": [
            {
                "from": "human",
                "value": "<image>\nWhat is the title of this movie?"
            },
            {
                "from": "gpt",
                "value": "The Truman Show"
            }
        ]
    },
    {
        "id": "10",
        "image": "downloaded_images/Movies/The_Truman_Show/image_20241107_120253_29.jpg",
        "conversations": [
            {
                "from": "human",
                "value": "<image>\nWhat is the title of this movie?"
            },
            {
                "from": "gpt",
                "value": "The Truman Show"
            }
        ]
    },
    {
        "id": "11",
        "image": "downloaded_images/Movies/The_Truman_Show/image_20241107_120244_28.jpg",
        "conversations": [
            {
                "from": "human",
                "value": "<image>\nWhat is the title of this movie?"
            },
            {
                "from": "gpt",
                "value": "The Truman Show"
            }
        ]
    },
    {
        "id": "12",
        "image": "downloaded_images/Movies/The_Truman_Show/image_20241107_120040_14.jpg",
        "conversations": [
            {
                "from": "human",
                "value": "<image>\nWhat is the title of this movie?"
            },
            {
                "from": "gpt",
                "value": "The Truman Show"
            }
        ]
    },
    {
        "id": "13",
        "image": "downloaded_images/Movies/The_Truman_Show/image_20241107_120135_20.jpg",
        "conversations": [
            {
                "from": "human",
                "value": "<image>\nWhat is the title of this movie?"
            },
            {
                "from": "gpt",
                "value": "The Truman Show"
            }
        ]
    },
    {
        "id": "14",
        "image": "downloaded_images/Movies/The_Truman_Show/image_20241107_120253_29.jpg",
        "conversations": [
            {
                "from": "human",
                "value": "<image>\nWho are the main actors or actresses in this movie?"
            },
            {
                "from": "gpt",
                "value": "The main actors include Jim Carrey (as Truman Burbank), Ed Harris (as Christof), Laura Linney (as Meryl), and Noah Emmerich (as Marlon)."
            }
        ]
    },
    {
        "id": "15",
        "image": "downloaded_images/Movies/The_Truman_Show/image_20241107_120244_28.jpg",
        "conversations": [
            {
                "from": "human",
                "value": "<image>\nWho are the main actors or actresses in this movie?"
            },
            {
                "from": "gpt",
                "value": "The main actors include Jim Carrey (as Truman Burbank), Ed Harris (as Christof), Laura Linney (as Meryl), and Noah Emmerich (as Marlon)."
            }
        ]
    },
    {
        "id": "16",
        "image": "downloaded_images/Movies/The_Truman_Show/image_20241107_120023_12.jpg",
        "conversations": [
            {
                "from": "human",
                "value": "<image>\nWho are the main actors or actresses in this movie?"
            },
            {
                "from": "gpt",
                "value": "The main actors include Jim Carrey (as Truman Burbank), Ed Harris (as Christof), Laura Linney (as Meryl), and Noah Emmerich (as Marlon)."
            }
        ]
    },
    {
        "id": "17",
        "image": "downloaded_images/Movies/The_Truman_Show/image_20241107_120135_20.jpg",
        "conversations": [
            {
                "from": "human",
                "value": "<image>\nWho are the main actors or actresses in this movie?"
            },
            {
                "from": "gpt",
                "value": "The main actors include Jim Carrey (as Truman Burbank), Ed Harris (as Christof), Laura Linney (as Meryl), and Noah Emmerich (as Marlon)."
            }
        ]
    },
    {
        "id": "18",
        "image": "downloaded_images/Movies/The_Truman_Show/image_20241107_115945_8.jpg",
        "conversations": [
            {
                "from": "human",
                "value": "<image>\nWho are the main actors or actresses in this movie?"
            },
            {
                "from": "gpt",
                "value": "The main actors include Jim Carrey (as Truman Burbank), Ed Harris (as Christof), Laura Linney (as Meryl), and Noah Emmerich (as Marlon)."
            }
        ]
    },
    {
        "id": "19",
        "image": "downloaded_images/Movies/The_Truman_Show/image_20241107_115902_3.jpg",
        "conversations": [
            {
                "from": "human",
                "value": "<image>\nWhat is the central plot or storyline of this movie?"
            },
            {
                "from": "gpt",
                "value": "The Truman Show follows the life of Truman Burbank, an ordinary man who is unaware that his entire life is a reality television show broadcasted to the world. From birth, he has been the star of the show, living in a constructed town called Seahaven, where everyone around him is an actor. As Truman begins to notice inconsistencies in his world and questions his reality, he embarks on a journey to discover the truth about his life and the nature of his existence."
            }
        ]
    },
    {
        "id": "20",
        "image": "downloaded_images/Movies/The_Truman_Show/image_20241018_143554_5.jpg",
        "conversations": [
            {
                "from": "human",
                "value": "<image>\nWhat is the central plot or storyline of this movie?"
            },
            {
                "from": "gpt",
                "value": "The Truman Show follows the life of Truman Burbank, an ordinary man who is unaware that his entire life is a reality television show broadcasted to the world. From birth, he has been the star of the show, living in a constructed town called Seahaven, where everyone around him is an actor. As Truman begins to notice inconsistencies in his world and questions his reality, he embarks on a journey to discover the truth about his life and the nature of his existence."
            }
        ]
    },
    {
        "id": "21",
        "image": "downloaded_images/Movies/The_Truman_Show/image_20241107_120013_11.jpg",
        "conversations": [
            {
                "from": "human",
                "value": "<image>\nWhat is the central plot or storyline of this movie?"
            },
            {
                "from": "gpt",
                "value": "The Truman Show follows the life of Truman Burbank, an ordinary man who is unaware that his entire life is a reality television show broadcasted to the world. From birth, he has been the star of the show, living in a constructed town called Seahaven, where everyone around him is an actor. As Truman begins to notice inconsistencies in his world and questions his reality, he embarks on a journey to discover the truth about his life and the nature of his existence."
            }
        ]
    },
    {
        "id": "22",
        "image": "downloaded_images/Movies/The_Truman_Show/image_20241018_143613_7.jpg",
        "conversations": [
            {
                "from": "human",
                "value": "<image>\nWhat is the central plot or storyline of this movie?"
            },
            {
                "from": "gpt",
                "value": "The Truman Show follows the life of Truman Burbank, an ordinary man who is unaware that his entire life is a reality television show broadcasted to the world. From birth, he has been the star of the show, living in a constructed town called Seahaven, where everyone around him is an actor. As Truman begins to notice inconsistencies in his world and questions his reality, he embarks on a journey to discover the truth about his life and the nature of his existence."
            }
        ]
    },
    {
        "id": "23",
        "image": "downloaded_images/Movies/The_Truman_Show/image_20241107_115928_6.jpg",
        "conversations": [
            {
                "from": "human",
                "value": "<image>\nWhat is the central plot or storyline of this movie?"
            },
            {
                "from": "gpt",
                "value": "The Truman Show follows the life of Truman Burbank, an ordinary man who is unaware that his entire life is a reality television show broadcasted to the world. From birth, he has been the star of the show, living in a constructed town called Seahaven, where everyone around him is an actor. As Truman begins to notice inconsistencies in his world and questions his reality, he embarks on a journey to discover the truth about his life and the nature of his existence."
            }
        ]
    }
]