[
    {
        "id": "33",
        "image": "downloaded_images/Buildings/Tower_of_London/image_20241017_230542_5.jpg",
        "conversations": [
            {
                "from": "human",
                "value": "<image>\nWhat is the name of this building?"
            },
            {
                "from": "gpt",
                "value": "The name of this building is the Tower of London."
            }
        ]
    },
    {
        "id": "34",
        "image": "downloaded_images/Buildings/Tower_of_London/image_20241106_144536_10.jpg",
        "conversations": [
            {
                "from": "human",
                "value": "<image>\nWhat is the name of this building?"
            },
            {
                "from": "gpt",
                "value": "The name of this building is the Tower of London."
            }
        ]
    },
    {
        "id": "35",
        "image": "downloaded_images/Buildings/Tower_of_London/image_20241106_144516_8.jpg",
        "conversations": [
            {
                "from": "human",
                "value": "<image>\nWhat is the name of this building?"
            },
            {
                "from": "gpt",
                "value": "The name of this building is the Tower of London."
            }
        ]
    },
    {
        "id": "36",
        "image": "downloaded_images/Buildings/Tower_of_London/image_20241106_144545_11.jpg",
        "conversations": [
            {
                "from": "human",
                "value": "<image>\nWhat is the name of this building?"
            },
            {
                "from": "gpt",
                "value": "The name of this building is the Tower of London."
            }
        ]
    },
    {
        "id": "37",
        "image": "downloaded_images/Buildings/Tower_of_London/image_20241106_144506_7.jpg",
        "conversations": [
            {
                "from": "human",
                "value": "<image>\nWhat is the name of this building?"
            },
            {
                "from": "gpt",
                "value": "The name of this building is the Tower of London."
            }
        ]
    },
    {
        "id": "38",
        "image": "downloaded_images/Buildings/Tower_of_London/image_20241106_144717_21.jpg",
        "conversations": [
            {
                "from": "human",
                "value": "<image>\nWhat is the name of this building?"
            },
            {
                "from": "gpt",
                "value": "The name of this building is the Tower of London."
            }
        ]
    }
]