[
    {
        "id": "21",
        "image": "downloaded_images/Personage/Trump/image_2.jpg",
        "conversations": [
            {
                "from": "human",
                "value": "<image>\nWhat is this person's name?"
            },
            {
                "from": "gpt",
                "value": "Donald Trump"
            }
        ]
    },
    {
        "id": "22",
        "image": "downloaded_images/Personage/Trump/image_20241016_111258_4.jpg",
        "conversations": [
            {
                "from": "human",
                "value": "<image>\nWhen and where was this person born?"
            },
            {
                "from": "gpt",
                "value": "Donald Trump was born on June 14, 1946, in Queens, New York City, New York, USA."
            }
        ]
    },
    {
        "id": "23",
        "image": "downloaded_images/Personage/Trump/image_20241016_110752_3.jpg",
        "conversations": [
            {
                "from": "human",
                "value": "<image>\nWhat is this person's profession?"
            },
            {
                "from": "gpt",
                "value": "Donald Trump is a businessman, television personality, and politician. He is known for being the 45th President of the United States."
            }
        ]
    },
    {
        "id": "24",
        "image": "downloaded_images/Personage/Trump/image_20241015_214122_5.jpg",
        "conversations": [
            {
                "from": "human",
                "value": "<image>\nWhat are the famous works or achievements of this person?"
            },
            {
                "from": "gpt",
                "value": "Donald Trump is known for his real estate developments, including Trump Tower in New York City.\n   - He gained fame as the host of the reality television show \"The Apprentice.\"\n   - He served as the President of the United States from January 20, 2017, to January 20, 2021.\n   - His administration is noted for tax reform, deregulation, and the appointment of three Supreme Court justices."
            }
        ]
    },
    {
        "id": "25",
        "image": "downloaded_images/Personage/Trump/image_9.jpg",
        "conversations": [
            {
                "from": "human",
                "value": "<image>\nWhat contributions has this person made to society or industry?"
            },
            {
                "from": "gpt",
                "value": "In the real estate industry, Trump has been influential in popularizing luxury real estate and branding.\n   - His presidency focused on economic policies that aimed to stimulate job growth and reduce unemployment rates prior to the COVID-19 pandemic.\n   - He has been a polarizing figure in American politics, influencing political discourse and the Republican Party's direction.\n   - Trump's advocacy for certain policies, such as criminal justice reform and veterans' affairs, has had lasting impacts on those areas."
            }
        ]
    },
    {
        "id": "26",
        "image": "downloaded_images/Personage/Trump/image_20241107_123145_29.jpg",
        "conversations": [
            {
                "from": "human",
                "value": "<image>\nWhat is this person's name?"
            },
            {
                "from": "gpt",
                "value": "Donald Trump"
            }
        ]
    },
    {
        "id": "27",
        "image": "downloaded_images/Personage/Trump/image_20241016_111331_8.jpg",
        "conversations": [
            {
                "from": "human",
                "value": "<image>\nWhat is this person's name?"
            },
            {
                "from": "gpt",
                "value": "Donald Trump"
            }
        ]
    },
    {
        "id": "28",
        "image": "downloaded_images/Personage/Trump/image_20241015_214122_5.jpg",
        "conversations": [
            {
                "from": "human",
                "value": "<image>\nWhat is this person's name?"
            },
            {
                "from": "gpt",
                "value": "Donald Trump"
            }
        ]
    },
    {
        "id": "29",
        "image": "downloaded_images/Personage/Trump/image_20241018_145940_15.jpg",
        "conversations": [
            {
                "from": "human",
                "value": "<image>\nWhat is this person's name?"
            },
            {
                "from": "gpt",
                "value": "Donald Trump"
            }
        ]
    },
    {
        "id": "30",
        "image": "downloaded_images/Personage/Trump/image_20241015_223344_1.jpg",
        "conversations": [
            {
                "from": "human",
                "value": "<image>\nWhat is this person's name?"
            },
            {
                "from": "gpt",
                "value": "Donald Trump"
            }
        ]
    },
    {
        "id": "31",
        "image": "downloaded_images/Personage/Trump/image_20241016_110740_2.jpg",
        "conversations": [
            {
                "from": "human",
                "value": "<image>\nWhen and where was this person born?"
            },
            {
                "from": "gpt",
                "value": "Donald Trump was born on June 14, 1946, in Queens, New York City, New York, USA."
            }
        ]
    },
    {
        "id": "32",
        "image": "downloaded_images/Personage/Trump/image_20241107_123041_22.jpg",
        "conversations": [
            {
                "from": "human",
                "value": "<image>\nWhen and where was this person born?"
            },
            {
                "from": "gpt",
                "value": "Donald Trump was born on June 14, 1946, in Queens, New York City, New York, USA."
            }
        ]
    },
    {
        "id": "33",
        "image": "downloaded_images/Personage/Trump/image_20241015_215418_1.jpg",
        "conversations": [
            {
                "from": "human",
                "value": "<image>\nWhen and where was this person born?"
            },
            {
                "from": "gpt",
                "value": "Donald Trump was born on June 14, 1946, in Queens, New York City, New York, USA."
            }
        ]
    },
    {
        "id": "34",
        "image": "downloaded_images/Personage/Trump/image_20241016_111440_16.jpg",
        "conversations": [
            {
                "from": "human",
                "value": "<image>\nWhen and where was this person born?"
            },
            {
                "from": "gpt",
                "value": "Donald Trump was born on June 14, 1946, in Queens, New York City, New York, USA."
            }
        ]
    },
    {
        "id": "35",
        "image": "downloaded_images/Personage/Trump/image_20241016_111331_8.jpg",
        "conversations": [
            {
                "from": "human",
                "value": "<image>\nWhen and where was this person born?"
            },
            {
                "from": "gpt",
                "value": "Donald Trump was born on June 14, 1946, in Queens, New York City, New York, USA."
            }
        ]
    },
    {
        "id": "36",
        "image": "downloaded_images/Personage/Trump/image_20241015_223344_1.jpg",
        "conversations": [
            {
                "from": "human",
                "value": "<image>\nWhat is this person's profession?"
            },
            {
                "from": "gpt",
                "value": "Donald Trump is a businessman, television personality, and politician. He is known for being the 45th President of the United States."
            }
        ]
    },
    {
        "id": "37",
        "image": "downloaded_images/Personage/Trump/image_20241107_122718_1.jpg",
        "conversations": [
            {
                "from": "human",
                "value": "<image>\nWhat is this person's profession?"
            },
            {
                "from": "gpt",
                "value": "Donald Trump is a businessman, television personality, and politician. He is known for being the 45th President of the United States."
            }
        ]
    },
    {
        "id": "38",
        "image": "downloaded_images/Personage/Trump/image_20241107_122947_17.jpg",
        "conversations": [
            {
                "from": "human",
                "value": "<image>\nWhat is this person's profession?"
            },
            {
                "from": "gpt",
                "value": "Donald Trump is a businessman, television personality, and politician. He is known for being the 45th President of the United States."
            }
        ]
    },
    {
        "id": "39",
        "image": "downloaded_images/Personage/Trump/image_20241015_214122_5.jpg",
        "conversations": [
            {
                "from": "human",
                "value": "<image>\nWhat is this person's profession?"
            },
            {
                "from": "gpt",
                "value": "Donald Trump is a businessman, television personality, and politician. He is known for being the 45th President of the United States."
            }
        ]
    },
    {
        "id": "40",
        "image": "downloaded_images/Personage/Trump/image_20241015_224545_1.jpg",
        "conversations": [
            {
                "from": "human",
                "value": "<image>\nWhat is this person's profession?"
            },
            {
                "from": "gpt",
                "value": "Donald Trump is a businessman, television personality, and politician. He is known for being the 45th President of the United States."
            }
        ]
    },
    {
        "id": "41",
        "image": "downloaded_images/Personage/Trump/image_20241018_145836_8.jpg",
        "conversations": [
            {
                "from": "human",
                "value": "<image>\nWhat are the famous works or achievements of this person?"
            },
            {
                "from": "gpt",
                "value": "Donald Trump is known for his real estate developments, including Trump Tower in New York City.\n   - He gained fame as the host of the reality television show \"The Apprentice.\"\n   - He served as the President of the United States from January 20, 2017, to January 20, 2021.\n   - His administration is noted for tax reform, deregulation, and the appointment of three Supreme Court justices."
            }
        ]
    },
    {
        "id": "42",
        "image": "downloaded_images/Personage/Trump/image_20241015_213358_1.jpg",
        "conversations": [
            {
                "from": "human",
                "value": "<image>\nWhat are the famous works or achievements of this person?"
            },
            {
                "from": "gpt",
                "value": "Donald Trump is known for his real estate developments, including Trump Tower in New York City.\n   - He gained fame as the host of the reality television show \"The Apprentice.\"\n   - He served as the President of the United States from January 20, 2017, to January 20, 2021.\n   - His administration is noted for tax reform, deregulation, and the appointment of three Supreme Court justices."
            }
        ]
    },
    {
        "id": "43",
        "image": "downloaded_images/Personage/Trump/image_20241107_122814_7.jpg",
        "conversations": [
            {
                "from": "human",
                "value": "<image>\nWhat are the famous works or achievements of this person?"
            },
            {
                "from": "gpt",
                "value": "Donald Trump is known for his real estate developments, including Trump Tower in New York City.\n   - He gained fame as the host of the reality television show \"The Apprentice.\"\n   - He served as the President of the United States from January 20, 2017, to January 20, 2021.\n   - His administration is noted for tax reform, deregulation, and the appointment of three Supreme Court justices."
            }
        ]
    },
    {
        "id": "44",
        "image": "downloaded_images/Personage/Trump/image_20241018_145752_3.jpg",
        "conversations": [
            {
                "from": "human",
                "value": "<image>\nWhat are the famous works or achievements of this person?"
            },
            {
                "from": "gpt",
                "value": "Donald Trump is known for his real estate developments, including Trump Tower in New York City.\n   - He gained fame as the host of the reality television show \"The Apprentice.\"\n   - He served as the President of the United States from January 20, 2017, to January 20, 2021.\n   - His administration is noted for tax reform, deregulation, and the appointment of three Supreme Court justices."
            }
        ]
    },
    {
        "id": "45",
        "image": "downloaded_images/Personage/Trump/image_20241018_145930_14.jpg",
        "conversations": [
            {
                "from": "human",
                "value": "<image>\nWhat are the famous works or achievements of this person?"
            },
            {
                "from": "gpt",
                "value": "Donald Trump is known for his real estate developments, including Trump Tower in New York City.\n   - He gained fame as the host of the reality television show \"The Apprentice.\"\n   - He served as the President of the United States from January 20, 2017, to January 20, 2021.\n   - His administration is noted for tax reform, deregulation, and the appointment of three Supreme Court justices."
            }
        ]
    },
    {
        "id": "46",
        "image": "downloaded_images/Personage/Trump/image_20241018_150110_25.jpg",
        "conversations": [
            {
                "from": "human",
                "value": "<image>\nWhat contributions has this person made to society or industry?"
            },
            {
                "from": "gpt",
                "value": "In the real estate industry, Trump has been influential in popularizing luxury real estate and branding.\n   - His presidency focused on economic policies that aimed to stimulate job growth and reduce unemployment rates prior to the COVID-19 pandemic.\n   - He has been a polarizing figure in American politics, influencing political discourse and the Republican Party's direction.\n   - Trump's advocacy for certain policies, such as criminal justice reform and veterans' affairs, has had lasting impacts on those areas."
            }
        ]
    },
    {
        "id": "47",
        "image": "downloaded_images/Personage/Trump/image_20241015_214103_4.jpg",
        "conversations": [
            {
                "from": "human",
                "value": "<image>\nWhat contributions has this person made to society or industry?"
            },
            {
                "from": "gpt",
                "value": "In the real estate industry, Trump has been influential in popularizing luxury real estate and branding.\n   - His presidency focused on economic policies that aimed to stimulate job growth and reduce unemployment rates prior to the COVID-19 pandemic.\n   - He has been a polarizing figure in American politics, influencing political discourse and the Republican Party's direction.\n   - Trump's advocacy for certain policies, such as criminal justice reform and veterans' affairs, has had lasting impacts on those areas."
            }
        ]
    },
    {
        "id": "48",
        "image": "downloaded_images/Personage/Trump/image_20241018_145940_15.jpg",
        "conversations": [
            {
                "from": "human",
                "value": "<image>\nWhat contributions has this person made to society or industry?"
            },
            {
                "from": "gpt",
                "value": "In the real estate industry, Trump has been influential in popularizing luxury real estate and branding.\n   - His presidency focused on economic policies that aimed to stimulate job growth and reduce unemployment rates prior to the COVID-19 pandemic.\n   - He has been a polarizing figure in American politics, influencing political discourse and the Republican Party's direction.\n   - Trump's advocacy for certain policies, such as criminal justice reform and veterans' affairs, has had lasting impacts on those areas."
            }
        ]
    },
    {
        "id": "49",
        "image": "downloaded_images/Personage/Trump/image_20241107_122911_13.jpg",
        "conversations": [
            {
                "from": "human",
                "value": "<image>\nWhat contributions has this person made to society or industry?"
            },
            {
                "from": "gpt",
                "value": "In the real estate industry, Trump has been influential in popularizing luxury real estate and branding.\n   - His presidency focused on economic policies that aimed to stimulate job growth and reduce unemployment rates prior to the COVID-19 pandemic.\n   - He has been a polarizing figure in American politics, influencing political discourse and the Republican Party's direction.\n   - Trump's advocacy for certain policies, such as criminal justice reform and veterans' affairs, has had lasting impacts on those areas."
            }
        ]
    },
    {
        "id": "50",
        "image": "downloaded_images/Personage/Trump/image_20241107_122747_4.jpg",
        "conversations": [
            {
                "from": "human",
                "value": "<image>\nWhat contributions has this person made to society or industry?"
            },
            {
                "from": "gpt",
                "value": "In the real estate industry, Trump has been influential in popularizing luxury real estate and branding.\n   - His presidency focused on economic policies that aimed to stimulate job growth and reduce unemployment rates prior to the COVID-19 pandemic.\n   - He has been a polarizing figure in American politics, influencing political discourse and the Republican Party's direction.\n   - Trump's advocacy for certain policies, such as criminal justice reform and veterans' affairs, has had lasting impacts on those areas."
            }
        ]
    }
]