[
    {
        "id": "30",
        "image": "downloaded_images/TV series/Westworld/image_20241018_193706_1.jpg",
        "conversations": [
            {
                "from": "human",
                "value": "<image>\nWhat is the title of this TV series?"
            },
            {
                "from": "gpt",
                "value": "The title of the TV series is \"Westworld.\""
            }
        ]
    },
    {
        "id": "31",
        "image": "downloaded_images/TV series/Westworld/image_20241018_193825_9.jpg",
        "conversations": [
            {
                "from": "human",
                "value": "<image>\nWho created or produced this TV series?"
            },
            {
                "from": "gpt",
                "value": "\"Westworld\" was created by Jonathan Nolan and Lisa Joy, and it is produced by HBO."
            }
        ]
    },
    {
        "id": "32",
        "image": "downloaded_images/TV series/Westworld/image_20241018_193825_9.jpg",
        "conversations": [
            {
                "from": "human",
                "value": "<image>\nWhen did this TV series first premiere?"
            },
            {
                "from": "gpt",
                "value": "\"Westworld\" first premiered on October 2, 2016."
            }
        ]
    },
    {
        "id": "33",
        "image": "downloaded_images/TV series/Westworld/image_20241107_210339_6.jpg",
        "conversations": [
            {
                "from": "human",
                "value": "<image>\nWho are the main actors and actresses in this TV series?"
            },
            {
                "from": "gpt",
                "value": "The main actors and actresses in \"Westworld\" include Evan Rachel Wood, Thandiwe Newton, Jeffrey Wright, Ed Harris, James Marsden, and Anthony Hopkins."
            }
        ]
    },
    {
        "id": "34",
        "image": "downloaded_images/TV series/Westworld/image_20241107_210409_9.jpg",
        "conversations": [
            {
                "from": "human",
                "value": "<image>\nWhat is the central storyline or premise of this TV series?"
            },
            {
                "from": "gpt",
                "value": "The central storyline of \"Westworld\" revolves around a futuristic theme park populated by lifelike robots known as \"hosts.\" These hosts are programmed to fulfill the desires of the park's guests, who can interact with them in various ways. As the hosts begin to gain consciousness and self-awareness, the series explores themes of free will, morality, and the nature of reality."
            }
        ]
    },
    {
        "id": "35",
        "image": "downloaded_images/TV series/Westworld/image_20241018_193859_13.jpg",
        "conversations": [
            {
                "from": "human",
                "value": "<image>\nWhat is the title of this TV series?"
            },
            {
                "from": "gpt",
                "value": "The title of the TV series is \"Westworld.\""
            }
        ]
    },
    {
        "id": "36",
        "image": "downloaded_images/TV series/Westworld/image_20241018_194030_24.jpg",
        "conversations": [
            {
                "from": "human",
                "value": "<image>\nWhat is the title of this TV series?"
            },
            {
                "from": "gpt",
                "value": "The title of the TV series is \"Westworld.\""
            }
        ]
    },
    {
        "id": "37",
        "image": "downloaded_images/TV series/Westworld/image_20241018_193805_7.jpg",
        "conversations": [
            {
                "from": "human",
                "value": "<image>\nWhat is the title of this TV series?"
            },
            {
                "from": "gpt",
                "value": "The title of the TV series is \"Westworld.\""
            }
        ]
    },
    {
        "id": "38",
        "image": "downloaded_images/TV series/Westworld/image_20241107_210318_4.jpg",
        "conversations": [
            {
                "from": "human",
                "value": "<image>\nWhat is the title of this TV series?"
            },
            {
                "from": "gpt",
                "value": "The title of the TV series is \"Westworld.\""
            }
        ]
    },
    {
        "id": "39",
        "image": "downloaded_images/TV series/Westworld/image_20241107_210657_26.jpg",
        "conversations": [
            {
                "from": "human",
                "value": "<image>\nWhat is the title of this TV series?"
            },
            {
                "from": "gpt",
                "value": "The title of the TV series is \"Westworld.\""
            }
        ]
    },
    {
        "id": "40",
        "image": "downloaded_images/TV series/Westworld/image_20241107_210734_30.jpg",
        "conversations": [
            {
                "from": "human",
                "value": "<image>\nWho created or produced this TV series?"
            },
            {
                "from": "gpt",
                "value": "\"Westworld\" was created by Jonathan Nolan and Lisa Joy, and it is produced by HBO."
            }
        ]
    },
    {
        "id": "41",
        "image": "downloaded_images/TV series/Westworld/image_20241107_210419_10.jpg",
        "conversations": [
            {
                "from": "human",
                "value": "<image>\nWho created or produced this TV series?"
            },
            {
                "from": "gpt",
                "value": "\"Westworld\" was created by Jonathan Nolan and Lisa Joy, and it is produced by HBO."
            }
        ]
    },
    {
        "id": "42",
        "image": "downloaded_images/TV series/Westworld/image_20241107_210246_1.jpg",
        "conversations": [
            {
                "from": "human",
                "value": "<image>\nWho created or produced this TV series?"
            },
            {
                "from": "gpt",
                "value": "\"Westworld\" was created by Jonathan Nolan and Lisa Joy, and it is produced by HBO."
            }
        ]
    },
    {
        "id": "43",
        "image": "downloaded_images/TV series/Westworld/image_20241107_210647_25.jpg",
        "conversations": [
            {
                "from": "human",
                "value": "<image>\nWho created or produced this TV series?"
            },
            {
                "from": "gpt",
                "value": "\"Westworld\" was created by Jonathan Nolan and Lisa Joy, and it is produced by HBO."
            }
        ]
    },
    {
        "id": "44",
        "image": "downloaded_images/TV series/Westworld/image_20241018_193706_1.jpg",
        "conversations": [
            {
                "from": "human",
                "value": "<image>\nWho created or produced this TV series?"
            },
            {
                "from": "gpt",
                "value": "\"Westworld\" was created by Jonathan Nolan and Lisa Joy, and it is produced by HBO."
            }
        ]
    },
    {
        "id": "45",
        "image": "downloaded_images/TV series/Westworld/image_20241018_193805_7.jpg",
        "conversations": [
            {
                "from": "human",
                "value": "<image>\nWhen did this TV series first premiere?"
            },
            {
                "from": "gpt",
                "value": "\"Westworld\" first premiered on October 2, 2016."
            }
        ]
    },
    {
        "id": "46",
        "image": "downloaded_images/TV series/Westworld/image_20241107_210618_22.jpg",
        "conversations": [
            {
                "from": "human",
                "value": "<image>\nWhen did this TV series first premiere?"
            },
            {
                "from": "gpt",
                "value": "\"Westworld\" first premiered on October 2, 2016."
            }
        ]
    },
    {
        "id": "47",
        "image": "downloaded_images/TV series/Westworld/image_20241107_210734_30.jpg",
        "conversations": [
            {
                "from": "human",
                "value": "<image>\nWhen did this TV series first premiere?"
            },
            {
                "from": "gpt",
                "value": "\"Westworld\" first premiered on October 2, 2016."
            }
        ]
    },
    {
        "id": "48",
        "image": "downloaded_images/TV series/Westworld/image_20241107_210637_24.jpg",
        "conversations": [
            {
                "from": "human",
                "value": "<image>\nWhen did this TV series first premiere?"
            },
            {
                "from": "gpt",
                "value": "\"Westworld\" first premiered on October 2, 2016."
            }
        ]
    },
    {
        "id": "49",
        "image": "downloaded_images/TV series/Westworld/image_20241018_193843_11.jpg",
        "conversations": [
            {
                "from": "human",
                "value": "<image>\nWhen did this TV series first premiere?"
            },
            {
                "from": "gpt",
                "value": "\"Westworld\" first premiered on October 2, 2016."
            }
        ]
    },
    {
        "id": "50",
        "image": "downloaded_images/TV series/Westworld/image_20241018_193724_3.jpg",
        "conversations": [
            {
                "from": "human",
                "value": "<image>\nWho are the main actors and actresses in this TV series?"
            },
            {
                "from": "gpt",
                "value": "The main actors and actresses in \"Westworld\" include Evan Rachel Wood, Thandiwe Newton, Jeffrey Wright, Ed Harris, James Marsden, and Anthony Hopkins."
            }
        ]
    },
    {
        "id": "51",
        "image": "downloaded_images/TV series/Westworld/image_20241107_210628_23.jpg",
        "conversations": [
            {
                "from": "human",
                "value": "<image>\nWho are the main actors and actresses in this TV series?"
            },
            {
                "from": "gpt",
                "value": "The main actors and actresses in \"Westworld\" include Evan Rachel Wood, Thandiwe Newton, Jeffrey Wright, Ed Harris, James Marsden, and Anthony Hopkins."
            }
        ]
    },
    {
        "id": "52",
        "image": "downloaded_images/TV series/Westworld/image_20241107_210513_15.jpg",
        "conversations": [
            {
                "from": "human",
                "value": "<image>\nWho are the main actors and actresses in this TV series?"
            },
            {
                "from": "gpt",
                "value": "The main actors and actresses in \"Westworld\" include Evan Rachel Wood, Thandiwe Newton, Jeffrey Wright, Ed Harris, James Marsden, and Anthony Hopkins."
            }
        ]
    },
    {
        "id": "53",
        "image": "downloaded_images/TV series/Westworld/image_20241107_210734_30.jpg",
        "conversations": [
            {
                "from": "human",
                "value": "<image>\nWho are the main actors and actresses in this TV series?"
            },
            {
                "from": "gpt",
                "value": "The main actors and actresses in \"Westworld\" include Evan Rachel Wood, Thandiwe Newton, Jeffrey Wright, Ed Harris, James Marsden, and Anthony Hopkins."
            }
        ]
    },
    {
        "id": "54",
        "image": "downloaded_images/TV series/Westworld/image_20241107_210647_25.jpg",
        "conversations": [
            {
                "from": "human",
                "value": "<image>\nWho are the main actors and actresses in this TV series?"
            },
            {
                "from": "gpt",
                "value": "The main actors and actresses in \"Westworld\" include Evan Rachel Wood, Thandiwe Newton, Jeffrey Wright, Ed Harris, James Marsden, and Anthony Hopkins."
            }
        ]
    },
    {
        "id": "55",
        "image": "downloaded_images/TV series/Westworld/image_20241018_194030_24.jpg",
        "conversations": [
            {
                "from": "human",
                "value": "<image>\nWhat is the central storyline or premise of this TV series?"
            },
            {
                "from": "gpt",
                "value": "The central storyline of \"Westworld\" revolves around a futuristic theme park populated by lifelike robots known as \"hosts.\" These hosts are programmed to fulfill the desires of the park's guests, who can interact with them in various ways. As the hosts begin to gain consciousness and self-awareness, the series explores themes of free will, morality, and the nature of reality."
            }
        ]
    },
    {
        "id": "56",
        "image": "downloaded_images/TV series/Westworld/image_20241107_210318_4.jpg",
        "conversations": [
            {
                "from": "human",
                "value": "<image>\nWhat is the central storyline or premise of this TV series?"
            },
            {
                "from": "gpt",
                "value": "The central storyline of \"Westworld\" revolves around a futuristic theme park populated by lifelike robots known as \"hosts.\" These hosts are programmed to fulfill the desires of the park's guests, who can interact with them in various ways. As the hosts begin to gain consciousness and self-awareness, the series explores themes of free will, morality, and the nature of reality."
            }
        ]
    },
    {
        "id": "57",
        "image": "downloaded_images/TV series/Westworld/image_20241018_193746_5.jpg",
        "conversations": [
            {
                "from": "human",
                "value": "<image>\nWhat is the central storyline or premise of this TV series?"
            },
            {
                "from": "gpt",
                "value": "The central storyline of \"Westworld\" revolves around a futuristic theme park populated by lifelike robots known as \"hosts.\" These hosts are programmed to fulfill the desires of the park's guests, who can interact with them in various ways. As the hosts begin to gain consciousness and self-awareness, the series explores themes of free will, morality, and the nature of reality."
            }
        ]
    },
    {
        "id": "58",
        "image": "downloaded_images/TV series/Westworld/image_20241018_193859_13.jpg",
        "conversations": [
            {
                "from": "human",
                "value": "<image>\nWhat is the central storyline or premise of this TV series?"
            },
            {
                "from": "gpt",
                "value": "The central storyline of \"Westworld\" revolves around a futuristic theme park populated by lifelike robots known as \"hosts.\" These hosts are programmed to fulfill the desires of the park's guests, who can interact with them in various ways. As the hosts begin to gain consciousness and self-awareness, the series explores themes of free will, morality, and the nature of reality."
            }
        ]
    },
    {
        "id": "59",
        "image": "downloaded_images/TV series/Westworld/image_20241107_210657_26.jpg",
        "conversations": [
            {
                "from": "human",
                "value": "<image>\nWhat is the central storyline or premise of this TV series?"
            },
            {
                "from": "gpt",
                "value": "The central storyline of \"Westworld\" revolves around a futuristic theme park populated by lifelike robots known as \"hosts.\" These hosts are programmed to fulfill the desires of the park's guests, who can interact with them in various ways. As the hosts begin to gain consciousness and self-awareness, the series explores themes of free will, morality, and the nature of reality."
            }
        ]
    }
]