[
    {
        "id": "16",
        "image": "downloaded_images/TV series/Yes_Minister/image_20241018_191419_1.jpg",
        "conversations": [
            {
                "from": "human",
                "value": "<image>\n**What is the title of this TV series?"
            },
            {
                "from": "gpt",
                "value": "**\n   - The title of the TV series is \"Yes Minister.\""
            }
        ]
    },
    {
        "id": "17",
        "image": "downloaded_images/TV series/Yes_Minister/image_20241018_191456_5.jpg",
        "conversations": [
            {
                "from": "human",
                "value": "<image>\n**Who are the main actors and actresses in this TV series?"
            },
            {
                "from": "gpt",
                "value": "**\n   - The main actors in \"Yes Minister\" include Paul Eddington as Jim Hacker, Nigel Hawthorne as Sir Humphrey Appleby, and Derek Fowlds as Bernard Woolley."
            }
        ]
    },
    {
        "id": "18",
        "image": "downloaded_images/TV series/Yes_Minister/image_20241018_191456_5.jpg",
        "conversations": [
            {
                "from": "human",
                "value": "<image>\n**What is the central storyline or premise of this TV series?"
            },
            {
                "from": "gpt",
                "value": "**\n   - \"Yes Minister\" is a political satire that follows the life of Jim Hacker, a newly appointed Minister for Administrative Affairs, as he navigates the complexities of British politics. The series humorously explores the relationship between Hacker and his permanent secretary, Sir Humphrey Appleby, who often manipulates situations to maintain the status quo and protect the interests of the civil service. The show highlights the challenges of governance, bureaucracy, and the often humorous power struggles within the political system."
            }
        ]
    },
    {
        "id": "19",
        "image": "downloaded_images/TV series/Yes_Minister/image_20241107_203332_13.jpg",
        "conversations": [
            {
                "from": "human",
                "value": "<image>\n**What is the title of this TV series?"
            },
            {
                "from": "gpt",
                "value": "**\n   - The title of the TV series is \"Yes Minister.\""
            }
        ]
    },
    {
        "id": "20",
        "image": "downloaded_images/TV series/Yes_Minister/image_20241107_203624_30.jpg",
        "conversations": [
            {
                "from": "human",
                "value": "<image>\n**What is the title of this TV series?"
            },
            {
                "from": "gpt",
                "value": "**\n   - The title of the TV series is \"Yes Minister.\""
            }
        ]
    },
    {
        "id": "21",
        "image": "downloaded_images/TV series/Yes_Minister/image_20241107_203236_7.jpg",
        "conversations": [
            {
                "from": "human",
                "value": "<image>\n**What is the title of this TV series?"
            },
            {
                "from": "gpt",
                "value": "**\n   - The title of the TV series is \"Yes Minister.\""
            }
        ]
    },
    {
        "id": "22",
        "image": "downloaded_images/TV series/Yes_Minister/image_20241107_203150_2.jpg",
        "conversations": [
            {
                "from": "human",
                "value": "<image>\n**What is the title of this TV series?"
            },
            {
                "from": "gpt",
                "value": "**\n   - The title of the TV series is \"Yes Minister.\""
            }
        ]
    },
    {
        "id": "23",
        "image": "downloaded_images/TV series/Yes_Minister/image_20241107_203523_23.jpg",
        "conversations": [
            {
                "from": "human",
                "value": "<image>\n**What is the title of this TV series?"
            },
            {
                "from": "gpt",
                "value": "**\n   - The title of the TV series is \"Yes Minister.\""
            }
        ]
    },
    {
        "id": "24",
        "image": "downloaded_images/TV series/Yes_Minister/image_20241107_203546_26.jpg",
        "conversations": [
            {
                "from": "human",
                "value": "<image>\n**Who are the main actors and actresses in this TV series?"
            },
            {
                "from": "gpt",
                "value": "**\n   - The main actors in \"Yes Minister\" include Paul Eddington as Jim Hacker, Nigel Hawthorne as Sir Humphrey Appleby, and Derek Fowlds as Bernard Woolley."
            }
        ]
    },
    {
        "id": "25",
        "image": "downloaded_images/TV series/Yes_Minister/image_20241107_203227_6.jpg",
        "conversations": [
            {
                "from": "human",
                "value": "<image>\n**Who are the main actors and actresses in this TV series?"
            },
            {
                "from": "gpt",
                "value": "**\n   - The main actors in \"Yes Minister\" include Paul Eddington as Jim Hacker, Nigel Hawthorne as Sir Humphrey Appleby, and Derek Fowlds as Bernard Woolley."
            }
        ]
    },
    {
        "id": "26",
        "image": "downloaded_images/TV series/Yes_Minister/image_20241107_203602_28.jpg",
        "conversations": [
            {
                "from": "human",
                "value": "<image>\n**Who are the main actors and actresses in this TV series?"
            },
            {
                "from": "gpt",
                "value": "**\n   - The main actors in \"Yes Minister\" include Paul Eddington as Jim Hacker, Nigel Hawthorne as Sir Humphrey Appleby, and Derek Fowlds as Bernard Woolley."
            }
        ]
    },
    {
        "id": "27",
        "image": "downloaded_images/TV series/Yes_Minister/image_20241107_203507_21.jpg",
        "conversations": [
            {
                "from": "human",
                "value": "<image>\n**Who are the main actors and actresses in this TV series?"
            },
            {
                "from": "gpt",
                "value": "**\n   - The main actors in \"Yes Minister\" include Paul Eddington as Jim Hacker, Nigel Hawthorne as Sir Humphrey Appleby, and Derek Fowlds as Bernard Woolley."
            }
        ]
    },
    {
        "id": "28",
        "image": "downloaded_images/TV series/Yes_Minister/image_20241107_203236_7.jpg",
        "conversations": [
            {
                "from": "human",
                "value": "<image>\n**Who are the main actors and actresses in this TV series?"
            },
            {
                "from": "gpt",
                "value": "**\n   - The main actors in \"Yes Minister\" include Paul Eddington as Jim Hacker, Nigel Hawthorne as Sir Humphrey Appleby, and Derek Fowlds as Bernard Woolley."
            }
        ]
    },
    {
        "id": "29",
        "image": "downloaded_images/TV series/Yes_Minister/image_20241107_203254_9.jpg",
        "conversations": [
            {
                "from": "human",
                "value": "<image>\n**What is the central storyline or premise of this TV series?"
            },
            {
                "from": "gpt",
                "value": "**\n   - \"Yes Minister\" is a political satire that follows the life of Jim Hacker, a newly appointed Minister for Administrative Affairs, as he navigates the complexities of British politics. The series humorously explores the relationship between Hacker and his permanent secretary, Sir Humphrey Appleby, who often manipulates situations to maintain the status quo and protect the interests of the civil service. The show highlights the challenges of governance, bureaucracy, and the often humorous power struggles within the political system."
            }
        ]
    },
    {
        "id": "30",
        "image": "downloaded_images/TV series/Yes_Minister/image_20241107_203515_22.jpg",
        "conversations": [
            {
                "from": "human",
                "value": "<image>\n**What is the central storyline or premise of this TV series?"
            },
            {
                "from": "gpt",
                "value": "**\n   - \"Yes Minister\" is a political satire that follows the life of Jim Hacker, a newly appointed Minister for Administrative Affairs, as he navigates the complexities of British politics. The series humorously explores the relationship between Hacker and his permanent secretary, Sir Humphrey Appleby, who often manipulates situations to maintain the status quo and protect the interests of the civil service. The show highlights the challenges of governance, bureaucracy, and the often humorous power struggles within the political system."
            }
        ]
    },
    {
        "id": "31",
        "image": "downloaded_images/TV series/Yes_Minister/image_20241018_191529_9.jpg",
        "conversations": [
            {
                "from": "human",
                "value": "<image>\n**What is the central storyline or premise of this TV series?"
            },
            {
                "from": "gpt",
                "value": "**\n   - \"Yes Minister\" is a political satire that follows the life of Jim Hacker, a newly appointed Minister for Administrative Affairs, as he navigates the complexities of British politics. The series humorously explores the relationship between Hacker and his permanent secretary, Sir Humphrey Appleby, who often manipulates situations to maintain the status quo and protect the interests of the civil service. The show highlights the challenges of governance, bureaucracy, and the often humorous power struggles within the political system."
            }
        ]
    },
    {
        "id": "32",
        "image": "downloaded_images/TV series/Yes_Minister/image_20241018_191419_1.jpg",
        "conversations": [
            {
                "from": "human",
                "value": "<image>\n**What is the central storyline or premise of this TV series?"
            },
            {
                "from": "gpt",
                "value": "**\n   - \"Yes Minister\" is a political satire that follows the life of Jim Hacker, a newly appointed Minister for Administrative Affairs, as he navigates the complexities of British politics. The series humorously explores the relationship between Hacker and his permanent secretary, Sir Humphrey Appleby, who often manipulates situations to maintain the status quo and protect the interests of the civil service. The show highlights the challenges of governance, bureaucracy, and the often humorous power struggles within the political system."
            }
        ]
    },
    {
        "id": "33",
        "image": "downloaded_images/TV series/Yes_Minister/image_20241107_203218_5.jpg",
        "conversations": [
            {
                "from": "human",
                "value": "<image>\n**What is the central storyline or premise of this TV series?"
            },
            {
                "from": "gpt",
                "value": "**\n   - \"Yes Minister\" is a political satire that follows the life of Jim Hacker, a newly appointed Minister for Administrative Affairs, as he navigates the complexities of British politics. The series humorously explores the relationship between Hacker and his permanent secretary, Sir Humphrey Appleby, who often manipulates situations to maintain the status quo and protect the interests of the civil service. The show highlights the challenges of governance, bureaucracy, and the often humorous power struggles within the political system."
            }
        ]
    }
]