[
    {
        "id": "1",
        "image": "downloaded_images/Animals/Dog/image_20241017_101505_6.jpg",
        "conversations": [
            {
                "from": "human",
                "value": "<image>\nCan you tell me the common name of this species?"
            },
            {
                "from": "gpt",
                "value": "Dog"
            }
        ]
    },
    {
        "id": "2",
        "image": "downloaded_images/Animals/Dog/image_20241017_101651_15.jpg",
        "conversations": [
            {
                "from": "human",
                "value": "<image>\nIn which family or order is this species classified?"
            },
            {
                "from": "gpt",
                "value": "Dogs belong to the family Canidae and the order Carnivora."
            }
        ]
    },
    {
        "id": "3",
        "image": "downloaded_images/Animals/Dog/image_20241017_101515_7.jpg",
        "conversations": [
            {
                "from": "human",
                "value": "<image>\nWhat kind of foods does this animal consume?"
            },
            {
                "from": "gpt",
                "value": "The animal in the image is a puppy, and puppies are herbivores. They are not carnivores, as they do not have the teeth or digestive system to process meat. Puppies are omnivores, which means they can eat a variety of plant and animal matter. As they grow, they will transition to a more adult diet that is primarily plant-based, with some protein from meat or other sources."
            }
        ]
    },
    {
        "id": "4",
        "image": "downloaded_images/Animals/Dog/image_20241017_101433_2.jpg",
        "conversations": [
            {
                "from": "human",
                "value": "<image>\nIs this animal native to any specific region, or is it distributed all over the world?"
            },
            {
                "from": "gpt",
                "value": "Dogs are found globally and are domesticated animals that have adapted to various environments around the world."
            }
        ]
    },
    {
        "id": "5",
        "image": "downloaded_images/Animals/Dog/image_20241017_101505_6.jpg",
        "conversations": [
            {
                "from": "human",
                "value": "<image>\nCan you explain the reproduction process of this species (mating habits and gestation)?"
            },
            {
                "from": "gpt",
                "value": "Dogs typically mate in the spring and fall. The gestation period for dogs is about 63 days, after which they give birth to a litter of puppies. Mating habits can vary, but dogs are generally monogamous during the breeding season."
            }
        ]
    },
    {
        "id": "6",
        "image": "downloaded_images/Animals/Cat/image_20241017_102737_18.jpg",
        "conversations": [
            {
                "from": "human",
                "value": "<image>\nCan you tell me the common name of this species?"
            },
            {
                "from": "gpt",
                "value": "Cat"
            }
        ]
    },
    {
        "id": "7",
        "image": "downloaded_images/Animals/Cat/image_20241017_102737_18.jpg",
        "conversations": [
            {
                "from": "human",
                "value": "<image>\nIn which family or order is this species classified?"
            },
            {
                "from": "gpt",
                "value": "Cats belong to the family Felidae and the order Carnivora."
            }
        ]
    },
    {
        "id": "8",
        "image": "downloaded_images/Animals/Cat/image_20241017_102645_12.jpg",
        "conversations": [
            {
                "from": "human",
                "value": "<image>\nWhat kind of foods does this animal consume?"
            },
            {
                "from": "gpt",
                "value": "Cats are carnivores."
            }
        ]
    },
    {
        "id": "9",
        "image": "downloaded_images/Animals/Cat/image_20241017_102636_11.jpg",
        "conversations": [
            {
                "from": "human",
                "value": "<image>\nIs this animal native to any specific region, or is it distributed all over the world?"
            },
            {
                "from": "gpt",
                "value": "Domestic cats are found globally and are not limited to a specific region, although they are descendants of wildcats native to various regions."
            }
        ]
    },
    {
        "id": "10",
        "image": "downloaded_images/Animals/Cat/image_20241017_102718_16.jpg",
        "conversations": [
            {
                "from": "human",
                "value": "<image>\nCan you explain the reproduction process of this species (mating habits and gestation)?"
            },
            {
                "from": "gpt",
                "value": "Cats typically mate in the spring and summer. The gestation period for a cat is about 64 to 67 days, after which they give birth to a litter of kittens, usually ranging from 1 to 8 kittens."
            }
        ]
    },
    {
        "id": "11",
        "image": "downloaded_images/Animals/Cow/image_20241017_104649_2.jpg",
        "conversations": [
            {
                "from": "human",
                "value": "<image>\nCan you tell me the common name of this species?"
            },
            {
                "from": "gpt",
                "value": "Cow"
            }
        ]
    },
    {
        "id": "12",
        "image": "downloaded_images/Animals/Cow/image_20241017_104707_4.jpg",
        "conversations": [
            {
                "from": "human",
                "value": "<image>\nIn which family or order is this species classified?"
            },
            {
                "from": "gpt",
                "value": "Cows belong to the family Bovidae and the order Artiodactyla."
            }
        ]
    },
    {
        "id": "13",
        "image": "downloaded_images/Animals/Cow/image_20241017_104716_5.jpg",
        "conversations": [
            {
                "from": "human",
                "value": "<image>\nWhat kind of foods does this animal consume?"
            },
            {
                "from": "gpt",
                "value": "The animal in the image is a bovine, which is a type of herbivore. Bovines are ruminant animals, meaning they have a specialized digestive system that allows them to break down fibrous plant material through a process called rumination. They primarily graze on grasses and other plant materials."
            }
        ]
    },
    {
        "id": "14",
        "image": "downloaded_images/Animals/Cow/image_20241017_104745_8.jpg",
        "conversations": [
            {
                "from": "human",
                "value": "<image>\nIs this animal native to any specific region, or is it distributed all over the world?"
            },
            {
                "from": "gpt",
                "value": "Cows are domesticated animals that are found globally, but they are originally native to regions in Europe, Asia, and North Africa."
            }
        ]
    },
    {
        "id": "15",
        "image": "downloaded_images/Animals/Cow/image_20241017_104649_2.jpg",
        "conversations": [
            {
                "from": "human",
                "value": "<image>\nCan you explain the reproduction process of this species (mating habits and gestation)?"
            },
            {
                "from": "gpt",
                "value": "Cows reproduce sexually. The mating habits involve a bull (male) and a cow (female). After mating, the gestation period for cows is approximately 9 months, similar to humans, after which a calf is born."
            }
        ]
    },
    {
        "id": "16",
        "image": "downloaded_images/Animals/Sheep/image_20241017_105843_9.jpg",
        "conversations": [
            {
                "from": "human",
                "value": "<image>\nCan you tell me the common name of this species?"
            },
            {
                "from": "gpt",
                "value": "Sheep"
            }
        ]
    },
    {
        "id": "17",
        "image": "downloaded_images/Animals/Sheep/image_20241017_105751_3.jpg",
        "conversations": [
            {
                "from": "human",
                "value": "<image>\nIn which family or order is this species classified?"
            },
            {
                "from": "gpt",
                "value": "Sheep belong to the family Bovidae and the order Artiodactyla."
            }
        ]
    },
    {
        "id": "18",
        "image": "downloaded_images/Animals/Sheep/image_20241017_105843_9.jpg",
        "conversations": [
            {
                "from": "human",
                "value": "<image>\nWhat kind of foods does this animal consume?"
            },
            {
                "from": "gpt",
                "value": "Sheep are herbivores, primarily grazing on grass, clover, and other vegetation."
            }
        ]
    },
    {
        "id": "19",
        "image": "downloaded_images/Animals/Sheep/image_20241017_105751_3.jpg",
        "conversations": [
            {
                "from": "human",
                "value": "<image>\nIs this animal native to any specific region, or is it distributed all over the world?"
            },
            {
                "from": "gpt",
                "value": "Sheep are domesticated animals that are found globally, but they are believed to have originated in the Middle East and Central Asia."
            }
        ]
    },
    {
        "id": "20",
        "image": "downloaded_images/Animals/Sheep/image_20241017_105910_12.jpg",
        "conversations": [
            {
                "from": "human",
                "value": "<image>\nCan you explain the reproduction process of this species (mating habits and gestation)?"
            },
            {
                "from": "gpt",
                "value": "Sheep typically mate in the fall, and the gestation period lasts about 5 months (approximately 147 days). Ewes (female sheep) usually give birth to one or two lambs at a time."
            }
        ]
    },
    {
        "id": "21",
        "image": "downloaded_images/Animals/Pig/image_20241017_112020_4.jpg",
        "conversations": [
            {
                "from": "human",
                "value": "<image>\nCan you tell me the common name of this species?"
            },
            {
                "from": "gpt",
                "value": "Pig"
            }
        ]
    },
    {
        "id": "22",
        "image": "downloaded_images/Animals/Pig/image_20241017_111954_1.jpg",
        "conversations": [
            {
                "from": "human",
                "value": "<image>\nIn which family or order is this species classified?"
            },
            {
                "from": "gpt",
                "value": "Pigs belong to the family Suidae and the order Artiodactyla."
            }
        ]
    },
    {
        "id": "23",
        "image": "downloaded_images/Animals/Pig/image_20241017_111954_1.jpg",
        "conversations": [
            {
                "from": "human",
                "value": "<image>\nWhat kind of foods does this animal consume?"
            },
            {
                "from": "gpt",
                "value": "Pigs are omnivores, meaning they eat a variety of foods including plants, fruits, and small animals."
            }
        ]
    },
    {
        "id": "24",
        "image": "downloaded_images/Animals/Pig/image_20241017_112020_4.jpg",
        "conversations": [
            {
                "from": "human",
                "value": "<image>\nIs this animal native to any specific region, or is it distributed all over the world?"
            },
            {
                "from": "gpt",
                "value": "Pigs are originally native to Eurasia but have been domesticated and are now found globally in various environments."
            }
        ]
    },
    {
        "id": "25",
        "image": "downloaded_images/Animals/Pig/image_20241017_112119_11.jpg",
        "conversations": [
            {
                "from": "human",
                "value": "<image>\nCan you explain the reproduction process of this species (mating habits and gestation)?"
            },
            {
                "from": "gpt",
                "value": "Pigs typically mate through a process called \"courtship,\" where the male (boar) will display behaviors to attract the female (sow). The gestation period for pigs is about 114 days (approximately 3 months, 3 weeks, and 3 days), after which the sow gives birth to a litter of piglets."
            }
        ]
    },
    {
        "id": "26",
        "image": "downloaded_images/Animals/Horse/image_20241017_115306_2.jpg",
        "conversations": [
            {
                "from": "human",
                "value": "<image>\nCan you tell me the common name of this species?"
            },
            {
                "from": "gpt",
                "value": "Horse"
            }
        ]
    },
    {
        "id": "27",
        "image": "downloaded_images/Animals/Horse/image_20241017_115532_19.jpg",
        "conversations": [
            {
                "from": "human",
                "value": "<image>\nWhat kind of foods does this animal consume?"
            },
            {
                "from": "gpt",
                "value": "Horses are herbivores, primarily grazing on grasses and other vegetation."
            }
        ]
    },
    {
        "id": "28",
        "image": "downloaded_images/Animals/Horse/image_20241017_115255_1.jpg",
        "conversations": [
            {
                "from": "human",
                "value": "<image>\nIs this animal native to any specific region, or is it distributed all over the world?"
            },
            {
                "from": "gpt",
                "value": "Horses are believed to have originated in the steppes of Central Asia but are now found globally due to domestication and breeding."
            }
        ]
    },
    {
        "id": "29",
        "image": "downloaded_images/Animals/Horse/image_20241017_115306_2.jpg",
        "conversations": [
            {
                "from": "human",
                "value": "<image>\nCan you explain the reproduction process of this species (mating habits and gestation)?"
            },
            {
                "from": "gpt",
                "value": "Horses typically mate in a polygamous system, where a stallion may breed with multiple mares. The gestation period for a horse is approximately 11 months, after which a single foal is usually born."
            }
        ]
    },
    {
        "id": "30",
        "image": "downloaded_images/Animals/Live_Chicken/image_20241017_120857_3.jpg",
        "conversations": [
            {
                "from": "human",
                "value": "<image>\nCan you tell me the common name of this species?"
            },
            {
                "from": "gpt",
                "value": "Chicken"
            }
        ]
    },
    {
        "id": "31",
        "image": "downloaded_images/Animals/Live_Chicken/image_20241105_161122_14.jpg",
        "conversations": [
            {
                "from": "human",
                "value": "<image>\nIn which family or order is this species classified?"
            },
            {
                "from": "gpt",
                "value": "Chickens belong to the family Phasianidae and the order Galliformes."
            }
        ]
    },
    {
        "id": "32",
        "image": "downloaded_images/Animals/Live_Chicken/image_20241105_161151_17.jpg",
        "conversations": [
            {
                "from": "human",
                "value": "<image>\nWhat kind of foods does this animal consume?"
            },
            {
                "from": "gpt",
                "value": "They eat a variety of food, including seeds, insects, and small animals like lizards or even mice when available, as well as plant materials."
            }
        ]
    },
    {
        "id": "33",
        "image": "downloaded_images/Animals/Live_Chicken/image_20241017_121103_19.jpg",
        "conversations": [
            {
                "from": "human",
                "value": "<image>\nIs this animal native to any specific region, or is it distributed all over the world?"
            },
            {
                "from": "gpt",
                "value": "Chickens are originally native to the forests of Southeast Asia, especially regions around India and Thailand. However, they have been domesticated and are now found globally."
            }
        ]
    },
    {
        "id": "34",
        "image": "downloaded_images/Animals/Rabbit/image_20241017_143339_8.jpg",
        "conversations": [
            {
                "from": "human",
                "value": "<image>\nCan you tell me the common name of this species?"
            },
            {
                "from": "gpt",
                "value": "Rabbit"
            }
        ]
    },
    {
        "id": "35",
        "image": "downloaded_images/Animals/Rabbit/image_20241017_143412_12.jpg",
        "conversations": [
            {
                "from": "human",
                "value": "<image>\nIn which family or order is this species classified?"
            },
            {
                "from": "gpt",
                "value": "Rabbits belong to the family Leporidae and the order Lagomorpha."
            }
        ]
    },
    {
        "id": "36",
        "image": "downloaded_images/Animals/Rabbit/image_20241017_143446_16.jpg",
        "conversations": [
            {
                "from": "human",
                "value": "<image>\nWhat kind of foods does this animal consume?"
            },
            {
                "from": "gpt",
                "value": "Rabbits are herbivores, primarily eating grass, leaves, vegetables, and fruits."
            }
        ]
    },
    {
        "id": "37",
        "image": "downloaded_images/Animals/Rabbit/image_20241017_143607_25.jpg",
        "conversations": [
            {
                "from": "human",
                "value": "<image>\nIs this animal native to any specific region, or is it distributed all over the world?"
            },
            {
                "from": "gpt",
                "value": "Rabbits are found globally, but they are native to Europe and parts of Africa. They have been introduced to many other regions, including North America and Australia."
            }
        ]
    },
    {
        "id": "38",
        "image": "downloaded_images/Animals/Rabbit/image_20241017_143600_24.jpg",
        "conversations": [
            {
                "from": "human",
                "value": "<image>\nCan you explain the reproduction process of this species (mating habits and gestation)?"
            },
            {
                "from": "gpt",
                "value": "Rabbits are known for their high reproductive rate. They typically mate in the spring and can breed several times a year. The gestation period for rabbits is about 28 to 31 days, after which a female rabbit (doe) gives birth to a litter of kits (baby rabbits), usually ranging from 1 to 14 kits."
            }
        ]
    },
    {
        "id": "39",
        "image": "downloaded_images/Animals/Parrot/image_20241017_145130_4.jpg",
        "conversations": [
            {
                "from": "human",
                "value": "<image>\nCan you tell me the common name of this species?"
            },
            {
                "from": "gpt",
                "value": "The animal in the image is a parrot. Parrots are a group of birds that belong to the order Psittaciformes, characterized by feathers with the layers of barbs, hooks, and scleral ossicles. They are known for their vibrant colors, strong curved bills, and the upright stance of their feet."
            }
        ]
    },
    {
        "id": "40",
        "image": "downloaded_images/Animals/Parrot/image_20241017_145325_15.jpg",
        "conversations": [
            {
                "from": "human",
                "value": "<image>\nWhat kind of foods does this animal consume?"
            },
            {
                "from": "gpt",
                "value": "The animal in the image is a parrot, and parrots are omnivores. They have a varied diet that includes seeds, nuts, fruits, vegetables, insects, and small vertebrates. They are known for their ability to crack open hard nuts and seeds, which is an important part of their diet."
            }
        ]
    },
    {
        "id": "41",
        "image": "downloaded_images/Animals/Parrot/image_20241017_145402_17.jpg",
        "conversations": [
            {
                "from": "human",
                "value": "<image>\nIs this animal native to any specific region, or is it distributed all over the world?"
            },
            {
                "from": "gpt",
                "value": "The bird in the image appears to be a macaw, which is a large parrot native to South America. There are several species of macaws, and they are known for their bright colors and strong social bonds. They are not found globally; they are native to the rainforests of South America, including countries like Brazil, Bolivia, Peru, and Paraguay."
            }
        ]
    },
    {
        "id": "42",
        "image": "downloaded_images/Animals/Parrot/image_20241017_145113_2.jpg",
        "conversations": [
            {
                "from": "human",
                "value": "<image>\nCan you explain the reproduction process of this species (mating habits and gestation)?"
            },
            {
                "from": "gpt",
                "value": "The bird in the image appears to be a parrot, specifically one that might be a Macaw or a similar species. Parrots are known for their elaborate courtship rituals and strong pair bonds.Parrots generally mate for life, and their mating habits can be quite elaborate. They often engage in a behavior called preening, where they clean each other's feathers, which can be a form of courtship and bonding.The gestation period for parrots can vary depending on the species, but it is generally around"
            }
        ]
    },
    {
        "id": "43",
        "image": "downloaded_images/Animals/Elephant/image_20241017_171858_17.jpg",
        "conversations": [
            {
                "from": "human",
                "value": "<image>\nCan you tell me the common name of this species?"
            },
            {
                "from": "gpt",
                "value": "The common name of this animal is \"Elephant.\""
            }
        ]
    },
    {
        "id": "44",
        "image": "downloaded_images/Animals/Elephant/image_20241017_171743_8.jpg",
        "conversations": [
            {
                "from": "human",
                "value": "<image>\nIn which family or order is this species classified?"
            },
            {
                "from": "gpt",
                "value": "Elephants belong to the family Elephantidae and the order Proboscidea."
            }
        ]
    },
    {
        "id": "45",
        "image": "downloaded_images/Animals/Elephant/image_20241017_171800_10.jpg",
        "conversations": [
            {
                "from": "human",
                "value": "<image>\nWhat kind of foods does this animal consume?"
            },
            {
                "from": "gpt",
                "value": "The animal in the image is an elephant, and as such, it is a herbivore. Elephants primarily consume a variety of plant materials, including grasses, leaves, branches, and bark. They also require a significant amount of water daily to help with digestion and maintain their large size."
            }
        ]
    },
    {
        "id": "46",
        "image": "downloaded_images/Animals/Elephant/image_20241017_171831_14.jpg",
        "conversations": [
            {
                "from": "human",
                "value": "<image>\nIs this animal native to any specific region, or is it distributed all over the world?"
            },
            {
                "from": "gpt",
                "value": "The elephant in the image is an African elephant, which is native to Africa. It is the largest land mammal on the continent and is found in various habitats, including savannas, forests, and deserts. African elephants are not found globally; they are endemic to Africa."
            }
        ]
    },
    {
        "id": "47",
        "image": "downloaded_images/Animals/Elephant/image_20241017_171718_5.jpg",
        "conversations": [
            {
                "from": "human",
                "value": "<image>\nCan you explain the reproduction process of this species (mating habits and gestation)?"
            },
            {
                "from": "gpt",
                "value": "The animal in the image is an elephant. Elephants are known for their complex social structure and reproduction habits. They are mammals and have a gestation period of around 22 months. During the mating season, which can vary depending on the species and location, males and females come together in groups called herds. The male elephants, called bulls, engage in a behavior called musth, where they produce a strong, pungent smell and become more aggressive. They also use their tus"
            }
        ]
    },
    {
        "id": "48",
        "image": "downloaded_images/Animals/Wolf/image_20241017_172900_12.jpg",
        "conversations": [
            {
                "from": "human",
                "value": "<image>\nCan you tell me the common name of this species?"
            },
            {
                "from": "gpt",
                "value": "The animal in the image is a wolf."
            }
        ]
    },
    {
        "id": "49",
        "image": "downloaded_images/Animals/Wolf/image_20241017_172933_16.jpg",
        "conversations": [
            {
                "from": "human",
                "value": "<image>\nIn which family or order is this species classified?"
            },
            {
                "from": "gpt",
                "value": "The wolf belongs to the family Canidae and the order Carnivora."
            }
        ]
    },
    {
        "id": "50",
        "image": "downloaded_images/Animals/Wolf/image_20241017_172804_6.jpg",
        "conversations": [
            {
                "from": "human",
                "value": "<image>\nWhat kind of foods does this animal consume?"
            },
            {
                "from": "gpt",
                "value": "Wolves are carnivores, primarily hunting and eating other animals."
            }
        ]
    },
    {
        "id": "51",
        "image": "downloaded_images/Animals/Wolf/image_20241017_172847_11.jpg",
        "conversations": [
            {
                "from": "human",
                "value": "<image>\nIs this animal native to any specific region, or is it distributed all over the world?"
            },
            {
                "from": "gpt",
                "value": "The wolf in the image appears to be a gray wolf, which is native to North America. Gray wolves are found in a variety of habitats across the continent, including forests, grasslands, and tundra. They are not found globally; their range is limited to North America."
            }
        ]
    },
    {
        "id": "52",
        "image": "downloaded_images/Animals/Wolf/image_20241017_172933_16.jpg",
        "conversations": [
            {
                "from": "human",
                "value": "<image>\nCan you explain the reproduction process of this species (mating habits and gestation)?"
            },
            {
                "from": "gpt",
                "value": "Wolves typically mate for life and have a breeding season that occurs in late winter. The gestation period for wolves is about 63 days, after which the female gives birth to a litter of 4 to 7 pups, although litters can range from 1 to 14 pups. The pups are cared for by both parents and other pack members."
            }
        ]
    },
    {
        "id": "53",
        "image": "downloaded_images/Animals/Bear/image_20241017_173534_3.jpg",
        "conversations": [
            {
                "from": "human",
                "value": "<image>\nCan you tell me the common name of this species?"
            },
            {
                "from": "gpt",
                "value": "Bear"
            }
        ]
    },
    {
        "id": "54",
        "image": "downloaded_images/Animals/Bear/image_20241017_173618_8.jpg",
        "conversations": [
            {
                "from": "human",
                "value": "<image>\nIn which family or order is this species classified?"
            },
            {
                "from": "gpt",
                "value": "Bears belong to the family Ursidae and the order Carnivora."
            }
        ]
    },
    {
        "id": "55",
        "image": "downloaded_images/Animals/Bear/image_20241017_173534_3.jpg",
        "conversations": [
            {
                "from": "human",
                "value": "<image>\nWhat kind of foods does this animal consume?"
            },
            {
                "from": "gpt",
                "value": "Bears are generally omnivores, meaning they eat a varied diet that includes both plant and animal matter."
            }
        ]
    },
    {
        "id": "56",
        "image": "downloaded_images/Animals/Bear/image_20241017_173701_13.jpg",
        "conversations": [
            {
                "from": "human",
                "value": "<image>\nIs this animal native to any specific region, or is it distributed all over the world?"
            },
            {
                "from": "gpt",
                "value": "Bears are found in various regions around the world, including North America, South America, Europe, and Asia. Different species of bears inhabit different areas, but they are not found globally in every region."
            }
        ]
    },
    {
        "id": "57",
        "image": "downloaded_images/Animals/Butterfly/image_20241017_182908_17.jpg",
        "conversations": [
            {
                "from": "human",
                "value": "<image>\nCan you tell me the common name of this species?"
            },
            {
                "from": "gpt",
                "value": "Butterfly"
            }
        ]
    },
    {
        "id": "58",
        "image": "downloaded_images/Animals/Butterfly/image_20241017_182828_13.jpg",
        "conversations": [
            {
                "from": "human",
                "value": "<image>\nIn which family or order is this species classified?"
            },
            {
                "from": "gpt",
                "value": "Butterflies belong to the order Lepidoptera, which also includes moths. They are part of various families within this order, such as Nymphalidae (brush-footed butterflies) and Pieridae (whites and sulfurs)."
            }
        ]
    },
    {
        "id": "59",
        "image": "downloaded_images/Animals/Butterfly/image_20241017_182633_1.jpg",
        "conversations": [
            {
                "from": "human",
                "value": "<image>\nWhat kind of foods does this animal consume?"
            },
            {
                "from": "gpt",
                "value": "Butterflies are primarily herbivores. Adult butterflies typically feed on nectar from flowers, while their larvae (caterpillars) usually consume leaves."
            }
        ]
    },
    {
        "id": "60",
        "image": "downloaded_images/Animals/Butterfly/image_20241017_182936_20.jpg",
        "conversations": [
            {
                "from": "human",
                "value": "<image>\nIs this animal native to any specific region, or is it distributed all over the world?"
            },
            {
                "from": "gpt",
                "value": "Butterflies are found globally, with species present on every continent except Antarctica. They inhabit a wide range of environments, including forests, meadows, and gardens."
            }
        ]
    },
    {
        "id": "61",
        "image": "downloaded_images/Animals/Butterfly/image_20241017_182810_11.jpg",
        "conversations": [
            {
                "from": "human",
                "value": "<image>\nCan you explain the reproduction process of this species (mating habits and gestation)?"
            },
            {
                "from": "gpt",
                "value": "Butterflies reproduce sexually. Mating habits can vary by species, but generally, males will attract females through various displays or pheromones. After mating, females lay eggs on host plants suitable for their caterpillars. The gestation period for butterfly eggs varies by species but typically lasts from a few days to several weeks before hatching into caterpillars. The entire life cycle from egg to adult can take anywhere from a few weeks to several months, depending on environmental conditions and species."
            }
        ]
    },
    {
        "id": "62",
        "image": "downloaded_images/Animals/Penguin/image_20241017_183935_16.jpg",
        "conversations": [
            {
                "from": "human",
                "value": "<image>\nCan you tell me the common name of this species?"
            },
            {
                "from": "gpt",
                "value": "Penguin"
            }
        ]
    },
    {
        "id": "63",
        "image": "downloaded_images/Animals/Penguin/image_20241017_183823_8.jpg",
        "conversations": [
            {
                "from": "human",
                "value": "<image>\nIn which family or order is this species classified?"
            },
            {
                "from": "gpt",
                "value": "Penguins belong to the family Spheniscidae and the order Sphenisciformes."
            }
        ]
    },
    {
        "id": "64",
        "image": "downloaded_images/Animals/Penguin/image_20241017_183747_4.jpg",
        "conversations": [
            {
                "from": "human",
                "value": "<image>\nWhat kind of foods does this animal consume?"
            },
            {
                "from": "gpt",
                "value": "Penguins are carnivores; they primarily eat fish, squid, and krill."
            }
        ]
    },
    {
        "id": "65",
        "image": "downloaded_images/Animals/Penguin/image_20241017_183907_13.jpg",
        "conversations": [
            {
                "from": "human",
                "value": "<image>\nIs this animal native to any specific region, or is it distributed all over the world?"
            },
            {
                "from": "gpt",
                "value": "Penguins are primarily native to the Southern Hemisphere, with the majority found in and around Antarctica. Some species can also be found on the coasts of South America, Africa, Australia, and New Zealand."
            }
        ]
    },
    {
        "id": "66",
        "image": "downloaded_images/Animals/Penguin/image_20241017_183806_6.jpg",
        "conversations": [
            {
                "from": "human",
                "value": "<image>\nCan you explain the reproduction process of this species (mating habits and gestation)?"
            },
            {
                "from": "gpt",
                "value": "Penguins typically mate for life and engage in courtship behaviors such as vocalizations and displays. They lay eggs, usually one or two, depending on the species. The incubation period varies by species but generally lasts about 30 to 60 days. After hatching, both parents often share the responsibility of feeding and caring for the chicks."
            }
        ]
    },
    {
        "id": "67",
        "image": "downloaded_images/Animals/Dolphin/image_20241017_191123_7.jpg",
        "conversations": [
            {
                "from": "human",
                "value": "<image>\nCan you tell me the common name of this species?"
            },
            {
                "from": "gpt",
                "value": "Dolphin"
            }
        ]
    },
    {
        "id": "68",
        "image": "downloaded_images/Animals/Dolphin/image_20241017_191350_19.jpg",
        "conversations": [
            {
                "from": "human",
                "value": "<image>\nIn which family or order is this species classified?"
            },
            {
                "from": "gpt",
                "value": "Dolphins belong to the family Delphinidae and are part of the order Cetacea."
            }
        ]
    },
    {
        "id": "69",
        "image": "downloaded_images/Animals/Dolphin/image_20241017_191057_4.jpg",
        "conversations": [
            {
                "from": "human",
                "value": "<image>\nWhat kind of foods does this animal consume?"
            },
            {
                "from": "gpt",
                "value": "Dolphins are carnivores, primarily feeding on fish, squid, and crustaceans."
            }
        ]
    },
    {
        "id": "70",
        "image": "downloaded_images/Animals/Dolphin/image_20241017_191316_16.jpg",
        "conversations": [
            {
                "from": "human",
                "value": "<image>\nIs this animal native to any specific region, or is it distributed all over the world?"
            },
            {
                "from": "gpt",
                "value": "Dolphins are found globally in oceans and seas, although some species inhabit specific regions, such as river dolphins which are found in freshwater rivers."
            }
        ]
    },
    {
        "id": "71",
        "image": "downloaded_images/Animals/Dolphin/image_20241017_191341_18.jpg",
        "conversations": [
            {
                "from": "human",
                "value": "<image>\nCan you explain the reproduction process of this species (mating habits and gestation)?"
            },
            {
                "from": "gpt",
                "value": "Dolphins typically engage in seasonal mating, and the gestation period for most species ranges from 10 to 12 months. After giving birth, mothers often nurse their calves for several months to a few years, depending on the species."
            }
        ]
    },
    {
        "id": "72",
        "image": "downloaded_images/Astronomy/Moon/image_20241017_191854_10.jpg",
        "conversations": [
            {
                "from": "human",
                "value": "<image>\nHow is this planet referred to?"
            },
            {
                "from": "gpt",
                "value": "The image you've provided appears to be a map of the moon, showing the names of various lunar features. The moon is a celestial body that orbits the Earth, and it is often referred to as a planet in colloquial terms. However, it is not a planet according to the scientific definition, which is based on its size and distance from the Earth. The moon is a natural satellite of the Earth."
            }
        ]
    },
    {
        "id": "73",
        "image": "downloaded_images/Astronomy/Moon/image_20241017_191854_10.jpg",
        "conversations": [
            {
                "from": "human",
                "value": "<image>\nDoes it have rings, and if so, how large are they?"
            },
            {
                "from": "gpt",
                "value": "The image you've provided appears to be a map of the Moon, showing the locations of various craters and other lunar features. The Moon does not have a ring system like the Earth's, but it does have a number of smaller, irregularly shaped objects called asteroids or lunar librations that are not visible in this image. These are not true rings like those found around the planets."
            }
        ]
    },
    {
        "id": "74",
        "image": "downloaded_images/Astronomy/Mars/image_20241017_193212_4.jpg",
        "conversations": [
            {
                "from": "human",
                "value": "<image>\nHow is this planet referred to?"
            },
            {
                "from": "gpt",
                "value": "Mars"
            }
        ]
    },
    {
        "id": "75",
        "image": "downloaded_images/Astronomy/Mars/image_20241017_193212_4.jpg",
        "conversations": [
            {
                "from": "human",
                "value": "<image>\nWhat position does this planet occupy in the solar system?"
            },
            {
                "from": "gpt",
                "value": "4th from the Sun"
            }
        ]
    },
    {
        "id": "76",
        "image": "downloaded_images/Astronomy/Mars/image_20241017_193312_10.jpg",
        "conversations": [
            {
                "from": "human",
                "value": "<image>\nIn what category does this planet fall (rocky, gas, or ice giant)?"
            },
            {
                "from": "gpt",
                "value": "Terrestrial"
            }
        ]
    },
    {
        "id": "77",
        "image": "downloaded_images/Astronomy/Mars/image_20241017_193212_4.jpg",
        "conversations": [
            {
                "from": "human",
                "value": "<image>\nHow many Earth years does it take for this planet to orbit the Sun?"
            },
            {
                "from": "gpt",
                "value": "Approximately 687 Earth days."
            }
        ]
    },
    {
        "id": "78",
        "image": "downloaded_images/Astronomy/Jupiter/image_20241017_195958_8.jpg",
        "conversations": [
            {
                "from": "human",
                "value": "<image>\nHow is this planet referred to?"
            },
            {
                "from": "gpt",
                "value": "Jupiter"
            }
        ]
    },
    {
        "id": "79",
        "image": "downloaded_images/Astronomy/Jupiter/image_20241017_195924_4.jpg",
        "conversations": [
            {
                "from": "human",
                "value": "<image>\nWhat position does this planet occupy in the solar system?"
            },
            {
                "from": "gpt",
                "value": "5th from the Sun"
            }
        ]
    },
    {
        "id": "80",
        "image": "downloaded_images/Astronomy/Jupiter/image_20241017_195933_5.jpg",
        "conversations": [
            {
                "from": "human",
                "value": "<image>\nIn what category does this planet fall (rocky, gas, or ice giant)?"
            },
            {
                "from": "gpt",
                "value": "Gas giant"
            }
        ]
    },
    {
        "id": "81",
        "image": "downloaded_images/Astronomy/Jupiter/image_20241017_195958_8.jpg",
        "conversations": [
            {
                "from": "human",
                "value": "<image>\nDoes it have rings, and if so, how large are they?"
            },
            {
                "from": "gpt",
                "value": "If so, how extensive is it?  \n   Yes, Jupiter has a faint ring system. It is not as extensive or prominent as the rings of Saturn, consisting mainly of four main rings that are thin and composed of dust particles."
            }
        ]
    },
    {
        "id": "82",
        "image": "downloaded_images/Astronomy/Jupiter/image_20241017_195853_1.jpg",
        "conversations": [
            {
                "from": "human",
                "value": "<image>\nHow many Earth years does it take for this planet to orbit the Sun?"
            },
            {
                "from": "gpt",
                "value": "Approximately 11.86 Earth years (about 4,333 Earth days)."
            }
        ]
    },
    {
        "id": "83",
        "image": "downloaded_images/Astronomy/Saturn/image_20241017_200916_1.jpg",
        "conversations": [
            {
                "from": "human",
                "value": "<image>\nWhat position does this planet occupy in the solar system?"
            },
            {
                "from": "gpt",
                "value": "6th from the Sun"
            }
        ]
    },
    {
        "id": "84",
        "image": "downloaded_images/Astronomy/Saturn/image_20241017_200916_1.jpg",
        "conversations": [
            {
                "from": "human",
                "value": "<image>\nIn what category does this planet fall (rocky, gas, or ice giant)?"
            },
            {
                "from": "gpt",
                "value": "Gas giant"
            }
        ]
    },
    {
        "id": "85",
        "image": "downloaded_images/Astronomy/Saturn/image_20241017_201209_16.jpg",
        "conversations": [
            {
                "from": "human",
                "value": "<image>\nDoes it have rings, and if so, how large are they?"
            },
            {
                "from": "gpt",
                "value": "If so, how extensive is it?  \n   Yes, Saturn has a prominent and extensive ring system, which is the most developed and complex in the solar system. The rings are made up of ice and rock particles and extend outwards for thousands of kilometers."
            }
        ]
    },
    {
        "id": "86",
        "image": "downloaded_images/Astronomy/Saturn/image_20241017_201042_8.jpg",
        "conversations": [
            {
                "from": "human",
                "value": "<image>\nHow many Earth years does it take for this planet to orbit the Sun?"
            },
            {
                "from": "gpt",
                "value": "Saturn takes about 29.5 Earth years to complete one orbit around the Sun."
            }
        ]
    },
    {
        "id": "87",
        "image": "downloaded_images/Astronomy/Neptune/image_20241017_203233_5.jpg",
        "conversations": [
            {
                "from": "human",
                "value": "<image>\nHow is this planet referred to?"
            },
            {
                "from": "gpt",
                "value": "Neptune"
            }
        ]
    },
    {
        "id": "88",
        "image": "downloaded_images/Astronomy/Neptune/image_20241017_203233_5.jpg",
        "conversations": [
            {
                "from": "human",
                "value": "<image>\nWhat position does this planet occupy in the solar system?"
            },
            {
                "from": "gpt",
                "value": "8th from the Sun"
            }
        ]
    },
    {
        "id": "89",
        "image": "downloaded_images/Astronomy/Neptune/image_20241017_203233_5.jpg",
        "conversations": [
            {
                "from": "human",
                "value": "<image>\nIn what category does this planet fall (rocky, gas, or ice giant)?"
            },
            {
                "from": "gpt",
                "value": "Ice giant"
            }
        ]
    },
    {
        "id": "90",
        "image": "downloaded_images/Astronomy/Neptune/image_20241017_203403_13.jpg",
        "conversations": [
            {
                "from": "human",
                "value": "<image>\nDoes it have rings, and if so, how large are they?"
            },
            {
                "from": "gpt",
                "value": "If so, how extensive is it?  \n   Yes, Neptune has a ring system, but it is relatively faint and consists of several narrow rings. The rings are not as extensive or prominent as those of Saturn."
            }
        ]
    },
    {
        "id": "91",
        "image": "downloaded_images/Astronomy/Neptune/image_20241017_203233_5.jpg",
        "conversations": [
            {
                "from": "human",
                "value": "<image>\nHow many Earth years does it take for this planet to orbit the Sun?"
            },
            {
                "from": "gpt",
                "value": "Neptune takes about 165 Earth years to complete one orbit around the Sun."
            }
        ]
    }
]