[
    {
        "id": "1",
        "image": "downloaded_images/Plants/Bamboo/image_20241018_172615_1.jpg",
        "conversations": [
            {
                "from": "human",
                "value": "<image>\nWhat is the taxonomic family or genus of this plant?"
            },
            {
                "from": "gpt",
                "value": "Bamboo belongs to the family Poaceae (the grass family) and the genus Bambusoideae."
            }
        ]
    },
    {
        "id": "2",
        "image": "downloaded_images/Plants/Bamboo/image_20241018_172812_14.jpg",
        "conversations": [
            {
                "from": "human",
                "value": "<image>\nWhat are the methods of reproduction for this plant (seeds, cuttings, runners)?"
            },
            {
                "from": "gpt",
                "value": "Bamboo primarily reproduces through rhizomes (underground runners) and can also reproduce from seeds, although flowering and seed production are rare events for many species."
            }
        ]
    },
    {
        "id": "3",
        "image": "downloaded_images/Plants/Bamboo/image_20241018_172912_21.jpg",
        "conversations": [
            {
                "from": "human",
                "value": "<image>\nIs this species native to any particular area, or is it globally distributed?"
            },
            {
                "from": "gpt",
                "value": "Bamboo is found globally, but it is native to tropical and subtropical regions of Asia, Africa, and the Americas. Some species are also found in temperate regions."
            }
        ]
    },
    {
        "id": "4",
        "image": "downloaded_images/Plants/Bamboo/image_20241018_172836_17.jpg",
        "conversations": [
            {
                "from": "human",
                "value": "<image>\nWhat is the growth form of this plant (e.g., tree, shrub, herb)?"
            },
            {
                "from": "gpt",
                "value": "Bamboo grows as a grass, specifically a perennial woody grass, and can vary in size from small shrubs to large tree-like forms, depending on the species."
            }
        ]
    },
    {
        "id": "5",
        "image": "downloaded_images/Plants/Rose/image_20241018_173148_1.jpg",
        "conversations": [
            {
                "from": "human",
                "value": "<image>\nWhat is this plant commonly called?"
            },
            {
                "from": "gpt",
                "value": "The common name of this plant is Rose."
            }
        ]
    },
    {
        "id": "6",
        "image": "downloaded_images/Plants/Rose/image_20241018_173206_3.jpg",
        "conversations": [
            {
                "from": "human",
                "value": "<image>\nWhat is the taxonomic family or genus of this plant?"
            },
            {
                "from": "gpt",
                "value": "Rose belongs to the Family Rosaceae and the Genus: Rosa."
            }
        ]
    },
    {
        "id": "7",
        "image": "downloaded_images/Plants/Rose/image_20241018_173232_6.jpg",
        "conversations": [
            {
                "from": "human",
                "value": "<image>\nWhat are the methods of reproduction for this plant (seeds, cuttings, runners)?"
            },
            {
                "from": "gpt",
                "value": "Roses reproduce primarily through seeds, but they are also commonly propagated through cuttings and grafting. Some species may also reproduce via suckers or runners."
            }
        ]
    },
    {
        "id": "8",
        "image": "downloaded_images/Plants/Rose/image_20241018_173300_9.jpg",
        "conversations": [
            {
                "from": "human",
                "value": "<image>\nIs this species native to any particular area, or is it globally distributed?"
            },
            {
                "from": "gpt",
                "value": "Native Region: Roses are native to regions of Asia, Europe, North America, and northwestern Africa. However, they are now grown and cultivated globally due to their popularity."
            }
        ]
    },
    {
        "id": "9",
        "image": "downloaded_images/Plants/Rose/image_20241107_183026_2.jpg",
        "conversations": [
            {
                "from": "human",
                "value": "<image>\nWhat is the growth form of this plant (e.g., tree, shrub, herb)?"
            },
            {
                "from": "gpt",
                "value": "Growth Form: Roses are typically shrubs, though some varieties grow as climbers or trailing plants."
            }
        ]
    },
    {
        "id": "10",
        "image": "downloaded_images/Plants/Sunflower/image_20241018_173734_1.jpg",
        "conversations": [
            {
                "from": "human",
                "value": "<image>\nWhat is this plant commonly called?"
            },
            {
                "from": "gpt",
                "value": "The common name of this plant is Sunflower."
            }
        ]
    },
    {
        "id": "11",
        "image": "downloaded_images/Plants/Sunflower/image_20241018_173753_3.jpg",
        "conversations": [
            {
                "from": "human",
                "value": "<image>\nWhat is the taxonomic family or genus of this plant?"
            },
            {
                "from": "gpt",
                "value": "Sunflower belongs to the family Asteraceae and the genus Helianthus."
            }
        ]
    },
    {
        "id": "12",
        "image": "downloaded_images/Plants/Sunflower/image_20241018_173900_11.jpg",
        "conversations": [
            {
                "from": "human",
                "value": "<image>\nWhat are the methods of reproduction for this plant (seeds, cuttings, runners)?"
            },
            {
                "from": "gpt",
                "value": "Sunflowers primarily reproduce through seeds. Each flower head produces numerous seeds, which can be dispersed by animals or harvested for planting."
            }
        ]
    },
    {
        "id": "13",
        "image": "downloaded_images/Plants/Sunflower/image_20241018_174017_18.jpg",
        "conversations": [
            {
                "from": "human",
                "value": "<image>\nIs this species native to any particular area, or is it globally distributed?"
            },
            {
                "from": "gpt",
                "value": "Native Region: Sunflowers are native to North America but are now cultivated widely around the world for their beauty, oil, and seeds."
            }
        ]
    },
    {
        "id": "14",
        "image": "downloaded_images/Plants/Sunflower/image_20241018_174000_16.jpg",
        "conversations": [
            {
                "from": "human",
                "value": "<image>\nWhat is the growth form of this plant (e.g., tree, shrub, herb)?"
            },
            {
                "from": "gpt",
                "value": "Growth Form: Sunflowers are annual herbs that can grow quite tall, with large, flowering heads that turn to face the sun."
            }
        ]
    },
    {
        "id": "15",
        "image": "downloaded_images/Plants/Aloe_Vera/image_20241107_185657_19.jpg",
        "conversations": [
            {
                "from": "human",
                "value": "<image>\nWhat is this plant commonly called?"
            },
            {
                "from": "gpt",
                "value": "Common Name: Aloe Vera"
            }
        ]
    },
    {
        "id": "16",
        "image": "downloaded_images/Plants/Aloe_Vera/image_20241018_175026_11.jpg",
        "conversations": [
            {
                "from": "human",
                "value": "<image>\nWhat are the methods of reproduction for this plant (seeds, cuttings, runners)?"
            },
            {
                "from": "gpt",
                "value": "Aloe Vera reproduces through seeds and also through offshoots (pups), which grow from the base of the plant and can be separated to propagate new plants."
            }
        ]
    },
    {
        "id": "17",
        "image": "downloaded_images/Plants/Aloe_Vera/image_20241018_175128_18.jpg",
        "conversations": [
            {
                "from": "human",
                "value": "<image>\nIs this species native to any particular area, or is it globally distributed?"
            },
            {
                "from": "gpt",
                "value": "Native Region: Aloe Vera is believed to be native to the Arabian Peninsula, but it has naturalized in tropical and arid regions around the world and is widely cultivated."
            }
        ]
    },
    {
        "id": "18",
        "image": "downloaded_images/Plants/Aloe_Vera/image_20241018_174858_3.jpg",
        "conversations": [
            {
                "from": "human",
                "value": "<image>\nWhat is the growth form of this plant (e.g., tree, shrub, herb)?"
            },
            {
                "from": "gpt",
                "value": "Growth Form: Aloe Vera is a succulent herb, growing as a clumping, rosette-forming perennial with thick, fleshy leaves that store water, making it well-suited to dry environments."
            }
        ]
    },
    {
        "id": "19",
        "image": "downloaded_images/Plants/Grape/image_20241107_190107_2.jpg",
        "conversations": [
            {
                "from": "human",
                "value": "<image>\nWhat is this plant commonly called?"
            },
            {
                "from": "gpt",
                "value": "Common Name: Grape"
            }
        ]
    },
    {
        "id": "20",
        "image": "downloaded_images/Plants/Grape/image_20241107_190116_3.jpg",
        "conversations": [
            {
                "from": "human",
                "value": "<image>\nWhat is the taxonomic family or genus of this plant?"
            },
            {
                "from": "gpt",
                "value": "Family: Vitaceae, Genus: Vitis"
            }
        ]
    },
    {
        "id": "21",
        "image": "downloaded_images/Plants/Grape/image_20241107_190125_4.jpg",
        "conversations": [
            {
                "from": "human",
                "value": "<image>\nWhat are the methods of reproduction for this plant (seeds, cuttings, runners)?"
            },
            {
                "from": "gpt",
                "value": "Grapes reproduce through seeds but are commonly propagated through cuttings for consistent quality in vineyards. They can also produce runners, which help the vine spread."
            }
        ]
    },
    {
        "id": "22",
        "image": "downloaded_images/Plants/Grape/image_20241107_190354_18.jpg",
        "conversations": [
            {
                "from": "human",
                "value": "<image>\nIs this species native to any particular area, or is it globally distributed?"
            },
            {
                "from": "gpt",
                "value": "Native Region: Grapes are native to regions of the Mediterranean and Central Asia. However, they are now cultivated worldwide, especially in temperate climates."
            }
        ]
    },
    {
        "id": "23",
        "image": "downloaded_images/Plants/Grape/image_20241018_175633_13.jpg",
        "conversations": [
            {
                "from": "human",
                "value": "<image>\nWhat is the growth form of this plant (e.g., tree, shrub, herb)?"
            },
            {
                "from": "gpt",
                "value": "Growth Form: Grapes grow as woody, climbing vines. They use tendrils to climb on structures or supports, and the vine can grow extensively when given space."
            }
        ]
    },
    {
        "id": "24",
        "image": "downloaded_images/Plants/Cactus/image_20241018_180115_5.jpg",
        "conversations": [
            {
                "from": "human",
                "value": "<image>\nWhat is this plant commonly called?"
            },
            {
                "from": "gpt",
                "value": "The common name of this plant is \"Cactus.\""
            }
        ]
    },
    {
        "id": "25",
        "image": "downloaded_images/Plants/Cactus/image_20241018_180229_14.jpg",
        "conversations": [
            {
                "from": "human",
                "value": "<image>\nWhat is the taxonomic family or genus of this plant?"
            },
            {
                "from": "gpt",
                "value": "Cacti belong to the family Cactaceae. There are many genera within this family, with the most well-known being Opuntia (prickly pear), Echinocactus, and Saguaro (Carnegiea gigantea)."
            }
        ]
    },
    {
        "id": "26",
        "image": "downloaded_images/Plants/Cactus/image_20241018_180105_4.jpg",
        "conversations": [
            {
                "from": "human",
                "value": "<image>\nWhat are the methods of reproduction for this plant (seeds, cuttings, runners)?"
            },
            {
                "from": "gpt",
                "value": "Cacti primarily reproduce through seeds, but they can also propagate through cuttings and, in some species, through runners or offsets."
            }
        ]
    },
    {
        "id": "27",
        "image": "downloaded_images/Plants/Cactus/image_20241018_180115_5.jpg",
        "conversations": [
            {
                "from": "human",
                "value": "<image>\nIs this species native to any particular area, or is it globally distributed?"
            },
            {
                "from": "gpt",
                "value": "Cacti are primarily native to the Americas, particularly in arid and semi-arid regions, but they are now found globally due to cultivation and ornamental use."
            }
        ]
    },
    {
        "id": "28",
        "image": "downloaded_images/Plants/Cactus/image_20241018_180048_2.jpg",
        "conversations": [
            {
                "from": "human",
                "value": "<image>\nWhat is the growth form of this plant (e.g., tree, shrub, herb)?"
            },
            {
                "from": "gpt",
                "value": "Cacti can grow in various forms, including as small herbaceous plants, shrubs, or large trees, depending on the species. Most commonly, they are characterized by their thick, fleshy stems that store water."
            }
        ]
    },
    {
        "id": "29",
        "image": "downloaded_images/Plants/Corn/image_20241018_180634_2.jpg",
        "conversations": [
            {
                "from": "human",
                "value": "<image>\nWhat is this plant commonly called?"
            },
            {
                "from": "gpt",
                "value": "Common Name: Corn (also known as Maize)"
            }
        ]
    },
    {
        "id": "30",
        "image": "downloaded_images/Plants/Corn/image_20241018_180802_11.jpg",
        "conversations": [
            {
                "from": "human",
                "value": "<image>\nWhat is the taxonomic family or genus of this plant?"
            },
            {
                "from": "gpt",
                "value": "Family: Poaceae, Genus: Zea, Species: Zea mays"
            }
        ]
    },
    {
        "id": "31",
        "image": "downloaded_images/Plants/Corn/image_20241018_180932_21.jpg",
        "conversations": [
            {
                "from": "human",
                "value": "<image>\nIs this species native to any particular area, or is it globally distributed?"
            },
            {
                "from": "gpt",
                "value": "Native Region: Corn is native to Central America, particularly Mexico. It is now grown globally, especially in regions with warm climates, due to its importance as a staple food crop."
            }
        ]
    },
    {
        "id": "32",
        "image": "downloaded_images/Plants/Corn/image_20241107_191628_10.jpg",
        "conversations": [
            {
                "from": "human",
                "value": "<image>\nWhat is the growth form of this plant (e.g., tree, shrub, herb)?"
            },
            {
                "from": "gpt",
                "value": "Growth Form: Corn grows as a tall annual herb, with a central stalk and large leaves. It can reach heights of 2-3 meters and produces cobs with rows of kernels."
            }
        ]
    },
    {
        "id": "33",
        "image": "downloaded_images/Plants/Wheat/image_20241018_181810_3.jpg",
        "conversations": [
            {
                "from": "human",
                "value": "<image>\nWhat is this plant commonly called?"
            },
            {
                "from": "gpt",
                "value": "The common name of this plant is Wheat."
            }
        ]
    },
    {
        "id": "34",
        "image": "downloaded_images/Plants/Wheat/image_20241018_182128_23.jpg",
        "conversations": [
            {
                "from": "human",
                "value": "<image>\nWhat is the taxonomic family or genus of this plant?"
            },
            {
                "from": "gpt",
                "value": "Wheat belongs to the Poaceae family and the Triticum genus."
            }
        ]
    },
    {
        "id": "35",
        "image": "downloaded_images/Plants/Wheat/image_20241018_181845_7.jpg",
        "conversations": [
            {
                "from": "human",
                "value": "<image>\nWhat are the methods of reproduction for this plant (seeds, cuttings, runners)?"
            },
            {
                "from": "gpt",
                "value": "Wheat reproduces primarily through seeds."
            }
        ]
    },
    {
        "id": "36",
        "image": "downloaded_images/Plants/Wheat/image_20241018_181931_11.jpg",
        "conversations": [
            {
                "from": "human",
                "value": "<image>\nIs this species native to any particular area, or is it globally distributed?"
            },
            {
                "from": "gpt",
                "value": "Wheat is believed to be native to the Fertile Crescent region of the Middle East but is now cultivated globally in many temperate regions."
            }
        ]
    },
    {
        "id": "37",
        "image": "downloaded_images/Plants/Wheat/image_20241018_181931_11.jpg",
        "conversations": [
            {
                "from": "human",
                "value": "<image>\nWhat is the growth form of this plant (e.g., tree, shrub, herb)?"
            },
            {
                "from": "gpt",
                "value": "Wheat grows as a herbaceous annual plant."
            }
        ]
    },
    {
        "id": "38",
        "image": "downloaded_images/Plants/Carrot/image_20241018_182400_2.jpg",
        "conversations": [
            {
                "from": "human",
                "value": "<image>\nWhat is this plant commonly called?"
            },
            {
                "from": "gpt",
                "value": "The common name of this plant is Carrot."
            }
        ]
    },
    {
        "id": "39",
        "image": "downloaded_images/Plants/Carrot/image_20241018_182350_1.jpg",
        "conversations": [
            {
                "from": "human",
                "value": "<image>\nWhat is the taxonomic family or genus of this plant?"
            },
            {
                "from": "gpt",
                "value": "The carrot belongs to the Apiaceae family and the Daucus genus."
            }
        ]
    },
    {
        "id": "40",
        "image": "downloaded_images/Plants/Carrot/image_20241018_182532_11.jpg",
        "conversations": [
            {
                "from": "human",
                "value": "<image>\nIs this species native to any particular area, or is it globally distributed?"
            },
            {
                "from": "gpt",
                "value": "Carrots are believed to be native to Europe and southwestern Asia, but they are now cultivated globally."
            }
        ]
    },
    {
        "id": "41",
        "image": "downloaded_images/Plants/Carrot/image_20241018_182428_5.jpg",
        "conversations": [
            {
                "from": "human",
                "value": "<image>\nWhat is the growth form of this plant (e.g., tree, shrub, herb)?"
            },
            {
                "from": "gpt",
                "value": "Carrots grow as a biennial herb, typically cultivated for their edible taproot."
            }
        ]
    },
    {
        "id": "42",
        "image": "downloaded_images/Plants/Tomato/image_20241018_182951_4.jpg",
        "conversations": [
            {
                "from": "human",
                "value": "<image>\nWhat is this plant commonly called?"
            },
            {
                "from": "gpt",
                "value": "Common Name: Tomato"
            }
        ]
    },
    {
        "id": "43",
        "image": "downloaded_images/Plants/Tomato/image_20241018_182935_2.jpg",
        "conversations": [
            {
                "from": "human",
                "value": "<image>\nWhat is the taxonomic family or genus of this plant?"
            },
            {
                "from": "gpt",
                "value": "Family: Solanaceae, Genus: Solanum, Species: Solanum lycopersicum"
            }
        ]
    },
    {
        "id": "44",
        "image": "downloaded_images/Plants/Tomato/image_20241018_183033_9.jpg",
        "conversations": [
            {
                "from": "human",
                "value": "<image>\nWhat are the methods of reproduction for this plant (seeds, cuttings, runners)?"
            },
            {
                "from": "gpt",
                "value": "Tomatoes reproduce primarily through seeds, which are found inside the fruit. They can also be propagated by cuttings, which can root and grow into new plants."
            }
        ]
    },
    {
        "id": "45",
        "image": "downloaded_images/Plants/Tomato/image_20241018_183228_22.jpg",
        "conversations": [
            {
                "from": "human",
                "value": "<image>\nIs this species native to any particular area, or is it globally distributed?"
            },
            {
                "from": "gpt",
                "value": "Native Region: Tomatoes are native to western South America and Central America. They are now grown worldwide as a major crop."
            }
        ]
    },
    {
        "id": "46",
        "image": "downloaded_images/Plants/Tomato/image_20241107_193624_3.jpg",
        "conversations": [
            {
                "from": "human",
                "value": "<image>\nWhat is the growth form of this plant (e.g., tree, shrub, herb)?"
            },
            {
                "from": "gpt",
                "value": "Growth Form: Tomato plants are herbaceous, typically growing as sprawling or bushy annuals with vines that may require support. They produce clusters of fruit and can vary in size depending on the variety."
            }
        ]
    },
    {
        "id": "47",
        "image": "downloaded_images/Plants/Onion/image_20241018_183603_11.jpg",
        "conversations": [
            {
                "from": "human",
                "value": "<image>\nWhat is this plant commonly called?"
            },
            {
                "from": "gpt",
                "value": "The common name of this plant is Onion."
            }
        ]
    },
    {
        "id": "48",
        "image": "downloaded_images/Plants/Onion/image_20241018_183635_15.jpg",
        "conversations": [
            {
                "from": "human",
                "value": "<image>\nWhat is the taxonomic family or genus of this plant?"
            },
            {
                "from": "gpt",
                "value": "The onion belongs to the genus Allium and is part of the Amaryllidaceae family."
            }
        ]
    },
    {
        "id": "49",
        "image": "downloaded_images/Plants/Onion/image_20241018_183603_11.jpg",
        "conversations": [
            {
                "from": "human",
                "value": "<image>\nWhat are the methods of reproduction for this plant (seeds, cuttings, runners)?"
            },
            {
                "from": "gpt",
                "value": "Onions primarily reproduce through seeds, but they can also be propagated through bulb division or sets (small bulbs)."
            }
        ]
    },
    {
        "id": "50",
        "image": "downloaded_images/Plants/Onion/image_20241018_183710_19.jpg",
        "conversations": [
            {
                "from": "human",
                "value": "<image>\nIs this species native to any particular area, or is it globally distributed?"
            },
            {
                "from": "gpt",
                "value": "Onions are believed to be native to Central Asia, particularly Iran and Pakistan, but they are now cultivated globally in many regions."
            }
        ]
    },
    {
        "id": "51",
        "image": "downloaded_images/Plants/Onion/image_20241018_183523_6.jpg",
        "conversations": [
            {
                "from": "human",
                "value": "<image>\nWhat is the growth form of this plant (e.g., tree, shrub, herb)?"
            },
            {
                "from": "gpt",
                "value": "The onion grows as a herbaceous plant, typically forming a bulb underground and producing green leaves above ground."
            }
        ]
    },
    {
        "id": "52",
        "image": "downloaded_images/Plants/Potato/image_20241018_184032_4.jpg",
        "conversations": [
            {
                "from": "human",
                "value": "<image>\nWhat is this plant commonly called?"
            },
            {
                "from": "gpt",
                "value": "The common name of this plant is Potato."
            }
        ]
    },
    {
        "id": "53",
        "image": "downloaded_images/Plants/Potato/image_20241018_184226_17.jpg",
        "conversations": [
            {
                "from": "human",
                "value": "<image>\nWhat is the taxonomic family or genus of this plant?"
            },
            {
                "from": "gpt",
                "value": "The potato belongs to the Solanaceae family and the Solanum genus."
            }
        ]
    },
    {
        "id": "54",
        "image": "downloaded_images/Plants/Potato/image_20241018_184151_13.jpg",
        "conversations": [
            {
                "from": "human",
                "value": "<image>\nWhat are the methods of reproduction for this plant (seeds, cuttings, runners)?"
            },
            {
                "from": "gpt",
                "value": "Potatoes primarily reproduce through tubers (which are modified stems), but they can also reproduce from seeds."
            }
        ]
    },
    {
        "id": "55",
        "image": "downloaded_images/Plants/Potato/image_20241018_184006_1.jpg",
        "conversations": [
            {
                "from": "human",
                "value": "<image>\nIs this species native to any particular area, or is it globally distributed?"
            },
            {
                "from": "gpt",
                "value": "Potatoes are native to the Andean region of South America, particularly modern-day Peru and northwest Bolivia, but they are now found and cultivated globally."
            }
        ]
    },
    {
        "id": "56",
        "image": "downloaded_images/Plants/Potato/image_20241018_184024_3.jpg",
        "conversations": [
            {
                "from": "human",
                "value": "<image>\nWhat is the growth form of this plant (e.g., tree, shrub, herb)?"
            },
            {
                "from": "gpt",
                "value": "The potato grows as a herbaceous plant, typically reaching a height of about 1 to 3 feet (30 to 90 cm)."
            }
        ]
    }
]