[
    {
        "id": "1",
        "image": "downloaded_images/Buildings/Forbidden_City/image_20241017_203922_7.jpg",
        "conversations": [
            {
                "from": "human",
                "value": "<image>\nHow is this building referred to?"
            },
            {
                "from": "gpt",
                "value": "The name of this building is the Forbidden City."
            }
        ]
    },
    {
        "id": "2",
        "image": "downloaded_images/Buildings/Forbidden_City/image_20241017_204119_14.jpg",
        "conversations": [
            {
                "from": "human",
                "value": "<image>\nWhat function did this building serve when it was first constructed?"
            },
            {
                "from": "gpt",
                "value": "The original purpose of the Forbidden City was to serve as the imperial palace for the Ming and Qing dynasties, housing the emperor and his household, as well as serving as the ceremonial and political center of Chinese government."
            }
        ]
    },
    {
        "id": "3",
        "image": "downloaded_images/Buildings/Forbidden_City/image_20241017_204119_14.jpg",
        "conversations": [
            {
                "from": "human",
                "value": "<image>\nIs the building open for public access?"
            },
            {
                "from": "gpt",
                "value": "Yes, the Forbidden City is open to the public and is now a museum known as the Palace Museum, allowing visitors to explore its vast grounds and historical artifacts."
            }
        ]
    },
    {
        "id": "4",
        "image": "downloaded_images/Buildings/Great_Wall_of_China/image_20241017_210318_13.jpg",
        "conversations": [
            {
                "from": "human",
                "value": "<image>\nHow is this building referred to?"
            },
            {
                "from": "gpt",
                "value": "The Great Wall of China."
            }
        ]
    },
    {
        "id": "5",
        "image": "downloaded_images/Buildings/Great_Wall_of_China/image_20241106_112747_28.jpg",
        "conversations": [
            {
                "from": "human",
                "value": "<image>\nIn which area is this building situated?"
            },
            {
                "from": "gpt",
                "value": "The Great Wall of China stretches across northern China, spanning several provinces including Hebei, Beijing, Shanxi, and Gansu."
            }
        ]
    },
    {
        "id": "6",
        "image": "downloaded_images/Buildings/Great_Wall_of_China/image_20241017_210404_17.jpg",
        "conversations": [
            {
                "from": "human",
                "value": "<image>\nWhat function did this building serve when it was first constructed?"
            },
            {
                "from": "gpt",
                "value": "The original purpose of the Great Wall of China was to protect Chinese states and empires from invasions and raids by nomadic groups and military incursions. It also served as a means of border control, allowing for the regulation of trade and immigration."
            }
        ]
    },
    {
        "id": "7",
        "image": "downloaded_images/Buildings/Great_Wall_of_China/image_20241017_210404_17.jpg",
        "conversations": [
            {
                "from": "human",
                "value": "<image>\nIs the building open for public access?"
            },
            {
                "from": "gpt",
                "value": "Yes, the Great Wall of China is open to the public. Various sections of the wall, such as Badaling and Mutianyu, are popular tourist destinations and are well-preserved for visitors to explore."
            }
        ]
    },
    {
        "id": "8",
        "image": "downloaded_images/Buildings/Oriental_Pearl_Tower/image_20241017_211154_1.jpg",
        "conversations": [
            {
                "from": "human",
                "value": "<image>\nHow is this building referred to?"
            },
            {
                "from": "gpt",
                "value": "The name of this building is the Oriental Pearl Tower."
            }
        ]
    },
    {
        "id": "9",
        "image": "downloaded_images/Buildings/Oriental_Pearl_Tower/image_20241017_211154_1.jpg",
        "conversations": [
            {
                "from": "human",
                "value": "<image>\nWhat function did this building serve when it was first constructed?"
            },
            {
                "from": "gpt",
                "value": "The original purpose of the Oriental Pearl Tower was to serve as a television and radio broadcasting tower."
            }
        ]
    },
    {
        "id": "10",
        "image": "downloaded_images/Buildings/Eiffel_Tower/image_20241017_212834_5.jpg",
        "conversations": [
            {
                "from": "human",
                "value": "<image>\nHow is this building referred to?"
            },
            {
                "from": "gpt",
                "value": "The name of this building is the Eiffel Tower."
            }
        ]
    },
    {
        "id": "11",
        "image": "downloaded_images/Buildings/Eiffel_Tower/image_20241017_212903_7.jpg",
        "conversations": [
            {
                "from": "human",
                "value": "<image>\nIn which area is this building situated?"
            },
            {
                "from": "gpt",
                "value": "It is located in Paris, France."
            }
        ]
    },
    {
        "id": "12",
        "image": "downloaded_images/Buildings/Eiffel_Tower/image_20241017_212823_4.jpg",
        "conversations": [
            {
                "from": "human",
                "value": "<image>\nWhat function did this building serve when it was first constructed?"
            },
            {
                "from": "gpt",
                "value": "The original purpose of the Eiffel Tower was to serve as the entrance arch for the 1889 Exposition Universelle (World's Fair), which was held to celebrate the 100th anniversary of the French Revolution."
            }
        ]
    },
    {
        "id": "13",
        "image": "downloaded_images/Buildings/Eiffel_Tower/image_20241017_212932_9.jpg",
        "conversations": [
            {
                "from": "human",
                "value": "<image>\nIs the building open for public access?"
            },
            {
                "from": "gpt",
                "value": "Yes, the Eiffel Tower is open to the public and is one of the most visited monuments in the world. Visitors can access various levels of the tower, including observation decks that offer stunning views of Paris."
            }
        ]
    },
    {
        "id": "14",
        "image": "downloaded_images/Buildings/Statue_of_Liberty/image_20241017_214654_17.jpg",
        "conversations": [
            {
                "from": "human",
                "value": "<image>\nHow is this building referred to?"
            },
            {
                "from": "gpt",
                "value": "The name of this building is the Statue of Liberty."
            }
        ]
    },
    {
        "id": "15",
        "image": "downloaded_images/Buildings/Statue_of_Liberty/image_20241017_214424_2.jpg",
        "conversations": [
            {
                "from": "human",
                "value": "<image>\nIn which area is this building situated?"
            },
            {
                "from": "gpt",
                "value": "It is located on Liberty Island in New York Harbor, New York City, United States."
            }
        ]
    },
    {
        "id": "16",
        "image": "downloaded_images/Buildings/Statue_of_Liberty/image_20241017_214654_17.jpg",
        "conversations": [
            {
                "from": "human",
                "value": "<image>\nWhat function did this building serve when it was first constructed?"
            },
            {
                "from": "gpt",
                "value": "The original purpose of the Statue of Liberty was to serve as a symbol of freedom and democracy, commemorating the centennial of the American Declaration of Independence and celebrating the friendship between France and the United States."
            }
        ]
    },
    {
        "id": "17",
        "image": "downloaded_images/Buildings/Statue_of_Liberty/image_20241017_214623_14.jpg",
        "conversations": [
            {
                "from": "human",
                "value": "<image>\nIs the building open for public access?"
            },
            {
                "from": "gpt",
                "value": "Yes, the Statue of Liberty is open to the public. Visitors can access Liberty Island and explore the statue, including the pedestal and, with advance reservations, the crown."
            }
        ]
    },
    {
        "id": "18",
        "image": "downloaded_images/Buildings/Big_Ben/image_20241017_221720_19.jpg",
        "conversations": [
            {
                "from": "human",
                "value": "<image>\nHow is this building referred to?"
            },
            {
                "from": "gpt",
                "value": "The name of this building is Big Ben."
            }
        ]
    },
    {
        "id": "19",
        "image": "downloaded_images/Buildings/Big_Ben/image_20241017_221654_17.jpg",
        "conversations": [
            {
                "from": "human",
                "value": "<image>\nIn which area is this building situated?"
            },
            {
                "from": "gpt",
                "value": "Big Ben is located in London, England, specifically at the north end of the Palace of Westminster."
            }
        ]
    },
    {
        "id": "20",
        "image": "downloaded_images/Buildings/Big_Ben/image_20241017_221529_12.jpg",
        "conversations": [
            {
                "from": "human",
                "value": "<image>\nWhat function did this building serve when it was first constructed?"
            },
            {
                "from": "gpt",
                "value": "The original purpose of Big Ben was to serve as the Great Bell of the clock at the Palace of Westminster, which houses the UK Parliament. The clock tower was designed to keep accurate time for the surrounding area."
            }
        ]
    },
    {
        "id": "21",
        "image": "downloaded_images/Buildings/Big_Ben/image_20241017_221529_12.jpg",
        "conversations": [
            {
                "from": "human",
                "value": "<image>\nIs the building open for public access?"
            },
            {
                "from": "gpt",
                "value": "The clock tower, known as the Elizabeth Tower (which houses Big Ben), is not generally open to the public for tours. However, visitors can view it from the outside, and there are occasional opportunities for guided tours, especially for UK residents who can book in advance."
            }
        ]
    },
    {
        "id": "22",
        "image": "downloaded_images/Buildings/Taj_Mahal/image_20241017_222542_7.jpg",
        "conversations": [
            {
                "from": "human",
                "value": "<image>\nHow is this building referred to?"
            },
            {
                "from": "gpt",
                "value": "The name of this building is the Taj Mahal."
            }
        ]
    },
    {
        "id": "23",
        "image": "downloaded_images/Buildings/Taj_Mahal/image_20241017_222438_2.jpg",
        "conversations": [
            {
                "from": "human",
                "value": "<image>\nIn which area is this building situated?"
            },
            {
                "from": "gpt",
                "value": "The Taj Mahal is located in Agra, India."
            }
        ]
    },
    {
        "id": "24",
        "image": "downloaded_images/Buildings/Taj_Mahal/image_20241017_222619_10.jpg",
        "conversations": [
            {
                "from": "human",
                "value": "<image>\nIs the building open for public access?"
            },
            {
                "from": "gpt",
                "value": "Yes, the Taj Mahal is open to the public and is a popular tourist destination, attracting millions of visitors each year."
            }
        ]
    },
    {
        "id": "25",
        "image": "downloaded_images/Buildings/Colosseum/image_20241017_224928_5.jpg",
        "conversations": [
            {
                "from": "human",
                "value": "<image>\nHow is this building referred to?"
            },
            {
                "from": "gpt",
                "value": "The name of this building is the Colosseum."
            }
        ]
    },
    {
        "id": "26",
        "image": "downloaded_images/Buildings/Colosseum/image_20241017_225127_14.jpg",
        "conversations": [
            {
                "from": "human",
                "value": "<image>\nIn which area is this building situated?"
            },
            {
                "from": "gpt",
                "value": "The Colosseum is located in Rome, Italy."
            }
        ]
    },
    {
        "id": "27",
        "image": "downloaded_images/Buildings/Colosseum/image_20241017_224821_2.jpg",
        "conversations": [
            {
                "from": "human",
                "value": "<image>\nWhat function did this building serve when it was first constructed?"
            },
            {
                "from": "gpt",
                "value": "The original purpose of the Colosseum was to serve as an amphitheater for public spectacles, including gladiatorial contests, animal hunts, and other forms of entertainment."
            }
        ]
    },
    {
        "id": "28",
        "image": "downloaded_images/Buildings/Colosseum/image_20241017_225221_18.jpg",
        "conversations": [
            {
                "from": "human",
                "value": "<image>\nIs the building open for public access?"
            },
            {
                "from": "gpt",
                "value": "Yes, the Colosseum is open to the public and is one of the most popular tourist attractions in Rome, allowing visitors to explore its ancient architecture and learn about its history."
            }
        ]
    },
    {
        "id": "29",
        "image": "downloaded_images/Buildings/Pyramids_of_Giza/image_20241017_225704_4.jpg",
        "conversations": [
            {
                "from": "human",
                "value": "<image>\nHow is this building referred to?"
            },
            {
                "from": "gpt",
                "value": "The name of this building is the Pyramids of Giza."
            }
        ]
    },
    {
        "id": "30",
        "image": "downloaded_images/Buildings/Pyramids_of_Giza/image_20241017_225746_7.jpg",
        "conversations": [
            {
                "from": "human",
                "value": "<image>\nIn which area is this building situated?"
            },
            {
                "from": "gpt",
                "value": "The Pyramids of Giza are located on the Giza Plateau, near Cairo, Egypt."
            }
        ]
    },
    {
        "id": "31",
        "image": "downloaded_images/Buildings/Pyramids_of_Giza/image_20241017_225704_4.jpg",
        "conversations": [
            {
                "from": "human",
                "value": "<image>\nWhat function did this building serve when it was first constructed?"
            },
            {
                "from": "gpt",
                "value": "The original purpose of the Pyramids of Giza was to serve as tombs for the pharaohs of ancient Egypt, specifically for Pharaoh Khufu (the Great Pyramid), Pharaoh Khafre, and Pharaoh Menkaure."
            }
        ]
    },
    {
        "id": "32",
        "image": "downloaded_images/Buildings/Pyramids_of_Giza/image_20241017_225727_6.jpg",
        "conversations": [
            {
                "from": "human",
                "value": "<image>\nIs the building open for public access?"
            },
            {
                "from": "gpt",
                "value": "Yes, the Pyramids of Giza are open to the public, and visitors can explore the site, including the pyramids and the Sphinx, as well as enter some of the tombs."
            }
        ]
    },
    {
        "id": "33",
        "image": "downloaded_images/Buildings/Tower_of_London/image_20241017_230542_5.jpg",
        "conversations": [
            {
                "from": "human",
                "value": "<image>\nHow is this building referred to?"
            },
            {
                "from": "gpt",
                "value": "The name of this building is the Tower of London."
            }
        ]
    },
    {
        "id": "34",
        "image": "downloaded_images/Buildings/Parthenon/image_20241018_000415_7.jpg",
        "conversations": [
            {
                "from": "human",
                "value": "<image>\nHow is this building referred to?"
            },
            {
                "from": "gpt",
                "value": "The name of this building is the Parthenon."
            }
        ]
    },
    {
        "id": "35",
        "image": "downloaded_images/Buildings/Parthenon/image_20241018_000517_12.jpg",
        "conversations": [
            {
                "from": "human",
                "value": "<image>\nIn which area is this building situated?"
            },
            {
                "from": "gpt",
                "value": "The Parthenon is located on the Acropolis of Athens, Greece."
            }
        ]
    },
    {
        "id": "36",
        "image": "downloaded_images/Buildings/Parthenon/image_20241018_000403_6.jpg",
        "conversations": [
            {
                "from": "human",
                "value": "<image>\nWhat function did this building serve when it was first constructed?"
            },
            {
                "from": "gpt",
                "value": "The original purpose of the Parthenon was to serve as a temple dedicated to the goddess Athena, who was considered the patroness of the city of Athens."
            }
        ]
    },
    {
        "id": "37",
        "image": "downloaded_images/Buildings/Parthenon/image_20241018_000501_11.jpg",
        "conversations": [
            {
                "from": "human",
                "value": "<image>\nIs the building open for public access?"
            },
            {
                "from": "gpt",
                "value": "Yes, the Parthenon is open to the public, and visitors can explore the Acropolis site, which includes the Parthenon and other ancient structures. However, access may be subject to certain regulations and hours of operation."
            }
        ]
    },
    {
        "id": "38",
        "image": "downloaded_images/Buildings/Moai_Statues/image_20241106_145912_2.jpg",
        "conversations": [
            {
                "from": "human",
                "value": "<image>\nIn which area is this building situated?"
            },
            {
                "from": "gpt",
                "value": "Easter Island (Rapa Nui), Chile, in the southeastern Pacific Ocean.."
            }
        ]
    },
    {
        "id": "39",
        "image": "downloaded_images/Buildings/Moai_Statues/image_20241106_150002_5.jpg",
        "conversations": [
            {
                "from": "human",
                "value": "<image>\nWhat function did this building serve when it was first constructed?"
            },
            {
                "from": "gpt",
                "value": "The Moai statues were created by the Rapa Nui people as representations of their ancestors. They are believed to be symbols of authority and power, meant to honor important ancestors or chiefs and to serve as spiritual guardians for the island's communities."
            }
        ]
    },
    {
        "id": "40",
        "image": "downloaded_images/Buildings/Moai_Statues/image_20241106_145912_2.jpg",
        "conversations": [
            {
                "from": "human",
                "value": "<image>\nIs the building open for public access?"
            },
            {
                "from": "gpt",
                "value": "Yes, the Moai statues are open to the public. Visitors can see them in various locations across Easter Island, particularly in Rano Raraku, the quarry where many were carved, and on platforms called \"ahu\" around the island. Easter Island is a UNESCO World Heritage site, and public access is regulated to help preserve the statues."
            }
        ]
    },
    {
        "id": "41",
        "image": "downloaded_images/Corporation/Microsoft_Corporation_Logo/image_20241018_121226_4.jpg",
        "conversations": [
            {
                "from": "human",
                "value": "<image>\nWhat year was this corporation founded, and by whom?"
            },
            {
                "from": "gpt",
                "value": "**\n   - Microsoft was founded on April 4, 1975, by Bill Gates and Paul Allen."
            }
        ]
    },
    {
        "id": "42",
        "image": "downloaded_images/Corporation/Microsoft_Corporation_Logo/image_20241018_121435_20.jpg",
        "conversations": [
            {
                "from": "human",
                "value": "<image>\nWhere can the headquarters of this company be found?"
            },
            {
                "from": "gpt",
                "value": "**\n   - Microsoft閳ユ獨 headquarters is located in Redmond, Washington, USA."
            }
        ]
    },
    {
        "id": "43",
        "image": "downloaded_images/Corporation/Microsoft_Corporation_Logo/image_20241018_121217_3.jpg",
        "conversations": [
            {
                "from": "human",
                "value": "<image>\nWhat products or services are central to this company's operations?"
            },
            {
                "from": "gpt",
                "value": "**\n   - Microsoft閳ユ獨 primary products include the Windows operating system, Microsoft Office suite, Azure cloud services, Xbox gaming consoles, and various software and hardware products. They also provide services such as cloud computing, enterprise solutions, and professional services."
            }
        ]
    },
    {
        "id": "44",
        "image": "downloaded_images/Corporation/Microsoft_Corporation_Logo/image_20241018_121217_3.jpg",
        "conversations": [
            {
                "from": "human",
                "value": "<image>\nWhat type of industry does this company belong to?"
            },
            {
                "from": "gpt",
                "value": "**\n   - Microsoft operates in the technology industry, specifically in software development, cloud computing, and consumer electronics."
            }
        ]
    },
    {
        "id": "45",
        "image": "downloaded_images/Corporation/Google_Logo/image_20241018_123414_3.jpg",
        "conversations": [
            {
                "from": "human",
                "value": "<image>\nWhat type of industry does this company belong to?"
            },
            {
                "from": "gpt",
                "value": "Google operates in the technology industry, specifically in areas such as internet services, software development, advertising, and consumer electronics."
            }
        ]
    },
    {
        "id": "46",
        "image": "downloaded_images/Corporation/NVIDIA_Corporation_Logo/image_20241018_124126_20.jpg",
        "conversations": [
            {
                "from": "human",
                "value": "<image>\nHow is this corporation referred to?"
            },
            {
                "from": "gpt",
                "value": "NVIDIA Corporation"
            }
        ]
    },
    {
        "id": "47",
        "image": "downloaded_images/Corporation/NVIDIA_Corporation_Logo/image_20241018_123915_4.jpg",
        "conversations": [
            {
                "from": "human",
                "value": "<image>\nWhat year was this corporation founded, and by whom?"
            },
            {
                "from": "gpt",
                "value": "NVIDIA was founded on April 5, 1993, by Jensen Huang, Chris Malachowsky, and Curtis Priem."
            }
        ]
    },
    {
        "id": "48",
        "image": "downloaded_images/Corporation/NVIDIA_Corporation_Logo/image_20241018_123926_5.jpg",
        "conversations": [
            {
                "from": "human",
                "value": "<image>\nWhere can the headquarters of this company be found?"
            },
            {
                "from": "gpt",
                "value": "NVIDIA's headquarters is located in Santa Clara, California, USA."
            }
        ]
    },
    {
        "id": "49",
        "image": "downloaded_images/Corporation/NVIDIA_Corporation_Logo/image_20241018_123944_7.jpg",
        "conversations": [
            {
                "from": "human",
                "value": "<image>\nWhat products or services are central to this company's operations?"
            },
            {
                "from": "gpt",
                "value": "NVIDIA primarily produces graphics processing units (GPUs) for gaming and professional markets, as well as system-on-a-chip units (SoCs) for mobile computing and automotive market. They also provide AI and deep learning solutions, cloud computing services, and software development tools."
            }
        ]
    },
    {
        "id": "50",
        "image": "downloaded_images/Corporation/NVIDIA_Corporation_Logo/image_20241018_123915_4.jpg",
        "conversations": [
            {
                "from": "human",
                "value": "<image>\nWhat type of industry does this company belong to?"
            },
            {
                "from": "gpt",
                "value": "NVIDIA operates in the technology industry, specifically in the sectors of semiconductor manufacturing, computer hardware, and artificial intelligence."
            }
        ]
    },
    {
        "id": "51",
        "image": "downloaded_images/Corporation/SpaceX_Logo/image_20241018_124450_12.jpg",
        "conversations": [
            {
                "from": "human",
                "value": "<image>\nHow is this corporation referred to?"
            },
            {
                "from": "gpt",
                "value": "The name of the corporation is SpaceX (Space Exploration Technologies Corp.)."
            }
        ]
    },
    {
        "id": "52",
        "image": "downloaded_images/Corporation/SpaceX_Logo/image_20241018_124459_13.jpg",
        "conversations": [
            {
                "from": "human",
                "value": "<image>\nWhat year was this corporation founded, and by whom?"
            },
            {
                "from": "gpt",
                "value": "SpaceX was founded in March 2002 by Elon Musk."
            }
        ]
    },
    {
        "id": "53",
        "image": "downloaded_images/Corporation/SpaceX_Logo/image_20241018_124459_13.jpg",
        "conversations": [
            {
                "from": "human",
                "value": "<image>\nWhere can the headquarters of this company be found?"
            },
            {
                "from": "gpt",
                "value": "SpaceX's headquarters is located in Hawthorne, California, USA."
            }
        ]
    },
    {
        "id": "54",
        "image": "downloaded_images/Corporation/SpaceX_Logo/image_20241018_124433_10.jpg",
        "conversations": [
            {
                "from": "human",
                "value": "<image>\nWhat products or services are central to this company's operations?"
            },
            {
                "from": "gpt",
                "value": "SpaceX's primary products and services include the development and launch of rockets and spacecraft, satellite deployment, and space transportation services. Notable products include the Falcon 1, Falcon 9, Falcon Heavy rockets, and the Dragon spacecraft."
            }
        ]
    },
    {
        "id": "55",
        "image": "downloaded_images/Corporation/SpaceX_Logo/image_20241018_124517_15.jpg",
        "conversations": [
            {
                "from": "human",
                "value": "<image>\nWhat type of industry does this company belong to?"
            },
            {
                "from": "gpt",
                "value": "SpaceX operates in the aerospace industry, specifically focusing on space transportation and exploration."
            }
        ]
    },
    {
        "id": "56",
        "image": "downloaded_images/Corporation/Intel_Logo/image_20241018_124807_1.jpg",
        "conversations": [
            {
                "from": "human",
                "value": "<image>\nHow is this corporation referred to?"
            },
            {
                "from": "gpt",
                "value": "Intel Corporation"
            }
        ]
    },
    {
        "id": "57",
        "image": "downloaded_images/Corporation/Intel_Logo/image_20241018_125118_18.jpg",
        "conversations": [
            {
                "from": "human",
                "value": "<image>\nWhat year was this corporation founded, and by whom?"
            },
            {
                "from": "gpt",
                "value": "Intel was founded on July 18, 1968, by Robert Noyce and Gordon Moore."
            }
        ]
    },
    {
        "id": "58",
        "image": "downloaded_images/Corporation/Intel_Logo/image_20241018_125054_15.jpg",
        "conversations": [
            {
                "from": "human",
                "value": "<image>\nWhere can the headquarters of this company be found?"
            },
            {
                "from": "gpt",
                "value": "Intel's headquarters is located in Santa Clara, California, USA."
            }
        ]
    },
    {
        "id": "59",
        "image": "downloaded_images/Corporation/Intel_Logo/image_20241018_125037_13.jpg",
        "conversations": [
            {
                "from": "human",
                "value": "<image>\nWhat products or services are central to this company's operations?"
            },
            {
                "from": "gpt",
                "value": "Intel primarily produces semiconductor products, including microprocessors, integrated circuits, and other hardware components for computers and electronic devices. They also provide solutions for data centers, Internet of Things (IoT), and artificial intelligence."
            }
        ]
    },
    {
        "id": "60",
        "image": "downloaded_images/Corporation/Intel_Logo/image_20241018_125037_13.jpg",
        "conversations": [
            {
                "from": "human",
                "value": "<image>\nWhat type of industry does this company belong to?"
            },
            {
                "from": "gpt",
                "value": "Intel operates in the semiconductor and technology industry."
            }
        ]
    },
    {
        "id": "61",
        "image": "downloaded_images/Corporation/Apple_Logo/image_20241018_125323_3.jpg",
        "conversations": [
            {
                "from": "human",
                "value": "<image>\nHow is this corporation referred to?"
            },
            {
                "from": "gpt",
                "value": "The name of the corporation is Apple Inc."
            }
        ]
    },
    {
        "id": "62",
        "image": "downloaded_images/Corporation/Apple_Logo/image_20241018_125323_3.jpg",
        "conversations": [
            {
                "from": "human",
                "value": "<image>\nWhat year was this corporation founded, and by whom?"
            },
            {
                "from": "gpt",
                "value": "Apple Inc. was founded on April 1, 1976, by Steve Jobs, Steve Wozniak, and Ronald Wayne."
            }
        ]
    },
    {
        "id": "63",
        "image": "downloaded_images/Corporation/Apple_Logo/image_20241018_125323_3.jpg",
        "conversations": [
            {
                "from": "human",
                "value": "<image>\nWhere can the headquarters of this company be found?"
            },
            {
                "from": "gpt",
                "value": "The headquarters of Apple Inc. is located in Cupertino, California, USA."
            }
        ]
    },
    {
        "id": "64",
        "image": "downloaded_images/Corporation/Apple_Logo/image_20241018_125323_3.jpg",
        "conversations": [
            {
                "from": "human",
                "value": "<image>\nWhat products or services are central to this company's operations?"
            },
            {
                "from": "gpt",
                "value": "Apple Inc. primarily produces consumer electronics, software, and services. Its key products include the iPhone, iPad, Mac computers, Apple Watch, and Apple TV. The company also offers services such as the App Store, Apple Music, iCloud, and Apple Pay."
            }
        ]
    },
    {
        "id": "65",
        "image": "downloaded_images/Corporation/Apple_Logo/image_20241018_125323_3.jpg",
        "conversations": [
            {
                "from": "human",
                "value": "<image>\nWhat type of industry does this company belong to?"
            },
            {
                "from": "gpt",
                "value": "Apple Inc. operates in the technology industry, specifically in consumer electronics, software development, and digital services."
            }
        ]
    },
    {
        "id": "66",
        "image": "downloaded_images/Cartoon/Tom_and_Jerry/image_20241018_094054_2.jpg",
        "conversations": [
            {
                "from": "human",
                "value": "<image>\nHow is this cartoon referred to?"
            },
            {
                "from": "gpt",
                "value": "The title of this cartoon is \"Tom and Jerry.\""
            }
        ]
    },
    {
        "id": "67",
        "image": "downloaded_images/Cartoon/Tom_and_Jerry/image_20241018_094117_5.jpg",
        "conversations": [
            {
                "from": "human",
                "value": "<image>\nWho is responsible for creating this cartoon?"
            },
            {
                "from": "gpt",
                "value": "\"Tom and Jerry\" was created by William Hanna and Joseph Barbera and produced by Metro-Goldwyn-Mayer (MGM)."
            }
        ]
    },
    {
        "id": "68",
        "image": "downloaded_images/Cartoon/Tom_and_Jerry/image_20241018_094117_5.jpg",
        "conversations": [
            {
                "from": "human",
                "value": "<image>\nWhen was the initial airing of this cartoon?"
            },
            {
                "from": "gpt",
                "value": "\"Tom and Jerry\" first premiered on February 10, 1940."
            }
        ]
    },
    {
        "id": "69",
        "image": "downloaded_images/Cartoon/Tom_and_Jerry/image_20241018_094117_5.jpg",
        "conversations": [
            {
                "from": "human",
                "value": "<image>\nWhat characters play central roles in this cartoon?"
            },
            {
                "from": "gpt",
                "value": "The main characters in \"Tom and Jerry\" are Tom, the cat, and Jerry, the mouse."
            }
        ]
    },
    {
        "id": "70",
        "image": "downloaded_images/Cartoon/Tom_and_Jerry/image_20241106_150706_2.jpg",
        "conversations": [
            {
                "from": "human",
                "value": "<image>\nWhat is the basic premise of this cartoon?"
            },
            {
                "from": "gpt",
                "value": "The central storyline of \"Tom and Jerry\" revolves around the comedic rivalry between Tom, a house cat, and Jerry, a clever mouse. The series typically features Tom's attempts to catch Jerry, which often leads to humorous and chaotic situations, showcasing slapstick comedy and clever antics."
            }
        ]
    },
    {
        "id": "71",
        "image": "downloaded_images/Cartoon/Dragon_Ball/image_20241018_100124_8.jpg",
        "conversations": [
            {
                "from": "human",
                "value": "<image>\nHow is this cartoon referred to?"
            },
            {
                "from": "gpt",
                "value": "The title of this cartoon is \"Dragon Ball.\""
            }
        ]
    },
    {
        "id": "72",
        "image": "downloaded_images/Cartoon/Dragon_Ball/image_20241018_100124_8.jpg",
        "conversations": [
            {
                "from": "human",
                "value": "<image>\nWho is responsible for creating this cartoon?"
            },
            {
                "from": "gpt",
                "value": "\"Dragon Ball\" was created by Akira Toriyama and produced by Toei Animation."
            }
        ]
    },
    {
        "id": "73",
        "image": "downloaded_images/Cartoon/Dragon_Ball/image_20241106_151445_2.jpg",
        "conversations": [
            {
                "from": "human",
                "value": "<image>\nWhen was the initial airing of this cartoon?"
            },
            {
                "from": "gpt",
                "value": "\"Dragon Ball\" first aired in Japan on February 26, 1986."
            }
        ]
    },
    {
        "id": "74",
        "image": "downloaded_images/Cartoon/Dragon_Ball/image_20241106_151445_2.jpg",
        "conversations": [
            {
                "from": "human",
                "value": "<image>\nWhat characters play central roles in this cartoon?"
            },
            {
                "from": "gpt",
                "value": "The main characters in \"Dragon Ball\" include Goku, Bulma, Master Roshi, Krillin, and Piccolo, among others."
            }
        ]
    },
    {
        "id": "75",
        "image": "downloaded_images/Cartoon/Dragon_Ball/image_20241106_151513_5.jpg",
        "conversations": [
            {
                "from": "human",
                "value": "<image>\nWhat is the basic premise of this cartoon?"
            },
            {
                "from": "gpt",
                "value": "The central storyline of \"Dragon Ball\" follows the adventures of Goku, a young martial artist with a mysterious past, as he embarks on a quest to find the seven Dragon Balls, which summon a dragon that grants wishes. Throughout his journey, Goku trains in martial arts, makes friends, faces powerful foes, and grows stronger, ultimately becoming a legendary warrior. The series explores themes of friendship, perseverance, and the pursuit of strength."
            }
        ]
    }
]