[
    {
        "id": "1",
        "image": "downloaded_images/Cartoon/One_Piece/image_20241018_100544_1.jpg",
        "conversations": [
            {
                "from": "human",
                "value": "<image>\nWhat do people call this cartoon?"
            },
            {
                "from": "gpt",
                "value": "The title of this cartoon is \"One Piece.\""
            }
        ]
    },
    {
        "id": "2",
        "image": "downloaded_images/Cartoon/One_Piece/image_20241018_100714_12.jpg",
        "conversations": [
            {
                "from": "human",
                "value": "<image>\nWho developed this animated series?"
            },
            {
                "from": "gpt",
                "value": "\"One Piece\" was created by Eiichiro Oda and is produced by Toei Animation."
            }
        ]
    },
    {
        "id": "3",
        "image": "downloaded_images/Cartoon/One_Piece/image_20241018_100651_9.jpg",
        "conversations": [
            {
                "from": "human",
                "value": "<image>\nIn which year did this animated series first appear?"
            },
            {
                "from": "gpt",
                "value": "\"One Piece\" first aired on October 20, 1999."
            }
        ]
    },
    {
        "id": "4",
        "image": "downloaded_images/Cartoon/One_Piece/image_20241018_100651_9.jpg",
        "conversations": [
            {
                "from": "human",
                "value": "<image>\nWho are the key characters featured in this cartoon?"
            },
            {
                "from": "gpt",
                "value": "The main characters include Monkey D. Luffy, Roronoa Zoro, Nami, Usopp, Sanji, Tony Tony Chopper, Nico Robin, Franky, Brook, and Jinbe, among others."
            }
        ]
    },
    {
        "id": "5",
        "image": "downloaded_images/Cartoon/One_Piece/image_20241018_100627_6.jpg",
        "conversations": [
            {
                "from": "human",
                "value": "<image>\nCan you summarize the main storyline of this cartoon?"
            },
            {
                "from": "gpt",
                "value": "The central storyline of \"One Piece\" follows Monkey D. Luffy, a young pirate with the ability to stretch his body like rubber after eating a Devil Fruit. Luffy sets out on a grand adventure to find the legendary treasure known as \"One Piece\" and become the Pirate King. Along the way, he gathers a diverse crew known as the Straw Hat Pirates, faces powerful enemies, and explores various islands and seas in a world filled with pirates, marines, and fantastical creatures."
            }
        ]
    },
    {
        "id": "6",
        "image": "downloaded_images/Cartoon/Naruto/image_20241018_102106_2.jpg",
        "conversations": [
            {
                "from": "human",
                "value": "<image>\nWhat do people call this cartoon?"
            },
            {
                "from": "gpt",
                "value": "The title of this cartoon is \"Naruto.\""
            }
        ]
    },
    {
        "id": "7",
        "image": "downloaded_images/Cartoon/Naruto/image_20241018_102106_2.jpg",
        "conversations": [
            {
                "from": "human",
                "value": "<image>\nWho developed this animated series?"
            },
            {
                "from": "gpt",
                "value": "\"Naruto\" was created by Masashi Kishimoto and produced by Pierrot and TV Tokyo."
            }
        ]
    },
    {
        "id": "8",
        "image": "downloaded_images/Cartoon/Naruto/image_20241018_102148_7.jpg",
        "conversations": [
            {
                "from": "human",
                "value": "<image>\nIn which year did this animated series first appear?"
            },
            {
                "from": "gpt",
                "value": "\"Naruto\" first aired on October 3, 2002."
            }
        ]
    },
    {
        "id": "9",
        "image": "downloaded_images/Cartoon/Naruto/image_20241018_102148_7.jpg",
        "conversations": [
            {
                "from": "human",
                "value": "<image>\nWho are the key characters featured in this cartoon?"
            },
            {
                "from": "gpt",
                "value": "The main characters in \"Naruto\" include Naruto Uzumaki, Sasuke Uchiha, Sakura Haruno, Kakashi Hatake, and many others from the Hidden Leaf Village."
            }
        ]
    },
    {
        "id": "10",
        "image": "downloaded_images/Cartoon/Naruto/image_20241106_153037_9.jpg",
        "conversations": [
            {
                "from": "human",
                "value": "<image>\nCan you summarize the main storyline of this cartoon?"
            },
            {
                "from": "gpt",
                "value": "The central storyline of \"Naruto\" follows Naruto Uzumaki, a young ninja with dreams of becoming the strongest ninja and the leader of his village, known as the Hokage. He seeks recognition and acceptance from his peers while overcoming various challenges, including his own struggles with being the host of the Nine-Tails Fox, a powerful beast that attacked his village in the past. The series explores themes of friendship, perseverance, and the journey of self-discovery."
            }
        ]
    },
    {
        "id": "11",
        "image": "downloaded_images/Cartoon/Attack_on_Titan/image_20241018_102957_1.jpg",
        "conversations": [
            {
                "from": "human",
                "value": "<image>\nWhat do people call this cartoon?"
            },
            {
                "from": "gpt",
                "value": "The title of this cartoon is \"Attack on Titan.\""
            }
        ]
    },
    {
        "id": "12",
        "image": "downloaded_images/Cartoon/Attack_on_Titan/image_20241018_102957_1.jpg",
        "conversations": [
            {
                "from": "human",
                "value": "<image>\nWho developed this animated series?"
            },
            {
                "from": "gpt",
                "value": "\"Attack on Titan\" was created by Hajime Isayama and produced by Wit Studio for the first three seasons, and by MAPPA for the final season."
            }
        ]
    },
    {
        "id": "13",
        "image": "downloaded_images/Cartoon/Attack_on_Titan/image_20241018_102957_1.jpg",
        "conversations": [
            {
                "from": "human",
                "value": "<image>\nIn which year did this animated series first appear?"
            },
            {
                "from": "gpt",
                "value": "\"Attack on Titan\" first aired on September 28, 2013."
            }
        ]
    },
    {
        "id": "14",
        "image": "downloaded_images/Cartoon/Attack_on_Titan/image_20241018_102957_1.jpg",
        "conversations": [
            {
                "from": "human",
                "value": "<image>\nWho are the key characters featured in this cartoon?"
            },
            {
                "from": "gpt",
                "value": "The main characters include Eren Yeager, Mikasa Ackerman, Armin Arlert, Levi Ackerman, and Historia Reiss."
            }
        ]
    },
    {
        "id": "15",
        "image": "downloaded_images/Cartoon/Attack_on_Titan/image_20241018_102957_1.jpg",
        "conversations": [
            {
                "from": "human",
                "value": "<image>\nCan you summarize the main storyline of this cartoon?"
            },
            {
                "from": "gpt",
                "value": "The central storyline of \"Attack on Titan\" revolves around humanity's struggle for survival against gigantic humanoid creatures known as Titans, who devour humans. The story follows Eren Yeager and his friends as they join the military to fight against the Titans and uncover the mysteries surrounding their existence, the walls protecting humanity, and the truth about their world."
            }
        ]
    },
    {
        "id": "16",
        "image": "downloaded_images/Cartoon/Detective_Conan/image_20241018_103636_3.jpg",
        "conversations": [
            {
                "from": "human",
                "value": "<image>\nWhat do people call this cartoon?"
            },
            {
                "from": "gpt",
                "value": "The title of this cartoon is \"Detective Conan.\""
            }
        ]
    },
    {
        "id": "17",
        "image": "downloaded_images/Cartoon/Detective_Conan/image_20241018_103711_7.jpg",
        "conversations": [
            {
                "from": "human",
                "value": "<image>\nWho developed this animated series?"
            },
            {
                "from": "gpt",
                "value": "\"Detective Conan\" was created by Gosho Aoyama and is produced by TMS Entertainment."
            }
        ]
    },
    {
        "id": "18",
        "image": "downloaded_images/Cartoon/Detective_Conan/image_20241018_103735_10.jpg",
        "conversations": [
            {
                "from": "human",
                "value": "<image>\nIn which year did this animated series first appear?"
            },
            {
                "from": "gpt",
                "value": "\"Detective Conan\" first aired on January 17, 1996."
            }
        ]
    },
    {
        "id": "19",
        "image": "downloaded_images/Cartoon/Detective_Conan/image_20241018_103811_14.jpg",
        "conversations": [
            {
                "from": "human",
                "value": "<image>\nWho are the key characters featured in this cartoon?"
            },
            {
                "from": "gpt",
                "value": "The main characters include Shinichi Kudo (Detective Conan), Ran Mouri, Kogoro Mouri, and various supporting characters such as Heiji Hattori and Ai Haibara."
            }
        ]
    },
    {
        "id": "20",
        "image": "downloaded_images/Cartoon/Detective_Conan/image_20241018_103636_3.jpg",
        "conversations": [
            {
                "from": "human",
                "value": "<image>\nCan you summarize the main storyline of this cartoon?"
            },
            {
                "from": "gpt",
                "value": "The central storyline follows Shinichi Kudo, a brilliant teenage detective who is transformed into a child after being poisoned. Adopting the alias \"Conan Edogawa,\" he continues to solve mysteries and crimes while searching for a way to regain his original body and track down the organization responsible for his transformation."
            }
        ]
    },
    {
        "id": "21",
        "image": "downloaded_images/Cartoon/Kimi_no_Na_wa/image_20241018_104445_2.jpg",
        "conversations": [
            {
                "from": "human",
                "value": "<image>\nWhat do people call this cartoon?"
            },
            {
                "from": "gpt",
                "value": "The title of this cartoon is \"Kimi no Na wa,\" which translates to \"Your Name.\""
            }
        ]
    },
    {
        "id": "22",
        "image": "downloaded_images/Cartoon/Sword_Art_Online/image_20241018_105414_8.jpg",
        "conversations": [
            {
                "from": "human",
                "value": "<image>\nWhat do people call this cartoon?"
            },
            {
                "from": "gpt",
                "value": "The title of this cartoon is \"Sword Art Online.\""
            }
        ]
    },
    {
        "id": "23",
        "image": "downloaded_images/Cartoon/Sword_Art_Online/image_20241018_105414_8.jpg",
        "conversations": [
            {
                "from": "human",
                "value": "<image>\nWho developed this animated series?"
            },
            {
                "from": "gpt",
                "value": "\"Sword Art Online\" was created by Reki Kawahara and produced by A-1 Pictures."
            }
        ]
    },
    {
        "id": "24",
        "image": "downloaded_images/Cartoon/Sword_Art_Online/image_20241018_105406_7.jpg",
        "conversations": [
            {
                "from": "human",
                "value": "<image>\nWho are the key characters featured in this cartoon?"
            },
            {
                "from": "gpt",
                "value": "The main characters in \"Sword Art Online\" include Kirito (Kazuto Kirigaya), Asuna (Asuna Yuuki), and several others such as Klein, Sinon, and Leafa."
            }
        ]
    },
    {
        "id": "25",
        "image": "downloaded_images/Cartoon/Sword_Art_Online/image_20241018_105250_1.jpg",
        "conversations": [
            {
                "from": "human",
                "value": "<image>\nCan you summarize the main storyline of this cartoon?"
            },
            {
                "from": "gpt",
                "value": "The central storyline of \"Sword Art Online\" revolves around players who become trapped in a virtual reality MMORPG (Massively Multiplayer Online Role-Playing Game) called Sword Art Online. If they die in the game, they die in real life. The protagonist, Kirito, must navigate this dangerous world, form alliances, and find a way to escape while uncovering the mysteries of the game and its creator."
            }
        ]
    },
    {
        "id": "26",
        "image": "downloaded_images/Cartoon/5_Centimeters_per_Second/image_20241018_110250_2.jpg",
        "conversations": [
            {
                "from": "human",
                "value": "<image>\nWhat do people call this cartoon?"
            },
            {
                "from": "gpt",
                "value": "The title of this cartoon is \"5 Centimeters per Second.\""
            }
        ]
    },
    {
        "id": "27",
        "image": "downloaded_images/Cartoon/5_Centimeters_per_Second/image_20241018_110250_2.jpg",
        "conversations": [
            {
                "from": "human",
                "value": "<image>\nWho developed this animated series?"
            },
            {
                "from": "gpt",
                "value": "\"5 Centimeters per Second\" was created and directed by Makoto Shinkai and produced by CoMix Wave Films."
            }
        ]
    },
    {
        "id": "28",
        "image": "downloaded_images/Cartoon/5_Centimeters_per_Second/image_20241018_110250_2.jpg",
        "conversations": [
            {
                "from": "human",
                "value": "<image>\nIn which year did this animated series first appear?"
            },
            {
                "from": "gpt",
                "value": "The film was first released on March 3, 2007."
            }
        ]
    },
    {
        "id": "29",
        "image": "downloaded_images/Cartoon/5_Centimeters_per_Second/image_20241018_110250_2.jpg",
        "conversations": [
            {
                "from": "human",
                "value": "<image>\nCan you summarize the main storyline of this cartoon?"
            },
            {
                "from": "gpt",
                "value": "The central storyline of \"5 Centimeters per Second\" follows the emotional journey of Takaki T鑹抧o as he navigates his feelings for Akari Shinohara, a girl he loved during childhood. The film explores themes of distance, time, and the impact of growing up, depicting how their lives drift apart despite their deep connection. The narrative is divided into three segments, illustrating the passage of time and the bittersweet nature of love and longing."
            }
        ]
    },
    {
        "id": "30",
        "image": "downloaded_images/Cartoon/Pokémon/image_20241018_110654_1.jpg",
        "conversations": [
            {
                "from": "human",
                "value": "<image>\nWhat do people call this cartoon?"
            },
            {
                "from": "gpt",
                "value": "The title of the cartoon is \"Pok鑼卪on.\""
            }
        ]
    },
    {
        "id": "31",
        "image": "downloaded_images/Cartoon/Pokémon/image_20241018_110654_1.jpg",
        "conversations": [
            {
                "from": "human",
                "value": "<image>\nWho developed this animated series?"
            },
            {
                "from": "gpt",
                "value": "\"Pok鑼卪on\" was created by Satoshi Tajiri and Ken Sugimori, and it is produced by OLM, Inc. (formerly known as Shogakukan Productions)."
            }
        ]
    },
    {
        "id": "32",
        "image": "downloaded_images/Cartoon/Pokémon/image_20241018_110822_9.jpg",
        "conversations": [
            {
                "from": "human",
                "value": "<image>\nIn which year did this animated series first appear?"
            },
            {
                "from": "gpt",
                "value": "The Pok鑼卪on anime first aired in Japan on April 1, 1997."
            }
        ]
    },
    {
        "id": "33",
        "image": "downloaded_images/Cartoon/Pokémon/image_20241018_110822_9.jpg",
        "conversations": [
            {
                "from": "human",
                "value": "<image>\nWho are the key characters featured in this cartoon?"
            },
            {
                "from": "gpt",
                "value": "The main characters include Ash Ketchum (Satoshi in Japan), Pikachu, Misty (Kasumi), and Brock (Takeshi). Other recurring characters include Team Rocket members Jessie, James, and Meowth."
            }
        ]
    },
    {
        "id": "34",
        "image": "downloaded_images/Cartoon/Pokémon/image_20241018_110654_1.jpg",
        "conversations": [
            {
                "from": "human",
                "value": "<image>\nCan you summarize the main storyline of this cartoon?"
            },
            {
                "from": "gpt",
                "value": "The central storyline follows Ash Ketchum, a Pok鑼卪on Trainer, as he travels through various regions to become a Pok鑼卪on Master. Along the way, he captures and trains Pok鑼卪on, competes in battles, and participates in Pok鑼卪on Leagues, all while encountering friends, rivals, and the villainous Team Rocket. The series emphasizes themes of friendship, adventure, and the bond between trainers and their Pok鑼卪on."
            }
        ]
    },
    {
        "id": "35",
        "image": "downloaded_images/Cartoon/Himouto!_Umaru-chan/image_20241018_111826_11.jpg",
        "conversations": [
            {
                "from": "human",
                "value": "<image>\nWhat do people call this cartoon?"
            },
            {
                "from": "gpt",
                "value": "**\n   - The title of this cartoon is \"Himouto! Umaru-chan.\""
            }
        ]
    },
    {
        "id": "36",
        "image": "downloaded_images/Cartoon/Himouto!_Umaru-chan/image_20241018_111826_11.jpg",
        "conversations": [
            {
                "from": "human",
                "value": "<image>\nWho developed this animated series?"
            },
            {
                "from": "gpt",
                "value": "**\n   - \"Himouto! Umaru-chan\" was created by Sankaku Head and produced by the animation studio Doga Kobo."
            }
        ]
    },
    {
        "id": "37",
        "image": "downloaded_images/Cartoon/Himouto!_Umaru-chan/image_20241018_111641_1.jpg",
        "conversations": [
            {
                "from": "human",
                "value": "<image>\nWho are the key characters featured in this cartoon?"
            },
            {
                "from": "gpt",
                "value": "**\n   - The main characters include Umaru Doma, her older brother Taihei Doma, and their friends, including Kirie Motoba and Sylphynford Tachibana."
            }
        ]
    },
    {
        "id": "38",
        "image": "downloaded_images/Cartoon/Himouto!_Umaru-chan/image_20241018_111706_4.jpg",
        "conversations": [
            {
                "from": "human",
                "value": "<image>\nCan you summarize the main storyline of this cartoon?"
            },
            {
                "from": "gpt",
                "value": "**\n   - The central storyline revolves around Umaru Doma, a seemingly perfect high school girl who leads a double life. While she appears to be an ideal student and model citizen at school, at home, she transforms into a lazy, otaku girl who enjoys playing video games, eating junk food, and watching anime. The series humorously explores her interactions with her brother and friends as they navigate the challenges of her dual life."
            }
        ]
    },
    {
        "id": "39",
        "image": "downloaded_images/Cartoon/The_Garden_of_Words/image_20241018_112412_12.jpg",
        "conversations": [
            {
                "from": "human",
                "value": "<image>\nWhat do people call this cartoon?"
            },
            {
                "from": "gpt",
                "value": "The title of this cartoon is \"The Garden of Words.\""
            }
        ]
    },
    {
        "id": "40",
        "image": "downloaded_images/Cartoon/The_Garden_of_Words/image_20241106_162740_4.jpg",
        "conversations": [
            {
                "from": "human",
                "value": "<image>\nCan you summarize the main storyline of this cartoon?"
            },
            {
                "from": "gpt",
                "value": "The central storyline of \"The Garden of Words\" revolves around the chance meetings between Takao and Yukari in a beautiful garden during rainy days. As they share their thoughts and feelings, they develop a deep emotional connection, exploring themes of loneliness, love, and the complexities of human relationships."
            }
        ]
    },
    {
        "id": "41",
        "image": "downloaded_images/Cartoon/The_Simpsons/image_20241018_112916_20.jpg",
        "conversations": [
            {
                "from": "human",
                "value": "<image>\nWhat do people call this cartoon?"
            },
            {
                "from": "gpt",
                "value": "The title of this cartoon is \"The Simpsons.\""
            }
        ]
    },
    {
        "id": "42",
        "image": "downloaded_images/Cartoon/The_Simpsons/image_20241018_112636_1.jpg",
        "conversations": [
            {
                "from": "human",
                "value": "<image>\nWho developed this animated series?"
            },
            {
                "from": "gpt",
                "value": "\"The Simpsons\" was created by Matt Groening and produced by Fox Broadcasting Company."
            }
        ]
    },
    {
        "id": "43",
        "image": "downloaded_images/Cartoon/The_Simpsons/image_20241018_112636_1.jpg",
        "conversations": [
            {
                "from": "human",
                "value": "<image>\nIn which year did this animated series first appear?"
            },
            {
                "from": "gpt",
                "value": "\"The Simpsons\" first aired on December 17, 1989."
            }
        ]
    },
    {
        "id": "44",
        "image": "downloaded_images/Cartoon/The_Simpsons/image_20241107_093356_1.jpg",
        "conversations": [
            {
                "from": "human",
                "value": "<image>\nWho are the key characters featured in this cartoon?"
            },
            {
                "from": "gpt",
                "value": "The main characters in \"The Simpsons\" include Homer Simpson, Marge Simpson, Bart Simpson, Lisa Simpson, and Maggie Simpson."
            }
        ]
    },
    {
        "id": "45",
        "image": "downloaded_images/Cartoon/The_Simpsons/image_20241107_093356_1.jpg",
        "conversations": [
            {
                "from": "human",
                "value": "<image>\nCan you summarize the main storyline of this cartoon?"
            },
            {
                "from": "gpt",
                "value": "The central storyline of \"The Simpsons\" revolves around the Simpson family, a dysfunctional family living in the fictional town of Springfield. The show satirizes American culture, society, and television, often addressing various social issues through humor and parody. Each episode typically follows the family's misadventures and interactions with a wide array of supporting characters."
            }
        ]
    },
    {
        "id": "46",
        "image": "downloaded_images/Cartoon/Rick_and_Morty/image_20241107_094036_2.jpg",
        "conversations": [
            {
                "from": "human",
                "value": "<image>\nWho developed this animated series?"
            },
            {
                "from": "gpt",
                "value": "\"Rick and Morty\" was created by Justin Roiland and Dan Harmon."
            }
        ]
    },
    {
        "id": "47",
        "image": "downloaded_images/Cartoon/Rick_and_Morty/image_20241107_094026_1.jpg",
        "conversations": [
            {
                "from": "human",
                "value": "<image>\nIn which year did this animated series first appear?"
            },
            {
                "from": "gpt",
                "value": "The cartoon first premiered on December 2, 2013."
            }
        ]
    },
    {
        "id": "48",
        "image": "downloaded_images/Cartoon/Rick_and_Morty/image_20241107_094026_1.jpg",
        "conversations": [
            {
                "from": "human",
                "value": "<image>\nWho are the key characters featured in this cartoon?"
            },
            {
                "from": "gpt",
                "value": "The main characters are Rick Sanchez, a genius but reckless scientist, and his good-hearted but easily influenced grandson, Morty Smith."
            }
        ]
    },
    {
        "id": "49",
        "image": "downloaded_images/Cartoon/Rick_and_Morty/image_20241107_094315_20.jpg",
        "conversations": [
            {
                "from": "human",
                "value": "<image>\nCan you summarize the main storyline of this cartoon?"
            },
            {
                "from": "gpt",
                "value": "The central storyline follows the misadventures of Rick and Morty as they travel across the multiverse, exploring bizarre worlds and encountering strange creatures, all while dealing with the complexities of family dynamics and the consequences of their actions."
            }
        ]
    }
]