[
    {
        "id": "1",
        "image": "downloaded_images/Movies/Interstellar/image_20241018_142946_2.jpg",
        "conversations": [
            {
                "from": "human",
                "value": "<image>\nWhat do people call this film?"
            },
            {
                "from": "gpt",
                "value": "The title of the movie is \"Interstellar.\""
            }
        ]
    },
    {
        "id": "2",
        "image": "downloaded_images/Movies/Interstellar/image_20241018_142957_3.jpg",
        "conversations": [
            {
                "from": "human",
                "value": "<image>\nWho helmed this film?"
            },
            {
                "from": "gpt",
                "value": "The film was directed by Christopher Nolan."
            }
        ]
    },
    {
        "id": "3",
        "image": "downloaded_images/Movies/Interstellar/image_20241107_115225_1.jpg",
        "conversations": [
            {
                "from": "human",
                "value": "<image>\nWhat is the release date of this film?"
            },
            {
                "from": "gpt",
                "value": "\"Interstellar\" was released on November 7, 2014."
            }
        ]
    },
    {
        "id": "4",
        "image": "downloaded_images/Movies/Interstellar/image_20241107_115225_1.jpg",
        "conversations": [
            {
                "from": "human",
                "value": "<image>\nWhich actors or actresses are featured prominently in this film?"
            },
            {
                "from": "gpt",
                "value": "The main actors in \"Interstellar\" include Matthew McConaughey, Anne Hathaway, Jessica Chastain, Michael Caine, and Matt Damon."
            }
        ]
    },
    {
        "id": "5",
        "image": "downloaded_images/Movies/Interstellar/image_20241107_115225_1.jpg",
        "conversations": [
            {
                "from": "human",
                "value": "<image>\nWhat is the basic storyline of this film?"
            },
            {
                "from": "gpt",
                "value": "\"Interstellar\" follows a group of astronauts who embark on a journey through a wormhole near Saturn in search of a new habitable planet for humanity, as Earth faces ecological collapse. The film explores themes of love, sacrifice, and the complexities of time and space, as the protagonist, Cooper, struggles to save humanity while also trying to maintain a connection with his daughter back on Earth."
            }
        ]
    },
    {
        "id": "6",
        "image": "downloaded_images/Movies/The_Truman_Show/image_20241018_143529_2.jpg",
        "conversations": [
            {
                "from": "human",
                "value": "<image>\nWhat do people call this film?"
            },
            {
                "from": "gpt",
                "value": "The Truman Show"
            }
        ]
    },
    {
        "id": "7",
        "image": "downloaded_images/Movies/The_Truman_Show/image_20241018_143517_1.jpg",
        "conversations": [
            {
                "from": "human",
                "value": "<image>\nWhich actors or actresses are featured prominently in this film?"
            },
            {
                "from": "gpt",
                "value": "The main actors include Jim Carrey (as Truman Burbank), Ed Harris (as Christof), Laura Linney (as Meryl), and Noah Emmerich (as Marlon)."
            }
        ]
    },
    {
        "id": "8",
        "image": "downloaded_images/Movies/The_Truman_Show/image_20241018_143517_1.jpg",
        "conversations": [
            {
                "from": "human",
                "value": "<image>\nWhat is the basic storyline of this film?"
            },
            {
                "from": "gpt",
                "value": "The Truman Show follows the life of Truman Burbank, an ordinary man who is unaware that his entire life is a reality television show broadcasted to the world. From birth, he has been the star of the show, living in a constructed town called Seahaven, where everyone around him is an actor. As Truman begins to notice inconsistencies in his world and questions his reality, he embarks on a journey to discover the truth about his life and the nature of his existence."
            }
        ]
    },
    {
        "id": "9",
        "image": "downloaded_images/Movies/Flipped/image_20241107_120503_1.jpg",
        "conversations": [
            {
                "from": "human",
                "value": "<image>\nWhat do people call this film?"
            },
            {
                "from": "gpt",
                "value": "The title of the movie is \"Flipped.\""
            }
        ]
    },
    {
        "id": "10",
        "image": "downloaded_images/Movies/Flipped/image_20241018_144114_3.jpg",
        "conversations": [
            {
                "from": "human",
                "value": "<image>\nWho helmed this film?"
            },
            {
                "from": "gpt",
                "value": "The film was directed by Rob Reiner."
            }
        ]
    },
    {
        "id": "11",
        "image": "downloaded_images/Movies/Flipped/image_20241107_120532_4.jpg",
        "conversations": [
            {
                "from": "human",
                "value": "<image>\nWhat is the basic storyline of this film?"
            },
            {
                "from": "gpt",
                "value": "\"Flipped\" is a coming-of-age romantic comedy-drama that follows the story of two young neighbors, Juli Baker and Bryce Loski, from their childhood through their early teenage years. The film explores their evolving relationship as Juli has a crush on Bryce, while Bryce initially struggles with his feelings for her. The story is told from both Juli's and Bryce's perspectives, highlighting themes of love, friendship, and the challenges of growing up."
            }
        ]
    },
    {
        "id": "12",
        "image": "downloaded_images/Movies/The_Lion_King/image_20241018_144721_3.jpg",
        "conversations": [
            {
                "from": "human",
                "value": "<image>\nWhat do people call this film?"
            },
            {
                "from": "gpt",
                "value": "The Lion King"
            }
        ]
    },
    {
        "id": "13",
        "image": "downloaded_images/Movies/The_Lion_King/image_20241018_144721_3.jpg",
        "conversations": [
            {
                "from": "human",
                "value": "<image>\nWhat is the release date of this film?"
            },
            {
                "from": "gpt",
                "value": "The Lion King was released on June 15, 1994."
            }
        ]
    },
    {
        "id": "14",
        "image": "downloaded_images/Movies/The_Lion_King/image_20241107_121254_3.jpg",
        "conversations": [
            {
                "from": "human",
                "value": "<image>\nWhich actors or actresses are featured prominently in this film?"
            },
            {
                "from": "gpt",
                "value": "The main voice actors include Matthew Broderick (Simba), James Earl Jones (Mufasa), Jeremy Irons (Scar), Moira Kelly (Nala), and Whoopi Goldberg (Shenzi)."
            }
        ]
    },
    {
        "id": "15",
        "image": "downloaded_images/Movies/The_Lion_King/image_20241107_121303_4.jpg",
        "conversations": [
            {
                "from": "human",
                "value": "<image>\nWhat is the basic storyline of this film?"
            },
            {
                "from": "gpt",
                "value": "The Lion King follows the journey of a young lion named Simba, who is the heir to the throne of the Pride Lands. After the death of his father, Mufasa, at the hands of his uncle Scar, Simba is manipulated into fleeing his home. As he grows up in exile, he learns about responsibility and courage. Eventually, he returns to reclaim his rightful place as king and confronts Scar, leading to a battle for the future of the Pride Lands. The film explores themes of identity, loss, and redemption."
            }
        ]
    },
    {
        "id": "16",
        "image": "downloaded_images/Movies/Saving_Private_Ryan/image_20241018_145221_1.jpg",
        "conversations": [
            {
                "from": "human",
                "value": "<image>\nWhat do people call this film?"
            },
            {
                "from": "gpt",
                "value": "The title of the movie is \"Saving Private Ryan.\""
            }
        ]
    },
    {
        "id": "17",
        "image": "downloaded_images/Movies/Saving_Private_Ryan/image_20241018_145221_1.jpg",
        "conversations": [
            {
                "from": "human",
                "value": "<image>\nWho helmed this film?"
            },
            {
                "from": "gpt",
                "value": "The film was directed by Steven Spielberg."
            }
        ]
    },
    {
        "id": "18",
        "image": "downloaded_images/Movies/Saving_Private_Ryan/image_20241107_122016_1.jpg",
        "conversations": [
            {
                "from": "human",
                "value": "<image>\nWhat is the release date of this film?"
            },
            {
                "from": "gpt",
                "value": "\"Saving Private Ryan\" was released on July 24, 1998."
            }
        ]
    },
    {
        "id": "19",
        "image": "downloaded_images/Movies/Saving_Private_Ryan/image_20241107_122016_1.jpg",
        "conversations": [
            {
                "from": "human",
                "value": "<image>\nWhich actors or actresses are featured prominently in this film?"
            },
            {
                "from": "gpt",
                "value": "The main actors in the film include Tom Hanks, Matt Damon, Tom Sizemore, Edward Burns, and Vin Diesel."
            }
        ]
    },
    {
        "id": "20",
        "image": "downloaded_images/Movies/Saving_Private_Ryan/image_20241018_145351_11.jpg",
        "conversations": [
            {
                "from": "human",
                "value": "<image>\nWhat is the basic storyline of this film?"
            },
            {
                "from": "gpt",
                "value": "The central plot of \"Saving Private Ryan\" revolves around a group of U.S. soldiers during World War II who are tasked with finding and bringing home Private James Ryan, the last surviving brother of four servicemen. The film begins with the D-Day invasion of Normandy and follows Captain Miller (played by Tom Hanks) and his squad as they navigate the horrors of war to locate Ryan, who is paratrooping somewhere in France. The film is renowned for its realistic portrayal of combat and the sacrifices made by soldiers during the war."
            }
        ]
    },
    {
        "id": "21",
        "image": "downloaded_images/Personage/Trump/image_2.jpg",
        "conversations": [
            {
                "from": "human",
                "value": "<image>\nWhat do people call this individual?"
            },
            {
                "from": "gpt",
                "value": "Donald Trump"
            }
        ]
    },
    {
        "id": "22",
        "image": "downloaded_images/Personage/Trump/image_20241016_111258_4.jpg",
        "conversations": [
            {
                "from": "human",
                "value": "<image>\nCan you tell me the date and place of this person's birth?"
            },
            {
                "from": "gpt",
                "value": "Donald Trump was born on June 14, 1946, in Queens, New York City, New York, USA."
            }
        ]
    },
    {
        "id": "23",
        "image": "downloaded_images/Personage/Trump/image_20241016_110752_3.jpg",
        "conversations": [
            {
                "from": "human",
                "value": "<image>\nWhat line of work is this individual in?"
            },
            {
                "from": "gpt",
                "value": "Donald Trump is a businessman, television personality, and politician. He is known for being the 45th President of the United States."
            }
        ]
    },
    {
        "id": "24",
        "image": "downloaded_images/Personage/Trump/image_20241015_214122_5.jpg",
        "conversations": [
            {
                "from": "human",
                "value": "<image>\nCan you list some of this person's significant works?"
            },
            {
                "from": "gpt",
                "value": "Donald Trump is known for his real estate developments, including Trump Tower in New York City.\n   - He gained fame as the host of the reality television show \"The Apprentice.\"\n   - He served as the President of the United States from January 20, 2017, to January 20, 2021.\n   - His administration is noted for tax reform, deregulation, and the appointment of three Supreme Court justices."
            }
        ]
    },
    {
        "id": "25",
        "image": "downloaded_images/Personage/Trump/image_9.jpg",
        "conversations": [
            {
                "from": "human",
                "value": "<image>\nIn what ways has this individual influenced their industry or society?"
            },
            {
                "from": "gpt",
                "value": "In the real estate industry, Trump has been influential in popularizing luxury real estate and branding.\n   - His presidency focused on economic policies that aimed to stimulate job growth and reduce unemployment rates prior to the COVID-19 pandemic.\n   - He has been a polarizing figure in American politics, influencing political discourse and the Republican Party's direction.\n   - Trump's advocacy for certain policies, such as criminal justice reform and veterans' affairs, has had lasting impacts on those areas."
            }
        ]
    },
    {
        "id": "26",
        "image": "downloaded_images/Personage/Elon_Musk/image_20241016_194643_18.jpg",
        "conversations": [
            {
                "from": "human",
                "value": "<image>\nWhat do people call this individual?"
            },
            {
                "from": "gpt",
                "value": "Elon Musk"
            }
        ]
    },
    {
        "id": "27",
        "image": "downloaded_images/Personage/Elon_Musk/image_20241018_150454_11.jpg",
        "conversations": [
            {
                "from": "human",
                "value": "<image>\nCan you tell me the date and place of this person's birth?"
            },
            {
                "from": "gpt",
                "value": "Elon Musk was born on June 28, 1971, in Pretoria, South Africa."
            }
        ]
    },
    {
        "id": "28",
        "image": "downloaded_images/Personage/Elon_Musk/image_20241016_145940_9.jpg",
        "conversations": [
            {
                "from": "human",
                "value": "<image>\nWhat line of work is this individual in?"
            },
            {
                "from": "gpt",
                "value": "Elon Musk is an entrepreneur, engineer, and inventor."
            }
        ]
    },
    {
        "id": "29",
        "image": "downloaded_images/Personage/Elon_Musk/image_20241016_145829_1.jpg",
        "conversations": [
            {
                "from": "human",
                "value": "<image>\nCan you list some of this person's significant works?"
            },
            {
                "from": "gpt",
                "value": "Elon Musk is known for founding and leading several high-profile companies, including:\n   - Tesla, Inc., an electric vehicle and clean energy company.\n   - SpaceX, a private aerospace manufacturer and space transportation company.\n   - Neuralink, a neurotechnology company focused on developing brain-computer interfaces.\n   - The Boring Company, which focuses on tunnel construction and infrastructure.\n   - Co-founding PayPal, an online payment system."
            }
        ]
    },
    {
        "id": "30",
        "image": "downloaded_images/Personage/Elon_Musk/image_20241018_150621_21.jpg",
        "conversations": [
            {
                "from": "human",
                "value": "<image>\nIn what ways has this individual influenced their industry or society?"
            },
            {
                "from": "gpt",
                "value": "Elon Musk has made significant contributions to various industries, including:\n   - Advancing electric vehicles and renewable energy through Tesla, promoting sustainable transportation and energy solutions.\n   - Revolutionizing space travel with SpaceX, reducing the cost of space exploration and aiming for Mars colonization.\n   - Innovating in transportation with the Hyperloop concept and developing tunneling technologies to alleviate urban congestion.\n   - Pioneering advancements in artificial intelligence and brain-computer interfaces with Neuralink, potentially transforming healthcare and human capabilities.\n   - Advocating for the use of solar energy and battery storage, contributing to the fight against climate change."
            }
        ]
    },
    {
        "id": "31",
        "image": "downloaded_images/Personage/Bill_Gates/image_20241018_151154_21.jpg",
        "conversations": [
            {
                "from": "human",
                "value": "<image>\nWhat do people call this individual?"
            },
            {
                "from": "gpt",
                "value": "Bill Gates"
            }
        ]
    },
    {
        "id": "32",
        "image": "downloaded_images/Personage/Bill_Gates/image_20241018_150842_1.jpg",
        "conversations": [
            {
                "from": "human",
                "value": "<image>\nCan you tell me the date and place of this person's birth?"
            },
            {
                "from": "gpt",
                "value": "Bill Gates was born on October 28, 1955, in Seattle, Washington, USA."
            }
        ]
    },
    {
        "id": "33",
        "image": "downloaded_images/Personage/Bill_Gates/image_20241018_150842_1.jpg",
        "conversations": [
            {
                "from": "human",
                "value": "<image>\nWhat line of work is this individual in?"
            },
            {
                "from": "gpt",
                "value": "Bill Gates is a business magnate, software developer, philanthropist, and author."
            }
        ]
    },
    {
        "id": "34",
        "image": "downloaded_images/Personage/Bill_Gates/image_20241016_153243_3.jpg",
        "conversations": [
            {
                "from": "human",
                "value": "<image>\nCan you list some of this person's significant works?"
            },
            {
                "from": "gpt",
                "value": "Bill Gates is best known as the co-founder of Microsoft Corporation, which revolutionized personal computing with its software products, particularly the Windows operating system and Microsoft Office suite. He has also authored several books, including \"The Road Ahead\" and \"Business @ the Speed of Thought.\""
            }
        ]
    },
    {
        "id": "35",
        "image": "downloaded_images/Personage/Bill_Gates/image_20241016_153243_3.jpg",
        "conversations": [
            {
                "from": "human",
                "value": "<image>\nIn what ways has this individual influenced their industry or society?"
            },
            {
                "from": "gpt",
                "value": "Bill Gates has made significant contributions to the technology industry through the development of software that has become integral to personal and business computing. Beyond his work in technology, he is a prominent philanthropist, having established the Bill & Melinda Gates Foundation, which focuses on global health, education, and poverty alleviation. His efforts have led to advancements in vaccine development, disease eradication, and educational initiatives, impacting millions of lives worldwide."
            }
        ]
    },
    {
        "id": "36",
        "image": "downloaded_images/Personage/Leonardo_DiCaprio/image_20241018_151635_13.jpg",
        "conversations": [
            {
                "from": "human",
                "value": "<image>\nWhat do people call this individual?"
            },
            {
                "from": "gpt",
                "value": "Leonardo DiCaprio"
            }
        ]
    },
    {
        "id": "37",
        "image": "downloaded_images/Personage/Leonardo_DiCaprio/image_20241018_151635_13.jpg",
        "conversations": [
            {
                "from": "human",
                "value": "<image>\nCan you tell me the date and place of this person's birth?"
            },
            {
                "from": "gpt",
                "value": "Leonardo DiCaprio was born on November 11, 1974, in Los Angeles, California, USA."
            }
        ]
    },
    {
        "id": "38",
        "image": "downloaded_images/Personage/Leonardo_DiCaprio/image_20241018_151739_21.jpg",
        "conversations": [
            {
                "from": "human",
                "value": "<image>\nWhat line of work is this individual in?"
            },
            {
                "from": "gpt",
                "value": "Leonardo DiCaprio is an actor and film producer."
            }
        ]
    },
    {
        "id": "39",
        "image": "downloaded_images/Personage/Leonardo_DiCaprio/image_20241018_151627_12.jpg",
        "conversations": [
            {
                "from": "human",
                "value": "<image>\nCan you list some of this person's significant works?"
            },
            {
                "from": "gpt",
                "value": "Leonardo DiCaprio is known for his roles in numerous critically acclaimed films, including \"Titanic,\" \"Inception,\" \"The Wolf of Wall Street,\" \"The Revenant,\" for which he won an Academy Award for Best Actor, and \"Once Upon a Time in Hollywood.\" He has received multiple awards, including Golden Globe Awards and BAFTA Awards, and is recognized as one of the leading actors of his generation."
            }
        ]
    },
    {
        "id": "40",
        "image": "downloaded_images/Personage/Leonardo_DiCaprio/image_20241018_151635_13.jpg",
        "conversations": [
            {
                "from": "human",
                "value": "<image>\nIn what ways has this individual influenced their industry or society?"
            },
            {
                "from": "gpt",
                "value": "Beyond his acting career, Leonardo DiCaprio is a prominent environmental activist. He founded the Leonardo DiCaprio Foundation in 1998, which focuses on global warming, preserving Earth's biodiversity, and supporting renewable energy. He has produced documentaries and films that raise awareness about climate change and environmental issues, such as \"Before the Flood.\" His advocacy work has significantly contributed to the conversation around environmental protection and sustainability."
            }
        ]
    },
    {
        "id": "41",
        "image": "downloaded_images/Personage/Benedict_Cumberbatch/image_20241018_152232_13.jpg",
        "conversations": [
            {
                "from": "human",
                "value": "<image>\nWhat do people call this individual?"
            },
            {
                "from": "gpt",
                "value": "Benedict Cumberbatch"
            }
        ]
    },
    {
        "id": "42",
        "image": "downloaded_images/Personage/Benedict_Cumberbatch/image_20241018_152257_16.jpg",
        "conversations": [
            {
                "from": "human",
                "value": "<image>\nCan you tell me the date and place of this person's birth?"
            },
            {
                "from": "gpt",
                "value": "Benedict Cumberbatch was born on July 19, 1976, in London, England."
            }
        ]
    },
    {
        "id": "43",
        "image": "downloaded_images/Personage/Benedict_Cumberbatch/image_20241018_152053_5.jpg",
        "conversations": [
            {
                "from": "human",
                "value": "<image>\nWhat line of work is this individual in?"
            },
            {
                "from": "gpt",
                "value": "Benedict Cumberbatch is an actor and producer."
            }
        ]
    },
    {
        "id": "44",
        "image": "downloaded_images/Personage/Benedict_Cumberbatch/image_20241018_152034_3.jpg",
        "conversations": [
            {
                "from": "human",
                "value": "<image>\nCan you list some of this person's significant works?"
            },
            {
                "from": "gpt",
                "value": "Benedict Cumberbatch is known for his roles in various films and television series, including:\n   - Sherlock (2010-2017), where he played the titular character, Sherlock Holmes.\n   - The Imitation Game (2014), for which he received an Academy Award nomination for Best Actor.\n   - Doctor Strange (2016) and its sequels, where he portrays the Marvel character Stephen Strange.\n   - Other notable films include The Fifth Estate (2013), 12 Years a Slave (2013), and The Power of the Dog (2021), which earned him another Academy Award nomination."
            }
        ]
    },
    {
        "id": "45",
        "image": "downloaded_images/Personage/Benedict_Cumberbatch/image_20241018_152034_3.jpg",
        "conversations": [
            {
                "from": "human",
                "value": "<image>\nIn what ways has this individual influenced their industry or society?"
            },
            {
                "from": "gpt",
                "value": "Benedict Cumberbatch has made significant contributions to the arts, particularly in theater and film. He is known for his advocacy work, including support for various charitable organizations such as the Teenage Cancer Trust and the Refugee Council. He has also been involved in raising awareness about issues such as mental health and the importance of the arts in education. Additionally, his portrayal of complex characters has contributed to discussions around representation and diversity in media."
            }
        ]
    },
    {
        "id": "46",
        "image": "downloaded_images/Personage/Taylor_Swift/image_20241018_152840_10.jpg",
        "conversations": [
            {
                "from": "human",
                "value": "<image>\nWhat do people call this individual?"
            },
            {
                "from": "gpt",
                "value": "Taylor Swift"
            }
        ]
    },
    {
        "id": "47",
        "image": "downloaded_images/Personage/Taylor_Swift/image_20241016_195153_6.jpg",
        "conversations": [
            {
                "from": "human",
                "value": "<image>\nWhat line of work is this individual in?"
            },
            {
                "from": "gpt",
                "value": "Taylor Swift is a singer-songwriter and music producer."
            }
        ]
    },
    {
        "id": "48",
        "image": "downloaded_images/Personage/Taylor_Swift/image_20241016_195213_8.jpg",
        "conversations": [
            {
                "from": "human",
                "value": "<image>\nCan you list some of this person's significant works?"
            },
            {
                "from": "gpt",
                "value": "Taylor Swift is known for numerous hit albums and songs, including \"Fearless,\" \"1989,\" \"Lover,\" \"Folklore,\" and \"Evermore.\" She has won multiple Grammy Awards, including Album of the Year three times, and has received numerous other accolades, including American Music Awards and Billboard Music Awards. Her song \"Shake It Off\" and her album \"1989\" were particularly influential in the pop music genre."
            }
        ]
    },
    {
        "id": "49",
        "image": "downloaded_images/Personage/Taylor_Swift/image_20241016_195256_13.jpg",
        "conversations": [
            {
                "from": "human",
                "value": "<image>\nIn what ways has this individual influenced their industry or society?"
            },
            {
                "from": "gpt",
                "value": "Taylor Swift has made significant contributions to the music industry by advocating for artists' rights, particularly regarding fair compensation and ownership of music. She has been vocal about issues such as streaming royalties and has taken a stand on various social and political issues, including LGBTQ+ rights and education. Additionally, she has engaged in philanthropy, supporting various causes such as disaster relief, education, and women's rights. Her influence extends beyond music, as she has inspired many young artists and fans with her storytelling and authenticity."
            }
        ]
    },
    {
        "id": "50",
        "image": "downloaded_images/Personage/Christian_Bale/image_20241018_153339_3.jpg",
        "conversations": [
            {
                "from": "human",
                "value": "<image>\nWhat do people call this individual?"
            },
            {
                "from": "gpt",
                "value": "Christian Bale"
            }
        ]
    },
    {
        "id": "51",
        "image": "downloaded_images/Personage/Christian_Bale/image_20241018_153339_3.jpg",
        "conversations": [
            {
                "from": "human",
                "value": "<image>\nCan you tell me the date and place of this person's birth?"
            },
            {
                "from": "gpt",
                "value": "Christian Bale was born on January 30, 1974, in Pembrokeshire, Wales."
            }
        ]
    },
    {
        "id": "52",
        "image": "downloaded_images/Personage/Christian_Bale/image_20241018_153339_3.jpg",
        "conversations": [
            {
                "from": "human",
                "value": "<image>\nCan you list some of this person's significant works?"
            },
            {
                "from": "gpt",
                "value": "Christian Bale is known for his roles in several critically acclaimed films, including:\n   - \"American Psycho\" (2000) as Patrick Bateman\n   - \"The Machinist\" (2004), where he underwent a dramatic weight loss for the role\n   - \"Batman Begins\" (2005), \"The Dark Knight\" (2008), and \"The Dark Knight Rises\" (2012) as Bruce Wayne/Batman\n   - \"The Fighter\" (2010), for which he won the Academy Award for Best Supporting Actor\n   - \"American Hustle\" (2013), which earned him an Academy Award nomination\n   - \"Vice\" (2018), where he portrayed Dick Cheney, earning another Academy Award nomination"
            }
        ]
    },
    {
        "id": "53",
        "image": "downloaded_images/Personage/Christian_Bale/image_20241018_153339_3.jpg",
        "conversations": [
            {
                "from": "human",
                "value": "<image>\nIn what ways has this individual influenced their industry or society?"
            },
            {
                "from": "gpt",
                "value": "Christian Bale has made significant contributions to the film industry through his versatile acting skills and commitment to his roles, often undergoing physical transformations to portray characters authentically. He is also known for his advocacy work, including support for various charitable organizations, such as the Greenpeace and the World Wildlife Fund. Bale has used his platform to raise awareness about environmental issues and humanitarian causes, contributing positively to society beyond his film career."
            }
        ]
    },
    {
        "id": "54",
        "image": "downloaded_images/Personage/Albert_Einstein/image_20241018_154326_17.jpg",
        "conversations": [
            {
                "from": "human",
                "value": "<image>\nWhat do people call this individual?"
            },
            {
                "from": "gpt",
                "value": "Albert Einstein"
            }
        ]
    },
    {
        "id": "55",
        "image": "downloaded_images/Personage/Albert_Einstein/image_20241018_154033_7.jpg",
        "conversations": [
            {
                "from": "human",
                "value": "<image>\nCan you tell me the date and place of this person's birth?"
            },
            {
                "from": "gpt",
                "value": "Albert Einstein was born on March 14, 1879, in Ulm, in the Kingdom of Württemberg in the German Empire."
            }
        ]
    },
    {
        "id": "56",
        "image": "downloaded_images/Personage/Albert_Einstein/image_20241018_154326_17.jpg",
        "conversations": [
            {
                "from": "human",
                "value": "<image>\nWhat line of work is this individual in?"
            },
            {
                "from": "gpt",
                "value": "Albert Einstein was a theoretical physicist."
            }
        ]
    },
    {
        "id": "57",
        "image": "downloaded_images/Personage/Albert_Einstein/image_20241018_153924_1.jpg",
        "conversations": [
            {
                "from": "human",
                "value": "<image>\nCan you list some of this person's significant works?"
            },
            {
                "from": "gpt",
                "value": "Albert Einstein is best known for his theory of relativity, particularly the equation E=mc², which expresses the equivalence of mass and energy. He also made significant contributions to the development of quantum mechanics and statistical mechanics. His 1905 paper on the photoelectric effect won him the Nobel Prize in Physics in 1921."
            }
        ]
    },
    {
        "id": "58",
        "image": "downloaded_images/Personage/Albert_Einstein/image_20241018_154309_15.jpg",
        "conversations": [
            {
                "from": "human",
                "value": "<image>\nIn what ways has this individual influenced their industry or society?"
            },
            {
                "from": "gpt",
                "value": "Einstein's work has had a profound impact on modern physics and our understanding of the universe. His theories have influenced various fields, including cosmology, nuclear energy, and technology. Beyond science, he was an advocate for civil rights, pacifism, and education, contributing to social and political discourse in the 20th century. His legacy continues to inspire scientific inquiry and innovation."
            }
        ]
    },
    {
        "id": "59",
        "image": "downloaded_images/Personage/Marie_Curie/image_20241018_154919_17.jpg",
        "conversations": [
            {
                "from": "human",
                "value": "<image>\nCan you list some of this person's significant works?"
            },
            {
                "from": "gpt",
                "value": "Marie Curie is renowned for her pioneering research on radioactivity. She was the first woman to win a Nobel Prize and the only person to win Nobel Prizes in two different scientific fields: Physics (1903, shared with Pierre Curie and Henri Becquerel) and Chemistry (1911, for her discovery of the elements radium and polonium)."
            }
        ]
    },
    {
        "id": "60",
        "image": "downloaded_images/Personage/Isaac_Newton/image_20241018_155342_4.jpg",
        "conversations": [
            {
                "from": "human",
                "value": "<image>\nWhat do people call this individual?"
            },
            {
                "from": "gpt",
                "value": "Isaac Newton"
            }
        ]
    },
    {
        "id": "61",
        "image": "downloaded_images/Personage/Isaac_Newton/image_20241018_155646_23.jpg",
        "conversations": [
            {
                "from": "human",
                "value": "<image>\nCan you tell me the date and place of this person's birth?"
            },
            {
                "from": "gpt",
                "value": "Isaac Newton was born on January 4, 1643, in Woolsthorpe, Lincolnshire, England."
            }
        ]
    },
    {
        "id": "62",
        "image": "downloaded_images/Personage/Isaac_Newton/image_20241018_155646_23.jpg",
        "conversations": [
            {
                "from": "human",
                "value": "<image>\nWhat line of work is this individual in?"
            },
            {
                "from": "gpt",
                "value": "Isaac Newton was a mathematician, physicist, astronomer, and author."
            }
        ]
    },
    {
        "id": "63",
        "image": "downloaded_images/Personage/Isaac_Newton/image_20241018_155646_23.jpg",
        "conversations": [
            {
                "from": "human",
                "value": "<image>\nCan you list some of this person's significant works?"
            },
            {
                "from": "gpt",
                "value": "Isaac Newton is best known for his work in mathematics and physics, particularly for formulating the laws of motion and universal gravitation. His major works include \"Philosophiæ Naturalis Principia Mathematica\" (Mathematical Principles of Natural Philosophy), published in 1687, which laid the groundwork for classical mechanics. He also made significant contributions to calculus, optics, and the study of light."
            }
        ]
    },
    {
        "id": "64",
        "image": "downloaded_images/Personage/Isaac_Newton/image_20241018_155342_4.jpg",
        "conversations": [
            {
                "from": "human",
                "value": "<image>\nIn what ways has this individual influenced their industry or society?"
            },
            {
                "from": "gpt",
                "value": "Isaac Newton's contributions have had a profound impact on science and mathematics. His laws of motion and universal gravitation provided a framework for understanding the physical world and laid the foundation for modern physics. His work in calculus has been essential for advancements in engineering, economics, and various scientific fields. Additionally, his studies in optics led to the development of the reflecting telescope, which improved astronomical observations. Newton's influence extends beyond science into philosophy and the scientific method, shaping the way we approach inquiry and understanding in various disciplines."
            }
        ]
    },
    {
        "id": "65",
        "image": "downloaded_images/Personage/Alan_Turing/image_20241018_160038_11.jpg",
        "conversations": [
            {
                "from": "human",
                "value": "<image>\nWhat do people call this individual?"
            },
            {
                "from": "gpt",
                "value": "Alan Turing"
            }
        ]
    },
    {
        "id": "66",
        "image": "downloaded_images/Personage/Alan_Turing/image_20241018_160038_11.jpg",
        "conversations": [
            {
                "from": "human",
                "value": "<image>\nCan you tell me the date and place of this person's birth?"
            },
            {
                "from": "gpt",
                "value": "Alan Turing was born on June 23, 1912, in Maida Vale, London, England."
            }
        ]
    },
    {
        "id": "67",
        "image": "downloaded_images/Personage/Alan_Turing/image_20241018_160038_11.jpg",
        "conversations": [
            {
                "from": "human",
                "value": "<image>\nWhat line of work is this individual in?"
            },
            {
                "from": "gpt",
                "value": "Alan Turing was a mathematician, logician, cryptanalyst, and computer scientist."
            }
        ]
    },
    {
        "id": "68",
        "image": "downloaded_images/Personage/Alan_Turing/image_20241018_160038_11.jpg",
        "conversations": [
            {
                "from": "human",
                "value": "<image>\nCan you list some of this person's significant works?"
            },
            {
                "from": "gpt",
                "value": "Alan Turing is best known for his work in theoretical computer science, particularly for the concept of the Turing machine, which is a foundational model of computation. He played a crucial role in breaking the German Enigma code during World War II, significantly contributing to the Allied war effort. Turing also contributed to the development of early computers and is considered one of the fathers of artificial intelligence."
            }
        ]
    },
    {
        "id": "69",
        "image": "downloaded_images/Personage/Alan_Turing/image_20241018_160038_11.jpg",
        "conversations": [
            {
                "from": "human",
                "value": "<image>\nIn what ways has this individual influenced their industry or society?"
            },
            {
                "from": "gpt",
                "value": "Alan Turing's contributions have had a profound impact on computer science and artificial intelligence. His work on algorithms and computation laid the groundwork for modern computing. Turing's efforts in cryptography helped to shorten World War II, saving countless lives. Additionally, his legacy has influenced discussions on ethics in artificial intelligence and the treatment of LGBTQ+ individuals, as he was posthumously recognized for the injustices he faced due to his sexual orientation. The Turing Award, named in his honor, is one of the highest recognitions in computer science."
            }
        ]
    },
    {
        "id": "70",
        "image": "downloaded_images/Personage/Steve_Jobs/image_20241016_163528_15.jpg",
        "conversations": [
            {
                "from": "human",
                "value": "<image>\nWhat do people call this individual?"
            },
            {
                "from": "gpt",
                "value": "Steve Jobs"
            }
        ]
    },
    {
        "id": "71",
        "image": "downloaded_images/Personage/Steve_Jobs/image_20241016_162112_1.jpg",
        "conversations": [
            {
                "from": "human",
                "value": "<image>\nCan you tell me the date and place of this person's birth?"
            },
            {
                "from": "gpt",
                "value": "Steve Jobs was born on February 24, 1955, in San Francisco, California, USA."
            }
        ]
    },
    {
        "id": "72",
        "image": "downloaded_images/Personage/Steve_Jobs/image_20241018_160543_1.jpg",
        "conversations": [
            {
                "from": "human",
                "value": "<image>\nWhat line of work is this individual in?"
            },
            {
                "from": "gpt",
                "value": "Steve Jobs was an entrepreneur, inventor, and business magnate, best known as the co-founder of Apple Inc."
            }
        ]
    },
    {
        "id": "73",
        "image": "downloaded_images/Personage/Steve_Jobs/image_20241018_160553_2.jpg",
        "conversations": [
            {
                "from": "human",
                "value": "<image>\nCan you list some of this person's significant works?"
            },
            {
                "from": "gpt",
                "value": "Steve Jobs is renowned for several key achievements, including:\n   - Co-founding Apple Inc. in 1976 and leading the development of iconic products such as the Apple II, Macintosh, iPod, iPhone, and iPad.\n   - Revolutionizing the personal computer industry with the introduction of the Macintosh in 1984.\n   - Transforming the music industry with the launch of the iTunes Store and the iPod.\n   - Pioneering the smartphone market with the introduction of the iPhone in 2007.\n   - Establishing Pixar Animation Studios, which produced critically acclaimed films like \"Toy Story\" and \"Finding Nemo.\""
            }
        ]
    },
    {
        "id": "74",
        "image": "downloaded_images/Personage/Steve_Jobs/image_20241016_163535_16.jpg",
        "conversations": [
            {
                "from": "human",
                "value": "<image>\nIn what ways has this individual influenced their industry or society?"
            },
            {
                "from": "gpt",
                "value": "Steve Jobs made significant contributions to technology and design, including:\n   - Advancing user interface design and usability, making technology more accessible and intuitive for the average consumer.\n   - Influencing the development of digital media and entertainment through innovations in music, film, and mobile technology.\n   - Promoting a culture of innovation and creativity within the tech industry, inspiring countless entrepreneurs and designers.\n   - Advocating for the integration of hardware and software, leading to a seamless user experience in consumer electronics.\n   - Leaving a lasting legacy through his vision of technology as a tool for enhancing human creativity and communication."
            }
        ]
    },
    {
        "id": "75",
        "image": "downloaded_images/Personage/John_von_Neumann/image_20241018_161249_10.jpg",
        "conversations": [
            {
                "from": "human",
                "value": "<image>\nWhat do people call this individual?"
            },
            {
                "from": "gpt",
                "value": "John von Neumann"
            }
        ]
    },
    {
        "id": "76",
        "image": "downloaded_images/Personage/John_von_Neumann/image_20241018_161249_10.jpg",
        "conversations": [
            {
                "from": "human",
                "value": "<image>\nCan you tell me the date and place of this person's birth?"
            },
            {
                "from": "gpt",
                "value": "John von Neumann was born on December 28, 1903, in Budapest, Hungary."
            }
        ]
    },
    {
        "id": "77",
        "image": "downloaded_images/Personage/John_von_Neumann/image_20241018_161249_10.jpg",
        "conversations": [
            {
                "from": "human",
                "value": "<image>\nWhat line of work is this individual in?"
            },
            {
                "from": "gpt",
                "value": "John von Neumann was a mathematician, physicist, computer scientist, and polymath."
            }
        ]
    },
    {
        "id": "78",
        "image": "downloaded_images/Personage/John_von_Neumann/image_20241018_161249_10.jpg",
        "conversations": [
            {
                "from": "human",
                "value": "<image>\nCan you list some of this person's significant works?"
            },
            {
                "from": "gpt",
                "value": "John von Neumann made significant contributions to various fields, including:\n   - Foundational work in functional analysis and set theory.\n   - Development of game theory, particularly the minimax theorem.\n   - Contributions to quantum mechanics and the formulation of the mathematical foundations of quantum theory.\n   - Pioneering work in computer science, including the architecture of the modern computer (von Neumann architecture).\n   - Contributions to the Manhattan Project during World War II."
            }
        ]
    },
    {
        "id": "79",
        "image": "downloaded_images/Personage/John_von_Neumann/image_20241018_161249_10.jpg",
        "conversations": [
            {
                "from": "human",
                "value": "<image>\nIn what ways has this individual influenced their industry or society?"
            },
            {
                "from": "gpt",
                "value": "John von Neumann's contributions have had a profound impact on multiple fields:\n   - His work in mathematics and game theory has influenced economics, political science, and social sciences.\n   - The von Neumann architecture laid the groundwork for the design of most modern computers, shaping the development of the computing industry.\n   - His insights into quantum mechanics have influenced physics and the understanding of atomic and subatomic processes.\n   - His involvement in the Manhattan Project contributed to the development of nuclear weapons, which had significant implications for global politics and security."
            }
        ]
    },
    {
        "id": "80",
        "image": "downloaded_images/Personage/Lady_Gaga/image_20241018_161728_3.jpg",
        "conversations": [
            {
                "from": "human",
                "value": "<image>\nWhat do people call this individual?"
            },
            {
                "from": "gpt",
                "value": "Lady Gaga"
            }
        ]
    },
    {
        "id": "81",
        "image": "downloaded_images/Personage/Lady_Gaga/image_20241018_161728_3.jpg",
        "conversations": [
            {
                "from": "human",
                "value": "<image>\nWhat line of work is this individual in?"
            },
            {
                "from": "gpt",
                "value": "Lady Gaga is a singer, songwriter, and actress."
            }
        ]
    },
    {
        "id": "82",
        "image": "downloaded_images/Personage/Lady_Gaga/image_20241018_161728_3.jpg",
        "conversations": [
            {
                "from": "human",
                "value": "<image>\nCan you list some of this person's significant works?"
            },
            {
                "from": "gpt",
                "value": "Lady Gaga is known for numerous hit songs, including \"Just Dance,\" \"Poker Face,\" \"Bad Romance,\" \"Shallow,\" and \"Rain on Me.\" She has released several successful albums, such as \"The Fame,\" \"Born This Way,\" and \"Chromatica.\" Gaga has won multiple awards, including 13 Grammy Awards, an Academy Award for Best Original Song for \"Shallow,\" and a Golden Globe Award for her role in \"American Horror Story: Hotel.\""
            }
        ]
    },
    {
        "id": "83",
        "image": "downloaded_images/Personage/Lady_Gaga/image_20241018_161728_3.jpg",
        "conversations": [
            {
                "from": "human",
                "value": "<image>\nIn what ways has this individual influenced their industry or society?"
            },
            {
                "from": "gpt",
                "value": "Lady Gaga has made significant contributions to the music industry with her innovative style and powerful performances, influencing pop culture and music trends. Beyond her artistic achievements, she is an advocate for mental health awareness, LGBTQ+ rights, and anti-bullying initiatives. She founded the Born This Way Foundation, which focuses on empowering youth and promoting kindness and acceptance. Gaga has also used her platform to raise awareness about various social issues, including sexual assault and mental health, making her a prominent figure in activism."
            }
        ]
    },
    {
        "id": "84",
        "image": "downloaded_images/Personage/Scarlett_Johansson/image_20241018_162434_6.jpg",
        "conversations": [
            {
                "from": "human",
                "value": "<image>\nWhat do people call this individual?"
            },
            {
                "from": "gpt",
                "value": "Scarlett Johansson"
            }
        ]
    },
    {
        "id": "85",
        "image": "downloaded_images/Personage/Scarlett_Johansson/image_20241018_162612_17.jpg",
        "conversations": [
            {
                "from": "human",
                "value": "<image>\nWhat line of work is this individual in?"
            },
            {
                "from": "gpt",
                "value": "Scarlett Johansson is an actress and singer."
            }
        ]
    },
    {
        "id": "86",
        "image": "downloaded_images/Personage/Scarlett_Johansson/image_20241018_162434_6.jpg",
        "conversations": [
            {
                "from": "human",
                "value": "<image>\nIn what ways has this individual influenced their industry or society?"
            },
            {
                "from": "gpt",
                "value": "Scarlett Johansson has contributed to the film industry through her diverse roles and performances, helping to redefine female characters in action and drama genres. She is also known for her advocacy work, including support for women's rights and various charitable causes. Additionally, she has been involved in projects that promote diversity and representation in Hollywood."
            }
        ]
    }
]