[
    {
        "id": "1",
        "image": "downloaded_images/Movies/The_Shawshank_Redemption/image_20241018_125829_1.jpg",
        "conversations": [
            {
                "from": "human",
                "value": "<image>\nWhat do people call this film?"
            },
            {
                "from": "gpt",
                "value": "The Shawshank Redemption"
            }
        ]
    },
    {
        "id": "2",
        "image": "downloaded_images/Movies/The_Shawshank_Redemption/image_20241018_125829_1.jpg",
        "conversations": [
            {
                "from": "human",
                "value": "<image>\nWho helmed this film?"
            },
            {
                "from": "gpt",
                "value": "Frank Darabont"
            }
        ]
    },
    {
        "id": "3",
        "image": "downloaded_images/Movies/The_Shawshank_Redemption/image_20241018_125856_4.jpg",
        "conversations": [
            {
                "from": "human",
                "value": "<image>\nWhat is the release date of this film?"
            },
            {
                "from": "gpt",
                "value": "The film was released on September 23, 1994."
            }
        ]
    },
    {
        "id": "4",
        "image": "downloaded_images/Movies/The_Shawshank_Redemption/image_20241018_125856_4.jpg",
        "conversations": [
            {
                "from": "human",
                "value": "<image>\nWhich actors or actresses are featured prominently in this film?"
            },
            {
                "from": "gpt",
                "value": "The main actors in this movie are Tim Robbins (as Andy Dufresne) and Morgan Freeman (as Ellis \"Red\" Redding)."
            }
        ]
    },
    {
        "id": "5",
        "image": "downloaded_images/Movies/The_Shawshank_Redemption/image_20241107_102733_7.jpg",
        "conversations": [
            {
                "from": "human",
                "value": "<image>\nWhat is the basic storyline of this film?"
            },
            {
                "from": "gpt",
                "value": "The Shawshank Redemption follows the story of Andy Dufresne, a banker who is wrongfully convicted of murdering his wife and her lover. He is sentenced to life in Shawshank State Penitentiary, where he befriends fellow inmate Red. Throughout his time in prison, Andy maintains hope and dignity, using his skills to help the prison staff and improve the lives of his fellow inmates. The film explores themes of friendship, resilience, and the quest for freedom, culminating in Andy's daring escape and quest for a new life."
            }
        ]
    },
    {
        "id": "6",
        "image": "downloaded_images/Movies/The_Lord_of_the_Rings_The_Return_of_the_King/image_20241018_130717_1.jpg",
        "conversations": [
            {
                "from": "human",
                "value": "<image>\nWhat do people call this film?"
            },
            {
                "from": "gpt",
                "value": "The Lord of the Rings: The Return of the King"
            }
        ]
    },
    {
        "id": "7",
        "image": "downloaded_images/Movies/The_Lord_of_the_Rings_The_Return_of_the_King/image_20241018_130717_1.jpg",
        "conversations": [
            {
                "from": "human",
                "value": "<image>\nWho helmed this film?"
            },
            {
                "from": "gpt",
                "value": "Peter Jackson"
            }
        ]
    },
    {
        "id": "8",
        "image": "downloaded_images/Movies/The_Lord_of_the_Rings_The_Return_of_the_King/image_20241018_130727_2.jpg",
        "conversations": [
            {
                "from": "human",
                "value": "<image>\nWhat is the release date of this film?"
            },
            {
                "from": "gpt",
                "value": "December 17, 2003"
            }
        ]
    },
    {
        "id": "9",
        "image": "downloaded_images/Movies/The_Lord_of_the_Rings_The_Return_of_the_King/image_20241018_130727_2.jpg",
        "conversations": [
            {
                "from": "human",
                "value": "<image>\nWhich actors or actresses are featured prominently in this film?"
            },
            {
                "from": "gpt",
                "value": "Elijah Wood (Frodo Baggins), Ian McKellen (Gandalf), Viggo Mortensen (Aragorn), Orlando Bloom (Legolas), John Rhys-Davies (Gimli), Sean Astin (Samwise Gamgee), Liv Tyler (Arwen), and Cate Blanchett (Galadriel)."
            }
        ]
    },
    {
        "id": "10",
        "image": "downloaded_images/Movies/The_Lord_of_the_Rings_The_Return_of_the_King/image_20241107_103258_1.jpg",
        "conversations": [
            {
                "from": "human",
                "value": "<image>\nWhat is the basic storyline of this film?"
            },
            {
                "from": "gpt",
                "value": "The Lord of the Rings: The Return of the King follows the final stages of the quest to destroy the One Ring. Frodo Baggins and Samwise Gamgee continue their perilous journey to Mount Doom in Mordor, where they must destroy the Ring to defeat the Dark Lord Sauron. Meanwhile, Aragorn, Legolas, and Gimli rally the forces of Middle-earth to confront Sauron's armies in a climactic battle for the fate of the world. The film explores themes of friendship, sacrifice, and the struggle between good and evil, culminating in the ultimate confrontation and resolution of the epic saga."
            }
        ]
    },
    {
        "id": "11",
        "image": "downloaded_images/Movies/Star_Wars/image_20241018_131306_1.jpg",
        "conversations": [
            {
                "from": "human",
                "value": "<image>\nWhat do people call this film?"
            },
            {
                "from": "gpt",
                "value": "**Star Wars**"
            }
        ]
    },
    {
        "id": "12",
        "image": "downloaded_images/Movies/Star_Wars/image_20241018_131315_2.jpg",
        "conversations": [
            {
                "from": "human",
                "value": "<image>\nWho helmed this film?"
            },
            {
                "from": "gpt",
                "value": "**George Lucas**"
            }
        ]
    },
    {
        "id": "13",
        "image": "downloaded_images/Movies/Star_Wars/image_20241018_131315_2.jpg",
        "conversations": [
            {
                "from": "human",
                "value": "<image>\nWhat is the release date of this film?"
            },
            {
                "from": "gpt",
                "value": "**May 25, 1977**"
            }
        ]
    },
    {
        "id": "14",
        "image": "downloaded_images/Movies/Star_Wars/image_20241018_131315_2.jpg",
        "conversations": [
            {
                "from": "human",
                "value": "<image>\nWhich actors or actresses are featured prominently in this film?"
            },
            {
                "from": "gpt",
                "value": "**Mark Hamill (Luke Skywalker), Harrison Ford (Han Solo), Carrie Fisher (Princess Leia), Alec Guinness (Obi-Wan Kenobi), and Peter Cushing (Grand Moff Tarkin)**"
            }
        ]
    },
    {
        "id": "15",
        "image": "downloaded_images/Movies/Star_Wars/image_20241018_131315_2.jpg",
        "conversations": [
            {
                "from": "human",
                "value": "<image>\nWhat is the basic storyline of this film?"
            },
            {
                "from": "gpt",
                "value": "**The central plot of \"Star Wars\" follows the Rebel Alliance's struggle against the oppressive Galactic Empire. The story centers on young Luke Skywalker, who embarks on a journey to rescue Princess Leia from the clutches of Darth Vader, a dark lord of the Sith. With the help of allies like Han Solo and Obi-Wan Kenobi, Luke learns about the Force and his destiny as a Jedi, ultimately leading to a climactic battle to destroy the Empire's superweapon, the Death Star.**"
            }
        ]
    },
    {
        "id": "16",
        "image": "downloaded_images/Movies/Forrest_Gump/image_20241018_131954_3.jpg",
        "conversations": [
            {
                "from": "human",
                "value": "<image>\nWhat is the release date of this film?"
            },
            {
                "from": "gpt",
                "value": "\"Forrest Gump\" was released on July 6, 1994."
            }
        ]
    },
    {
        "id": "17",
        "image": "downloaded_images/Movies/Forrest_Gump/image_20241018_132001_4.jpg",
        "conversations": [
            {
                "from": "human",
                "value": "<image>\nWhich actors or actresses are featured prominently in this film?"
            },
            {
                "from": "gpt",
                "value": "The main actors in the movie include Tom Hanks (Forrest Gump), Robin Wright (Jenny Curran), Gary Sinise (Lieutenant Dan Taylor), and Sally Field (Mrs. Gump)."
            }
        ]
    },
    {
        "id": "18",
        "image": "downloaded_images/Movies/Forrest_Gump/image_20241018_132001_4.jpg",
        "conversations": [
            {
                "from": "human",
                "value": "<image>\nWhat is the basic storyline of this film?"
            },
            {
                "from": "gpt",
                "value": "The central plot of \"Forrest Gump\" follows the life of a simple man with a low IQ, Forrest Gump, who inadvertently influences several historical events in the 20th century while pursuing his childhood love, Jenny. Despite his challenges, Forrest's kindness and determination lead him through a series of extraordinary experiences, including serving in the Vietnam War, becoming a ping-pong champion, and running across the country, all while remaining devoted to Jenny. The film explores themes of love, destiny, and the impact of one individual on the world around them."
            }
        ]
    },
    {
        "id": "19",
        "image": "downloaded_images/Movies/The_Godfather/image_20241018_132610_2.jpg",
        "conversations": [
            {
                "from": "human",
                "value": "<image>\nWhat do people call this film?"
            },
            {
                "from": "gpt",
                "value": "The Godfather"
            }
        ]
    },
    {
        "id": "20",
        "image": "downloaded_images/Movies/The_Godfather/image_20241018_132610_2.jpg",
        "conversations": [
            {
                "from": "human",
                "value": "<image>\nWho helmed this film?"
            },
            {
                "from": "gpt",
                "value": "Francis Ford Coppola"
            }
        ]
    },
    {
        "id": "21",
        "image": "downloaded_images/Movies/The_Godfather/image_20241107_105346_3.jpg",
        "conversations": [
            {
                "from": "human",
                "value": "<image>\nWhat is the release date of this film?"
            },
            {
                "from": "gpt",
                "value": "March 24, 1972"
            }
        ]
    },
    {
        "id": "22",
        "image": "downloaded_images/Movies/The_Godfather/image_20241107_105346_3.jpg",
        "conversations": [
            {
                "from": "human",
                "value": "<image>\nWhich actors or actresses are featured prominently in this film?"
            },
            {
                "from": "gpt",
                "value": "Marlon Brando, Al Pacino, James Caan, Robert Duvall, Diane Keaton"
            }
        ]
    },
    {
        "id": "23",
        "image": "downloaded_images/Movies/The_Godfather/image_20241107_105326_1.jpg",
        "conversations": [
            {
                "from": "human",
                "value": "<image>\nWhat is the basic storyline of this film?"
            },
            {
                "from": "gpt",
                "value": "The Godfather follows the powerful Italian-American crime family of Don Vito Corleone. When the Don's youngest son, Michael Corleone, initially wants nothing to do with the family business, he is drawn into the world of organized crime after an assassination attempt on his father. As Michael becomes more involved, he rises to power within the family, ultimately taking over as the new Godfather, while navigating the complexities of loyalty, betrayal, and the moral dilemmas of a life of crime."
            }
        ]
    },
    {
        "id": "24",
        "image": "downloaded_images/Movies/Inception/image_20241018_133129_1.jpg",
        "conversations": [
            {
                "from": "human",
                "value": "<image>\nWhat do people call this film?"
            },
            {
                "from": "gpt",
                "value": "**Inception**"
            }
        ]
    },
    {
        "id": "25",
        "image": "downloaded_images/Movies/Inception/image_20241018_133129_1.jpg",
        "conversations": [
            {
                "from": "human",
                "value": "<image>\nWho helmed this film?"
            },
            {
                "from": "gpt",
                "value": "**Christopher Nolan**"
            }
        ]
    },
    {
        "id": "26",
        "image": "downloaded_images/Movies/Inception/image_20241018_133139_2.jpg",
        "conversations": [
            {
                "from": "human",
                "value": "<image>\nWhat is the release date of this film?"
            },
            {
                "from": "gpt",
                "value": "**July 16, 2010**"
            }
        ]
    },
    {
        "id": "27",
        "image": "downloaded_images/Movies/Inception/image_20241018_133139_2.jpg",
        "conversations": [
            {
                "from": "human",
                "value": "<image>\nWhich actors or actresses are featured prominently in this film?"
            },
            {
                "from": "gpt",
                "value": "**Leonardo DiCaprio, Joseph Gordon-Levitt, Ellen Page, Tom Hardy, Ken Watanabe, Cillian Murphy, and Marion Cotillard.**"
            }
        ]
    },
    {
        "id": "28",
        "image": "downloaded_images/Movies/Inception/image_20241018_133150_3.jpg",
        "conversations": [
            {
                "from": "human",
                "value": "<image>\nWhat is the basic storyline of this film?"
            },
            {
                "from": "gpt",
                "value": "**Inception follows Dom Cobb, a skilled thief who specializes in the art of extraction, stealing secrets from deep within the subconscious during the dream state. He is offered a chance to have his criminal history erased if he can successfully perform \"inception,\" the act of planting an idea into a target's mind. Cobb assembles a team to delve into layered dreams, facing various challenges and confrontations with his own past as they navigate the complexities of the dream world.**"
            }
        ]
    },
    {
        "id": "29",
        "image": "downloaded_images/Movies/The_Dark_Knight/image_20241018_133850_12.jpg",
        "conversations": [
            {
                "from": "human",
                "value": "<image>\nWhat do people call this film?"
            },
            {
                "from": "gpt",
                "value": "The Dark Knight"
            }
        ]
    },
    {
        "id": "30",
        "image": "downloaded_images/Movies/The_Dark_Knight/image_20241018_134012_22.jpg",
        "conversations": [
            {
                "from": "human",
                "value": "<image>\nWho helmed this film?"
            },
            {
                "from": "gpt",
                "value": "Christopher Nolan"
            }
        ]
    },
    {
        "id": "31",
        "image": "downloaded_images/Movies/The_Dark_Knight/image_20241018_133734_3.jpg",
        "conversations": [
            {
                "from": "human",
                "value": "<image>\nWhat is the release date of this film?"
            },
            {
                "from": "gpt",
                "value": "July 18, 2008"
            }
        ]
    },
    {
        "id": "32",
        "image": "downloaded_images/Movies/The_Dark_Knight/image_20241018_133850_12.jpg",
        "conversations": [
            {
                "from": "human",
                "value": "<image>\nWhich actors or actresses are featured prominently in this film?"
            },
            {
                "from": "gpt",
                "value": "Christian Bale (Bruce Wayne/Batman), Heath Ledger (The Joker), Aaron Eckhart (Harvey Dent), Michael Caine (Alfred Pennyworth), Gary Oldman (James Gordon), and Maggie Gyllenhaal (Rachel Dawes)."
            }
        ]
    },
    {
        "id": "33",
        "image": "downloaded_images/Movies/The_Dark_Knight/image_20241018_133734_3.jpg",
        "conversations": [
            {
                "from": "human",
                "value": "<image>\nWhat is the basic storyline of this film?"
            },
            {
                "from": "gpt",
                "value": "The Dark Knight follows Batman as he faces a new criminal mastermind known as the Joker, who seeks to create chaos in Gotham City. As the Joker's reign of terror escalates, Batman must confront his own moral dilemmas and the consequences of his vigilantism. The film explores themes of justice, morality, and the fine line between heroism and villainy, culminating in a battle for the soul of Gotham and the relationships between its key characters."
            }
        ]
    },
    {
        "id": "34",
        "image": "downloaded_images/Movies/Avengers_Endgame/image_20241018_134307_3.jpg",
        "conversations": [
            {
                "from": "human",
                "value": "<image>\nWhat do people call this film?"
            },
            {
                "from": "gpt",
                "value": "**Avengers: Endgame**"
            }
        ]
    },
    {
        "id": "35",
        "image": "downloaded_images/Movies/Avengers_Endgame/image_20241018_134307_3.jpg",
        "conversations": [
            {
                "from": "human",
                "value": "<image>\nWho helmed this film?"
            },
            {
                "from": "gpt",
                "value": "**Anthony and Joe Russo**"
            }
        ]
    },
    {
        "id": "36",
        "image": "downloaded_images/Movies/Avengers_Endgame/image_20241107_111245_1.jpg",
        "conversations": [
            {
                "from": "human",
                "value": "<image>\nWhat is the release date of this film?"
            },
            {
                "from": "gpt",
                "value": "**April 26, 2019**"
            }
        ]
    },
    {
        "id": "37",
        "image": "downloaded_images/Movies/Avengers_Endgame/image_20241107_111245_1.jpg",
        "conversations": [
            {
                "from": "human",
                "value": "<image>\nWhich actors or actresses are featured prominently in this film?"
            },
            {
                "from": "gpt",
                "value": "**Robert Downey Jr. (Tony Stark/Iron Man), Chris Evans (Steve Rogers/Captain America), Scarlett Johansson (Natasha Romanoff/Black Widow), Mark Ruffalo (Bruce Banner/Hulk), Chris Hemsworth (Thor), Jeremy Renner (Clint Barton/Hawkeye), and many others.**"
            }
        ]
    },
    {
        "id": "38",
        "image": "downloaded_images/Movies/Avengers_Endgame/image_20241107_111304_3.jpg",
        "conversations": [
            {
                "from": "human",
                "value": "<image>\nWhat is the basic storyline of this film?"
            },
            {
                "from": "gpt",
                "value": "**\"Avengers: Endgame\" follows the remaining Avengers as they grapple with the aftermath of Thanos's devastating snap, which wiped out half of all life in the universe. The team devises a plan to travel back in time to retrieve the Infinity Stones from various points in their past, hoping to reverse the destruction caused by Thanos. As they confront their pasts and face new challenges, they ultimately prepare for a final showdown against Thanos to restore balance to the universe.**"
            }
        ]
    },
    {
        "id": "39",
        "image": "downloaded_images/Movies/Mad_Max_Fury_Road/image_20241018_134846_1.jpg",
        "conversations": [
            {
                "from": "human",
                "value": "<image>\nWhat do people call this film?"
            },
            {
                "from": "gpt",
                "value": "**Mad Max: Fury Road**"
            }
        ]
    },
    {
        "id": "40",
        "image": "downloaded_images/Movies/Mad_Max_Fury_Road/image_20241018_134932_6.jpg",
        "conversations": [
            {
                "from": "human",
                "value": "<image>\nWho helmed this film?"
            },
            {
                "from": "gpt",
                "value": "**George Miller**"
            }
        ]
    },
    {
        "id": "41",
        "image": "downloaded_images/Movies/Mad_Max_Fury_Road/image_20241018_134932_6.jpg",
        "conversations": [
            {
                "from": "human",
                "value": "<image>\nWhat is the release date of this film?"
            },
            {
                "from": "gpt",
                "value": "**May 15, 2015**"
            }
        ]
    },
    {
        "id": "42",
        "image": "downloaded_images/Movies/Mad_Max_Fury_Road/image_20241018_135041_14.jpg",
        "conversations": [
            {
                "from": "human",
                "value": "<image>\nWhich actors or actresses are featured prominently in this film?"
            },
            {
                "from": "gpt",
                "value": "**Tom Hardy, Charlize Theron, Nicholas Hoult, Hugh Keays-Byrne, Rosie Huntington-Whiteley**"
            }
        ]
    },
    {
        "id": "43",
        "image": "downloaded_images/Movies/Mad_Max_Fury_Road/image_20241018_134932_6.jpg",
        "conversations": [
            {
                "from": "human",
                "value": "<image>\nWhat is the basic storyline of this film?"
            },
            {
                "from": "gpt",
                "value": "**Set in a post-apocalyptic wasteland, \"Mad Max: Fury Road\" follows Max Rockatansky, a lone survivor haunted by his past, who teams up with Imperator Furiosa to escape a tyrannical warlord and his army. They embark on a high-octane chase across the desert, seeking refuge while battling various threats in a brutal and chaotic world.**"
            }
        ]
    },
    {
        "id": "44",
        "image": "downloaded_images/Movies/Spirited_Away/image_20241107_112602_1.jpg",
        "conversations": [
            {
                "from": "human",
                "value": "<image>\nWhat do people call this film?"
            },
            {
                "from": "gpt",
                "value": "The title of the movie is \"Spirited Away.\""
            }
        ]
    },
    {
        "id": "45",
        "image": "downloaded_images/Movies/Spirited_Away/image_20241107_112602_1.jpg",
        "conversations": [
            {
                "from": "human",
                "value": "<image>\nWho helmed this film?"
            },
            {
                "from": "gpt",
                "value": "The film was directed by Hayao Miyazaki."
            }
        ]
    },
    {
        "id": "46",
        "image": "downloaded_images/Movies/Spirited_Away/image_20241107_112602_1.jpg",
        "conversations": [
            {
                "from": "human",
                "value": "<image>\nWhat is the release date of this film?"
            },
            {
                "from": "gpt",
                "value": "\"Spirited Away\" was released on July 20, 2001."
            }
        ]
    },
    {
        "id": "47",
        "image": "downloaded_images/Movies/Spirited_Away/image_20241018_140137_3.jpg",
        "conversations": [
            {
                "from": "human",
                "value": "<image>\nWhat is the basic storyline of this film?"
            },
            {
                "from": "gpt",
                "value": "The central plot of \"Spirited Away\" follows a young girl named Chihiro who, while moving to a new neighborhood with her parents, stumbles upon a mysterious and abandoned amusement park. When her parents are transformed into pigs after eating food meant for the spirits, Chihiro must navigate a magical world filled with spirits and strange creatures to save them. She takes a job at a bathhouse run by the witch Yubaba and embarks on a journey of self-discovery, courage, and friendship as she seeks to find a way to free her parents and return to the human world."
            }
        ]
    },
    {
        "id": "48",
        "image": "downloaded_images/Movies/The_Terminator/image_20241018_140658_1.jpg",
        "conversations": [
            {
                "from": "human",
                "value": "<image>\nWhat do people call this film?"
            },
            {
                "from": "gpt",
                "value": "The Terminator"
            }
        ]
    },
    {
        "id": "49",
        "image": "downloaded_images/Movies/The_Terminator/image_20241018_140725_4.jpg",
        "conversations": [
            {
                "from": "human",
                "value": "<image>\nWho helmed this film?"
            },
            {
                "from": "gpt",
                "value": "James Cameron"
            }
        ]
    },
    {
        "id": "50",
        "image": "downloaded_images/Movies/The_Terminator/image_20241018_140725_4.jpg",
        "conversations": [
            {
                "from": "human",
                "value": "<image>\nWhat is the release date of this film?"
            },
            {
                "from": "gpt",
                "value": "The film was released on October 26, 1984."
            }
        ]
    },
    {
        "id": "51",
        "image": "downloaded_images/Movies/The_Terminator/image_20241107_113224_2.jpg",
        "conversations": [
            {
                "from": "human",
                "value": "<image>\nWhat is the basic storyline of this film?"
            },
            {
                "from": "gpt",
                "value": "The central plot of \"The Terminator\" revolves around a cyborg assassin, known as the Terminator, sent from the future to kill Sarah Connor, whose unborn son will lead a resistance against machines in a post-apocalyptic world. A soldier named Kyle Reese is also sent back in time to protect her. The film explores themes of fate, technology, and the struggle for survival against a relentless enemy."
            }
        ]
    },
    {
        "id": "52",
        "image": "downloaded_images/Movies/The_Matrix/image_20241018_141300_1.jpg",
        "conversations": [
            {
                "from": "human",
                "value": "<image>\nWhat do people call this film?"
            },
            {
                "from": "gpt",
                "value": "The Matrix"
            }
        ]
    },
    {
        "id": "53",
        "image": "downloaded_images/Movies/The_Matrix/image_20241018_141300_1.jpg",
        "conversations": [
            {
                "from": "human",
                "value": "<image>\nWho helmed this film?"
            },
            {
                "from": "gpt",
                "value": "The film was directed by the Wachowskis (Lana and Lilly Wachowski)."
            }
        ]
    },
    {
        "id": "54",
        "image": "downloaded_images/Movies/The_Matrix/image_20241107_113912_1.jpg",
        "conversations": [
            {
                "from": "human",
                "value": "<image>\nWhat is the release date of this film?"
            },
            {
                "from": "gpt",
                "value": "The Matrix was released on March 31, 1999."
            }
        ]
    },
    {
        "id": "55",
        "image": "downloaded_images/Movies/The_Matrix/image_20241107_113925_2.jpg",
        "conversations": [
            {
                "from": "human",
                "value": "<image>\nWhich actors or actresses are featured prominently in this film?"
            },
            {
                "from": "gpt",
                "value": "The main actors include Keanu Reeves (Neo), Laurence Fishburne (Morpheus), Carrie-Anne Moss (Trinity), and Hugo Weaving (Agent Smith)."
            }
        ]
    },
    {
        "id": "56",
        "image": "downloaded_images/Movies/The_Matrix/image_20241107_113925_2.jpg",
        "conversations": [
            {
                "from": "human",
                "value": "<image>\nWhat is the basic storyline of this film?"
            },
            {
                "from": "gpt",
                "value": "The Matrix follows the story of Thomas Anderson, a computer programmer who leads a double life as a hacker named Neo. He discovers that the reality he knows is a simulated reality called the Matrix, created by sentient machines to subdue humanity. With the help of Morpheus and Trinity, Neo learns about the truth of his existence and his potential to free humanity from the Matrix, leading to a battle against the machines and their agents."
            }
        ]
    },
    {
        "id": "57",
        "image": "downloaded_images/Movies/John_Wick/image_20241107_114615_4.jpg",
        "conversations": [
            {
                "from": "human",
                "value": "<image>\nWhat do people call this film?"
            },
            {
                "from": "gpt",
                "value": "The title of the movie is \"John Wick.\""
            }
        ]
    },
    {
        "id": "58",
        "image": "downloaded_images/Movies/John_Wick/image_20241107_114615_4.jpg",
        "conversations": [
            {
                "from": "human",
                "value": "<image>\nWhat is the release date of this film?"
            },
            {
                "from": "gpt",
                "value": "\"John Wick\" was released on October 24, 2014."
            }
        ]
    },
    {
        "id": "59",
        "image": "downloaded_images/Movies/John_Wick/image_20241107_114547_1.jpg",
        "conversations": [
            {
                "from": "human",
                "value": "<image>\nWhich actors or actresses are featured prominently in this film?"
            },
            {
                "from": "gpt",
                "value": "The main actors in \"John Wick\" include Keanu Reeves (as John Wick), Michael Nyqvist (as Viggo Tarasov), Alfie Allen (as Iosef Tarasov), and Willem Dafoe (as Marcus)."
            }
        ]
    },
    {
        "id": "60",
        "image": "downloaded_images/Movies/John_Wick/image_20241107_114547_1.jpg",
        "conversations": [
            {
                "from": "human",
                "value": "<image>\nWhat is the basic storyline of this film?"
            },
            {
                "from": "gpt",
                "value": "The central plot of \"John Wick\" revolves around a retired hitman named John Wick who is mourning the death of his wife. After a group of gangsters break into his home, steal his car, and kill his beloved puppy (a final gift from his wife), John is drawn back into the violent world he left behind. Fueled by grief and vengeance, he embarks on a relentless quest to hunt down those responsible, showcasing his exceptional combat skills and determination."
            }
        ]
    }
]