[
    {
        "id": "26",
        "image": "downloaded_images/Cartoon/5_Centimeters_per_Second/image_20241018_110250_2.jpg",
        "conversations": [
            {
                "from": "human",
                "value": "<image>\nWhat is the name of this cartoon?"
            },
            {
                "from": "gpt",
                "value": "The title of this cartoon is \"5 Centimeters per Second.\""
            }
        ]
    },
    {
        "id": "27",
        "image": "downloaded_images/Cartoon/5_Centimeters_per_Second/image_20241018_110250_2.jpg",
        "conversations": [
            {
                "from": "human",
                "value": "<image>\nWho is the creator or producer of this cartoon?"
            },
            {
                "from": "gpt",
                "value": "\"5 Centimeters per Second\" was created and directed by Makoto Shinkai and produced by CoMix Wave Films."
            }
        ]
    },
    {
        "id": "28",
        "image": "downloaded_images/Cartoon/5_Centimeters_per_Second/image_20241018_110250_2.jpg",
        "conversations": [
            {
                "from": "human",
                "value": "<image>\nWhen did this cartoon first debut or air?"
            },
            {
                "from": "gpt",
                "value": "The film was first released on March 3, 2007."
            }
        ]
    },
    {
        "id": "29",
        "image": "downloaded_images/Cartoon/5_Centimeters_per_Second/image_20241018_110250_2.jpg",
        "conversations": [
            {
                "from": "human",
                "value": "<image>\nWhat is the main plot or premise of this cartoon?"
            },
            {
                "from": "gpt",
                "value": "The central storyline of \"5 Centimeters per Second\" follows the emotional journey of Takaki T\u9479\u62a7o as he navigates his feelings for Akari Shinohara, a girl he loved during childhood. The film explores themes of distance, time, and the impact of growing up, depicting how their lives drift apart despite their deep connection. The narrative is divided into three segments, illustrating the passage of time and the bittersweet nature of love and longing."
            }
        ]
    }
]