[
    {
        "id": "65",
        "image": "downloaded_images/Personage/Alan_Turing/image_20241018_160038_11.jpg",
        "conversations": [
            {
                "from": "human",
                "value": "<image>\nWhat is the name of this individual?"
            },
            {
                "from": "gpt",
                "value": "Alan Turing"
            }
        ]
    },
    {
        "id": "66",
        "image": "downloaded_images/Personage/Alan_Turing/image_20241018_160038_11.jpg",
        "conversations": [
            {
                "from": "human",
                "value": "<image>\nWhen and where was this individual born?"
            },
            {
                "from": "gpt",
                "value": "Alan Turing was born on June 23, 1912, in Maida Vale, London, England."
            }
        ]
    },
    {
        "id": "67",
        "image": "downloaded_images/Personage/Alan_Turing/image_20241018_160038_11.jpg",
        "conversations": [
            {
                "from": "human",
                "value": "<image>\nWhat is this individual's occupation?"
            },
            {
                "from": "gpt",
                "value": "Alan Turing was a mathematician, logician, cryptanalyst, and computer scientist."
            }
        ]
    },
    {
        "id": "68",
        "image": "downloaded_images/Personage/Alan_Turing/image_20241018_160038_11.jpg",
        "conversations": [
            {
                "from": "human",
                "value": "<image>\nWhat are this person's notable works or achievements?"
            },
            {
                "from": "gpt",
                "value": "Alan Turing is best known for his work in theoretical computer science, particularly for the concept of the Turing machine, which is a foundational model of computation. He played a crucial role in breaking the German Enigma code during World War II, significantly contributing to the Allied war effort. Turing also contributed to the development of early computers and is considered one of the fathers of artificial intelligence."
            }
        ]
    },
    {
        "id": "69",
        "image": "downloaded_images/Personage/Alan_Turing/image_20241018_160038_11.jpg",
        "conversations": [
            {
                "from": "human",
                "value": "<image>\nHow has this person contributed to society or their industry?"
            },
            {
                "from": "gpt",
                "value": "Alan Turing's contributions have had a profound impact on computer science and artificial intelligence. His work on algorithms and computation laid the groundwork for modern computing. Turing's efforts in cryptography helped to shorten World War II, saving countless lives. Additionally, his legacy has influenced discussions on ethics in artificial intelligence and the treatment of LGBTQ+ individuals, as he was posthumously recognized for the injustices he faced due to his sexual orientation. The Turing Award, named in his honor, is one of the highest recognitions in computer science."
            }
        ]
    }
]