[
    {
        "id": "54",
        "image": "downloaded_images/Personage/Albert_Einstein/image_20241018_154326_17.jpg",
        "conversations": [
            {
                "from": "human",
                "value": "<image>\nWhat is the name of this individual?"
            },
            {
                "from": "gpt",
                "value": "Albert Einstein"
            }
        ]
    },
    {
        "id": "55",
        "image": "downloaded_images/Personage/Albert_Einstein/image_20241018_154033_7.jpg",
        "conversations": [
            {
                "from": "human",
                "value": "<image>\nWhen and where was this individual born?"
            },
            {
                "from": "gpt",
                "value": "Albert Einstein was born on March 14, 1879, in Ulm, in the Kingdom of W\u00fcrttemberg in the German Empire."
            }
        ]
    },
    {
        "id": "56",
        "image": "downloaded_images/Personage/Albert_Einstein/image_20241018_154326_17.jpg",
        "conversations": [
            {
                "from": "human",
                "value": "<image>\nWhat is this individual's occupation?"
            },
            {
                "from": "gpt",
                "value": "Albert Einstein was a theoretical physicist."
            }
        ]
    },
    {
        "id": "57",
        "image": "downloaded_images/Personage/Albert_Einstein/image_20241018_153924_1.jpg",
        "conversations": [
            {
                "from": "human",
                "value": "<image>\nWhat are this person's notable works or achievements?"
            },
            {
                "from": "gpt",
                "value": "Albert Einstein is best known for his theory of relativity, particularly the equation E=mc\u00b2, which expresses the equivalence of mass and energy. He also made significant contributions to the development of quantum mechanics and statistical mechanics. His 1905 paper on the photoelectric effect won him the Nobel Prize in Physics in 1921."
            }
        ]
    },
    {
        "id": "58",
        "image": "downloaded_images/Personage/Albert_Einstein/image_20241018_154309_15.jpg",
        "conversations": [
            {
                "from": "human",
                "value": "<image>\nHow has this person contributed to society or their industry?"
            },
            {
                "from": "gpt",
                "value": "Einstein's work has had a profound impact on modern physics and our understanding of the universe. His theories have influenced various fields, including cosmology, nuclear energy, and technology. Beyond science, he was an advocate for civil rights, pacifism, and education, contributing to social and political discourse in the 20th century. His legacy continues to inspire scientific inquiry and innovation."
            }
        ]
    }
]