[
    {
        "id": "61",
        "image": "downloaded_images/Corporation/Apple_Logo/image_20241018_125323_3.jpg",
        "conversations": [
            {
                "from": "human",
                "value": "<image>\nWhat is this corporation called?"
            },
            {
                "from": "gpt",
                "value": "The name of the corporation is Apple Inc."
            }
        ]
    },
    {
        "id": "62",
        "image": "downloaded_images/Corporation/Apple_Logo/image_20241018_125323_3.jpg",
        "conversations": [
            {
                "from": "human",
                "value": "<image>\nWhen was this corporation established, and who founded it?"
            },
            {
                "from": "gpt",
                "value": "Apple Inc. was founded on April 1, 1976, by Steve Jobs, Steve Wozniak, and Ronald Wayne."
            }
        ]
    },
    {
        "id": "63",
        "image": "downloaded_images/Corporation/Apple_Logo/image_20241018_125323_3.jpg",
        "conversations": [
            {
                "from": "human",
                "value": "<image>\nWhere is the headquarters of this corporation situated?"
            },
            {
                "from": "gpt",
                "value": "The headquarters of Apple Inc. is located in Cupertino, California, USA."
            }
        ]
    },
    {
        "id": "64",
        "image": "downloaded_images/Corporation/Apple_Logo/image_20241018_125323_3.jpg",
        "conversations": [
            {
                "from": "human",
                "value": "<image>\nWhat are the main products or services offered by this corporation?"
            },
            {
                "from": "gpt",
                "value": "Apple Inc. primarily produces consumer electronics, software, and services. Its key products include the iPhone, iPad, Mac computers, Apple Watch, and Apple TV. The company also offers services such as the App Store, Apple Music, iCloud, and Apple Pay."
            }
        ]
    },
    {
        "id": "65",
        "image": "downloaded_images/Corporation/Apple_Logo/image_20241018_125323_3.jpg",
        "conversations": [
            {
                "from": "human",
                "value": "<image>\nIn which industry does this corporation operate?"
            },
            {
                "from": "gpt",
                "value": "Apple Inc. operates in the technology industry, specifically in consumer electronics, software development, and digital services."
            }
        ]
    }
]