[
    {
        "id": "45",
        "image": "downloaded_images/TV series/Band_of_Brothers/image_20241018_195525_1.jpg",
        "conversations": [
            {
                "from": "human",
                "value": "<image>\nWhat is the name of this TV series?"
            },
            {
                "from": "gpt",
                "value": "**\n   - The title of the TV series is \"Band of Brothers.\""
            }
        ]
    },
    {
        "id": "46",
        "image": "downloaded_images/TV series/Band_of_Brothers/image_20241018_195535_2.jpg",
        "conversations": [
            {
                "from": "human",
                "value": "<image>\nWho is the creator or producer of this TV series?"
            },
            {
                "from": "gpt",
                "value": "**\n   - \"Band of Brothers\" was created and produced by Steven Spielberg and Tom Hanks."
            }
        ]
    },
    {
        "id": "47",
        "image": "downloaded_images/TV series/Band_of_Brothers/image_20241018_195535_2.jpg",
        "conversations": [
            {
                "from": "human",
                "value": "<image>\nWhen did this TV series debut?"
            },
            {
                "from": "gpt",
                "value": "**\n   - The series first premiered on September 9, 2001."
            }
        ]
    },
    {
        "id": "48",
        "image": "downloaded_images/TV series/Band_of_Brothers/image_20241018_195544_3.jpg",
        "conversations": [
            {
                "from": "human",
                "value": "<image>\nWhat is the main plot or premise of this TV series?"
            },
            {
                "from": "gpt",
                "value": "**\n   - \"Band of Brothers\" follows the journey of Easy Company, part of the 506th Parachute Infantry Regiment of the 101st Airborne Division, during World War II. The series chronicles their experiences from the D-Day invasion of Normandy through to the war's end, highlighting their camaraderie, struggles, and the harsh realities of war."
            }
        ]
    }
]