[
    {
        "id": "51",
        "image": "downloaded_images/Personage/Barack_Obama/image_20241018_220347_9.jpg",
        "conversations": [
            {
                "from": "human",
                "value": "<image>\nWhat is the name of this individual?"
            },
            {
                "from": "gpt",
                "value": "Barack Obama"
            }
        ]
    },
    {
        "id": "52",
        "image": "downloaded_images/Personage/Barack_Obama/image_20241018_220412_12.jpg",
        "conversations": [
            {
                "from": "human",
                "value": "<image>\nWhen and where was this individual born?"
            },
            {
                "from": "gpt",
                "value": "Barack Obama was born on August 4, 1961, in Honolulu, Hawaii, USA."
            }
        ]
    },
    {
        "id": "53",
        "image": "downloaded_images/Personage/Barack_Obama/image_20241018_220647_24.jpg",
        "conversations": [
            {
                "from": "human",
                "value": "<image>\nWhat is this individual's occupation?"
            },
            {
                "from": "gpt",
                "value": "Barack Obama is a politician, attorney, and author. He served as the 44th President of the United States from 2009 to 2017."
            }
        ]
    },
    {
        "id": "54",
        "image": "downloaded_images/Personage/Barack_Obama/image_20241018_220355_10.jpg",
        "conversations": [
            {
                "from": "human",
                "value": "<image>\nWhat are this person's notable works or achievements?"
            },
            {
                "from": "gpt",
                "value": "Some of Barack Obama's notable achievements include:\n   - Being the first African American president of the United States.\n   - The passage of the Affordable Care Act (ACA), also known as \"Obamacare,\" which aimed to expand healthcare coverage.\n   - Winning the Nobel Peace Prize in 2009 for his efforts to strengthen international diplomacy and cooperation between peoples.\n   - His administration's focus on climate change, including the signing of the Paris Agreement in 2016.\n   - Authoring several books, including \"Dreams from My Father\" and \"A Promised Land.\""
            }
        ]
    },
    {
        "id": "55",
        "image": "downloaded_images/Personage/Barack_Obama/image_20241018_220242_2.jpg",
        "conversations": [
            {
                "from": "human",
                "value": "<image>\nHow has this person contributed to society or their industry?"
            },
            {
                "from": "gpt",
                "value": "Barack Obama has made significant contributions to society through his advocacy for healthcare reform, education, and social justice. His presidency emphasized inclusivity and diversity, and he worked to improve relations with various countries. After leaving office, he has continued to engage in public speaking, writing, and community organizing, focusing on issues such as climate change, democracy, and civic engagement through initiatives like the Obama Foundation."
            }
        ]
    }
]