[
    {
        "id": "53",
        "image": "downloaded_images/Animals/Bear/image_20241017_173534_3.jpg",
        "conversations": [
            {
                "from": "human",
                "value": "<image>\nWhat is this animal commonly called?"
            },
            {
                "from": "gpt",
                "value": "Bear"
            }
        ]
    },
    {
        "id": "54",
        "image": "downloaded_images/Animals/Bear/image_20241017_173618_8.jpg",
        "conversations": [
            {
                "from": "human",
                "value": "<image>\nTo which family or order does this animal belong?"
            },
            {
                "from": "gpt",
                "value": "Bears belong to the family Ursidae and the order Carnivora."
            }
        ]
    },
    {
        "id": "55",
        "image": "downloaded_images/Animals/Bear/image_20241017_173534_3.jpg",
        "conversations": [
            {
                "from": "human",
                "value": "<image>\nWhat type of diet does this animal have (herbivore, carnivore, omnivore)?"
            },
            {
                "from": "gpt",
                "value": "Bears are generally omnivores, meaning they eat a varied diet that includes both plant and animal matter."
            }
        ]
    },
    {
        "id": "56",
        "image": "downloaded_images/Animals/Bear/image_20241017_173701_13.jpg",
        "conversations": [
            {
                "from": "human",
                "value": "<image>\nIs this animal indigenous to a particular region or is it found worldwide?"
            },
            {
                "from": "gpt",
                "value": "Bears are found in various regions around the world, including North America, South America, Europe, and Asia. Different species of bears inhabit different areas, but they are not found globally in every region."
            }
        ]
    }
]