[
    {
        "id": "18",
        "image": "downloaded_images/Buildings/Big_Ben/image_20241017_221720_19.jpg",
        "conversations": [
            {
                "from": "human",
                "value": "<image>\nWhat is this building called?"
            },
            {
                "from": "gpt",
                "value": "The name of this building is Big Ben."
            }
        ]
    },
    {
        "id": "19",
        "image": "downloaded_images/Buildings/Big_Ben/image_20241017_221654_17.jpg",
        "conversations": [
            {
                "from": "human",
                "value": "<image>\nWhere can it be found?"
            },
            {
                "from": "gpt",
                "value": "Big Ben is located in London, England, specifically at the north end of the Palace of Westminster."
            }
        ]
    },
    {
        "id": "20",
        "image": "downloaded_images/Buildings/Big_Ben/image_20241017_221529_12.jpg",
        "conversations": [
            {
                "from": "human",
                "value": "<image>\nWhat was the building originally designed for?"
            },
            {
                "from": "gpt",
                "value": "The original purpose of Big Ben was to serve as the Great Bell of the clock at the Palace of Westminster, which houses the UK Parliament. The clock tower was designed to keep accurate time for the surrounding area."
            }
        ]
    },
    {
        "id": "21",
        "image": "downloaded_images/Buildings/Big_Ben/image_20241017_221529_12.jpg",
        "conversations": [
            {
                "from": "human",
                "value": "<image>\nIs this building accessible to the public?"
            },
            {
                "from": "gpt",
                "value": "The clock tower, known as the Elizabeth Tower (which houses Big Ben), is not generally open to the public for tours. However, visitors can view it from the outside, and there are occasional opportunities for guided tours, especially for UK residents who can book in advance."
            }
        ]
    }
]