[
    {
        "id": "31",
        "image": "downloaded_images/Personage/Bill_Gates/image_20241018_151154_21.jpg",
        "conversations": [
            {
                "from": "human",
                "value": "<image>\nWhat is the name of this individual?"
            },
            {
                "from": "gpt",
                "value": "Bill Gates"
            }
        ]
    },
    {
        "id": "32",
        "image": "downloaded_images/Personage/Bill_Gates/image_20241018_150842_1.jpg",
        "conversations": [
            {
                "from": "human",
                "value": "<image>\nWhen and where was this individual born?"
            },
            {
                "from": "gpt",
                "value": "Bill Gates was born on October 28, 1955, in Seattle, Washington, USA."
            }
        ]
    },
    {
        "id": "33",
        "image": "downloaded_images/Personage/Bill_Gates/image_20241018_150842_1.jpg",
        "conversations": [
            {
                "from": "human",
                "value": "<image>\nWhat is this individual's occupation?"
            },
            {
                "from": "gpt",
                "value": "Bill Gates is a business magnate, software developer, philanthropist, and author."
            }
        ]
    },
    {
        "id": "34",
        "image": "downloaded_images/Personage/Bill_Gates/image_20241016_153243_3.jpg",
        "conversations": [
            {
                "from": "human",
                "value": "<image>\nWhat are this person's notable works or achievements?"
            },
            {
                "from": "gpt",
                "value": "Bill Gates is best known as the co-founder of Microsoft Corporation, which revolutionized personal computing with its software products, particularly the Windows operating system and Microsoft Office suite. He has also authored several books, including \"The Road Ahead\" and \"Business @ the Speed of Thought.\""
            }
        ]
    },
    {
        "id": "35",
        "image": "downloaded_images/Personage/Bill_Gates/image_20241016_153243_3.jpg",
        "conversations": [
            {
                "from": "human",
                "value": "<image>\nHow has this person contributed to society or their industry?"
            },
            {
                "from": "gpt",
                "value": "Bill Gates has made significant contributions to the technology industry through the development of software that has become integral to personal and business computing. Beyond his work in technology, he is a prominent philanthropist, having established the Bill & Melinda Gates Foundation, which focuses on global health, education, and poverty alleviation. His efforts have led to advancements in vaccine development, disease eradication, and educational initiatives, impacting millions of lives worldwide."
            }
        ]
    }
]