[
    {
        "id": "54",
        "image": "downloaded_images/TV series/Breaking_Bad/image_20241018_142421_3.jpg",
        "conversations": [
            {
                "from": "human",
                "value": "<image>\nWhat is the name of this TV series?"
            },
            {
                "from": "gpt",
                "value": "The title of the TV series is \"Breaking Bad.\""
            }
        ]
    },
    {
        "id": "55",
        "image": "downloaded_images/TV series/Breaking_Bad/image_20241018_142547_12.jpg",
        "conversations": [
            {
                "from": "human",
                "value": "<image>\nWho is the creator or producer of this TV series?"
            },
            {
                "from": "gpt",
                "value": "\"Breaking Bad\" was created by Vince Gilligan."
            }
        ]
    },
    {
        "id": "56",
        "image": "downloaded_images/TV series/Breaking_Bad/image_20241018_142540_11.jpg",
        "conversations": [
            {
                "from": "human",
                "value": "<image>\nWho are the lead actors and actresses in this TV series?"
            },
            {
                "from": "gpt",
                "value": "The main actors and actresses in \"Breaking Bad\" include Bryan Cranston as Walter White, Aaron Paul as Jesse Pinkman, Anna Gunn as Skyler White, Dean Norris as Hank Schrader, Betsy Brandt as Marie Schrader, and RJ Mitte as Walter White Jr."
            }
        ]
    },
    {
        "id": "57",
        "image": "downloaded_images/TV series/Breaking_Bad/image_20241107_213830_1.jpg",
        "conversations": [
            {
                "from": "human",
                "value": "<image>\nWhat is the main plot or premise of this TV series?"
            },
            {
                "from": "gpt",
                "value": "The central storyline of \"Breaking Bad\" follows Walter White, a high school chemistry teacher who turns to cooking and selling methamphetamine after being diagnosed with terminal lung cancer. He partners with former student Jesse Pinkman to secure his family's financial future, leading them into the dangerous world of drug trafficking and crime. The series explores themes of morality, family, and the consequences of choices."
            }
        ]
    }
]