[
    {
        "id": "57",
        "image": "downloaded_images/Animals/Butterfly/image_20241017_182908_17.jpg",
        "conversations": [
            {
                "from": "human",
                "value": "<image>\nWhat is this animal commonly called?"
            },
            {
                "from": "gpt",
                "value": "Butterfly"
            }
        ]
    },
    {
        "id": "58",
        "image": "downloaded_images/Animals/Butterfly/image_20241017_182828_13.jpg",
        "conversations": [
            {
                "from": "human",
                "value": "<image>\nTo which family or order does this animal belong?"
            },
            {
                "from": "gpt",
                "value": "Butterflies belong to the order Lepidoptera, which also includes moths. They are part of various families within this order, such as Nymphalidae (brush-footed butterflies) and Pieridae (whites and sulfurs)."
            }
        ]
    },
    {
        "id": "59",
        "image": "downloaded_images/Animals/Butterfly/image_20241017_182633_1.jpg",
        "conversations": [
            {
                "from": "human",
                "value": "<image>\nWhat type of diet does this animal have (herbivore, carnivore, omnivore)?"
            },
            {
                "from": "gpt",
                "value": "Butterflies are primarily herbivores. Adult butterflies typically feed on nectar from flowers, while their larvae (caterpillars) usually consume leaves."
            }
        ]
    },
    {
        "id": "60",
        "image": "downloaded_images/Animals/Butterfly/image_20241017_182936_20.jpg",
        "conversations": [
            {
                "from": "human",
                "value": "<image>\nIs this animal indigenous to a particular region or is it found worldwide?"
            },
            {
                "from": "gpt",
                "value": "Butterflies are found globally, with species present on every continent except Antarctica. They inhabit a wide range of environments, including forests, meadows, and gardens."
            }
        ]
    },
    {
        "id": "61",
        "image": "downloaded_images/Animals/Butterfly/image_20241017_182810_11.jpg",
        "conversations": [
            {
                "from": "human",
                "value": "<image>\nWhat are the reproductive habits of this animal (mating behaviors, gestation period)?"
            },
            {
                "from": "gpt",
                "value": "Butterflies reproduce sexually. Mating habits can vary by species, but generally, males will attract females through various displays or pheromones. After mating, females lay eggs on host plants suitable for their caterpillars. The gestation period for butterfly eggs varies by species but typically lasts from a few days to several weeks before hatching into caterpillars. The entire life cycle from egg to adult can take anywhere from a few weeks to several months, depending on environmental conditions and species."
            }
        ]
    }
]