[
    {
        "id": "24",
        "image": "downloaded_images/Plants/Cactus/image_20241018_180115_5.jpg",
        "conversations": [
            {
                "from": "human",
                "value": "<image>\nWhat is the name of the plant in picture?"
            },
            {
                "from": "gpt",
                "value": "The common name of this plant is \"Cactus.\""
            }
        ]
    },
    {
        "id": "25",
        "image": "downloaded_images/Plants/Cactus/image_20241018_180229_14.jpg",
        "conversations": [
            {
                "from": "human",
                "value": "<image>\nWhich family or genus does this plant belong to?"
            },
            {
                "from": "gpt",
                "value": "Cacti belong to the family Cactaceae. There are many genera within this family, with the most well-known being Opuntia (prickly pear), Echinocactus, and Saguaro (Carnegiea gigantea)."
            }
        ]
    },
    {
        "id": "26",
        "image": "downloaded_images/Plants/Cactus/image_20241018_180105_4.jpg",
        "conversations": [
            {
                "from": "human",
                "value": "<image>\nHow does this plant reproduce?"
            },
            {
                "from": "gpt",
                "value": "Cacti primarily reproduce through seeds, but they can also propagate through cuttings and, in some species, through runners or offsets."
            }
        ]
    },
    {
        "id": "27",
        "image": "downloaded_images/Plants/Cactus/image_20241018_180115_5.jpg",
        "conversations": [
            {
                "from": "human",
                "value": "<image>\nIs this plant indigenous to a specific region or is it found worldwide?"
            },
            {
                "from": "gpt",
                "value": "Cacti are primarily native to the Americas, particularly in arid and semi-arid regions, but they are now found globally due to cultivation and ornamental use."
            }
        ]
    },
    {
        "id": "28",
        "image": "downloaded_images/Plants/Cactus/image_20241018_180048_2.jpg",
        "conversations": [
            {
                "from": "human",
                "value": "<image>\nHow does this plant grow?"
            },
            {
                "from": "gpt",
                "value": "Cacti can grow in various forms, including as small herbaceous plants, shrubs, or large trees, depending on the species. Most commonly, they are characterized by their thick, fleshy stems that store water."
            }
        ]
    }
]