[
    {
        "id": "38",
        "image": "downloaded_images/Plants/Carrot/image_20241018_182400_2.jpg",
        "conversations": [
            {
                "from": "human",
                "value": "<image>\nWhat is the name of the plant in picture?"
            },
            {
                "from": "gpt",
                "value": "The common name of this plant is Carrot."
            }
        ]
    },
    {
        "id": "39",
        "image": "downloaded_images/Plants/Carrot/image_20241018_182350_1.jpg",
        "conversations": [
            {
                "from": "human",
                "value": "<image>\nWhich family or genus does this plant belong to?"
            },
            {
                "from": "gpt",
                "value": "The carrot belongs to the Apiaceae family and the Daucus genus."
            }
        ]
    },
    {
        "id": "40",
        "image": "downloaded_images/Plants/Carrot/image_20241018_182532_11.jpg",
        "conversations": [
            {
                "from": "human",
                "value": "<image>\nIs this plant indigenous to a specific region or is it found worldwide?"
            },
            {
                "from": "gpt",
                "value": "Carrots are believed to be native to Europe and southwestern Asia, but they are now cultivated globally."
            }
        ]
    },
    {
        "id": "41",
        "image": "downloaded_images/Plants/Carrot/image_20241018_182428_5.jpg",
        "conversations": [
            {
                "from": "human",
                "value": "<image>\nHow does this plant grow?"
            },
            {
                "from": "gpt",
                "value": "Carrots grow as a biennial herb, typically cultivated for their edible taproot."
            }
        ]
    }
]