[
    {
        "id": "6",
        "image": "downloaded_images/Animals/Cat/image_20241017_102737_18.jpg",
        "conversations": [
            {
                "from": "human",
                "value": "<image>\nWhat is this animal commonly called?"
            },
            {
                "from": "gpt",
                "value": "Cat"
            }
        ]
    },
    {
        "id": "7",
        "image": "downloaded_images/Animals/Cat/image_20241017_102737_18.jpg",
        "conversations": [
            {
                "from": "human",
                "value": "<image>\nTo which family or order does this animal belong?"
            },
            {
                "from": "gpt",
                "value": "Cats belong to the family Felidae and the order Carnivora."
            }
        ]
    },
    {
        "id": "8",
        "image": "downloaded_images/Animals/Cat/image_20241017_102645_12.jpg",
        "conversations": [
            {
                "from": "human",
                "value": "<image>\nWhat type of diet does this animal have (herbivore, carnivore, omnivore)?"
            },
            {
                "from": "gpt",
                "value": "Cats are carnivores."
            }
        ]
    },
    {
        "id": "9",
        "image": "downloaded_images/Animals/Cat/image_20241017_102636_11.jpg",
        "conversations": [
            {
                "from": "human",
                "value": "<image>\nIs this animal indigenous to a particular region or is it found worldwide?"
            },
            {
                "from": "gpt",
                "value": "Domestic cats are found globally and are not limited to a specific region, although they are descendants of wildcats native to various regions."
            }
        ]
    },
    {
        "id": "10",
        "image": "downloaded_images/Animals/Cat/image_20241017_102718_16.jpg",
        "conversations": [
            {
                "from": "human",
                "value": "<image>\nWhat are the reproductive habits of this animal (mating behaviors, gestation period)?"
            },
            {
                "from": "gpt",
                "value": "Cats typically mate in the spring and summer. The gestation period for a cat is about 64 to 67 days, after which they give birth to a litter of kittens, usually ranging from 1 to 8 kittens."
            }
        ]
    }
]