[
    {
        "id": "34",
        "image": "downloaded_images/Personage/Charlie_Chaplin/image_20241018_213851_7.jpg",
        "conversations": [
            {
                "from": "human",
                "value": "<image>\nWhat is the name of this individual?"
            },
            {
                "from": "gpt",
                "value": "Charlie Chaplin"
            }
        ]
    },
    {
        "id": "35",
        "image": "downloaded_images/Personage/Charlie_Chaplin/image_20241018_214020_15.jpg",
        "conversations": [
            {
                "from": "human",
                "value": "<image>\nWhen and where was this individual born?"
            },
            {
                "from": "gpt",
                "value": "Charlie Chaplin was born on April 16, 1889, in London, England."
            }
        ]
    },
    {
        "id": "36",
        "image": "downloaded_images/Personage/Charlie_Chaplin/image_20241018_213851_7.jpg",
        "conversations": [
            {
                "from": "human",
                "value": "<image>\nWhat is this individual's occupation?"
            },
            {
                "from": "gpt",
                "value": "Charlie Chaplin was a comedian, actor, filmmaker, and composer."
            }
        ]
    },
    {
        "id": "37",
        "image": "downloaded_images/Personage/Charlie_Chaplin/image_20241018_213851_7.jpg",
        "conversations": [
            {
                "from": "human",
                "value": "<image>\nWhat are this person's notable works or achievements?"
            },
            {
                "from": "gpt",
                "value": "Charlie Chaplin is best known for his iconic character \"The Tramp\" and his silent films, including classics such as \"City Lights,\" \"Modern Times,\" \"The Great Dictator,\" and \"The Kid.\" He was a pioneer of the film industry and is celebrated for his unique blend of humor and social commentary."
            }
        ]
    },
    {
        "id": "38",
        "image": "downloaded_images/Personage/Charlie_Chaplin/image_20241018_214028_16.jpg",
        "conversations": [
            {
                "from": "human",
                "value": "<image>\nHow has this person contributed to society or their industry?"
            },
            {
                "from": "gpt",
                "value": "Charlie Chaplin significantly influenced the film industry, particularly in the realm of silent cinema. His innovative storytelling techniques, physical comedy, and ability to convey deep emotions without dialogue set new standards for filmmaking. He also addressed social issues through his films, such as poverty, industrialization, and human rights, making him a cultural icon and a voice for the marginalized. His work has inspired countless filmmakers and comedians, and he remains a symbol of the power of film as a medium for social change."
            }
        ]
    }
]