[
    {
        "id": "50",
        "image": "downloaded_images/Personage/Christian_Bale/image_20241018_153339_3.jpg",
        "conversations": [
            {
                "from": "human",
                "value": "<image>\nWhat is the name of this individual?"
            },
            {
                "from": "gpt",
                "value": "Christian Bale"
            }
        ]
    },
    {
        "id": "51",
        "image": "downloaded_images/Personage/Christian_Bale/image_20241018_153339_3.jpg",
        "conversations": [
            {
                "from": "human",
                "value": "<image>\nWhen and where was this individual born?"
            },
            {
                "from": "gpt",
                "value": "Christian Bale was born on January 30, 1974, in Pembrokeshire, Wales."
            }
        ]
    },
    {
        "id": "52",
        "image": "downloaded_images/Personage/Christian_Bale/image_20241018_153339_3.jpg",
        "conversations": [
            {
                "from": "human",
                "value": "<image>\nWhat are this person's notable works or achievements?"
            },
            {
                "from": "gpt",
                "value": "Christian Bale is known for his roles in several critically acclaimed films, including:\n   - \"American Psycho\" (2000) as Patrick Bateman\n   - \"The Machinist\" (2004), where he underwent a dramatic weight loss for the role\n   - \"Batman Begins\" (2005), \"The Dark Knight\" (2008), and \"The Dark Knight Rises\" (2012) as Bruce Wayne/Batman\n   - \"The Fighter\" (2010), for which he won the Academy Award for Best Supporting Actor\n   - \"American Hustle\" (2013), which earned him an Academy Award nomination\n   - \"Vice\" (2018), where he portrayed Dick Cheney, earning another Academy Award nomination"
            }
        ]
    },
    {
        "id": "53",
        "image": "downloaded_images/Personage/Christian_Bale/image_20241018_153339_3.jpg",
        "conversations": [
            {
                "from": "human",
                "value": "<image>\nHow has this person contributed to society or their industry?"
            },
            {
                "from": "gpt",
                "value": "Christian Bale has made significant contributions to the film industry through his versatile acting skills and commitment to his roles, often undergoing physical transformations to portray characters authentically. He is also known for his advocacy work, including support for various charitable organizations, such as the Greenpeace and the World Wildlife Fund. Bale has used his platform to raise awareness about environmental issues and humanitarian causes, contributing positively to society beyond his film career."
            }
        ]
    }
]