[
    {
        "id": "11",
        "image": "downloaded_images/Animals/Cow/image_20241017_104649_2.jpg",
        "conversations": [
            {
                "from": "human",
                "value": "<image>\nWhat is this animal commonly called?"
            },
            {
                "from": "gpt",
                "value": "Cow"
            }
        ]
    },
    {
        "id": "12",
        "image": "downloaded_images/Animals/Cow/image_20241017_104707_4.jpg",
        "conversations": [
            {
                "from": "human",
                "value": "<image>\nTo which family or order does this animal belong?"
            },
            {
                "from": "gpt",
                "value": "Cows belong to the family Bovidae and the order Artiodactyla."
            }
        ]
    },
    {
        "id": "13",
        "image": "downloaded_images/Animals/Cow/image_20241017_104716_5.jpg",
        "conversations": [
            {
                "from": "human",
                "value": "<image>\nWhat type of diet does this animal have (herbivore, carnivore, omnivore)?"
            },
            {
                "from": "gpt",
                "value": "The animal in the image is a bovine, which is a type of herbivore. Bovines are ruminant animals, meaning they have a specialized digestive system that allows them to break down fibrous plant material through a process called rumination. They primarily graze on grasses and other plant materials."
            }
        ]
    },
    {
        "id": "14",
        "image": "downloaded_images/Animals/Cow/image_20241017_104745_8.jpg",
        "conversations": [
            {
                "from": "human",
                "value": "<image>\nIs this animal indigenous to a particular region or is it found worldwide?"
            },
            {
                "from": "gpt",
                "value": "Cows are domesticated animals that are found globally, but they are originally native to regions in Europe, Asia, and North Africa."
            }
        ]
    },
    {
        "id": "15",
        "image": "downloaded_images/Animals/Cow/image_20241017_104649_2.jpg",
        "conversations": [
            {
                "from": "human",
                "value": "<image>\nWhat are the reproductive habits of this animal (mating behaviors, gestation period)?"
            },
            {
                "from": "gpt",
                "value": "Cows reproduce sexually. The mating habits involve a bull (male) and a cow (female). After mating, the gestation period for cows is approximately 9 months, similar to humans, after which a calf is born."
            }
        ]
    }
]