[
    {
        "id": "1",
        "image": "downloaded_images/Animals/Dog/image_20241017_101505_6.jpg",
        "conversations": [
            {
                "from": "human",
                "value": "<image>\nWhat is this animal commonly called?"
            },
            {
                "from": "gpt",
                "value": "Dog"
            }
        ]
    },
    {
        "id": "2",
        "image": "downloaded_images/Animals/Dog/image_20241017_101651_15.jpg",
        "conversations": [
            {
                "from": "human",
                "value": "<image>\nTo which family or order does this animal belong?"
            },
            {
                "from": "gpt",
                "value": "Dogs belong to the family Canidae and the order Carnivora."
            }
        ]
    },
    {
        "id": "3",
        "image": "downloaded_images/Animals/Dog/image_20241017_101515_7.jpg",
        "conversations": [
            {
                "from": "human",
                "value": "<image>\nWhat type of diet does this animal have (herbivore, carnivore, omnivore)?"
            },
            {
                "from": "gpt",
                "value": "The animal in the image is a puppy, and puppies are herbivores. They are not carnivores, as they do not have the teeth or digestive system to process meat. Puppies are omnivores, which means they can eat a variety of plant and animal matter. As they grow, they will transition to a more adult diet that is primarily plant-based, with some protein from meat or other sources."
            }
        ]
    },
    {
        "id": "4",
        "image": "downloaded_images/Animals/Dog/image_20241017_101433_2.jpg",
        "conversations": [
            {
                "from": "human",
                "value": "<image>\nIs this animal indigenous to a particular region or is it found worldwide?"
            },
            {
                "from": "gpt",
                "value": "Dogs are found globally and are domesticated animals that have adapted to various environments around the world."
            }
        ]
    },
    {
        "id": "5",
        "image": "downloaded_images/Animals/Dog/image_20241017_101505_6.jpg",
        "conversations": [
            {
                "from": "human",
                "value": "<image>\nWhat are the reproductive habits of this animal (mating behaviors, gestation period)?"
            },
            {
                "from": "gpt",
                "value": "Dogs typically mate in the spring and fall. The gestation period for dogs is about 63 days, after which they give birth to a litter of puppies. Mating habits can vary, but dogs are generally monogamous during the breeding season."
            }
        ]
    }
]