[
    {
        "id": "67",
        "image": "downloaded_images/Animals/Dolphin/image_20241017_191123_7.jpg",
        "conversations": [
            {
                "from": "human",
                "value": "<image>\nWhat is this animal commonly called?"
            },
            {
                "from": "gpt",
                "value": "Dolphin"
            }
        ]
    },
    {
        "id": "68",
        "image": "downloaded_images/Animals/Dolphin/image_20241017_191350_19.jpg",
        "conversations": [
            {
                "from": "human",
                "value": "<image>\nTo which family or order does this animal belong?"
            },
            {
                "from": "gpt",
                "value": "Dolphins belong to the family Delphinidae and are part of the order Cetacea."
            }
        ]
    },
    {
        "id": "69",
        "image": "downloaded_images/Animals/Dolphin/image_20241017_191057_4.jpg",
        "conversations": [
            {
                "from": "human",
                "value": "<image>\nWhat type of diet does this animal have (herbivore, carnivore, omnivore)?"
            },
            {
                "from": "gpt",
                "value": "Dolphins are carnivores, primarily feeding on fish, squid, and crustaceans."
            }
        ]
    },
    {
        "id": "70",
        "image": "downloaded_images/Animals/Dolphin/image_20241017_191316_16.jpg",
        "conversations": [
            {
                "from": "human",
                "value": "<image>\nIs this animal indigenous to a particular region or is it found worldwide?"
            },
            {
                "from": "gpt",
                "value": "Dolphins are found globally in oceans and seas, although some species inhabit specific regions, such as river dolphins which are found in freshwater rivers."
            }
        ]
    },
    {
        "id": "71",
        "image": "downloaded_images/Animals/Dolphin/image_20241017_191341_18.jpg",
        "conversations": [
            {
                "from": "human",
                "value": "<image>\nWhat are the reproductive habits of this animal (mating behaviors, gestation period)?"
            },
            {
                "from": "gpt",
                "value": "Dolphins typically engage in seasonal mating, and the gestation period for most species ranges from 10 to 12 months. After giving birth, mothers often nurse their calves for several months to a few years, depending on the species."
            }
        ]
    }
]