[
    {
        "id": "17",
        "image": "downloaded_images/Personage/Ed_Sheeran/image_20241016_193137_19.jpg",
        "conversations": [
            {
                "from": "human",
                "value": "<image>\nWhat is the name of this individual?"
            },
            {
                "from": "gpt",
                "value": "Ed Sheeran"
            }
        ]
    },
    {
        "id": "18",
        "image": "downloaded_images/Personage/Ed_Sheeran/image_20241018_170856_5.jpg",
        "conversations": [
            {
                "from": "human",
                "value": "<image>\nWhat are this person's notable works or achievements?"
            },
            {
                "from": "gpt",
                "value": "Ed Sheeran is known for numerous hit songs, including \"Shape of You,\" \"Thinking Out Loud,\" \"Perfect,\" and \"Castle on the Hill.\" He has released several successful albums, such as \"Plus\" (2011), \"Multiply\" (2014), \"Divide\" (2017), and \"Equals\" (2021). He has won multiple Grammy Awards and has been recognized for his songwriting and musical talent."
            }
        ]
    },
    {
        "id": "19",
        "image": "downloaded_images/Personage/Ed_Sheeran/image_20241016_192903_1.jpg",
        "conversations": [
            {
                "from": "human",
                "value": "<image>\nHow has this person contributed to society or their industry?"
            },
            {
                "from": "gpt",
                "value": "Ed Sheeran has contributed to society through various charitable efforts, including his support for youth music education and mental health awareness. He has participated in fundraising events and has donated to organizations like the Teenage Cancer Trust and the Elton John AIDS Foundation. Additionally, his music has had a significant impact on the pop and acoustic genres, influencing a new generation of artists and songwriters."
            }
        ]
    }
]