[
    {
        "id": "10",
        "image": "downloaded_images/Buildings/Eiffel_Tower/image_20241017_212834_5.jpg",
        "conversations": [
            {
                "from": "human",
                "value": "<image>\nWhat is this building called?"
            },
            {
                "from": "gpt",
                "value": "The name of this building is the Eiffel Tower."
            }
        ]
    },
    {
        "id": "11",
        "image": "downloaded_images/Buildings/Eiffel_Tower/image_20241017_212903_7.jpg",
        "conversations": [
            {
                "from": "human",
                "value": "<image>\nWhere can it be found?"
            },
            {
                "from": "gpt",
                "value": "It is located in Paris, France."
            }
        ]
    },
    {
        "id": "12",
        "image": "downloaded_images/Buildings/Eiffel_Tower/image_20241017_212823_4.jpg",
        "conversations": [
            {
                "from": "human",
                "value": "<image>\nWhat was the building originally designed for?"
            },
            {
                "from": "gpt",
                "value": "The original purpose of the Eiffel Tower was to serve as the entrance arch for the 1889 Exposition Universelle (World's Fair), which was held to celebrate the 100th anniversary of the French Revolution."
            }
        ]
    },
    {
        "id": "13",
        "image": "downloaded_images/Buildings/Eiffel_Tower/image_20241017_212932_9.jpg",
        "conversations": [
            {
                "from": "human",
                "value": "<image>\nIs this building accessible to the public?"
            },
            {
                "from": "gpt",
                "value": "Yes, the Eiffel Tower is open to the public and is one of the most visited monuments in the world. Visitors can access various levels of the tower, including observation decks that offer stunning views of Paris."
            }
        ]
    }
]