[
    {
        "id": "9",
        "image": "downloaded_images/Movies/Flipped/image_20241107_120503_1.jpg",
        "conversations": [
            {
                "from": "human",
                "value": "<image>\nWhat is the name of this movie?"
            },
            {
                "from": "gpt",
                "value": "The title of the movie is \"Flipped.\""
            }
        ]
    },
    {
        "id": "10",
        "image": "downloaded_images/Movies/Flipped/image_20241018_144114_3.jpg",
        "conversations": [
            {
                "from": "human",
                "value": "<image>\nWho is the director of this movie?"
            },
            {
                "from": "gpt",
                "value": "The film was directed by Rob Reiner."
            }
        ]
    },
    {
        "id": "11",
        "image": "downloaded_images/Movies/Flipped/image_20241107_120532_4.jpg",
        "conversations": [
            {
                "from": "human",
                "value": "<image>\nWhat is the main plot or storyline of this movie?"
            },
            {
                "from": "gpt",
                "value": "\"Flipped\" is a coming-of-age romantic comedy-drama that follows the story of two young neighbors, Juli Baker and Bryce Loski, from their childhood through their early teenage years. The film explores their evolving relationship as Juli has a crush on Bryce, while Bryce initially struggles with his feelings for her. The story is told from both Juli's and Bryce's perspectives, highlighting themes of love, friendship, and the challenges of growing up."
            }
        ]
    }
]