[
    {
        "id": "1",
        "image": "downloaded_images/Buildings/Forbidden_City/image_20241017_203922_7.jpg",
        "conversations": [
            {
                "from": "human",
                "value": "<image>\nWhat is this building called?"
            },
            {
                "from": "gpt",
                "value": "The name of this building is the Forbidden City."
            }
        ]
    },
    {
        "id": "2",
        "image": "downloaded_images/Buildings/Forbidden_City/image_20241017_204119_14.jpg",
        "conversations": [
            {
                "from": "human",
                "value": "<image>\nWhat was the building originally designed for?"
            },
            {
                "from": "gpt",
                "value": "The original purpose of the Forbidden City was to serve as the imperial palace for the Ming and Qing dynasties, housing the emperor and his household, as well as serving as the ceremonial and political center of Chinese government."
            }
        ]
    },
    {
        "id": "3",
        "image": "downloaded_images/Buildings/Forbidden_City/image_20241017_204119_14.jpg",
        "conversations": [
            {
                "from": "human",
                "value": "<image>\nIs this building accessible to the public?"
            },
            {
                "from": "gpt",
                "value": "Yes, the Forbidden City is open to the public and is now a museum known as the Palace Museum, allowing visitors to explore its vast grounds and historical artifacts."
            }
        ]
    }
]