[
    {
        "id": "66",
        "image": "downloaded_images/TV series/Friends_TV_Show/image_20241018_184546_1.jpg",
        "conversations": [
            {
                "from": "human",
                "value": "<image>\nWhat is the name of this TV series?"
            },
            {
                "from": "gpt",
                "value": "The title of the TV series is \"Friends.\""
            }
        ]
    },
    {
        "id": "67",
        "image": "downloaded_images/TV series/Friends_TV_Show/image_20241018_184546_1.jpg",
        "conversations": [
            {
                "from": "human",
                "value": "<image>\nWho is the creator or producer of this TV series?"
            },
            {
                "from": "gpt",
                "value": "\"Friends\" was created by David Crane and Marta Kauffman, and it was produced by Kevin S. Bright, Marta Kauffman, and David Crane."
            }
        ]
    },
    {
        "id": "68",
        "image": "downloaded_images/TV series/Friends_TV_Show/image_20241018_184649_6.jpg",
        "conversations": [
            {
                "from": "human",
                "value": "<image>\nWhen did this TV series debut?"
            },
            {
                "from": "gpt",
                "value": "\"Friends\" first premiered on September 22, 1994."
            }
        ]
    },
    {
        "id": "69",
        "image": "downloaded_images/TV series/Friends_TV_Show/image_20241018_184649_6.jpg",
        "conversations": [
            {
                "from": "human",
                "value": "<image>\nWho are the lead actors and actresses in this TV series?"
            },
            {
                "from": "gpt",
                "value": "The main actors and actresses in \"Friends\" are Jennifer Aniston (Rachel Green), Courteney Cox (Monica Geller), Lisa Kudrow (Phoebe Buffay), Matt LeBlanc (Joey Tribbiani), Matthew Perry (Chandler Bing), and David Schwimmer (Ross Geller)."
            }
        ]
    },
    {
        "id": "70",
        "image": "downloaded_images/TV series/Friends_TV_Show/image_20241018_184805_15.jpg",
        "conversations": [
            {
                "from": "human",
                "value": "<image>\nWhat is the main plot or premise of this TV series?"
            },
            {
                "from": "gpt",
                "value": "The central storyline of \"Friends\" revolves around a group of six friends\u2014Rachel, Ross, Monica, Chandler, Joey, and Phoebe\u2014living in New York City as they navigate the ups and downs of life, love, and friendship. The series explores their relationships, personal growth, and comedic adventures over the course of ten seasons."
            }
        ]
    }
]