[
    {
        "id": "35",
        "image": "downloaded_images/Cartoon/Himouto!_Umaru-chan/image_20241018_111826_11.jpg",
        "conversations": [
            {
                "from": "human",
                "value": "<image>\nWhat is the name of this cartoon?"
            },
            {
                "from": "gpt",
                "value": "**\n   - The title of this cartoon is \"Himouto! Umaru-chan.\""
            }
        ]
    },
    {
        "id": "36",
        "image": "downloaded_images/Cartoon/Himouto!_Umaru-chan/image_20241018_111826_11.jpg",
        "conversations": [
            {
                "from": "human",
                "value": "<image>\nWho is the creator or producer of this cartoon?"
            },
            {
                "from": "gpt",
                "value": "**\n   - \"Himouto! Umaru-chan\" was created by Sankaku Head and produced by the animation studio Doga Kobo."
            }
        ]
    },
    {
        "id": "37",
        "image": "downloaded_images/Cartoon/Himouto!_Umaru-chan/image_20241018_111641_1.jpg",
        "conversations": [
            {
                "from": "human",
                "value": "<image>\nWho are the primary characters in this cartoon?"
            },
            {
                "from": "gpt",
                "value": "**\n   - The main characters include Umaru Doma, her older brother Taihei Doma, and their friends, including Kirie Motoba and Sylphynford Tachibana."
            }
        ]
    },
    {
        "id": "38",
        "image": "downloaded_images/Cartoon/Himouto!_Umaru-chan/image_20241018_111706_4.jpg",
        "conversations": [
            {
                "from": "human",
                "value": "<image>\nWhat is the main plot or premise of this cartoon?"
            },
            {
                "from": "gpt",
                "value": "**\n   - The central storyline revolves around Umaru Doma, a seemingly perfect high school girl who leads a double life. While she appears to be an ideal student and model citizen at school, at home, she transforms into a lazy, otaku girl who enjoys playing video games, eating junk food, and watching anime. The series humorously explores her interactions with her brother and friends as they navigate the challenges of her dual life."
            }
        ]
    }
]