[
    {
        "id": "56",
        "image": "downloaded_images/Corporation/Intel_Logo/image_20241018_124807_1.jpg",
        "conversations": [
            {
                "from": "human",
                "value": "<image>\nWhat is this corporation called?"
            },
            {
                "from": "gpt",
                "value": "Intel Corporation"
            }
        ]
    },
    {
        "id": "57",
        "image": "downloaded_images/Corporation/Intel_Logo/image_20241018_125118_18.jpg",
        "conversations": [
            {
                "from": "human",
                "value": "<image>\nWhen was this corporation established, and who founded it?"
            },
            {
                "from": "gpt",
                "value": "Intel was founded on July 18, 1968, by Robert Noyce and Gordon Moore."
            }
        ]
    },
    {
        "id": "58",
        "image": "downloaded_images/Corporation/Intel_Logo/image_20241018_125054_15.jpg",
        "conversations": [
            {
                "from": "human",
                "value": "<image>\nWhere is the headquarters of this corporation situated?"
            },
            {
                "from": "gpt",
                "value": "Intel's headquarters is located in Santa Clara, California, USA."
            }
        ]
    },
    {
        "id": "59",
        "image": "downloaded_images/Corporation/Intel_Logo/image_20241018_125037_13.jpg",
        "conversations": [
            {
                "from": "human",
                "value": "<image>\nWhat are the main products or services offered by this corporation?"
            },
            {
                "from": "gpt",
                "value": "Intel primarily produces semiconductor products, including microprocessors, integrated circuits, and other hardware components for computers and electronic devices. They also provide solutions for data centers, Internet of Things (IoT), and artificial intelligence."
            }
        ]
    },
    {
        "id": "60",
        "image": "downloaded_images/Corporation/Intel_Logo/image_20241018_125037_13.jpg",
        "conversations": [
            {
                "from": "human",
                "value": "<image>\nIn which industry does this corporation operate?"
            },
            {
                "from": "gpt",
                "value": "Intel operates in the semiconductor and technology industry."
            }
        ]
    }
]