[
    {
        "id": "1",
        "image": "downloaded_images/Movies/Interstellar/image_20241018_142946_2.jpg",
        "conversations": [
            {
                "from": "human",
                "value": "<image>\nWhat is the name of this movie?"
            },
            {
                "from": "gpt",
                "value": "The title of the movie is \"Interstellar.\""
            }
        ]
    },
    {
        "id": "2",
        "image": "downloaded_images/Movies/Interstellar/image_20241018_142957_3.jpg",
        "conversations": [
            {
                "from": "human",
                "value": "<image>\nWho is the director of this movie?"
            },
            {
                "from": "gpt",
                "value": "The film was directed by Christopher Nolan."
            }
        ]
    },
    {
        "id": "3",
        "image": "downloaded_images/Movies/Interstellar/image_20241107_115225_1.jpg",
        "conversations": [
            {
                "from": "human",
                "value": "<image>\nWhen did this movie come out?"
            },
            {
                "from": "gpt",
                "value": "\"Interstellar\" was released on November 7, 2014."
            }
        ]
    },
    {
        "id": "4",
        "image": "downloaded_images/Movies/Interstellar/image_20241107_115225_1.jpg",
        "conversations": [
            {
                "from": "human",
                "value": "<image>\nWho are the lead actors or actresses in this movie?"
            },
            {
                "from": "gpt",
                "value": "The main actors in \"Interstellar\" include Matthew McConaughey, Anne Hathaway, Jessica Chastain, Michael Caine, and Matt Damon."
            }
        ]
    },
    {
        "id": "5",
        "image": "downloaded_images/Movies/Interstellar/image_20241107_115225_1.jpg",
        "conversations": [
            {
                "from": "human",
                "value": "<image>\nWhat is the main plot or storyline of this movie?"
            },
            {
                "from": "gpt",
                "value": "\"Interstellar\" follows a group of astronauts who embark on a journey through a wormhole near Saturn in search of a new habitable planet for humanity, as Earth faces ecological collapse. The film explores themes of love, sacrifice, and the complexities of time and space, as the protagonist, Cooper, struggles to save humanity while also trying to maintain a connection with his daughter back on Earth."
            }
        ]
    }
]