[
    {
        "id": "60",
        "image": "downloaded_images/Personage/Isaac_Newton/image_20241018_155342_4.jpg",
        "conversations": [
            {
                "from": "human",
                "value": "<image>\nWhat is the name of this individual?"
            },
            {
                "from": "gpt",
                "value": "Isaac Newton"
            }
        ]
    },
    {
        "id": "61",
        "image": "downloaded_images/Personage/Isaac_Newton/image_20241018_155646_23.jpg",
        "conversations": [
            {
                "from": "human",
                "value": "<image>\nWhen and where was this individual born?"
            },
            {
                "from": "gpt",
                "value": "Isaac Newton was born on January 4, 1643, in Woolsthorpe, Lincolnshire, England."
            }
        ]
    },
    {
        "id": "62",
        "image": "downloaded_images/Personage/Isaac_Newton/image_20241018_155646_23.jpg",
        "conversations": [
            {
                "from": "human",
                "value": "<image>\nWhat is this individual's occupation?"
            },
            {
                "from": "gpt",
                "value": "Isaac Newton was a mathematician, physicist, astronomer, and author."
            }
        ]
    },
    {
        "id": "63",
        "image": "downloaded_images/Personage/Isaac_Newton/image_20241018_155646_23.jpg",
        "conversations": [
            {
                "from": "human",
                "value": "<image>\nWhat are this person's notable works or achievements?"
            },
            {
                "from": "gpt",
                "value": "Isaac Newton is best known for his work in mathematics and physics, particularly for formulating the laws of motion and universal gravitation. His major works include \"Philosophi\u00e6 Naturalis Principia Mathematica\" (Mathematical Principles of Natural Philosophy), published in 1687, which laid the groundwork for classical mechanics. He also made significant contributions to calculus, optics, and the study of light."
            }
        ]
    },
    {
        "id": "64",
        "image": "downloaded_images/Personage/Isaac_Newton/image_20241018_155342_4.jpg",
        "conversations": [
            {
                "from": "human",
                "value": "<image>\nHow has this person contributed to society or their industry?"
            },
            {
                "from": "gpt",
                "value": "Isaac Newton's contributions have had a profound impact on science and mathematics. His laws of motion and universal gravitation provided a framework for understanding the physical world and laid the foundation for modern physics. His work in calculus has been essential for advancements in engineering, economics, and various scientific fields. Additionally, his studies in optics led to the development of the reflecting telescope, which improved astronomical observations. Newton's influence extends beyond science into philosophy and the scientific method, shaping the way we approach inquiry and understanding in various disciplines."
            }
        ]
    }
]