[
    {
        "id": "39",
        "image": "downloaded_images/Personage/J.K._Rowling/image_20241018_214700_13.jpg",
        "conversations": [
            {
                "from": "human",
                "value": "<image>\nWhen and where was this individual born?"
            },
            {
                "from": "gpt",
                "value": "J.K. Rowling was born on July 31, 1965, in Yate, Gloucestershire, England."
            }
        ]
    },
    {
        "id": "40",
        "image": "downloaded_images/Personage/J.K._Rowling/image_20241018_214700_13.jpg",
        "conversations": [
            {
                "from": "human",
                "value": "<image>\nWhat is this individual's occupation?"
            },
            {
                "from": "gpt",
                "value": "J.K. Rowling is a novelist, screenwriter, and producer."
            }
        ]
    },
    {
        "id": "41",
        "image": "downloaded_images/Personage/J.K._Rowling/image_20241018_214700_13.jpg",
        "conversations": [
            {
                "from": "human",
                "value": "<image>\nWhat are this person's notable works or achievements?"
            },
            {
                "from": "gpt",
                "value": "J.K. Rowling is best known for writing the \"Harry Potter\" series, which includes seven books published between 1997 and 2007. The series has sold over 500 million copies worldwide and has been adapted into a successful film franchise. She has also written \"The Casual Vacancy\" and the \"Cormoran Strike\" detective series under the pseudonym Robert Galbraith."
            }
        ]
    },
    {
        "id": "42",
        "image": "downloaded_images/Personage/J.K._Rowling/image_20241018_214700_13.jpg",
        "conversations": [
            {
                "from": "human",
                "value": "<image>\nHow has this person contributed to society or their industry?"
            },
            {
                "from": "gpt",
                "value": "J.K. Rowling's contributions to society include her philanthropic efforts through her charity, Volant Charitable Trust, and her work with the Anne Rowling Regenerative Neurology Clinic. She has also been an advocate for various social issues, including children's welfare, multiple sclerosis research, and anti-poverty initiatives. Additionally, her work has had a significant impact on children's literature and has inspired a new generation of readers."
            }
        ]
    }
]