[
    {
        "id": "78",
        "image": "downloaded_images/Astronomy/Jupiter/image_20241017_195958_8.jpg",
        "conversations": [
            {
                "from": "human",
                "value": "<image>\nWhat is this planet called?"
            },
            {
                "from": "gpt",
                "value": "Jupiter"
            }
        ]
    },
    {
        "id": "79",
        "image": "downloaded_images/Astronomy/Jupiter/image_20241017_195924_4.jpg",
        "conversations": [
            {
                "from": "human",
                "value": "<image>\nWhat is its rank in the solar system (e.g., 1st from the Sun)?"
            },
            {
                "from": "gpt",
                "value": "5th from the Sun"
            }
        ]
    },
    {
        "id": "80",
        "image": "downloaded_images/Astronomy/Jupiter/image_20241017_195933_5.jpg",
        "conversations": [
            {
                "from": "human",
                "value": "<image>\nHow is this planet classified (terrestrial, gas giant, ice giant)?"
            },
            {
                "from": "gpt",
                "value": "Gas giant"
            }
        ]
    },
    {
        "id": "81",
        "image": "downloaded_images/Astronomy/Jupiter/image_20241017_195958_8.jpg",
        "conversations": [
            {
                "from": "human",
                "value": "<image>\nDoes this planet possess a ring system? If yes, how extensive is it?"
            },
            {
                "from": "gpt",
                "value": "If so, how extensive is it?  \n   Yes, Jupiter has a faint ring system. It is not as extensive or prominent as the rings of Saturn, consisting mainly of four main rings that are thin and composed of dust particles."
            }
        ]
    },
    {
        "id": "82",
        "image": "downloaded_images/Astronomy/Jupiter/image_20241017_195853_1.jpg",
        "conversations": [
            {
                "from": "human",
                "value": "<image>\nHow long does it take for this planet to complete an orbit around the Sun?"
            },
            {
                "from": "gpt",
                "value": "Approximately 11.86 Earth years (about 4,333 Earth days)."
            }
        ]
    }
]