[
    {
        "id": "12",
        "image": "downloaded_images/Personage/Kobe_Bryant/image_20241018_170603_23.jpg",
        "conversations": [
            {
                "from": "human",
                "value": "<image>\nWhat is the name of this individual?"
            },
            {
                "from": "gpt",
                "value": "Kobe Bryant"
            }
        ]
    },
    {
        "id": "13",
        "image": "downloaded_images/Personage/Kobe_Bryant/image_20241018_170224_2.jpg",
        "conversations": [
            {
                "from": "human",
                "value": "<image>\nWhen and where was this individual born?"
            },
            {
                "from": "gpt",
                "value": "Kobe Bryant was born on August 23, 1978, in Philadelphia, Pennsylvania, USA."
            }
        ]
    },
    {
        "id": "14",
        "image": "downloaded_images/Personage/Kobe_Bryant/image_20241018_170231_3.jpg",
        "conversations": [
            {
                "from": "human",
                "value": "<image>\nWhat is this individual's occupation?"
            },
            {
                "from": "gpt",
                "value": "Kobe Bryant was a professional basketball player."
            }
        ]
    },
    {
        "id": "15",
        "image": "downloaded_images/Personage/Kobe_Bryant/image_20241018_170239_4.jpg",
        "conversations": [
            {
                "from": "human",
                "value": "<image>\nWhat are this person's notable works or achievements?"
            },
            {
                "from": "gpt",
                "value": "Kobe Bryant is best known for his time with the Los Angeles Lakers in the NBA, where he won five NBA championships (2000, 2001, 2002, 2009, 2010). He was an 18-time NBA All-Star, 15-time member of the All-NBA Team, and won the NBA Most Valuable Player (MVP) award in 2008. He also won two Olympic gold medals with the USA Basketball team in 2008 and 2012."
            }
        ]
    },
    {
        "id": "16",
        "image": "downloaded_images/Personage/Kobe_Bryant/image_20241018_170231_3.jpg",
        "conversations": [
            {
                "from": "human",
                "value": "<image>\nHow has this person contributed to society or their industry?"
            },
            {
                "from": "gpt",
                "value": "Beyond his achievements on the court, Kobe Bryant made significant contributions to society through his philanthropic efforts, including the Kobe and Vanessa Bryant Family Foundation, which focuses on youth and family support. He was also involved in various business ventures, including his production company, Granity Studios, which aimed to inspire young people through storytelling. Additionally, he won an Academy Award for Best Animated Short Film for \"Dear Basketball,\" showcasing his impact on the arts and media. His legacy continues to inspire athletes and fans around the world."
            }
        ]
    }
]