[
    {
        "id": "80",
        "image": "downloaded_images/Personage/Lady_Gaga/image_20241018_161728_3.jpg",
        "conversations": [
            {
                "from": "human",
                "value": "<image>\nWhat is the name of this individual?"
            },
            {
                "from": "gpt",
                "value": "Lady Gaga"
            }
        ]
    },
    {
        "id": "81",
        "image": "downloaded_images/Personage/Lady_Gaga/image_20241018_161728_3.jpg",
        "conversations": [
            {
                "from": "human",
                "value": "<image>\nWhat is this individual's occupation?"
            },
            {
                "from": "gpt",
                "value": "Lady Gaga is a singer, songwriter, and actress."
            }
        ]
    },
    {
        "id": "82",
        "image": "downloaded_images/Personage/Lady_Gaga/image_20241018_161728_3.jpg",
        "conversations": [
            {
                "from": "human",
                "value": "<image>\nWhat are this person's notable works or achievements?"
            },
            {
                "from": "gpt",
                "value": "Lady Gaga is known for numerous hit songs, including \"Just Dance,\" \"Poker Face,\" \"Bad Romance,\" \"Shallow,\" and \"Rain on Me.\" She has released several successful albums, such as \"The Fame,\" \"Born This Way,\" and \"Chromatica.\" Gaga has won multiple awards, including 13 Grammy Awards, an Academy Award for Best Original Song for \"Shallow,\" and a Golden Globe Award for her role in \"American Horror Story: Hotel.\""
            }
        ]
    },
    {
        "id": "83",
        "image": "downloaded_images/Personage/Lady_Gaga/image_20241018_161728_3.jpg",
        "conversations": [
            {
                "from": "human",
                "value": "<image>\nHow has this person contributed to society or their industry?"
            },
            {
                "from": "gpt",
                "value": "Lady Gaga has made significant contributions to the music industry with her innovative style and powerful performances, influencing pop culture and music trends. Beyond her artistic achievements, she is an advocate for mental health awareness, LGBTQ+ rights, and anti-bullying initiatives. She founded the Born This Way Foundation, which focuses on empowering youth and promoting kindness and acceptance. Gaga has also used her platform to raise awareness about various social issues, including sexual assault and mental health, making her a prominent figure in activism."
            }
        ]
    }
]