[
    {
        "id": "36",
        "image": "downloaded_images/Personage/Leonardo_DiCaprio/image_20241018_151635_13.jpg",
        "conversations": [
            {
                "from": "human",
                "value": "<image>\nWhat is the name of this individual?"
            },
            {
                "from": "gpt",
                "value": "Leonardo DiCaprio"
            }
        ]
    },
    {
        "id": "37",
        "image": "downloaded_images/Personage/Leonardo_DiCaprio/image_20241018_151635_13.jpg",
        "conversations": [
            {
                "from": "human",
                "value": "<image>\nWhen and where was this individual born?"
            },
            {
                "from": "gpt",
                "value": "Leonardo DiCaprio was born on November 11, 1974, in Los Angeles, California, USA."
            }
        ]
    },
    {
        "id": "38",
        "image": "downloaded_images/Personage/Leonardo_DiCaprio/image_20241018_151739_21.jpg",
        "conversations": [
            {
                "from": "human",
                "value": "<image>\nWhat is this individual's occupation?"
            },
            {
                "from": "gpt",
                "value": "Leonardo DiCaprio is an actor and film producer."
            }
        ]
    },
    {
        "id": "39",
        "image": "downloaded_images/Personage/Leonardo_DiCaprio/image_20241018_151627_12.jpg",
        "conversations": [
            {
                "from": "human",
                "value": "<image>\nWhat are this person's notable works or achievements?"
            },
            {
                "from": "gpt",
                "value": "Leonardo DiCaprio is known for his roles in numerous critically acclaimed films, including \"Titanic,\" \"Inception,\" \"The Wolf of Wall Street,\" \"The Revenant,\" for which he won an Academy Award for Best Actor, and \"Once Upon a Time in Hollywood.\" He has received multiple awards, including Golden Globe Awards and BAFTA Awards, and is recognized as one of the leading actors of his generation."
            }
        ]
    },
    {
        "id": "40",
        "image": "downloaded_images/Personage/Leonardo_DiCaprio/image_20241018_151635_13.jpg",
        "conversations": [
            {
                "from": "human",
                "value": "<image>\nHow has this person contributed to society or their industry?"
            },
            {
                "from": "gpt",
                "value": "Beyond his acting career, Leonardo DiCaprio is a prominent environmental activist. He founded the Leonardo DiCaprio Foundation in 1998, which focuses on global warming, preserving Earth's biodiversity, and supporting renewable energy. He has produced documentaries and films that raise awareness about climate change and environmental issues, such as \"Before the Flood.\" His advocacy work has significantly contributed to the conversation around environmental protection and sustainability."
            }
        ]
    }
]