[
    {
        "id": "30",
        "image": "downloaded_images/Animals/Live_Chicken/image_20241017_120857_3.jpg",
        "conversations": [
            {
                "from": "human",
                "value": "<image>\nWhat is this animal commonly called?"
            },
            {
                "from": "gpt",
                "value": "Chicken"
            }
        ]
    },
    {
        "id": "31",
        "image": "downloaded_images/Animals/Live_Chicken/image_20241105_161122_14.jpg",
        "conversations": [
            {
                "from": "human",
                "value": "<image>\nTo which family or order does this animal belong?"
            },
            {
                "from": "gpt",
                "value": "Chickens belong to the family Phasianidae and the order Galliformes."
            }
        ]
    },
    {
        "id": "32",
        "image": "downloaded_images/Animals/Live_Chicken/image_20241105_161151_17.jpg",
        "conversations": [
            {
                "from": "human",
                "value": "<image>\nWhat type of diet does this animal have (herbivore, carnivore, omnivore)?"
            },
            {
                "from": "gpt",
                "value": "They eat a variety of food, including seeds, insects, and small animals like lizards or even mice when available, as well as plant materials."
            }
        ]
    },
    {
        "id": "33",
        "image": "downloaded_images/Animals/Live_Chicken/image_20241017_121103_19.jpg",
        "conversations": [
            {
                "from": "human",
                "value": "<image>\nIs this animal indigenous to a particular region or is it found worldwide?"
            },
            {
                "from": "gpt",
                "value": "Chickens are originally native to the forests of Southeast Asia, especially regions around India and Thailand. However, they have been domesticated and are now found globally."
            }
        ]
    }
]