[
    {
        "id": "24",
        "image": "downloaded_images/Personage/Marilyn_Monroe/image_20241018_212943_24.jpg",
        "conversations": [
            {
                "from": "human",
                "value": "<image>\nWhat is the name of this individual?"
            },
            {
                "from": "gpt",
                "value": "Marilyn Monroe"
            }
        ]
    },
    {
        "id": "25",
        "image": "downloaded_images/Personage/Marilyn_Monroe/image_20241018_212550_1.jpg",
        "conversations": [
            {
                "from": "human",
                "value": "<image>\nWhen and where was this individual born?"
            },
            {
                "from": "gpt",
                "value": "Marilyn Monroe was born on June 1, 1926, in Los Angeles, California, USA."
            }
        ]
    },
    {
        "id": "26",
        "image": "downloaded_images/Personage/Marilyn_Monroe/image_20241018_212943_24.jpg",
        "conversations": [
            {
                "from": "human",
                "value": "<image>\nWhat is this individual's occupation?"
            },
            {
                "from": "gpt",
                "value": "Marilyn Monroe was an actress, model, and singer."
            }
        ]
    },
    {
        "id": "27",
        "image": "downloaded_images/Personage/Marilyn_Monroe/image_20241018_212846_18.jpg",
        "conversations": [
            {
                "from": "human",
                "value": "<image>\nWhat are this person's notable works or achievements?"
            },
            {
                "from": "gpt",
                "value": "Marilyn Monroe is best known for her roles in classic films such as \"Some Like It Hot,\" \"Gentlemen Prefer Blondes,\" and \"The Seven Year Itch.\" She became a major sex symbol of the 1950s and is recognized for her iconic performances and memorable quotes."
            }
        ]
    },
    {
        "id": "28",
        "image": "downloaded_images/Personage/Marilyn_Monroe/image_20241018_212550_1.jpg",
        "conversations": [
            {
                "from": "human",
                "value": "<image>\nHow has this person contributed to society or their industry?"
            },
            {
                "from": "gpt",
                "value": "Marilyn Monroe's contributions to society include challenging traditional gender roles and norms in Hollywood, as well as influencing the portrayal of women in film. She became a cultural icon, representing beauty and glamour, and her legacy continues to impact fashion, film, and popular culture. Additionally, her struggles with mental health and personal challenges have sparked discussions about the pressures faced by public figures."
            }
        ]
    }
]