[
    {
        "id": "74",
        "image": "downloaded_images/Astronomy/Mars/image_20241017_193212_4.jpg",
        "conversations": [
            {
                "from": "human",
                "value": "<image>\nWhat is this planet called?"
            },
            {
                "from": "gpt",
                "value": "Mars"
            }
        ]
    },
    {
        "id": "75",
        "image": "downloaded_images/Astronomy/Mars/image_20241017_193212_4.jpg",
        "conversations": [
            {
                "from": "human",
                "value": "<image>\nWhat is its rank in the solar system (e.g., 1st from the Sun)?"
            },
            {
                "from": "gpt",
                "value": "4th from the Sun"
            }
        ]
    },
    {
        "id": "76",
        "image": "downloaded_images/Astronomy/Mars/image_20241017_193312_10.jpg",
        "conversations": [
            {
                "from": "human",
                "value": "<image>\nHow is this planet classified (terrestrial, gas giant, ice giant)?"
            },
            {
                "from": "gpt",
                "value": "Terrestrial"
            }
        ]
    },
    {
        "id": "77",
        "image": "downloaded_images/Astronomy/Mars/image_20241017_193212_4.jpg",
        "conversations": [
            {
                "from": "human",
                "value": "<image>\nHow long does it take for this planet to complete an orbit around the Sun?"
            },
            {
                "from": "gpt",
                "value": "Approximately 687 Earth days."
            }
        ]
    }
]