[
    {
        "id": "6",
        "image": "downloaded_images/Cartoon/Naruto/image_20241018_102106_2.jpg",
        "conversations": [
            {
                "from": "human",
                "value": "<image>\nWhat is the name of this cartoon?"
            },
            {
                "from": "gpt",
                "value": "The title of this cartoon is \"Naruto.\""
            }
        ]
    },
    {
        "id": "7",
        "image": "downloaded_images/Cartoon/Naruto/image_20241018_102106_2.jpg",
        "conversations": [
            {
                "from": "human",
                "value": "<image>\nWho is the creator or producer of this cartoon?"
            },
            {
                "from": "gpt",
                "value": "\"Naruto\" was created by Masashi Kishimoto and produced by Pierrot and TV Tokyo."
            }
        ]
    },
    {
        "id": "8",
        "image": "downloaded_images/Cartoon/Naruto/image_20241018_102148_7.jpg",
        "conversations": [
            {
                "from": "human",
                "value": "<image>\nWhen did this cartoon first debut or air?"
            },
            {
                "from": "gpt",
                "value": "\"Naruto\" first aired on October 3, 2002."
            }
        ]
    },
    {
        "id": "9",
        "image": "downloaded_images/Cartoon/Naruto/image_20241018_102148_7.jpg",
        "conversations": [
            {
                "from": "human",
                "value": "<image>\nWho are the primary characters in this cartoon?"
            },
            {
                "from": "gpt",
                "value": "The main characters in \"Naruto\" include Naruto Uzumaki, Sasuke Uchiha, Sakura Haruno, Kakashi Hatake, and many others from the Hidden Leaf Village."
            }
        ]
    },
    {
        "id": "10",
        "image": "downloaded_images/Cartoon/Naruto/image_20241106_153037_9.jpg",
        "conversations": [
            {
                "from": "human",
                "value": "<image>\nWhat is the main plot or premise of this cartoon?"
            },
            {
                "from": "gpt",
                "value": "The central storyline of \"Naruto\" follows Naruto Uzumaki, a young ninja with dreams of becoming the strongest ninja and the leader of his village, known as the Hokage. He seeks recognition and acceptance from his peers while overcoming various challenges, including his own struggles with being the host of the Nine-Tails Fox, a powerful beast that attacked his village in the past. The series explores themes of friendship, perseverance, and the journey of self-discovery."
            }
        ]
    }
]