[
    {
        "id": "87",
        "image": "downloaded_images/Astronomy/Neptune/image_20241017_203233_5.jpg",
        "conversations": [
            {
                "from": "human",
                "value": "<image>\nWhat is this planet called?"
            },
            {
                "from": "gpt",
                "value": "Neptune"
            }
        ]
    },
    {
        "id": "88",
        "image": "downloaded_images/Astronomy/Neptune/image_20241017_203233_5.jpg",
        "conversations": [
            {
                "from": "human",
                "value": "<image>\nWhat is its rank in the solar system (e.g., 1st from the Sun)?"
            },
            {
                "from": "gpt",
                "value": "8th from the Sun"
            }
        ]
    },
    {
        "id": "89",
        "image": "downloaded_images/Astronomy/Neptune/image_20241017_203233_5.jpg",
        "conversations": [
            {
                "from": "human",
                "value": "<image>\nHow is this planet classified (terrestrial, gas giant, ice giant)?"
            },
            {
                "from": "gpt",
                "value": "Ice giant"
            }
        ]
    },
    {
        "id": "90",
        "image": "downloaded_images/Astronomy/Neptune/image_20241017_203403_13.jpg",
        "conversations": [
            {
                "from": "human",
                "value": "<image>\nDoes this planet possess a ring system? If yes, how extensive is it?"
            },
            {
                "from": "gpt",
                "value": "If so, how extensive is it?  \n   Yes, Neptune has a ring system, but it is relatively faint and consists of several narrow rings. The rings are not as extensive or prominent as those of Saturn."
            }
        ]
    },
    {
        "id": "91",
        "image": "downloaded_images/Astronomy/Neptune/image_20241017_203233_5.jpg",
        "conversations": [
            {
                "from": "human",
                "value": "<image>\nHow long does it take for this planet to complete an orbit around the Sun?"
            },
            {
                "from": "gpt",
                "value": "Neptune takes about 165 Earth years to complete one orbit around the Sun."
            }
        ]
    }
]