[
    {
        "id": "47",
        "image": "downloaded_images/Plants/Onion/image_20241018_183603_11.jpg",
        "conversations": [
            {
                "from": "human",
                "value": "<image>\nWhat is the name of the plant in picture?"
            },
            {
                "from": "gpt",
                "value": "The common name of this plant is Onion."
            }
        ]
    },
    {
        "id": "48",
        "image": "downloaded_images/Plants/Onion/image_20241018_183635_15.jpg",
        "conversations": [
            {
                "from": "human",
                "value": "<image>\nWhich family or genus does this plant belong to?"
            },
            {
                "from": "gpt",
                "value": "The onion belongs to the genus Allium and is part of the Amaryllidaceae family."
            }
        ]
    },
    {
        "id": "49",
        "image": "downloaded_images/Plants/Onion/image_20241018_183603_11.jpg",
        "conversations": [
            {
                "from": "human",
                "value": "<image>\nHow does this plant reproduce?"
            },
            {
                "from": "gpt",
                "value": "Onions primarily reproduce through seeds, but they can also be propagated through bulb division or sets (small bulbs)."
            }
        ]
    },
    {
        "id": "50",
        "image": "downloaded_images/Plants/Onion/image_20241018_183710_19.jpg",
        "conversations": [
            {
                "from": "human",
                "value": "<image>\nIs this plant indigenous to a specific region or is it found worldwide?"
            },
            {
                "from": "gpt",
                "value": "Onions are believed to be native to Central Asia, particularly Iran and Pakistan, but they are now cultivated globally in many regions."
            }
        ]
    },
    {
        "id": "51",
        "image": "downloaded_images/Plants/Onion/image_20241018_183523_6.jpg",
        "conversations": [
            {
                "from": "human",
                "value": "<image>\nHow does this plant grow?"
            },
            {
                "from": "gpt",
                "value": "The onion grows as a herbaceous plant, typically forming a bulb underground and producing green leaves above ground."
            }
        ]
    }
]