[
    {
        "id": "34",
        "image": "downloaded_images/Buildings/Parthenon/image_20241018_000415_7.jpg",
        "conversations": [
            {
                "from": "human",
                "value": "<image>\nWhat is this building called?"
            },
            {
                "from": "gpt",
                "value": "The name of this building is the Parthenon."
            }
        ]
    },
    {
        "id": "35",
        "image": "downloaded_images/Buildings/Parthenon/image_20241018_000517_12.jpg",
        "conversations": [
            {
                "from": "human",
                "value": "<image>\nWhere can it be found?"
            },
            {
                "from": "gpt",
                "value": "The Parthenon is located on the Acropolis of Athens, Greece."
            }
        ]
    },
    {
        "id": "36",
        "image": "downloaded_images/Buildings/Parthenon/image_20241018_000403_6.jpg",
        "conversations": [
            {
                "from": "human",
                "value": "<image>\nWhat was the building originally designed for?"
            },
            {
                "from": "gpt",
                "value": "The original purpose of the Parthenon was to serve as a temple dedicated to the goddess Athena, who was considered the patroness of the city of Athens."
            }
        ]
    },
    {
        "id": "37",
        "image": "downloaded_images/Buildings/Parthenon/image_20241018_000501_11.jpg",
        "conversations": [
            {
                "from": "human",
                "value": "<image>\nIs this building accessible to the public?"
            },
            {
                "from": "gpt",
                "value": "Yes, the Parthenon is open to the public, and visitors can explore the Acropolis site, which includes the Parthenon and other ancient structures. However, access may be subject to certain regulations and hours of operation."
            }
        ]
    }
]