[
    {
        "id": "62",
        "image": "downloaded_images/Animals/Penguin/image_20241017_183935_16.jpg",
        "conversations": [
            {
                "from": "human",
                "value": "<image>\nWhat is this animal commonly called?"
            },
            {
                "from": "gpt",
                "value": "Penguin"
            }
        ]
    },
    {
        "id": "63",
        "image": "downloaded_images/Animals/Penguin/image_20241017_183823_8.jpg",
        "conversations": [
            {
                "from": "human",
                "value": "<image>\nTo which family or order does this animal belong?"
            },
            {
                "from": "gpt",
                "value": "Penguins belong to the family Spheniscidae and the order Sphenisciformes."
            }
        ]
    },
    {
        "id": "64",
        "image": "downloaded_images/Animals/Penguin/image_20241017_183747_4.jpg",
        "conversations": [
            {
                "from": "human",
                "value": "<image>\nWhat type of diet does this animal have (herbivore, carnivore, omnivore)?"
            },
            {
                "from": "gpt",
                "value": "Penguins are carnivores; they primarily eat fish, squid, and krill."
            }
        ]
    },
    {
        "id": "65",
        "image": "downloaded_images/Animals/Penguin/image_20241017_183907_13.jpg",
        "conversations": [
            {
                "from": "human",
                "value": "<image>\nIs this animal indigenous to a particular region or is it found worldwide?"
            },
            {
                "from": "gpt",
                "value": "Penguins are primarily native to the Southern Hemisphere, with the majority found in and around Antarctica. Some species can also be found on the coasts of South America, Africa, Australia, and New Zealand."
            }
        ]
    },
    {
        "id": "66",
        "image": "downloaded_images/Animals/Penguin/image_20241017_183806_6.jpg",
        "conversations": [
            {
                "from": "human",
                "value": "<image>\nWhat are the reproductive habits of this animal (mating behaviors, gestation period)?"
            },
            {
                "from": "gpt",
                "value": "Penguins typically mate for life and engage in courtship behaviors such as vocalizations and displays. They lay eggs, usually one or two, depending on the species. The incubation period varies by species but generally lasts about 30 to 60 days. After hatching, both parents often share the responsibility of feeding and caring for the chicks."
            }
        ]
    }
]