[
    {
        "id": "21",
        "image": "downloaded_images/Animals/Pig/image_20241017_112020_4.jpg",
        "conversations": [
            {
                "from": "human",
                "value": "<image>\nWhat is this animal commonly called?"
            },
            {
                "from": "gpt",
                "value": "Pig"
            }
        ]
    },
    {
        "id": "22",
        "image": "downloaded_images/Animals/Pig/image_20241017_111954_1.jpg",
        "conversations": [
            {
                "from": "human",
                "value": "<image>\nTo which family or order does this animal belong?"
            },
            {
                "from": "gpt",
                "value": "Pigs belong to the family Suidae and the order Artiodactyla."
            }
        ]
    },
    {
        "id": "23",
        "image": "downloaded_images/Animals/Pig/image_20241017_111954_1.jpg",
        "conversations": [
            {
                "from": "human",
                "value": "<image>\nWhat type of diet does this animal have (herbivore, carnivore, omnivore)?"
            },
            {
                "from": "gpt",
                "value": "Pigs are omnivores, meaning they eat a variety of foods including plants, fruits, and small animals."
            }
        ]
    },
    {
        "id": "24",
        "image": "downloaded_images/Animals/Pig/image_20241017_112020_4.jpg",
        "conversations": [
            {
                "from": "human",
                "value": "<image>\nIs this animal indigenous to a particular region or is it found worldwide?"
            },
            {
                "from": "gpt",
                "value": "Pigs are originally native to Eurasia but have been domesticated and are now found globally in various environments."
            }
        ]
    },
    {
        "id": "25",
        "image": "downloaded_images/Animals/Pig/image_20241017_112119_11.jpg",
        "conversations": [
            {
                "from": "human",
                "value": "<image>\nWhat are the reproductive habits of this animal (mating behaviors, gestation period)?"
            },
            {
                "from": "gpt",
                "value": "Pigs typically mate through a process called \"courtship,\" where the male (boar) will display behaviors to attract the female (sow). The gestation period for pigs is about 114 days (approximately 3 months, 3 weeks, and 3 days), after which the sow gives birth to a litter of piglets."
            }
        ]
    }
]