[
    {
        "id": "30",
        "image": "downloaded_images/Cartoon/Pok\u00e9mon/image_20241018_110654_1.jpg",
        "conversations": [
            {
                "from": "human",
                "value": "<image>\nWhat is the name of this cartoon?"
            },
            {
                "from": "gpt",
                "value": "The title of the cartoon is \"Pok\u947c\u536aon.\""
            }
        ]
    },
    {
        "id": "31",
        "image": "downloaded_images/Cartoon/Pok\u00e9mon/image_20241018_110654_1.jpg",
        "conversations": [
            {
                "from": "human",
                "value": "<image>\nWho is the creator or producer of this cartoon?"
            },
            {
                "from": "gpt",
                "value": "\"Pok\u947c\u536aon\" was created by Satoshi Tajiri and Ken Sugimori, and it is produced by OLM, Inc. (formerly known as Shogakukan Productions)."
            }
        ]
    },
    {
        "id": "32",
        "image": "downloaded_images/Cartoon/Pok\u00e9mon/image_20241018_110822_9.jpg",
        "conversations": [
            {
                "from": "human",
                "value": "<image>\nWhen did this cartoon first debut or air?"
            },
            {
                "from": "gpt",
                "value": "The Pok\u947c\u536aon anime first aired in Japan on April 1, 1997."
            }
        ]
    },
    {
        "id": "33",
        "image": "downloaded_images/Cartoon/Pok\u00e9mon/image_20241018_110822_9.jpg",
        "conversations": [
            {
                "from": "human",
                "value": "<image>\nWho are the primary characters in this cartoon?"
            },
            {
                "from": "gpt",
                "value": "The main characters include Ash Ketchum (Satoshi in Japan), Pikachu, Misty (Kasumi), and Brock (Takeshi). Other recurring characters include Team Rocket members Jessie, James, and Meowth."
            }
        ]
    },
    {
        "id": "34",
        "image": "downloaded_images/Cartoon/Pok\u00e9mon/image_20241018_110654_1.jpg",
        "conversations": [
            {
                "from": "human",
                "value": "<image>\nWhat is the main plot or premise of this cartoon?"
            },
            {
                "from": "gpt",
                "value": "The central storyline follows Ash Ketchum, a Pok\u947c\u536aon Trainer, as he travels through various regions to become a Pok\u947c\u536aon Master. Along the way, he captures and trains Pok\u947c\u536aon, competes in battles, and participates in Pok\u947c\u536aon Leagues, all while encountering friends, rivals, and the villainous Team Rocket. The series emphasizes themes of friendship, adventure, and the bond between trainers and their Pok\u947c\u536aon."
            }
        ]
    }
]