[
    {
        "id": "29",
        "image": "downloaded_images/Buildings/Pyramids_of_Giza/image_20241017_225704_4.jpg",
        "conversations": [
            {
                "from": "human",
                "value": "<image>\nWhat is this building called?"
            },
            {
                "from": "gpt",
                "value": "The name of this building is the Pyramids of Giza."
            }
        ]
    },
    {
        "id": "30",
        "image": "downloaded_images/Buildings/Pyramids_of_Giza/image_20241017_225746_7.jpg",
        "conversations": [
            {
                "from": "human",
                "value": "<image>\nWhere can it be found?"
            },
            {
                "from": "gpt",
                "value": "The Pyramids of Giza are located on the Giza Plateau, near Cairo, Egypt."
            }
        ]
    },
    {
        "id": "31",
        "image": "downloaded_images/Buildings/Pyramids_of_Giza/image_20241017_225704_4.jpg",
        "conversations": [
            {
                "from": "human",
                "value": "<image>\nWhat was the building originally designed for?"
            },
            {
                "from": "gpt",
                "value": "The original purpose of the Pyramids of Giza was to serve as tombs for the pharaohs of ancient Egypt, specifically for Pharaoh Khufu (the Great Pyramid), Pharaoh Khafre, and Pharaoh Menkaure."
            }
        ]
    },
    {
        "id": "32",
        "image": "downloaded_images/Buildings/Pyramids_of_Giza/image_20241017_225727_6.jpg",
        "conversations": [
            {
                "from": "human",
                "value": "<image>\nIs this building accessible to the public?"
            },
            {
                "from": "gpt",
                "value": "Yes, the Pyramids of Giza are open to the public, and visitors can explore the site, including the pyramids and the Sphinx, as well as enter some of the tombs."
            }
        ]
    }
]