[
    {
        "id": "34",
        "image": "downloaded_images/Animals/Rabbit/image_20241017_143339_8.jpg",
        "conversations": [
            {
                "from": "human",
                "value": "<image>\nWhat is this animal commonly called?"
            },
            {
                "from": "gpt",
                "value": "Rabbit"
            }
        ]
    },
    {
        "id": "35",
        "image": "downloaded_images/Animals/Rabbit/image_20241017_143412_12.jpg",
        "conversations": [
            {
                "from": "human",
                "value": "<image>\nTo which family or order does this animal belong?"
            },
            {
                "from": "gpt",
                "value": "Rabbits belong to the family Leporidae and the order Lagomorpha."
            }
        ]
    },
    {
        "id": "36",
        "image": "downloaded_images/Animals/Rabbit/image_20241017_143446_16.jpg",
        "conversations": [
            {
                "from": "human",
                "value": "<image>\nWhat type of diet does this animal have (herbivore, carnivore, omnivore)?"
            },
            {
                "from": "gpt",
                "value": "Rabbits are herbivores, primarily eating grass, leaves, vegetables, and fruits."
            }
        ]
    },
    {
        "id": "37",
        "image": "downloaded_images/Animals/Rabbit/image_20241017_143607_25.jpg",
        "conversations": [
            {
                "from": "human",
                "value": "<image>\nIs this animal indigenous to a particular region or is it found worldwide?"
            },
            {
                "from": "gpt",
                "value": "Rabbits are found globally, but they are native to Europe and parts of Africa. They have been introduced to many other regions, including North America and Australia."
            }
        ]
    },
    {
        "id": "38",
        "image": "downloaded_images/Animals/Rabbit/image_20241017_143600_24.jpg",
        "conversations": [
            {
                "from": "human",
                "value": "<image>\nWhat are the reproductive habits of this animal (mating behaviors, gestation period)?"
            },
            {
                "from": "gpt",
                "value": "Rabbits are known for their high reproductive rate. They typically mate in the spring and can breed several times a year. The gestation period for rabbits is about 28 to 31 days, after which a female rabbit (doe) gives birth to a litter of kits (baby rabbits), usually ranging from 1 to 14 kits."
            }
        ]
    }
]