[
    {
        "id": "46",
        "image": "downloaded_images/Cartoon/Rick_and_Morty/image_20241107_094036_2.jpg",
        "conversations": [
            {
                "from": "human",
                "value": "<image>\nWho is the creator or producer of this cartoon?"
            },
            {
                "from": "gpt",
                "value": "\"Rick and Morty\" was created by Justin Roiland and Dan Harmon."
            }
        ]
    },
    {
        "id": "47",
        "image": "downloaded_images/Cartoon/Rick_and_Morty/image_20241107_094026_1.jpg",
        "conversations": [
            {
                "from": "human",
                "value": "<image>\nWhen did this cartoon first debut or air?"
            },
            {
                "from": "gpt",
                "value": "The cartoon first premiered on December 2, 2013."
            }
        ]
    },
    {
        "id": "48",
        "image": "downloaded_images/Cartoon/Rick_and_Morty/image_20241107_094026_1.jpg",
        "conversations": [
            {
                "from": "human",
                "value": "<image>\nWho are the primary characters in this cartoon?"
            },
            {
                "from": "gpt",
                "value": "The main characters are Rick Sanchez, a genius but reckless scientist, and his good-hearted but easily influenced grandson, Morty Smith."
            }
        ]
    },
    {
        "id": "49",
        "image": "downloaded_images/Cartoon/Rick_and_Morty/image_20241107_094315_20.jpg",
        "conversations": [
            {
                "from": "human",
                "value": "<image>\nWhat is the main plot or premise of this cartoon?"
            },
            {
                "from": "gpt",
                "value": "The central storyline follows the misadventures of Rick and Morty as they travel across the multiverse, exploring bizarre worlds and encountering strange creatures, all while dealing with the complexities of family dynamics and the consequences of their actions."
            }
        ]
    }
]