[
    {
        "id": "83",
        "image": "downloaded_images/Astronomy/Saturn/image_20241017_200916_1.jpg",
        "conversations": [
            {
                "from": "human",
                "value": "<image>\nWhat is its rank in the solar system (e.g., 1st from the Sun)?"
            },
            {
                "from": "gpt",
                "value": "6th from the Sun"
            }
        ]
    },
    {
        "id": "84",
        "image": "downloaded_images/Astronomy/Saturn/image_20241017_200916_1.jpg",
        "conversations": [
            {
                "from": "human",
                "value": "<image>\nHow is this planet classified (terrestrial, gas giant, ice giant)?"
            },
            {
                "from": "gpt",
                "value": "Gas giant"
            }
        ]
    },
    {
        "id": "85",
        "image": "downloaded_images/Astronomy/Saturn/image_20241017_201209_16.jpg",
        "conversations": [
            {
                "from": "human",
                "value": "<image>\nDoes this planet possess a ring system? If yes, how extensive is it?"
            },
            {
                "from": "gpt",
                "value": "If so, how extensive is it?  \n   Yes, Saturn has a prominent and extensive ring system, which is the most developed and complex in the solar system. The rings are made up of ice and rock particles and extend outwards for thousands of kilometers."
            }
        ]
    },
    {
        "id": "86",
        "image": "downloaded_images/Astronomy/Saturn/image_20241017_201042_8.jpg",
        "conversations": [
            {
                "from": "human",
                "value": "<image>\nHow long does it take for this planet to complete an orbit around the Sun?"
            },
            {
                "from": "gpt",
                "value": "Saturn takes about 29.5 Earth years to complete one orbit around the Sun."
            }
        ]
    }
]