[
    {
        "id": "16",
        "image": "downloaded_images/Movies/Saving_Private_Ryan/image_20241018_145221_1.jpg",
        "conversations": [
            {
                "from": "human",
                "value": "<image>\nWhat is the name of this movie?"
            },
            {
                "from": "gpt",
                "value": "The title of the movie is \"Saving Private Ryan.\""
            }
        ]
    },
    {
        "id": "17",
        "image": "downloaded_images/Movies/Saving_Private_Ryan/image_20241018_145221_1.jpg",
        "conversations": [
            {
                "from": "human",
                "value": "<image>\nWho is the director of this movie?"
            },
            {
                "from": "gpt",
                "value": "The film was directed by Steven Spielberg."
            }
        ]
    },
    {
        "id": "18",
        "image": "downloaded_images/Movies/Saving_Private_Ryan/image_20241107_122016_1.jpg",
        "conversations": [
            {
                "from": "human",
                "value": "<image>\nWhen did this movie come out?"
            },
            {
                "from": "gpt",
                "value": "\"Saving Private Ryan\" was released on July 24, 1998."
            }
        ]
    },
    {
        "id": "19",
        "image": "downloaded_images/Movies/Saving_Private_Ryan/image_20241107_122016_1.jpg",
        "conversations": [
            {
                "from": "human",
                "value": "<image>\nWho are the lead actors or actresses in this movie?"
            },
            {
                "from": "gpt",
                "value": "The main actors in the film include Tom Hanks, Matt Damon, Tom Sizemore, Edward Burns, and Vin Diesel."
            }
        ]
    },
    {
        "id": "20",
        "image": "downloaded_images/Movies/Saving_Private_Ryan/image_20241018_145351_11.jpg",
        "conversations": [
            {
                "from": "human",
                "value": "<image>\nWhat is the main plot or storyline of this movie?"
            },
            {
                "from": "gpt",
                "value": "The central plot of \"Saving Private Ryan\" revolves around a group of U.S. soldiers during World War II who are tasked with finding and bringing home Private James Ryan, the last surviving brother of four servicemen. The film begins with the D-Day invasion of Normandy and follows Captain Miller (played by Tom Hanks) and his squad as they navigate the horrors of war to locate Ryan, who is paratrooping somewhere in France. The film is renowned for its realistic portrayal of combat and the sacrifices made by soldiers during the war."
            }
        ]
    }
]