[
    {
        "id": "84",
        "image": "downloaded_images/Personage/Scarlett_Johansson/image_20241018_162434_6.jpg",
        "conversations": [
            {
                "from": "human",
                "value": "<image>\nWhat is the name of this individual?"
            },
            {
                "from": "gpt",
                "value": "Scarlett Johansson"
            }
        ]
    },
    {
        "id": "85",
        "image": "downloaded_images/Personage/Scarlett_Johansson/image_20241018_162612_17.jpg",
        "conversations": [
            {
                "from": "human",
                "value": "<image>\nWhat is this individual's occupation?"
            },
            {
                "from": "gpt",
                "value": "Scarlett Johansson is an actress and singer."
            }
        ]
    },
    {
        "id": "86",
        "image": "downloaded_images/Personage/Scarlett_Johansson/image_20241018_162434_6.jpg",
        "conversations": [
            {
                "from": "human",
                "value": "<image>\nHow has this person contributed to society or their industry?"
            },
            {
                "from": "gpt",
                "value": "Scarlett Johansson has contributed to the film industry through her diverse roles and performances, helping to redefine female characters in action and drama genres. She is also known for her advocacy work, including support for women's rights and various charitable causes. Additionally, she has been involved in projects that promote diversity and representation in Hollywood."
            }
        ]
    }
]