[
    {
        "id": "16",
        "image": "downloaded_images/Animals/Sheep/image_20241017_105843_9.jpg",
        "conversations": [
            {
                "from": "human",
                "value": "<image>\nWhat is this animal commonly called?"
            },
            {
                "from": "gpt",
                "value": "Sheep"
            }
        ]
    },
    {
        "id": "17",
        "image": "downloaded_images/Animals/Sheep/image_20241017_105751_3.jpg",
        "conversations": [
            {
                "from": "human",
                "value": "<image>\nTo which family or order does this animal belong?"
            },
            {
                "from": "gpt",
                "value": "Sheep belong to the family Bovidae and the order Artiodactyla."
            }
        ]
    },
    {
        "id": "18",
        "image": "downloaded_images/Animals/Sheep/image_20241017_105843_9.jpg",
        "conversations": [
            {
                "from": "human",
                "value": "<image>\nWhat type of diet does this animal have (herbivore, carnivore, omnivore)?"
            },
            {
                "from": "gpt",
                "value": "Sheep are herbivores, primarily grazing on grass, clover, and other vegetation."
            }
        ]
    },
    {
        "id": "19",
        "image": "downloaded_images/Animals/Sheep/image_20241017_105751_3.jpg",
        "conversations": [
            {
                "from": "human",
                "value": "<image>\nIs this animal indigenous to a particular region or is it found worldwide?"
            },
            {
                "from": "gpt",
                "value": "Sheep are domesticated animals that are found globally, but they are believed to have originated in the Middle East and Central Asia."
            }
        ]
    },
    {
        "id": "20",
        "image": "downloaded_images/Animals/Sheep/image_20241017_105910_12.jpg",
        "conversations": [
            {
                "from": "human",
                "value": "<image>\nWhat are the reproductive habits of this animal (mating behaviors, gestation period)?"
            },
            {
                "from": "gpt",
                "value": "Sheep typically mate in the fall, and the gestation period lasts about 5 months (approximately 147 days). Ewes (female sheep) usually give birth to one or two lambs at a time."
            }
        ]
    }
]