[
    {
        "id": "51",
        "image": "downloaded_images/Corporation/SpaceX_Logo/image_20241018_124450_12.jpg",
        "conversations": [
            {
                "from": "human",
                "value": "<image>\nWhat is this corporation called?"
            },
            {
                "from": "gpt",
                "value": "The name of the corporation is SpaceX (Space Exploration Technologies Corp.)."
            }
        ]
    },
    {
        "id": "52",
        "image": "downloaded_images/Corporation/SpaceX_Logo/image_20241018_124459_13.jpg",
        "conversations": [
            {
                "from": "human",
                "value": "<image>\nWhen was this corporation established, and who founded it?"
            },
            {
                "from": "gpt",
                "value": "SpaceX was founded in March 2002 by Elon Musk."
            }
        ]
    },
    {
        "id": "53",
        "image": "downloaded_images/Corporation/SpaceX_Logo/image_20241018_124459_13.jpg",
        "conversations": [
            {
                "from": "human",
                "value": "<image>\nWhere is the headquarters of this corporation situated?"
            },
            {
                "from": "gpt",
                "value": "SpaceX's headquarters is located in Hawthorne, California, USA."
            }
        ]
    },
    {
        "id": "54",
        "image": "downloaded_images/Corporation/SpaceX_Logo/image_20241018_124433_10.jpg",
        "conversations": [
            {
                "from": "human",
                "value": "<image>\nWhat are the main products or services offered by this corporation?"
            },
            {
                "from": "gpt",
                "value": "SpaceX's primary products and services include the development and launch of rockets and spacecraft, satellite deployment, and space transportation services. Notable products include the Falcon 1, Falcon 9, Falcon Heavy rockets, and the Dragon spacecraft."
            }
        ]
    },
    {
        "id": "55",
        "image": "downloaded_images/Corporation/SpaceX_Logo/image_20241018_124517_15.jpg",
        "conversations": [
            {
                "from": "human",
                "value": "<image>\nIn which industry does this corporation operate?"
            },
            {
                "from": "gpt",
                "value": "SpaceX operates in the aerospace industry, specifically focusing on space transportation and exploration."
            }
        ]
    }
]