[
    {
        "id": "43",
        "image": "downloaded_images/Personage/Steven_Spielberg/image_20241018_215105_1.jpg",
        "conversations": [
            {
                "from": "human",
                "value": "<image>\nWhat is the name of this individual?"
            },
            {
                "from": "gpt",
                "value": "Steven Spielberg"
            }
        ]
    },
    {
        "id": "44",
        "image": "downloaded_images/Personage/Steven_Spielberg/image_20241018_215105_1.jpg",
        "conversations": [
            {
                "from": "human",
                "value": "<image>\nWhen and where was this individual born?"
            },
            {
                "from": "gpt",
                "value": "Steven Spielberg was born on December 18, 1946, in Cincinnati, Ohio, USA."
            }
        ]
    },
    {
        "id": "45",
        "image": "downloaded_images/Personage/Steven_Spielberg/image_20241018_215105_1.jpg",
        "conversations": [
            {
                "from": "human",
                "value": "<image>\nHow has this person contributed to society or their industry?"
            },
            {
                "from": "gpt",
                "value": "Steven Spielberg has significantly impacted the film industry by pioneering new techniques in filmmaking and storytelling. He has been instrumental in popularizing the blockbuster film format and has contributed to the development of special effects technology. Beyond cinema, Spielberg has been involved in various philanthropic efforts, including the establishment of the Shoah Foundation, which documents Holocaust survivor testimonies, and he has supported numerous educational and cultural initiatives. His films often address important social issues, contributing to public discourse on topics such as war, human rights, and the human experience."
            }
        ]
    }
]