[
    {
        "id": "46",
        "image": "downloaded_images/Personage/Taylor_Swift/image_20241018_152840_10.jpg",
        "conversations": [
            {
                "from": "human",
                "value": "<image>\nWhat is the name of this individual?"
            },
            {
                "from": "gpt",
                "value": "Taylor Swift"
            }
        ]
    },
    {
        "id": "47",
        "image": "downloaded_images/Personage/Taylor_Swift/image_20241016_195153_6.jpg",
        "conversations": [
            {
                "from": "human",
                "value": "<image>\nWhat is this individual's occupation?"
            },
            {
                "from": "gpt",
                "value": "Taylor Swift is a singer-songwriter and music producer."
            }
        ]
    },
    {
        "id": "48",
        "image": "downloaded_images/Personage/Taylor_Swift/image_20241016_195213_8.jpg",
        "conversations": [
            {
                "from": "human",
                "value": "<image>\nWhat are this person's notable works or achievements?"
            },
            {
                "from": "gpt",
                "value": "Taylor Swift is known for numerous hit albums and songs, including \"Fearless,\" \"1989,\" \"Lover,\" \"Folklore,\" and \"Evermore.\" She has won multiple Grammy Awards, including Album of the Year three times, and has received numerous other accolades, including American Music Awards and Billboard Music Awards. Her song \"Shake It Off\" and her album \"1989\" were particularly influential in the pop music genre."
            }
        ]
    },
    {
        "id": "49",
        "image": "downloaded_images/Personage/Taylor_Swift/image_20241016_195256_13.jpg",
        "conversations": [
            {
                "from": "human",
                "value": "<image>\nHow has this person contributed to society or their industry?"
            },
            {
                "from": "gpt",
                "value": "Taylor Swift has made significant contributions to the music industry by advocating for artists' rights, particularly regarding fair compensation and ownership of music. She has been vocal about issues such as streaming royalties and has taken a stand on various social and political issues, including LGBTQ+ rights and education. Additionally, she has engaged in philanthropy, supporting various causes such as disaster relief, education, and women's rights. Her influence extends beyond music, as she has inspired many young artists and fans with her storytelling and authenticity."
            }
        ]
    }
]