[
    {
        "id": "71",
        "image": "downloaded_images/TV series/The_Walking_Dead/image_20241018_185152_3.jpg",
        "conversations": [
            {
                "from": "human",
                "value": "<image>\nWhat is the name of this TV series?"
            },
            {
                "from": "gpt",
                "value": "The Walking Dead"
            }
        ]
    },
    {
        "id": "72",
        "image": "downloaded_images/TV series/The_Walking_Dead/image_20241018_185152_3.jpg",
        "conversations": [
            {
                "from": "human",
                "value": "<image>\nWho is the creator or producer of this TV series?"
            },
            {
                "from": "gpt",
                "value": "The series was created by Frank Darabont, based on the comic book series of the same name by Robert Kirkman, Tony Moore, and Charlie Adlard."
            }
        ]
    },
    {
        "id": "73",
        "image": "downloaded_images/TV series/The_Walking_Dead/image_20241018_185216_6.jpg",
        "conversations": [
            {
                "from": "human",
                "value": "<image>\nWhen did this TV series debut?"
            },
            {
                "from": "gpt",
                "value": "The Walking Dead first premiered on October 31, 2010."
            }
        ]
    },
    {
        "id": "74",
        "image": "downloaded_images/TV series/The_Walking_Dead/image_20241018_185208_5.jpg",
        "conversations": [
            {
                "from": "human",
                "value": "<image>\nWho are the lead actors and actresses in this TV series?"
            },
            {
                "from": "gpt",
                "value": "The main cast includes Andrew Lincoln as Rick Grimes, Norman Reedus as Daryl Dixon, Melissa McBride as Carol Peletier, Lauren Cohan as Maggie Greene, Danai Gurira as Michonne, and Jeffrey Dean Morgan as Negan, among others."
            }
        ]
    },
    {
        "id": "75",
        "image": "downloaded_images/TV series/The_Walking_Dead/image_20241018_185208_5.jpg",
        "conversations": [
            {
                "from": "human",
                "value": "<image>\nWhat is the main plot or premise of this TV series?"
            },
            {
                "from": "gpt",
                "value": "The Walking Dead follows a group of survivors navigating a post-apocalyptic world overrun by zombies, known as \"walkers.\" The story primarily focuses on Rick Grimes, a former sheriff's deputy, who awakens from a coma to find society has collapsed. The series explores themes of survival, morality, and the human condition as the characters face both the undead and the challenges posed by other living survivors."
            }
        ]
    }
]