[
    {
        "id": "12",
        "image": "downloaded_images/Movies/The_Lion_King/image_20241018_144721_3.jpg",
        "conversations": [
            {
                "from": "human",
                "value": "<image>\nWhat is the name of this movie?"
            },
            {
                "from": "gpt",
                "value": "The Lion King"
            }
        ]
    },
    {
        "id": "13",
        "image": "downloaded_images/Movies/The_Lion_King/image_20241018_144721_3.jpg",
        "conversations": [
            {
                "from": "human",
                "value": "<image>\nWhen did this movie come out?"
            },
            {
                "from": "gpt",
                "value": "The Lion King was released on June 15, 1994."
            }
        ]
    },
    {
        "id": "14",
        "image": "downloaded_images/Movies/The_Lion_King/image_20241107_121254_3.jpg",
        "conversations": [
            {
                "from": "human",
                "value": "<image>\nWho are the lead actors or actresses in this movie?"
            },
            {
                "from": "gpt",
                "value": "The main voice actors include Matthew Broderick (Simba), James Earl Jones (Mufasa), Jeremy Irons (Scar), Moira Kelly (Nala), and Whoopi Goldberg (Shenzi)."
            }
        ]
    },
    {
        "id": "15",
        "image": "downloaded_images/Movies/The_Lion_King/image_20241107_121303_4.jpg",
        "conversations": [
            {
                "from": "human",
                "value": "<image>\nWhat is the main plot or storyline of this movie?"
            },
            {
                "from": "gpt",
                "value": "The Lion King follows the journey of a young lion named Simba, who is the heir to the throne of the Pride Lands. After the death of his father, Mufasa, at the hands of his uncle Scar, Simba is manipulated into fleeing his home. As he grows up in exile, he learns about responsibility and courage. Eventually, he returns to reclaim his rightful place as king and confronts Scar, leading to a battle for the future of the Pride Lands. The film explores themes of identity, loss, and redemption."
            }
        ]
    }
]