[
    {
        "id": "41",
        "image": "downloaded_images/Cartoon/The_Simpsons/image_20241018_112916_20.jpg",
        "conversations": [
            {
                "from": "human",
                "value": "<image>\nWhat is the name of this cartoon?"
            },
            {
                "from": "gpt",
                "value": "The title of this cartoon is \"The Simpsons.\""
            }
        ]
    },
    {
        "id": "42",
        "image": "downloaded_images/Cartoon/The_Simpsons/image_20241018_112636_1.jpg",
        "conversations": [
            {
                "from": "human",
                "value": "<image>\nWho is the creator or producer of this cartoon?"
            },
            {
                "from": "gpt",
                "value": "\"The Simpsons\" was created by Matt Groening and produced by Fox Broadcasting Company."
            }
        ]
    },
    {
        "id": "43",
        "image": "downloaded_images/Cartoon/The_Simpsons/image_20241018_112636_1.jpg",
        "conversations": [
            {
                "from": "human",
                "value": "<image>\nWhen did this cartoon first debut or air?"
            },
            {
                "from": "gpt",
                "value": "\"The Simpsons\" first aired on December 17, 1989."
            }
        ]
    },
    {
        "id": "44",
        "image": "downloaded_images/Cartoon/The_Simpsons/image_20241107_093356_1.jpg",
        "conversations": [
            {
                "from": "human",
                "value": "<image>\nWho are the primary characters in this cartoon?"
            },
            {
                "from": "gpt",
                "value": "The main characters in \"The Simpsons\" include Homer Simpson, Marge Simpson, Bart Simpson, Lisa Simpson, and Maggie Simpson."
            }
        ]
    },
    {
        "id": "45",
        "image": "downloaded_images/Cartoon/The_Simpsons/image_20241107_093356_1.jpg",
        "conversations": [
            {
                "from": "human",
                "value": "<image>\nWhat is the main plot or premise of this cartoon?"
            },
            {
                "from": "gpt",
                "value": "The central storyline of \"The Simpsons\" revolves around the Simpson family, a dysfunctional family living in the fictional town of Springfield. The show satirizes American culture, society, and television, often addressing various social issues through humor and parody. Each episode typically follows the family's misadventures and interactions with a wide array of supporting characters."
            }
        ]
    }
]