[
    {
        "id": "49",
        "image": "downloaded_images/TV series/The_Strain_TV_Show/image_20241018_200140_5.jpg",
        "conversations": [
            {
                "from": "human",
                "value": "<image>\nWhat is the name of this TV series?"
            },
            {
                "from": "gpt",
                "value": "**\n   - The title of the TV series is \"The Strain.\""
            }
        ]
    },
    {
        "id": "50",
        "image": "downloaded_images/TV series/The_Strain_TV_Show/image_20241018_200140_5.jpg",
        "conversations": [
            {
                "from": "human",
                "value": "<image>\nWho is the creator or producer of this TV series?"
            },
            {
                "from": "gpt",
                "value": "**\n   - \"The Strain\" was created by Guillermo del Toro and Chuck Hogan."
            }
        ]
    },
    {
        "id": "51",
        "image": "downloaded_images/TV series/The_Strain_TV_Show/image_20241018_200119_3.jpg",
        "conversations": [
            {
                "from": "human",
                "value": "<image>\nWhen did this TV series debut?"
            },
            {
                "from": "gpt",
                "value": "**\n   - The series first premiered on July 13, 2014."
            }
        ]
    },
    {
        "id": "52",
        "image": "downloaded_images/TV series/The_Strain_TV_Show/image_20241018_200119_3.jpg",
        "conversations": [
            {
                "from": "human",
                "value": "<image>\nWho are the lead actors and actresses in this TV series?"
            },
            {
                "from": "gpt",
                "value": "**\n   - The main cast includes:\n     - Corey Stoll as Dr. Ephraim Goodweather\n     - Mia Maestro as Nora Martinez\n     - Kevin Durand as Vasiliy Fet\n     - David Bradley as Abraham Setrakian\n     - Ruta Gedmintas as Dutch Velders\n     - Sean Astin as Jim Kent (in Season 1)"
            }
        ]
    },
    {
        "id": "53",
        "image": "downloaded_images/TV series/The_Strain_TV_Show/image_20241107_213210_5.jpg",
        "conversations": [
            {
                "from": "human",
                "value": "<image>\nWhat is the main plot or premise of this TV series?"
            },
            {
                "from": "gpt",
                "value": "**\n   - \"The Strain\" follows a viral outbreak in New York City that is caused by a mysterious strain of vampirism. The story centers around Dr. Ephraim Goodweather, the head of the CDC's Canary Team, who is tasked with investigating the outbreak. As the infection spreads, he and a group of survivors must confront the ancient evil behind the epidemic, which threatens to turn humanity into a race of vampires. The series blends elements of horror, science fiction, and thriller genres, exploring themes of survival, morality, and the nature of evil."
            }
        ]
    }
]