[
    {
        "id": "21",
        "image": "downloaded_images/TV series/The_Big_Bang_Theory/image_20241018_192627_7.jpg",
        "conversations": [
            {
                "from": "human",
                "value": "<image>\nWhat is the name of this TV series?"
            },
            {
                "from": "gpt",
                "value": "The Big Bang Theory"
            }
        ]
    },
    {
        "id": "22",
        "image": "downloaded_images/TV series/The_Big_Bang_Theory/image_20241018_192627_7.jpg",
        "conversations": [
            {
                "from": "human",
                "value": "<image>\nWho is the creator or producer of this TV series?"
            },
            {
                "from": "gpt",
                "value": "The series was created by Chuck Lorre and Bill Prady."
            }
        ]
    },
    {
        "id": "23",
        "image": "downloaded_images/TV series/The_Big_Bang_Theory/image_20241018_192659_11.jpg",
        "conversations": [
            {
                "from": "human",
                "value": "<image>\nWhen did this TV series debut?"
            },
            {
                "from": "gpt",
                "value": "The Big Bang Theory first premiered on September 24, 2007."
            }
        ]
    },
    {
        "id": "24",
        "image": "downloaded_images/TV series/The_Big_Bang_Theory/image_20241018_192803_18.jpg",
        "conversations": [
            {
                "from": "human",
                "value": "<image>\nWhat is the main plot or premise of this TV series?"
            },
            {
                "from": "gpt",
                "value": "The Big Bang Theory follows a group of socially awkward scientists and their interactions with each other and the outside world, particularly focusing on the relationship between physicists Leonard and Sheldon, their neighbor Penny, and their friends Howard and Raj. The series explores themes of friendship, romance, and the challenges of being a nerd in a modern world."
            }
        ]
    }
]