[
    {
        "id": "29",
        "image": "downloaded_images/Movies/The_Dark_Knight/image_20241018_133850_12.jpg",
        "conversations": [
            {
                "from": "human",
                "value": "<image>\nWhat is the name of this movie?"
            },
            {
                "from": "gpt",
                "value": "The Dark Knight"
            }
        ]
    },
    {
        "id": "30",
        "image": "downloaded_images/Movies/The_Dark_Knight/image_20241018_134012_22.jpg",
        "conversations": [
            {
                "from": "human",
                "value": "<image>\nWho is the director of this movie?"
            },
            {
                "from": "gpt",
                "value": "Christopher Nolan"
            }
        ]
    },
    {
        "id": "31",
        "image": "downloaded_images/Movies/The_Dark_Knight/image_20241018_133734_3.jpg",
        "conversations": [
            {
                "from": "human",
                "value": "<image>\nWhen did this movie come out?"
            },
            {
                "from": "gpt",
                "value": "July 18, 2008"
            }
        ]
    },
    {
        "id": "32",
        "image": "downloaded_images/Movies/The_Dark_Knight/image_20241018_133850_12.jpg",
        "conversations": [
            {
                "from": "human",
                "value": "<image>\nWho are the lead actors or actresses in this movie?"
            },
            {
                "from": "gpt",
                "value": "Christian Bale (Bruce Wayne/Batman), Heath Ledger (The Joker), Aaron Eckhart (Harvey Dent), Michael Caine (Alfred Pennyworth), Gary Oldman (James Gordon), and Maggie Gyllenhaal (Rachel Dawes)."
            }
        ]
    },
    {
        "id": "33",
        "image": "downloaded_images/Movies/The_Dark_Knight/image_20241018_133734_3.jpg",
        "conversations": [
            {
                "from": "human",
                "value": "<image>\nWhat is the main plot or storyline of this movie?"
            },
            {
                "from": "gpt",
                "value": "The Dark Knight follows Batman as he faces a new criminal mastermind known as the Joker, who seeks to create chaos in Gotham City. As the Joker's reign of terror escalates, Batman must confront his own moral dilemmas and the consequences of his vigilantism. The film explores themes of justice, morality, and the fine line between heroism and villainy, culminating in a battle for the soul of Gotham and the relationships between its key characters."
            }
        ]
    }
]