[
    {
        "id": "19",
        "image": "downloaded_images/Movies/The_Godfather/image_20241018_132610_2.jpg",
        "conversations": [
            {
                "from": "human",
                "value": "<image>\nWhat is the name of this movie?"
            },
            {
                "from": "gpt",
                "value": "The Godfather"
            }
        ]
    },
    {
        "id": "20",
        "image": "downloaded_images/Movies/The_Godfather/image_20241018_132610_2.jpg",
        "conversations": [
            {
                "from": "human",
                "value": "<image>\nWho is the director of this movie?"
            },
            {
                "from": "gpt",
                "value": "Francis Ford Coppola"
            }
        ]
    },
    {
        "id": "21",
        "image": "downloaded_images/Movies/The_Godfather/image_20241107_105346_3.jpg",
        "conversations": [
            {
                "from": "human",
                "value": "<image>\nWhen did this movie come out?"
            },
            {
                "from": "gpt",
                "value": "March 24, 1972"
            }
        ]
    },
    {
        "id": "22",
        "image": "downloaded_images/Movies/The_Godfather/image_20241107_105346_3.jpg",
        "conversations": [
            {
                "from": "human",
                "value": "<image>\nWho are the lead actors or actresses in this movie?"
            },
            {
                "from": "gpt",
                "value": "Marlon Brando, Al Pacino, James Caan, Robert Duvall, Diane Keaton"
            }
        ]
    },
    {
        "id": "23",
        "image": "downloaded_images/Movies/The_Godfather/image_20241107_105326_1.jpg",
        "conversations": [
            {
                "from": "human",
                "value": "<image>\nWhat is the main plot or storyline of this movie?"
            },
            {
                "from": "gpt",
                "value": "The Godfather follows the powerful Italian-American crime family of Don Vito Corleone. When the Don's youngest son, Michael Corleone, initially wants nothing to do with the family business, he is drawn into the world of organized crime after an assassination attempt on his father. As Michael becomes more involved, he rises to power within the family, ultimately taking over as the new Godfather, while navigating the complexities of loyalty, betrayal, and the moral dilemmas of a life of crime."
            }
        ]
    }
]