[
    {
        "id": "52",
        "image": "downloaded_images/Movies/The_Matrix/image_20241018_141300_1.jpg",
        "conversations": [
            {
                "from": "human",
                "value": "<image>\nWhat is the name of this movie?"
            },
            {
                "from": "gpt",
                "value": "The Matrix"
            }
        ]
    },
    {
        "id": "53",
        "image": "downloaded_images/Movies/The_Matrix/image_20241018_141300_1.jpg",
        "conversations": [
            {
                "from": "human",
                "value": "<image>\nWho is the director of this movie?"
            },
            {
                "from": "gpt",
                "value": "The film was directed by the Wachowskis (Lana and Lilly Wachowski)."
            }
        ]
    },
    {
        "id": "54",
        "image": "downloaded_images/Movies/The_Matrix/image_20241107_113912_1.jpg",
        "conversations": [
            {
                "from": "human",
                "value": "<image>\nWhen did this movie come out?"
            },
            {
                "from": "gpt",
                "value": "The Matrix was released on March 31, 1999."
            }
        ]
    },
    {
        "id": "55",
        "image": "downloaded_images/Movies/The_Matrix/image_20241107_113925_2.jpg",
        "conversations": [
            {
                "from": "human",
                "value": "<image>\nWho are the lead actors or actresses in this movie?"
            },
            {
                "from": "gpt",
                "value": "The main actors include Keanu Reeves (Neo), Laurence Fishburne (Morpheus), Carrie-Anne Moss (Trinity), and Hugo Weaving (Agent Smith)."
            }
        ]
    },
    {
        "id": "56",
        "image": "downloaded_images/Movies/The_Matrix/image_20241107_113925_2.jpg",
        "conversations": [
            {
                "from": "human",
                "value": "<image>\nWhat is the main plot or storyline of this movie?"
            },
            {
                "from": "gpt",
                "value": "The Matrix follows the story of Thomas Anderson, a computer programmer who leads a double life as a hacker named Neo. He discovers that the reality he knows is a simulated reality called the Matrix, created by sentient machines to subdue humanity. With the help of Morpheus and Trinity, Neo learns about the truth of his existence and his potential to free humanity from the Matrix, leading to a battle against the machines and their agents."
            }
        ]
    }
]