[
    {
        "id": "42",
        "image": "downloaded_images/Plants/Tomato/image_20241018_182951_4.jpg",
        "conversations": [
            {
                "from": "human",
                "value": "<image>\nWhat is the name of the plant in picture?"
            },
            {
                "from": "gpt",
                "value": "Common Name: Tomato"
            }
        ]
    },
    {
        "id": "43",
        "image": "downloaded_images/Plants/Tomato/image_20241018_182935_2.jpg",
        "conversations": [
            {
                "from": "human",
                "value": "<image>\nWhich family or genus does this plant belong to?"
            },
            {
                "from": "gpt",
                "value": "Family: Solanaceae, Genus: Solanum, Species: Solanum lycopersicum"
            }
        ]
    },
    {
        "id": "44",
        "image": "downloaded_images/Plants/Tomato/image_20241018_183033_9.jpg",
        "conversations": [
            {
                "from": "human",
                "value": "<image>\nHow does this plant reproduce?"
            },
            {
                "from": "gpt",
                "value": "Tomatoes reproduce primarily through seeds, which are found inside the fruit. They can also be propagated by cuttings, which can root and grow into new plants."
            }
        ]
    },
    {
        "id": "45",
        "image": "downloaded_images/Plants/Tomato/image_20241018_183228_22.jpg",
        "conversations": [
            {
                "from": "human",
                "value": "<image>\nIs this plant indigenous to a specific region or is it found worldwide?"
            },
            {
                "from": "gpt",
                "value": "Native Region: Tomatoes are native to western South America and Central America. They are now grown worldwide as a major crop."
            }
        ]
    },
    {
        "id": "46",
        "image": "downloaded_images/Plants/Tomato/image_20241107_193624_3.jpg",
        "conversations": [
            {
                "from": "human",
                "value": "<image>\nHow does this plant grow?"
            },
            {
                "from": "gpt",
                "value": "Growth Form: Tomato plants are herbaceous, typically growing as sprawling or bushy annuals with vines that may require support. They produce clusters of fruit and can vary in size depending on the variety."
            }
        ]
    }
]