[
    {
        "id": "30",
        "image": "downloaded_images/TV series/Westworld/image_20241018_193706_1.jpg",
        "conversations": [
            {
                "from": "human",
                "value": "<image>\nWhat is the name of this TV series?"
            },
            {
                "from": "gpt",
                "value": "The title of the TV series is \"Westworld.\""
            }
        ]
    },
    {
        "id": "31",
        "image": "downloaded_images/TV series/Westworld/image_20241018_193825_9.jpg",
        "conversations": [
            {
                "from": "human",
                "value": "<image>\nWho is the creator or producer of this TV series?"
            },
            {
                "from": "gpt",
                "value": "\"Westworld\" was created by Jonathan Nolan and Lisa Joy, and it is produced by HBO."
            }
        ]
    },
    {
        "id": "32",
        "image": "downloaded_images/TV series/Westworld/image_20241018_193825_9.jpg",
        "conversations": [
            {
                "from": "human",
                "value": "<image>\nWhen did this TV series debut?"
            },
            {
                "from": "gpt",
                "value": "\"Westworld\" first premiered on October 2, 2016."
            }
        ]
    },
    {
        "id": "33",
        "image": "downloaded_images/TV series/Westworld/image_20241107_210339_6.jpg",
        "conversations": [
            {
                "from": "human",
                "value": "<image>\nWho are the lead actors and actresses in this TV series?"
            },
            {
                "from": "gpt",
                "value": "The main actors and actresses in \"Westworld\" include Evan Rachel Wood, Thandiwe Newton, Jeffrey Wright, Ed Harris, James Marsden, and Anthony Hopkins."
            }
        ]
    },
    {
        "id": "34",
        "image": "downloaded_images/TV series/Westworld/image_20241107_210409_9.jpg",
        "conversations": [
            {
                "from": "human",
                "value": "<image>\nWhat is the main plot or premise of this TV series?"
            },
            {
                "from": "gpt",
                "value": "The central storyline of \"Westworld\" revolves around a futuristic theme park populated by lifelike robots known as \"hosts.\" These hosts are programmed to fulfill the desires of the park's guests, who can interact with them in various ways. As the hosts begin to gain consciousness and self-awareness, the series explores themes of free will, morality, and the nature of reality."
            }
        ]
    }
]