[
    {
        "id": "33",
        "image": "downloaded_images/Plants/Wheat/image_20241018_181810_3.jpg",
        "conversations": [
            {
                "from": "human",
                "value": "<image>\nWhat is the name of the plant in picture?"
            },
            {
                "from": "gpt",
                "value": "The common name of this plant is Wheat."
            }
        ]
    },
    {
        "id": "34",
        "image": "downloaded_images/Plants/Wheat/image_20241018_182128_23.jpg",
        "conversations": [
            {
                "from": "human",
                "value": "<image>\nWhich family or genus does this plant belong to?"
            },
            {
                "from": "gpt",
                "value": "Wheat belongs to the Poaceae family and the Triticum genus."
            }
        ]
    },
    {
        "id": "35",
        "image": "downloaded_images/Plants/Wheat/image_20241018_181845_7.jpg",
        "conversations": [
            {
                "from": "human",
                "value": "<image>\nHow does this plant reproduce?"
            },
            {
                "from": "gpt",
                "value": "Wheat reproduces primarily through seeds."
            }
        ]
    },
    {
        "id": "36",
        "image": "downloaded_images/Plants/Wheat/image_20241018_181931_11.jpg",
        "conversations": [
            {
                "from": "human",
                "value": "<image>\nIs this plant indigenous to a specific region or is it found worldwide?"
            },
            {
                "from": "gpt",
                "value": "Wheat is believed to be native to the Fertile Crescent region of the Middle East but is now cultivated globally in many temperate regions."
            }
        ]
    },
    {
        "id": "37",
        "image": "downloaded_images/Plants/Wheat/image_20241018_181931_11.jpg",
        "conversations": [
            {
                "from": "human",
                "value": "<image>\nHow does this plant grow?"
            },
            {
                "from": "gpt",
                "value": "Wheat grows as a herbaceous annual plant."
            }
        ]
    }
]