[
    {
        "id": "16",
        "image": "downloaded_images/TV series/Yes_Minister/image_20241018_191419_1.jpg",
        "conversations": [
            {
                "from": "human",
                "value": "<image>\nWhat is the name of this TV series?"
            },
            {
                "from": "gpt",
                "value": "**\n   - The title of the TV series is \"Yes Minister.\""
            }
        ]
    },
    {
        "id": "17",
        "image": "downloaded_images/TV series/Yes_Minister/image_20241018_191456_5.jpg",
        "conversations": [
            {
                "from": "human",
                "value": "<image>\nWho are the lead actors and actresses in this TV series?"
            },
            {
                "from": "gpt",
                "value": "**\n   - The main actors in \"Yes Minister\" include Paul Eddington as Jim Hacker, Nigel Hawthorne as Sir Humphrey Appleby, and Derek Fowlds as Bernard Woolley."
            }
        ]
    },
    {
        "id": "18",
        "image": "downloaded_images/TV series/Yes_Minister/image_20241018_191456_5.jpg",
        "conversations": [
            {
                "from": "human",
                "value": "<image>\nWhat is the main plot or premise of this TV series?"
            },
            {
                "from": "gpt",
                "value": "**\n   - \"Yes Minister\" is a political satire that follows the life of Jim Hacker, a newly appointed Minister for Administrative Affairs, as he navigates the complexities of British politics. The series humorously explores the relationship between Hacker and his permanent secretary, Sir Humphrey Appleby, who often manipulates situations to maintain the status quo and protect the interests of the civil service. The show highlights the challenges of governance, bureaucracy, and the often humorous power struggles within the political system."
            }
        ]
    }
]