[
  {
    "id": "60",
    "image": "downloaded_images/Personage/Isaac_Newton/image_20241018_155342_4.jpg",
    "conversations": [
      {
        "from": "human",
        "value": "<image>\nWhat is this person's name?"
      },
      {
        "from": "gpt",
        "value": "Isaac Newton"
      }
    ]
  },
  {
    "id": "61",
    "image": "downloaded_images/Personage/Isaac_Newton/image_20241018_155646_23.jpg",
    "conversations": [
      {
        "from": "human",
        "value": "<image>\nWhen and where was this person born?"
      },
      {
        "from": "gpt",
        "value": "Isaac Newton was born on January 4, 1643, in Woolsthorpe, Lincolnshire, England."
      }
    ]
  },
  {
    "id": "62",
    "image": "downloaded_images/Personage/Isaac_Newton/image_20241018_155646_23.jpg",
    "conversations": [
      {
        "from": "human",
        "value": "<image>\nWhat is this person's profession?"
      },
      {
        "from": "gpt",
        "value": "Isaac Newton was a mathematician, physicist, astronomer, and author."
      }
    ]
  },
  {
    "id": "63",
    "image": "downloaded_images/Personage/Isaac_Newton/image_20241018_155646_23.jpg",
    "conversations": [
      {
        "from": "human",
        "value": "<image>\nWhat are the famous works or achievements of this person?"
      },
      {
        "from": "gpt",
        "value": "Isaac Newton is best known for his work in mathematics and physics, particularly for formulating the laws of motion and universal gravitation. His major works include \"Philosophiæ Naturalis Principia Mathematica\" (Mathematical Principles of Natural Philosophy), published in 1687, which laid the groundwork for classical mechanics. He also made significant contributions to calculus, optics, and the study of light."
      }
    ]
  },
  {
    "id": "64",
    "image": "downloaded_images/Personage/Isaac_Newton/image_20241018_155342_4.jpg",
    "conversations": [
      {
        "from": "human",
        "value": "<image>\nWhat contributions has this person made to society or industry?"
      },
      {
        "from": "gpt",
        "value": "Isaac Newton's contributions have had a profound impact on science and mathematics. His laws of motion and universal gravitation provided a framework for understanding the physical world and laid the foundation for modern physics. His work in calculus has been essential for advancements in engineering, economics, and various scientific fields. Additionally, his studies in optics led to the development of the reflecting telescope, which improved astronomical observations. Newton's influence extends beyond science into philosophy and the scientific method, shaping the way we approach inquiry and understanding in various disciplines."
      }
    ]
  },
  {
    "id": "65",
    "image": "downloaded_images/Personage/Isaac_Newton/image_20241107_153251_4.jpg",
    "conversations": [
      {
        "from": "human",
        "value": "<image>\nWhat is this person's name?"
      },
      {
        "from": "gpt",
        "value": "Isaac Newton"
      }
    ]
  },
  {
    "id": "66",
    "image": "downloaded_images/Personage/Isaac_Newton/image_20241018_155448_12.jpg",
    "conversations": [
      {
        "from": "human",
        "value": "<image>\nWhat is this person's name?"
      },
      {
        "from": "gpt",
        "value": "Isaac Newton"
      }
    ]
  },
  {
    "id": "67",
    "image": "downloaded_images/Personage/Isaac_Newton/image_20241018_155326_2.jpg",
    "conversations": [
      {
        "from": "human",
        "value": "<image>\nWhat is this person's name?"
      },
      {
        "from": "gpt",
        "value": "Isaac Newton"
      }
    ]
  },
  {
    "id": "68",
    "image": "downloaded_images/Personage/Isaac_Newton/image_20241107_153309_6.jpg",
    "conversations": [
      {
        "from": "human",
        "value": "<image>\nWhat is this person's name?"
      },
      {
        "from": "gpt",
        "value": "Isaac Newton"
      }
    ]
  },
  {
    "id": "69",
    "image": "downloaded_images/Personage/Isaac_Newton/image_20241107_153636_29.jpg",
    "conversations": [
      {
        "from": "human",
        "value": "<image>\nWhat is this person's name?"
      },
      {
        "from": "gpt",
        "value": "Isaac Newton"
      }
    ]
  },
  {
    "id": "70",
    "image": "downloaded_images/Personage/Isaac_Newton/image_20241107_153457_18.jpg",
    "conversations": [
      {
        "from": "human",
        "value": "<image>\nWhen and where was this person born?"
      },
      {
        "from": "gpt",
        "value": "Isaac Newton was born on January 4, 1643, in Woolsthorpe, Lincolnshire, England."
      }
    ]
  },
  {
    "id": "71",
    "image": "downloaded_images/Personage/Isaac_Newton/image_20241018_155535_15.jpg",
    "conversations": [
      {
        "from": "human",
        "value": "<image>\nWhen and where was this person born?"
      },
      {
        "from": "gpt",
        "value": "Isaac Newton was born on January 4, 1643, in Woolsthorpe, Lincolnshire, England."
      }
    ]
  },
  {
    "id": "72",
    "image": "downloaded_images/Personage/Isaac_Newton/image_20241107_153602_25.jpg",
    "conversations": [
      {
        "from": "human",
        "value": "<image>\nWhen and where was this person born?"
      },
      {
        "from": "gpt",
        "value": "Isaac Newton was born on January 4, 1643, in Woolsthorpe, Lincolnshire, England."
      }
    ]
  },
  {
    "id": "73",
    "image": "downloaded_images/Personage/Isaac_Newton/image_20241018_155448_12.jpg",
    "conversations": [
      {
        "from": "human",
        "value": "<image>\nWhen and where was this person born?"
      },
      {
        "from": "gpt",
        "value": "Isaac Newton was born on January 4, 1643, in Woolsthorpe, Lincolnshire, England."
      }
    ]
  },
  {
    "id": "74",
    "image": "downloaded_images/Personage/Isaac_Newton/image_20241107_153610_26.jpg",
    "conversations": [
      {
        "from": "human",
        "value": "<image>\nWhen and where was this person born?"
      },
      {
        "from": "gpt",
        "value": "Isaac Newton was born on January 4, 1643, in Woolsthorpe, Lincolnshire, England."
      }
    ]
  },
  {
    "id": "75",
    "image": "downloaded_images/Personage/Isaac_Newton/image_20241107_153309_6.jpg",
    "conversations": [
      {
        "from": "human",
        "value": "<image>\nWhat is this person's profession?"
      },
      {
        "from": "gpt",
        "value": "Isaac Newton was a mathematician, physicist, astronomer, and author."
      }
    ]
  },
  {
    "id": "76",
    "image": "downloaded_images/Personage/Isaac_Newton/image_20241107_153243_3.jpg",
    "conversations": [
      {
        "from": "human",
        "value": "<image>\nWhat is this person's profession?"
      },
      {
        "from": "gpt",
        "value": "Isaac Newton was a mathematician, physicist, astronomer, and author."
      }
    ]
  },
  {
    "id": "77",
    "image": "downloaded_images/Personage/Isaac_Newton/image_20241107_153354_11.jpg",
    "conversations": [
      {
        "from": "human",
        "value": "<image>\nWhat is this person's profession?"
      },
      {
        "from": "gpt",
        "value": "Isaac Newton was a mathematician, physicist, astronomer, and author."
      }
    ]
  },
  {
    "id": "78",
    "image": "downloaded_images/Personage/Isaac_Newton/image_20241018_155350_5.jpg",
    "conversations": [
      {
        "from": "human",
        "value": "<image>\nWhat is this person's profession?"
      },
      {
        "from": "gpt",
        "value": "Isaac Newton was a mathematician, physicist, astronomer, and author."
      }
    ]
  },
  {
    "id": "79",
    "image": "downloaded_images/Personage/Isaac_Newton/image_20241018_155316_1.jpg",
    "conversations": [
      {
        "from": "human",
        "value": "<image>\nWhat is this person's profession?"
      },
      {
        "from": "gpt",
        "value": "Isaac Newton was a mathematician, physicist, astronomer, and author."
      }
    ]
  },
  {
    "id": "80",
    "image": "downloaded_images/Personage/Isaac_Newton/image_20241107_153243_3.jpg",
    "conversations": [
      {
        "from": "human",
        "value": "<image>\nWhat are the famous works or achievements of this person?"
      },
      {
        "from": "gpt",
        "value": "Isaac Newton is best known for his work in mathematics and physics, particularly for formulating the laws of motion and universal gravitation. His major works include \"Philosophiæ Naturalis Principia Mathematica\" (Mathematical Principles of Natural Philosophy), published in 1687, which laid the groundwork for classical mechanics. He also made significant contributions to calculus, optics, and the study of light."
      }
    ]
  },
  {
    "id": "81",
    "image": "downloaded_images/Personage/Isaac_Newton/image_20241107_153449_17.jpg",
    "conversations": [
      {
        "from": "human",
        "value": "<image>\nWhat are the famous works or achievements of this person?"
      },
      {
        "from": "gpt",
        "value": "Isaac Newton is best known for his work in mathematics and physics, particularly for formulating the laws of motion and universal gravitation. His major works include \"Philosophiæ Naturalis Principia Mathematica\" (Mathematical Principles of Natural Philosophy), published in 1687, which laid the groundwork for classical mechanics. He also made significant contributions to calculus, optics, and the study of light."
      }
    ]
  },
  {
    "id": "82",
    "image": "downloaded_images/Personage/Isaac_Newton/image_20241018_155535_15.jpg",
    "conversations": [
      {
        "from": "human",
        "value": "<image>\nWhat are the famous works or achievements of this person?"
      },
      {
        "from": "gpt",
        "value": "Isaac Newton is best known for his work in mathematics and physics, particularly for formulating the laws of motion and universal gravitation. His major works include \"Philosophiæ Naturalis Principia Mathematica\" (Mathematical Principles of Natural Philosophy), published in 1687, which laid the groundwork for classical mechanics. He also made significant contributions to calculus, optics, and the study of light."
      }
    ]
  },
  {
    "id": "83",
    "image": "downloaded_images/Personage/Isaac_Newton/image_20241107_153610_26.jpg",
    "conversations": [
      {
        "from": "human",
        "value": "<image>\nWhat are the famous works or achievements of this person?"
      },
      {
        "from": "gpt",
        "value": "Isaac Newton is best known for his work in mathematics and physics, particularly for formulating the laws of motion and universal gravitation. His major works include \"Philosophiæ Naturalis Principia Mathematica\" (Mathematical Principles of Natural Philosophy), published in 1687, which laid the groundwork for classical mechanics. He also made significant contributions to calculus, optics, and the study of light."
      }
    ]
  },
  {
    "id": "84",
    "image": "downloaded_images/Personage/Isaac_Newton/image_20241107_153234_2.jpg",
    "conversations": [
      {
        "from": "human",
        "value": "<image>\nWhat are the famous works or achievements of this person?"
      },
      {
        "from": "gpt",
        "value": "Isaac Newton is best known for his work in mathematics and physics, particularly for formulating the laws of motion and universal gravitation. His major works include \"Philosophiæ Naturalis Principia Mathematica\" (Mathematical Principles of Natural Philosophy), published in 1687, which laid the groundwork for classical mechanics. He also made significant contributions to calculus, optics, and the study of light."
      }
    ]
  },
  {
    "id": "85",
    "image": "downloaded_images/Personage/Isaac_Newton/image_20241107_153309_6.jpg",
    "conversations": [
      {
        "from": "human",
        "value": "<image>\nWhat contributions has this person made to society or industry?"
      },
      {
        "from": "gpt",
        "value": "Isaac Newton's contributions have had a profound impact on science and mathematics. His laws of motion and universal gravitation provided a framework for understanding the physical world and laid the foundation for modern physics. His work in calculus has been essential for advancements in engineering, economics, and various scientific fields. Additionally, his studies in optics led to the development of the reflecting telescope, which improved astronomical observations. Newton's influence extends beyond science into philosophy and the scientific method, shaping the way we approach inquiry and understanding in various disciplines."
      }
    ]
  },
  {
    "id": "86",
    "image": "downloaded_images/Personage/Isaac_Newton/image_20241107_153610_26.jpg",
    "conversations": [
      {
        "from": "human",
        "value": "<image>\nWhat contributions has this person made to society or industry?"
      },
      {
        "from": "gpt",
        "value": "Isaac Newton's contributions have had a profound impact on science and mathematics. His laws of motion and universal gravitation provided a framework for understanding the physical world and laid the foundation for modern physics. His work in calculus has been essential for advancements in engineering, economics, and various scientific fields. Additionally, his studies in optics led to the development of the reflecting telescope, which improved astronomical observations. Newton's influence extends beyond science into philosophy and the scientific method, shaping the way we approach inquiry and understanding in various disciplines."
      }
    ]
  },
  {
    "id": "87",
    "image": "downloaded_images/Personage/Isaac_Newton/image_20241018_155448_12.jpg",
    "conversations": [
      {
        "from": "human",
        "value": "<image>\nWhat contributions has this person made to society or industry?"
      },
      {
        "from": "gpt",
        "value": "Isaac Newton's contributions have had a profound impact on science and mathematics. His laws of motion and universal gravitation provided a framework for understanding the physical world and laid the foundation for modern physics. His work in calculus has been essential for advancements in engineering, economics, and various scientific fields. Additionally, his studies in optics led to the development of the reflecting telescope, which improved astronomical observations. Newton's influence extends beyond science into philosophy and the scientific method, shaping the way we approach inquiry and understanding in various disciplines."
      }
    ]
  },
  {
    "id": "88",
    "image": "downloaded_images/Personage/Isaac_Newton/image_20241107_153602_25.jpg",
    "conversations": [
      {
        "from": "human",
        "value": "<image>\nWhat contributions has this person made to society or industry?"
      },
      {
        "from": "gpt",
        "value": "Isaac Newton's contributions have had a profound impact on science and mathematics. His laws of motion and universal gravitation provided a framework for understanding the physical world and laid the foundation for modern physics. His work in calculus has been essential for advancements in engineering, economics, and various scientific fields. Additionally, his studies in optics led to the development of the reflecting telescope, which improved astronomical observations. Newton's influence extends beyond science into philosophy and the scientific method, shaping the way we approach inquiry and understanding in various disciplines."
      }
    ]
  },
  {
    "id": "89",
    "image": "downloaded_images/Personage/Isaac_Newton/image_20241107_153618_27.jpg",
    "conversations": [
      {
        "from": "human",
        "value": "<image>\nWhat contributions has this person made to society or industry?"
      },
      {
        "from": "gpt",
        "value": "Isaac Newton's contributions have had a profound impact on science and mathematics. His laws of motion and universal gravitation provided a framework for understanding the physical world and laid the foundation for modern physics. His work in calculus has been essential for advancements in engineering, economics, and various scientific fields. Additionally, his studies in optics led to the development of the reflecting telescope, which improved astronomical observations. Newton's influence extends beyond science into philosophy and the scientific method, shaping the way we approach inquiry and understanding in various disciplines."
      }
    ]
  },
  {
    "id": "100060",
    "image": "downloaded_images/Personage/Isaac_Newton/image_20241018_155342_4.jpg",
    "conversations": [
      {
        "from": "human",
        "value": "<image>\nWhat is the name of this individual?"
      },
      {
        "from": "gpt",
        "value": "Isaac Newton"
      }
    ]
  },
  {
    "id": "100061",
    "image": "downloaded_images/Personage/Isaac_Newton/image_20241018_155646_23.jpg",
    "conversations": [
      {
        "from": "human",
        "value": "<image>\nWhen and where was this individual born?"
      },
      {
        "from": "gpt",
        "value": "Isaac Newton was born on January 4, 1643, in Woolsthorpe, Lincolnshire, England."
      }
    ]
  },
  {
    "id": "100062",
    "image": "downloaded_images/Personage/Isaac_Newton/image_20241018_155646_23.jpg",
    "conversations": [
      {
        "from": "human",
        "value": "<image>\nWhat is this individual's occupation?"
      },
      {
        "from": "gpt",
        "value": "Isaac Newton was a mathematician, physicist, astronomer, and author."
      }
    ]
  },
  {
    "id": "100063",
    "image": "downloaded_images/Personage/Isaac_Newton/image_20241018_155646_23.jpg",
    "conversations": [
      {
        "from": "human",
        "value": "<image>\nWhat are this person's notable works or achievements?"
      },
      {
        "from": "gpt",
        "value": "Isaac Newton is best known for his work in mathematics and physics, particularly for formulating the laws of motion and universal gravitation. His major works include \"Philosophiæ Naturalis Principia Mathematica\" (Mathematical Principles of Natural Philosophy), published in 1687, which laid the groundwork for classical mechanics. He also made significant contributions to calculus, optics, and the study of light."
      }
    ]
  },
  {
    "id": "100064",
    "image": "downloaded_images/Personage/Isaac_Newton/image_20241018_155342_4.jpg",
    "conversations": [
      {
        "from": "human",
        "value": "<image>\nHow has this person contributed to society or their industry?"
      },
      {
        "from": "gpt",
        "value": "Isaac Newton's contributions have had a profound impact on science and mathematics. His laws of motion and universal gravitation provided a framework for understanding the physical world and laid the foundation for modern physics. His work in calculus has been essential for advancements in engineering, economics, and various scientific fields. Additionally, his studies in optics led to the development of the reflecting telescope, which improved astronomical observations. Newton's influence extends beyond science into philosophy and the scientific method, shaping the way we approach inquiry and understanding in various disciplines."
      }
    ]
  },
  {
    "id": "100065",
    "image": "downloaded_images/Personage/Isaac_Newton/image_20241107_153251_4.jpg",
    "conversations": [
      {
        "from": "human",
        "value": "<image>\nWhat is the name of this individual?"
      },
      {
        "from": "gpt",
        "value": "Isaac Newton"
      }
    ]
  },
  {
    "id": "100066",
    "image": "downloaded_images/Personage/Isaac_Newton/image_20241018_155448_12.jpg",
    "conversations": [
      {
        "from": "human",
        "value": "<image>\nWhat is the name of this individual?"
      },
      {
        "from": "gpt",
        "value": "Isaac Newton"
      }
    ]
  },
  {
    "id": "100067",
    "image": "downloaded_images/Personage/Isaac_Newton/image_20241018_155326_2.jpg",
    "conversations": [
      {
        "from": "human",
        "value": "<image>\nWhat is the name of this individual?"
      },
      {
        "from": "gpt",
        "value": "Isaac Newton"
      }
    ]
  },
  {
    "id": "100068",
    "image": "downloaded_images/Personage/Isaac_Newton/image_20241107_153309_6.jpg",
    "conversations": [
      {
        "from": "human",
        "value": "<image>\nWhat is the name of this individual?"
      },
      {
        "from": "gpt",
        "value": "Isaac Newton"
      }
    ]
  },
  {
    "id": "100069",
    "image": "downloaded_images/Personage/Isaac_Newton/image_20241107_153636_29.jpg",
    "conversations": [
      {
        "from": "human",
        "value": "<image>\nWhat is the name of this individual?"
      },
      {
        "from": "gpt",
        "value": "Isaac Newton"
      }
    ]
  },
  {
    "id": "100070",
    "image": "downloaded_images/Personage/Isaac_Newton/image_20241107_153457_18.jpg",
    "conversations": [
      {
        "from": "human",
        "value": "<image>\nWhen and where was this individual born?"
      },
      {
        "from": "gpt",
        "value": "Isaac Newton was born on January 4, 1643, in Woolsthorpe, Lincolnshire, England."
      }
    ]
  },
  {
    "id": "100071",
    "image": "downloaded_images/Personage/Isaac_Newton/image_20241018_155535_15.jpg",
    "conversations": [
      {
        "from": "human",
        "value": "<image>\nWhen and where was this individual born?"
      },
      {
        "from": "gpt",
        "value": "Isaac Newton was born on January 4, 1643, in Woolsthorpe, Lincolnshire, England."
      }
    ]
  },
  {
    "id": "100072",
    "image": "downloaded_images/Personage/Isaac_Newton/image_20241107_153602_25.jpg",
    "conversations": [
      {
        "from": "human",
        "value": "<image>\nWhen and where was this individual born?"
      },
      {
        "from": "gpt",
        "value": "Isaac Newton was born on January 4, 1643, in Woolsthorpe, Lincolnshire, England."
      }
    ]
  },
  {
    "id": "100073",
    "image": "downloaded_images/Personage/Isaac_Newton/image_20241018_155448_12.jpg",
    "conversations": [
      {
        "from": "human",
        "value": "<image>\nWhen and where was this individual born?"
      },
      {
        "from": "gpt",
        "value": "Isaac Newton was born on January 4, 1643, in Woolsthorpe, Lincolnshire, England."
      }
    ]
  },
  {
    "id": "100074",
    "image": "downloaded_images/Personage/Isaac_Newton/image_20241107_153610_26.jpg",
    "conversations": [
      {
        "from": "human",
        "value": "<image>\nWhen and where was this individual born?"
      },
      {
        "from": "gpt",
        "value": "Isaac Newton was born on January 4, 1643, in Woolsthorpe, Lincolnshire, England."
      }
    ]
  },
  {
    "id": "100075",
    "image": "downloaded_images/Personage/Isaac_Newton/image_20241107_153309_6.jpg",
    "conversations": [
      {
        "from": "human",
        "value": "<image>\nWhat is this individual's occupation?"
      },
      {
        "from": "gpt",
        "value": "Isaac Newton was a mathematician, physicist, astronomer, and author."
      }
    ]
  },
  {
    "id": "100076",
    "image": "downloaded_images/Personage/Isaac_Newton/image_20241107_153243_3.jpg",
    "conversations": [
      {
        "from": "human",
        "value": "<image>\nWhat is this individual's occupation?"
      },
      {
        "from": "gpt",
        "value": "Isaac Newton was a mathematician, physicist, astronomer, and author."
      }
    ]
  },
  {
    "id": "100077",
    "image": "downloaded_images/Personage/Isaac_Newton/image_20241107_153354_11.jpg",
    "conversations": [
      {
        "from": "human",
        "value": "<image>\nWhat is this individual's occupation?"
      },
      {
        "from": "gpt",
        "value": "Isaac Newton was a mathematician, physicist, astronomer, and author."
      }
    ]
  },
  {
    "id": "100078",
    "image": "downloaded_images/Personage/Isaac_Newton/image_20241018_155350_5.jpg",
    "conversations": [
      {
        "from": "human",
        "value": "<image>\nWhat is this individual's occupation?"
      },
      {
        "from": "gpt",
        "value": "Isaac Newton was a mathematician, physicist, astronomer, and author."
      }
    ]
  },
  {
    "id": "100079",
    "image": "downloaded_images/Personage/Isaac_Newton/image_20241018_155316_1.jpg",
    "conversations": [
      {
        "from": "human",
        "value": "<image>\nWhat is this individual's occupation?"
      },
      {
        "from": "gpt",
        "value": "Isaac Newton was a mathematician, physicist, astronomer, and author."
      }
    ]
  },
  {
    "id": "100080",
    "image": "downloaded_images/Personage/Isaac_Newton/image_20241107_153243_3.jpg",
    "conversations": [
      {
        "from": "human",
        "value": "<image>\nWhat are this person's notable works or achievements?"
      },
      {
        "from": "gpt",
        "value": "Isaac Newton is best known for his work in mathematics and physics, particularly for formulating the laws of motion and universal gravitation. His major works include \"Philosophiæ Naturalis Principia Mathematica\" (Mathematical Principles of Natural Philosophy), published in 1687, which laid the groundwork for classical mechanics. He also made significant contributions to calculus, optics, and the study of light."
      }
    ]
  },
  {
    "id": "100081",
    "image": "downloaded_images/Personage/Isaac_Newton/image_20241107_153449_17.jpg",
    "conversations": [
      {
        "from": "human",
        "value": "<image>\nWhat are this person's notable works or achievements?"
      },
      {
        "from": "gpt",
        "value": "Isaac Newton is best known for his work in mathematics and physics, particularly for formulating the laws of motion and universal gravitation. His major works include \"Philosophiæ Naturalis Principia Mathematica\" (Mathematical Principles of Natural Philosophy), published in 1687, which laid the groundwork for classical mechanics. He also made significant contributions to calculus, optics, and the study of light."
      }
    ]
  },
  {
    "id": "100082",
    "image": "downloaded_images/Personage/Isaac_Newton/image_20241018_155535_15.jpg",
    "conversations": [
      {
        "from": "human",
        "value": "<image>\nWhat are this person's notable works or achievements?"
      },
      {
        "from": "gpt",
        "value": "Isaac Newton is best known for his work in mathematics and physics, particularly for formulating the laws of motion and universal gravitation. His major works include \"Philosophiæ Naturalis Principia Mathematica\" (Mathematical Principles of Natural Philosophy), published in 1687, which laid the groundwork for classical mechanics. He also made significant contributions to calculus, optics, and the study of light."
      }
    ]
  },
  {
    "id": "100083",
    "image": "downloaded_images/Personage/Isaac_Newton/image_20241107_153610_26.jpg",
    "conversations": [
      {
        "from": "human",
        "value": "<image>\nWhat are this person's notable works or achievements?"
      },
      {
        "from": "gpt",
        "value": "Isaac Newton is best known for his work in mathematics and physics, particularly for formulating the laws of motion and universal gravitation. His major works include \"Philosophiæ Naturalis Principia Mathematica\" (Mathematical Principles of Natural Philosophy), published in 1687, which laid the groundwork for classical mechanics. He also made significant contributions to calculus, optics, and the study of light."
      }
    ]
  },
  {
    "id": "100084",
    "image": "downloaded_images/Personage/Isaac_Newton/image_20241107_153234_2.jpg",
    "conversations": [
      {
        "from": "human",
        "value": "<image>\nWhat are this person's notable works or achievements?"
      },
      {
        "from": "gpt",
        "value": "Isaac Newton is best known for his work in mathematics and physics, particularly for formulating the laws of motion and universal gravitation. His major works include \"Philosophiæ Naturalis Principia Mathematica\" (Mathematical Principles of Natural Philosophy), published in 1687, which laid the groundwork for classical mechanics. He also made significant contributions to calculus, optics, and the study of light."
      }
    ]
  },
  {
    "id": "100085",
    "image": "downloaded_images/Personage/Isaac_Newton/image_20241107_153309_6.jpg",
    "conversations": [
      {
        "from": "human",
        "value": "<image>\nHow has this person contributed to society or their industry?"
      },
      {
        "from": "gpt",
        "value": "Isaac Newton's contributions have had a profound impact on science and mathematics. His laws of motion and universal gravitation provided a framework for understanding the physical world and laid the foundation for modern physics. His work in calculus has been essential for advancements in engineering, economics, and various scientific fields. Additionally, his studies in optics led to the development of the reflecting telescope, which improved astronomical observations. Newton's influence extends beyond science into philosophy and the scientific method, shaping the way we approach inquiry and understanding in various disciplines."
      }
    ]
  },
  {
    "id": "100086",
    "image": "downloaded_images/Personage/Isaac_Newton/image_20241107_153610_26.jpg",
    "conversations": [
      {
        "from": "human",
        "value": "<image>\nHow has this person contributed to society or their industry?"
      },
      {
        "from": "gpt",
        "value": "Isaac Newton's contributions have had a profound impact on science and mathematics. His laws of motion and universal gravitation provided a framework for understanding the physical world and laid the foundation for modern physics. His work in calculus has been essential for advancements in engineering, economics, and various scientific fields. Additionally, his studies in optics led to the development of the reflecting telescope, which improved astronomical observations. Newton's influence extends beyond science into philosophy and the scientific method, shaping the way we approach inquiry and understanding in various disciplines."
      }
    ]
  },
  {
    "id": "100087",
    "image": "downloaded_images/Personage/Isaac_Newton/image_20241018_155448_12.jpg",
    "conversations": [
      {
        "from": "human",
        "value": "<image>\nHow has this person contributed to society or their industry?"
      },
      {
        "from": "gpt",
        "value": "Isaac Newton's contributions have had a profound impact on science and mathematics. His laws of motion and universal gravitation provided a framework for understanding the physical world and laid the foundation for modern physics. His work in calculus has been essential for advancements in engineering, economics, and various scientific fields. Additionally, his studies in optics led to the development of the reflecting telescope, which improved astronomical observations. Newton's influence extends beyond science into philosophy and the scientific method, shaping the way we approach inquiry and understanding in various disciplines."
      }
    ]
  },
  {
    "id": "100088",
    "image": "downloaded_images/Personage/Isaac_Newton/image_20241107_153602_25.jpg",
    "conversations": [
      {
        "from": "human",
        "value": "<image>\nHow has this person contributed to society or their industry?"
      },
      {
        "from": "gpt",
        "value": "Isaac Newton's contributions have had a profound impact on science and mathematics. His laws of motion and universal gravitation provided a framework for understanding the physical world and laid the foundation for modern physics. His work in calculus has been essential for advancements in engineering, economics, and various scientific fields. Additionally, his studies in optics led to the development of the reflecting telescope, which improved astronomical observations. Newton's influence extends beyond science into philosophy and the scientific method, shaping the way we approach inquiry and understanding in various disciplines."
      }
    ]
  },
  {
    "id": "100089",
    "image": "downloaded_images/Personage/Isaac_Newton/image_20241107_153618_27.jpg",
    "conversations": [
      {
        "from": "human",
        "value": "<image>\nHow has this person contributed to society or their industry?"
      },
      {
        "from": "gpt",
        "value": "Isaac Newton's contributions have had a profound impact on science and mathematics. His laws of motion and universal gravitation provided a framework for understanding the physical world and laid the foundation for modern physics. His work in calculus has been essential for advancements in engineering, economics, and various scientific fields. Additionally, his studies in optics led to the development of the reflecting telescope, which improved astronomical observations. Newton's influence extends beyond science into philosophy and the scientific method, shaping the way we approach inquiry and understanding in various disciplines."
      }
    ]
  },
  {
    "id": "200060",
    "image": "downloaded_images/Personage/Isaac_Newton/image_20241018_155342_4.jpg",
    "conversations": [
      {
        "from": "human",
        "value": "<image>\nHow is this person called?"
      },
      {
        "from": "gpt",
        "value": "Isaac Newton"
      }
    ]
  },
  {
    "id": "200061",
    "image": "downloaded_images/Personage/Isaac_Newton/image_20241018_155646_23.jpg",
    "conversations": [
      {
        "from": "human",
        "value": "<image>\nWhat is the birthdate and birthplace of this individual?"
      },
      {
        "from": "gpt",
        "value": "Isaac Newton was born on January 4, 1643, in Woolsthorpe, Lincolnshire, England."
      }
    ]
  },
  {
    "id": "200062",
    "image": "downloaded_images/Personage/Isaac_Newton/image_20241018_155646_23.jpg",
    "conversations": [
      {
        "from": "human",
        "value": "<image>\nWhat profession does this person hold?"
      },
      {
        "from": "gpt",
        "value": "Isaac Newton was a mathematician, physicist, astronomer, and author."
      }
    ]
  },
  {
    "id": "200063",
    "image": "downloaded_images/Personage/Isaac_Newton/image_20241018_155646_23.jpg",
    "conversations": [
      {
        "from": "human",
        "value": "<image>\nWhat are the key accomplishments of this individual?"
      },
      {
        "from": "gpt",
        "value": "Isaac Newton is best known for his work in mathematics and physics, particularly for formulating the laws of motion and universal gravitation. His major works include \"Philosophiæ Naturalis Principia Mathematica\" (Mathematical Principles of Natural Philosophy), published in 1687, which laid the groundwork for classical mechanics. He also made significant contributions to calculus, optics, and the study of light."
      }
    ]
  },
  {
    "id": "200064",
    "image": "downloaded_images/Personage/Isaac_Newton/image_20241018_155342_4.jpg",
    "conversations": [
      {
        "from": "human",
        "value": "<image>\nWhat impact has this individual made in their field or community?"
      },
      {
        "from": "gpt",
        "value": "Isaac Newton's contributions have had a profound impact on science and mathematics. His laws of motion and universal gravitation provided a framework for understanding the physical world and laid the foundation for modern physics. His work in calculus has been essential for advancements in engineering, economics, and various scientific fields. Additionally, his studies in optics led to the development of the reflecting telescope, which improved astronomical observations. Newton's influence extends beyond science into philosophy and the scientific method, shaping the way we approach inquiry and understanding in various disciplines."
      }
    ]
  },
  {
    "id": "200065",
    "image": "downloaded_images/Personage/Isaac_Newton/image_20241107_153251_4.jpg",
    "conversations": [
      {
        "from": "human",
        "value": "<image>\nHow is this person called?"
      },
      {
        "from": "gpt",
        "value": "Isaac Newton"
      }
    ]
  },
  {
    "id": "200066",
    "image": "downloaded_images/Personage/Isaac_Newton/image_20241018_155448_12.jpg",
    "conversations": [
      {
        "from": "human",
        "value": "<image>\nHow is this person called?"
      },
      {
        "from": "gpt",
        "value": "Isaac Newton"
      }
    ]
  },
  {
    "id": "200067",
    "image": "downloaded_images/Personage/Isaac_Newton/image_20241018_155326_2.jpg",
    "conversations": [
      {
        "from": "human",
        "value": "<image>\nHow is this person called?"
      },
      {
        "from": "gpt",
        "value": "Isaac Newton"
      }
    ]
  },
  {
    "id": "200068",
    "image": "downloaded_images/Personage/Isaac_Newton/image_20241107_153309_6.jpg",
    "conversations": [
      {
        "from": "human",
        "value": "<image>\nHow is this person called?"
      },
      {
        "from": "gpt",
        "value": "Isaac Newton"
      }
    ]
  },
  {
    "id": "200069",
    "image": "downloaded_images/Personage/Isaac_Newton/image_20241107_153636_29.jpg",
    "conversations": [
      {
        "from": "human",
        "value": "<image>\nHow is this person called?"
      },
      {
        "from": "gpt",
        "value": "Isaac Newton"
      }
    ]
  },
  {
    "id": "200070",
    "image": "downloaded_images/Personage/Isaac_Newton/image_20241107_153457_18.jpg",
    "conversations": [
      {
        "from": "human",
        "value": "<image>\nWhat is the birthdate and birthplace of this individual?"
      },
      {
        "from": "gpt",
        "value": "Isaac Newton was born on January 4, 1643, in Woolsthorpe, Lincolnshire, England."
      }
    ]
  },
  {
    "id": "200071",
    "image": "downloaded_images/Personage/Isaac_Newton/image_20241018_155535_15.jpg",
    "conversations": [
      {
        "from": "human",
        "value": "<image>\nWhat is the birthdate and birthplace of this individual?"
      },
      {
        "from": "gpt",
        "value": "Isaac Newton was born on January 4, 1643, in Woolsthorpe, Lincolnshire, England."
      }
    ]
  },
  {
    "id": "200072",
    "image": "downloaded_images/Personage/Isaac_Newton/image_20241107_153602_25.jpg",
    "conversations": [
      {
        "from": "human",
        "value": "<image>\nWhat is the birthdate and birthplace of this individual?"
      },
      {
        "from": "gpt",
        "value": "Isaac Newton was born on January 4, 1643, in Woolsthorpe, Lincolnshire, England."
      }
    ]
  },
  {
    "id": "200073",
    "image": "downloaded_images/Personage/Isaac_Newton/image_20241018_155448_12.jpg",
    "conversations": [
      {
        "from": "human",
        "value": "<image>\nWhat is the birthdate and birthplace of this individual?"
      },
      {
        "from": "gpt",
        "value": "Isaac Newton was born on January 4, 1643, in Woolsthorpe, Lincolnshire, England."
      }
    ]
  },
  {
    "id": "200074",
    "image": "downloaded_images/Personage/Isaac_Newton/image_20241107_153610_26.jpg",
    "conversations": [
      {
        "from": "human",
        "value": "<image>\nWhat is the birthdate and birthplace of this individual?"
      },
      {
        "from": "gpt",
        "value": "Isaac Newton was born on January 4, 1643, in Woolsthorpe, Lincolnshire, England."
      }
    ]
  },
  {
    "id": "200075",
    "image": "downloaded_images/Personage/Isaac_Newton/image_20241107_153309_6.jpg",
    "conversations": [
      {
        "from": "human",
        "value": "<image>\nWhat profession does this person hold?"
      },
      {
        "from": "gpt",
        "value": "Isaac Newton was a mathematician, physicist, astronomer, and author."
      }
    ]
  },
  {
    "id": "200076",
    "image": "downloaded_images/Personage/Isaac_Newton/image_20241107_153243_3.jpg",
    "conversations": [
      {
        "from": "human",
        "value": "<image>\nWhat profession does this person hold?"
      },
      {
        "from": "gpt",
        "value": "Isaac Newton was a mathematician, physicist, astronomer, and author."
      }
    ]
  },
  {
    "id": "200077",
    "image": "downloaded_images/Personage/Isaac_Newton/image_20241107_153354_11.jpg",
    "conversations": [
      {
        "from": "human",
        "value": "<image>\nWhat profession does this person hold?"
      },
      {
        "from": "gpt",
        "value": "Isaac Newton was a mathematician, physicist, astronomer, and author."
      }
    ]
  },
  {
    "id": "200078",
    "image": "downloaded_images/Personage/Isaac_Newton/image_20241018_155350_5.jpg",
    "conversations": [
      {
        "from": "human",
        "value": "<image>\nWhat profession does this person hold?"
      },
      {
        "from": "gpt",
        "value": "Isaac Newton was a mathematician, physicist, astronomer, and author."
      }
    ]
  },
  {
    "id": "200079",
    "image": "downloaded_images/Personage/Isaac_Newton/image_20241018_155316_1.jpg",
    "conversations": [
      {
        "from": "human",
        "value": "<image>\nWhat profession does this person hold?"
      },
      {
        "from": "gpt",
        "value": "Isaac Newton was a mathematician, physicist, astronomer, and author."
      }
    ]
  },
  {
    "id": "200080",
    "image": "downloaded_images/Personage/Isaac_Newton/image_20241107_153243_3.jpg",
    "conversations": [
      {
        "from": "human",
        "value": "<image>\nWhat are the key accomplishments of this individual?"
      },
      {
        "from": "gpt",
        "value": "Isaac Newton is best known for his work in mathematics and physics, particularly for formulating the laws of motion and universal gravitation. His major works include \"Philosophiæ Naturalis Principia Mathematica\" (Mathematical Principles of Natural Philosophy), published in 1687, which laid the groundwork for classical mechanics. He also made significant contributions to calculus, optics, and the study of light."
      }
    ]
  },
  {
    "id": "200081",
    "image": "downloaded_images/Personage/Isaac_Newton/image_20241107_153449_17.jpg",
    "conversations": [
      {
        "from": "human",
        "value": "<image>\nWhat are the key accomplishments of this individual?"
      },
      {
        "from": "gpt",
        "value": "Isaac Newton is best known for his work in mathematics and physics, particularly for formulating the laws of motion and universal gravitation. His major works include \"Philosophiæ Naturalis Principia Mathematica\" (Mathematical Principles of Natural Philosophy), published in 1687, which laid the groundwork for classical mechanics. He also made significant contributions to calculus, optics, and the study of light."
      }
    ]
  },
  {
    "id": "200082",
    "image": "downloaded_images/Personage/Isaac_Newton/image_20241018_155535_15.jpg",
    "conversations": [
      {
        "from": "human",
        "value": "<image>\nWhat are the key accomplishments of this individual?"
      },
      {
        "from": "gpt",
        "value": "Isaac Newton is best known for his work in mathematics and physics, particularly for formulating the laws of motion and universal gravitation. His major works include \"Philosophiæ Naturalis Principia Mathematica\" (Mathematical Principles of Natural Philosophy), published in 1687, which laid the groundwork for classical mechanics. He also made significant contributions to calculus, optics, and the study of light."
      }
    ]
  },
  {
    "id": "200083",
    "image": "downloaded_images/Personage/Isaac_Newton/image_20241107_153610_26.jpg",
    "conversations": [
      {
        "from": "human",
        "value": "<image>\nWhat are the key accomplishments of this individual?"
      },
      {
        "from": "gpt",
        "value": "Isaac Newton is best known for his work in mathematics and physics, particularly for formulating the laws of motion and universal gravitation. His major works include \"Philosophiæ Naturalis Principia Mathematica\" (Mathematical Principles of Natural Philosophy), published in 1687, which laid the groundwork for classical mechanics. He also made significant contributions to calculus, optics, and the study of light."
      }
    ]
  },
  {
    "id": "200084",
    "image": "downloaded_images/Personage/Isaac_Newton/image_20241107_153234_2.jpg",
    "conversations": [
      {
        "from": "human",
        "value": "<image>\nWhat are the key accomplishments of this individual?"
      },
      {
        "from": "gpt",
        "value": "Isaac Newton is best known for his work in mathematics and physics, particularly for formulating the laws of motion and universal gravitation. His major works include \"Philosophiæ Naturalis Principia Mathematica\" (Mathematical Principles of Natural Philosophy), published in 1687, which laid the groundwork for classical mechanics. He also made significant contributions to calculus, optics, and the study of light."
      }
    ]
  },
  {
    "id": "200085",
    "image": "downloaded_images/Personage/Isaac_Newton/image_20241107_153309_6.jpg",
    "conversations": [
      {
        "from": "human",
        "value": "<image>\nWhat impact has this individual made in their field or community?"
      },
      {
        "from": "gpt",
        "value": "Isaac Newton's contributions have had a profound impact on science and mathematics. His laws of motion and universal gravitation provided a framework for understanding the physical world and laid the foundation for modern physics. His work in calculus has been essential for advancements in engineering, economics, and various scientific fields. Additionally, his studies in optics led to the development of the reflecting telescope, which improved astronomical observations. Newton's influence extends beyond science into philosophy and the scientific method, shaping the way we approach inquiry and understanding in various disciplines."
      }
    ]
  },
  {
    "id": "200086",
    "image": "downloaded_images/Personage/Isaac_Newton/image_20241107_153610_26.jpg",
    "conversations": [
      {
        "from": "human",
        "value": "<image>\nWhat impact has this individual made in their field or community?"
      },
      {
        "from": "gpt",
        "value": "Isaac Newton's contributions have had a profound impact on science and mathematics. His laws of motion and universal gravitation provided a framework for understanding the physical world and laid the foundation for modern physics. His work in calculus has been essential for advancements in engineering, economics, and various scientific fields. Additionally, his studies in optics led to the development of the reflecting telescope, which improved astronomical observations. Newton's influence extends beyond science into philosophy and the scientific method, shaping the way we approach inquiry and understanding in various disciplines."
      }
    ]
  },
  {
    "id": "200087",
    "image": "downloaded_images/Personage/Isaac_Newton/image_20241018_155448_12.jpg",
    "conversations": [
      {
        "from": "human",
        "value": "<image>\nWhat impact has this individual made in their field or community?"
      },
      {
        "from": "gpt",
        "value": "Isaac Newton's contributions have had a profound impact on science and mathematics. His laws of motion and universal gravitation provided a framework for understanding the physical world and laid the foundation for modern physics. His work in calculus has been essential for advancements in engineering, economics, and various scientific fields. Additionally, his studies in optics led to the development of the reflecting telescope, which improved astronomical observations. Newton's influence extends beyond science into philosophy and the scientific method, shaping the way we approach inquiry and understanding in various disciplines."
      }
    ]
  },
  {
    "id": "200088",
    "image": "downloaded_images/Personage/Isaac_Newton/image_20241107_153602_25.jpg",
    "conversations": [
      {
        "from": "human",
        "value": "<image>\nWhat impact has this individual made in their field or community?"
      },
      {
        "from": "gpt",
        "value": "Isaac Newton's contributions have had a profound impact on science and mathematics. His laws of motion and universal gravitation provided a framework for understanding the physical world and laid the foundation for modern physics. His work in calculus has been essential for advancements in engineering, economics, and various scientific fields. Additionally, his studies in optics led to the development of the reflecting telescope, which improved astronomical observations. Newton's influence extends beyond science into philosophy and the scientific method, shaping the way we approach inquiry and understanding in various disciplines."
      }
    ]
  },
  {
    "id": "200089",
    "image": "downloaded_images/Personage/Isaac_Newton/image_20241107_153618_27.jpg",
    "conversations": [
      {
        "from": "human",
        "value": "<image>\nWhat impact has this individual made in their field or community?"
      },
      {
        "from": "gpt",
        "value": "Isaac Newton's contributions have had a profound impact on science and mathematics. His laws of motion and universal gravitation provided a framework for understanding the physical world and laid the foundation for modern physics. His work in calculus has been essential for advancements in engineering, economics, and various scientific fields. Additionally, his studies in optics led to the development of the reflecting telescope, which improved astronomical observations. Newton's influence extends beyond science into philosophy and the scientific method, shaping the way we approach inquiry and understanding in various disciplines."
      }
    ]
  },
  {
    "id": "300060",
    "image": "downloaded_images/Personage/Isaac_Newton/image_20241018_155342_4.jpg",
    "conversations": [
      {
        "from": "human",
        "value": "<image>\nHow is this person referred to?"
      },
      {
        "from": "gpt",
        "value": "Isaac Newton"
      }
    ]
  },
  {
    "id": "300061",
    "image": "downloaded_images/Personage/Isaac_Newton/image_20241018_155646_23.jpg",
    "conversations": [
      {
        "from": "human",
        "value": "<image>\nWhere and when did this person enter the world?"
      },
      {
        "from": "gpt",
        "value": "Isaac Newton was born on January 4, 1643, in Woolsthorpe, Lincolnshire, England."
      }
    ]
  },
  {
    "id": "300062",
    "image": "downloaded_images/Personage/Isaac_Newton/image_20241018_155646_23.jpg",
    "conversations": [
      {
        "from": "human",
        "value": "<image>\nWhat job does this person do?"
      },
      {
        "from": "gpt",
        "value": "Isaac Newton was a mathematician, physicist, astronomer, and author."
      }
    ]
  },
  {
    "id": "300063",
    "image": "downloaded_images/Personage/Isaac_Newton/image_20241018_155646_23.jpg",
    "conversations": [
      {
        "from": "human",
        "value": "<image>\nWhat famous contributions has this person made?"
      },
      {
        "from": "gpt",
        "value": "Isaac Newton is best known for his work in mathematics and physics, particularly for formulating the laws of motion and universal gravitation. His major works include \"Philosophiæ Naturalis Principia Mathematica\" (Mathematical Principles of Natural Philosophy), published in 1687, which laid the groundwork for classical mechanics. He also made significant contributions to calculus, optics, and the study of light."
      }
    ]
  },
  {
    "id": "300064",
    "image": "downloaded_images/Personage/Isaac_Newton/image_20241018_155342_4.jpg",
    "conversations": [
      {
        "from": "human",
        "value": "<image>\nWhat contributions has this person offered to society or their profession?"
      },
      {
        "from": "gpt",
        "value": "Isaac Newton's contributions have had a profound impact on science and mathematics. His laws of motion and universal gravitation provided a framework for understanding the physical world and laid the foundation for modern physics. His work in calculus has been essential for advancements in engineering, economics, and various scientific fields. Additionally, his studies in optics led to the development of the reflecting telescope, which improved astronomical observations. Newton's influence extends beyond science into philosophy and the scientific method, shaping the way we approach inquiry and understanding in various disciplines."
      }
    ]
  },
  {
    "id": "300065",
    "image": "downloaded_images/Personage/Isaac_Newton/image_20241107_153251_4.jpg",
    "conversations": [
      {
        "from": "human",
        "value": "<image>\nHow is this person referred to?"
      },
      {
        "from": "gpt",
        "value": "Isaac Newton"
      }
    ]
  },
  {
    "id": "300066",
    "image": "downloaded_images/Personage/Isaac_Newton/image_20241018_155448_12.jpg",
    "conversations": [
      {
        "from": "human",
        "value": "<image>\nHow is this person referred to?"
      },
      {
        "from": "gpt",
        "value": "Isaac Newton"
      }
    ]
  },
  {
    "id": "300067",
    "image": "downloaded_images/Personage/Isaac_Newton/image_20241018_155326_2.jpg",
    "conversations": [
      {
        "from": "human",
        "value": "<image>\nHow is this person referred to?"
      },
      {
        "from": "gpt",
        "value": "Isaac Newton"
      }
    ]
  },
  {
    "id": "300068",
    "image": "downloaded_images/Personage/Isaac_Newton/image_20241107_153309_6.jpg",
    "conversations": [
      {
        "from": "human",
        "value": "<image>\nHow is this person referred to?"
      },
      {
        "from": "gpt",
        "value": "Isaac Newton"
      }
    ]
  },
  {
    "id": "300069",
    "image": "downloaded_images/Personage/Isaac_Newton/image_20241107_153636_29.jpg",
    "conversations": [
      {
        "from": "human",
        "value": "<image>\nHow is this person referred to?"
      },
      {
        "from": "gpt",
        "value": "Isaac Newton"
      }
    ]
  },
  {
    "id": "300070",
    "image": "downloaded_images/Personage/Isaac_Newton/image_20241107_153457_18.jpg",
    "conversations": [
      {
        "from": "human",
        "value": "<image>\nWhere and when did this person enter the world?"
      },
      {
        "from": "gpt",
        "value": "Isaac Newton was born on January 4, 1643, in Woolsthorpe, Lincolnshire, England."
      }
    ]
  },
  {
    "id": "300071",
    "image": "downloaded_images/Personage/Isaac_Newton/image_20241018_155535_15.jpg",
    "conversations": [
      {
        "from": "human",
        "value": "<image>\nWhere and when did this person enter the world?"
      },
      {
        "from": "gpt",
        "value": "Isaac Newton was born on January 4, 1643, in Woolsthorpe, Lincolnshire, England."
      }
    ]
  },
  {
    "id": "300072",
    "image": "downloaded_images/Personage/Isaac_Newton/image_20241107_153602_25.jpg",
    "conversations": [
      {
        "from": "human",
        "value": "<image>\nWhere and when did this person enter the world?"
      },
      {
        "from": "gpt",
        "value": "Isaac Newton was born on January 4, 1643, in Woolsthorpe, Lincolnshire, England."
      }
    ]
  },
  {
    "id": "300073",
    "image": "downloaded_images/Personage/Isaac_Newton/image_20241018_155448_12.jpg",
    "conversations": [
      {
        "from": "human",
        "value": "<image>\nWhere and when did this person enter the world?"
      },
      {
        "from": "gpt",
        "value": "Isaac Newton was born on January 4, 1643, in Woolsthorpe, Lincolnshire, England."
      }
    ]
  },
  {
    "id": "300074",
    "image": "downloaded_images/Personage/Isaac_Newton/image_20241107_153610_26.jpg",
    "conversations": [
      {
        "from": "human",
        "value": "<image>\nWhere and when did this person enter the world?"
      },
      {
        "from": "gpt",
        "value": "Isaac Newton was born on January 4, 1643, in Woolsthorpe, Lincolnshire, England."
      }
    ]
  },
  {
    "id": "300075",
    "image": "downloaded_images/Personage/Isaac_Newton/image_20241107_153309_6.jpg",
    "conversations": [
      {
        "from": "human",
        "value": "<image>\nWhat job does this person do?"
      },
      {
        "from": "gpt",
        "value": "Isaac Newton was a mathematician, physicist, astronomer, and author."
      }
    ]
  },
  {
    "id": "300076",
    "image": "downloaded_images/Personage/Isaac_Newton/image_20241107_153243_3.jpg",
    "conversations": [
      {
        "from": "human",
        "value": "<image>\nWhat job does this person do?"
      },
      {
        "from": "gpt",
        "value": "Isaac Newton was a mathematician, physicist, astronomer, and author."
      }
    ]
  },
  {
    "id": "300077",
    "image": "downloaded_images/Personage/Isaac_Newton/image_20241107_153354_11.jpg",
    "conversations": [
      {
        "from": "human",
        "value": "<image>\nWhat job does this person do?"
      },
      {
        "from": "gpt",
        "value": "Isaac Newton was a mathematician, physicist, astronomer, and author."
      }
    ]
  },
  {
    "id": "300078",
    "image": "downloaded_images/Personage/Isaac_Newton/image_20241018_155350_5.jpg",
    "conversations": [
      {
        "from": "human",
        "value": "<image>\nWhat job does this person do?"
      },
      {
        "from": "gpt",
        "value": "Isaac Newton was a mathematician, physicist, astronomer, and author."
      }
    ]
  },
  {
    "id": "300079",
    "image": "downloaded_images/Personage/Isaac_Newton/image_20241018_155316_1.jpg",
    "conversations": [
      {
        "from": "human",
        "value": "<image>\nWhat job does this person do?"
      },
      {
        "from": "gpt",
        "value": "Isaac Newton was a mathematician, physicist, astronomer, and author."
      }
    ]
  },
  {
    "id": "300080",
    "image": "downloaded_images/Personage/Isaac_Newton/image_20241107_153243_3.jpg",
    "conversations": [
      {
        "from": "human",
        "value": "<image>\nWhat famous contributions has this person made?"
      },
      {
        "from": "gpt",
        "value": "Isaac Newton is best known for his work in mathematics and physics, particularly for formulating the laws of motion and universal gravitation. His major works include \"Philosophiæ Naturalis Principia Mathematica\" (Mathematical Principles of Natural Philosophy), published in 1687, which laid the groundwork for classical mechanics. He also made significant contributions to calculus, optics, and the study of light."
      }
    ]
  },
  {
    "id": "300081",
    "image": "downloaded_images/Personage/Isaac_Newton/image_20241107_153449_17.jpg",
    "conversations": [
      {
        "from": "human",
        "value": "<image>\nWhat famous contributions has this person made?"
      },
      {
        "from": "gpt",
        "value": "Isaac Newton is best known for his work in mathematics and physics, particularly for formulating the laws of motion and universal gravitation. His major works include \"Philosophiæ Naturalis Principia Mathematica\" (Mathematical Principles of Natural Philosophy), published in 1687, which laid the groundwork for classical mechanics. He also made significant contributions to calculus, optics, and the study of light."
      }
    ]
  },
  {
    "id": "300082",
    "image": "downloaded_images/Personage/Isaac_Newton/image_20241018_155535_15.jpg",
    "conversations": [
      {
        "from": "human",
        "value": "<image>\nWhat famous contributions has this person made?"
      },
      {
        "from": "gpt",
        "value": "Isaac Newton is best known for his work in mathematics and physics, particularly for formulating the laws of motion and universal gravitation. His major works include \"Philosophiæ Naturalis Principia Mathematica\" (Mathematical Principles of Natural Philosophy), published in 1687, which laid the groundwork for classical mechanics. He also made significant contributions to calculus, optics, and the study of light."
      }
    ]
  },
  {
    "id": "300083",
    "image": "downloaded_images/Personage/Isaac_Newton/image_20241107_153610_26.jpg",
    "conversations": [
      {
        "from": "human",
        "value": "<image>\nWhat famous contributions has this person made?"
      },
      {
        "from": "gpt",
        "value": "Isaac Newton is best known for his work in mathematics and physics, particularly for formulating the laws of motion and universal gravitation. His major works include \"Philosophiæ Naturalis Principia Mathematica\" (Mathematical Principles of Natural Philosophy), published in 1687, which laid the groundwork for classical mechanics. He also made significant contributions to calculus, optics, and the study of light."
      }
    ]
  },
  {
    "id": "300084",
    "image": "downloaded_images/Personage/Isaac_Newton/image_20241107_153234_2.jpg",
    "conversations": [
      {
        "from": "human",
        "value": "<image>\nWhat famous contributions has this person made?"
      },
      {
        "from": "gpt",
        "value": "Isaac Newton is best known for his work in mathematics and physics, particularly for formulating the laws of motion and universal gravitation. His major works include \"Philosophiæ Naturalis Principia Mathematica\" (Mathematical Principles of Natural Philosophy), published in 1687, which laid the groundwork for classical mechanics. He also made significant contributions to calculus, optics, and the study of light."
      }
    ]
  },
  {
    "id": "300085",
    "image": "downloaded_images/Personage/Isaac_Newton/image_20241107_153309_6.jpg",
    "conversations": [
      {
        "from": "human",
        "value": "<image>\nWhat contributions has this person offered to society or their profession?"
      },
      {
        "from": "gpt",
        "value": "Isaac Newton's contributions have had a profound impact on science and mathematics. His laws of motion and universal gravitation provided a framework for understanding the physical world and laid the foundation for modern physics. His work in calculus has been essential for advancements in engineering, economics, and various scientific fields. Additionally, his studies in optics led to the development of the reflecting telescope, which improved astronomical observations. Newton's influence extends beyond science into philosophy and the scientific method, shaping the way we approach inquiry and understanding in various disciplines."
      }
    ]
  },
  {
    "id": "300086",
    "image": "downloaded_images/Personage/Isaac_Newton/image_20241107_153610_26.jpg",
    "conversations": [
      {
        "from": "human",
        "value": "<image>\nWhat contributions has this person offered to society or their profession?"
      },
      {
        "from": "gpt",
        "value": "Isaac Newton's contributions have had a profound impact on science and mathematics. His laws of motion and universal gravitation provided a framework for understanding the physical world and laid the foundation for modern physics. His work in calculus has been essential for advancements in engineering, economics, and various scientific fields. Additionally, his studies in optics led to the development of the reflecting telescope, which improved astronomical observations. Newton's influence extends beyond science into philosophy and the scientific method, shaping the way we approach inquiry and understanding in various disciplines."
      }
    ]
  },
  {
    "id": "300087",
    "image": "downloaded_images/Personage/Isaac_Newton/image_20241018_155448_12.jpg",
    "conversations": [
      {
        "from": "human",
        "value": "<image>\nWhat contributions has this person offered to society or their profession?"
      },
      {
        "from": "gpt",
        "value": "Isaac Newton's contributions have had a profound impact on science and mathematics. His laws of motion and universal gravitation provided a framework for understanding the physical world and laid the foundation for modern physics. His work in calculus has been essential for advancements in engineering, economics, and various scientific fields. Additionally, his studies in optics led to the development of the reflecting telescope, which improved astronomical observations. Newton's influence extends beyond science into philosophy and the scientific method, shaping the way we approach inquiry and understanding in various disciplines."
      }
    ]
  },
  {
    "id": "300088",
    "image": "downloaded_images/Personage/Isaac_Newton/image_20241107_153602_25.jpg",
    "conversations": [
      {
        "from": "human",
        "value": "<image>\nWhat contributions has this person offered to society or their profession?"
      },
      {
        "from": "gpt",
        "value": "Isaac Newton's contributions have had a profound impact on science and mathematics. His laws of motion and universal gravitation provided a framework for understanding the physical world and laid the foundation for modern physics. His work in calculus has been essential for advancements in engineering, economics, and various scientific fields. Additionally, his studies in optics led to the development of the reflecting telescope, which improved astronomical observations. Newton's influence extends beyond science into philosophy and the scientific method, shaping the way we approach inquiry and understanding in various disciplines."
      }
    ]
  },
  {
    "id": "300089",
    "image": "downloaded_images/Personage/Isaac_Newton/image_20241107_153618_27.jpg",
    "conversations": [
      {
        "from": "human",
        "value": "<image>\nWhat contributions has this person offered to society or their profession?"
      },
      {
        "from": "gpt",
        "value": "Isaac Newton's contributions have had a profound impact on science and mathematics. His laws of motion and universal gravitation provided a framework for understanding the physical world and laid the foundation for modern physics. His work in calculus has been essential for advancements in engineering, economics, and various scientific fields. Additionally, his studies in optics led to the development of the reflecting telescope, which improved astronomical observations. Newton's influence extends beyond science into philosophy and the scientific method, shaping the way we approach inquiry and understanding in various disciplines."
      }
    ]
  },
  {
    "id": "400060",
    "image": "downloaded_images/Personage/Isaac_Newton/image_20241018_155342_4.jpg",
    "conversations": [
      {
        "from": "human",
        "value": "<image>\nWhat do people call this individual?"
      },
      {
        "from": "gpt",
        "value": "Isaac Newton"
      }
    ]
  },
  {
    "id": "400061",
    "image": "downloaded_images/Personage/Isaac_Newton/image_20241018_155646_23.jpg",
    "conversations": [
      {
        "from": "human",
        "value": "<image>\nCan you tell me the date and place of this person's birth?"
      },
      {
        "from": "gpt",
        "value": "Isaac Newton was born on January 4, 1643, in Woolsthorpe, Lincolnshire, England."
      }
    ]
  },
  {
    "id": "400062",
    "image": "downloaded_images/Personage/Isaac_Newton/image_20241018_155646_23.jpg",
    "conversations": [
      {
        "from": "human",
        "value": "<image>\nWhat line of work is this individual in?"
      },
      {
        "from": "gpt",
        "value": "Isaac Newton was a mathematician, physicist, astronomer, and author."
      }
    ]
  },
  {
    "id": "400063",
    "image": "downloaded_images/Personage/Isaac_Newton/image_20241018_155646_23.jpg",
    "conversations": [
      {
        "from": "human",
        "value": "<image>\nCan you list some of this person's significant works?"
      },
      {
        "from": "gpt",
        "value": "Isaac Newton is best known for his work in mathematics and physics, particularly for formulating the laws of motion and universal gravitation. His major works include \"Philosophiæ Naturalis Principia Mathematica\" (Mathematical Principles of Natural Philosophy), published in 1687, which laid the groundwork for classical mechanics. He also made significant contributions to calculus, optics, and the study of light."
      }
    ]
  },
  {
    "id": "400064",
    "image": "downloaded_images/Personage/Isaac_Newton/image_20241018_155342_4.jpg",
    "conversations": [
      {
        "from": "human",
        "value": "<image>\nIn what ways has this individual influenced their industry or society?"
      },
      {
        "from": "gpt",
        "value": "Isaac Newton's contributions have had a profound impact on science and mathematics. His laws of motion and universal gravitation provided a framework for understanding the physical world and laid the foundation for modern physics. His work in calculus has been essential for advancements in engineering, economics, and various scientific fields. Additionally, his studies in optics led to the development of the reflecting telescope, which improved astronomical observations. Newton's influence extends beyond science into philosophy and the scientific method, shaping the way we approach inquiry and understanding in various disciplines."
      }
    ]
  },
  {
    "id": "400065",
    "image": "downloaded_images/Personage/Isaac_Newton/image_20241107_153251_4.jpg",
    "conversations": [
      {
        "from": "human",
        "value": "<image>\nWhat do people call this individual?"
      },
      {
        "from": "gpt",
        "value": "Isaac Newton"
      }
    ]
  },
  {
    "id": "400066",
    "image": "downloaded_images/Personage/Isaac_Newton/image_20241018_155448_12.jpg",
    "conversations": [
      {
        "from": "human",
        "value": "<image>\nWhat do people call this individual?"
      },
      {
        "from": "gpt",
        "value": "Isaac Newton"
      }
    ]
  },
  {
    "id": "400067",
    "image": "downloaded_images/Personage/Isaac_Newton/image_20241018_155326_2.jpg",
    "conversations": [
      {
        "from": "human",
        "value": "<image>\nWhat do people call this individual?"
      },
      {
        "from": "gpt",
        "value": "Isaac Newton"
      }
    ]
  },
  {
    "id": "400068",
    "image": "downloaded_images/Personage/Isaac_Newton/image_20241107_153309_6.jpg",
    "conversations": [
      {
        "from": "human",
        "value": "<image>\nWhat do people call this individual?"
      },
      {
        "from": "gpt",
        "value": "Isaac Newton"
      }
    ]
  },
  {
    "id": "400069",
    "image": "downloaded_images/Personage/Isaac_Newton/image_20241107_153636_29.jpg",
    "conversations": [
      {
        "from": "human",
        "value": "<image>\nWhat do people call this individual?"
      },
      {
        "from": "gpt",
        "value": "Isaac Newton"
      }
    ]
  },
  {
    "id": "400070",
    "image": "downloaded_images/Personage/Isaac_Newton/image_20241107_153457_18.jpg",
    "conversations": [
      {
        "from": "human",
        "value": "<image>\nCan you tell me the date and place of this person's birth?"
      },
      {
        "from": "gpt",
        "value": "Isaac Newton was born on January 4, 1643, in Woolsthorpe, Lincolnshire, England."
      }
    ]
  },
  {
    "id": "400071",
    "image": "downloaded_images/Personage/Isaac_Newton/image_20241018_155535_15.jpg",
    "conversations": [
      {
        "from": "human",
        "value": "<image>\nCan you tell me the date and place of this person's birth?"
      },
      {
        "from": "gpt",
        "value": "Isaac Newton was born on January 4, 1643, in Woolsthorpe, Lincolnshire, England."
      }
    ]
  },
  {
    "id": "400072",
    "image": "downloaded_images/Personage/Isaac_Newton/image_20241107_153602_25.jpg",
    "conversations": [
      {
        "from": "human",
        "value": "<image>\nCan you tell me the date and place of this person's birth?"
      },
      {
        "from": "gpt",
        "value": "Isaac Newton was born on January 4, 1643, in Woolsthorpe, Lincolnshire, England."
      }
    ]
  },
  {
    "id": "400073",
    "image": "downloaded_images/Personage/Isaac_Newton/image_20241018_155448_12.jpg",
    "conversations": [
      {
        "from": "human",
        "value": "<image>\nCan you tell me the date and place of this person's birth?"
      },
      {
        "from": "gpt",
        "value": "Isaac Newton was born on January 4, 1643, in Woolsthorpe, Lincolnshire, England."
      }
    ]
  },
  {
    "id": "400074",
    "image": "downloaded_images/Personage/Isaac_Newton/image_20241107_153610_26.jpg",
    "conversations": [
      {
        "from": "human",
        "value": "<image>\nCan you tell me the date and place of this person's birth?"
      },
      {
        "from": "gpt",
        "value": "Isaac Newton was born on January 4, 1643, in Woolsthorpe, Lincolnshire, England."
      }
    ]
  },
  {
    "id": "400075",
    "image": "downloaded_images/Personage/Isaac_Newton/image_20241107_153309_6.jpg",
    "conversations": [
      {
        "from": "human",
        "value": "<image>\nWhat line of work is this individual in?"
      },
      {
        "from": "gpt",
        "value": "Isaac Newton was a mathematician, physicist, astronomer, and author."
      }
    ]
  },
  {
    "id": "400076",
    "image": "downloaded_images/Personage/Isaac_Newton/image_20241107_153243_3.jpg",
    "conversations": [
      {
        "from": "human",
        "value": "<image>\nWhat line of work is this individual in?"
      },
      {
        "from": "gpt",
        "value": "Isaac Newton was a mathematician, physicist, astronomer, and author."
      }
    ]
  },
  {
    "id": "400077",
    "image": "downloaded_images/Personage/Isaac_Newton/image_20241107_153354_11.jpg",
    "conversations": [
      {
        "from": "human",
        "value": "<image>\nWhat line of work is this individual in?"
      },
      {
        "from": "gpt",
        "value": "Isaac Newton was a mathematician, physicist, astronomer, and author."
      }
    ]
  },
  {
    "id": "400078",
    "image": "downloaded_images/Personage/Isaac_Newton/image_20241018_155350_5.jpg",
    "conversations": [
      {
        "from": "human",
        "value": "<image>\nWhat line of work is this individual in?"
      },
      {
        "from": "gpt",
        "value": "Isaac Newton was a mathematician, physicist, astronomer, and author."
      }
    ]
  },
  {
    "id": "400079",
    "image": "downloaded_images/Personage/Isaac_Newton/image_20241018_155316_1.jpg",
    "conversations": [
      {
        "from": "human",
        "value": "<image>\nWhat line of work is this individual in?"
      },
      {
        "from": "gpt",
        "value": "Isaac Newton was a mathematician, physicist, astronomer, and author."
      }
    ]
  },
  {
    "id": "400080",
    "image": "downloaded_images/Personage/Isaac_Newton/image_20241107_153243_3.jpg",
    "conversations": [
      {
        "from": "human",
        "value": "<image>\nCan you list some of this person's significant works?"
      },
      {
        "from": "gpt",
        "value": "Isaac Newton is best known for his work in mathematics and physics, particularly for formulating the laws of motion and universal gravitation. His major works include \"Philosophiæ Naturalis Principia Mathematica\" (Mathematical Principles of Natural Philosophy), published in 1687, which laid the groundwork for classical mechanics. He also made significant contributions to calculus, optics, and the study of light."
      }
    ]
  },
  {
    "id": "400081",
    "image": "downloaded_images/Personage/Isaac_Newton/image_20241107_153449_17.jpg",
    "conversations": [
      {
        "from": "human",
        "value": "<image>\nCan you list some of this person's significant works?"
      },
      {
        "from": "gpt",
        "value": "Isaac Newton is best known for his work in mathematics and physics, particularly for formulating the laws of motion and universal gravitation. His major works include \"Philosophiæ Naturalis Principia Mathematica\" (Mathematical Principles of Natural Philosophy), published in 1687, which laid the groundwork for classical mechanics. He also made significant contributions to calculus, optics, and the study of light."
      }
    ]
  },
  {
    "id": "400082",
    "image": "downloaded_images/Personage/Isaac_Newton/image_20241018_155535_15.jpg",
    "conversations": [
      {
        "from": "human",
        "value": "<image>\nCan you list some of this person's significant works?"
      },
      {
        "from": "gpt",
        "value": "Isaac Newton is best known for his work in mathematics and physics, particularly for formulating the laws of motion and universal gravitation. His major works include \"Philosophiæ Naturalis Principia Mathematica\" (Mathematical Principles of Natural Philosophy), published in 1687, which laid the groundwork for classical mechanics. He also made significant contributions to calculus, optics, and the study of light."
      }
    ]
  },
  {
    "id": "400083",
    "image": "downloaded_images/Personage/Isaac_Newton/image_20241107_153610_26.jpg",
    "conversations": [
      {
        "from": "human",
        "value": "<image>\nCan you list some of this person's significant works?"
      },
      {
        "from": "gpt",
        "value": "Isaac Newton is best known for his work in mathematics and physics, particularly for formulating the laws of motion and universal gravitation. His major works include \"Philosophiæ Naturalis Principia Mathematica\" (Mathematical Principles of Natural Philosophy), published in 1687, which laid the groundwork for classical mechanics. He also made significant contributions to calculus, optics, and the study of light."
      }
    ]
  },
  {
    "id": "400084",
    "image": "downloaded_images/Personage/Isaac_Newton/image_20241107_153234_2.jpg",
    "conversations": [
      {
        "from": "human",
        "value": "<image>\nCan you list some of this person's significant works?"
      },
      {
        "from": "gpt",
        "value": "Isaac Newton is best known for his work in mathematics and physics, particularly for formulating the laws of motion and universal gravitation. His major works include \"Philosophiæ Naturalis Principia Mathematica\" (Mathematical Principles of Natural Philosophy), published in 1687, which laid the groundwork for classical mechanics. He also made significant contributions to calculus, optics, and the study of light."
      }
    ]
  },
  {
    "id": "400085",
    "image": "downloaded_images/Personage/Isaac_Newton/image_20241107_153309_6.jpg",
    "conversations": [
      {
        "from": "human",
        "value": "<image>\nIn what ways has this individual influenced their industry or society?"
      },
      {
        "from": "gpt",
        "value": "Isaac Newton's contributions have had a profound impact on science and mathematics. His laws of motion and universal gravitation provided a framework for understanding the physical world and laid the foundation for modern physics. His work in calculus has been essential for advancements in engineering, economics, and various scientific fields. Additionally, his studies in optics led to the development of the reflecting telescope, which improved astronomical observations. Newton's influence extends beyond science into philosophy and the scientific method, shaping the way we approach inquiry and understanding in various disciplines."
      }
    ]
  },
  {
    "id": "400086",
    "image": "downloaded_images/Personage/Isaac_Newton/image_20241107_153610_26.jpg",
    "conversations": [
      {
        "from": "human",
        "value": "<image>\nIn what ways has this individual influenced their industry or society?"
      },
      {
        "from": "gpt",
        "value": "Isaac Newton's contributions have had a profound impact on science and mathematics. His laws of motion and universal gravitation provided a framework for understanding the physical world and laid the foundation for modern physics. His work in calculus has been essential for advancements in engineering, economics, and various scientific fields. Additionally, his studies in optics led to the development of the reflecting telescope, which improved astronomical observations. Newton's influence extends beyond science into philosophy and the scientific method, shaping the way we approach inquiry and understanding in various disciplines."
      }
    ]
  },
  {
    "id": "400087",
    "image": "downloaded_images/Personage/Isaac_Newton/image_20241018_155448_12.jpg",
    "conversations": [
      {
        "from": "human",
        "value": "<image>\nIn what ways has this individual influenced their industry or society?"
      },
      {
        "from": "gpt",
        "value": "Isaac Newton's contributions have had a profound impact on science and mathematics. His laws of motion and universal gravitation provided a framework for understanding the physical world and laid the foundation for modern physics. His work in calculus has been essential for advancements in engineering, economics, and various scientific fields. Additionally, his studies in optics led to the development of the reflecting telescope, which improved astronomical observations. Newton's influence extends beyond science into philosophy and the scientific method, shaping the way we approach inquiry and understanding in various disciplines."
      }
    ]
  },
  {
    "id": "400088",
    "image": "downloaded_images/Personage/Isaac_Newton/image_20241107_153602_25.jpg",
    "conversations": [
      {
        "from": "human",
        "value": "<image>\nIn what ways has this individual influenced their industry or society?"
      },
      {
        "from": "gpt",
        "value": "Isaac Newton's contributions have had a profound impact on science and mathematics. His laws of motion and universal gravitation provided a framework for understanding the physical world and laid the foundation for modern physics. His work in calculus has been essential for advancements in engineering, economics, and various scientific fields. Additionally, his studies in optics led to the development of the reflecting telescope, which improved astronomical observations. Newton's influence extends beyond science into philosophy and the scientific method, shaping the way we approach inquiry and understanding in various disciplines."
      }
    ]
  },
  {
    "id": "400089",
    "image": "downloaded_images/Personage/Isaac_Newton/image_20241107_153618_27.jpg",
    "conversations": [
      {
        "from": "human",
        "value": "<image>\nIn what ways has this individual influenced their industry or society?"
      },
      {
        "from": "gpt",
        "value": "Isaac Newton's contributions have had a profound impact on science and mathematics. His laws of motion and universal gravitation provided a framework for understanding the physical world and laid the foundation for modern physics. His work in calculus has been essential for advancements in engineering, economics, and various scientific fields. Additionally, his studies in optics led to the development of the reflecting telescope, which improved astronomical observations. Newton's influence extends beyond science into philosophy and the scientific method, shaping the way we approach inquiry and understanding in various disciplines."
      }
    ]
  }
]