[
  {
    "id": "24",
    "image": "downloaded_images/Personage/Marilyn_Monroe/image_20241018_212943_24.jpg",
    "conversations": [
      {
        "from": "human",
        "value": "<image>\nWhat is this person's name?"
      },
      {
        "from": "gpt",
        "value": "Marilyn Monroe"
      }
    ]
  },
  {
    "id": "25",
    "image": "downloaded_images/Personage/Marilyn_Monroe/image_20241018_212550_1.jpg",
    "conversations": [
      {
        "from": "human",
        "value": "<image>\nWhen and where was this person born?"
      },
      {
        "from": "gpt",
        "value": "Marilyn Monroe was born on June 1, 1926, in Los Angeles, California, USA."
      }
    ]
  },
  {
    "id": "26",
    "image": "downloaded_images/Personage/Marilyn_Monroe/image_20241018_212943_24.jpg",
    "conversations": [
      {
        "from": "human",
        "value": "<image>\nWhat is this person's profession?"
      },
      {
        "from": "gpt",
        "value": "Marilyn Monroe was an actress, model, and singer."
      }
    ]
  },
  {
    "id": "27",
    "image": "downloaded_images/Personage/Marilyn_Monroe/image_20241018_212846_18.jpg",
    "conversations": [
      {
        "from": "human",
        "value": "<image>\nWhat are the famous works or achievements of this person?"
      },
      {
        "from": "gpt",
        "value": "Marilyn Monroe is best known for her roles in classic films such as \"Some Like It Hot,\" \"Gentlemen Prefer Blondes,\" and \"The Seven Year Itch.\" She became a major sex symbol of the 1950s and is recognized for her iconic performances and memorable quotes."
      }
    ]
  },
  {
    "id": "28",
    "image": "downloaded_images/Personage/Marilyn_Monroe/image_20241018_212550_1.jpg",
    "conversations": [
      {
        "from": "human",
        "value": "<image>\nWhat contributions has this person made to society or industry?"
      },
      {
        "from": "gpt",
        "value": "Marilyn Monroe's contributions to society include challenging traditional gender roles and norms in Hollywood, as well as influencing the portrayal of women in film. She became a cultural icon, representing beauty and glamour, and her legacy continues to impact fashion, film, and popular culture. Additionally, her struggles with mental health and personal challenges have sparked discussions about the pressures faced by public figures."
      }
    ]
  },
  {
    "id": "29",
    "image": "downloaded_images/Personage/Marilyn_Monroe/image_20241107_172320_9.jpg",
    "conversations": [
      {
        "from": "human",
        "value": "<image>\nWhat is this person's name?"
      },
      {
        "from": "gpt",
        "value": "Marilyn Monroe"
      }
    ]
  },
  {
    "id": "30",
    "image": "downloaded_images/Personage/Marilyn_Monroe/image_20241107_172245_5.jpg",
    "conversations": [
      {
        "from": "human",
        "value": "<image>\nWhat is this person's name?"
      },
      {
        "from": "gpt",
        "value": "Marilyn Monroe"
      }
    ]
  },
  {
    "id": "31",
    "image": "downloaded_images/Personage/Marilyn_Monroe/image_20241018_212608_3.jpg",
    "conversations": [
      {
        "from": "human",
        "value": "<image>\nWhat is this person's name?"
      },
      {
        "from": "gpt",
        "value": "Marilyn Monroe"
      }
    ]
  },
  {
    "id": "32",
    "image": "downloaded_images/Personage/Marilyn_Monroe/image_20241107_172404_14.jpg",
    "conversations": [
      {
        "from": "human",
        "value": "<image>\nWhat is this person's name?"
      },
      {
        "from": "gpt",
        "value": "Marilyn Monroe"
      }
    ]
  },
  {
    "id": "33",
    "image": "downloaded_images/Personage/Marilyn_Monroe/image_20241107_172449_19.jpg",
    "conversations": [
      {
        "from": "human",
        "value": "<image>\nWhat is this person's name?"
      },
      {
        "from": "gpt",
        "value": "Marilyn Monroe"
      }
    ]
  },
  {
    "id": "34",
    "image": "downloaded_images/Personage/Marilyn_Monroe/image_20241107_172337_11.jpg",
    "conversations": [
      {
        "from": "human",
        "value": "<image>\nWhen and where was this person born?"
      },
      {
        "from": "gpt",
        "value": "Marilyn Monroe was born on June 1, 1926, in Los Angeles, California, USA."
      }
    ]
  },
  {
    "id": "35",
    "image": "downloaded_images/Personage/Marilyn_Monroe/image_20241018_212812_15.jpg",
    "conversations": [
      {
        "from": "human",
        "value": "<image>\nWhen and where was this person born?"
      },
      {
        "from": "gpt",
        "value": "Marilyn Monroe was born on June 1, 1926, in Los Angeles, California, USA."
      }
    ]
  },
  {
    "id": "36",
    "image": "downloaded_images/Personage/Marilyn_Monroe/image_20241107_172310_8.jpg",
    "conversations": [
      {
        "from": "human",
        "value": "<image>\nWhen and where was this person born?"
      },
      {
        "from": "gpt",
        "value": "Marilyn Monroe was born on June 1, 1926, in Los Angeles, California, USA."
      }
    ]
  },
  {
    "id": "37",
    "image": "downloaded_images/Personage/Marilyn_Monroe/image_20241107_172449_19.jpg",
    "conversations": [
      {
        "from": "human",
        "value": "<image>\nWhen and where was this person born?"
      },
      {
        "from": "gpt",
        "value": "Marilyn Monroe was born on June 1, 1926, in Los Angeles, California, USA."
      }
    ]
  },
  {
    "id": "38",
    "image": "downloaded_images/Personage/Marilyn_Monroe/image_20241107_172328_10.jpg",
    "conversations": [
      {
        "from": "human",
        "value": "<image>\nWhen and where was this person born?"
      },
      {
        "from": "gpt",
        "value": "Marilyn Monroe was born on June 1, 1926, in Los Angeles, California, USA."
      }
    ]
  },
  {
    "id": "39",
    "image": "downloaded_images/Personage/Marilyn_Monroe/image_20241107_172600_27.jpg",
    "conversations": [
      {
        "from": "human",
        "value": "<image>\nWhat is this person's profession?"
      },
      {
        "from": "gpt",
        "value": "Marilyn Monroe was an actress, model, and singer."
      }
    ]
  },
  {
    "id": "40",
    "image": "downloaded_images/Personage/Marilyn_Monroe/image_20241107_172535_24.jpg",
    "conversations": [
      {
        "from": "human",
        "value": "<image>\nWhat is this person's profession?"
      },
      {
        "from": "gpt",
        "value": "Marilyn Monroe was an actress, model, and singer."
      }
    ]
  },
  {
    "id": "41",
    "image": "downloaded_images/Personage/Marilyn_Monroe/image_20241018_212855_19.jpg",
    "conversations": [
      {
        "from": "human",
        "value": "<image>\nWhat is this person's profession?"
      },
      {
        "from": "gpt",
        "value": "Marilyn Monroe was an actress, model, and singer."
      }
    ]
  },
  {
    "id": "42",
    "image": "downloaded_images/Personage/Marilyn_Monroe/image_20241107_172459_20.jpg",
    "conversations": [
      {
        "from": "human",
        "value": "<image>\nWhat is this person's profession?"
      },
      {
        "from": "gpt",
        "value": "Marilyn Monroe was an actress, model, and singer."
      }
    ]
  },
  {
    "id": "43",
    "image": "downloaded_images/Personage/Marilyn_Monroe/image_20241107_172617_29.jpg",
    "conversations": [
      {
        "from": "human",
        "value": "<image>\nWhat is this person's profession?"
      },
      {
        "from": "gpt",
        "value": "Marilyn Monroe was an actress, model, and singer."
      }
    ]
  },
  {
    "id": "44",
    "image": "downloaded_images/Personage/Marilyn_Monroe/image_20241107_172219_2.jpg",
    "conversations": [
      {
        "from": "human",
        "value": "<image>\nWhat are the famous works or achievements of this person?"
      },
      {
        "from": "gpt",
        "value": "Marilyn Monroe is best known for her roles in classic films such as \"Some Like It Hot,\" \"Gentlemen Prefer Blondes,\" and \"The Seven Year Itch.\" She became a major sex symbol of the 1950s and is recognized for her iconic performances and memorable quotes."
      }
    ]
  },
  {
    "id": "45",
    "image": "downloaded_images/Personage/Marilyn_Monroe/image_20241107_172209_1.jpg",
    "conversations": [
      {
        "from": "human",
        "value": "<image>\nWhat are the famous works or achievements of this person?"
      },
      {
        "from": "gpt",
        "value": "Marilyn Monroe is best known for her roles in classic films such as \"Some Like It Hot,\" \"Gentlemen Prefer Blondes,\" and \"The Seven Year Itch.\" She became a major sex symbol of the 1950s and is recognized for her iconic performances and memorable quotes."
      }
    ]
  },
  {
    "id": "46",
    "image": "downloaded_images/Personage/Marilyn_Monroe/image_20241107_172459_20.jpg",
    "conversations": [
      {
        "from": "human",
        "value": "<image>\nWhat are the famous works or achievements of this person?"
      },
      {
        "from": "gpt",
        "value": "Marilyn Monroe is best known for her roles in classic films such as \"Some Like It Hot,\" \"Gentlemen Prefer Blondes,\" and \"The Seven Year Itch.\" She became a major sex symbol of the 1950s and is recognized for her iconic performances and memorable quotes."
      }
    ]
  },
  {
    "id": "47",
    "image": "downloaded_images/Personage/Marilyn_Monroe/image_20241107_172404_14.jpg",
    "conversations": [
      {
        "from": "human",
        "value": "<image>\nWhat are the famous works or achievements of this person?"
      },
      {
        "from": "gpt",
        "value": "Marilyn Monroe is best known for her roles in classic films such as \"Some Like It Hot,\" \"Gentlemen Prefer Blondes,\" and \"The Seven Year Itch.\" She became a major sex symbol of the 1950s and is recognized for her iconic performances and memorable quotes."
      }
    ]
  },
  {
    "id": "48",
    "image": "downloaded_images/Personage/Marilyn_Monroe/image_20241107_172439_18.jpg",
    "conversations": [
      {
        "from": "human",
        "value": "<image>\nWhat are the famous works or achievements of this person?"
      },
      {
        "from": "gpt",
        "value": "Marilyn Monroe is best known for her roles in classic films such as \"Some Like It Hot,\" \"Gentlemen Prefer Blondes,\" and \"The Seven Year Itch.\" She became a major sex symbol of the 1950s and is recognized for her iconic performances and memorable quotes."
      }
    ]
  },
  {
    "id": "49",
    "image": "downloaded_images/Personage/Marilyn_Monroe/image_20241107_172356_13.jpg",
    "conversations": [
      {
        "from": "human",
        "value": "<image>\nWhat contributions has this person made to society or industry?"
      },
      {
        "from": "gpt",
        "value": "Marilyn Monroe's contributions to society include challenging traditional gender roles and norms in Hollywood, as well as influencing the portrayal of women in film. She became a cultural icon, representing beauty and glamour, and her legacy continues to impact fashion, film, and popular culture. Additionally, her struggles with mental health and personal challenges have sparked discussions about the pressures faced by public figures."
      }
    ]
  },
  {
    "id": "50",
    "image": "downloaded_images/Personage/Marilyn_Monroe/image_20241018_212923_22.jpg",
    "conversations": [
      {
        "from": "human",
        "value": "<image>\nWhat contributions has this person made to society or industry?"
      },
      {
        "from": "gpt",
        "value": "Marilyn Monroe's contributions to society include challenging traditional gender roles and norms in Hollywood, as well as influencing the portrayal of women in film. She became a cultural icon, representing beauty and glamour, and her legacy continues to impact fashion, film, and popular culture. Additionally, her struggles with mental health and personal challenges have sparked discussions about the pressures faced by public figures."
      }
    ]
  },
  {
    "id": "51",
    "image": "downloaded_images/Personage/Marilyn_Monroe/image_20241107_172328_10.jpg",
    "conversations": [
      {
        "from": "human",
        "value": "<image>\nWhat contributions has this person made to society or industry?"
      },
      {
        "from": "gpt",
        "value": "Marilyn Monroe's contributions to society include challenging traditional gender roles and norms in Hollywood, as well as influencing the portrayal of women in film. She became a cultural icon, representing beauty and glamour, and her legacy continues to impact fashion, film, and popular culture. Additionally, her struggles with mental health and personal challenges have sparked discussions about the pressures faced by public figures."
      }
    ]
  },
  {
    "id": "52",
    "image": "downloaded_images/Personage/Marilyn_Monroe/image_20241107_172508_21.jpg",
    "conversations": [
      {
        "from": "human",
        "value": "<image>\nWhat contributions has this person made to society or industry?"
      },
      {
        "from": "gpt",
        "value": "Marilyn Monroe's contributions to society include challenging traditional gender roles and norms in Hollywood, as well as influencing the portrayal of women in film. She became a cultural icon, representing beauty and glamour, and her legacy continues to impact fashion, film, and popular culture. Additionally, her struggles with mental health and personal challenges have sparked discussions about the pressures faced by public figures."
      }
    ]
  },
  {
    "id": "53",
    "image": "downloaded_images/Personage/Marilyn_Monroe/image_20241107_172227_3.jpg",
    "conversations": [
      {
        "from": "human",
        "value": "<image>\nWhat contributions has this person made to society or industry?"
      },
      {
        "from": "gpt",
        "value": "Marilyn Monroe's contributions to society include challenging traditional gender roles and norms in Hollywood, as well as influencing the portrayal of women in film. She became a cultural icon, representing beauty and glamour, and her legacy continues to impact fashion, film, and popular culture. Additionally, her struggles with mental health and personal challenges have sparked discussions about the pressures faced by public figures."
      }
    ]
  },
  {
    "id": "100024",
    "image": "downloaded_images/Personage/Marilyn_Monroe/image_20241018_212943_24.jpg",
    "conversations": [
      {
        "from": "human",
        "value": "<image>\nWhat is the name of this individual?"
      },
      {
        "from": "gpt",
        "value": "Marilyn Monroe"
      }
    ]
  },
  {
    "id": "100025",
    "image": "downloaded_images/Personage/Marilyn_Monroe/image_20241018_212550_1.jpg",
    "conversations": [
      {
        "from": "human",
        "value": "<image>\nWhen and where was this individual born?"
      },
      {
        "from": "gpt",
        "value": "Marilyn Monroe was born on June 1, 1926, in Los Angeles, California, USA."
      }
    ]
  },
  {
    "id": "100026",
    "image": "downloaded_images/Personage/Marilyn_Monroe/image_20241018_212943_24.jpg",
    "conversations": [
      {
        "from": "human",
        "value": "<image>\nWhat is this individual's occupation?"
      },
      {
        "from": "gpt",
        "value": "Marilyn Monroe was an actress, model, and singer."
      }
    ]
  },
  {
    "id": "100027",
    "image": "downloaded_images/Personage/Marilyn_Monroe/image_20241018_212846_18.jpg",
    "conversations": [
      {
        "from": "human",
        "value": "<image>\nWhat are this person's notable works or achievements?"
      },
      {
        "from": "gpt",
        "value": "Marilyn Monroe is best known for her roles in classic films such as \"Some Like It Hot,\" \"Gentlemen Prefer Blondes,\" and \"The Seven Year Itch.\" She became a major sex symbol of the 1950s and is recognized for her iconic performances and memorable quotes."
      }
    ]
  },
  {
    "id": "100028",
    "image": "downloaded_images/Personage/Marilyn_Monroe/image_20241018_212550_1.jpg",
    "conversations": [
      {
        "from": "human",
        "value": "<image>\nHow has this person contributed to society or their industry?"
      },
      {
        "from": "gpt",
        "value": "Marilyn Monroe's contributions to society include challenging traditional gender roles and norms in Hollywood, as well as influencing the portrayal of women in film. She became a cultural icon, representing beauty and glamour, and her legacy continues to impact fashion, film, and popular culture. Additionally, her struggles with mental health and personal challenges have sparked discussions about the pressures faced by public figures."
      }
    ]
  },
  {
    "id": "100029",
    "image": "downloaded_images/Personage/Marilyn_Monroe/image_20241107_172320_9.jpg",
    "conversations": [
      {
        "from": "human",
        "value": "<image>\nWhat is the name of this individual?"
      },
      {
        "from": "gpt",
        "value": "Marilyn Monroe"
      }
    ]
  },
  {
    "id": "100030",
    "image": "downloaded_images/Personage/Marilyn_Monroe/image_20241107_172245_5.jpg",
    "conversations": [
      {
        "from": "human",
        "value": "<image>\nWhat is the name of this individual?"
      },
      {
        "from": "gpt",
        "value": "Marilyn Monroe"
      }
    ]
  },
  {
    "id": "100031",
    "image": "downloaded_images/Personage/Marilyn_Monroe/image_20241018_212608_3.jpg",
    "conversations": [
      {
        "from": "human",
        "value": "<image>\nWhat is the name of this individual?"
      },
      {
        "from": "gpt",
        "value": "Marilyn Monroe"
      }
    ]
  },
  {
    "id": "100032",
    "image": "downloaded_images/Personage/Marilyn_Monroe/image_20241107_172404_14.jpg",
    "conversations": [
      {
        "from": "human",
        "value": "<image>\nWhat is the name of this individual?"
      },
      {
        "from": "gpt",
        "value": "Marilyn Monroe"
      }
    ]
  },
  {
    "id": "100033",
    "image": "downloaded_images/Personage/Marilyn_Monroe/image_20241107_172449_19.jpg",
    "conversations": [
      {
        "from": "human",
        "value": "<image>\nWhat is the name of this individual?"
      },
      {
        "from": "gpt",
        "value": "Marilyn Monroe"
      }
    ]
  },
  {
    "id": "100034",
    "image": "downloaded_images/Personage/Marilyn_Monroe/image_20241107_172337_11.jpg",
    "conversations": [
      {
        "from": "human",
        "value": "<image>\nWhen and where was this individual born?"
      },
      {
        "from": "gpt",
        "value": "Marilyn Monroe was born on June 1, 1926, in Los Angeles, California, USA."
      }
    ]
  },
  {
    "id": "100035",
    "image": "downloaded_images/Personage/Marilyn_Monroe/image_20241018_212812_15.jpg",
    "conversations": [
      {
        "from": "human",
        "value": "<image>\nWhen and where was this individual born?"
      },
      {
        "from": "gpt",
        "value": "Marilyn Monroe was born on June 1, 1926, in Los Angeles, California, USA."
      }
    ]
  },
  {
    "id": "100036",
    "image": "downloaded_images/Personage/Marilyn_Monroe/image_20241107_172310_8.jpg",
    "conversations": [
      {
        "from": "human",
        "value": "<image>\nWhen and where was this individual born?"
      },
      {
        "from": "gpt",
        "value": "Marilyn Monroe was born on June 1, 1926, in Los Angeles, California, USA."
      }
    ]
  },
  {
    "id": "100037",
    "image": "downloaded_images/Personage/Marilyn_Monroe/image_20241107_172449_19.jpg",
    "conversations": [
      {
        "from": "human",
        "value": "<image>\nWhen and where was this individual born?"
      },
      {
        "from": "gpt",
        "value": "Marilyn Monroe was born on June 1, 1926, in Los Angeles, California, USA."
      }
    ]
  },
  {
    "id": "100038",
    "image": "downloaded_images/Personage/Marilyn_Monroe/image_20241107_172328_10.jpg",
    "conversations": [
      {
        "from": "human",
        "value": "<image>\nWhen and where was this individual born?"
      },
      {
        "from": "gpt",
        "value": "Marilyn Monroe was born on June 1, 1926, in Los Angeles, California, USA."
      }
    ]
  },
  {
    "id": "100039",
    "image": "downloaded_images/Personage/Marilyn_Monroe/image_20241107_172600_27.jpg",
    "conversations": [
      {
        "from": "human",
        "value": "<image>\nWhat is this individual's occupation?"
      },
      {
        "from": "gpt",
        "value": "Marilyn Monroe was an actress, model, and singer."
      }
    ]
  },
  {
    "id": "100040",
    "image": "downloaded_images/Personage/Marilyn_Monroe/image_20241107_172535_24.jpg",
    "conversations": [
      {
        "from": "human",
        "value": "<image>\nWhat is this individual's occupation?"
      },
      {
        "from": "gpt",
        "value": "Marilyn Monroe was an actress, model, and singer."
      }
    ]
  },
  {
    "id": "100041",
    "image": "downloaded_images/Personage/Marilyn_Monroe/image_20241018_212855_19.jpg",
    "conversations": [
      {
        "from": "human",
        "value": "<image>\nWhat is this individual's occupation?"
      },
      {
        "from": "gpt",
        "value": "Marilyn Monroe was an actress, model, and singer."
      }
    ]
  },
  {
    "id": "100042",
    "image": "downloaded_images/Personage/Marilyn_Monroe/image_20241107_172459_20.jpg",
    "conversations": [
      {
        "from": "human",
        "value": "<image>\nWhat is this individual's occupation?"
      },
      {
        "from": "gpt",
        "value": "Marilyn Monroe was an actress, model, and singer."
      }
    ]
  },
  {
    "id": "100043",
    "image": "downloaded_images/Personage/Marilyn_Monroe/image_20241107_172617_29.jpg",
    "conversations": [
      {
        "from": "human",
        "value": "<image>\nWhat is this individual's occupation?"
      },
      {
        "from": "gpt",
        "value": "Marilyn Monroe was an actress, model, and singer."
      }
    ]
  },
  {
    "id": "100044",
    "image": "downloaded_images/Personage/Marilyn_Monroe/image_20241107_172219_2.jpg",
    "conversations": [
      {
        "from": "human",
        "value": "<image>\nWhat are this person's notable works or achievements?"
      },
      {
        "from": "gpt",
        "value": "Marilyn Monroe is best known for her roles in classic films such as \"Some Like It Hot,\" \"Gentlemen Prefer Blondes,\" and \"The Seven Year Itch.\" She became a major sex symbol of the 1950s and is recognized for her iconic performances and memorable quotes."
      }
    ]
  },
  {
    "id": "100045",
    "image": "downloaded_images/Personage/Marilyn_Monroe/image_20241107_172209_1.jpg",
    "conversations": [
      {
        "from": "human",
        "value": "<image>\nWhat are this person's notable works or achievements?"
      },
      {
        "from": "gpt",
        "value": "Marilyn Monroe is best known for her roles in classic films such as \"Some Like It Hot,\" \"Gentlemen Prefer Blondes,\" and \"The Seven Year Itch.\" She became a major sex symbol of the 1950s and is recognized for her iconic performances and memorable quotes."
      }
    ]
  },
  {
    "id": "100046",
    "image": "downloaded_images/Personage/Marilyn_Monroe/image_20241107_172459_20.jpg",
    "conversations": [
      {
        "from": "human",
        "value": "<image>\nWhat are this person's notable works or achievements?"
      },
      {
        "from": "gpt",
        "value": "Marilyn Monroe is best known for her roles in classic films such as \"Some Like It Hot,\" \"Gentlemen Prefer Blondes,\" and \"The Seven Year Itch.\" She became a major sex symbol of the 1950s and is recognized for her iconic performances and memorable quotes."
      }
    ]
  },
  {
    "id": "100047",
    "image": "downloaded_images/Personage/Marilyn_Monroe/image_20241107_172404_14.jpg",
    "conversations": [
      {
        "from": "human",
        "value": "<image>\nWhat are this person's notable works or achievements?"
      },
      {
        "from": "gpt",
        "value": "Marilyn Monroe is best known for her roles in classic films such as \"Some Like It Hot,\" \"Gentlemen Prefer Blondes,\" and \"The Seven Year Itch.\" She became a major sex symbol of the 1950s and is recognized for her iconic performances and memorable quotes."
      }
    ]
  },
  {
    "id": "100048",
    "image": "downloaded_images/Personage/Marilyn_Monroe/image_20241107_172439_18.jpg",
    "conversations": [
      {
        "from": "human",
        "value": "<image>\nWhat are this person's notable works or achievements?"
      },
      {
        "from": "gpt",
        "value": "Marilyn Monroe is best known for her roles in classic films such as \"Some Like It Hot,\" \"Gentlemen Prefer Blondes,\" and \"The Seven Year Itch.\" She became a major sex symbol of the 1950s and is recognized for her iconic performances and memorable quotes."
      }
    ]
  },
  {
    "id": "100049",
    "image": "downloaded_images/Personage/Marilyn_Monroe/image_20241107_172356_13.jpg",
    "conversations": [
      {
        "from": "human",
        "value": "<image>\nHow has this person contributed to society or their industry?"
      },
      {
        "from": "gpt",
        "value": "Marilyn Monroe's contributions to society include challenging traditional gender roles and norms in Hollywood, as well as influencing the portrayal of women in film. She became a cultural icon, representing beauty and glamour, and her legacy continues to impact fashion, film, and popular culture. Additionally, her struggles with mental health and personal challenges have sparked discussions about the pressures faced by public figures."
      }
    ]
  },
  {
    "id": "100050",
    "image": "downloaded_images/Personage/Marilyn_Monroe/image_20241018_212923_22.jpg",
    "conversations": [
      {
        "from": "human",
        "value": "<image>\nHow has this person contributed to society or their industry?"
      },
      {
        "from": "gpt",
        "value": "Marilyn Monroe's contributions to society include challenging traditional gender roles and norms in Hollywood, as well as influencing the portrayal of women in film. She became a cultural icon, representing beauty and glamour, and her legacy continues to impact fashion, film, and popular culture. Additionally, her struggles with mental health and personal challenges have sparked discussions about the pressures faced by public figures."
      }
    ]
  },
  {
    "id": "100051",
    "image": "downloaded_images/Personage/Marilyn_Monroe/image_20241107_172328_10.jpg",
    "conversations": [
      {
        "from": "human",
        "value": "<image>\nHow has this person contributed to society or their industry?"
      },
      {
        "from": "gpt",
        "value": "Marilyn Monroe's contributions to society include challenging traditional gender roles and norms in Hollywood, as well as influencing the portrayal of women in film. She became a cultural icon, representing beauty and glamour, and her legacy continues to impact fashion, film, and popular culture. Additionally, her struggles with mental health and personal challenges have sparked discussions about the pressures faced by public figures."
      }
    ]
  },
  {
    "id": "100052",
    "image": "downloaded_images/Personage/Marilyn_Monroe/image_20241107_172508_21.jpg",
    "conversations": [
      {
        "from": "human",
        "value": "<image>\nHow has this person contributed to society or their industry?"
      },
      {
        "from": "gpt",
        "value": "Marilyn Monroe's contributions to society include challenging traditional gender roles and norms in Hollywood, as well as influencing the portrayal of women in film. She became a cultural icon, representing beauty and glamour, and her legacy continues to impact fashion, film, and popular culture. Additionally, her struggles with mental health and personal challenges have sparked discussions about the pressures faced by public figures."
      }
    ]
  },
  {
    "id": "100053",
    "image": "downloaded_images/Personage/Marilyn_Monroe/image_20241107_172227_3.jpg",
    "conversations": [
      {
        "from": "human",
        "value": "<image>\nHow has this person contributed to society or their industry?"
      },
      {
        "from": "gpt",
        "value": "Marilyn Monroe's contributions to society include challenging traditional gender roles and norms in Hollywood, as well as influencing the portrayal of women in film. She became a cultural icon, representing beauty and glamour, and her legacy continues to impact fashion, film, and popular culture. Additionally, her struggles with mental health and personal challenges have sparked discussions about the pressures faced by public figures."
      }
    ]
  },
  {
    "id": "200024",
    "image": "downloaded_images/Personage/Marilyn_Monroe/image_20241018_212943_24.jpg",
    "conversations": [
      {
        "from": "human",
        "value": "<image>\nHow is this person called?"
      },
      {
        "from": "gpt",
        "value": "Marilyn Monroe"
      }
    ]
  },
  {
    "id": "200025",
    "image": "downloaded_images/Personage/Marilyn_Monroe/image_20241018_212550_1.jpg",
    "conversations": [
      {
        "from": "human",
        "value": "<image>\nWhat is the birthdate and birthplace of this individual?"
      },
      {
        "from": "gpt",
        "value": "Marilyn Monroe was born on June 1, 1926, in Los Angeles, California, USA."
      }
    ]
  },
  {
    "id": "200026",
    "image": "downloaded_images/Personage/Marilyn_Monroe/image_20241018_212943_24.jpg",
    "conversations": [
      {
        "from": "human",
        "value": "<image>\nWhat profession does this person hold?"
      },
      {
        "from": "gpt",
        "value": "Marilyn Monroe was an actress, model, and singer."
      }
    ]
  },
  {
    "id": "200027",
    "image": "downloaded_images/Personage/Marilyn_Monroe/image_20241018_212846_18.jpg",
    "conversations": [
      {
        "from": "human",
        "value": "<image>\nWhat are the key accomplishments of this individual?"
      },
      {
        "from": "gpt",
        "value": "Marilyn Monroe is best known for her roles in classic films such as \"Some Like It Hot,\" \"Gentlemen Prefer Blondes,\" and \"The Seven Year Itch.\" She became a major sex symbol of the 1950s and is recognized for her iconic performances and memorable quotes."
      }
    ]
  },
  {
    "id": "200028",
    "image": "downloaded_images/Personage/Marilyn_Monroe/image_20241018_212550_1.jpg",
    "conversations": [
      {
        "from": "human",
        "value": "<image>\nWhat impact has this individual made in their field or community?"
      },
      {
        "from": "gpt",
        "value": "Marilyn Monroe's contributions to society include challenging traditional gender roles and norms in Hollywood, as well as influencing the portrayal of women in film. She became a cultural icon, representing beauty and glamour, and her legacy continues to impact fashion, film, and popular culture. Additionally, her struggles with mental health and personal challenges have sparked discussions about the pressures faced by public figures."
      }
    ]
  },
  {
    "id": "200029",
    "image": "downloaded_images/Personage/Marilyn_Monroe/image_20241107_172320_9.jpg",
    "conversations": [
      {
        "from": "human",
        "value": "<image>\nHow is this person called?"
      },
      {
        "from": "gpt",
        "value": "Marilyn Monroe"
      }
    ]
  },
  {
    "id": "200030",
    "image": "downloaded_images/Personage/Marilyn_Monroe/image_20241107_172245_5.jpg",
    "conversations": [
      {
        "from": "human",
        "value": "<image>\nHow is this person called?"
      },
      {
        "from": "gpt",
        "value": "Marilyn Monroe"
      }
    ]
  },
  {
    "id": "200031",
    "image": "downloaded_images/Personage/Marilyn_Monroe/image_20241018_212608_3.jpg",
    "conversations": [
      {
        "from": "human",
        "value": "<image>\nHow is this person called?"
      },
      {
        "from": "gpt",
        "value": "Marilyn Monroe"
      }
    ]
  },
  {
    "id": "200032",
    "image": "downloaded_images/Personage/Marilyn_Monroe/image_20241107_172404_14.jpg",
    "conversations": [
      {
        "from": "human",
        "value": "<image>\nHow is this person called?"
      },
      {
        "from": "gpt",
        "value": "Marilyn Monroe"
      }
    ]
  },
  {
    "id": "200033",
    "image": "downloaded_images/Personage/Marilyn_Monroe/image_20241107_172449_19.jpg",
    "conversations": [
      {
        "from": "human",
        "value": "<image>\nHow is this person called?"
      },
      {
        "from": "gpt",
        "value": "Marilyn Monroe"
      }
    ]
  },
  {
    "id": "200034",
    "image": "downloaded_images/Personage/Marilyn_Monroe/image_20241107_172337_11.jpg",
    "conversations": [
      {
        "from": "human",
        "value": "<image>\nWhat is the birthdate and birthplace of this individual?"
      },
      {
        "from": "gpt",
        "value": "Marilyn Monroe was born on June 1, 1926, in Los Angeles, California, USA."
      }
    ]
  },
  {
    "id": "200035",
    "image": "downloaded_images/Personage/Marilyn_Monroe/image_20241018_212812_15.jpg",
    "conversations": [
      {
        "from": "human",
        "value": "<image>\nWhat is the birthdate and birthplace of this individual?"
      },
      {
        "from": "gpt",
        "value": "Marilyn Monroe was born on June 1, 1926, in Los Angeles, California, USA."
      }
    ]
  },
  {
    "id": "200036",
    "image": "downloaded_images/Personage/Marilyn_Monroe/image_20241107_172310_8.jpg",
    "conversations": [
      {
        "from": "human",
        "value": "<image>\nWhat is the birthdate and birthplace of this individual?"
      },
      {
        "from": "gpt",
        "value": "Marilyn Monroe was born on June 1, 1926, in Los Angeles, California, USA."
      }
    ]
  },
  {
    "id": "200037",
    "image": "downloaded_images/Personage/Marilyn_Monroe/image_20241107_172449_19.jpg",
    "conversations": [
      {
        "from": "human",
        "value": "<image>\nWhat is the birthdate and birthplace of this individual?"
      },
      {
        "from": "gpt",
        "value": "Marilyn Monroe was born on June 1, 1926, in Los Angeles, California, USA."
      }
    ]
  },
  {
    "id": "200038",
    "image": "downloaded_images/Personage/Marilyn_Monroe/image_20241107_172328_10.jpg",
    "conversations": [
      {
        "from": "human",
        "value": "<image>\nWhat is the birthdate and birthplace of this individual?"
      },
      {
        "from": "gpt",
        "value": "Marilyn Monroe was born on June 1, 1926, in Los Angeles, California, USA."
      }
    ]
  },
  {
    "id": "200039",
    "image": "downloaded_images/Personage/Marilyn_Monroe/image_20241107_172600_27.jpg",
    "conversations": [
      {
        "from": "human",
        "value": "<image>\nWhat profession does this person hold?"
      },
      {
        "from": "gpt",
        "value": "Marilyn Monroe was an actress, model, and singer."
      }
    ]
  },
  {
    "id": "200040",
    "image": "downloaded_images/Personage/Marilyn_Monroe/image_20241107_172535_24.jpg",
    "conversations": [
      {
        "from": "human",
        "value": "<image>\nWhat profession does this person hold?"
      },
      {
        "from": "gpt",
        "value": "Marilyn Monroe was an actress, model, and singer."
      }
    ]
  },
  {
    "id": "200041",
    "image": "downloaded_images/Personage/Marilyn_Monroe/image_20241018_212855_19.jpg",
    "conversations": [
      {
        "from": "human",
        "value": "<image>\nWhat profession does this person hold?"
      },
      {
        "from": "gpt",
        "value": "Marilyn Monroe was an actress, model, and singer."
      }
    ]
  },
  {
    "id": "200042",
    "image": "downloaded_images/Personage/Marilyn_Monroe/image_20241107_172459_20.jpg",
    "conversations": [
      {
        "from": "human",
        "value": "<image>\nWhat profession does this person hold?"
      },
      {
        "from": "gpt",
        "value": "Marilyn Monroe was an actress, model, and singer."
      }
    ]
  },
  {
    "id": "200043",
    "image": "downloaded_images/Personage/Marilyn_Monroe/image_20241107_172617_29.jpg",
    "conversations": [
      {
        "from": "human",
        "value": "<image>\nWhat profession does this person hold?"
      },
      {
        "from": "gpt",
        "value": "Marilyn Monroe was an actress, model, and singer."
      }
    ]
  },
  {
    "id": "200044",
    "image": "downloaded_images/Personage/Marilyn_Monroe/image_20241107_172219_2.jpg",
    "conversations": [
      {
        "from": "human",
        "value": "<image>\nWhat are the key accomplishments of this individual?"
      },
      {
        "from": "gpt",
        "value": "Marilyn Monroe is best known for her roles in classic films such as \"Some Like It Hot,\" \"Gentlemen Prefer Blondes,\" and \"The Seven Year Itch.\" She became a major sex symbol of the 1950s and is recognized for her iconic performances and memorable quotes."
      }
    ]
  },
  {
    "id": "200045",
    "image": "downloaded_images/Personage/Marilyn_Monroe/image_20241107_172209_1.jpg",
    "conversations": [
      {
        "from": "human",
        "value": "<image>\nWhat are the key accomplishments of this individual?"
      },
      {
        "from": "gpt",
        "value": "Marilyn Monroe is best known for her roles in classic films such as \"Some Like It Hot,\" \"Gentlemen Prefer Blondes,\" and \"The Seven Year Itch.\" She became a major sex symbol of the 1950s and is recognized for her iconic performances and memorable quotes."
      }
    ]
  },
  {
    "id": "200046",
    "image": "downloaded_images/Personage/Marilyn_Monroe/image_20241107_172459_20.jpg",
    "conversations": [
      {
        "from": "human",
        "value": "<image>\nWhat are the key accomplishments of this individual?"
      },
      {
        "from": "gpt",
        "value": "Marilyn Monroe is best known for her roles in classic films such as \"Some Like It Hot,\" \"Gentlemen Prefer Blondes,\" and \"The Seven Year Itch.\" She became a major sex symbol of the 1950s and is recognized for her iconic performances and memorable quotes."
      }
    ]
  },
  {
    "id": "200047",
    "image": "downloaded_images/Personage/Marilyn_Monroe/image_20241107_172404_14.jpg",
    "conversations": [
      {
        "from": "human",
        "value": "<image>\nWhat are the key accomplishments of this individual?"
      },
      {
        "from": "gpt",
        "value": "Marilyn Monroe is best known for her roles in classic films such as \"Some Like It Hot,\" \"Gentlemen Prefer Blondes,\" and \"The Seven Year Itch.\" She became a major sex symbol of the 1950s and is recognized for her iconic performances and memorable quotes."
      }
    ]
  },
  {
    "id": "200048",
    "image": "downloaded_images/Personage/Marilyn_Monroe/image_20241107_172439_18.jpg",
    "conversations": [
      {
        "from": "human",
        "value": "<image>\nWhat are the key accomplishments of this individual?"
      },
      {
        "from": "gpt",
        "value": "Marilyn Monroe is best known for her roles in classic films such as \"Some Like It Hot,\" \"Gentlemen Prefer Blondes,\" and \"The Seven Year Itch.\" She became a major sex symbol of the 1950s and is recognized for her iconic performances and memorable quotes."
      }
    ]
  },
  {
    "id": "200049",
    "image": "downloaded_images/Personage/Marilyn_Monroe/image_20241107_172356_13.jpg",
    "conversations": [
      {
        "from": "human",
        "value": "<image>\nWhat impact has this individual made in their field or community?"
      },
      {
        "from": "gpt",
        "value": "Marilyn Monroe's contributions to society include challenging traditional gender roles and norms in Hollywood, as well as influencing the portrayal of women in film. She became a cultural icon, representing beauty and glamour, and her legacy continues to impact fashion, film, and popular culture. Additionally, her struggles with mental health and personal challenges have sparked discussions about the pressures faced by public figures."
      }
    ]
  },
  {
    "id": "200050",
    "image": "downloaded_images/Personage/Marilyn_Monroe/image_20241018_212923_22.jpg",
    "conversations": [
      {
        "from": "human",
        "value": "<image>\nWhat impact has this individual made in their field or community?"
      },
      {
        "from": "gpt",
        "value": "Marilyn Monroe's contributions to society include challenging traditional gender roles and norms in Hollywood, as well as influencing the portrayal of women in film. She became a cultural icon, representing beauty and glamour, and her legacy continues to impact fashion, film, and popular culture. Additionally, her struggles with mental health and personal challenges have sparked discussions about the pressures faced by public figures."
      }
    ]
  },
  {
    "id": "200051",
    "image": "downloaded_images/Personage/Marilyn_Monroe/image_20241107_172328_10.jpg",
    "conversations": [
      {
        "from": "human",
        "value": "<image>\nWhat impact has this individual made in their field or community?"
      },
      {
        "from": "gpt",
        "value": "Marilyn Monroe's contributions to society include challenging traditional gender roles and norms in Hollywood, as well as influencing the portrayal of women in film. She became a cultural icon, representing beauty and glamour, and her legacy continues to impact fashion, film, and popular culture. Additionally, her struggles with mental health and personal challenges have sparked discussions about the pressures faced by public figures."
      }
    ]
  },
  {
    "id": "200052",
    "image": "downloaded_images/Personage/Marilyn_Monroe/image_20241107_172508_21.jpg",
    "conversations": [
      {
        "from": "human",
        "value": "<image>\nWhat impact has this individual made in their field or community?"
      },
      {
        "from": "gpt",
        "value": "Marilyn Monroe's contributions to society include challenging traditional gender roles and norms in Hollywood, as well as influencing the portrayal of women in film. She became a cultural icon, representing beauty and glamour, and her legacy continues to impact fashion, film, and popular culture. Additionally, her struggles with mental health and personal challenges have sparked discussions about the pressures faced by public figures."
      }
    ]
  },
  {
    "id": "200053",
    "image": "downloaded_images/Personage/Marilyn_Monroe/image_20241107_172227_3.jpg",
    "conversations": [
      {
        "from": "human",
        "value": "<image>\nWhat impact has this individual made in their field or community?"
      },
      {
        "from": "gpt",
        "value": "Marilyn Monroe's contributions to society include challenging traditional gender roles and norms in Hollywood, as well as influencing the portrayal of women in film. She became a cultural icon, representing beauty and glamour, and her legacy continues to impact fashion, film, and popular culture. Additionally, her struggles with mental health and personal challenges have sparked discussions about the pressures faced by public figures."
      }
    ]
  },
  {
    "id": "300024",
    "image": "downloaded_images/Personage/Marilyn_Monroe/image_20241018_212943_24.jpg",
    "conversations": [
      {
        "from": "human",
        "value": "<image>\nHow is this person referred to?"
      },
      {
        "from": "gpt",
        "value": "Marilyn Monroe"
      }
    ]
  },
  {
    "id": "300025",
    "image": "downloaded_images/Personage/Marilyn_Monroe/image_20241018_212550_1.jpg",
    "conversations": [
      {
        "from": "human",
        "value": "<image>\nWhere and when did this person enter the world?"
      },
      {
        "from": "gpt",
        "value": "Marilyn Monroe was born on June 1, 1926, in Los Angeles, California, USA."
      }
    ]
  },
  {
    "id": "300026",
    "image": "downloaded_images/Personage/Marilyn_Monroe/image_20241018_212943_24.jpg",
    "conversations": [
      {
        "from": "human",
        "value": "<image>\nWhat job does this person do?"
      },
      {
        "from": "gpt",
        "value": "Marilyn Monroe was an actress, model, and singer."
      }
    ]
  },
  {
    "id": "300027",
    "image": "downloaded_images/Personage/Marilyn_Monroe/image_20241018_212846_18.jpg",
    "conversations": [
      {
        "from": "human",
        "value": "<image>\nWhat famous contributions has this person made?"
      },
      {
        "from": "gpt",
        "value": "Marilyn Monroe is best known for her roles in classic films such as \"Some Like It Hot,\" \"Gentlemen Prefer Blondes,\" and \"The Seven Year Itch.\" She became a major sex symbol of the 1950s and is recognized for her iconic performances and memorable quotes."
      }
    ]
  },
  {
    "id": "300028",
    "image": "downloaded_images/Personage/Marilyn_Monroe/image_20241018_212550_1.jpg",
    "conversations": [
      {
        "from": "human",
        "value": "<image>\nWhat contributions has this person offered to society or their profession?"
      },
      {
        "from": "gpt",
        "value": "Marilyn Monroe's contributions to society include challenging traditional gender roles and norms in Hollywood, as well as influencing the portrayal of women in film. She became a cultural icon, representing beauty and glamour, and her legacy continues to impact fashion, film, and popular culture. Additionally, her struggles with mental health and personal challenges have sparked discussions about the pressures faced by public figures."
      }
    ]
  },
  {
    "id": "300029",
    "image": "downloaded_images/Personage/Marilyn_Monroe/image_20241107_172320_9.jpg",
    "conversations": [
      {
        "from": "human",
        "value": "<image>\nHow is this person referred to?"
      },
      {
        "from": "gpt",
        "value": "Marilyn Monroe"
      }
    ]
  },
  {
    "id": "300030",
    "image": "downloaded_images/Personage/Marilyn_Monroe/image_20241107_172245_5.jpg",
    "conversations": [
      {
        "from": "human",
        "value": "<image>\nHow is this person referred to?"
      },
      {
        "from": "gpt",
        "value": "Marilyn Monroe"
      }
    ]
  },
  {
    "id": "300031",
    "image": "downloaded_images/Personage/Marilyn_Monroe/image_20241018_212608_3.jpg",
    "conversations": [
      {
        "from": "human",
        "value": "<image>\nHow is this person referred to?"
      },
      {
        "from": "gpt",
        "value": "Marilyn Monroe"
      }
    ]
  },
  {
    "id": "300032",
    "image": "downloaded_images/Personage/Marilyn_Monroe/image_20241107_172404_14.jpg",
    "conversations": [
      {
        "from": "human",
        "value": "<image>\nHow is this person referred to?"
      },
      {
        "from": "gpt",
        "value": "Marilyn Monroe"
      }
    ]
  },
  {
    "id": "300033",
    "image": "downloaded_images/Personage/Marilyn_Monroe/image_20241107_172449_19.jpg",
    "conversations": [
      {
        "from": "human",
        "value": "<image>\nHow is this person referred to?"
      },
      {
        "from": "gpt",
        "value": "Marilyn Monroe"
      }
    ]
  },
  {
    "id": "300034",
    "image": "downloaded_images/Personage/Marilyn_Monroe/image_20241107_172337_11.jpg",
    "conversations": [
      {
        "from": "human",
        "value": "<image>\nWhere and when did this person enter the world?"
      },
      {
        "from": "gpt",
        "value": "Marilyn Monroe was born on June 1, 1926, in Los Angeles, California, USA."
      }
    ]
  },
  {
    "id": "300035",
    "image": "downloaded_images/Personage/Marilyn_Monroe/image_20241018_212812_15.jpg",
    "conversations": [
      {
        "from": "human",
        "value": "<image>\nWhere and when did this person enter the world?"
      },
      {
        "from": "gpt",
        "value": "Marilyn Monroe was born on June 1, 1926, in Los Angeles, California, USA."
      }
    ]
  },
  {
    "id": "300036",
    "image": "downloaded_images/Personage/Marilyn_Monroe/image_20241107_172310_8.jpg",
    "conversations": [
      {
        "from": "human",
        "value": "<image>\nWhere and when did this person enter the world?"
      },
      {
        "from": "gpt",
        "value": "Marilyn Monroe was born on June 1, 1926, in Los Angeles, California, USA."
      }
    ]
  },
  {
    "id": "300037",
    "image": "downloaded_images/Personage/Marilyn_Monroe/image_20241107_172449_19.jpg",
    "conversations": [
      {
        "from": "human",
        "value": "<image>\nWhere and when did this person enter the world?"
      },
      {
        "from": "gpt",
        "value": "Marilyn Monroe was born on June 1, 1926, in Los Angeles, California, USA."
      }
    ]
  },
  {
    "id": "300038",
    "image": "downloaded_images/Personage/Marilyn_Monroe/image_20241107_172328_10.jpg",
    "conversations": [
      {
        "from": "human",
        "value": "<image>\nWhere and when did this person enter the world?"
      },
      {
        "from": "gpt",
        "value": "Marilyn Monroe was born on June 1, 1926, in Los Angeles, California, USA."
      }
    ]
  },
  {
    "id": "300039",
    "image": "downloaded_images/Personage/Marilyn_Monroe/image_20241107_172600_27.jpg",
    "conversations": [
      {
        "from": "human",
        "value": "<image>\nWhat job does this person do?"
      },
      {
        "from": "gpt",
        "value": "Marilyn Monroe was an actress, model, and singer."
      }
    ]
  },
  {
    "id": "300040",
    "image": "downloaded_images/Personage/Marilyn_Monroe/image_20241107_172535_24.jpg",
    "conversations": [
      {
        "from": "human",
        "value": "<image>\nWhat job does this person do?"
      },
      {
        "from": "gpt",
        "value": "Marilyn Monroe was an actress, model, and singer."
      }
    ]
  },
  {
    "id": "300041",
    "image": "downloaded_images/Personage/Marilyn_Monroe/image_20241018_212855_19.jpg",
    "conversations": [
      {
        "from": "human",
        "value": "<image>\nWhat job does this person do?"
      },
      {
        "from": "gpt",
        "value": "Marilyn Monroe was an actress, model, and singer."
      }
    ]
  },
  {
    "id": "300042",
    "image": "downloaded_images/Personage/Marilyn_Monroe/image_20241107_172459_20.jpg",
    "conversations": [
      {
        "from": "human",
        "value": "<image>\nWhat job does this person do?"
      },
      {
        "from": "gpt",
        "value": "Marilyn Monroe was an actress, model, and singer."
      }
    ]
  },
  {
    "id": "300043",
    "image": "downloaded_images/Personage/Marilyn_Monroe/image_20241107_172617_29.jpg",
    "conversations": [
      {
        "from": "human",
        "value": "<image>\nWhat job does this person do?"
      },
      {
        "from": "gpt",
        "value": "Marilyn Monroe was an actress, model, and singer."
      }
    ]
  },
  {
    "id": "300044",
    "image": "downloaded_images/Personage/Marilyn_Monroe/image_20241107_172219_2.jpg",
    "conversations": [
      {
        "from": "human",
        "value": "<image>\nWhat famous contributions has this person made?"
      },
      {
        "from": "gpt",
        "value": "Marilyn Monroe is best known for her roles in classic films such as \"Some Like It Hot,\" \"Gentlemen Prefer Blondes,\" and \"The Seven Year Itch.\" She became a major sex symbol of the 1950s and is recognized for her iconic performances and memorable quotes."
      }
    ]
  },
  {
    "id": "300045",
    "image": "downloaded_images/Personage/Marilyn_Monroe/image_20241107_172209_1.jpg",
    "conversations": [
      {
        "from": "human",
        "value": "<image>\nWhat famous contributions has this person made?"
      },
      {
        "from": "gpt",
        "value": "Marilyn Monroe is best known for her roles in classic films such as \"Some Like It Hot,\" \"Gentlemen Prefer Blondes,\" and \"The Seven Year Itch.\" She became a major sex symbol of the 1950s and is recognized for her iconic performances and memorable quotes."
      }
    ]
  },
  {
    "id": "300046",
    "image": "downloaded_images/Personage/Marilyn_Monroe/image_20241107_172459_20.jpg",
    "conversations": [
      {
        "from": "human",
        "value": "<image>\nWhat famous contributions has this person made?"
      },
      {
        "from": "gpt",
        "value": "Marilyn Monroe is best known for her roles in classic films such as \"Some Like It Hot,\" \"Gentlemen Prefer Blondes,\" and \"The Seven Year Itch.\" She became a major sex symbol of the 1950s and is recognized for her iconic performances and memorable quotes."
      }
    ]
  },
  {
    "id": "300047",
    "image": "downloaded_images/Personage/Marilyn_Monroe/image_20241107_172404_14.jpg",
    "conversations": [
      {
        "from": "human",
        "value": "<image>\nWhat famous contributions has this person made?"
      },
      {
        "from": "gpt",
        "value": "Marilyn Monroe is best known for her roles in classic films such as \"Some Like It Hot,\" \"Gentlemen Prefer Blondes,\" and \"The Seven Year Itch.\" She became a major sex symbol of the 1950s and is recognized for her iconic performances and memorable quotes."
      }
    ]
  },
  {
    "id": "300048",
    "image": "downloaded_images/Personage/Marilyn_Monroe/image_20241107_172439_18.jpg",
    "conversations": [
      {
        "from": "human",
        "value": "<image>\nWhat famous contributions has this person made?"
      },
      {
        "from": "gpt",
        "value": "Marilyn Monroe is best known for her roles in classic films such as \"Some Like It Hot,\" \"Gentlemen Prefer Blondes,\" and \"The Seven Year Itch.\" She became a major sex symbol of the 1950s and is recognized for her iconic performances and memorable quotes."
      }
    ]
  },
  {
    "id": "300049",
    "image": "downloaded_images/Personage/Marilyn_Monroe/image_20241107_172356_13.jpg",
    "conversations": [
      {
        "from": "human",
        "value": "<image>\nWhat contributions has this person offered to society or their profession?"
      },
      {
        "from": "gpt",
        "value": "Marilyn Monroe's contributions to society include challenging traditional gender roles and norms in Hollywood, as well as influencing the portrayal of women in film. She became a cultural icon, representing beauty and glamour, and her legacy continues to impact fashion, film, and popular culture. Additionally, her struggles with mental health and personal challenges have sparked discussions about the pressures faced by public figures."
      }
    ]
  },
  {
    "id": "300050",
    "image": "downloaded_images/Personage/Marilyn_Monroe/image_20241018_212923_22.jpg",
    "conversations": [
      {
        "from": "human",
        "value": "<image>\nWhat contributions has this person offered to society or their profession?"
      },
      {
        "from": "gpt",
        "value": "Marilyn Monroe's contributions to society include challenging traditional gender roles and norms in Hollywood, as well as influencing the portrayal of women in film. She became a cultural icon, representing beauty and glamour, and her legacy continues to impact fashion, film, and popular culture. Additionally, her struggles with mental health and personal challenges have sparked discussions about the pressures faced by public figures."
      }
    ]
  },
  {
    "id": "300051",
    "image": "downloaded_images/Personage/Marilyn_Monroe/image_20241107_172328_10.jpg",
    "conversations": [
      {
        "from": "human",
        "value": "<image>\nWhat contributions has this person offered to society or their profession?"
      },
      {
        "from": "gpt",
        "value": "Marilyn Monroe's contributions to society include challenging traditional gender roles and norms in Hollywood, as well as influencing the portrayal of women in film. She became a cultural icon, representing beauty and glamour, and her legacy continues to impact fashion, film, and popular culture. Additionally, her struggles with mental health and personal challenges have sparked discussions about the pressures faced by public figures."
      }
    ]
  },
  {
    "id": "300052",
    "image": "downloaded_images/Personage/Marilyn_Monroe/image_20241107_172508_21.jpg",
    "conversations": [
      {
        "from": "human",
        "value": "<image>\nWhat contributions has this person offered to society or their profession?"
      },
      {
        "from": "gpt",
        "value": "Marilyn Monroe's contributions to society include challenging traditional gender roles and norms in Hollywood, as well as influencing the portrayal of women in film. She became a cultural icon, representing beauty and glamour, and her legacy continues to impact fashion, film, and popular culture. Additionally, her struggles with mental health and personal challenges have sparked discussions about the pressures faced by public figures."
      }
    ]
  },
  {
    "id": "300053",
    "image": "downloaded_images/Personage/Marilyn_Monroe/image_20241107_172227_3.jpg",
    "conversations": [
      {
        "from": "human",
        "value": "<image>\nWhat contributions has this person offered to society or their profession?"
      },
      {
        "from": "gpt",
        "value": "Marilyn Monroe's contributions to society include challenging traditional gender roles and norms in Hollywood, as well as influencing the portrayal of women in film. She became a cultural icon, representing beauty and glamour, and her legacy continues to impact fashion, film, and popular culture. Additionally, her struggles with mental health and personal challenges have sparked discussions about the pressures faced by public figures."
      }
    ]
  },
  {
    "id": "400024",
    "image": "downloaded_images/Personage/Marilyn_Monroe/image_20241018_212943_24.jpg",
    "conversations": [
      {
        "from": "human",
        "value": "<image>\nWhat do people call this individual?"
      },
      {
        "from": "gpt",
        "value": "Marilyn Monroe"
      }
    ]
  },
  {
    "id": "400025",
    "image": "downloaded_images/Personage/Marilyn_Monroe/image_20241018_212550_1.jpg",
    "conversations": [
      {
        "from": "human",
        "value": "<image>\nCan you tell me the date and place of this person's birth?"
      },
      {
        "from": "gpt",
        "value": "Marilyn Monroe was born on June 1, 1926, in Los Angeles, California, USA."
      }
    ]
  },
  {
    "id": "400026",
    "image": "downloaded_images/Personage/Marilyn_Monroe/image_20241018_212943_24.jpg",
    "conversations": [
      {
        "from": "human",
        "value": "<image>\nWhat line of work is this individual in?"
      },
      {
        "from": "gpt",
        "value": "Marilyn Monroe was an actress, model, and singer."
      }
    ]
  },
  {
    "id": "400027",
    "image": "downloaded_images/Personage/Marilyn_Monroe/image_20241018_212846_18.jpg",
    "conversations": [
      {
        "from": "human",
        "value": "<image>\nCan you list some of this person's significant works?"
      },
      {
        "from": "gpt",
        "value": "Marilyn Monroe is best known for her roles in classic films such as \"Some Like It Hot,\" \"Gentlemen Prefer Blondes,\" and \"The Seven Year Itch.\" She became a major sex symbol of the 1950s and is recognized for her iconic performances and memorable quotes."
      }
    ]
  },
  {
    "id": "400028",
    "image": "downloaded_images/Personage/Marilyn_Monroe/image_20241018_212550_1.jpg",
    "conversations": [
      {
        "from": "human",
        "value": "<image>\nIn what ways has this individual influenced their industry or society?"
      },
      {
        "from": "gpt",
        "value": "Marilyn Monroe's contributions to society include challenging traditional gender roles and norms in Hollywood, as well as influencing the portrayal of women in film. She became a cultural icon, representing beauty and glamour, and her legacy continues to impact fashion, film, and popular culture. Additionally, her struggles with mental health and personal challenges have sparked discussions about the pressures faced by public figures."
      }
    ]
  },
  {
    "id": "400029",
    "image": "downloaded_images/Personage/Marilyn_Monroe/image_20241107_172320_9.jpg",
    "conversations": [
      {
        "from": "human",
        "value": "<image>\nWhat do people call this individual?"
      },
      {
        "from": "gpt",
        "value": "Marilyn Monroe"
      }
    ]
  },
  {
    "id": "400030",
    "image": "downloaded_images/Personage/Marilyn_Monroe/image_20241107_172245_5.jpg",
    "conversations": [
      {
        "from": "human",
        "value": "<image>\nWhat do people call this individual?"
      },
      {
        "from": "gpt",
        "value": "Marilyn Monroe"
      }
    ]
  },
  {
    "id": "400031",
    "image": "downloaded_images/Personage/Marilyn_Monroe/image_20241018_212608_3.jpg",
    "conversations": [
      {
        "from": "human",
        "value": "<image>\nWhat do people call this individual?"
      },
      {
        "from": "gpt",
        "value": "Marilyn Monroe"
      }
    ]
  },
  {
    "id": "400032",
    "image": "downloaded_images/Personage/Marilyn_Monroe/image_20241107_172404_14.jpg",
    "conversations": [
      {
        "from": "human",
        "value": "<image>\nWhat do people call this individual?"
      },
      {
        "from": "gpt",
        "value": "Marilyn Monroe"
      }
    ]
  },
  {
    "id": "400033",
    "image": "downloaded_images/Personage/Marilyn_Monroe/image_20241107_172449_19.jpg",
    "conversations": [
      {
        "from": "human",
        "value": "<image>\nWhat do people call this individual?"
      },
      {
        "from": "gpt",
        "value": "Marilyn Monroe"
      }
    ]
  },
  {
    "id": "400034",
    "image": "downloaded_images/Personage/Marilyn_Monroe/image_20241107_172337_11.jpg",
    "conversations": [
      {
        "from": "human",
        "value": "<image>\nCan you tell me the date and place of this person's birth?"
      },
      {
        "from": "gpt",
        "value": "Marilyn Monroe was born on June 1, 1926, in Los Angeles, California, USA."
      }
    ]
  },
  {
    "id": "400035",
    "image": "downloaded_images/Personage/Marilyn_Monroe/image_20241018_212812_15.jpg",
    "conversations": [
      {
        "from": "human",
        "value": "<image>\nCan you tell me the date and place of this person's birth?"
      },
      {
        "from": "gpt",
        "value": "Marilyn Monroe was born on June 1, 1926, in Los Angeles, California, USA."
      }
    ]
  },
  {
    "id": "400036",
    "image": "downloaded_images/Personage/Marilyn_Monroe/image_20241107_172310_8.jpg",
    "conversations": [
      {
        "from": "human",
        "value": "<image>\nCan you tell me the date and place of this person's birth?"
      },
      {
        "from": "gpt",
        "value": "Marilyn Monroe was born on June 1, 1926, in Los Angeles, California, USA."
      }
    ]
  },
  {
    "id": "400037",
    "image": "downloaded_images/Personage/Marilyn_Monroe/image_20241107_172449_19.jpg",
    "conversations": [
      {
        "from": "human",
        "value": "<image>\nCan you tell me the date and place of this person's birth?"
      },
      {
        "from": "gpt",
        "value": "Marilyn Monroe was born on June 1, 1926, in Los Angeles, California, USA."
      }
    ]
  },
  {
    "id": "400038",
    "image": "downloaded_images/Personage/Marilyn_Monroe/image_20241107_172328_10.jpg",
    "conversations": [
      {
        "from": "human",
        "value": "<image>\nCan you tell me the date and place of this person's birth?"
      },
      {
        "from": "gpt",
        "value": "Marilyn Monroe was born on June 1, 1926, in Los Angeles, California, USA."
      }
    ]
  },
  {
    "id": "400039",
    "image": "downloaded_images/Personage/Marilyn_Monroe/image_20241107_172600_27.jpg",
    "conversations": [
      {
        "from": "human",
        "value": "<image>\nWhat line of work is this individual in?"
      },
      {
        "from": "gpt",
        "value": "Marilyn Monroe was an actress, model, and singer."
      }
    ]
  },
  {
    "id": "400040",
    "image": "downloaded_images/Personage/Marilyn_Monroe/image_20241107_172535_24.jpg",
    "conversations": [
      {
        "from": "human",
        "value": "<image>\nWhat line of work is this individual in?"
      },
      {
        "from": "gpt",
        "value": "Marilyn Monroe was an actress, model, and singer."
      }
    ]
  },
  {
    "id": "400041",
    "image": "downloaded_images/Personage/Marilyn_Monroe/image_20241018_212855_19.jpg",
    "conversations": [
      {
        "from": "human",
        "value": "<image>\nWhat line of work is this individual in?"
      },
      {
        "from": "gpt",
        "value": "Marilyn Monroe was an actress, model, and singer."
      }
    ]
  },
  {
    "id": "400042",
    "image": "downloaded_images/Personage/Marilyn_Monroe/image_20241107_172459_20.jpg",
    "conversations": [
      {
        "from": "human",
        "value": "<image>\nWhat line of work is this individual in?"
      },
      {
        "from": "gpt",
        "value": "Marilyn Monroe was an actress, model, and singer."
      }
    ]
  },
  {
    "id": "400043",
    "image": "downloaded_images/Personage/Marilyn_Monroe/image_20241107_172617_29.jpg",
    "conversations": [
      {
        "from": "human",
        "value": "<image>\nWhat line of work is this individual in?"
      },
      {
        "from": "gpt",
        "value": "Marilyn Monroe was an actress, model, and singer."
      }
    ]
  },
  {
    "id": "400044",
    "image": "downloaded_images/Personage/Marilyn_Monroe/image_20241107_172219_2.jpg",
    "conversations": [
      {
        "from": "human",
        "value": "<image>\nCan you list some of this person's significant works?"
      },
      {
        "from": "gpt",
        "value": "Marilyn Monroe is best known for her roles in classic films such as \"Some Like It Hot,\" \"Gentlemen Prefer Blondes,\" and \"The Seven Year Itch.\" She became a major sex symbol of the 1950s and is recognized for her iconic performances and memorable quotes."
      }
    ]
  },
  {
    "id": "400045",
    "image": "downloaded_images/Personage/Marilyn_Monroe/image_20241107_172209_1.jpg",
    "conversations": [
      {
        "from": "human",
        "value": "<image>\nCan you list some of this person's significant works?"
      },
      {
        "from": "gpt",
        "value": "Marilyn Monroe is best known for her roles in classic films such as \"Some Like It Hot,\" \"Gentlemen Prefer Blondes,\" and \"The Seven Year Itch.\" She became a major sex symbol of the 1950s and is recognized for her iconic performances and memorable quotes."
      }
    ]
  },
  {
    "id": "400046",
    "image": "downloaded_images/Personage/Marilyn_Monroe/image_20241107_172459_20.jpg",
    "conversations": [
      {
        "from": "human",
        "value": "<image>\nCan you list some of this person's significant works?"
      },
      {
        "from": "gpt",
        "value": "Marilyn Monroe is best known for her roles in classic films such as \"Some Like It Hot,\" \"Gentlemen Prefer Blondes,\" and \"The Seven Year Itch.\" She became a major sex symbol of the 1950s and is recognized for her iconic performances and memorable quotes."
      }
    ]
  },
  {
    "id": "400047",
    "image": "downloaded_images/Personage/Marilyn_Monroe/image_20241107_172404_14.jpg",
    "conversations": [
      {
        "from": "human",
        "value": "<image>\nCan you list some of this person's significant works?"
      },
      {
        "from": "gpt",
        "value": "Marilyn Monroe is best known for her roles in classic films such as \"Some Like It Hot,\" \"Gentlemen Prefer Blondes,\" and \"The Seven Year Itch.\" She became a major sex symbol of the 1950s and is recognized for her iconic performances and memorable quotes."
      }
    ]
  },
  {
    "id": "400048",
    "image": "downloaded_images/Personage/Marilyn_Monroe/image_20241107_172439_18.jpg",
    "conversations": [
      {
        "from": "human",
        "value": "<image>\nCan you list some of this person's significant works?"
      },
      {
        "from": "gpt",
        "value": "Marilyn Monroe is best known for her roles in classic films such as \"Some Like It Hot,\" \"Gentlemen Prefer Blondes,\" and \"The Seven Year Itch.\" She became a major sex symbol of the 1950s and is recognized for her iconic performances and memorable quotes."
      }
    ]
  },
  {
    "id": "400049",
    "image": "downloaded_images/Personage/Marilyn_Monroe/image_20241107_172356_13.jpg",
    "conversations": [
      {
        "from": "human",
        "value": "<image>\nIn what ways has this individual influenced their industry or society?"
      },
      {
        "from": "gpt",
        "value": "Marilyn Monroe's contributions to society include challenging traditional gender roles and norms in Hollywood, as well as influencing the portrayal of women in film. She became a cultural icon, representing beauty and glamour, and her legacy continues to impact fashion, film, and popular culture. Additionally, her struggles with mental health and personal challenges have sparked discussions about the pressures faced by public figures."
      }
    ]
  },
  {
    "id": "400050",
    "image": "downloaded_images/Personage/Marilyn_Monroe/image_20241018_212923_22.jpg",
    "conversations": [
      {
        "from": "human",
        "value": "<image>\nIn what ways has this individual influenced their industry or society?"
      },
      {
        "from": "gpt",
        "value": "Marilyn Monroe's contributions to society include challenging traditional gender roles and norms in Hollywood, as well as influencing the portrayal of women in film. She became a cultural icon, representing beauty and glamour, and her legacy continues to impact fashion, film, and popular culture. Additionally, her struggles with mental health and personal challenges have sparked discussions about the pressures faced by public figures."
      }
    ]
  },
  {
    "id": "400051",
    "image": "downloaded_images/Personage/Marilyn_Monroe/image_20241107_172328_10.jpg",
    "conversations": [
      {
        "from": "human",
        "value": "<image>\nIn what ways has this individual influenced their industry or society?"
      },
      {
        "from": "gpt",
        "value": "Marilyn Monroe's contributions to society include challenging traditional gender roles and norms in Hollywood, as well as influencing the portrayal of women in film. She became a cultural icon, representing beauty and glamour, and her legacy continues to impact fashion, film, and popular culture. Additionally, her struggles with mental health and personal challenges have sparked discussions about the pressures faced by public figures."
      }
    ]
  },
  {
    "id": "400052",
    "image": "downloaded_images/Personage/Marilyn_Monroe/image_20241107_172508_21.jpg",
    "conversations": [
      {
        "from": "human",
        "value": "<image>\nIn what ways has this individual influenced their industry or society?"
      },
      {
        "from": "gpt",
        "value": "Marilyn Monroe's contributions to society include challenging traditional gender roles and norms in Hollywood, as well as influencing the portrayal of women in film. She became a cultural icon, representing beauty and glamour, and her legacy continues to impact fashion, film, and popular culture. Additionally, her struggles with mental health and personal challenges have sparked discussions about the pressures faced by public figures."
      }
    ]
  },
  {
    "id": "400053",
    "image": "downloaded_images/Personage/Marilyn_Monroe/image_20241107_172227_3.jpg",
    "conversations": [
      {
        "from": "human",
        "value": "<image>\nIn what ways has this individual influenced their industry or society?"
      },
      {
        "from": "gpt",
        "value": "Marilyn Monroe's contributions to society include challenging traditional gender roles and norms in Hollywood, as well as influencing the portrayal of women in film. She became a cultural icon, representing beauty and glamour, and her legacy continues to impact fashion, film, and popular culture. Additionally, her struggles with mental health and personal challenges have sparked discussions about the pressures faced by public figures."
      }
    ]
  }
]