[
  {
    "id": "87",
    "image": "downloaded_images/Astronomy/Neptune/image_20241017_203233_5.jpg",
    "conversations": [
      {
        "from": "human",
        "value": "<image>\nWhat is the name of this planet?"
      },
      {
        "from": "gpt",
        "value": "Neptune"
      }
    ]
  },
  {
    "id": "88",
    "image": "downloaded_images/Astronomy/Neptune/image_20241017_203233_5.jpg",
    "conversations": [
      {
        "from": "human",
        "value": "<image>\nWhat is its position in the solar system?"
      },
      {
        "from": "gpt",
        "value": "8th from the Sun"
      }
    ]
  },
  {
    "id": "89",
    "image": "downloaded_images/Astronomy/Neptune/image_20241017_203233_5.jpg",
    "conversations": [
      {
        "from": "human",
        "value": "<image>\nWhat is the planet's classification?"
      },
      {
        "from": "gpt",
        "value": "Ice giant"
      }
    ]
  },
  {
    "id": "90",
    "image": "downloaded_images/Astronomy/Neptune/image_20241017_203403_13.jpg",
    "conversations": [
      {
        "from": "human",
        "value": "<image>\nDoes it have a ring system?"
      },
      {
        "from": "gpt",
        "value": "If so, how extensive is it?  \n   Yes, Neptune has a ring system, but it is relatively faint and consists of several narrow rings. The rings are not as extensive or prominent as those of Saturn."
      }
    ]
  },
  {
    "id": "91",
    "image": "downloaded_images/Astronomy/Neptune/image_20241017_203233_5.jpg",
    "conversations": [
      {
        "from": "human",
        "value": "<image>\nHow long does it take for this planet to orbit the Sun?"
      },
      {
        "from": "gpt",
        "value": "Neptune takes about 165 Earth years to complete one orbit around the Sun."
      }
    ]
  },
  {
    "id": "92",
    "image": "downloaded_images/Astronomy/Neptune/image_20241106_110805_1.jpg",
    "conversations": [
      {
        "from": "human",
        "value": "<image>\nWhat is the name of this planet?"
      },
      {
        "from": "gpt",
        "value": "Neptune"
      }
    ]
  },
  {
    "id": "93",
    "image": "downloaded_images/Astronomy/Neptune/image_20241106_110955_13.jpg",
    "conversations": [
      {
        "from": "human",
        "value": "<image>\nWhat is the name of this planet?"
      },
      {
        "from": "gpt",
        "value": "Neptune"
      }
    ]
  },
  {
    "id": "94",
    "image": "downloaded_images/Astronomy/Neptune/image_20241106_111033_17.jpg",
    "conversations": [
      {
        "from": "human",
        "value": "<image>\nWhat is the name of this planet?"
      },
      {
        "from": "gpt",
        "value": "Neptune"
      }
    ]
  },
  {
    "id": "95",
    "image": "downloaded_images/Astronomy/Neptune/image_20241106_110918_9.jpg",
    "conversations": [
      {
        "from": "human",
        "value": "<image>\nWhat is the name of this planet?"
      },
      {
        "from": "gpt",
        "value": "Neptune"
      }
    ]
  },
  {
    "id": "96",
    "image": "downloaded_images/Astronomy/Neptune/image_20241106_110842_5.jpg",
    "conversations": [
      {
        "from": "human",
        "value": "<image>\nWhat is the name of this planet?"
      },
      {
        "from": "gpt",
        "value": "Neptune"
      }
    ]
  },
  {
    "id": "97",
    "image": "downloaded_images/Astronomy/Neptune/image_20241106_111316_30.jpg",
    "conversations": [
      {
        "from": "human",
        "value": "<image>\nWhat is its position in the solar system?"
      },
      {
        "from": "gpt",
        "value": "8th from the Sun"
      }
    ]
  },
  {
    "id": "98",
    "image": "downloaded_images/Astronomy/Neptune/image_20241106_111147_23.jpg",
    "conversations": [
      {
        "from": "human",
        "value": "<image>\nWhat is its position in the solar system?"
      },
      {
        "from": "gpt",
        "value": "8th from the Sun"
      }
    ]
  },
  {
    "id": "99",
    "image": "downloaded_images/Astronomy/Neptune/image_20241106_110805_1.jpg",
    "conversations": [
      {
        "from": "human",
        "value": "<image>\nWhat is its position in the solar system?"
      },
      {
        "from": "gpt",
        "value": "8th from the Sun"
      }
    ]
  },
  {
    "id": "100",
    "image": "downloaded_images/Astronomy/Neptune/image_20241017_203258_7.jpg",
    "conversations": [
      {
        "from": "human",
        "value": "<image>\nWhat is its position in the solar system?"
      },
      {
        "from": "gpt",
        "value": "8th from the Sun"
      }
    ]
  },
  {
    "id": "101",
    "image": "downloaded_images/Astronomy/Neptune/image_20241017_203307_8.jpg",
    "conversations": [
      {
        "from": "human",
        "value": "<image>\nWhat is its position in the solar system?"
      },
      {
        "from": "gpt",
        "value": "8th from the Sun"
      }
    ]
  },
  {
    "id": "102",
    "image": "downloaded_images/Astronomy/Neptune/image_20241106_111227_25.jpg",
    "conversations": [
      {
        "from": "human",
        "value": "<image>\nWhat is the planet's classification?"
      },
      {
        "from": "gpt",
        "value": "Ice giant"
      }
    ]
  },
  {
    "id": "103",
    "image": "downloaded_images/Astronomy/Neptune/image_20241017_203145_1.jpg",
    "conversations": [
      {
        "from": "human",
        "value": "<image>\nWhat is the planet's classification?"
      },
      {
        "from": "gpt",
        "value": "Ice giant"
      }
    ]
  },
  {
    "id": "104",
    "image": "downloaded_images/Astronomy/Neptune/image_20241106_110900_7.jpg",
    "conversations": [
      {
        "from": "human",
        "value": "<image>\nWhat is the planet's classification?"
      },
      {
        "from": "gpt",
        "value": "Ice giant"
      }
    ]
  },
  {
    "id": "105",
    "image": "downloaded_images/Astronomy/Neptune/image_20241106_111017_15.jpg",
    "conversations": [
      {
        "from": "human",
        "value": "<image>\nWhat is the planet's classification?"
      },
      {
        "from": "gpt",
        "value": "Ice giant"
      }
    ]
  },
  {
    "id": "106",
    "image": "downloaded_images/Astronomy/Neptune/image_20241106_110814_2.jpg",
    "conversations": [
      {
        "from": "human",
        "value": "<image>\nWhat is the planet's classification?"
      },
      {
        "from": "gpt",
        "value": "Ice giant"
      }
    ]
  },
  {
    "id": "107",
    "image": "downloaded_images/Astronomy/Neptune/image_20241017_203233_5.jpg",
    "conversations": [
      {
        "from": "human",
        "value": "<image>\nDoes it have a ring system?"
      },
      {
        "from": "gpt",
        "value": "If so, how extensive is it?  \n   Yes, Neptune has a ring system, but it is relatively faint and consists of several narrow rings. The rings are not as extensive or prominent as those of Saturn."
      }
    ]
  },
  {
    "id": "108",
    "image": "downloaded_images/Astronomy/Neptune/image_20241106_111306_29.jpg",
    "conversations": [
      {
        "from": "human",
        "value": "<image>\nDoes it have a ring system?"
      },
      {
        "from": "gpt",
        "value": "If so, how extensive is it?  \n   Yes, Neptune has a ring system, but it is relatively faint and consists of several narrow rings. The rings are not as extensive or prominent as those of Saturn."
      }
    ]
  },
  {
    "id": "109",
    "image": "downloaded_images/Astronomy/Neptune/image_20241106_110900_7.jpg",
    "conversations": [
      {
        "from": "human",
        "value": "<image>\nDoes it have a ring system?"
      },
      {
        "from": "gpt",
        "value": "If so, how extensive is it?  \n   Yes, Neptune has a ring system, but it is relatively faint and consists of several narrow rings. The rings are not as extensive or prominent as those of Saturn."
      }
    ]
  },
  {
    "id": "110",
    "image": "downloaded_images/Astronomy/Neptune/image_20241106_111017_15.jpg",
    "conversations": [
      {
        "from": "human",
        "value": "<image>\nDoes it have a ring system?"
      },
      {
        "from": "gpt",
        "value": "If so, how extensive is it?  \n   Yes, Neptune has a ring system, but it is relatively faint and consists of several narrow rings. The rings are not as extensive or prominent as those of Saturn."
      }
    ]
  },
  {
    "id": "111",
    "image": "downloaded_images/Astronomy/Neptune/image_20241106_110918_9.jpg",
    "conversations": [
      {
        "from": "human",
        "value": "<image>\nDoes it have a ring system?"
      },
      {
        "from": "gpt",
        "value": "If so, how extensive is it?  \n   Yes, Neptune has a ring system, but it is relatively faint and consists of several narrow rings. The rings are not as extensive or prominent as those of Saturn."
      }
    ]
  },
  {
    "id": "112",
    "image": "downloaded_images/Astronomy/Neptune/image_20241106_111147_23.jpg",
    "conversations": [
      {
        "from": "human",
        "value": "<image>\nHow long does it take for this planet to orbit the Sun?"
      },
      {
        "from": "gpt",
        "value": "Neptune takes about 165 Earth years to complete one orbit around the Sun."
      }
    ]
  },
  {
    "id": "113",
    "image": "downloaded_images/Astronomy/Neptune/image_20241106_111050_19.jpg",
    "conversations": [
      {
        "from": "human",
        "value": "<image>\nHow long does it take for this planet to orbit the Sun?"
      },
      {
        "from": "gpt",
        "value": "Neptune takes about 165 Earth years to complete one orbit around the Sun."
      }
    ]
  },
  {
    "id": "114",
    "image": "downloaded_images/Astronomy/Neptune/image_20241106_110805_1.jpg",
    "conversations": [
      {
        "from": "human",
        "value": "<image>\nHow long does it take for this planet to orbit the Sun?"
      },
      {
        "from": "gpt",
        "value": "Neptune takes about 165 Earth years to complete one orbit around the Sun."
      }
    ]
  },
  {
    "id": "115",
    "image": "downloaded_images/Astronomy/Neptune/image_20241106_111227_25.jpg",
    "conversations": [
      {
        "from": "human",
        "value": "<image>\nHow long does it take for this planet to orbit the Sun?"
      },
      {
        "from": "gpt",
        "value": "Neptune takes about 165 Earth years to complete one orbit around the Sun."
      }
    ]
  },
  {
    "id": "116",
    "image": "downloaded_images/Astronomy/Neptune/image_20241017_203403_13.jpg",
    "conversations": [
      {
        "from": "human",
        "value": "<image>\nHow long does it take for this planet to orbit the Sun?"
      },
      {
        "from": "gpt",
        "value": "Neptune takes about 165 Earth years to complete one orbit around the Sun."
      }
    ]
  },
  {
    "id": "100087",
    "image": "downloaded_images/Astronomy/Neptune/image_20241017_203233_5.jpg",
    "conversations": [
      {
        "from": "human",
        "value": "<image>\nWhat is this planet called?"
      },
      {
        "from": "gpt",
        "value": "Neptune"
      }
    ]
  },
  {
    "id": "100091",
    "image": "downloaded_images/Astronomy/Neptune/image_20241017_203233_5.jpg",
    "conversations": [
      {
        "from": "human",
        "value": "<image>\nHow long does it take for this planet to complete an orbit around the Sun?"
      },
      {
        "from": "gpt",
        "value": "Neptune takes about 165 Earth years to complete one orbit around the Sun."
      }
    ]
  },
  {
    "id": "100092",
    "image": "downloaded_images/Astronomy/Neptune/image_20241106_110805_1.jpg",
    "conversations": [
      {
        "from": "human",
        "value": "<image>\nWhat is this planet called?"
      },
      {
        "from": "gpt",
        "value": "Neptune"
      }
    ]
  },
  {
    "id": "100093",
    "image": "downloaded_images/Astronomy/Neptune/image_20241106_110955_13.jpg",
    "conversations": [
      {
        "from": "human",
        "value": "<image>\nWhat is this planet called?"
      },
      {
        "from": "gpt",
        "value": "Neptune"
      }
    ]
  },
  {
    "id": "100094",
    "image": "downloaded_images/Astronomy/Neptune/image_20241106_111033_17.jpg",
    "conversations": [
      {
        "from": "human",
        "value": "<image>\nWhat is this planet called?"
      },
      {
        "from": "gpt",
        "value": "Neptune"
      }
    ]
  },
  {
    "id": "100095",
    "image": "downloaded_images/Astronomy/Neptune/image_20241106_110918_9.jpg",
    "conversations": [
      {
        "from": "human",
        "value": "<image>\nWhat is this planet called?"
      },
      {
        "from": "gpt",
        "value": "Neptune"
      }
    ]
  },
  {
    "id": "100096",
    "image": "downloaded_images/Astronomy/Neptune/image_20241106_110842_5.jpg",
    "conversations": [
      {
        "from": "human",
        "value": "<image>\nWhat is this planet called?"
      },
      {
        "from": "gpt",
        "value": "Neptune"
      }
    ]
  },
  {
    "id": "100112",
    "image": "downloaded_images/Astronomy/Neptune/image_20241106_111147_23.jpg",
    "conversations": [
      {
        "from": "human",
        "value": "<image>\nHow long does it take for this planet to complete an orbit around the Sun?"
      },
      {
        "from": "gpt",
        "value": "Neptune takes about 165 Earth years to complete one orbit around the Sun."
      }
    ]
  },
  {
    "id": "100113",
    "image": "downloaded_images/Astronomy/Neptune/image_20241106_111050_19.jpg",
    "conversations": [
      {
        "from": "human",
        "value": "<image>\nHow long does it take for this planet to complete an orbit around the Sun?"
      },
      {
        "from": "gpt",
        "value": "Neptune takes about 165 Earth years to complete one orbit around the Sun."
      }
    ]
  },
  {
    "id": "100114",
    "image": "downloaded_images/Astronomy/Neptune/image_20241106_110805_1.jpg",
    "conversations": [
      {
        "from": "human",
        "value": "<image>\nHow long does it take for this planet to complete an orbit around the Sun?"
      },
      {
        "from": "gpt",
        "value": "Neptune takes about 165 Earth years to complete one orbit around the Sun."
      }
    ]
  },
  {
    "id": "100115",
    "image": "downloaded_images/Astronomy/Neptune/image_20241106_111227_25.jpg",
    "conversations": [
      {
        "from": "human",
        "value": "<image>\nHow long does it take for this planet to complete an orbit around the Sun?"
      },
      {
        "from": "gpt",
        "value": "Neptune takes about 165 Earth years to complete one orbit around the Sun."
      }
    ]
  },
  {
    "id": "100116",
    "image": "downloaded_images/Astronomy/Neptune/image_20241017_203403_13.jpg",
    "conversations": [
      {
        "from": "human",
        "value": "<image>\nHow long does it take for this planet to complete an orbit around the Sun?"
      },
      {
        "from": "gpt",
        "value": "Neptune takes about 165 Earth years to complete one orbit around the Sun."
      }
    ]
  },
  {
    "id": "200087",
    "image": "downloaded_images/Astronomy/Neptune/image_20241017_203233_5.jpg",
    "conversations": [
      {
        "from": "human",
        "value": "<image>\nWhat is this celestial body called?"
      },
      {
        "from": "gpt",
        "value": "Neptune"
      }
    ]
  },
  {
    "id": "200091",
    "image": "downloaded_images/Astronomy/Neptune/image_20241017_203233_5.jpg",
    "conversations": [
      {
        "from": "human",
        "value": "<image>\nWhat is the orbital period of this planet around the Sun?"
      },
      {
        "from": "gpt",
        "value": "Neptune takes about 165 Earth years to complete one orbit around the Sun."
      }
    ]
  },
  {
    "id": "200092",
    "image": "downloaded_images/Astronomy/Neptune/image_20241106_110805_1.jpg",
    "conversations": [
      {
        "from": "human",
        "value": "<image>\nWhat is this celestial body called?"
      },
      {
        "from": "gpt",
        "value": "Neptune"
      }
    ]
  },
  {
    "id": "200093",
    "image": "downloaded_images/Astronomy/Neptune/image_20241106_110955_13.jpg",
    "conversations": [
      {
        "from": "human",
        "value": "<image>\nWhat is this celestial body called?"
      },
      {
        "from": "gpt",
        "value": "Neptune"
      }
    ]
  },
  {
    "id": "200094",
    "image": "downloaded_images/Astronomy/Neptune/image_20241106_111033_17.jpg",
    "conversations": [
      {
        "from": "human",
        "value": "<image>\nWhat is this celestial body called?"
      },
      {
        "from": "gpt",
        "value": "Neptune"
      }
    ]
  },
  {
    "id": "200095",
    "image": "downloaded_images/Astronomy/Neptune/image_20241106_110918_9.jpg",
    "conversations": [
      {
        "from": "human",
        "value": "<image>\nWhat is this celestial body called?"
      },
      {
        "from": "gpt",
        "value": "Neptune"
      }
    ]
  },
  {
    "id": "200096",
    "image": "downloaded_images/Astronomy/Neptune/image_20241106_110842_5.jpg",
    "conversations": [
      {
        "from": "human",
        "value": "<image>\nWhat is this celestial body called?"
      },
      {
        "from": "gpt",
        "value": "Neptune"
      }
    ]
  },
  {
    "id": "200112",
    "image": "downloaded_images/Astronomy/Neptune/image_20241106_111147_23.jpg",
    "conversations": [
      {
        "from": "human",
        "value": "<image>\nWhat is the orbital period of this planet around the Sun?"
      },
      {
        "from": "gpt",
        "value": "Neptune takes about 165 Earth years to complete one orbit around the Sun."
      }
    ]
  },
  {
    "id": "200113",
    "image": "downloaded_images/Astronomy/Neptune/image_20241106_111050_19.jpg",
    "conversations": [
      {
        "from": "human",
        "value": "<image>\nWhat is the orbital period of this planet around the Sun?"
      },
      {
        "from": "gpt",
        "value": "Neptune takes about 165 Earth years to complete one orbit around the Sun."
      }
    ]
  },
  {
    "id": "200114",
    "image": "downloaded_images/Astronomy/Neptune/image_20241106_110805_1.jpg",
    "conversations": [
      {
        "from": "human",
        "value": "<image>\nWhat is the orbital period of this planet around the Sun?"
      },
      {
        "from": "gpt",
        "value": "Neptune takes about 165 Earth years to complete one orbit around the Sun."
      }
    ]
  },
  {
    "id": "200115",
    "image": "downloaded_images/Astronomy/Neptune/image_20241106_111227_25.jpg",
    "conversations": [
      {
        "from": "human",
        "value": "<image>\nWhat is the orbital period of this planet around the Sun?"
      },
      {
        "from": "gpt",
        "value": "Neptune takes about 165 Earth years to complete one orbit around the Sun."
      }
    ]
  },
  {
    "id": "200116",
    "image": "downloaded_images/Astronomy/Neptune/image_20241017_203403_13.jpg",
    "conversations": [
      {
        "from": "human",
        "value": "<image>\nWhat is the orbital period of this planet around the Sun?"
      },
      {
        "from": "gpt",
        "value": "Neptune takes about 165 Earth years to complete one orbit around the Sun."
      }
    ]
  },
  {
    "id": "300087",
    "image": "downloaded_images/Astronomy/Neptune/image_20241017_203233_5.jpg",
    "conversations": [
      {
        "from": "human",
        "value": "<image>\nHow is this planet referred to?"
      },
      {
        "from": "gpt",
        "value": "Neptune"
      }
    ]
  },
  {
    "id": "300091",
    "image": "downloaded_images/Astronomy/Neptune/image_20241017_203233_5.jpg",
    "conversations": [
      {
        "from": "human",
        "value": "<image>\nHow many Earth years does it take for this planet to orbit the Sun?"
      },
      {
        "from": "gpt",
        "value": "Neptune takes about 165 Earth years to complete one orbit around the Sun."
      }
    ]
  },
  {
    "id": "300092",
    "image": "downloaded_images/Astronomy/Neptune/image_20241106_110805_1.jpg",
    "conversations": [
      {
        "from": "human",
        "value": "<image>\nHow is this planet referred to?"
      },
      {
        "from": "gpt",
        "value": "Neptune"
      }
    ]
  },
  {
    "id": "300093",
    "image": "downloaded_images/Astronomy/Neptune/image_20241106_110955_13.jpg",
    "conversations": [
      {
        "from": "human",
        "value": "<image>\nHow is this planet referred to?"
      },
      {
        "from": "gpt",
        "value": "Neptune"
      }
    ]
  },
  {
    "id": "300094",
    "image": "downloaded_images/Astronomy/Neptune/image_20241106_111033_17.jpg",
    "conversations": [
      {
        "from": "human",
        "value": "<image>\nHow is this planet referred to?"
      },
      {
        "from": "gpt",
        "value": "Neptune"
      }
    ]
  },
  {
    "id": "300095",
    "image": "downloaded_images/Astronomy/Neptune/image_20241106_110918_9.jpg",
    "conversations": [
      {
        "from": "human",
        "value": "<image>\nHow is this planet referred to?"
      },
      {
        "from": "gpt",
        "value": "Neptune"
      }
    ]
  },
  {
    "id": "300096",
    "image": "downloaded_images/Astronomy/Neptune/image_20241106_110842_5.jpg",
    "conversations": [
      {
        "from": "human",
        "value": "<image>\nHow is this planet referred to?"
      },
      {
        "from": "gpt",
        "value": "Neptune"
      }
    ]
  },
  {
    "id": "300112",
    "image": "downloaded_images/Astronomy/Neptune/image_20241106_111147_23.jpg",
    "conversations": [
      {
        "from": "human",
        "value": "<image>\nHow many Earth years does it take for this planet to orbit the Sun?"
      },
      {
        "from": "gpt",
        "value": "Neptune takes about 165 Earth years to complete one orbit around the Sun."
      }
    ]
  },
  {
    "id": "300113",
    "image": "downloaded_images/Astronomy/Neptune/image_20241106_111050_19.jpg",
    "conversations": [
      {
        "from": "human",
        "value": "<image>\nHow many Earth years does it take for this planet to orbit the Sun?"
      },
      {
        "from": "gpt",
        "value": "Neptune takes about 165 Earth years to complete one orbit around the Sun."
      }
    ]
  },
  {
    "id": "300114",
    "image": "downloaded_images/Astronomy/Neptune/image_20241106_110805_1.jpg",
    "conversations": [
      {
        "from": "human",
        "value": "<image>\nHow many Earth years does it take for this planet to orbit the Sun?"
      },
      {
        "from": "gpt",
        "value": "Neptune takes about 165 Earth years to complete one orbit around the Sun."
      }
    ]
  },
  {
    "id": "300115",
    "image": "downloaded_images/Astronomy/Neptune/image_20241106_111227_25.jpg",
    "conversations": [
      {
        "from": "human",
        "value": "<image>\nHow many Earth years does it take for this planet to orbit the Sun?"
      },
      {
        "from": "gpt",
        "value": "Neptune takes about 165 Earth years to complete one orbit around the Sun."
      }
    ]
  },
  {
    "id": "300116",
    "image": "downloaded_images/Astronomy/Neptune/image_20241017_203403_13.jpg",
    "conversations": [
      {
        "from": "human",
        "value": "<image>\nHow many Earth years does it take for this planet to orbit the Sun?"
      },
      {
        "from": "gpt",
        "value": "Neptune takes about 165 Earth years to complete one orbit around the Sun."
      }
    ]
  },
  {
    "id": "400087",
    "image": "downloaded_images/Astronomy/Neptune/image_20241017_203233_5.jpg",
    "conversations": [
      {
        "from": "human",
        "value": "<image>\nWhat is the common name for this planet?"
      },
      {
        "from": "gpt",
        "value": "Neptune"
      }
    ]
  },
  {
    "id": "400091",
    "image": "downloaded_images/Astronomy/Neptune/image_20241017_203233_5.jpg",
    "conversations": [
      {
        "from": "human",
        "value": "<image>\nWhat is the duration of this planet's orbit around the Sun?"
      },
      {
        "from": "gpt",
        "value": "Neptune takes about 165 Earth years to complete one orbit around the Sun."
      }
    ]
  },
  {
    "id": "400092",
    "image": "downloaded_images/Astronomy/Neptune/image_20241106_110805_1.jpg",
    "conversations": [
      {
        "from": "human",
        "value": "<image>\nWhat is the common name for this planet?"
      },
      {
        "from": "gpt",
        "value": "Neptune"
      }
    ]
  },
  {
    "id": "400093",
    "image": "downloaded_images/Astronomy/Neptune/image_20241106_110955_13.jpg",
    "conversations": [
      {
        "from": "human",
        "value": "<image>\nWhat is the common name for this planet?"
      },
      {
        "from": "gpt",
        "value": "Neptune"
      }
    ]
  },
  {
    "id": "400094",
    "image": "downloaded_images/Astronomy/Neptune/image_20241106_111033_17.jpg",
    "conversations": [
      {
        "from": "human",
        "value": "<image>\nWhat is the common name for this planet?"
      },
      {
        "from": "gpt",
        "value": "Neptune"
      }
    ]
  },
  {
    "id": "400095",
    "image": "downloaded_images/Astronomy/Neptune/image_20241106_110918_9.jpg",
    "conversations": [
      {
        "from": "human",
        "value": "<image>\nWhat is the common name for this planet?"
      },
      {
        "from": "gpt",
        "value": "Neptune"
      }
    ]
  },
  {
    "id": "400096",
    "image": "downloaded_images/Astronomy/Neptune/image_20241106_110842_5.jpg",
    "conversations": [
      {
        "from": "human",
        "value": "<image>\nWhat is the common name for this planet?"
      },
      {
        "from": "gpt",
        "value": "Neptune"
      }
    ]
  },
  {
    "id": "400112",
    "image": "downloaded_images/Astronomy/Neptune/image_20241106_111147_23.jpg",
    "conversations": [
      {
        "from": "human",
        "value": "<image>\nWhat is the duration of this planet's orbit around the Sun?"
      },
      {
        "from": "gpt",
        "value": "Neptune takes about 165 Earth years to complete one orbit around the Sun."
      }
    ]
  },
  {
    "id": "400113",
    "image": "downloaded_images/Astronomy/Neptune/image_20241106_111050_19.jpg",
    "conversations": [
      {
        "from": "human",
        "value": "<image>\nWhat is the duration of this planet's orbit around the Sun?"
      },
      {
        "from": "gpt",
        "value": "Neptune takes about 165 Earth years to complete one orbit around the Sun."
      }
    ]
  },
  {
    "id": "400114",
    "image": "downloaded_images/Astronomy/Neptune/image_20241106_110805_1.jpg",
    "conversations": [
      {
        "from": "human",
        "value": "<image>\nWhat is the duration of this planet's orbit around the Sun?"
      },
      {
        "from": "gpt",
        "value": "Neptune takes about 165 Earth years to complete one orbit around the Sun."
      }
    ]
  },
  {
    "id": "400115",
    "image": "downloaded_images/Astronomy/Neptune/image_20241106_111227_25.jpg",
    "conversations": [
      {
        "from": "human",
        "value": "<image>\nWhat is the duration of this planet's orbit around the Sun?"
      },
      {
        "from": "gpt",
        "value": "Neptune takes about 165 Earth years to complete one orbit around the Sun."
      }
    ]
  },
  {
    "id": "400116",
    "image": "downloaded_images/Astronomy/Neptune/image_20241017_203403_13.jpg",
    "conversations": [
      {
        "from": "human",
        "value": "<image>\nWhat is the duration of this planet's orbit around the Sun?"
      },
      {
        "from": "gpt",
        "value": "Neptune takes about 165 Earth years to complete one orbit around the Sun."
      }
    ]
  }
]