[
  {
    "id": "51",
    "image": "downloaded_images/Personage/Barack_Obama/image_20241018_220347_9.jpg",
    "conversations": [
      {
        "from": "human",
        "value": "<image>\nWhat is this person's name?"
      },
      {
        "from": "gpt",
        "value": "Barack Obama"
      }
    ]
  },
  {
    "id": "52",
    "image": "downloaded_images/Personage/Barack_Obama/image_20241018_220412_12.jpg",
    "conversations": [
      {
        "from": "human",
        "value": "<image>\nWhen and where was this person born?"
      },
      {
        "from": "gpt",
        "value": "Barack Obama was born on August 4, 1961, in Honolulu, Hawaii, USA."
      }
    ]
  },
  {
    "id": "53",
    "image": "downloaded_images/Personage/Barack_Obama/image_20241018_220647_24.jpg",
    "conversations": [
      {
        "from": "human",
        "value": "<image>\nWhat is this person's profession?"
      },
      {
        "from": "gpt",
        "value": "Barack Obama is a politician, attorney, and author. He served as the 44th President of the United States from 2009 to 2017."
      }
    ]
  },
  {
    "id": "54",
    "image": "downloaded_images/Personage/Barack_Obama/image_20241018_220355_10.jpg",
    "conversations": [
      {
        "from": "human",
        "value": "<image>\nWhat are the famous works or achievements of this person?"
      },
      {
        "from": "gpt",
        "value": "Some of Barack Obama's notable achievements include:\n   - Being the first African American president of the United States.\n   - The passage of the Affordable Care Act (ACA), also known as \"Obamacare,\" which aimed to expand healthcare coverage.\n   - Winning the Nobel Peace Prize in 2009 for his efforts to strengthen international diplomacy and cooperation between peoples.\n   - His administration's focus on climate change, including the signing of the Paris Agreement in 2016.\n   - Authoring several books, including \"Dreams from My Father\" and \"A Promised Land.\""
      }
    ]
  },
  {
    "id": "55",
    "image": "downloaded_images/Personage/Barack_Obama/image_20241018_220242_2.jpg",
    "conversations": [
      {
        "from": "human",
        "value": "<image>\nWhat contributions has this person made to society or industry?"
      },
      {
        "from": "gpt",
        "value": "Barack Obama has made significant contributions to society through his advocacy for healthcare reform, education, and social justice. His presidency emphasized inclusivity and diversity, and he worked to improve relations with various countries. After leaving office, he has continued to engage in public speaking, writing, and community organizing, focusing on issues such as climate change, democracy, and civic engagement through initiatives like the Obama Foundation."
      }
    ]
  },
  {
    "id": "56",
    "image": "downloaded_images/Personage/Barack_Obama/image_20241107_180419_22.jpg",
    "conversations": [
      {
        "from": "human",
        "value": "<image>\nWhat is this person's name?"
      },
      {
        "from": "gpt",
        "value": "Barack Obama"
      }
    ]
  },
  {
    "id": "57",
    "image": "downloaded_images/Personage/Barack_Obama/image_20241107_180241_13.jpg",
    "conversations": [
      {
        "from": "human",
        "value": "<image>\nWhat is this person's name?"
      },
      {
        "from": "gpt",
        "value": "Barack Obama"
      }
    ]
  },
  {
    "id": "58",
    "image": "downloaded_images/Personage/Barack_Obama/image_20241107_180529_30.jpg",
    "conversations": [
      {
        "from": "human",
        "value": "<image>\nWhat is this person's name?"
      },
      {
        "from": "gpt",
        "value": "Barack Obama"
      }
    ]
  },
  {
    "id": "59",
    "image": "downloaded_images/Personage/Barack_Obama/image_20241107_180436_24.jpg",
    "conversations": [
      {
        "from": "human",
        "value": "<image>\nWhat is this person's name?"
      },
      {
        "from": "gpt",
        "value": "Barack Obama"
      }
    ]
  },
  {
    "id": "60",
    "image": "downloaded_images/Personage/Barack_Obama/image_20241018_220636_23.jpg",
    "conversations": [
      {
        "from": "human",
        "value": "<image>\nWhat is this person's name?"
      },
      {
        "from": "gpt",
        "value": "Barack Obama"
      }
    ]
  },
  {
    "id": "61",
    "image": "downloaded_images/Personage/Barack_Obama/image_20241107_180232_12.jpg",
    "conversations": [
      {
        "from": "human",
        "value": "<image>\nWhen and where was this person born?"
      },
      {
        "from": "gpt",
        "value": "Barack Obama was born on August 4, 1961, in Honolulu, Hawaii, USA."
      }
    ]
  },
  {
    "id": "62",
    "image": "downloaded_images/Personage/Barack_Obama/image_20241107_180140_6.jpg",
    "conversations": [
      {
        "from": "human",
        "value": "<image>\nWhen and where was this person born?"
      },
      {
        "from": "gpt",
        "value": "Barack Obama was born on August 4, 1961, in Honolulu, Hawaii, USA."
      }
    ]
  },
  {
    "id": "63",
    "image": "downloaded_images/Personage/Barack_Obama/image_20241107_180436_24.jpg",
    "conversations": [
      {
        "from": "human",
        "value": "<image>\nWhen and where was this person born?"
      },
      {
        "from": "gpt",
        "value": "Barack Obama was born on August 4, 1961, in Honolulu, Hawaii, USA."
      }
    ]
  },
  {
    "id": "64",
    "image": "downloaded_images/Personage/Barack_Obama/image_20241107_180224_11.jpg",
    "conversations": [
      {
        "from": "human",
        "value": "<image>\nWhen and where was this person born?"
      },
      {
        "from": "gpt",
        "value": "Barack Obama was born on August 4, 1961, in Honolulu, Hawaii, USA."
      }
    ]
  },
  {
    "id": "65",
    "image": "downloaded_images/Personage/Barack_Obama/image_20241107_180354_19.jpg",
    "conversations": [
      {
        "from": "human",
        "value": "<image>\nWhen and where was this person born?"
      },
      {
        "from": "gpt",
        "value": "Barack Obama was born on August 4, 1961, in Honolulu, Hawaii, USA."
      }
    ]
  },
  {
    "id": "66",
    "image": "downloaded_images/Personage/Barack_Obama/image_20241107_180113_3.jpg",
    "conversations": [
      {
        "from": "human",
        "value": "<image>\nWhat is this person's profession?"
      },
      {
        "from": "gpt",
        "value": "Barack Obama is a politician, attorney, and author. He served as the 44th President of the United States from 2009 to 2017."
      }
    ]
  },
  {
    "id": "67",
    "image": "downloaded_images/Personage/Barack_Obama/image_20241018_220242_2.jpg",
    "conversations": [
      {
        "from": "human",
        "value": "<image>\nWhat is this person's profession?"
      },
      {
        "from": "gpt",
        "value": "Barack Obama is a politician, attorney, and author. He served as the 44th President of the United States from 2009 to 2017."
      }
    ]
  },
  {
    "id": "68",
    "image": "downloaded_images/Personage/Barack_Obama/image_20241107_180055_1.jpg",
    "conversations": [
      {
        "from": "human",
        "value": "<image>\nWhat is this person's profession?"
      },
      {
        "from": "gpt",
        "value": "Barack Obama is a politician, attorney, and author. He served as the 44th President of the United States from 2009 to 2017."
      }
    ]
  },
  {
    "id": "69",
    "image": "downloaded_images/Personage/Barack_Obama/image_20241107_180328_16.jpg",
    "conversations": [
      {
        "from": "human",
        "value": "<image>\nWhat is this person's profession?"
      },
      {
        "from": "gpt",
        "value": "Barack Obama is a politician, attorney, and author. He served as the 44th President of the United States from 2009 to 2017."
      }
    ]
  },
  {
    "id": "70",
    "image": "downloaded_images/Personage/Barack_Obama/image_20241107_180402_20.jpg",
    "conversations": [
      {
        "from": "human",
        "value": "<image>\nWhat is this person's profession?"
      },
      {
        "from": "gpt",
        "value": "Barack Obama is a politician, attorney, and author. He served as the 44th President of the United States from 2009 to 2017."
      }
    ]
  },
  {
    "id": "71",
    "image": "downloaded_images/Personage/Barack_Obama/image_20241107_180241_13.jpg",
    "conversations": [
      {
        "from": "human",
        "value": "<image>\nWhat are the famous works or achievements of this person?"
      },
      {
        "from": "gpt",
        "value": "Some of Barack Obama's notable achievements include:\n   - Being the first African American president of the United States.\n   - The passage of the Affordable Care Act (ACA), also known as \"Obamacare,\" which aimed to expand healthcare coverage.\n   - Winning the Nobel Peace Prize in 2009 for his efforts to strengthen international diplomacy and cooperation between peoples.\n   - His administration's focus on climate change, including the signing of the Paris Agreement in 2016.\n   - Authoring several books, including \"Dreams from My Father\" and \"A Promised Land.\""
      }
    ]
  },
  {
    "id": "72",
    "image": "downloaded_images/Personage/Barack_Obama/image_20241018_220636_23.jpg",
    "conversations": [
      {
        "from": "human",
        "value": "<image>\nWhat are the famous works or achievements of this person?"
      },
      {
        "from": "gpt",
        "value": "Some of Barack Obama's notable achievements include:\n   - Being the first African American president of the United States.\n   - The passage of the Affordable Care Act (ACA), also known as \"Obamacare,\" which aimed to expand healthcare coverage.\n   - Winning the Nobel Peace Prize in 2009 for his efforts to strengthen international diplomacy and cooperation between peoples.\n   - His administration's focus on climate change, including the signing of the Paris Agreement in 2016.\n   - Authoring several books, including \"Dreams from My Father\" and \"A Promised Land.\""
      }
    ]
  },
  {
    "id": "73",
    "image": "downloaded_images/Personage/Barack_Obama/image_20241107_180232_12.jpg",
    "conversations": [
      {
        "from": "human",
        "value": "<image>\nWhat are the famous works or achievements of this person?"
      },
      {
        "from": "gpt",
        "value": "Some of Barack Obama's notable achievements include:\n   - Being the first African American president of the United States.\n   - The passage of the Affordable Care Act (ACA), also known as \"Obamacare,\" which aimed to expand healthcare coverage.\n   - Winning the Nobel Peace Prize in 2009 for his efforts to strengthen international diplomacy and cooperation between peoples.\n   - His administration's focus on climate change, including the signing of the Paris Agreement in 2016.\n   - Authoring several books, including \"Dreams from My Father\" and \"A Promised Land.\""
      }
    ]
  },
  {
    "id": "74",
    "image": "downloaded_images/Personage/Barack_Obama/image_20241107_180055_1.jpg",
    "conversations": [
      {
        "from": "human",
        "value": "<image>\nWhat are the famous works or achievements of this person?"
      },
      {
        "from": "gpt",
        "value": "Some of Barack Obama's notable achievements include:\n   - Being the first African American president of the United States.\n   - The passage of the Affordable Care Act (ACA), also known as \"Obamacare,\" which aimed to expand healthcare coverage.\n   - Winning the Nobel Peace Prize in 2009 for his efforts to strengthen international diplomacy and cooperation between peoples.\n   - His administration's focus on climate change, including the signing of the Paris Agreement in 2016.\n   - Authoring several books, including \"Dreams from My Father\" and \"A Promised Land.\""
      }
    ]
  },
  {
    "id": "75",
    "image": "downloaded_images/Personage/Barack_Obama/image_20241018_220252_3.jpg",
    "conversations": [
      {
        "from": "human",
        "value": "<image>\nWhat are the famous works or achievements of this person?"
      },
      {
        "from": "gpt",
        "value": "Some of Barack Obama's notable achievements include:\n   - Being the first African American president of the United States.\n   - The passage of the Affordable Care Act (ACA), also known as \"Obamacare,\" which aimed to expand healthcare coverage.\n   - Winning the Nobel Peace Prize in 2009 for his efforts to strengthen international diplomacy and cooperation between peoples.\n   - His administration's focus on climate change, including the signing of the Paris Agreement in 2016.\n   - Authoring several books, including \"Dreams from My Father\" and \"A Promised Land.\""
      }
    ]
  },
  {
    "id": "76",
    "image": "downloaded_images/Personage/Barack_Obama/image_20241107_180130_5.jpg",
    "conversations": [
      {
        "from": "human",
        "value": "<image>\nWhat contributions has this person made to society or industry?"
      },
      {
        "from": "gpt",
        "value": "Barack Obama has made significant contributions to society through his advocacy for healthcare reform, education, and social justice. His presidency emphasized inclusivity and diversity, and he worked to improve relations with various countries. After leaving office, he has continued to engage in public speaking, writing, and community organizing, focusing on issues such as climate change, democracy, and civic engagement through initiatives like the Obama Foundation."
      }
    ]
  },
  {
    "id": "77",
    "image": "downloaded_images/Personage/Barack_Obama/image_20241107_180232_12.jpg",
    "conversations": [
      {
        "from": "human",
        "value": "<image>\nWhat contributions has this person made to society or industry?"
      },
      {
        "from": "gpt",
        "value": "Barack Obama has made significant contributions to society through his advocacy for healthcare reform, education, and social justice. His presidency emphasized inclusivity and diversity, and he worked to improve relations with various countries. After leaving office, he has continued to engage in public speaking, writing, and community organizing, focusing on issues such as climate change, democracy, and civic engagement through initiatives like the Obama Foundation."
      }
    ]
  },
  {
    "id": "78",
    "image": "downloaded_images/Personage/Barack_Obama/image_20241107_180454_26.jpg",
    "conversations": [
      {
        "from": "human",
        "value": "<image>\nWhat contributions has this person made to society or industry?"
      },
      {
        "from": "gpt",
        "value": "Barack Obama has made significant contributions to society through his advocacy for healthcare reform, education, and social justice. His presidency emphasized inclusivity and diversity, and he worked to improve relations with various countries. After leaving office, he has continued to engage in public speaking, writing, and community organizing, focusing on issues such as climate change, democracy, and civic engagement through initiatives like the Obama Foundation."
      }
    ]
  },
  {
    "id": "79",
    "image": "downloaded_images/Personage/Barack_Obama/image_20241018_220300_4.jpg",
    "conversations": [
      {
        "from": "human",
        "value": "<image>\nWhat contributions has this person made to society or industry?"
      },
      {
        "from": "gpt",
        "value": "Barack Obama has made significant contributions to society through his advocacy for healthcare reform, education, and social justice. His presidency emphasized inclusivity and diversity, and he worked to improve relations with various countries. After leaving office, he has continued to engage in public speaking, writing, and community organizing, focusing on issues such as climate change, democracy, and civic engagement through initiatives like the Obama Foundation."
      }
    ]
  },
  {
    "id": "80",
    "image": "downloaded_images/Personage/Barack_Obama/image_20241107_180529_30.jpg",
    "conversations": [
      {
        "from": "human",
        "value": "<image>\nWhat contributions has this person made to society or industry?"
      },
      {
        "from": "gpt",
        "value": "Barack Obama has made significant contributions to society through his advocacy for healthcare reform, education, and social justice. His presidency emphasized inclusivity and diversity, and he worked to improve relations with various countries. After leaving office, he has continued to engage in public speaking, writing, and community organizing, focusing on issues such as climate change, democracy, and civic engagement through initiatives like the Obama Foundation."
      }
    ]
  },
  {
    "id": "100051",
    "image": "downloaded_images/Personage/Barack_Obama/image_20241018_220347_9.jpg",
    "conversations": [
      {
        "from": "human",
        "value": "<image>\nWhat is the name of this individual?"
      },
      {
        "from": "gpt",
        "value": "Barack Obama"
      }
    ]
  },
  {
    "id": "100052",
    "image": "downloaded_images/Personage/Barack_Obama/image_20241018_220412_12.jpg",
    "conversations": [
      {
        "from": "human",
        "value": "<image>\nWhen and where was this individual born?"
      },
      {
        "from": "gpt",
        "value": "Barack Obama was born on August 4, 1961, in Honolulu, Hawaii, USA."
      }
    ]
  },
  {
    "id": "100053",
    "image": "downloaded_images/Personage/Barack_Obama/image_20241018_220647_24.jpg",
    "conversations": [
      {
        "from": "human",
        "value": "<image>\nWhat is this individual's occupation?"
      },
      {
        "from": "gpt",
        "value": "Barack Obama is a politician, attorney, and author. He served as the 44th President of the United States from 2009 to 2017."
      }
    ]
  },
  {
    "id": "100054",
    "image": "downloaded_images/Personage/Barack_Obama/image_20241018_220355_10.jpg",
    "conversations": [
      {
        "from": "human",
        "value": "<image>\nWhat are this person's notable works or achievements?"
      },
      {
        "from": "gpt",
        "value": "Some of Barack Obama's notable achievements include:\n   - Being the first African American president of the United States.\n   - The passage of the Affordable Care Act (ACA), also known as \"Obamacare,\" which aimed to expand healthcare coverage.\n   - Winning the Nobel Peace Prize in 2009 for his efforts to strengthen international diplomacy and cooperation between peoples.\n   - His administration's focus on climate change, including the signing of the Paris Agreement in 2016.\n   - Authoring several books, including \"Dreams from My Father\" and \"A Promised Land.\""
      }
    ]
  },
  {
    "id": "100055",
    "image": "downloaded_images/Personage/Barack_Obama/image_20241018_220242_2.jpg",
    "conversations": [
      {
        "from": "human",
        "value": "<image>\nHow has this person contributed to society or their industry?"
      },
      {
        "from": "gpt",
        "value": "Barack Obama has made significant contributions to society through his advocacy for healthcare reform, education, and social justice. His presidency emphasized inclusivity and diversity, and he worked to improve relations with various countries. After leaving office, he has continued to engage in public speaking, writing, and community organizing, focusing on issues such as climate change, democracy, and civic engagement through initiatives like the Obama Foundation."
      }
    ]
  },
  {
    "id": "100056",
    "image": "downloaded_images/Personage/Barack_Obama/image_20241107_180419_22.jpg",
    "conversations": [
      {
        "from": "human",
        "value": "<image>\nWhat is the name of this individual?"
      },
      {
        "from": "gpt",
        "value": "Barack Obama"
      }
    ]
  },
  {
    "id": "100057",
    "image": "downloaded_images/Personage/Barack_Obama/image_20241107_180241_13.jpg",
    "conversations": [
      {
        "from": "human",
        "value": "<image>\nWhat is the name of this individual?"
      },
      {
        "from": "gpt",
        "value": "Barack Obama"
      }
    ]
  },
  {
    "id": "100058",
    "image": "downloaded_images/Personage/Barack_Obama/image_20241107_180529_30.jpg",
    "conversations": [
      {
        "from": "human",
        "value": "<image>\nWhat is the name of this individual?"
      },
      {
        "from": "gpt",
        "value": "Barack Obama"
      }
    ]
  },
  {
    "id": "100059",
    "image": "downloaded_images/Personage/Barack_Obama/image_20241107_180436_24.jpg",
    "conversations": [
      {
        "from": "human",
        "value": "<image>\nWhat is the name of this individual?"
      },
      {
        "from": "gpt",
        "value": "Barack Obama"
      }
    ]
  },
  {
    "id": "100060",
    "image": "downloaded_images/Personage/Barack_Obama/image_20241018_220636_23.jpg",
    "conversations": [
      {
        "from": "human",
        "value": "<image>\nWhat is the name of this individual?"
      },
      {
        "from": "gpt",
        "value": "Barack Obama"
      }
    ]
  },
  {
    "id": "100061",
    "image": "downloaded_images/Personage/Barack_Obama/image_20241107_180232_12.jpg",
    "conversations": [
      {
        "from": "human",
        "value": "<image>\nWhen and where was this individual born?"
      },
      {
        "from": "gpt",
        "value": "Barack Obama was born on August 4, 1961, in Honolulu, Hawaii, USA."
      }
    ]
  },
  {
    "id": "100062",
    "image": "downloaded_images/Personage/Barack_Obama/image_20241107_180140_6.jpg",
    "conversations": [
      {
        "from": "human",
        "value": "<image>\nWhen and where was this individual born?"
      },
      {
        "from": "gpt",
        "value": "Barack Obama was born on August 4, 1961, in Honolulu, Hawaii, USA."
      }
    ]
  },
  {
    "id": "100063",
    "image": "downloaded_images/Personage/Barack_Obama/image_20241107_180436_24.jpg",
    "conversations": [
      {
        "from": "human",
        "value": "<image>\nWhen and where was this individual born?"
      },
      {
        "from": "gpt",
        "value": "Barack Obama was born on August 4, 1961, in Honolulu, Hawaii, USA."
      }
    ]
  },
  {
    "id": "100064",
    "image": "downloaded_images/Personage/Barack_Obama/image_20241107_180224_11.jpg",
    "conversations": [
      {
        "from": "human",
        "value": "<image>\nWhen and where was this individual born?"
      },
      {
        "from": "gpt",
        "value": "Barack Obama was born on August 4, 1961, in Honolulu, Hawaii, USA."
      }
    ]
  },
  {
    "id": "100065",
    "image": "downloaded_images/Personage/Barack_Obama/image_20241107_180354_19.jpg",
    "conversations": [
      {
        "from": "human",
        "value": "<image>\nWhen and where was this individual born?"
      },
      {
        "from": "gpt",
        "value": "Barack Obama was born on August 4, 1961, in Honolulu, Hawaii, USA."
      }
    ]
  },
  {
    "id": "100066",
    "image": "downloaded_images/Personage/Barack_Obama/image_20241107_180113_3.jpg",
    "conversations": [
      {
        "from": "human",
        "value": "<image>\nWhat is this individual's occupation?"
      },
      {
        "from": "gpt",
        "value": "Barack Obama is a politician, attorney, and author. He served as the 44th President of the United States from 2009 to 2017."
      }
    ]
  },
  {
    "id": "100067",
    "image": "downloaded_images/Personage/Barack_Obama/image_20241018_220242_2.jpg",
    "conversations": [
      {
        "from": "human",
        "value": "<image>\nWhat is this individual's occupation?"
      },
      {
        "from": "gpt",
        "value": "Barack Obama is a politician, attorney, and author. He served as the 44th President of the United States from 2009 to 2017."
      }
    ]
  },
  {
    "id": "100068",
    "image": "downloaded_images/Personage/Barack_Obama/image_20241107_180055_1.jpg",
    "conversations": [
      {
        "from": "human",
        "value": "<image>\nWhat is this individual's occupation?"
      },
      {
        "from": "gpt",
        "value": "Barack Obama is a politician, attorney, and author. He served as the 44th President of the United States from 2009 to 2017."
      }
    ]
  },
  {
    "id": "100069",
    "image": "downloaded_images/Personage/Barack_Obama/image_20241107_180328_16.jpg",
    "conversations": [
      {
        "from": "human",
        "value": "<image>\nWhat is this individual's occupation?"
      },
      {
        "from": "gpt",
        "value": "Barack Obama is a politician, attorney, and author. He served as the 44th President of the United States from 2009 to 2017."
      }
    ]
  },
  {
    "id": "100070",
    "image": "downloaded_images/Personage/Barack_Obama/image_20241107_180402_20.jpg",
    "conversations": [
      {
        "from": "human",
        "value": "<image>\nWhat is this individual's occupation?"
      },
      {
        "from": "gpt",
        "value": "Barack Obama is a politician, attorney, and author. He served as the 44th President of the United States from 2009 to 2017."
      }
    ]
  },
  {
    "id": "100071",
    "image": "downloaded_images/Personage/Barack_Obama/image_20241107_180241_13.jpg",
    "conversations": [
      {
        "from": "human",
        "value": "<image>\nWhat are this person's notable works or achievements?"
      },
      {
        "from": "gpt",
        "value": "Some of Barack Obama's notable achievements include:\n   - Being the first African American president of the United States.\n   - The passage of the Affordable Care Act (ACA), also known as \"Obamacare,\" which aimed to expand healthcare coverage.\n   - Winning the Nobel Peace Prize in 2009 for his efforts to strengthen international diplomacy and cooperation between peoples.\n   - His administration's focus on climate change, including the signing of the Paris Agreement in 2016.\n   - Authoring several books, including \"Dreams from My Father\" and \"A Promised Land.\""
      }
    ]
  },
  {
    "id": "100072",
    "image": "downloaded_images/Personage/Barack_Obama/image_20241018_220636_23.jpg",
    "conversations": [
      {
        "from": "human",
        "value": "<image>\nWhat are this person's notable works or achievements?"
      },
      {
        "from": "gpt",
        "value": "Some of Barack Obama's notable achievements include:\n   - Being the first African American president of the United States.\n   - The passage of the Affordable Care Act (ACA), also known as \"Obamacare,\" which aimed to expand healthcare coverage.\n   - Winning the Nobel Peace Prize in 2009 for his efforts to strengthen international diplomacy and cooperation between peoples.\n   - His administration's focus on climate change, including the signing of the Paris Agreement in 2016.\n   - Authoring several books, including \"Dreams from My Father\" and \"A Promised Land.\""
      }
    ]
  },
  {
    "id": "100073",
    "image": "downloaded_images/Personage/Barack_Obama/image_20241107_180232_12.jpg",
    "conversations": [
      {
        "from": "human",
        "value": "<image>\nWhat are this person's notable works or achievements?"
      },
      {
        "from": "gpt",
        "value": "Some of Barack Obama's notable achievements include:\n   - Being the first African American president of the United States.\n   - The passage of the Affordable Care Act (ACA), also known as \"Obamacare,\" which aimed to expand healthcare coverage.\n   - Winning the Nobel Peace Prize in 2009 for his efforts to strengthen international diplomacy and cooperation between peoples.\n   - His administration's focus on climate change, including the signing of the Paris Agreement in 2016.\n   - Authoring several books, including \"Dreams from My Father\" and \"A Promised Land.\""
      }
    ]
  },
  {
    "id": "100074",
    "image": "downloaded_images/Personage/Barack_Obama/image_20241107_180055_1.jpg",
    "conversations": [
      {
        "from": "human",
        "value": "<image>\nWhat are this person's notable works or achievements?"
      },
      {
        "from": "gpt",
        "value": "Some of Barack Obama's notable achievements include:\n   - Being the first African American president of the United States.\n   - The passage of the Affordable Care Act (ACA), also known as \"Obamacare,\" which aimed to expand healthcare coverage.\n   - Winning the Nobel Peace Prize in 2009 for his efforts to strengthen international diplomacy and cooperation between peoples.\n   - His administration's focus on climate change, including the signing of the Paris Agreement in 2016.\n   - Authoring several books, including \"Dreams from My Father\" and \"A Promised Land.\""
      }
    ]
  },
  {
    "id": "100075",
    "image": "downloaded_images/Personage/Barack_Obama/image_20241018_220252_3.jpg",
    "conversations": [
      {
        "from": "human",
        "value": "<image>\nWhat are this person's notable works or achievements?"
      },
      {
        "from": "gpt",
        "value": "Some of Barack Obama's notable achievements include:\n   - Being the first African American president of the United States.\n   - The passage of the Affordable Care Act (ACA), also known as \"Obamacare,\" which aimed to expand healthcare coverage.\n   - Winning the Nobel Peace Prize in 2009 for his efforts to strengthen international diplomacy and cooperation between peoples.\n   - His administration's focus on climate change, including the signing of the Paris Agreement in 2016.\n   - Authoring several books, including \"Dreams from My Father\" and \"A Promised Land.\""
      }
    ]
  },
  {
    "id": "100076",
    "image": "downloaded_images/Personage/Barack_Obama/image_20241107_180130_5.jpg",
    "conversations": [
      {
        "from": "human",
        "value": "<image>\nHow has this person contributed to society or their industry?"
      },
      {
        "from": "gpt",
        "value": "Barack Obama has made significant contributions to society through his advocacy for healthcare reform, education, and social justice. His presidency emphasized inclusivity and diversity, and he worked to improve relations with various countries. After leaving office, he has continued to engage in public speaking, writing, and community organizing, focusing on issues such as climate change, democracy, and civic engagement through initiatives like the Obama Foundation."
      }
    ]
  },
  {
    "id": "100077",
    "image": "downloaded_images/Personage/Barack_Obama/image_20241107_180232_12.jpg",
    "conversations": [
      {
        "from": "human",
        "value": "<image>\nHow has this person contributed to society or their industry?"
      },
      {
        "from": "gpt",
        "value": "Barack Obama has made significant contributions to society through his advocacy for healthcare reform, education, and social justice. His presidency emphasized inclusivity and diversity, and he worked to improve relations with various countries. After leaving office, he has continued to engage in public speaking, writing, and community organizing, focusing on issues such as climate change, democracy, and civic engagement through initiatives like the Obama Foundation."
      }
    ]
  },
  {
    "id": "100078",
    "image": "downloaded_images/Personage/Barack_Obama/image_20241107_180454_26.jpg",
    "conversations": [
      {
        "from": "human",
        "value": "<image>\nHow has this person contributed to society or their industry?"
      },
      {
        "from": "gpt",
        "value": "Barack Obama has made significant contributions to society through his advocacy for healthcare reform, education, and social justice. His presidency emphasized inclusivity and diversity, and he worked to improve relations with various countries. After leaving office, he has continued to engage in public speaking, writing, and community organizing, focusing on issues such as climate change, democracy, and civic engagement through initiatives like the Obama Foundation."
      }
    ]
  },
  {
    "id": "100079",
    "image": "downloaded_images/Personage/Barack_Obama/image_20241018_220300_4.jpg",
    "conversations": [
      {
        "from": "human",
        "value": "<image>\nHow has this person contributed to society or their industry?"
      },
      {
        "from": "gpt",
        "value": "Barack Obama has made significant contributions to society through his advocacy for healthcare reform, education, and social justice. His presidency emphasized inclusivity and diversity, and he worked to improve relations with various countries. After leaving office, he has continued to engage in public speaking, writing, and community organizing, focusing on issues such as climate change, democracy, and civic engagement through initiatives like the Obama Foundation."
      }
    ]
  },
  {
    "id": "100080",
    "image": "downloaded_images/Personage/Barack_Obama/image_20241107_180529_30.jpg",
    "conversations": [
      {
        "from": "human",
        "value": "<image>\nHow has this person contributed to society or their industry?"
      },
      {
        "from": "gpt",
        "value": "Barack Obama has made significant contributions to society through his advocacy for healthcare reform, education, and social justice. His presidency emphasized inclusivity and diversity, and he worked to improve relations with various countries. After leaving office, he has continued to engage in public speaking, writing, and community organizing, focusing on issues such as climate change, democracy, and civic engagement through initiatives like the Obama Foundation."
      }
    ]
  },
  {
    "id": "200051",
    "image": "downloaded_images/Personage/Barack_Obama/image_20241018_220347_9.jpg",
    "conversations": [
      {
        "from": "human",
        "value": "<image>\nHow is this person called?"
      },
      {
        "from": "gpt",
        "value": "Barack Obama"
      }
    ]
  },
  {
    "id": "200052",
    "image": "downloaded_images/Personage/Barack_Obama/image_20241018_220412_12.jpg",
    "conversations": [
      {
        "from": "human",
        "value": "<image>\nWhat is the birthdate and birthplace of this individual?"
      },
      {
        "from": "gpt",
        "value": "Barack Obama was born on August 4, 1961, in Honolulu, Hawaii, USA."
      }
    ]
  },
  {
    "id": "200053",
    "image": "downloaded_images/Personage/Barack_Obama/image_20241018_220647_24.jpg",
    "conversations": [
      {
        "from": "human",
        "value": "<image>\nWhat profession does this person hold?"
      },
      {
        "from": "gpt",
        "value": "Barack Obama is a politician, attorney, and author. He served as the 44th President of the United States from 2009 to 2017."
      }
    ]
  },
  {
    "id": "200054",
    "image": "downloaded_images/Personage/Barack_Obama/image_20241018_220355_10.jpg",
    "conversations": [
      {
        "from": "human",
        "value": "<image>\nWhat are the key accomplishments of this individual?"
      },
      {
        "from": "gpt",
        "value": "Some of Barack Obama's notable achievements include:\n   - Being the first African American president of the United States.\n   - The passage of the Affordable Care Act (ACA), also known as \"Obamacare,\" which aimed to expand healthcare coverage.\n   - Winning the Nobel Peace Prize in 2009 for his efforts to strengthen international diplomacy and cooperation between peoples.\n   - His administration's focus on climate change, including the signing of the Paris Agreement in 2016.\n   - Authoring several books, including \"Dreams from My Father\" and \"A Promised Land.\""
      }
    ]
  },
  {
    "id": "200055",
    "image": "downloaded_images/Personage/Barack_Obama/image_20241018_220242_2.jpg",
    "conversations": [
      {
        "from": "human",
        "value": "<image>\nWhat impact has this individual made in their field or community?"
      },
      {
        "from": "gpt",
        "value": "Barack Obama has made significant contributions to society through his advocacy for healthcare reform, education, and social justice. His presidency emphasized inclusivity and diversity, and he worked to improve relations with various countries. After leaving office, he has continued to engage in public speaking, writing, and community organizing, focusing on issues such as climate change, democracy, and civic engagement through initiatives like the Obama Foundation."
      }
    ]
  },
  {
    "id": "200056",
    "image": "downloaded_images/Personage/Barack_Obama/image_20241107_180419_22.jpg",
    "conversations": [
      {
        "from": "human",
        "value": "<image>\nHow is this person called?"
      },
      {
        "from": "gpt",
        "value": "Barack Obama"
      }
    ]
  },
  {
    "id": "200057",
    "image": "downloaded_images/Personage/Barack_Obama/image_20241107_180241_13.jpg",
    "conversations": [
      {
        "from": "human",
        "value": "<image>\nHow is this person called?"
      },
      {
        "from": "gpt",
        "value": "Barack Obama"
      }
    ]
  },
  {
    "id": "200058",
    "image": "downloaded_images/Personage/Barack_Obama/image_20241107_180529_30.jpg",
    "conversations": [
      {
        "from": "human",
        "value": "<image>\nHow is this person called?"
      },
      {
        "from": "gpt",
        "value": "Barack Obama"
      }
    ]
  },
  {
    "id": "200059",
    "image": "downloaded_images/Personage/Barack_Obama/image_20241107_180436_24.jpg",
    "conversations": [
      {
        "from": "human",
        "value": "<image>\nHow is this person called?"
      },
      {
        "from": "gpt",
        "value": "Barack Obama"
      }
    ]
  },
  {
    "id": "200060",
    "image": "downloaded_images/Personage/Barack_Obama/image_20241018_220636_23.jpg",
    "conversations": [
      {
        "from": "human",
        "value": "<image>\nHow is this person called?"
      },
      {
        "from": "gpt",
        "value": "Barack Obama"
      }
    ]
  },
  {
    "id": "200061",
    "image": "downloaded_images/Personage/Barack_Obama/image_20241107_180232_12.jpg",
    "conversations": [
      {
        "from": "human",
        "value": "<image>\nWhat is the birthdate and birthplace of this individual?"
      },
      {
        "from": "gpt",
        "value": "Barack Obama was born on August 4, 1961, in Honolulu, Hawaii, USA."
      }
    ]
  },
  {
    "id": "200062",
    "image": "downloaded_images/Personage/Barack_Obama/image_20241107_180140_6.jpg",
    "conversations": [
      {
        "from": "human",
        "value": "<image>\nWhat is the birthdate and birthplace of this individual?"
      },
      {
        "from": "gpt",
        "value": "Barack Obama was born on August 4, 1961, in Honolulu, Hawaii, USA."
      }
    ]
  },
  {
    "id": "200063",
    "image": "downloaded_images/Personage/Barack_Obama/image_20241107_180436_24.jpg",
    "conversations": [
      {
        "from": "human",
        "value": "<image>\nWhat is the birthdate and birthplace of this individual?"
      },
      {
        "from": "gpt",
        "value": "Barack Obama was born on August 4, 1961, in Honolulu, Hawaii, USA."
      }
    ]
  },
  {
    "id": "200064",
    "image": "downloaded_images/Personage/Barack_Obama/image_20241107_180224_11.jpg",
    "conversations": [
      {
        "from": "human",
        "value": "<image>\nWhat is the birthdate and birthplace of this individual?"
      },
      {
        "from": "gpt",
        "value": "Barack Obama was born on August 4, 1961, in Honolulu, Hawaii, USA."
      }
    ]
  },
  {
    "id": "200065",
    "image": "downloaded_images/Personage/Barack_Obama/image_20241107_180354_19.jpg",
    "conversations": [
      {
        "from": "human",
        "value": "<image>\nWhat is the birthdate and birthplace of this individual?"
      },
      {
        "from": "gpt",
        "value": "Barack Obama was born on August 4, 1961, in Honolulu, Hawaii, USA."
      }
    ]
  },
  {
    "id": "200066",
    "image": "downloaded_images/Personage/Barack_Obama/image_20241107_180113_3.jpg",
    "conversations": [
      {
        "from": "human",
        "value": "<image>\nWhat profession does this person hold?"
      },
      {
        "from": "gpt",
        "value": "Barack Obama is a politician, attorney, and author. He served as the 44th President of the United States from 2009 to 2017."
      }
    ]
  },
  {
    "id": "200067",
    "image": "downloaded_images/Personage/Barack_Obama/image_20241018_220242_2.jpg",
    "conversations": [
      {
        "from": "human",
        "value": "<image>\nWhat profession does this person hold?"
      },
      {
        "from": "gpt",
        "value": "Barack Obama is a politician, attorney, and author. He served as the 44th President of the United States from 2009 to 2017."
      }
    ]
  },
  {
    "id": "200068",
    "image": "downloaded_images/Personage/Barack_Obama/image_20241107_180055_1.jpg",
    "conversations": [
      {
        "from": "human",
        "value": "<image>\nWhat profession does this person hold?"
      },
      {
        "from": "gpt",
        "value": "Barack Obama is a politician, attorney, and author. He served as the 44th President of the United States from 2009 to 2017."
      }
    ]
  },
  {
    "id": "200069",
    "image": "downloaded_images/Personage/Barack_Obama/image_20241107_180328_16.jpg",
    "conversations": [
      {
        "from": "human",
        "value": "<image>\nWhat profession does this person hold?"
      },
      {
        "from": "gpt",
        "value": "Barack Obama is a politician, attorney, and author. He served as the 44th President of the United States from 2009 to 2017."
      }
    ]
  },
  {
    "id": "200070",
    "image": "downloaded_images/Personage/Barack_Obama/image_20241107_180402_20.jpg",
    "conversations": [
      {
        "from": "human",
        "value": "<image>\nWhat profession does this person hold?"
      },
      {
        "from": "gpt",
        "value": "Barack Obama is a politician, attorney, and author. He served as the 44th President of the United States from 2009 to 2017."
      }
    ]
  },
  {
    "id": "200071",
    "image": "downloaded_images/Personage/Barack_Obama/image_20241107_180241_13.jpg",
    "conversations": [
      {
        "from": "human",
        "value": "<image>\nWhat are the key accomplishments of this individual?"
      },
      {
        "from": "gpt",
        "value": "Some of Barack Obama's notable achievements include:\n   - Being the first African American president of the United States.\n   - The passage of the Affordable Care Act (ACA), also known as \"Obamacare,\" which aimed to expand healthcare coverage.\n   - Winning the Nobel Peace Prize in 2009 for his efforts to strengthen international diplomacy and cooperation between peoples.\n   - His administration's focus on climate change, including the signing of the Paris Agreement in 2016.\n   - Authoring several books, including \"Dreams from My Father\" and \"A Promised Land.\""
      }
    ]
  },
  {
    "id": "200072",
    "image": "downloaded_images/Personage/Barack_Obama/image_20241018_220636_23.jpg",
    "conversations": [
      {
        "from": "human",
        "value": "<image>\nWhat are the key accomplishments of this individual?"
      },
      {
        "from": "gpt",
        "value": "Some of Barack Obama's notable achievements include:\n   - Being the first African American president of the United States.\n   - The passage of the Affordable Care Act (ACA), also known as \"Obamacare,\" which aimed to expand healthcare coverage.\n   - Winning the Nobel Peace Prize in 2009 for his efforts to strengthen international diplomacy and cooperation between peoples.\n   - His administration's focus on climate change, including the signing of the Paris Agreement in 2016.\n   - Authoring several books, including \"Dreams from My Father\" and \"A Promised Land.\""
      }
    ]
  },
  {
    "id": "200073",
    "image": "downloaded_images/Personage/Barack_Obama/image_20241107_180232_12.jpg",
    "conversations": [
      {
        "from": "human",
        "value": "<image>\nWhat are the key accomplishments of this individual?"
      },
      {
        "from": "gpt",
        "value": "Some of Barack Obama's notable achievements include:\n   - Being the first African American president of the United States.\n   - The passage of the Affordable Care Act (ACA), also known as \"Obamacare,\" which aimed to expand healthcare coverage.\n   - Winning the Nobel Peace Prize in 2009 for his efforts to strengthen international diplomacy and cooperation between peoples.\n   - His administration's focus on climate change, including the signing of the Paris Agreement in 2016.\n   - Authoring several books, including \"Dreams from My Father\" and \"A Promised Land.\""
      }
    ]
  },
  {
    "id": "200074",
    "image": "downloaded_images/Personage/Barack_Obama/image_20241107_180055_1.jpg",
    "conversations": [
      {
        "from": "human",
        "value": "<image>\nWhat are the key accomplishments of this individual?"
      },
      {
        "from": "gpt",
        "value": "Some of Barack Obama's notable achievements include:\n   - Being the first African American president of the United States.\n   - The passage of the Affordable Care Act (ACA), also known as \"Obamacare,\" which aimed to expand healthcare coverage.\n   - Winning the Nobel Peace Prize in 2009 for his efforts to strengthen international diplomacy and cooperation between peoples.\n   - His administration's focus on climate change, including the signing of the Paris Agreement in 2016.\n   - Authoring several books, including \"Dreams from My Father\" and \"A Promised Land.\""
      }
    ]
  },
  {
    "id": "200075",
    "image": "downloaded_images/Personage/Barack_Obama/image_20241018_220252_3.jpg",
    "conversations": [
      {
        "from": "human",
        "value": "<image>\nWhat are the key accomplishments of this individual?"
      },
      {
        "from": "gpt",
        "value": "Some of Barack Obama's notable achievements include:\n   - Being the first African American president of the United States.\n   - The passage of the Affordable Care Act (ACA), also known as \"Obamacare,\" which aimed to expand healthcare coverage.\n   - Winning the Nobel Peace Prize in 2009 for his efforts to strengthen international diplomacy and cooperation between peoples.\n   - His administration's focus on climate change, including the signing of the Paris Agreement in 2016.\n   - Authoring several books, including \"Dreams from My Father\" and \"A Promised Land.\""
      }
    ]
  },
  {
    "id": "200076",
    "image": "downloaded_images/Personage/Barack_Obama/image_20241107_180130_5.jpg",
    "conversations": [
      {
        "from": "human",
        "value": "<image>\nWhat impact has this individual made in their field or community?"
      },
      {
        "from": "gpt",
        "value": "Barack Obama has made significant contributions to society through his advocacy for healthcare reform, education, and social justice. His presidency emphasized inclusivity and diversity, and he worked to improve relations with various countries. After leaving office, he has continued to engage in public speaking, writing, and community organizing, focusing on issues such as climate change, democracy, and civic engagement through initiatives like the Obama Foundation."
      }
    ]
  },
  {
    "id": "200077",
    "image": "downloaded_images/Personage/Barack_Obama/image_20241107_180232_12.jpg",
    "conversations": [
      {
        "from": "human",
        "value": "<image>\nWhat impact has this individual made in their field or community?"
      },
      {
        "from": "gpt",
        "value": "Barack Obama has made significant contributions to society through his advocacy for healthcare reform, education, and social justice. His presidency emphasized inclusivity and diversity, and he worked to improve relations with various countries. After leaving office, he has continued to engage in public speaking, writing, and community organizing, focusing on issues such as climate change, democracy, and civic engagement through initiatives like the Obama Foundation."
      }
    ]
  },
  {
    "id": "200078",
    "image": "downloaded_images/Personage/Barack_Obama/image_20241107_180454_26.jpg",
    "conversations": [
      {
        "from": "human",
        "value": "<image>\nWhat impact has this individual made in their field or community?"
      },
      {
        "from": "gpt",
        "value": "Barack Obama has made significant contributions to society through his advocacy for healthcare reform, education, and social justice. His presidency emphasized inclusivity and diversity, and he worked to improve relations with various countries. After leaving office, he has continued to engage in public speaking, writing, and community organizing, focusing on issues such as climate change, democracy, and civic engagement through initiatives like the Obama Foundation."
      }
    ]
  },
  {
    "id": "200079",
    "image": "downloaded_images/Personage/Barack_Obama/image_20241018_220300_4.jpg",
    "conversations": [
      {
        "from": "human",
        "value": "<image>\nWhat impact has this individual made in their field or community?"
      },
      {
        "from": "gpt",
        "value": "Barack Obama has made significant contributions to society through his advocacy for healthcare reform, education, and social justice. His presidency emphasized inclusivity and diversity, and he worked to improve relations with various countries. After leaving office, he has continued to engage in public speaking, writing, and community organizing, focusing on issues such as climate change, democracy, and civic engagement through initiatives like the Obama Foundation."
      }
    ]
  },
  {
    "id": "200080",
    "image": "downloaded_images/Personage/Barack_Obama/image_20241107_180529_30.jpg",
    "conversations": [
      {
        "from": "human",
        "value": "<image>\nWhat impact has this individual made in their field or community?"
      },
      {
        "from": "gpt",
        "value": "Barack Obama has made significant contributions to society through his advocacy for healthcare reform, education, and social justice. His presidency emphasized inclusivity and diversity, and he worked to improve relations with various countries. After leaving office, he has continued to engage in public speaking, writing, and community organizing, focusing on issues such as climate change, democracy, and civic engagement through initiatives like the Obama Foundation."
      }
    ]
  },
  {
    "id": "300051",
    "image": "downloaded_images/Personage/Barack_Obama/image_20241018_220347_9.jpg",
    "conversations": [
      {
        "from": "human",
        "value": "<image>\nHow is this person referred to?"
      },
      {
        "from": "gpt",
        "value": "Barack Obama"
      }
    ]
  },
  {
    "id": "300052",
    "image": "downloaded_images/Personage/Barack_Obama/image_20241018_220412_12.jpg",
    "conversations": [
      {
        "from": "human",
        "value": "<image>\nWhere and when did this person enter the world?"
      },
      {
        "from": "gpt",
        "value": "Barack Obama was born on August 4, 1961, in Honolulu, Hawaii, USA."
      }
    ]
  },
  {
    "id": "300053",
    "image": "downloaded_images/Personage/Barack_Obama/image_20241018_220647_24.jpg",
    "conversations": [
      {
        "from": "human",
        "value": "<image>\nWhat job does this person do?"
      },
      {
        "from": "gpt",
        "value": "Barack Obama is a politician, attorney, and author. He served as the 44th President of the United States from 2009 to 2017."
      }
    ]
  },
  {
    "id": "300054",
    "image": "downloaded_images/Personage/Barack_Obama/image_20241018_220355_10.jpg",
    "conversations": [
      {
        "from": "human",
        "value": "<image>\nWhat famous contributions has this person made?"
      },
      {
        "from": "gpt",
        "value": "Some of Barack Obama's notable achievements include:\n   - Being the first African American president of the United States.\n   - The passage of the Affordable Care Act (ACA), also known as \"Obamacare,\" which aimed to expand healthcare coverage.\n   - Winning the Nobel Peace Prize in 2009 for his efforts to strengthen international diplomacy and cooperation between peoples.\n   - His administration's focus on climate change, including the signing of the Paris Agreement in 2016.\n   - Authoring several books, including \"Dreams from My Father\" and \"A Promised Land.\""
      }
    ]
  },
  {
    "id": "300055",
    "image": "downloaded_images/Personage/Barack_Obama/image_20241018_220242_2.jpg",
    "conversations": [
      {
        "from": "human",
        "value": "<image>\nWhat contributions has this person offered to society or their profession?"
      },
      {
        "from": "gpt",
        "value": "Barack Obama has made significant contributions to society through his advocacy for healthcare reform, education, and social justice. His presidency emphasized inclusivity and diversity, and he worked to improve relations with various countries. After leaving office, he has continued to engage in public speaking, writing, and community organizing, focusing on issues such as climate change, democracy, and civic engagement through initiatives like the Obama Foundation."
      }
    ]
  },
  {
    "id": "300056",
    "image": "downloaded_images/Personage/Barack_Obama/image_20241107_180419_22.jpg",
    "conversations": [
      {
        "from": "human",
        "value": "<image>\nHow is this person referred to?"
      },
      {
        "from": "gpt",
        "value": "Barack Obama"
      }
    ]
  },
  {
    "id": "300057",
    "image": "downloaded_images/Personage/Barack_Obama/image_20241107_180241_13.jpg",
    "conversations": [
      {
        "from": "human",
        "value": "<image>\nHow is this person referred to?"
      },
      {
        "from": "gpt",
        "value": "Barack Obama"
      }
    ]
  },
  {
    "id": "300058",
    "image": "downloaded_images/Personage/Barack_Obama/image_20241107_180529_30.jpg",
    "conversations": [
      {
        "from": "human",
        "value": "<image>\nHow is this person referred to?"
      },
      {
        "from": "gpt",
        "value": "Barack Obama"
      }
    ]
  },
  {
    "id": "300059",
    "image": "downloaded_images/Personage/Barack_Obama/image_20241107_180436_24.jpg",
    "conversations": [
      {
        "from": "human",
        "value": "<image>\nHow is this person referred to?"
      },
      {
        "from": "gpt",
        "value": "Barack Obama"
      }
    ]
  },
  {
    "id": "300060",
    "image": "downloaded_images/Personage/Barack_Obama/image_20241018_220636_23.jpg",
    "conversations": [
      {
        "from": "human",
        "value": "<image>\nHow is this person referred to?"
      },
      {
        "from": "gpt",
        "value": "Barack Obama"
      }
    ]
  },
  {
    "id": "300061",
    "image": "downloaded_images/Personage/Barack_Obama/image_20241107_180232_12.jpg",
    "conversations": [
      {
        "from": "human",
        "value": "<image>\nWhere and when did this person enter the world?"
      },
      {
        "from": "gpt",
        "value": "Barack Obama was born on August 4, 1961, in Honolulu, Hawaii, USA."
      }
    ]
  },
  {
    "id": "300062",
    "image": "downloaded_images/Personage/Barack_Obama/image_20241107_180140_6.jpg",
    "conversations": [
      {
        "from": "human",
        "value": "<image>\nWhere and when did this person enter the world?"
      },
      {
        "from": "gpt",
        "value": "Barack Obama was born on August 4, 1961, in Honolulu, Hawaii, USA."
      }
    ]
  },
  {
    "id": "300063",
    "image": "downloaded_images/Personage/Barack_Obama/image_20241107_180436_24.jpg",
    "conversations": [
      {
        "from": "human",
        "value": "<image>\nWhere and when did this person enter the world?"
      },
      {
        "from": "gpt",
        "value": "Barack Obama was born on August 4, 1961, in Honolulu, Hawaii, USA."
      }
    ]
  },
  {
    "id": "300064",
    "image": "downloaded_images/Personage/Barack_Obama/image_20241107_180224_11.jpg",
    "conversations": [
      {
        "from": "human",
        "value": "<image>\nWhere and when did this person enter the world?"
      },
      {
        "from": "gpt",
        "value": "Barack Obama was born on August 4, 1961, in Honolulu, Hawaii, USA."
      }
    ]
  },
  {
    "id": "300065",
    "image": "downloaded_images/Personage/Barack_Obama/image_20241107_180354_19.jpg",
    "conversations": [
      {
        "from": "human",
        "value": "<image>\nWhere and when did this person enter the world?"
      },
      {
        "from": "gpt",
        "value": "Barack Obama was born on August 4, 1961, in Honolulu, Hawaii, USA."
      }
    ]
  },
  {
    "id": "300066",
    "image": "downloaded_images/Personage/Barack_Obama/image_20241107_180113_3.jpg",
    "conversations": [
      {
        "from": "human",
        "value": "<image>\nWhat job does this person do?"
      },
      {
        "from": "gpt",
        "value": "Barack Obama is a politician, attorney, and author. He served as the 44th President of the United States from 2009 to 2017."
      }
    ]
  },
  {
    "id": "300067",
    "image": "downloaded_images/Personage/Barack_Obama/image_20241018_220242_2.jpg",
    "conversations": [
      {
        "from": "human",
        "value": "<image>\nWhat job does this person do?"
      },
      {
        "from": "gpt",
        "value": "Barack Obama is a politician, attorney, and author. He served as the 44th President of the United States from 2009 to 2017."
      }
    ]
  },
  {
    "id": "300068",
    "image": "downloaded_images/Personage/Barack_Obama/image_20241107_180055_1.jpg",
    "conversations": [
      {
        "from": "human",
        "value": "<image>\nWhat job does this person do?"
      },
      {
        "from": "gpt",
        "value": "Barack Obama is a politician, attorney, and author. He served as the 44th President of the United States from 2009 to 2017."
      }
    ]
  },
  {
    "id": "300069",
    "image": "downloaded_images/Personage/Barack_Obama/image_20241107_180328_16.jpg",
    "conversations": [
      {
        "from": "human",
        "value": "<image>\nWhat job does this person do?"
      },
      {
        "from": "gpt",
        "value": "Barack Obama is a politician, attorney, and author. He served as the 44th President of the United States from 2009 to 2017."
      }
    ]
  },
  {
    "id": "300070",
    "image": "downloaded_images/Personage/Barack_Obama/image_20241107_180402_20.jpg",
    "conversations": [
      {
        "from": "human",
        "value": "<image>\nWhat job does this person do?"
      },
      {
        "from": "gpt",
        "value": "Barack Obama is a politician, attorney, and author. He served as the 44th President of the United States from 2009 to 2017."
      }
    ]
  },
  {
    "id": "300071",
    "image": "downloaded_images/Personage/Barack_Obama/image_20241107_180241_13.jpg",
    "conversations": [
      {
        "from": "human",
        "value": "<image>\nWhat famous contributions has this person made?"
      },
      {
        "from": "gpt",
        "value": "Some of Barack Obama's notable achievements include:\n   - Being the first African American president of the United States.\n   - The passage of the Affordable Care Act (ACA), also known as \"Obamacare,\" which aimed to expand healthcare coverage.\n   - Winning the Nobel Peace Prize in 2009 for his efforts to strengthen international diplomacy and cooperation between peoples.\n   - His administration's focus on climate change, including the signing of the Paris Agreement in 2016.\n   - Authoring several books, including \"Dreams from My Father\" and \"A Promised Land.\""
      }
    ]
  },
  {
    "id": "300072",
    "image": "downloaded_images/Personage/Barack_Obama/image_20241018_220636_23.jpg",
    "conversations": [
      {
        "from": "human",
        "value": "<image>\nWhat famous contributions has this person made?"
      },
      {
        "from": "gpt",
        "value": "Some of Barack Obama's notable achievements include:\n   - Being the first African American president of the United States.\n   - The passage of the Affordable Care Act (ACA), also known as \"Obamacare,\" which aimed to expand healthcare coverage.\n   - Winning the Nobel Peace Prize in 2009 for his efforts to strengthen international diplomacy and cooperation between peoples.\n   - His administration's focus on climate change, including the signing of the Paris Agreement in 2016.\n   - Authoring several books, including \"Dreams from My Father\" and \"A Promised Land.\""
      }
    ]
  },
  {
    "id": "300073",
    "image": "downloaded_images/Personage/Barack_Obama/image_20241107_180232_12.jpg",
    "conversations": [
      {
        "from": "human",
        "value": "<image>\nWhat famous contributions has this person made?"
      },
      {
        "from": "gpt",
        "value": "Some of Barack Obama's notable achievements include:\n   - Being the first African American president of the United States.\n   - The passage of the Affordable Care Act (ACA), also known as \"Obamacare,\" which aimed to expand healthcare coverage.\n   - Winning the Nobel Peace Prize in 2009 for his efforts to strengthen international diplomacy and cooperation between peoples.\n   - His administration's focus on climate change, including the signing of the Paris Agreement in 2016.\n   - Authoring several books, including \"Dreams from My Father\" and \"A Promised Land.\""
      }
    ]
  },
  {
    "id": "300074",
    "image": "downloaded_images/Personage/Barack_Obama/image_20241107_180055_1.jpg",
    "conversations": [
      {
        "from": "human",
        "value": "<image>\nWhat famous contributions has this person made?"
      },
      {
        "from": "gpt",
        "value": "Some of Barack Obama's notable achievements include:\n   - Being the first African American president of the United States.\n   - The passage of the Affordable Care Act (ACA), also known as \"Obamacare,\" which aimed to expand healthcare coverage.\n   - Winning the Nobel Peace Prize in 2009 for his efforts to strengthen international diplomacy and cooperation between peoples.\n   - His administration's focus on climate change, including the signing of the Paris Agreement in 2016.\n   - Authoring several books, including \"Dreams from My Father\" and \"A Promised Land.\""
      }
    ]
  },
  {
    "id": "300075",
    "image": "downloaded_images/Personage/Barack_Obama/image_20241018_220252_3.jpg",
    "conversations": [
      {
        "from": "human",
        "value": "<image>\nWhat famous contributions has this person made?"
      },
      {
        "from": "gpt",
        "value": "Some of Barack Obama's notable achievements include:\n   - Being the first African American president of the United States.\n   - The passage of the Affordable Care Act (ACA), also known as \"Obamacare,\" which aimed to expand healthcare coverage.\n   - Winning the Nobel Peace Prize in 2009 for his efforts to strengthen international diplomacy and cooperation between peoples.\n   - His administration's focus on climate change, including the signing of the Paris Agreement in 2016.\n   - Authoring several books, including \"Dreams from My Father\" and \"A Promised Land.\""
      }
    ]
  },
  {
    "id": "300076",
    "image": "downloaded_images/Personage/Barack_Obama/image_20241107_180130_5.jpg",
    "conversations": [
      {
        "from": "human",
        "value": "<image>\nWhat contributions has this person offered to society or their profession?"
      },
      {
        "from": "gpt",
        "value": "Barack Obama has made significant contributions to society through his advocacy for healthcare reform, education, and social justice. His presidency emphasized inclusivity and diversity, and he worked to improve relations with various countries. After leaving office, he has continued to engage in public speaking, writing, and community organizing, focusing on issues such as climate change, democracy, and civic engagement through initiatives like the Obama Foundation."
      }
    ]
  },
  {
    "id": "300077",
    "image": "downloaded_images/Personage/Barack_Obama/image_20241107_180232_12.jpg",
    "conversations": [
      {
        "from": "human",
        "value": "<image>\nWhat contributions has this person offered to society or their profession?"
      },
      {
        "from": "gpt",
        "value": "Barack Obama has made significant contributions to society through his advocacy for healthcare reform, education, and social justice. His presidency emphasized inclusivity and diversity, and he worked to improve relations with various countries. After leaving office, he has continued to engage in public speaking, writing, and community organizing, focusing on issues such as climate change, democracy, and civic engagement through initiatives like the Obama Foundation."
      }
    ]
  },
  {
    "id": "300078",
    "image": "downloaded_images/Personage/Barack_Obama/image_20241107_180454_26.jpg",
    "conversations": [
      {
        "from": "human",
        "value": "<image>\nWhat contributions has this person offered to society or their profession?"
      },
      {
        "from": "gpt",
        "value": "Barack Obama has made significant contributions to society through his advocacy for healthcare reform, education, and social justice. His presidency emphasized inclusivity and diversity, and he worked to improve relations with various countries. After leaving office, he has continued to engage in public speaking, writing, and community organizing, focusing on issues such as climate change, democracy, and civic engagement through initiatives like the Obama Foundation."
      }
    ]
  },
  {
    "id": "300079",
    "image": "downloaded_images/Personage/Barack_Obama/image_20241018_220300_4.jpg",
    "conversations": [
      {
        "from": "human",
        "value": "<image>\nWhat contributions has this person offered to society or their profession?"
      },
      {
        "from": "gpt",
        "value": "Barack Obama has made significant contributions to society through his advocacy for healthcare reform, education, and social justice. His presidency emphasized inclusivity and diversity, and he worked to improve relations with various countries. After leaving office, he has continued to engage in public speaking, writing, and community organizing, focusing on issues such as climate change, democracy, and civic engagement through initiatives like the Obama Foundation."
      }
    ]
  },
  {
    "id": "300080",
    "image": "downloaded_images/Personage/Barack_Obama/image_20241107_180529_30.jpg",
    "conversations": [
      {
        "from": "human",
        "value": "<image>\nWhat contributions has this person offered to society or their profession?"
      },
      {
        "from": "gpt",
        "value": "Barack Obama has made significant contributions to society through his advocacy for healthcare reform, education, and social justice. His presidency emphasized inclusivity and diversity, and he worked to improve relations with various countries. After leaving office, he has continued to engage in public speaking, writing, and community organizing, focusing on issues such as climate change, democracy, and civic engagement through initiatives like the Obama Foundation."
      }
    ]
  },
  {
    "id": "400051",
    "image": "downloaded_images/Personage/Barack_Obama/image_20241018_220347_9.jpg",
    "conversations": [
      {
        "from": "human",
        "value": "<image>\nWhat do people call this individual?"
      },
      {
        "from": "gpt",
        "value": "Barack Obama"
      }
    ]
  },
  {
    "id": "400052",
    "image": "downloaded_images/Personage/Barack_Obama/image_20241018_220412_12.jpg",
    "conversations": [
      {
        "from": "human",
        "value": "<image>\nCan you tell me the date and place of this person's birth?"
      },
      {
        "from": "gpt",
        "value": "Barack Obama was born on August 4, 1961, in Honolulu, Hawaii, USA."
      }
    ]
  },
  {
    "id": "400053",
    "image": "downloaded_images/Personage/Barack_Obama/image_20241018_220647_24.jpg",
    "conversations": [
      {
        "from": "human",
        "value": "<image>\nWhat line of work is this individual in?"
      },
      {
        "from": "gpt",
        "value": "Barack Obama is a politician, attorney, and author. He served as the 44th President of the United States from 2009 to 2017."
      }
    ]
  },
  {
    "id": "400054",
    "image": "downloaded_images/Personage/Barack_Obama/image_20241018_220355_10.jpg",
    "conversations": [
      {
        "from": "human",
        "value": "<image>\nCan you list some of this person's significant works?"
      },
      {
        "from": "gpt",
        "value": "Some of Barack Obama's notable achievements include:\n   - Being the first African American president of the United States.\n   - The passage of the Affordable Care Act (ACA), also known as \"Obamacare,\" which aimed to expand healthcare coverage.\n   - Winning the Nobel Peace Prize in 2009 for his efforts to strengthen international diplomacy and cooperation between peoples.\n   - His administration's focus on climate change, including the signing of the Paris Agreement in 2016.\n   - Authoring several books, including \"Dreams from My Father\" and \"A Promised Land.\""
      }
    ]
  },
  {
    "id": "400055",
    "image": "downloaded_images/Personage/Barack_Obama/image_20241018_220242_2.jpg",
    "conversations": [
      {
        "from": "human",
        "value": "<image>\nIn what ways has this individual influenced their industry or society?"
      },
      {
        "from": "gpt",
        "value": "Barack Obama has made significant contributions to society through his advocacy for healthcare reform, education, and social justice. His presidency emphasized inclusivity and diversity, and he worked to improve relations with various countries. After leaving office, he has continued to engage in public speaking, writing, and community organizing, focusing on issues such as climate change, democracy, and civic engagement through initiatives like the Obama Foundation."
      }
    ]
  },
  {
    "id": "400056",
    "image": "downloaded_images/Personage/Barack_Obama/image_20241107_180419_22.jpg",
    "conversations": [
      {
        "from": "human",
        "value": "<image>\nWhat do people call this individual?"
      },
      {
        "from": "gpt",
        "value": "Barack Obama"
      }
    ]
  },
  {
    "id": "400057",
    "image": "downloaded_images/Personage/Barack_Obama/image_20241107_180241_13.jpg",
    "conversations": [
      {
        "from": "human",
        "value": "<image>\nWhat do people call this individual?"
      },
      {
        "from": "gpt",
        "value": "Barack Obama"
      }
    ]
  },
  {
    "id": "400058",
    "image": "downloaded_images/Personage/Barack_Obama/image_20241107_180529_30.jpg",
    "conversations": [
      {
        "from": "human",
        "value": "<image>\nWhat do people call this individual?"
      },
      {
        "from": "gpt",
        "value": "Barack Obama"
      }
    ]
  },
  {
    "id": "400059",
    "image": "downloaded_images/Personage/Barack_Obama/image_20241107_180436_24.jpg",
    "conversations": [
      {
        "from": "human",
        "value": "<image>\nWhat do people call this individual?"
      },
      {
        "from": "gpt",
        "value": "Barack Obama"
      }
    ]
  },
  {
    "id": "400060",
    "image": "downloaded_images/Personage/Barack_Obama/image_20241018_220636_23.jpg",
    "conversations": [
      {
        "from": "human",
        "value": "<image>\nWhat do people call this individual?"
      },
      {
        "from": "gpt",
        "value": "Barack Obama"
      }
    ]
  },
  {
    "id": "400061",
    "image": "downloaded_images/Personage/Barack_Obama/image_20241107_180232_12.jpg",
    "conversations": [
      {
        "from": "human",
        "value": "<image>\nCan you tell me the date and place of this person's birth?"
      },
      {
        "from": "gpt",
        "value": "Barack Obama was born on August 4, 1961, in Honolulu, Hawaii, USA."
      }
    ]
  },
  {
    "id": "400062",
    "image": "downloaded_images/Personage/Barack_Obama/image_20241107_180140_6.jpg",
    "conversations": [
      {
        "from": "human",
        "value": "<image>\nCan you tell me the date and place of this person's birth?"
      },
      {
        "from": "gpt",
        "value": "Barack Obama was born on August 4, 1961, in Honolulu, Hawaii, USA."
      }
    ]
  },
  {
    "id": "400063",
    "image": "downloaded_images/Personage/Barack_Obama/image_20241107_180436_24.jpg",
    "conversations": [
      {
        "from": "human",
        "value": "<image>\nCan you tell me the date and place of this person's birth?"
      },
      {
        "from": "gpt",
        "value": "Barack Obama was born on August 4, 1961, in Honolulu, Hawaii, USA."
      }
    ]
  },
  {
    "id": "400064",
    "image": "downloaded_images/Personage/Barack_Obama/image_20241107_180224_11.jpg",
    "conversations": [
      {
        "from": "human",
        "value": "<image>\nCan you tell me the date and place of this person's birth?"
      },
      {
        "from": "gpt",
        "value": "Barack Obama was born on August 4, 1961, in Honolulu, Hawaii, USA."
      }
    ]
  },
  {
    "id": "400065",
    "image": "downloaded_images/Personage/Barack_Obama/image_20241107_180354_19.jpg",
    "conversations": [
      {
        "from": "human",
        "value": "<image>\nCan you tell me the date and place of this person's birth?"
      },
      {
        "from": "gpt",
        "value": "Barack Obama was born on August 4, 1961, in Honolulu, Hawaii, USA."
      }
    ]
  },
  {
    "id": "400066",
    "image": "downloaded_images/Personage/Barack_Obama/image_20241107_180113_3.jpg",
    "conversations": [
      {
        "from": "human",
        "value": "<image>\nWhat line of work is this individual in?"
      },
      {
        "from": "gpt",
        "value": "Barack Obama is a politician, attorney, and author. He served as the 44th President of the United States from 2009 to 2017."
      }
    ]
  },
  {
    "id": "400067",
    "image": "downloaded_images/Personage/Barack_Obama/image_20241018_220242_2.jpg",
    "conversations": [
      {
        "from": "human",
        "value": "<image>\nWhat line of work is this individual in?"
      },
      {
        "from": "gpt",
        "value": "Barack Obama is a politician, attorney, and author. He served as the 44th President of the United States from 2009 to 2017."
      }
    ]
  },
  {
    "id": "400068",
    "image": "downloaded_images/Personage/Barack_Obama/image_20241107_180055_1.jpg",
    "conversations": [
      {
        "from": "human",
        "value": "<image>\nWhat line of work is this individual in?"
      },
      {
        "from": "gpt",
        "value": "Barack Obama is a politician, attorney, and author. He served as the 44th President of the United States from 2009 to 2017."
      }
    ]
  },
  {
    "id": "400069",
    "image": "downloaded_images/Personage/Barack_Obama/image_20241107_180328_16.jpg",
    "conversations": [
      {
        "from": "human",
        "value": "<image>\nWhat line of work is this individual in?"
      },
      {
        "from": "gpt",
        "value": "Barack Obama is a politician, attorney, and author. He served as the 44th President of the United States from 2009 to 2017."
      }
    ]
  },
  {
    "id": "400070",
    "image": "downloaded_images/Personage/Barack_Obama/image_20241107_180402_20.jpg",
    "conversations": [
      {
        "from": "human",
        "value": "<image>\nWhat line of work is this individual in?"
      },
      {
        "from": "gpt",
        "value": "Barack Obama is a politician, attorney, and author. He served as the 44th President of the United States from 2009 to 2017."
      }
    ]
  },
  {
    "id": "400071",
    "image": "downloaded_images/Personage/Barack_Obama/image_20241107_180241_13.jpg",
    "conversations": [
      {
        "from": "human",
        "value": "<image>\nCan you list some of this person's significant works?"
      },
      {
        "from": "gpt",
        "value": "Some of Barack Obama's notable achievements include:\n   - Being the first African American president of the United States.\n   - The passage of the Affordable Care Act (ACA), also known as \"Obamacare,\" which aimed to expand healthcare coverage.\n   - Winning the Nobel Peace Prize in 2009 for his efforts to strengthen international diplomacy and cooperation between peoples.\n   - His administration's focus on climate change, including the signing of the Paris Agreement in 2016.\n   - Authoring several books, including \"Dreams from My Father\" and \"A Promised Land.\""
      }
    ]
  },
  {
    "id": "400072",
    "image": "downloaded_images/Personage/Barack_Obama/image_20241018_220636_23.jpg",
    "conversations": [
      {
        "from": "human",
        "value": "<image>\nCan you list some of this person's significant works?"
      },
      {
        "from": "gpt",
        "value": "Some of Barack Obama's notable achievements include:\n   - Being the first African American president of the United States.\n   - The passage of the Affordable Care Act (ACA), also known as \"Obamacare,\" which aimed to expand healthcare coverage.\n   - Winning the Nobel Peace Prize in 2009 for his efforts to strengthen international diplomacy and cooperation between peoples.\n   - His administration's focus on climate change, including the signing of the Paris Agreement in 2016.\n   - Authoring several books, including \"Dreams from My Father\" and \"A Promised Land.\""
      }
    ]
  },
  {
    "id": "400073",
    "image": "downloaded_images/Personage/Barack_Obama/image_20241107_180232_12.jpg",
    "conversations": [
      {
        "from": "human",
        "value": "<image>\nCan you list some of this person's significant works?"
      },
      {
        "from": "gpt",
        "value": "Some of Barack Obama's notable achievements include:\n   - Being the first African American president of the United States.\n   - The passage of the Affordable Care Act (ACA), also known as \"Obamacare,\" which aimed to expand healthcare coverage.\n   - Winning the Nobel Peace Prize in 2009 for his efforts to strengthen international diplomacy and cooperation between peoples.\n   - His administration's focus on climate change, including the signing of the Paris Agreement in 2016.\n   - Authoring several books, including \"Dreams from My Father\" and \"A Promised Land.\""
      }
    ]
  },
  {
    "id": "400074",
    "image": "downloaded_images/Personage/Barack_Obama/image_20241107_180055_1.jpg",
    "conversations": [
      {
        "from": "human",
        "value": "<image>\nCan you list some of this person's significant works?"
      },
      {
        "from": "gpt",
        "value": "Some of Barack Obama's notable achievements include:\n   - Being the first African American president of the United States.\n   - The passage of the Affordable Care Act (ACA), also known as \"Obamacare,\" which aimed to expand healthcare coverage.\n   - Winning the Nobel Peace Prize in 2009 for his efforts to strengthen international diplomacy and cooperation between peoples.\n   - His administration's focus on climate change, including the signing of the Paris Agreement in 2016.\n   - Authoring several books, including \"Dreams from My Father\" and \"A Promised Land.\""
      }
    ]
  },
  {
    "id": "400075",
    "image": "downloaded_images/Personage/Barack_Obama/image_20241018_220252_3.jpg",
    "conversations": [
      {
        "from": "human",
        "value": "<image>\nCan you list some of this person's significant works?"
      },
      {
        "from": "gpt",
        "value": "Some of Barack Obama's notable achievements include:\n   - Being the first African American president of the United States.\n   - The passage of the Affordable Care Act (ACA), also known as \"Obamacare,\" which aimed to expand healthcare coverage.\n   - Winning the Nobel Peace Prize in 2009 for his efforts to strengthen international diplomacy and cooperation between peoples.\n   - His administration's focus on climate change, including the signing of the Paris Agreement in 2016.\n   - Authoring several books, including \"Dreams from My Father\" and \"A Promised Land.\""
      }
    ]
  },
  {
    "id": "400076",
    "image": "downloaded_images/Personage/Barack_Obama/image_20241107_180130_5.jpg",
    "conversations": [
      {
        "from": "human",
        "value": "<image>\nIn what ways has this individual influenced their industry or society?"
      },
      {
        "from": "gpt",
        "value": "Barack Obama has made significant contributions to society through his advocacy for healthcare reform, education, and social justice. His presidency emphasized inclusivity and diversity, and he worked to improve relations with various countries. After leaving office, he has continued to engage in public speaking, writing, and community organizing, focusing on issues such as climate change, democracy, and civic engagement through initiatives like the Obama Foundation."
      }
    ]
  },
  {
    "id": "400077",
    "image": "downloaded_images/Personage/Barack_Obama/image_20241107_180232_12.jpg",
    "conversations": [
      {
        "from": "human",
        "value": "<image>\nIn what ways has this individual influenced their industry or society?"
      },
      {
        "from": "gpt",
        "value": "Barack Obama has made significant contributions to society through his advocacy for healthcare reform, education, and social justice. His presidency emphasized inclusivity and diversity, and he worked to improve relations with various countries. After leaving office, he has continued to engage in public speaking, writing, and community organizing, focusing on issues such as climate change, democracy, and civic engagement through initiatives like the Obama Foundation."
      }
    ]
  },
  {
    "id": "400078",
    "image": "downloaded_images/Personage/Barack_Obama/image_20241107_180454_26.jpg",
    "conversations": [
      {
        "from": "human",
        "value": "<image>\nIn what ways has this individual influenced their industry or society?"
      },
      {
        "from": "gpt",
        "value": "Barack Obama has made significant contributions to society through his advocacy for healthcare reform, education, and social justice. His presidency emphasized inclusivity and diversity, and he worked to improve relations with various countries. After leaving office, he has continued to engage in public speaking, writing, and community organizing, focusing on issues such as climate change, democracy, and civic engagement through initiatives like the Obama Foundation."
      }
    ]
  },
  {
    "id": "400079",
    "image": "downloaded_images/Personage/Barack_Obama/image_20241018_220300_4.jpg",
    "conversations": [
      {
        "from": "human",
        "value": "<image>\nIn what ways has this individual influenced their industry or society?"
      },
      {
        "from": "gpt",
        "value": "Barack Obama has made significant contributions to society through his advocacy for healthcare reform, education, and social justice. His presidency emphasized inclusivity and diversity, and he worked to improve relations with various countries. After leaving office, he has continued to engage in public speaking, writing, and community organizing, focusing on issues such as climate change, democracy, and civic engagement through initiatives like the Obama Foundation."
      }
    ]
  },
  {
    "id": "400080",
    "image": "downloaded_images/Personage/Barack_Obama/image_20241107_180529_30.jpg",
    "conversations": [
      {
        "from": "human",
        "value": "<image>\nIn what ways has this individual influenced their industry or society?"
      },
      {
        "from": "gpt",
        "value": "Barack Obama has made significant contributions to society through his advocacy for healthcare reform, education, and social justice. His presidency emphasized inclusivity and diversity, and he worked to improve relations with various countries. After leaving office, he has continued to engage in public speaking, writing, and community organizing, focusing on issues such as climate change, democracy, and civic engagement through initiatives like the Obama Foundation."
      }
    ]
  }
]