[
  {
    "id": "39",
    "image": "downloaded_images/Animals/Parrot/image_20241017_145130_4.jpg",
    "conversations": [
      {
        "from": "human",
        "value": "<image>\nWhat is the common name of this animal?"
      },
      {
        "from": "gpt",
        "value": "The animal in the image is a parrot. Parrots are a group of birds that belong to the order Psittaciformes, characterized by feathers with the layers of barbs, hooks, and scleral ossicles. They are known for their vibrant colors, strong curved bills, and the upright stance of their feet."
      }
    ]
  },
  {
    "id": "40",
    "image": "downloaded_images/Animals/Parrot/image_20241017_145325_15.jpg",
    "conversations": [
      {
        "from": "human",
        "value": "<image>\nWhat does this animal eat (herbivore, carnivore, omnivore)?"
      },
      {
        "from": "gpt",
        "value": "The animal in the image is a parrot, and parrots are omnivores. They have a varied diet that includes seeds, nuts, fruits, vegetables, insects, and small vertebrates. They are known for their ability to crack open hard nuts and seeds, which is an important part of their diet."
      }
    ]
  },
  {
    "id": "41",
    "image": "downloaded_images/Animals/Parrot/image_20241017_145402_17.jpg",
    "conversations": [
      {
        "from": "human",
        "value": "<image>\nIs it native to a specific region or found globally?"
      },
      {
        "from": "gpt",
        "value": "The bird in the image appears to be a macaw, which is a large parrot native to South America. There are several species of macaws, and they are known for their bright colors and strong social bonds. They are not found globally; they are native to the rainforests of South America, including countries like Brazil, Bolivia, Peru, and Paraguay."
      }
    ]
  },
  {
    "id": "42",
    "image": "downloaded_images/Animals/Parrot/image_20241017_145113_2.jpg",
    "conversations": [
      {
        "from": "human",
        "value": "<image>\nHow does this animal reproduce (mating habits, gestation period)?"
      },
      {
        "from": "gpt",
        "value": "The bird in the image appears to be a parrot, specifically one that might be a Macaw or a similar species. Parrots are known for their elaborate courtship rituals and strong pair bonds.Parrots generally mate for life, and their mating habits can be quite elaborate. They often engage in a behavior called preening, where they clean each other's feathers, which can be a form of courtship and bonding.The gestation period for parrots can vary depending on the species, but it is generally around"
      }
    ]
  },
  {
    "id": "43",
    "image": "downloaded_images/Animals/Parrot/image_20241106_095257_12.jpg",
    "conversations": [
      {
        "from": "human",
        "value": "<image>\nWhat is the common name of this animal?"
      },
      {
        "from": "gpt",
        "value": "The animal in the image is a parrot. Parrots are a group of birds that belong to the order Psittaciformes, characterized by feathers with the layers of barbs, hooks, and scleral ossicles. They are known for their vibrant colors, strong curved bills, and the upright stance of their feet."
      }
    ]
  },
  {
    "id": "44",
    "image": "downloaded_images/Animals/Parrot/image_20241017_145355_16.jpg",
    "conversations": [
      {
        "from": "human",
        "value": "<image>\nWhat is the common name of this animal?"
      },
      {
        "from": "gpt",
        "value": "The animal in the image is a parrot. Parrots are a group of birds that belong to the order Psittaciformes, characterized by feathers with the layers of barbs, hooks, and scleral ossicles. They are known for their vibrant colors, strong curved bills, and the upright stance of their feet."
      }
    ]
  },
  {
    "id": "45",
    "image": "downloaded_images/Animals/Parrot/image_20241106_095446_24.jpg",
    "conversations": [
      {
        "from": "human",
        "value": "<image>\nWhat is the common name of this animal?"
      },
      {
        "from": "gpt",
        "value": "The animal in the image is a parrot. Parrots are a group of birds that belong to the order Psittaciformes, characterized by feathers with the layers of barbs, hooks, and scleral ossicles. They are known for their vibrant colors, strong curved bills, and the upright stance of their feet."
      }
    ]
  },
  {
    "id": "46",
    "image": "downloaded_images/Animals/Parrot/image_20241106_095342_17.jpg",
    "conversations": [
      {
        "from": "human",
        "value": "<image>\nWhat is the common name of this animal?"
      },
      {
        "from": "gpt",
        "value": "The animal in the image is a parrot. Parrots are a group of birds that belong to the order Psittaciformes, characterized by feathers with the layers of barbs, hooks, and scleral ossicles. They are known for their vibrant colors, strong curved bills, and the upright stance of their feet."
      }
    ]
  },
  {
    "id": "47",
    "image": "downloaded_images/Animals/Parrot/image_20241106_095435_23.jpg",
    "conversations": [
      {
        "from": "human",
        "value": "<image>\nWhat is the common name of this animal?"
      },
      {
        "from": "gpt",
        "value": "The animal in the image is a parrot. Parrots are a group of birds that belong to the order Psittaciformes, characterized by feathers with the layers of barbs, hooks, and scleral ossicles. They are known for their vibrant colors, strong curved bills, and the upright stance of their feet."
      }
    ]
  },
  {
    "id": "48",
    "image": "downloaded_images/Animals/Parrot/image_20241106_095123_2.jpg",
    "conversations": [
      {
        "from": "human",
        "value": "<image>\nWhat does this animal eat (herbivore, carnivore, omnivore)?"
      },
      {
        "from": "gpt",
        "value": "The animal in the image is a parrot, and parrots are omnivores. They have a varied diet that includes seeds, nuts, fruits, vegetables, insects, and small vertebrates. They are known for their ability to crack open hard nuts and seeds, which is an important part of their diet."
      }
    ]
  },
  {
    "id": "49",
    "image": "downloaded_images/Animals/Parrot/image_20241106_095257_12.jpg",
    "conversations": [
      {
        "from": "human",
        "value": "<image>\nWhat does this animal eat (herbivore, carnivore, omnivore)?"
      },
      {
        "from": "gpt",
        "value": "The animal in the image is a parrot, and parrots are omnivores. They have a varied diet that includes seeds, nuts, fruits, vegetables, insects, and small vertebrates. They are known for their ability to crack open hard nuts and seeds, which is an important part of their diet."
      }
    ]
  },
  {
    "id": "50",
    "image": "downloaded_images/Animals/Parrot/image_20241106_095220_8.jpg",
    "conversations": [
      {
        "from": "human",
        "value": "<image>\nWhat does this animal eat (herbivore, carnivore, omnivore)?"
      },
      {
        "from": "gpt",
        "value": "The animal in the image is a parrot, and parrots are omnivores. They have a varied diet that includes seeds, nuts, fruits, vegetables, insects, and small vertebrates. They are known for their ability to crack open hard nuts and seeds, which is an important part of their diet."
      }
    ]
  },
  {
    "id": "51",
    "image": "downloaded_images/Animals/Parrot/image_20241106_095230_9.jpg",
    "conversations": [
      {
        "from": "human",
        "value": "<image>\nWhat does this animal eat (herbivore, carnivore, omnivore)?"
      },
      {
        "from": "gpt",
        "value": "The animal in the image is a parrot, and parrots are omnivores. They have a varied diet that includes seeds, nuts, fruits, vegetables, insects, and small vertebrates. They are known for their ability to crack open hard nuts and seeds, which is an important part of their diet."
      }
    ]
  },
  {
    "id": "52",
    "image": "downloaded_images/Animals/Parrot/image_20241017_145147_6.jpg",
    "conversations": [
      {
        "from": "human",
        "value": "<image>\nWhat does this animal eat (herbivore, carnivore, omnivore)?"
      },
      {
        "from": "gpt",
        "value": "The animal in the image is a parrot, and parrots are omnivores. They have a varied diet that includes seeds, nuts, fruits, vegetables, insects, and small vertebrates. They are known for their ability to crack open hard nuts and seeds, which is an important part of their diet."
      }
    ]
  },
  {
    "id": "53",
    "image": "downloaded_images/Animals/Parrot/image_20241106_095342_17.jpg",
    "conversations": [
      {
        "from": "human",
        "value": "<image>\nIs it native to a specific region or found globally?"
      },
      {
        "from": "gpt",
        "value": "The bird in the image appears to be a macaw, which is a large parrot native to South America. There are several species of macaws, and they are known for their bright colors and strong social bonds. They are not found globally; they are native to the rainforests of South America, including countries like Brazil, Bolivia, Peru, and Paraguay."
      }
    ]
  },
  {
    "id": "54",
    "image": "downloaded_images/Animals/Parrot/image_20241106_095133_3.jpg",
    "conversations": [
      {
        "from": "human",
        "value": "<image>\nIs it native to a specific region or found globally?"
      },
      {
        "from": "gpt",
        "value": "The bird in the image appears to be a macaw, which is a large parrot native to South America. There are several species of macaws, and they are known for their bright colors and strong social bonds. They are not found globally; they are native to the rainforests of South America, including countries like Brazil, Bolivia, Peru, and Paraguay."
      }
    ]
  },
  {
    "id": "55",
    "image": "downloaded_images/Animals/Parrot/image_20241017_145420_19.jpg",
    "conversations": [
      {
        "from": "human",
        "value": "<image>\nIs it native to a specific region or found globally?"
      },
      {
        "from": "gpt",
        "value": "The bird in the image appears to be a macaw, which is a large parrot native to South America. There are several species of macaws, and they are known for their bright colors and strong social bonds. They are not found globally; they are native to the rainforests of South America, including countries like Brazil, Bolivia, Peru, and Paraguay."
      }
    ]
  },
  {
    "id": "56",
    "image": "downloaded_images/Animals/Parrot/image_20241017_145355_16.jpg",
    "conversations": [
      {
        "from": "human",
        "value": "<image>\nIs it native to a specific region or found globally?"
      },
      {
        "from": "gpt",
        "value": "The bird in the image appears to be a macaw, which is a large parrot native to South America. There are several species of macaws, and they are known for their bright colors and strong social bonds. They are not found globally; they are native to the rainforests of South America, including countries like Brazil, Bolivia, Peru, and Paraguay."
      }
    ]
  },
  {
    "id": "57",
    "image": "downloaded_images/Animals/Parrot/image_20241106_095230_9.jpg",
    "conversations": [
      {
        "from": "human",
        "value": "<image>\nIs it native to a specific region or found globally?"
      },
      {
        "from": "gpt",
        "value": "The bird in the image appears to be a macaw, which is a large parrot native to South America. There are several species of macaws, and they are known for their bright colors and strong social bonds. They are not found globally; they are native to the rainforests of South America, including countries like Brazil, Bolivia, Peru, and Paraguay."
      }
    ]
  },
  {
    "id": "58",
    "image": "downloaded_images/Animals/Parrot/image_20241106_095419_21.jpg",
    "conversations": [
      {
        "from": "human",
        "value": "<image>\nHow does this animal reproduce (mating habits, gestation period)?"
      },
      {
        "from": "gpt",
        "value": "The bird in the image appears to be a parrot, specifically one that might be a Macaw or a similar species. Parrots are known for their elaborate courtship rituals and strong pair bonds.Parrots generally mate for life, and their mating habits can be quite elaborate. They often engage in a behavior called preening, where they clean each other's feathers, which can be a form of courtship and bonding.The gestation period for parrots can vary depending on the species, but it is generally around"
      }
    ]
  },
  {
    "id": "59",
    "image": "downloaded_images/Animals/Parrot/image_20241106_095334_16.jpg",
    "conversations": [
      {
        "from": "human",
        "value": "<image>\nHow does this animal reproduce (mating habits, gestation period)?"
      },
      {
        "from": "gpt",
        "value": "The bird in the image appears to be a parrot, specifically one that might be a Macaw or a similar species. Parrots are known for their elaborate courtship rituals and strong pair bonds.Parrots generally mate for life, and their mating habits can be quite elaborate. They often engage in a behavior called preening, where they clean each other's feathers, which can be a form of courtship and bonding.The gestation period for parrots can vary depending on the species, but it is generally around"
      }
    ]
  },
  {
    "id": "60",
    "image": "downloaded_images/Animals/Parrot/image_20241017_145410_18.jpg",
    "conversations": [
      {
        "from": "human",
        "value": "<image>\nHow does this animal reproduce (mating habits, gestation period)?"
      },
      {
        "from": "gpt",
        "value": "The bird in the image appears to be a parrot, specifically one that might be a Macaw or a similar species. Parrots are known for their elaborate courtship rituals and strong pair bonds.Parrots generally mate for life, and their mating habits can be quite elaborate. They often engage in a behavior called preening, where they clean each other's feathers, which can be a form of courtship and bonding.The gestation period for parrots can vary depending on the species, but it is generally around"
      }
    ]
  },
  {
    "id": "61",
    "image": "downloaded_images/Animals/Parrot/image_20241106_095238_10.jpg",
    "conversations": [
      {
        "from": "human",
        "value": "<image>\nHow does this animal reproduce (mating habits, gestation period)?"
      },
      {
        "from": "gpt",
        "value": "The bird in the image appears to be a parrot, specifically one that might be a Macaw or a similar species. Parrots are known for their elaborate courtship rituals and strong pair bonds.Parrots generally mate for life, and their mating habits can be quite elaborate. They often engage in a behavior called preening, where they clean each other's feathers, which can be a form of courtship and bonding.The gestation period for parrots can vary depending on the species, but it is generally around"
      }
    ]
  },
  {
    "id": "62",
    "image": "downloaded_images/Animals/Parrot/image_20241106_095454_25.jpg",
    "conversations": [
      {
        "from": "human",
        "value": "<image>\nHow does this animal reproduce (mating habits, gestation period)?"
      },
      {
        "from": "gpt",
        "value": "The bird in the image appears to be a parrot, specifically one that might be a Macaw or a similar species. Parrots are known for their elaborate courtship rituals and strong pair bonds.Parrots generally mate for life, and their mating habits can be quite elaborate. They often engage in a behavior called preening, where they clean each other's feathers, which can be a form of courtship and bonding.The gestation period for parrots can vary depending on the species, but it is generally around"
      }
    ]
  },
  {
    "id": "100039",
    "image": "downloaded_images/Animals/Parrot/image_20241017_145130_4.jpg",
    "conversations": [
      {
        "from": "human",
        "value": "<image>\nWhat is this animal commonly called?"
      },
      {
        "from": "gpt",
        "value": "The animal in the image is a parrot. Parrots are a group of birds that belong to the order Psittaciformes, characterized by feathers with the layers of barbs, hooks, and scleral ossicles. They are known for their vibrant colors, strong curved bills, and the upright stance of their feet."
      }
    ]
  },
  {
    "id": "100040",
    "image": "downloaded_images/Animals/Parrot/image_20241017_145325_15.jpg",
    "conversations": [
      {
        "from": "human",
        "value": "<image>\nWhat type of diet does this animal have (herbivore, carnivore, omnivore)?"
      },
      {
        "from": "gpt",
        "value": "The animal in the image is a parrot, and parrots are omnivores. They have a varied diet that includes seeds, nuts, fruits, vegetables, insects, and small vertebrates. They are known for their ability to crack open hard nuts and seeds, which is an important part of their diet."
      }
    ]
  },
  {
    "id": "100041",
    "image": "downloaded_images/Animals/Parrot/image_20241017_145402_17.jpg",
    "conversations": [
      {
        "from": "human",
        "value": "<image>\nIs this animal indigenous to a particular region or is it found worldwide?"
      },
      {
        "from": "gpt",
        "value": "The bird in the image appears to be a macaw, which is a large parrot native to South America. There are several species of macaws, and they are known for their bright colors and strong social bonds. They are not found globally; they are native to the rainforests of South America, including countries like Brazil, Bolivia, Peru, and Paraguay."
      }
    ]
  },
  {
    "id": "100042",
    "image": "downloaded_images/Animals/Parrot/image_20241017_145113_2.jpg",
    "conversations": [
      {
        "from": "human",
        "value": "<image>\nWhat are the reproductive habits of this animal (mating behaviors, gestation period)?"
      },
      {
        "from": "gpt",
        "value": "The bird in the image appears to be a parrot, specifically one that might be a Macaw or a similar species. Parrots are known for their elaborate courtship rituals and strong pair bonds.Parrots generally mate for life, and their mating habits can be quite elaborate. They often engage in a behavior called preening, where they clean each other's feathers, which can be a form of courtship and bonding.The gestation period for parrots can vary depending on the species, but it is generally around"
      }
    ]
  },
  {
    "id": "100043",
    "image": "downloaded_images/Animals/Parrot/image_20241106_095257_12.jpg",
    "conversations": [
      {
        "from": "human",
        "value": "<image>\nWhat is this animal commonly called?"
      },
      {
        "from": "gpt",
        "value": "The animal in the image is a parrot. Parrots are a group of birds that belong to the order Psittaciformes, characterized by feathers with the layers of barbs, hooks, and scleral ossicles. They are known for their vibrant colors, strong curved bills, and the upright stance of their feet."
      }
    ]
  },
  {
    "id": "100044",
    "image": "downloaded_images/Animals/Parrot/image_20241017_145355_16.jpg",
    "conversations": [
      {
        "from": "human",
        "value": "<image>\nWhat is this animal commonly called?"
      },
      {
        "from": "gpt",
        "value": "The animal in the image is a parrot. Parrots are a group of birds that belong to the order Psittaciformes, characterized by feathers with the layers of barbs, hooks, and scleral ossicles. They are known for their vibrant colors, strong curved bills, and the upright stance of their feet."
      }
    ]
  },
  {
    "id": "100045",
    "image": "downloaded_images/Animals/Parrot/image_20241106_095446_24.jpg",
    "conversations": [
      {
        "from": "human",
        "value": "<image>\nWhat is this animal commonly called?"
      },
      {
        "from": "gpt",
        "value": "The animal in the image is a parrot. Parrots are a group of birds that belong to the order Psittaciformes, characterized by feathers with the layers of barbs, hooks, and scleral ossicles. They are known for their vibrant colors, strong curved bills, and the upright stance of their feet."
      }
    ]
  },
  {
    "id": "100046",
    "image": "downloaded_images/Animals/Parrot/image_20241106_095342_17.jpg",
    "conversations": [
      {
        "from": "human",
        "value": "<image>\nWhat is this animal commonly called?"
      },
      {
        "from": "gpt",
        "value": "The animal in the image is a parrot. Parrots are a group of birds that belong to the order Psittaciformes, characterized by feathers with the layers of barbs, hooks, and scleral ossicles. They are known for their vibrant colors, strong curved bills, and the upright stance of their feet."
      }
    ]
  },
  {
    "id": "100047",
    "image": "downloaded_images/Animals/Parrot/image_20241106_095435_23.jpg",
    "conversations": [
      {
        "from": "human",
        "value": "<image>\nWhat is this animal commonly called?"
      },
      {
        "from": "gpt",
        "value": "The animal in the image is a parrot. Parrots are a group of birds that belong to the order Psittaciformes, characterized by feathers with the layers of barbs, hooks, and scleral ossicles. They are known for their vibrant colors, strong curved bills, and the upright stance of their feet."
      }
    ]
  },
  {
    "id": "100048",
    "image": "downloaded_images/Animals/Parrot/image_20241106_095123_2.jpg",
    "conversations": [
      {
        "from": "human",
        "value": "<image>\nWhat type of diet does this animal have (herbivore, carnivore, omnivore)?"
      },
      {
        "from": "gpt",
        "value": "The animal in the image is a parrot, and parrots are omnivores. They have a varied diet that includes seeds, nuts, fruits, vegetables, insects, and small vertebrates. They are known for their ability to crack open hard nuts and seeds, which is an important part of their diet."
      }
    ]
  },
  {
    "id": "100049",
    "image": "downloaded_images/Animals/Parrot/image_20241106_095257_12.jpg",
    "conversations": [
      {
        "from": "human",
        "value": "<image>\nWhat type of diet does this animal have (herbivore, carnivore, omnivore)?"
      },
      {
        "from": "gpt",
        "value": "The animal in the image is a parrot, and parrots are omnivores. They have a varied diet that includes seeds, nuts, fruits, vegetables, insects, and small vertebrates. They are known for their ability to crack open hard nuts and seeds, which is an important part of their diet."
      }
    ]
  },
  {
    "id": "100050",
    "image": "downloaded_images/Animals/Parrot/image_20241106_095220_8.jpg",
    "conversations": [
      {
        "from": "human",
        "value": "<image>\nWhat type of diet does this animal have (herbivore, carnivore, omnivore)?"
      },
      {
        "from": "gpt",
        "value": "The animal in the image is a parrot, and parrots are omnivores. They have a varied diet that includes seeds, nuts, fruits, vegetables, insects, and small vertebrates. They are known for their ability to crack open hard nuts and seeds, which is an important part of their diet."
      }
    ]
  },
  {
    "id": "100051",
    "image": "downloaded_images/Animals/Parrot/image_20241106_095230_9.jpg",
    "conversations": [
      {
        "from": "human",
        "value": "<image>\nWhat type of diet does this animal have (herbivore, carnivore, omnivore)?"
      },
      {
        "from": "gpt",
        "value": "The animal in the image is a parrot, and parrots are omnivores. They have a varied diet that includes seeds, nuts, fruits, vegetables, insects, and small vertebrates. They are known for their ability to crack open hard nuts and seeds, which is an important part of their diet."
      }
    ]
  },
  {
    "id": "100052",
    "image": "downloaded_images/Animals/Parrot/image_20241017_145147_6.jpg",
    "conversations": [
      {
        "from": "human",
        "value": "<image>\nWhat type of diet does this animal have (herbivore, carnivore, omnivore)?"
      },
      {
        "from": "gpt",
        "value": "The animal in the image is a parrot, and parrots are omnivores. They have a varied diet that includes seeds, nuts, fruits, vegetables, insects, and small vertebrates. They are known for their ability to crack open hard nuts and seeds, which is an important part of their diet."
      }
    ]
  },
  {
    "id": "100053",
    "image": "downloaded_images/Animals/Parrot/image_20241106_095342_17.jpg",
    "conversations": [
      {
        "from": "human",
        "value": "<image>\nIs this animal indigenous to a particular region or is it found worldwide?"
      },
      {
        "from": "gpt",
        "value": "The bird in the image appears to be a macaw, which is a large parrot native to South America. There are several species of macaws, and they are known for their bright colors and strong social bonds. They are not found globally; they are native to the rainforests of South America, including countries like Brazil, Bolivia, Peru, and Paraguay."
      }
    ]
  },
  {
    "id": "100054",
    "image": "downloaded_images/Animals/Parrot/image_20241106_095133_3.jpg",
    "conversations": [
      {
        "from": "human",
        "value": "<image>\nIs this animal indigenous to a particular region or is it found worldwide?"
      },
      {
        "from": "gpt",
        "value": "The bird in the image appears to be a macaw, which is a large parrot native to South America. There are several species of macaws, and they are known for their bright colors and strong social bonds. They are not found globally; they are native to the rainforests of South America, including countries like Brazil, Bolivia, Peru, and Paraguay."
      }
    ]
  },
  {
    "id": "100055",
    "image": "downloaded_images/Animals/Parrot/image_20241017_145420_19.jpg",
    "conversations": [
      {
        "from": "human",
        "value": "<image>\nIs this animal indigenous to a particular region or is it found worldwide?"
      },
      {
        "from": "gpt",
        "value": "The bird in the image appears to be a macaw, which is a large parrot native to South America. There are several species of macaws, and they are known for their bright colors and strong social bonds. They are not found globally; they are native to the rainforests of South America, including countries like Brazil, Bolivia, Peru, and Paraguay."
      }
    ]
  },
  {
    "id": "100056",
    "image": "downloaded_images/Animals/Parrot/image_20241017_145355_16.jpg",
    "conversations": [
      {
        "from": "human",
        "value": "<image>\nIs this animal indigenous to a particular region or is it found worldwide?"
      },
      {
        "from": "gpt",
        "value": "The bird in the image appears to be a macaw, which is a large parrot native to South America. There are several species of macaws, and they are known for their bright colors and strong social bonds. They are not found globally; they are native to the rainforests of South America, including countries like Brazil, Bolivia, Peru, and Paraguay."
      }
    ]
  },
  {
    "id": "100057",
    "image": "downloaded_images/Animals/Parrot/image_20241106_095230_9.jpg",
    "conversations": [
      {
        "from": "human",
        "value": "<image>\nIs this animal indigenous to a particular region or is it found worldwide?"
      },
      {
        "from": "gpt",
        "value": "The bird in the image appears to be a macaw, which is a large parrot native to South America. There are several species of macaws, and they are known for their bright colors and strong social bonds. They are not found globally; they are native to the rainforests of South America, including countries like Brazil, Bolivia, Peru, and Paraguay."
      }
    ]
  },
  {
    "id": "100058",
    "image": "downloaded_images/Animals/Parrot/image_20241106_095419_21.jpg",
    "conversations": [
      {
        "from": "human",
        "value": "<image>\nWhat are the reproductive habits of this animal (mating behaviors, gestation period)?"
      },
      {
        "from": "gpt",
        "value": "The bird in the image appears to be a parrot, specifically one that might be a Macaw or a similar species. Parrots are known for their elaborate courtship rituals and strong pair bonds.Parrots generally mate for life, and their mating habits can be quite elaborate. They often engage in a behavior called preening, where they clean each other's feathers, which can be a form of courtship and bonding.The gestation period for parrots can vary depending on the species, but it is generally around"
      }
    ]
  },
  {
    "id": "100059",
    "image": "downloaded_images/Animals/Parrot/image_20241106_095334_16.jpg",
    "conversations": [
      {
        "from": "human",
        "value": "<image>\nWhat are the reproductive habits of this animal (mating behaviors, gestation period)?"
      },
      {
        "from": "gpt",
        "value": "The bird in the image appears to be a parrot, specifically one that might be a Macaw or a similar species. Parrots are known for their elaborate courtship rituals and strong pair bonds.Parrots generally mate for life, and their mating habits can be quite elaborate. They often engage in a behavior called preening, where they clean each other's feathers, which can be a form of courtship and bonding.The gestation period for parrots can vary depending on the species, but it is generally around"
      }
    ]
  },
  {
    "id": "100060",
    "image": "downloaded_images/Animals/Parrot/image_20241017_145410_18.jpg",
    "conversations": [
      {
        "from": "human",
        "value": "<image>\nWhat are the reproductive habits of this animal (mating behaviors, gestation period)?"
      },
      {
        "from": "gpt",
        "value": "The bird in the image appears to be a parrot, specifically one that might be a Macaw or a similar species. Parrots are known for their elaborate courtship rituals and strong pair bonds.Parrots generally mate for life, and their mating habits can be quite elaborate. They often engage in a behavior called preening, where they clean each other's feathers, which can be a form of courtship and bonding.The gestation period for parrots can vary depending on the species, but it is generally around"
      }
    ]
  },
  {
    "id": "100061",
    "image": "downloaded_images/Animals/Parrot/image_20241106_095238_10.jpg",
    "conversations": [
      {
        "from": "human",
        "value": "<image>\nWhat are the reproductive habits of this animal (mating behaviors, gestation period)?"
      },
      {
        "from": "gpt",
        "value": "The bird in the image appears to be a parrot, specifically one that might be a Macaw or a similar species. Parrots are known for their elaborate courtship rituals and strong pair bonds.Parrots generally mate for life, and their mating habits can be quite elaborate. They often engage in a behavior called preening, where they clean each other's feathers, which can be a form of courtship and bonding.The gestation period for parrots can vary depending on the species, but it is generally around"
      }
    ]
  },
  {
    "id": "100062",
    "image": "downloaded_images/Animals/Parrot/image_20241106_095454_25.jpg",
    "conversations": [
      {
        "from": "human",
        "value": "<image>\nWhat are the reproductive habits of this animal (mating behaviors, gestation period)?"
      },
      {
        "from": "gpt",
        "value": "The bird in the image appears to be a parrot, specifically one that might be a Macaw or a similar species. Parrots are known for their elaborate courtship rituals and strong pair bonds.Parrots generally mate for life, and their mating habits can be quite elaborate. They often engage in a behavior called preening, where they clean each other's feathers, which can be a form of courtship and bonding.The gestation period for parrots can vary depending on the species, but it is generally around"
      }
    ]
  },
  {
    "id": "200039",
    "image": "downloaded_images/Animals/Parrot/image_20241017_145130_4.jpg",
    "conversations": [
      {
        "from": "human",
        "value": "<image>\nWhat is the usual name for this animal?"
      },
      {
        "from": "gpt",
        "value": "The animal in the image is a parrot. Parrots are a group of birds that belong to the order Psittaciformes, characterized by feathers with the layers of barbs, hooks, and scleral ossicles. They are known for their vibrant colors, strong curved bills, and the upright stance of their feet."
      }
    ]
  },
  {
    "id": "200040",
    "image": "downloaded_images/Animals/Parrot/image_20241017_145325_15.jpg",
    "conversations": [
      {
        "from": "human",
        "value": "<image>\nIs this animal a herbivore, carnivore, or omnivore?"
      },
      {
        "from": "gpt",
        "value": "The animal in the image is a parrot, and parrots are omnivores. They have a varied diet that includes seeds, nuts, fruits, vegetables, insects, and small vertebrates. They are known for their ability to crack open hard nuts and seeds, which is an important part of their diet."
      }
    ]
  },
  {
    "id": "200041",
    "image": "downloaded_images/Animals/Parrot/image_20241017_145402_17.jpg",
    "conversations": [
      {
        "from": "human",
        "value": "<image>\nDoes this species originate from a specific area, or is it found globally?"
      },
      {
        "from": "gpt",
        "value": "The bird in the image appears to be a macaw, which is a large parrot native to South America. There are several species of macaws, and they are known for their bright colors and strong social bonds. They are not found globally; they are native to the rainforests of South America, including countries like Brazil, Bolivia, Peru, and Paraguay."
      }
    ]
  },
  {
    "id": "200042",
    "image": "downloaded_images/Animals/Parrot/image_20241017_145113_2.jpg",
    "conversations": [
      {
        "from": "human",
        "value": "<image>\nHow does this animal reproduce, including mating habits and gestation duration?"
      },
      {
        "from": "gpt",
        "value": "The bird in the image appears to be a parrot, specifically one that might be a Macaw or a similar species. Parrots are known for their elaborate courtship rituals and strong pair bonds.Parrots generally mate for life, and their mating habits can be quite elaborate. They often engage in a behavior called preening, where they clean each other's feathers, which can be a form of courtship and bonding.The gestation period for parrots can vary depending on the species, but it is generally around"
      }
    ]
  },
  {
    "id": "200043",
    "image": "downloaded_images/Animals/Parrot/image_20241106_095257_12.jpg",
    "conversations": [
      {
        "from": "human",
        "value": "<image>\nWhat is the usual name for this animal?"
      },
      {
        "from": "gpt",
        "value": "The animal in the image is a parrot. Parrots are a group of birds that belong to the order Psittaciformes, characterized by feathers with the layers of barbs, hooks, and scleral ossicles. They are known for their vibrant colors, strong curved bills, and the upright stance of their feet."
      }
    ]
  },
  {
    "id": "200044",
    "image": "downloaded_images/Animals/Parrot/image_20241017_145355_16.jpg",
    "conversations": [
      {
        "from": "human",
        "value": "<image>\nWhat is the usual name for this animal?"
      },
      {
        "from": "gpt",
        "value": "The animal in the image is a parrot. Parrots are a group of birds that belong to the order Psittaciformes, characterized by feathers with the layers of barbs, hooks, and scleral ossicles. They are known for their vibrant colors, strong curved bills, and the upright stance of their feet."
      }
    ]
  },
  {
    "id": "200045",
    "image": "downloaded_images/Animals/Parrot/image_20241106_095446_24.jpg",
    "conversations": [
      {
        "from": "human",
        "value": "<image>\nWhat is the usual name for this animal?"
      },
      {
        "from": "gpt",
        "value": "The animal in the image is a parrot. Parrots are a group of birds that belong to the order Psittaciformes, characterized by feathers with the layers of barbs, hooks, and scleral ossicles. They are known for their vibrant colors, strong curved bills, and the upright stance of their feet."
      }
    ]
  },
  {
    "id": "200046",
    "image": "downloaded_images/Animals/Parrot/image_20241106_095342_17.jpg",
    "conversations": [
      {
        "from": "human",
        "value": "<image>\nWhat is the usual name for this animal?"
      },
      {
        "from": "gpt",
        "value": "The animal in the image is a parrot. Parrots are a group of birds that belong to the order Psittaciformes, characterized by feathers with the layers of barbs, hooks, and scleral ossicles. They are known for their vibrant colors, strong curved bills, and the upright stance of their feet."
      }
    ]
  },
  {
    "id": "200047",
    "image": "downloaded_images/Animals/Parrot/image_20241106_095435_23.jpg",
    "conversations": [
      {
        "from": "human",
        "value": "<image>\nWhat is the usual name for this animal?"
      },
      {
        "from": "gpt",
        "value": "The animal in the image is a parrot. Parrots are a group of birds that belong to the order Psittaciformes, characterized by feathers with the layers of barbs, hooks, and scleral ossicles. They are known for their vibrant colors, strong curved bills, and the upright stance of their feet."
      }
    ]
  },
  {
    "id": "200048",
    "image": "downloaded_images/Animals/Parrot/image_20241106_095123_2.jpg",
    "conversations": [
      {
        "from": "human",
        "value": "<image>\nIs this animal a herbivore, carnivore, or omnivore?"
      },
      {
        "from": "gpt",
        "value": "The animal in the image is a parrot, and parrots are omnivores. They have a varied diet that includes seeds, nuts, fruits, vegetables, insects, and small vertebrates. They are known for their ability to crack open hard nuts and seeds, which is an important part of their diet."
      }
    ]
  },
  {
    "id": "200049",
    "image": "downloaded_images/Animals/Parrot/image_20241106_095257_12.jpg",
    "conversations": [
      {
        "from": "human",
        "value": "<image>\nIs this animal a herbivore, carnivore, or omnivore?"
      },
      {
        "from": "gpt",
        "value": "The animal in the image is a parrot, and parrots are omnivores. They have a varied diet that includes seeds, nuts, fruits, vegetables, insects, and small vertebrates. They are known for their ability to crack open hard nuts and seeds, which is an important part of their diet."
      }
    ]
  },
  {
    "id": "200050",
    "image": "downloaded_images/Animals/Parrot/image_20241106_095220_8.jpg",
    "conversations": [
      {
        "from": "human",
        "value": "<image>\nIs this animal a herbivore, carnivore, or omnivore?"
      },
      {
        "from": "gpt",
        "value": "The animal in the image is a parrot, and parrots are omnivores. They have a varied diet that includes seeds, nuts, fruits, vegetables, insects, and small vertebrates. They are known for their ability to crack open hard nuts and seeds, which is an important part of their diet."
      }
    ]
  },
  {
    "id": "200051",
    "image": "downloaded_images/Animals/Parrot/image_20241106_095230_9.jpg",
    "conversations": [
      {
        "from": "human",
        "value": "<image>\nIs this animal a herbivore, carnivore, or omnivore?"
      },
      {
        "from": "gpt",
        "value": "The animal in the image is a parrot, and parrots are omnivores. They have a varied diet that includes seeds, nuts, fruits, vegetables, insects, and small vertebrates. They are known for their ability to crack open hard nuts and seeds, which is an important part of their diet."
      }
    ]
  },
  {
    "id": "200052",
    "image": "downloaded_images/Animals/Parrot/image_20241017_145147_6.jpg",
    "conversations": [
      {
        "from": "human",
        "value": "<image>\nIs this animal a herbivore, carnivore, or omnivore?"
      },
      {
        "from": "gpt",
        "value": "The animal in the image is a parrot, and parrots are omnivores. They have a varied diet that includes seeds, nuts, fruits, vegetables, insects, and small vertebrates. They are known for their ability to crack open hard nuts and seeds, which is an important part of their diet."
      }
    ]
  },
  {
    "id": "200053",
    "image": "downloaded_images/Animals/Parrot/image_20241106_095342_17.jpg",
    "conversations": [
      {
        "from": "human",
        "value": "<image>\nDoes this species originate from a specific area, or is it found globally?"
      },
      {
        "from": "gpt",
        "value": "The bird in the image appears to be a macaw, which is a large parrot native to South America. There are several species of macaws, and they are known for their bright colors and strong social bonds. They are not found globally; they are native to the rainforests of South America, including countries like Brazil, Bolivia, Peru, and Paraguay."
      }
    ]
  },
  {
    "id": "200054",
    "image": "downloaded_images/Animals/Parrot/image_20241106_095133_3.jpg",
    "conversations": [
      {
        "from": "human",
        "value": "<image>\nDoes this species originate from a specific area, or is it found globally?"
      },
      {
        "from": "gpt",
        "value": "The bird in the image appears to be a macaw, which is a large parrot native to South America. There are several species of macaws, and they are known for their bright colors and strong social bonds. They are not found globally; they are native to the rainforests of South America, including countries like Brazil, Bolivia, Peru, and Paraguay."
      }
    ]
  },
  {
    "id": "200055",
    "image": "downloaded_images/Animals/Parrot/image_20241017_145420_19.jpg",
    "conversations": [
      {
        "from": "human",
        "value": "<image>\nDoes this species originate from a specific area, or is it found globally?"
      },
      {
        "from": "gpt",
        "value": "The bird in the image appears to be a macaw, which is a large parrot native to South America. There are several species of macaws, and they are known for their bright colors and strong social bonds. They are not found globally; they are native to the rainforests of South America, including countries like Brazil, Bolivia, Peru, and Paraguay."
      }
    ]
  },
  {
    "id": "200056",
    "image": "downloaded_images/Animals/Parrot/image_20241017_145355_16.jpg",
    "conversations": [
      {
        "from": "human",
        "value": "<image>\nDoes this species originate from a specific area, or is it found globally?"
      },
      {
        "from": "gpt",
        "value": "The bird in the image appears to be a macaw, which is a large parrot native to South America. There are several species of macaws, and they are known for their bright colors and strong social bonds. They are not found globally; they are native to the rainforests of South America, including countries like Brazil, Bolivia, Peru, and Paraguay."
      }
    ]
  },
  {
    "id": "200057",
    "image": "downloaded_images/Animals/Parrot/image_20241106_095230_9.jpg",
    "conversations": [
      {
        "from": "human",
        "value": "<image>\nDoes this species originate from a specific area, or is it found globally?"
      },
      {
        "from": "gpt",
        "value": "The bird in the image appears to be a macaw, which is a large parrot native to South America. There are several species of macaws, and they are known for their bright colors and strong social bonds. They are not found globally; they are native to the rainforests of South America, including countries like Brazil, Bolivia, Peru, and Paraguay."
      }
    ]
  },
  {
    "id": "200058",
    "image": "downloaded_images/Animals/Parrot/image_20241106_095419_21.jpg",
    "conversations": [
      {
        "from": "human",
        "value": "<image>\nHow does this animal reproduce, including mating habits and gestation duration?"
      },
      {
        "from": "gpt",
        "value": "The bird in the image appears to be a parrot, specifically one that might be a Macaw or a similar species. Parrots are known for their elaborate courtship rituals and strong pair bonds.Parrots generally mate for life, and their mating habits can be quite elaborate. They often engage in a behavior called preening, where they clean each other's feathers, which can be a form of courtship and bonding.The gestation period for parrots can vary depending on the species, but it is generally around"
      }
    ]
  },
  {
    "id": "200059",
    "image": "downloaded_images/Animals/Parrot/image_20241106_095334_16.jpg",
    "conversations": [
      {
        "from": "human",
        "value": "<image>\nHow does this animal reproduce, including mating habits and gestation duration?"
      },
      {
        "from": "gpt",
        "value": "The bird in the image appears to be a parrot, specifically one that might be a Macaw or a similar species. Parrots are known for their elaborate courtship rituals and strong pair bonds.Parrots generally mate for life, and their mating habits can be quite elaborate. They often engage in a behavior called preening, where they clean each other's feathers, which can be a form of courtship and bonding.The gestation period for parrots can vary depending on the species, but it is generally around"
      }
    ]
  },
  {
    "id": "200060",
    "image": "downloaded_images/Animals/Parrot/image_20241017_145410_18.jpg",
    "conversations": [
      {
        "from": "human",
        "value": "<image>\nHow does this animal reproduce, including mating habits and gestation duration?"
      },
      {
        "from": "gpt",
        "value": "The bird in the image appears to be a parrot, specifically one that might be a Macaw or a similar species. Parrots are known for their elaborate courtship rituals and strong pair bonds.Parrots generally mate for life, and their mating habits can be quite elaborate. They often engage in a behavior called preening, where they clean each other's feathers, which can be a form of courtship and bonding.The gestation period for parrots can vary depending on the species, but it is generally around"
      }
    ]
  },
  {
    "id": "200061",
    "image": "downloaded_images/Animals/Parrot/image_20241106_095238_10.jpg",
    "conversations": [
      {
        "from": "human",
        "value": "<image>\nHow does this animal reproduce, including mating habits and gestation duration?"
      },
      {
        "from": "gpt",
        "value": "The bird in the image appears to be a parrot, specifically one that might be a Macaw or a similar species. Parrots are known for their elaborate courtship rituals and strong pair bonds.Parrots generally mate for life, and their mating habits can be quite elaborate. They often engage in a behavior called preening, where they clean each other's feathers, which can be a form of courtship and bonding.The gestation period for parrots can vary depending on the species, but it is generally around"
      }
    ]
  },
  {
    "id": "200062",
    "image": "downloaded_images/Animals/Parrot/image_20241106_095454_25.jpg",
    "conversations": [
      {
        "from": "human",
        "value": "<image>\nHow does this animal reproduce, including mating habits and gestation duration?"
      },
      {
        "from": "gpt",
        "value": "The bird in the image appears to be a parrot, specifically one that might be a Macaw or a similar species. Parrots are known for their elaborate courtship rituals and strong pair bonds.Parrots generally mate for life, and their mating habits can be quite elaborate. They often engage in a behavior called preening, where they clean each other's feathers, which can be a form of courtship and bonding.The gestation period for parrots can vary depending on the species, but it is generally around"
      }
    ]
  },
  {
    "id": "300039",
    "image": "downloaded_images/Animals/Parrot/image_20241017_145130_4.jpg",
    "conversations": [
      {
        "from": "human",
        "value": "<image>\nCan you tell me the common name of this species?"
      },
      {
        "from": "gpt",
        "value": "The animal in the image is a parrot. Parrots are a group of birds that belong to the order Psittaciformes, characterized by feathers with the layers of barbs, hooks, and scleral ossicles. They are known for their vibrant colors, strong curved bills, and the upright stance of their feet."
      }
    ]
  },
  {
    "id": "300040",
    "image": "downloaded_images/Animals/Parrot/image_20241017_145325_15.jpg",
    "conversations": [
      {
        "from": "human",
        "value": "<image>\nWhat kind of foods does this animal consume?"
      },
      {
        "from": "gpt",
        "value": "The animal in the image is a parrot, and parrots are omnivores. They have a varied diet that includes seeds, nuts, fruits, vegetables, insects, and small vertebrates. They are known for their ability to crack open hard nuts and seeds, which is an important part of their diet."
      }
    ]
  },
  {
    "id": "300041",
    "image": "downloaded_images/Animals/Parrot/image_20241017_145402_17.jpg",
    "conversations": [
      {
        "from": "human",
        "value": "<image>\nIs this animal native to any specific region, or is it distributed all over the world?"
      },
      {
        "from": "gpt",
        "value": "The bird in the image appears to be a macaw, which is a large parrot native to South America. There are several species of macaws, and they are known for their bright colors and strong social bonds. They are not found globally; they are native to the rainforests of South America, including countries like Brazil, Bolivia, Peru, and Paraguay."
      }
    ]
  },
  {
    "id": "300042",
    "image": "downloaded_images/Animals/Parrot/image_20241017_145113_2.jpg",
    "conversations": [
      {
        "from": "human",
        "value": "<image>\nCan you explain the reproduction process of this species (mating habits and gestation)?"
      },
      {
        "from": "gpt",
        "value": "The bird in the image appears to be a parrot, specifically one that might be a Macaw or a similar species. Parrots are known for their elaborate courtship rituals and strong pair bonds.Parrots generally mate for life, and their mating habits can be quite elaborate. They often engage in a behavior called preening, where they clean each other's feathers, which can be a form of courtship and bonding.The gestation period for parrots can vary depending on the species, but it is generally around"
      }
    ]
  },
  {
    "id": "300043",
    "image": "downloaded_images/Animals/Parrot/image_20241106_095257_12.jpg",
    "conversations": [
      {
        "from": "human",
        "value": "<image>\nCan you tell me the common name of this species?"
      },
      {
        "from": "gpt",
        "value": "The animal in the image is a parrot. Parrots are a group of birds that belong to the order Psittaciformes, characterized by feathers with the layers of barbs, hooks, and scleral ossicles. They are known for their vibrant colors, strong curved bills, and the upright stance of their feet."
      }
    ]
  },
  {
    "id": "300044",
    "image": "downloaded_images/Animals/Parrot/image_20241017_145355_16.jpg",
    "conversations": [
      {
        "from": "human",
        "value": "<image>\nCan you tell me the common name of this species?"
      },
      {
        "from": "gpt",
        "value": "The animal in the image is a parrot. Parrots are a group of birds that belong to the order Psittaciformes, characterized by feathers with the layers of barbs, hooks, and scleral ossicles. They are known for their vibrant colors, strong curved bills, and the upright stance of their feet."
      }
    ]
  },
  {
    "id": "300045",
    "image": "downloaded_images/Animals/Parrot/image_20241106_095446_24.jpg",
    "conversations": [
      {
        "from": "human",
        "value": "<image>\nCan you tell me the common name of this species?"
      },
      {
        "from": "gpt",
        "value": "The animal in the image is a parrot. Parrots are a group of birds that belong to the order Psittaciformes, characterized by feathers with the layers of barbs, hooks, and scleral ossicles. They are known for their vibrant colors, strong curved bills, and the upright stance of their feet."
      }
    ]
  },
  {
    "id": "300046",
    "image": "downloaded_images/Animals/Parrot/image_20241106_095342_17.jpg",
    "conversations": [
      {
        "from": "human",
        "value": "<image>\nCan you tell me the common name of this species?"
      },
      {
        "from": "gpt",
        "value": "The animal in the image is a parrot. Parrots are a group of birds that belong to the order Psittaciformes, characterized by feathers with the layers of barbs, hooks, and scleral ossicles. They are known for their vibrant colors, strong curved bills, and the upright stance of their feet."
      }
    ]
  },
  {
    "id": "300047",
    "image": "downloaded_images/Animals/Parrot/image_20241106_095435_23.jpg",
    "conversations": [
      {
        "from": "human",
        "value": "<image>\nCan you tell me the common name of this species?"
      },
      {
        "from": "gpt",
        "value": "The animal in the image is a parrot. Parrots are a group of birds that belong to the order Psittaciformes, characterized by feathers with the layers of barbs, hooks, and scleral ossicles. They are known for their vibrant colors, strong curved bills, and the upright stance of their feet."
      }
    ]
  },
  {
    "id": "300048",
    "image": "downloaded_images/Animals/Parrot/image_20241106_095123_2.jpg",
    "conversations": [
      {
        "from": "human",
        "value": "<image>\nWhat kind of foods does this animal consume?"
      },
      {
        "from": "gpt",
        "value": "The animal in the image is a parrot, and parrots are omnivores. They have a varied diet that includes seeds, nuts, fruits, vegetables, insects, and small vertebrates. They are known for their ability to crack open hard nuts and seeds, which is an important part of their diet."
      }
    ]
  },
  {
    "id": "300049",
    "image": "downloaded_images/Animals/Parrot/image_20241106_095257_12.jpg",
    "conversations": [
      {
        "from": "human",
        "value": "<image>\nWhat kind of foods does this animal consume?"
      },
      {
        "from": "gpt",
        "value": "The animal in the image is a parrot, and parrots are omnivores. They have a varied diet that includes seeds, nuts, fruits, vegetables, insects, and small vertebrates. They are known for their ability to crack open hard nuts and seeds, which is an important part of their diet."
      }
    ]
  },
  {
    "id": "300050",
    "image": "downloaded_images/Animals/Parrot/image_20241106_095220_8.jpg",
    "conversations": [
      {
        "from": "human",
        "value": "<image>\nWhat kind of foods does this animal consume?"
      },
      {
        "from": "gpt",
        "value": "The animal in the image is a parrot, and parrots are omnivores. They have a varied diet that includes seeds, nuts, fruits, vegetables, insects, and small vertebrates. They are known for their ability to crack open hard nuts and seeds, which is an important part of their diet."
      }
    ]
  },
  {
    "id": "300051",
    "image": "downloaded_images/Animals/Parrot/image_20241106_095230_9.jpg",
    "conversations": [
      {
        "from": "human",
        "value": "<image>\nWhat kind of foods does this animal consume?"
      },
      {
        "from": "gpt",
        "value": "The animal in the image is a parrot, and parrots are omnivores. They have a varied diet that includes seeds, nuts, fruits, vegetables, insects, and small vertebrates. They are known for their ability to crack open hard nuts and seeds, which is an important part of their diet."
      }
    ]
  },
  {
    "id": "300052",
    "image": "downloaded_images/Animals/Parrot/image_20241017_145147_6.jpg",
    "conversations": [
      {
        "from": "human",
        "value": "<image>\nWhat kind of foods does this animal consume?"
      },
      {
        "from": "gpt",
        "value": "The animal in the image is a parrot, and parrots are omnivores. They have a varied diet that includes seeds, nuts, fruits, vegetables, insects, and small vertebrates. They are known for their ability to crack open hard nuts and seeds, which is an important part of their diet."
      }
    ]
  },
  {
    "id": "300053",
    "image": "downloaded_images/Animals/Parrot/image_20241106_095342_17.jpg",
    "conversations": [
      {
        "from": "human",
        "value": "<image>\nIs this animal native to any specific region, or is it distributed all over the world?"
      },
      {
        "from": "gpt",
        "value": "The bird in the image appears to be a macaw, which is a large parrot native to South America. There are several species of macaws, and they are known for their bright colors and strong social bonds. They are not found globally; they are native to the rainforests of South America, including countries like Brazil, Bolivia, Peru, and Paraguay."
      }
    ]
  },
  {
    "id": "300054",
    "image": "downloaded_images/Animals/Parrot/image_20241106_095133_3.jpg",
    "conversations": [
      {
        "from": "human",
        "value": "<image>\nIs this animal native to any specific region, or is it distributed all over the world?"
      },
      {
        "from": "gpt",
        "value": "The bird in the image appears to be a macaw, which is a large parrot native to South America. There are several species of macaws, and they are known for their bright colors and strong social bonds. They are not found globally; they are native to the rainforests of South America, including countries like Brazil, Bolivia, Peru, and Paraguay."
      }
    ]
  },
  {
    "id": "300055",
    "image": "downloaded_images/Animals/Parrot/image_20241017_145420_19.jpg",
    "conversations": [
      {
        "from": "human",
        "value": "<image>\nIs this animal native to any specific region, or is it distributed all over the world?"
      },
      {
        "from": "gpt",
        "value": "The bird in the image appears to be a macaw, which is a large parrot native to South America. There are several species of macaws, and they are known for their bright colors and strong social bonds. They are not found globally; they are native to the rainforests of South America, including countries like Brazil, Bolivia, Peru, and Paraguay."
      }
    ]
  },
  {
    "id": "300056",
    "image": "downloaded_images/Animals/Parrot/image_20241017_145355_16.jpg",
    "conversations": [
      {
        "from": "human",
        "value": "<image>\nIs this animal native to any specific region, or is it distributed all over the world?"
      },
      {
        "from": "gpt",
        "value": "The bird in the image appears to be a macaw, which is a large parrot native to South America. There are several species of macaws, and they are known for their bright colors and strong social bonds. They are not found globally; they are native to the rainforests of South America, including countries like Brazil, Bolivia, Peru, and Paraguay."
      }
    ]
  },
  {
    "id": "300057",
    "image": "downloaded_images/Animals/Parrot/image_20241106_095230_9.jpg",
    "conversations": [
      {
        "from": "human",
        "value": "<image>\nIs this animal native to any specific region, or is it distributed all over the world?"
      },
      {
        "from": "gpt",
        "value": "The bird in the image appears to be a macaw, which is a large parrot native to South America. There are several species of macaws, and they are known for their bright colors and strong social bonds. They are not found globally; they are native to the rainforests of South America, including countries like Brazil, Bolivia, Peru, and Paraguay."
      }
    ]
  },
  {
    "id": "300058",
    "image": "downloaded_images/Animals/Parrot/image_20241106_095419_21.jpg",
    "conversations": [
      {
        "from": "human",
        "value": "<image>\nCan you explain the reproduction process of this species (mating habits and gestation)?"
      },
      {
        "from": "gpt",
        "value": "The bird in the image appears to be a parrot, specifically one that might be a Macaw or a similar species. Parrots are known for their elaborate courtship rituals and strong pair bonds.Parrots generally mate for life, and their mating habits can be quite elaborate. They often engage in a behavior called preening, where they clean each other's feathers, which can be a form of courtship and bonding.The gestation period for parrots can vary depending on the species, but it is generally around"
      }
    ]
  },
  {
    "id": "300059",
    "image": "downloaded_images/Animals/Parrot/image_20241106_095334_16.jpg",
    "conversations": [
      {
        "from": "human",
        "value": "<image>\nCan you explain the reproduction process of this species (mating habits and gestation)?"
      },
      {
        "from": "gpt",
        "value": "The bird in the image appears to be a parrot, specifically one that might be a Macaw or a similar species. Parrots are known for their elaborate courtship rituals and strong pair bonds.Parrots generally mate for life, and their mating habits can be quite elaborate. They often engage in a behavior called preening, where they clean each other's feathers, which can be a form of courtship and bonding.The gestation period for parrots can vary depending on the species, but it is generally around"
      }
    ]
  },
  {
    "id": "300060",
    "image": "downloaded_images/Animals/Parrot/image_20241017_145410_18.jpg",
    "conversations": [
      {
        "from": "human",
        "value": "<image>\nCan you explain the reproduction process of this species (mating habits and gestation)?"
      },
      {
        "from": "gpt",
        "value": "The bird in the image appears to be a parrot, specifically one that might be a Macaw or a similar species. Parrots are known for their elaborate courtship rituals and strong pair bonds.Parrots generally mate for life, and their mating habits can be quite elaborate. They often engage in a behavior called preening, where they clean each other's feathers, which can be a form of courtship and bonding.The gestation period for parrots can vary depending on the species, but it is generally around"
      }
    ]
  },
  {
    "id": "300061",
    "image": "downloaded_images/Animals/Parrot/image_20241106_095238_10.jpg",
    "conversations": [
      {
        "from": "human",
        "value": "<image>\nCan you explain the reproduction process of this species (mating habits and gestation)?"
      },
      {
        "from": "gpt",
        "value": "The bird in the image appears to be a parrot, specifically one that might be a Macaw or a similar species. Parrots are known for their elaborate courtship rituals and strong pair bonds.Parrots generally mate for life, and their mating habits can be quite elaborate. They often engage in a behavior called preening, where they clean each other's feathers, which can be a form of courtship and bonding.The gestation period for parrots can vary depending on the species, but it is generally around"
      }
    ]
  },
  {
    "id": "300062",
    "image": "downloaded_images/Animals/Parrot/image_20241106_095454_25.jpg",
    "conversations": [
      {
        "from": "human",
        "value": "<image>\nCan you explain the reproduction process of this species (mating habits and gestation)?"
      },
      {
        "from": "gpt",
        "value": "The bird in the image appears to be a parrot, specifically one that might be a Macaw or a similar species. Parrots are known for their elaborate courtship rituals and strong pair bonds.Parrots generally mate for life, and their mating habits can be quite elaborate. They often engage in a behavior called preening, where they clean each other's feathers, which can be a form of courtship and bonding.The gestation period for parrots can vary depending on the species, but it is generally around"
      }
    ]
  },
  {
    "id": "400039",
    "image": "downloaded_images/Animals/Parrot/image_20241017_145130_4.jpg",
    "conversations": [
      {
        "from": "human",
        "value": "<image>\nHow is this animal referred to in everyday language?"
      },
      {
        "from": "gpt",
        "value": "The animal in the image is a parrot. Parrots are a group of birds that belong to the order Psittaciformes, characterized by feathers with the layers of barbs, hooks, and scleral ossicles. They are known for their vibrant colors, strong curved bills, and the upright stance of their feet."
      }
    ]
  },
  {
    "id": "400040",
    "image": "downloaded_images/Animals/Parrot/image_20241017_145325_15.jpg",
    "conversations": [
      {
        "from": "human",
        "value": "<image>\nHow would you classify this animal's eating habits?"
      },
      {
        "from": "gpt",
        "value": "The animal in the image is a parrot, and parrots are omnivores. They have a varied diet that includes seeds, nuts, fruits, vegetables, insects, and small vertebrates. They are known for their ability to crack open hard nuts and seeds, which is an important part of their diet."
      }
    ]
  },
  {
    "id": "400041",
    "image": "downloaded_images/Animals/Parrot/image_20241017_145402_17.jpg",
    "conversations": [
      {
        "from": "human",
        "value": "<image>\nWhere is this animal primarily found—regionally or globally?"
      },
      {
        "from": "gpt",
        "value": "The bird in the image appears to be a macaw, which is a large parrot native to South America. There are several species of macaws, and they are known for their bright colors and strong social bonds. They are not found globally; they are native to the rainforests of South America, including countries like Brazil, Bolivia, Peru, and Paraguay."
      }
    ]
  },
  {
    "id": "400042",
    "image": "downloaded_images/Animals/Parrot/image_20241017_145113_2.jpg",
    "conversations": [
      {
        "from": "human",
        "value": "<image>\nWhat are the details of this animal's reproduction, such as mating behaviors and how long it is pregnant?"
      },
      {
        "from": "gpt",
        "value": "The bird in the image appears to be a parrot, specifically one that might be a Macaw or a similar species. Parrots are known for their elaborate courtship rituals and strong pair bonds.Parrots generally mate for life, and their mating habits can be quite elaborate. They often engage in a behavior called preening, where they clean each other's feathers, which can be a form of courtship and bonding.The gestation period for parrots can vary depending on the species, but it is generally around"
      }
    ]
  },
  {
    "id": "400043",
    "image": "downloaded_images/Animals/Parrot/image_20241106_095257_12.jpg",
    "conversations": [
      {
        "from": "human",
        "value": "<image>\nHow is this animal referred to in everyday language?"
      },
      {
        "from": "gpt",
        "value": "The animal in the image is a parrot. Parrots are a group of birds that belong to the order Psittaciformes, characterized by feathers with the layers of barbs, hooks, and scleral ossicles. They are known for their vibrant colors, strong curved bills, and the upright stance of their feet."
      }
    ]
  },
  {
    "id": "400044",
    "image": "downloaded_images/Animals/Parrot/image_20241017_145355_16.jpg",
    "conversations": [
      {
        "from": "human",
        "value": "<image>\nHow is this animal referred to in everyday language?"
      },
      {
        "from": "gpt",
        "value": "The animal in the image is a parrot. Parrots are a group of birds that belong to the order Psittaciformes, characterized by feathers with the layers of barbs, hooks, and scleral ossicles. They are known for their vibrant colors, strong curved bills, and the upright stance of their feet."
      }
    ]
  },
  {
    "id": "400045",
    "image": "downloaded_images/Animals/Parrot/image_20241106_095446_24.jpg",
    "conversations": [
      {
        "from": "human",
        "value": "<image>\nHow is this animal referred to in everyday language?"
      },
      {
        "from": "gpt",
        "value": "The animal in the image is a parrot. Parrots are a group of birds that belong to the order Psittaciformes, characterized by feathers with the layers of barbs, hooks, and scleral ossicles. They are known for their vibrant colors, strong curved bills, and the upright stance of their feet."
      }
    ]
  },
  {
    "id": "400046",
    "image": "downloaded_images/Animals/Parrot/image_20241106_095342_17.jpg",
    "conversations": [
      {
        "from": "human",
        "value": "<image>\nHow is this animal referred to in everyday language?"
      },
      {
        "from": "gpt",
        "value": "The animal in the image is a parrot. Parrots are a group of birds that belong to the order Psittaciformes, characterized by feathers with the layers of barbs, hooks, and scleral ossicles. They are known for their vibrant colors, strong curved bills, and the upright stance of their feet."
      }
    ]
  },
  {
    "id": "400047",
    "image": "downloaded_images/Animals/Parrot/image_20241106_095435_23.jpg",
    "conversations": [
      {
        "from": "human",
        "value": "<image>\nHow is this animal referred to in everyday language?"
      },
      {
        "from": "gpt",
        "value": "The animal in the image is a parrot. Parrots are a group of birds that belong to the order Psittaciformes, characterized by feathers with the layers of barbs, hooks, and scleral ossicles. They are known for their vibrant colors, strong curved bills, and the upright stance of their feet."
      }
    ]
  },
  {
    "id": "400048",
    "image": "downloaded_images/Animals/Parrot/image_20241106_095123_2.jpg",
    "conversations": [
      {
        "from": "human",
        "value": "<image>\nHow would you classify this animal's eating habits?"
      },
      {
        "from": "gpt",
        "value": "The animal in the image is a parrot, and parrots are omnivores. They have a varied diet that includes seeds, nuts, fruits, vegetables, insects, and small vertebrates. They are known for their ability to crack open hard nuts and seeds, which is an important part of their diet."
      }
    ]
  },
  {
    "id": "400049",
    "image": "downloaded_images/Animals/Parrot/image_20241106_095257_12.jpg",
    "conversations": [
      {
        "from": "human",
        "value": "<image>\nHow would you classify this animal's eating habits?"
      },
      {
        "from": "gpt",
        "value": "The animal in the image is a parrot, and parrots are omnivores. They have a varied diet that includes seeds, nuts, fruits, vegetables, insects, and small vertebrates. They are known for their ability to crack open hard nuts and seeds, which is an important part of their diet."
      }
    ]
  },
  {
    "id": "400050",
    "image": "downloaded_images/Animals/Parrot/image_20241106_095220_8.jpg",
    "conversations": [
      {
        "from": "human",
        "value": "<image>\nHow would you classify this animal's eating habits?"
      },
      {
        "from": "gpt",
        "value": "The animal in the image is a parrot, and parrots are omnivores. They have a varied diet that includes seeds, nuts, fruits, vegetables, insects, and small vertebrates. They are known for their ability to crack open hard nuts and seeds, which is an important part of their diet."
      }
    ]
  },
  {
    "id": "400051",
    "image": "downloaded_images/Animals/Parrot/image_20241106_095230_9.jpg",
    "conversations": [
      {
        "from": "human",
        "value": "<image>\nHow would you classify this animal's eating habits?"
      },
      {
        "from": "gpt",
        "value": "The animal in the image is a parrot, and parrots are omnivores. They have a varied diet that includes seeds, nuts, fruits, vegetables, insects, and small vertebrates. They are known for their ability to crack open hard nuts and seeds, which is an important part of their diet."
      }
    ]
  },
  {
    "id": "400052",
    "image": "downloaded_images/Animals/Parrot/image_20241017_145147_6.jpg",
    "conversations": [
      {
        "from": "human",
        "value": "<image>\nHow would you classify this animal's eating habits?"
      },
      {
        "from": "gpt",
        "value": "The animal in the image is a parrot, and parrots are omnivores. They have a varied diet that includes seeds, nuts, fruits, vegetables, insects, and small vertebrates. They are known for their ability to crack open hard nuts and seeds, which is an important part of their diet."
      }
    ]
  },
  {
    "id": "400053",
    "image": "downloaded_images/Animals/Parrot/image_20241106_095342_17.jpg",
    "conversations": [
      {
        "from": "human",
        "value": "<image>\nWhere is this animal primarily found—regionally or globally?"
      },
      {
        "from": "gpt",
        "value": "The bird in the image appears to be a macaw, which is a large parrot native to South America. There are several species of macaws, and they are known for their bright colors and strong social bonds. They are not found globally; they are native to the rainforests of South America, including countries like Brazil, Bolivia, Peru, and Paraguay."
      }
    ]
  },
  {
    "id": "400054",
    "image": "downloaded_images/Animals/Parrot/image_20241106_095133_3.jpg",
    "conversations": [
      {
        "from": "human",
        "value": "<image>\nWhere is this animal primarily found—regionally or globally?"
      },
      {
        "from": "gpt",
        "value": "The bird in the image appears to be a macaw, which is a large parrot native to South America. There are several species of macaws, and they are known for their bright colors and strong social bonds. They are not found globally; they are native to the rainforests of South America, including countries like Brazil, Bolivia, Peru, and Paraguay."
      }
    ]
  },
  {
    "id": "400055",
    "image": "downloaded_images/Animals/Parrot/image_20241017_145420_19.jpg",
    "conversations": [
      {
        "from": "human",
        "value": "<image>\nWhere is this animal primarily found—regionally or globally?"
      },
      {
        "from": "gpt",
        "value": "The bird in the image appears to be a macaw, which is a large parrot native to South America. There are several species of macaws, and they are known for their bright colors and strong social bonds. They are not found globally; they are native to the rainforests of South America, including countries like Brazil, Bolivia, Peru, and Paraguay."
      }
    ]
  },
  {
    "id": "400056",
    "image": "downloaded_images/Animals/Parrot/image_20241017_145355_16.jpg",
    "conversations": [
      {
        "from": "human",
        "value": "<image>\nWhere is this animal primarily found—regionally or globally?"
      },
      {
        "from": "gpt",
        "value": "The bird in the image appears to be a macaw, which is a large parrot native to South America. There are several species of macaws, and they are known for their bright colors and strong social bonds. They are not found globally; they are native to the rainforests of South America, including countries like Brazil, Bolivia, Peru, and Paraguay."
      }
    ]
  },
  {
    "id": "400057",
    "image": "downloaded_images/Animals/Parrot/image_20241106_095230_9.jpg",
    "conversations": [
      {
        "from": "human",
        "value": "<image>\nWhere is this animal primarily found—regionally or globally?"
      },
      {
        "from": "gpt",
        "value": "The bird in the image appears to be a macaw, which is a large parrot native to South America. There are several species of macaws, and they are known for their bright colors and strong social bonds. They are not found globally; they are native to the rainforests of South America, including countries like Brazil, Bolivia, Peru, and Paraguay."
      }
    ]
  },
  {
    "id": "400058",
    "image": "downloaded_images/Animals/Parrot/image_20241106_095419_21.jpg",
    "conversations": [
      {
        "from": "human",
        "value": "<image>\nWhat are the details of this animal's reproduction, such as mating behaviors and how long it is pregnant?"
      },
      {
        "from": "gpt",
        "value": "The bird in the image appears to be a parrot, specifically one that might be a Macaw or a similar species. Parrots are known for their elaborate courtship rituals and strong pair bonds.Parrots generally mate for life, and their mating habits can be quite elaborate. They often engage in a behavior called preening, where they clean each other's feathers, which can be a form of courtship and bonding.The gestation period for parrots can vary depending on the species, but it is generally around"
      }
    ]
  },
  {
    "id": "400059",
    "image": "downloaded_images/Animals/Parrot/image_20241106_095334_16.jpg",
    "conversations": [
      {
        "from": "human",
        "value": "<image>\nWhat are the details of this animal's reproduction, such as mating behaviors and how long it is pregnant?"
      },
      {
        "from": "gpt",
        "value": "The bird in the image appears to be a parrot, specifically one that might be a Macaw or a similar species. Parrots are known for their elaborate courtship rituals and strong pair bonds.Parrots generally mate for life, and their mating habits can be quite elaborate. They often engage in a behavior called preening, where they clean each other's feathers, which can be a form of courtship and bonding.The gestation period for parrots can vary depending on the species, but it is generally around"
      }
    ]
  },
  {
    "id": "400060",
    "image": "downloaded_images/Animals/Parrot/image_20241017_145410_18.jpg",
    "conversations": [
      {
        "from": "human",
        "value": "<image>\nWhat are the details of this animal's reproduction, such as mating behaviors and how long it is pregnant?"
      },
      {
        "from": "gpt",
        "value": "The bird in the image appears to be a parrot, specifically one that might be a Macaw or a similar species. Parrots are known for their elaborate courtship rituals and strong pair bonds.Parrots generally mate for life, and their mating habits can be quite elaborate. They often engage in a behavior called preening, where they clean each other's feathers, which can be a form of courtship and bonding.The gestation period for parrots can vary depending on the species, but it is generally around"
      }
    ]
  },
  {
    "id": "400061",
    "image": "downloaded_images/Animals/Parrot/image_20241106_095238_10.jpg",
    "conversations": [
      {
        "from": "human",
        "value": "<image>\nWhat are the details of this animal's reproduction, such as mating behaviors and how long it is pregnant?"
      },
      {
        "from": "gpt",
        "value": "The bird in the image appears to be a parrot, specifically one that might be a Macaw or a similar species. Parrots are known for their elaborate courtship rituals and strong pair bonds.Parrots generally mate for life, and their mating habits can be quite elaborate. They often engage in a behavior called preening, where they clean each other's feathers, which can be a form of courtship and bonding.The gestation period for parrots can vary depending on the species, but it is generally around"
      }
    ]
  },
  {
    "id": "400062",
    "image": "downloaded_images/Animals/Parrot/image_20241106_095454_25.jpg",
    "conversations": [
      {
        "from": "human",
        "value": "<image>\nWhat are the details of this animal's reproduction, such as mating behaviors and how long it is pregnant?"
      },
      {
        "from": "gpt",
        "value": "The bird in the image appears to be a parrot, specifically one that might be a Macaw or a similar species. Parrots are known for their elaborate courtship rituals and strong pair bonds.Parrots generally mate for life, and their mating habits can be quite elaborate. They often engage in a behavior called preening, where they clean each other's feathers, which can be a form of courtship and bonding.The gestation period for parrots can vary depending on the species, but it is generally around"
      }
    ]
  }
]