[
  {
    "id": "52",
    "image": "downloaded_images/Plants/Potato/image_20241018_184032_4.jpg",
    "conversations": [
      {
        "from": "human",
        "value": "<image>\nWhat is the common name of this plant?"
      },
      {
        "from": "gpt",
        "value": "The common name of this plant is Potato."
      }
    ]
  },
  {
    "id": "53",
    "image": "downloaded_images/Plants/Potato/image_20241018_184226_17.jpg",
    "conversations": [
      {
        "from": "human",
        "value": "<image>\nTo which family or genus does it belong?"
      },
      {
        "from": "gpt",
        "value": "The potato belongs to the Solanaceae family and the Solanum genus."
      }
    ]
  },
  {
    "id": "54",
    "image": "downloaded_images/Plants/Potato/image_20241018_184151_13.jpg",
    "conversations": [
      {
        "from": "human",
        "value": "<image>\nHow does it reproduce (seeds, cuttings, runners)?"
      },
      {
        "from": "gpt",
        "value": "Potatoes primarily reproduce through tubers (which are modified stems), but they can also reproduce from seeds."
      }
    ]
  },
  {
    "id": "55",
    "image": "downloaded_images/Plants/Potato/image_20241018_184006_1.jpg",
    "conversations": [
      {
        "from": "human",
        "value": "<image>\nIs it native to a specific region or found globally?"
      },
      {
        "from": "gpt",
        "value": "Potatoes are native to the Andean region of South America, particularly modern-day Peru and northwest Bolivia, but they are now found and cultivated globally."
      }
    ]
  },
  {
    "id": "56",
    "image": "downloaded_images/Plants/Potato/image_20241018_184024_3.jpg",
    "conversations": [
      {
        "from": "human",
        "value": "<image>\nHow does it grow (e.g., tree, shrub, herb)?"
      },
      {
        "from": "gpt",
        "value": "The potato grows as a herbaceous plant, typically reaching a height of about 1 to 3 feet (30 to 90 cm)."
      }
    ]
  },
  {
    "id": "57",
    "image": "downloaded_images/Plants/Potato/image_20241107_195223_11.jpg",
    "conversations": [
      {
        "from": "human",
        "value": "<image>\nWhat is the common name of this plant?"
      },
      {
        "from": "gpt",
        "value": "The common name of this plant is Potato."
      }
    ]
  },
  {
    "id": "58",
    "image": "downloaded_images/Plants/Potato/image_20241107_195505_29.jpg",
    "conversations": [
      {
        "from": "human",
        "value": "<image>\nWhat is the common name of this plant?"
      },
      {
        "from": "gpt",
        "value": "The common name of this plant is Potato."
      }
    ]
  },
  {
    "id": "59",
    "image": "downloaded_images/Plants/Potato/image_20241107_195206_9.jpg",
    "conversations": [
      {
        "from": "human",
        "value": "<image>\nWhat is the common name of this plant?"
      },
      {
        "from": "gpt",
        "value": "The common name of this plant is Potato."
      }
    ]
  },
  {
    "id": "60",
    "image": "downloaded_images/Plants/Potato/image_20241018_184049_6.jpg",
    "conversations": [
      {
        "from": "human",
        "value": "<image>\nWhat is the common name of this plant?"
      },
      {
        "from": "gpt",
        "value": "The common name of this plant is Potato."
      }
    ]
  },
  {
    "id": "61",
    "image": "downloaded_images/Plants/Potato/image_20241107_195102_2.jpg",
    "conversations": [
      {
        "from": "human",
        "value": "<image>\nWhat is the common name of this plant?"
      },
      {
        "from": "gpt",
        "value": "The common name of this plant is Potato."
      }
    ]
  },
  {
    "id": "62",
    "image": "downloaded_images/Plants/Potato/image_20241107_195206_9.jpg",
    "conversations": [
      {
        "from": "human",
        "value": "<image>\nTo which family or genus does it belong?"
      },
      {
        "from": "gpt",
        "value": "The potato belongs to the Solanaceae family and the Solanum genus."
      }
    ]
  },
  {
    "id": "63",
    "image": "downloaded_images/Plants/Potato/image_20241107_195319_17.jpg",
    "conversations": [
      {
        "from": "human",
        "value": "<image>\nTo which family or genus does it belong?"
      },
      {
        "from": "gpt",
        "value": "The potato belongs to the Solanaceae family and the Solanum genus."
      }
    ]
  },
  {
    "id": "64",
    "image": "downloaded_images/Plants/Potato/image_20241107_195354_21.jpg",
    "conversations": [
      {
        "from": "human",
        "value": "<image>\nTo which family or genus does it belong?"
      },
      {
        "from": "gpt",
        "value": "The potato belongs to the Solanaceae family and the Solanum genus."
      }
    ]
  },
  {
    "id": "65",
    "image": "downloaded_images/Plants/Potato/image_20241107_195215_10.jpg",
    "conversations": [
      {
        "from": "human",
        "value": "<image>\nTo which family or genus does it belong?"
      },
      {
        "from": "gpt",
        "value": "The potato belongs to the Solanaceae family and the Solanum genus."
      }
    ]
  },
  {
    "id": "66",
    "image": "downloaded_images/Plants/Potato/image_20241107_195223_11.jpg",
    "conversations": [
      {
        "from": "human",
        "value": "<image>\nTo which family or genus does it belong?"
      },
      {
        "from": "gpt",
        "value": "The potato belongs to the Solanaceae family and the Solanum genus."
      }
    ]
  },
  {
    "id": "67",
    "image": "downloaded_images/Plants/Potato/image_20241107_195235_12.jpg",
    "conversations": [
      {
        "from": "human",
        "value": "<image>\nHow does it reproduce (seeds, cuttings, runners)?"
      },
      {
        "from": "gpt",
        "value": "Potatoes primarily reproduce through tubers (which are modified stems), but they can also reproduce from seeds."
      }
    ]
  },
  {
    "id": "68",
    "image": "downloaded_images/Plants/Potato/image_20241107_195413_23.jpg",
    "conversations": [
      {
        "from": "human",
        "value": "<image>\nHow does it reproduce (seeds, cuttings, runners)?"
      },
      {
        "from": "gpt",
        "value": "Potatoes primarily reproduce through tubers (which are modified stems), but they can also reproduce from seeds."
      }
    ]
  },
  {
    "id": "69",
    "image": "downloaded_images/Plants/Potato/image_20241018_184257_21.jpg",
    "conversations": [
      {
        "from": "human",
        "value": "<image>\nHow does it reproduce (seeds, cuttings, runners)?"
      },
      {
        "from": "gpt",
        "value": "Potatoes primarily reproduce through tubers (which are modified stems), but they can also reproduce from seeds."
      }
    ]
  },
  {
    "id": "70",
    "image": "downloaded_images/Plants/Potato/image_20241107_195449_27.jpg",
    "conversations": [
      {
        "from": "human",
        "value": "<image>\nHow does it reproduce (seeds, cuttings, runners)?"
      },
      {
        "from": "gpt",
        "value": "Potatoes primarily reproduce through tubers (which are modified stems), but they can also reproduce from seeds."
      }
    ]
  },
  {
    "id": "71",
    "image": "downloaded_images/Plants/Potato/image_20241107_195354_21.jpg",
    "conversations": [
      {
        "from": "human",
        "value": "<image>\nHow does it reproduce (seeds, cuttings, runners)?"
      },
      {
        "from": "gpt",
        "value": "Potatoes primarily reproduce through tubers (which are modified stems), but they can also reproduce from seeds."
      }
    ]
  },
  {
    "id": "72",
    "image": "downloaded_images/Plants/Potato/image_20241018_184151_13.jpg",
    "conversations": [
      {
        "from": "human",
        "value": "<image>\nIs it native to a specific region or found globally?"
      },
      {
        "from": "gpt",
        "value": "Potatoes are native to the Andean region of South America, particularly modern-day Peru and northwest Bolivia, but they are now found and cultivated globally."
      }
    ]
  },
  {
    "id": "73",
    "image": "downloaded_images/Plants/Potato/image_20241018_184024_3.jpg",
    "conversations": [
      {
        "from": "human",
        "value": "<image>\nIs it native to a specific region or found globally?"
      },
      {
        "from": "gpt",
        "value": "Potatoes are native to the Andean region of South America, particularly modern-day Peru and northwest Bolivia, but they are now found and cultivated globally."
      }
    ]
  },
  {
    "id": "74",
    "image": "downloaded_images/Plants/Potato/image_20241107_195422_24.jpg",
    "conversations": [
      {
        "from": "human",
        "value": "<image>\nIs it native to a specific region or found globally?"
      },
      {
        "from": "gpt",
        "value": "Potatoes are native to the Andean region of South America, particularly modern-day Peru and northwest Bolivia, but they are now found and cultivated globally."
      }
    ]
  },
  {
    "id": "75",
    "image": "downloaded_images/Plants/Potato/image_20241018_184257_21.jpg",
    "conversations": [
      {
        "from": "human",
        "value": "<image>\nIs it native to a specific region or found globally?"
      },
      {
        "from": "gpt",
        "value": "Potatoes are native to the Andean region of South America, particularly modern-day Peru and northwest Bolivia, but they are now found and cultivated globally."
      }
    ]
  },
  {
    "id": "76",
    "image": "downloaded_images/Plants/Potato/image_20241107_195354_21.jpg",
    "conversations": [
      {
        "from": "human",
        "value": "<image>\nIs it native to a specific region or found globally?"
      },
      {
        "from": "gpt",
        "value": "Potatoes are native to the Andean region of South America, particularly modern-day Peru and northwest Bolivia, but they are now found and cultivated globally."
      }
    ]
  },
  {
    "id": "77",
    "image": "downloaded_images/Plants/Potato/image_20241107_195141_6.jpg",
    "conversations": [
      {
        "from": "human",
        "value": "<image>\nHow does it grow (e.g., tree, shrub, herb)?"
      },
      {
        "from": "gpt",
        "value": "The potato grows as a herbaceous plant, typically reaching a height of about 1 to 3 feet (30 to 90 cm)."
      }
    ]
  },
  {
    "id": "78",
    "image": "downloaded_images/Plants/Potato/image_20241018_184109_8.jpg",
    "conversations": [
      {
        "from": "human",
        "value": "<image>\nHow does it grow (e.g., tree, shrub, herb)?"
      },
      {
        "from": "gpt",
        "value": "The potato grows as a herbaceous plant, typically reaching a height of about 1 to 3 feet (30 to 90 cm)."
      }
    ]
  },
  {
    "id": "79",
    "image": "downloaded_images/Plants/Potato/image_20241107_195311_16.jpg",
    "conversations": [
      {
        "from": "human",
        "value": "<image>\nHow does it grow (e.g., tree, shrub, herb)?"
      },
      {
        "from": "gpt",
        "value": "The potato grows as a herbaceous plant, typically reaching a height of about 1 to 3 feet (30 to 90 cm)."
      }
    ]
  },
  {
    "id": "80",
    "image": "downloaded_images/Plants/Potato/image_20241018_184226_17.jpg",
    "conversations": [
      {
        "from": "human",
        "value": "<image>\nHow does it grow (e.g., tree, shrub, herb)?"
      },
      {
        "from": "gpt",
        "value": "The potato grows as a herbaceous plant, typically reaching a height of about 1 to 3 feet (30 to 90 cm)."
      }
    ]
  },
  {
    "id": "81",
    "image": "downloaded_images/Plants/Potato/image_20241107_195319_17.jpg",
    "conversations": [
      {
        "from": "human",
        "value": "<image>\nHow does it grow (e.g., tree, shrub, herb)?"
      },
      {
        "from": "gpt",
        "value": "The potato grows as a herbaceous plant, typically reaching a height of about 1 to 3 feet (30 to 90 cm)."
      }
    ]
  },
  {
    "id": "100052",
    "image": "downloaded_images/Plants/Potato/image_20241018_184032_4.jpg",
    "conversations": [
      {
        "from": "human",
        "value": "<image>\nWhat is the name of the plant in picture?"
      },
      {
        "from": "gpt",
        "value": "The common name of this plant is Potato."
      }
    ]
  },
  {
    "id": "100053",
    "image": "downloaded_images/Plants/Potato/image_20241018_184226_17.jpg",
    "conversations": [
      {
        "from": "human",
        "value": "<image>\nWhich family or genus does this plant belong to?"
      },
      {
        "from": "gpt",
        "value": "The potato belongs to the Solanaceae family and the Solanum genus."
      }
    ]
  },
  {
    "id": "100054",
    "image": "downloaded_images/Plants/Potato/image_20241018_184151_13.jpg",
    "conversations": [
      {
        "from": "human",
        "value": "<image>\nHow does this plant reproduce?"
      },
      {
        "from": "gpt",
        "value": "Potatoes primarily reproduce through tubers (which are modified stems), but they can also reproduce from seeds."
      }
    ]
  },
  {
    "id": "100055",
    "image": "downloaded_images/Plants/Potato/image_20241018_184006_1.jpg",
    "conversations": [
      {
        "from": "human",
        "value": "<image>\nIs this plant indigenous to a specific region or is it found worldwide?"
      },
      {
        "from": "gpt",
        "value": "Potatoes are native to the Andean region of South America, particularly modern-day Peru and northwest Bolivia, but they are now found and cultivated globally."
      }
    ]
  },
  {
    "id": "100056",
    "image": "downloaded_images/Plants/Potato/image_20241018_184024_3.jpg",
    "conversations": [
      {
        "from": "human",
        "value": "<image>\nHow does this plant grow?"
      },
      {
        "from": "gpt",
        "value": "The potato grows as a herbaceous plant, typically reaching a height of about 1 to 3 feet (30 to 90 cm)."
      }
    ]
  },
  {
    "id": "100057",
    "image": "downloaded_images/Plants/Potato/image_20241107_195223_11.jpg",
    "conversations": [
      {
        "from": "human",
        "value": "<image>\nWhat is the name of the plant in picture?"
      },
      {
        "from": "gpt",
        "value": "The common name of this plant is Potato."
      }
    ]
  },
  {
    "id": "100058",
    "image": "downloaded_images/Plants/Potato/image_20241107_195505_29.jpg",
    "conversations": [
      {
        "from": "human",
        "value": "<image>\nWhat is the name of the plant in picture?"
      },
      {
        "from": "gpt",
        "value": "The common name of this plant is Potato."
      }
    ]
  },
  {
    "id": "100059",
    "image": "downloaded_images/Plants/Potato/image_20241107_195206_9.jpg",
    "conversations": [
      {
        "from": "human",
        "value": "<image>\nWhat is the name of the plant in picture?"
      },
      {
        "from": "gpt",
        "value": "The common name of this plant is Potato."
      }
    ]
  },
  {
    "id": "100060",
    "image": "downloaded_images/Plants/Potato/image_20241018_184049_6.jpg",
    "conversations": [
      {
        "from": "human",
        "value": "<image>\nWhat is the name of the plant in picture?"
      },
      {
        "from": "gpt",
        "value": "The common name of this plant is Potato."
      }
    ]
  },
  {
    "id": "100061",
    "image": "downloaded_images/Plants/Potato/image_20241107_195102_2.jpg",
    "conversations": [
      {
        "from": "human",
        "value": "<image>\nWhat is the name of the plant in picture?"
      },
      {
        "from": "gpt",
        "value": "The common name of this plant is Potato."
      }
    ]
  },
  {
    "id": "100062",
    "image": "downloaded_images/Plants/Potato/image_20241107_195206_9.jpg",
    "conversations": [
      {
        "from": "human",
        "value": "<image>\nWhich family or genus does this plant belong to?"
      },
      {
        "from": "gpt",
        "value": "The potato belongs to the Solanaceae family and the Solanum genus."
      }
    ]
  },
  {
    "id": "100063",
    "image": "downloaded_images/Plants/Potato/image_20241107_195319_17.jpg",
    "conversations": [
      {
        "from": "human",
        "value": "<image>\nWhich family or genus does this plant belong to?"
      },
      {
        "from": "gpt",
        "value": "The potato belongs to the Solanaceae family and the Solanum genus."
      }
    ]
  },
  {
    "id": "100064",
    "image": "downloaded_images/Plants/Potato/image_20241107_195354_21.jpg",
    "conversations": [
      {
        "from": "human",
        "value": "<image>\nWhich family or genus does this plant belong to?"
      },
      {
        "from": "gpt",
        "value": "The potato belongs to the Solanaceae family and the Solanum genus."
      }
    ]
  },
  {
    "id": "100065",
    "image": "downloaded_images/Plants/Potato/image_20241107_195215_10.jpg",
    "conversations": [
      {
        "from": "human",
        "value": "<image>\nWhich family or genus does this plant belong to?"
      },
      {
        "from": "gpt",
        "value": "The potato belongs to the Solanaceae family and the Solanum genus."
      }
    ]
  },
  {
    "id": "100066",
    "image": "downloaded_images/Plants/Potato/image_20241107_195223_11.jpg",
    "conversations": [
      {
        "from": "human",
        "value": "<image>\nWhich family or genus does this plant belong to?"
      },
      {
        "from": "gpt",
        "value": "The potato belongs to the Solanaceae family and the Solanum genus."
      }
    ]
  },
  {
    "id": "100067",
    "image": "downloaded_images/Plants/Potato/image_20241107_195235_12.jpg",
    "conversations": [
      {
        "from": "human",
        "value": "<image>\nHow does this plant reproduce?"
      },
      {
        "from": "gpt",
        "value": "Potatoes primarily reproduce through tubers (which are modified stems), but they can also reproduce from seeds."
      }
    ]
  },
  {
    "id": "100068",
    "image": "downloaded_images/Plants/Potato/image_20241107_195413_23.jpg",
    "conversations": [
      {
        "from": "human",
        "value": "<image>\nHow does this plant reproduce?"
      },
      {
        "from": "gpt",
        "value": "Potatoes primarily reproduce through tubers (which are modified stems), but they can also reproduce from seeds."
      }
    ]
  },
  {
    "id": "100069",
    "image": "downloaded_images/Plants/Potato/image_20241018_184257_21.jpg",
    "conversations": [
      {
        "from": "human",
        "value": "<image>\nHow does this plant reproduce?"
      },
      {
        "from": "gpt",
        "value": "Potatoes primarily reproduce through tubers (which are modified stems), but they can also reproduce from seeds."
      }
    ]
  },
  {
    "id": "100070",
    "image": "downloaded_images/Plants/Potato/image_20241107_195449_27.jpg",
    "conversations": [
      {
        "from": "human",
        "value": "<image>\nHow does this plant reproduce?"
      },
      {
        "from": "gpt",
        "value": "Potatoes primarily reproduce through tubers (which are modified stems), but they can also reproduce from seeds."
      }
    ]
  },
  {
    "id": "100071",
    "image": "downloaded_images/Plants/Potato/image_20241107_195354_21.jpg",
    "conversations": [
      {
        "from": "human",
        "value": "<image>\nHow does this plant reproduce?"
      },
      {
        "from": "gpt",
        "value": "Potatoes primarily reproduce through tubers (which are modified stems), but they can also reproduce from seeds."
      }
    ]
  },
  {
    "id": "100072",
    "image": "downloaded_images/Plants/Potato/image_20241018_184151_13.jpg",
    "conversations": [
      {
        "from": "human",
        "value": "<image>\nIs this plant indigenous to a specific region or is it found worldwide?"
      },
      {
        "from": "gpt",
        "value": "Potatoes are native to the Andean region of South America, particularly modern-day Peru and northwest Bolivia, but they are now found and cultivated globally."
      }
    ]
  },
  {
    "id": "100073",
    "image": "downloaded_images/Plants/Potato/image_20241018_184024_3.jpg",
    "conversations": [
      {
        "from": "human",
        "value": "<image>\nIs this plant indigenous to a specific region or is it found worldwide?"
      },
      {
        "from": "gpt",
        "value": "Potatoes are native to the Andean region of South America, particularly modern-day Peru and northwest Bolivia, but they are now found and cultivated globally."
      }
    ]
  },
  {
    "id": "100074",
    "image": "downloaded_images/Plants/Potato/image_20241107_195422_24.jpg",
    "conversations": [
      {
        "from": "human",
        "value": "<image>\nIs this plant indigenous to a specific region or is it found worldwide?"
      },
      {
        "from": "gpt",
        "value": "Potatoes are native to the Andean region of South America, particularly modern-day Peru and northwest Bolivia, but they are now found and cultivated globally."
      }
    ]
  },
  {
    "id": "100075",
    "image": "downloaded_images/Plants/Potato/image_20241018_184257_21.jpg",
    "conversations": [
      {
        "from": "human",
        "value": "<image>\nIs this plant indigenous to a specific region or is it found worldwide?"
      },
      {
        "from": "gpt",
        "value": "Potatoes are native to the Andean region of South America, particularly modern-day Peru and northwest Bolivia, but they are now found and cultivated globally."
      }
    ]
  },
  {
    "id": "100076",
    "image": "downloaded_images/Plants/Potato/image_20241107_195354_21.jpg",
    "conversations": [
      {
        "from": "human",
        "value": "<image>\nIs this plant indigenous to a specific region or is it found worldwide?"
      },
      {
        "from": "gpt",
        "value": "Potatoes are native to the Andean region of South America, particularly modern-day Peru and northwest Bolivia, but they are now found and cultivated globally."
      }
    ]
  },
  {
    "id": "100077",
    "image": "downloaded_images/Plants/Potato/image_20241107_195141_6.jpg",
    "conversations": [
      {
        "from": "human",
        "value": "<image>\nHow does this plant grow?"
      },
      {
        "from": "gpt",
        "value": "The potato grows as a herbaceous plant, typically reaching a height of about 1 to 3 feet (30 to 90 cm)."
      }
    ]
  },
  {
    "id": "100078",
    "image": "downloaded_images/Plants/Potato/image_20241018_184109_8.jpg",
    "conversations": [
      {
        "from": "human",
        "value": "<image>\nHow does this plant grow?"
      },
      {
        "from": "gpt",
        "value": "The potato grows as a herbaceous plant, typically reaching a height of about 1 to 3 feet (30 to 90 cm)."
      }
    ]
  },
  {
    "id": "100079",
    "image": "downloaded_images/Plants/Potato/image_20241107_195311_16.jpg",
    "conversations": [
      {
        "from": "human",
        "value": "<image>\nHow does this plant grow?"
      },
      {
        "from": "gpt",
        "value": "The potato grows as a herbaceous plant, typically reaching a height of about 1 to 3 feet (30 to 90 cm)."
      }
    ]
  },
  {
    "id": "100080",
    "image": "downloaded_images/Plants/Potato/image_20241018_184226_17.jpg",
    "conversations": [
      {
        "from": "human",
        "value": "<image>\nHow does this plant grow?"
      },
      {
        "from": "gpt",
        "value": "The potato grows as a herbaceous plant, typically reaching a height of about 1 to 3 feet (30 to 90 cm)."
      }
    ]
  },
  {
    "id": "100081",
    "image": "downloaded_images/Plants/Potato/image_20241107_195319_17.jpg",
    "conversations": [
      {
        "from": "human",
        "value": "<image>\nHow does this plant grow?"
      },
      {
        "from": "gpt",
        "value": "The potato grows as a herbaceous plant, typically reaching a height of about 1 to 3 feet (30 to 90 cm)."
      }
    ]
  },
  {
    "id": "200052",
    "image": "downloaded_images/Plants/Potato/image_20241018_184032_4.jpg",
    "conversations": [
      {
        "from": "human",
        "value": "<image>\nWhat is this plant commonly called?"
      },
      {
        "from": "gpt",
        "value": "The common name of this plant is Potato."
      }
    ]
  },
  {
    "id": "200053",
    "image": "downloaded_images/Plants/Potato/image_20241018_184226_17.jpg",
    "conversations": [
      {
        "from": "human",
        "value": "<image>\nWhat is the taxonomic family or genus of this plant?"
      },
      {
        "from": "gpt",
        "value": "The potato belongs to the Solanaceae family and the Solanum genus."
      }
    ]
  },
  {
    "id": "200054",
    "image": "downloaded_images/Plants/Potato/image_20241018_184151_13.jpg",
    "conversations": [
      {
        "from": "human",
        "value": "<image>\nWhat are the methods of reproduction for this plant (seeds, cuttings, runners)?"
      },
      {
        "from": "gpt",
        "value": "Potatoes primarily reproduce through tubers (which are modified stems), but they can also reproduce from seeds."
      }
    ]
  },
  {
    "id": "200055",
    "image": "downloaded_images/Plants/Potato/image_20241018_184006_1.jpg",
    "conversations": [
      {
        "from": "human",
        "value": "<image>\nIs this species native to any particular area, or is it globally distributed?"
      },
      {
        "from": "gpt",
        "value": "Potatoes are native to the Andean region of South America, particularly modern-day Peru and northwest Bolivia, but they are now found and cultivated globally."
      }
    ]
  },
  {
    "id": "200056",
    "image": "downloaded_images/Plants/Potato/image_20241018_184024_3.jpg",
    "conversations": [
      {
        "from": "human",
        "value": "<image>\nWhat is the growth form of this plant (e.g., tree, shrub, herb)?"
      },
      {
        "from": "gpt",
        "value": "The potato grows as a herbaceous plant, typically reaching a height of about 1 to 3 feet (30 to 90 cm)."
      }
    ]
  },
  {
    "id": "200057",
    "image": "downloaded_images/Plants/Potato/image_20241107_195223_11.jpg",
    "conversations": [
      {
        "from": "human",
        "value": "<image>\nWhat is this plant commonly called?"
      },
      {
        "from": "gpt",
        "value": "The common name of this plant is Potato."
      }
    ]
  },
  {
    "id": "200058",
    "image": "downloaded_images/Plants/Potato/image_20241107_195505_29.jpg",
    "conversations": [
      {
        "from": "human",
        "value": "<image>\nWhat is this plant commonly called?"
      },
      {
        "from": "gpt",
        "value": "The common name of this plant is Potato."
      }
    ]
  },
  {
    "id": "200059",
    "image": "downloaded_images/Plants/Potato/image_20241107_195206_9.jpg",
    "conversations": [
      {
        "from": "human",
        "value": "<image>\nWhat is this plant commonly called?"
      },
      {
        "from": "gpt",
        "value": "The common name of this plant is Potato."
      }
    ]
  },
  {
    "id": "200060",
    "image": "downloaded_images/Plants/Potato/image_20241018_184049_6.jpg",
    "conversations": [
      {
        "from": "human",
        "value": "<image>\nWhat is this plant commonly called?"
      },
      {
        "from": "gpt",
        "value": "The common name of this plant is Potato."
      }
    ]
  },
  {
    "id": "200061",
    "image": "downloaded_images/Plants/Potato/image_20241107_195102_2.jpg",
    "conversations": [
      {
        "from": "human",
        "value": "<image>\nWhat is this plant commonly called?"
      },
      {
        "from": "gpt",
        "value": "The common name of this plant is Potato."
      }
    ]
  },
  {
    "id": "200062",
    "image": "downloaded_images/Plants/Potato/image_20241107_195206_9.jpg",
    "conversations": [
      {
        "from": "human",
        "value": "<image>\nWhat is the taxonomic family or genus of this plant?"
      },
      {
        "from": "gpt",
        "value": "The potato belongs to the Solanaceae family and the Solanum genus."
      }
    ]
  },
  {
    "id": "200063",
    "image": "downloaded_images/Plants/Potato/image_20241107_195319_17.jpg",
    "conversations": [
      {
        "from": "human",
        "value": "<image>\nWhat is the taxonomic family or genus of this plant?"
      },
      {
        "from": "gpt",
        "value": "The potato belongs to the Solanaceae family and the Solanum genus."
      }
    ]
  },
  {
    "id": "200064",
    "image": "downloaded_images/Plants/Potato/image_20241107_195354_21.jpg",
    "conversations": [
      {
        "from": "human",
        "value": "<image>\nWhat is the taxonomic family or genus of this plant?"
      },
      {
        "from": "gpt",
        "value": "The potato belongs to the Solanaceae family and the Solanum genus."
      }
    ]
  },
  {
    "id": "200065",
    "image": "downloaded_images/Plants/Potato/image_20241107_195215_10.jpg",
    "conversations": [
      {
        "from": "human",
        "value": "<image>\nWhat is the taxonomic family or genus of this plant?"
      },
      {
        "from": "gpt",
        "value": "The potato belongs to the Solanaceae family and the Solanum genus."
      }
    ]
  },
  {
    "id": "200066",
    "image": "downloaded_images/Plants/Potato/image_20241107_195223_11.jpg",
    "conversations": [
      {
        "from": "human",
        "value": "<image>\nWhat is the taxonomic family or genus of this plant?"
      },
      {
        "from": "gpt",
        "value": "The potato belongs to the Solanaceae family and the Solanum genus."
      }
    ]
  },
  {
    "id": "200067",
    "image": "downloaded_images/Plants/Potato/image_20241107_195235_12.jpg",
    "conversations": [
      {
        "from": "human",
        "value": "<image>\nWhat are the methods of reproduction for this plant (seeds, cuttings, runners)?"
      },
      {
        "from": "gpt",
        "value": "Potatoes primarily reproduce through tubers (which are modified stems), but they can also reproduce from seeds."
      }
    ]
  },
  {
    "id": "200068",
    "image": "downloaded_images/Plants/Potato/image_20241107_195413_23.jpg",
    "conversations": [
      {
        "from": "human",
        "value": "<image>\nWhat are the methods of reproduction for this plant (seeds, cuttings, runners)?"
      },
      {
        "from": "gpt",
        "value": "Potatoes primarily reproduce through tubers (which are modified stems), but they can also reproduce from seeds."
      }
    ]
  },
  {
    "id": "200069",
    "image": "downloaded_images/Plants/Potato/image_20241018_184257_21.jpg",
    "conversations": [
      {
        "from": "human",
        "value": "<image>\nWhat are the methods of reproduction for this plant (seeds, cuttings, runners)?"
      },
      {
        "from": "gpt",
        "value": "Potatoes primarily reproduce through tubers (which are modified stems), but they can also reproduce from seeds."
      }
    ]
  },
  {
    "id": "200070",
    "image": "downloaded_images/Plants/Potato/image_20241107_195449_27.jpg",
    "conversations": [
      {
        "from": "human",
        "value": "<image>\nWhat are the methods of reproduction for this plant (seeds, cuttings, runners)?"
      },
      {
        "from": "gpt",
        "value": "Potatoes primarily reproduce through tubers (which are modified stems), but they can also reproduce from seeds."
      }
    ]
  },
  {
    "id": "200071",
    "image": "downloaded_images/Plants/Potato/image_20241107_195354_21.jpg",
    "conversations": [
      {
        "from": "human",
        "value": "<image>\nWhat are the methods of reproduction for this plant (seeds, cuttings, runners)?"
      },
      {
        "from": "gpt",
        "value": "Potatoes primarily reproduce through tubers (which are modified stems), but they can also reproduce from seeds."
      }
    ]
  },
  {
    "id": "200072",
    "image": "downloaded_images/Plants/Potato/image_20241018_184151_13.jpg",
    "conversations": [
      {
        "from": "human",
        "value": "<image>\nIs this species native to any particular area, or is it globally distributed?"
      },
      {
        "from": "gpt",
        "value": "Potatoes are native to the Andean region of South America, particularly modern-day Peru and northwest Bolivia, but they are now found and cultivated globally."
      }
    ]
  },
  {
    "id": "200073",
    "image": "downloaded_images/Plants/Potato/image_20241018_184024_3.jpg",
    "conversations": [
      {
        "from": "human",
        "value": "<image>\nIs this species native to any particular area, or is it globally distributed?"
      },
      {
        "from": "gpt",
        "value": "Potatoes are native to the Andean region of South America, particularly modern-day Peru and northwest Bolivia, but they are now found and cultivated globally."
      }
    ]
  },
  {
    "id": "200074",
    "image": "downloaded_images/Plants/Potato/image_20241107_195422_24.jpg",
    "conversations": [
      {
        "from": "human",
        "value": "<image>\nIs this species native to any particular area, or is it globally distributed?"
      },
      {
        "from": "gpt",
        "value": "Potatoes are native to the Andean region of South America, particularly modern-day Peru and northwest Bolivia, but they are now found and cultivated globally."
      }
    ]
  },
  {
    "id": "200075",
    "image": "downloaded_images/Plants/Potato/image_20241018_184257_21.jpg",
    "conversations": [
      {
        "from": "human",
        "value": "<image>\nIs this species native to any particular area, or is it globally distributed?"
      },
      {
        "from": "gpt",
        "value": "Potatoes are native to the Andean region of South America, particularly modern-day Peru and northwest Bolivia, but they are now found and cultivated globally."
      }
    ]
  },
  {
    "id": "200076",
    "image": "downloaded_images/Plants/Potato/image_20241107_195354_21.jpg",
    "conversations": [
      {
        "from": "human",
        "value": "<image>\nIs this species native to any particular area, or is it globally distributed?"
      },
      {
        "from": "gpt",
        "value": "Potatoes are native to the Andean region of South America, particularly modern-day Peru and northwest Bolivia, but they are now found and cultivated globally."
      }
    ]
  },
  {
    "id": "200077",
    "image": "downloaded_images/Plants/Potato/image_20241107_195141_6.jpg",
    "conversations": [
      {
        "from": "human",
        "value": "<image>\nWhat is the growth form of this plant (e.g., tree, shrub, herb)?"
      },
      {
        "from": "gpt",
        "value": "The potato grows as a herbaceous plant, typically reaching a height of about 1 to 3 feet (30 to 90 cm)."
      }
    ]
  },
  {
    "id": "200078",
    "image": "downloaded_images/Plants/Potato/image_20241018_184109_8.jpg",
    "conversations": [
      {
        "from": "human",
        "value": "<image>\nWhat is the growth form of this plant (e.g., tree, shrub, herb)?"
      },
      {
        "from": "gpt",
        "value": "The potato grows as a herbaceous plant, typically reaching a height of about 1 to 3 feet (30 to 90 cm)."
      }
    ]
  },
  {
    "id": "200079",
    "image": "downloaded_images/Plants/Potato/image_20241107_195311_16.jpg",
    "conversations": [
      {
        "from": "human",
        "value": "<image>\nWhat is the growth form of this plant (e.g., tree, shrub, herb)?"
      },
      {
        "from": "gpt",
        "value": "The potato grows as a herbaceous plant, typically reaching a height of about 1 to 3 feet (30 to 90 cm)."
      }
    ]
  },
  {
    "id": "200080",
    "image": "downloaded_images/Plants/Potato/image_20241018_184226_17.jpg",
    "conversations": [
      {
        "from": "human",
        "value": "<image>\nWhat is the growth form of this plant (e.g., tree, shrub, herb)?"
      },
      {
        "from": "gpt",
        "value": "The potato grows as a herbaceous plant, typically reaching a height of about 1 to 3 feet (30 to 90 cm)."
      }
    ]
  },
  {
    "id": "200081",
    "image": "downloaded_images/Plants/Potato/image_20241107_195319_17.jpg",
    "conversations": [
      {
        "from": "human",
        "value": "<image>\nWhat is the growth form of this plant (e.g., tree, shrub, herb)?"
      },
      {
        "from": "gpt",
        "value": "The potato grows as a herbaceous plant, typically reaching a height of about 1 to 3 feet (30 to 90 cm)."
      }
    ]
  },
  {
    "id": "300052",
    "image": "downloaded_images/Plants/Potato/image_20241018_184032_4.jpg",
    "conversations": [
      {
        "from": "human",
        "value": "<image>\nHow is this plant referred to?"
      },
      {
        "from": "gpt",
        "value": "The common name of this plant is Potato."
      }
    ]
  },
  {
    "id": "300053",
    "image": "downloaded_images/Plants/Potato/image_20241018_184226_17.jpg",
    "conversations": [
      {
        "from": "human",
        "value": "<image>\nTo what family or genus is this species classified?"
      },
      {
        "from": "gpt",
        "value": "The potato belongs to the Solanaceae family and the Solanum genus."
      }
    ]
  },
  {
    "id": "300054",
    "image": "downloaded_images/Plants/Potato/image_20241018_184151_13.jpg",
    "conversations": [
      {
        "from": "human",
        "value": "<image>\nHow does this plant propagate (through seeds, cuttings, or runners)?"
      },
      {
        "from": "gpt",
        "value": "Potatoes primarily reproduce through tubers (which are modified stems), but they can also reproduce from seeds."
      }
    ]
  },
  {
    "id": "300055",
    "image": "downloaded_images/Plants/Potato/image_20241018_184006_1.jpg",
    "conversations": [
      {
        "from": "human",
        "value": "<image>\nWhere is this plant originally from—regionally or worldwide?"
      },
      {
        "from": "gpt",
        "value": "Potatoes are native to the Andean region of South America, particularly modern-day Peru and northwest Bolivia, but they are now found and cultivated globally."
      }
    ]
  },
  {
    "id": "300056",
    "image": "downloaded_images/Plants/Potato/image_20241018_184024_3.jpg",
    "conversations": [
      {
        "from": "human",
        "value": "<image>\nIn what way does this plant develop (as a tree, shrub, or herb)?"
      },
      {
        "from": "gpt",
        "value": "The potato grows as a herbaceous plant, typically reaching a height of about 1 to 3 feet (30 to 90 cm)."
      }
    ]
  },
  {
    "id": "300057",
    "image": "downloaded_images/Plants/Potato/image_20241107_195223_11.jpg",
    "conversations": [
      {
        "from": "human",
        "value": "<image>\nHow is this plant referred to?"
      },
      {
        "from": "gpt",
        "value": "The common name of this plant is Potato."
      }
    ]
  },
  {
    "id": "300058",
    "image": "downloaded_images/Plants/Potato/image_20241107_195505_29.jpg",
    "conversations": [
      {
        "from": "human",
        "value": "<image>\nHow is this plant referred to?"
      },
      {
        "from": "gpt",
        "value": "The common name of this plant is Potato."
      }
    ]
  },
  {
    "id": "300059",
    "image": "downloaded_images/Plants/Potato/image_20241107_195206_9.jpg",
    "conversations": [
      {
        "from": "human",
        "value": "<image>\nHow is this plant referred to?"
      },
      {
        "from": "gpt",
        "value": "The common name of this plant is Potato."
      }
    ]
  },
  {
    "id": "300060",
    "image": "downloaded_images/Plants/Potato/image_20241018_184049_6.jpg",
    "conversations": [
      {
        "from": "human",
        "value": "<image>\nHow is this plant referred to?"
      },
      {
        "from": "gpt",
        "value": "The common name of this plant is Potato."
      }
    ]
  },
  {
    "id": "300061",
    "image": "downloaded_images/Plants/Potato/image_20241107_195102_2.jpg",
    "conversations": [
      {
        "from": "human",
        "value": "<image>\nHow is this plant referred to?"
      },
      {
        "from": "gpt",
        "value": "The common name of this plant is Potato."
      }
    ]
  },
  {
    "id": "300062",
    "image": "downloaded_images/Plants/Potato/image_20241107_195206_9.jpg",
    "conversations": [
      {
        "from": "human",
        "value": "<image>\nTo what family or genus is this species classified?"
      },
      {
        "from": "gpt",
        "value": "The potato belongs to the Solanaceae family and the Solanum genus."
      }
    ]
  },
  {
    "id": "300063",
    "image": "downloaded_images/Plants/Potato/image_20241107_195319_17.jpg",
    "conversations": [
      {
        "from": "human",
        "value": "<image>\nTo what family or genus is this species classified?"
      },
      {
        "from": "gpt",
        "value": "The potato belongs to the Solanaceae family and the Solanum genus."
      }
    ]
  },
  {
    "id": "300064",
    "image": "downloaded_images/Plants/Potato/image_20241107_195354_21.jpg",
    "conversations": [
      {
        "from": "human",
        "value": "<image>\nTo what family or genus is this species classified?"
      },
      {
        "from": "gpt",
        "value": "The potato belongs to the Solanaceae family and the Solanum genus."
      }
    ]
  },
  {
    "id": "300065",
    "image": "downloaded_images/Plants/Potato/image_20241107_195215_10.jpg",
    "conversations": [
      {
        "from": "human",
        "value": "<image>\nTo what family or genus is this species classified?"
      },
      {
        "from": "gpt",
        "value": "The potato belongs to the Solanaceae family and the Solanum genus."
      }
    ]
  },
  {
    "id": "300066",
    "image": "downloaded_images/Plants/Potato/image_20241107_195223_11.jpg",
    "conversations": [
      {
        "from": "human",
        "value": "<image>\nTo what family or genus is this species classified?"
      },
      {
        "from": "gpt",
        "value": "The potato belongs to the Solanaceae family and the Solanum genus."
      }
    ]
  },
  {
    "id": "300067",
    "image": "downloaded_images/Plants/Potato/image_20241107_195235_12.jpg",
    "conversations": [
      {
        "from": "human",
        "value": "<image>\nHow does this plant propagate (through seeds, cuttings, or runners)?"
      },
      {
        "from": "gpt",
        "value": "Potatoes primarily reproduce through tubers (which are modified stems), but they can also reproduce from seeds."
      }
    ]
  },
  {
    "id": "300068",
    "image": "downloaded_images/Plants/Potato/image_20241107_195413_23.jpg",
    "conversations": [
      {
        "from": "human",
        "value": "<image>\nHow does this plant propagate (through seeds, cuttings, or runners)?"
      },
      {
        "from": "gpt",
        "value": "Potatoes primarily reproduce through tubers (which are modified stems), but they can also reproduce from seeds."
      }
    ]
  },
  {
    "id": "300069",
    "image": "downloaded_images/Plants/Potato/image_20241018_184257_21.jpg",
    "conversations": [
      {
        "from": "human",
        "value": "<image>\nHow does this plant propagate (through seeds, cuttings, or runners)?"
      },
      {
        "from": "gpt",
        "value": "Potatoes primarily reproduce through tubers (which are modified stems), but they can also reproduce from seeds."
      }
    ]
  },
  {
    "id": "300070",
    "image": "downloaded_images/Plants/Potato/image_20241107_195449_27.jpg",
    "conversations": [
      {
        "from": "human",
        "value": "<image>\nHow does this plant propagate (through seeds, cuttings, or runners)?"
      },
      {
        "from": "gpt",
        "value": "Potatoes primarily reproduce through tubers (which are modified stems), but they can also reproduce from seeds."
      }
    ]
  },
  {
    "id": "300071",
    "image": "downloaded_images/Plants/Potato/image_20241107_195354_21.jpg",
    "conversations": [
      {
        "from": "human",
        "value": "<image>\nHow does this plant propagate (through seeds, cuttings, or runners)?"
      },
      {
        "from": "gpt",
        "value": "Potatoes primarily reproduce through tubers (which are modified stems), but they can also reproduce from seeds."
      }
    ]
  },
  {
    "id": "300072",
    "image": "downloaded_images/Plants/Potato/image_20241018_184151_13.jpg",
    "conversations": [
      {
        "from": "human",
        "value": "<image>\nWhere is this plant originally from—regionally or worldwide?"
      },
      {
        "from": "gpt",
        "value": "Potatoes are native to the Andean region of South America, particularly modern-day Peru and northwest Bolivia, but they are now found and cultivated globally."
      }
    ]
  },
  {
    "id": "300073",
    "image": "downloaded_images/Plants/Potato/image_20241018_184024_3.jpg",
    "conversations": [
      {
        "from": "human",
        "value": "<image>\nWhere is this plant originally from—regionally or worldwide?"
      },
      {
        "from": "gpt",
        "value": "Potatoes are native to the Andean region of South America, particularly modern-day Peru and northwest Bolivia, but they are now found and cultivated globally."
      }
    ]
  },
  {
    "id": "300074",
    "image": "downloaded_images/Plants/Potato/image_20241107_195422_24.jpg",
    "conversations": [
      {
        "from": "human",
        "value": "<image>\nWhere is this plant originally from—regionally or worldwide?"
      },
      {
        "from": "gpt",
        "value": "Potatoes are native to the Andean region of South America, particularly modern-day Peru and northwest Bolivia, but they are now found and cultivated globally."
      }
    ]
  },
  {
    "id": "300075",
    "image": "downloaded_images/Plants/Potato/image_20241018_184257_21.jpg",
    "conversations": [
      {
        "from": "human",
        "value": "<image>\nWhere is this plant originally from—regionally or worldwide?"
      },
      {
        "from": "gpt",
        "value": "Potatoes are native to the Andean region of South America, particularly modern-day Peru and northwest Bolivia, but they are now found and cultivated globally."
      }
    ]
  },
  {
    "id": "300076",
    "image": "downloaded_images/Plants/Potato/image_20241107_195354_21.jpg",
    "conversations": [
      {
        "from": "human",
        "value": "<image>\nWhere is this plant originally from—regionally or worldwide?"
      },
      {
        "from": "gpt",
        "value": "Potatoes are native to the Andean region of South America, particularly modern-day Peru and northwest Bolivia, but they are now found and cultivated globally."
      }
    ]
  },
  {
    "id": "300077",
    "image": "downloaded_images/Plants/Potato/image_20241107_195141_6.jpg",
    "conversations": [
      {
        "from": "human",
        "value": "<image>\nIn what way does this plant develop (as a tree, shrub, or herb)?"
      },
      {
        "from": "gpt",
        "value": "The potato grows as a herbaceous plant, typically reaching a height of about 1 to 3 feet (30 to 90 cm)."
      }
    ]
  },
  {
    "id": "300078",
    "image": "downloaded_images/Plants/Potato/image_20241018_184109_8.jpg",
    "conversations": [
      {
        "from": "human",
        "value": "<image>\nIn what way does this plant develop (as a tree, shrub, or herb)?"
      },
      {
        "from": "gpt",
        "value": "The potato grows as a herbaceous plant, typically reaching a height of about 1 to 3 feet (30 to 90 cm)."
      }
    ]
  },
  {
    "id": "300079",
    "image": "downloaded_images/Plants/Potato/image_20241107_195311_16.jpg",
    "conversations": [
      {
        "from": "human",
        "value": "<image>\nIn what way does this plant develop (as a tree, shrub, or herb)?"
      },
      {
        "from": "gpt",
        "value": "The potato grows as a herbaceous plant, typically reaching a height of about 1 to 3 feet (30 to 90 cm)."
      }
    ]
  },
  {
    "id": "300080",
    "image": "downloaded_images/Plants/Potato/image_20241018_184226_17.jpg",
    "conversations": [
      {
        "from": "human",
        "value": "<image>\nIn what way does this plant develop (as a tree, shrub, or herb)?"
      },
      {
        "from": "gpt",
        "value": "The potato grows as a herbaceous plant, typically reaching a height of about 1 to 3 feet (30 to 90 cm)."
      }
    ]
  },
  {
    "id": "300081",
    "image": "downloaded_images/Plants/Potato/image_20241107_195319_17.jpg",
    "conversations": [
      {
        "from": "human",
        "value": "<image>\nIn what way does this plant develop (as a tree, shrub, or herb)?"
      },
      {
        "from": "gpt",
        "value": "The potato grows as a herbaceous plant, typically reaching a height of about 1 to 3 feet (30 to 90 cm)."
      }
    ]
  },
  {
    "id": "400052",
    "image": "downloaded_images/Plants/Potato/image_20241018_184032_4.jpg",
    "conversations": [
      {
        "from": "human",
        "value": "<image>\nWhat do people usually call this plant?"
      },
      {
        "from": "gpt",
        "value": "The common name of this plant is Potato."
      }
    ]
  },
  {
    "id": "400053",
    "image": "downloaded_images/Plants/Potato/image_20241018_184226_17.jpg",
    "conversations": [
      {
        "from": "human",
        "value": "<image>\nWhat family does this plant fall under?"
      },
      {
        "from": "gpt",
        "value": "The potato belongs to the Solanaceae family and the Solanum genus."
      }
    ]
  },
  {
    "id": "400054",
    "image": "downloaded_images/Plants/Potato/image_20241018_184151_13.jpg",
    "conversations": [
      {
        "from": "human",
        "value": "<image>\nWhat is the reproductive process of this plant?"
      },
      {
        "from": "gpt",
        "value": "Potatoes primarily reproduce through tubers (which are modified stems), but they can also reproduce from seeds."
      }
    ]
  },
  {
    "id": "400055",
    "image": "downloaded_images/Plants/Potato/image_20241018_184006_1.jpg",
    "conversations": [
      {
        "from": "human",
        "value": "<image>\nDoes this plant grow in a specific region, or is it found everywhere?"
      },
      {
        "from": "gpt",
        "value": "Potatoes are native to the Andean region of South America, particularly modern-day Peru and northwest Bolivia, but they are now found and cultivated globally."
      }
    ]
  },
  {
    "id": "400056",
    "image": "downloaded_images/Plants/Potato/image_20241018_184024_3.jpg",
    "conversations": [
      {
        "from": "human",
        "value": "<image>\nWhat type of growth habit does this plant exhibit (e.g., tree, shrub, herb)?"
      },
      {
        "from": "gpt",
        "value": "The potato grows as a herbaceous plant, typically reaching a height of about 1 to 3 feet (30 to 90 cm)."
      }
    ]
  },
  {
    "id": "400057",
    "image": "downloaded_images/Plants/Potato/image_20241107_195223_11.jpg",
    "conversations": [
      {
        "from": "human",
        "value": "<image>\nWhat do people usually call this plant?"
      },
      {
        "from": "gpt",
        "value": "The common name of this plant is Potato."
      }
    ]
  },
  {
    "id": "400058",
    "image": "downloaded_images/Plants/Potato/image_20241107_195505_29.jpg",
    "conversations": [
      {
        "from": "human",
        "value": "<image>\nWhat do people usually call this plant?"
      },
      {
        "from": "gpt",
        "value": "The common name of this plant is Potato."
      }
    ]
  },
  {
    "id": "400059",
    "image": "downloaded_images/Plants/Potato/image_20241107_195206_9.jpg",
    "conversations": [
      {
        "from": "human",
        "value": "<image>\nWhat do people usually call this plant?"
      },
      {
        "from": "gpt",
        "value": "The common name of this plant is Potato."
      }
    ]
  },
  {
    "id": "400060",
    "image": "downloaded_images/Plants/Potato/image_20241018_184049_6.jpg",
    "conversations": [
      {
        "from": "human",
        "value": "<image>\nWhat do people usually call this plant?"
      },
      {
        "from": "gpt",
        "value": "The common name of this plant is Potato."
      }
    ]
  },
  {
    "id": "400061",
    "image": "downloaded_images/Plants/Potato/image_20241107_195102_2.jpg",
    "conversations": [
      {
        "from": "human",
        "value": "<image>\nWhat do people usually call this plant?"
      },
      {
        "from": "gpt",
        "value": "The common name of this plant is Potato."
      }
    ]
  },
  {
    "id": "400062",
    "image": "downloaded_images/Plants/Potato/image_20241107_195206_9.jpg",
    "conversations": [
      {
        "from": "human",
        "value": "<image>\nWhat family does this plant fall under?"
      },
      {
        "from": "gpt",
        "value": "The potato belongs to the Solanaceae family and the Solanum genus."
      }
    ]
  },
  {
    "id": "400063",
    "image": "downloaded_images/Plants/Potato/image_20241107_195319_17.jpg",
    "conversations": [
      {
        "from": "human",
        "value": "<image>\nWhat family does this plant fall under?"
      },
      {
        "from": "gpt",
        "value": "The potato belongs to the Solanaceae family and the Solanum genus."
      }
    ]
  },
  {
    "id": "400064",
    "image": "downloaded_images/Plants/Potato/image_20241107_195354_21.jpg",
    "conversations": [
      {
        "from": "human",
        "value": "<image>\nWhat family does this plant fall under?"
      },
      {
        "from": "gpt",
        "value": "The potato belongs to the Solanaceae family and the Solanum genus."
      }
    ]
  },
  {
    "id": "400065",
    "image": "downloaded_images/Plants/Potato/image_20241107_195215_10.jpg",
    "conversations": [
      {
        "from": "human",
        "value": "<image>\nWhat family does this plant fall under?"
      },
      {
        "from": "gpt",
        "value": "The potato belongs to the Solanaceae family and the Solanum genus."
      }
    ]
  },
  {
    "id": "400066",
    "image": "downloaded_images/Plants/Potato/image_20241107_195223_11.jpg",
    "conversations": [
      {
        "from": "human",
        "value": "<image>\nWhat family does this plant fall under?"
      },
      {
        "from": "gpt",
        "value": "The potato belongs to the Solanaceae family and the Solanum genus."
      }
    ]
  },
  {
    "id": "400067",
    "image": "downloaded_images/Plants/Potato/image_20241107_195235_12.jpg",
    "conversations": [
      {
        "from": "human",
        "value": "<image>\nWhat is the reproductive process of this plant?"
      },
      {
        "from": "gpt",
        "value": "Potatoes primarily reproduce through tubers (which are modified stems), but they can also reproduce from seeds."
      }
    ]
  },
  {
    "id": "400068",
    "image": "downloaded_images/Plants/Potato/image_20241107_195413_23.jpg",
    "conversations": [
      {
        "from": "human",
        "value": "<image>\nWhat is the reproductive process of this plant?"
      },
      {
        "from": "gpt",
        "value": "Potatoes primarily reproduce through tubers (which are modified stems), but they can also reproduce from seeds."
      }
    ]
  },
  {
    "id": "400069",
    "image": "downloaded_images/Plants/Potato/image_20241018_184257_21.jpg",
    "conversations": [
      {
        "from": "human",
        "value": "<image>\nWhat is the reproductive process of this plant?"
      },
      {
        "from": "gpt",
        "value": "Potatoes primarily reproduce through tubers (which are modified stems), but they can also reproduce from seeds."
      }
    ]
  },
  {
    "id": "400070",
    "image": "downloaded_images/Plants/Potato/image_20241107_195449_27.jpg",
    "conversations": [
      {
        "from": "human",
        "value": "<image>\nWhat is the reproductive process of this plant?"
      },
      {
        "from": "gpt",
        "value": "Potatoes primarily reproduce through tubers (which are modified stems), but they can also reproduce from seeds."
      }
    ]
  },
  {
    "id": "400071",
    "image": "downloaded_images/Plants/Potato/image_20241107_195354_21.jpg",
    "conversations": [
      {
        "from": "human",
        "value": "<image>\nWhat is the reproductive process of this plant?"
      },
      {
        "from": "gpt",
        "value": "Potatoes primarily reproduce through tubers (which are modified stems), but they can also reproduce from seeds."
      }
    ]
  },
  {
    "id": "400072",
    "image": "downloaded_images/Plants/Potato/image_20241018_184151_13.jpg",
    "conversations": [
      {
        "from": "human",
        "value": "<image>\nDoes this plant grow in a specific region, or is it found everywhere?"
      },
      {
        "from": "gpt",
        "value": "Potatoes are native to the Andean region of South America, particularly modern-day Peru and northwest Bolivia, but they are now found and cultivated globally."
      }
    ]
  },
  {
    "id": "400073",
    "image": "downloaded_images/Plants/Potato/image_20241018_184024_3.jpg",
    "conversations": [
      {
        "from": "human",
        "value": "<image>\nDoes this plant grow in a specific region, or is it found everywhere?"
      },
      {
        "from": "gpt",
        "value": "Potatoes are native to the Andean region of South America, particularly modern-day Peru and northwest Bolivia, but they are now found and cultivated globally."
      }
    ]
  },
  {
    "id": "400074",
    "image": "downloaded_images/Plants/Potato/image_20241107_195422_24.jpg",
    "conversations": [
      {
        "from": "human",
        "value": "<image>\nDoes this plant grow in a specific region, or is it found everywhere?"
      },
      {
        "from": "gpt",
        "value": "Potatoes are native to the Andean region of South America, particularly modern-day Peru and northwest Bolivia, but they are now found and cultivated globally."
      }
    ]
  },
  {
    "id": "400075",
    "image": "downloaded_images/Plants/Potato/image_20241018_184257_21.jpg",
    "conversations": [
      {
        "from": "human",
        "value": "<image>\nDoes this plant grow in a specific region, or is it found everywhere?"
      },
      {
        "from": "gpt",
        "value": "Potatoes are native to the Andean region of South America, particularly modern-day Peru and northwest Bolivia, but they are now found and cultivated globally."
      }
    ]
  },
  {
    "id": "400076",
    "image": "downloaded_images/Plants/Potato/image_20241107_195354_21.jpg",
    "conversations": [
      {
        "from": "human",
        "value": "<image>\nDoes this plant grow in a specific region, or is it found everywhere?"
      },
      {
        "from": "gpt",
        "value": "Potatoes are native to the Andean region of South America, particularly modern-day Peru and northwest Bolivia, but they are now found and cultivated globally."
      }
    ]
  },
  {
    "id": "400077",
    "image": "downloaded_images/Plants/Potato/image_20241107_195141_6.jpg",
    "conversations": [
      {
        "from": "human",
        "value": "<image>\nWhat type of growth habit does this plant exhibit (e.g., tree, shrub, herb)?"
      },
      {
        "from": "gpt",
        "value": "The potato grows as a herbaceous plant, typically reaching a height of about 1 to 3 feet (30 to 90 cm)."
      }
    ]
  },
  {
    "id": "400078",
    "image": "downloaded_images/Plants/Potato/image_20241018_184109_8.jpg",
    "conversations": [
      {
        "from": "human",
        "value": "<image>\nWhat type of growth habit does this plant exhibit (e.g., tree, shrub, herb)?"
      },
      {
        "from": "gpt",
        "value": "The potato grows as a herbaceous plant, typically reaching a height of about 1 to 3 feet (30 to 90 cm)."
      }
    ]
  },
  {
    "id": "400079",
    "image": "downloaded_images/Plants/Potato/image_20241107_195311_16.jpg",
    "conversations": [
      {
        "from": "human",
        "value": "<image>\nWhat type of growth habit does this plant exhibit (e.g., tree, shrub, herb)?"
      },
      {
        "from": "gpt",
        "value": "The potato grows as a herbaceous plant, typically reaching a height of about 1 to 3 feet (30 to 90 cm)."
      }
    ]
  },
  {
    "id": "400080",
    "image": "downloaded_images/Plants/Potato/image_20241018_184226_17.jpg",
    "conversations": [
      {
        "from": "human",
        "value": "<image>\nWhat type of growth habit does this plant exhibit (e.g., tree, shrub, herb)?"
      },
      {
        "from": "gpt",
        "value": "The potato grows as a herbaceous plant, typically reaching a height of about 1 to 3 feet (30 to 90 cm)."
      }
    ]
  },
  {
    "id": "400081",
    "image": "downloaded_images/Plants/Potato/image_20241107_195319_17.jpg",
    "conversations": [
      {
        "from": "human",
        "value": "<image>\nWhat type of growth habit does this plant exhibit (e.g., tree, shrub, herb)?"
      },
      {
        "from": "gpt",
        "value": "The potato grows as a herbaceous plant, typically reaching a height of about 1 to 3 feet (30 to 90 cm)."
      }
    ]
  }
]