[
  {
    "id": "22",
    "image": "downloaded_images/Buildings/Taj_Mahal/image_20241017_222542_7.jpg",
    "conversations": [
      {
        "from": "human",
        "value": "<image>\nWhat is the name of this building?"
      },
      {
        "from": "gpt",
        "value": "The name of this building is the Taj Mahal."
      }
    ]
  },
  {
    "id": "23",
    "image": "downloaded_images/Buildings/Taj_Mahal/image_20241017_222438_2.jpg",
    "conversations": [
      {
        "from": "human",
        "value": "<image>\nWhere is it located?"
      },
      {
        "from": "gpt",
        "value": "The Taj Mahal is located in Agra, India."
      }
    ]
  },
  {
    "id": "24",
    "image": "downloaded_images/Buildings/Taj_Mahal/image_20241017_222619_10.jpg",
    "conversations": [
      {
        "from": "human",
        "value": "<image>\nIs the building open to the public?"
      },
      {
        "from": "gpt",
        "value": "Yes, the Taj Mahal is open to the public and is a popular tourist destination, attracting millions of visitors each year."
      }
    ]
  },
  {
    "id": "25",
    "image": "downloaded_images/Buildings/Taj_Mahal/image_20241106_120202_17.jpg",
    "conversations": [
      {
        "from": "human",
        "value": "<image>\nWhat is the name of this building?"
      },
      {
        "from": "gpt",
        "value": "The name of this building is the Taj Mahal."
      }
    ]
  },
  {
    "id": "26",
    "image": "downloaded_images/Buildings/Taj_Mahal/image_20241106_120300_24.jpg",
    "conversations": [
      {
        "from": "human",
        "value": "<image>\nWhat is the name of this building?"
      },
      {
        "from": "gpt",
        "value": "The name of this building is the Taj Mahal."
      }
    ]
  },
  {
    "id": "27",
    "image": "downloaded_images/Buildings/Taj_Mahal/image_20241106_120335_28.jpg",
    "conversations": [
      {
        "from": "human",
        "value": "<image>\nWhat is the name of this building?"
      },
      {
        "from": "gpt",
        "value": "The name of this building is the Taj Mahal."
      }
    ]
  },
  {
    "id": "28",
    "image": "downloaded_images/Buildings/Taj_Mahal/image_20241106_120134_14.jpg",
    "conversations": [
      {
        "from": "human",
        "value": "<image>\nWhat is the name of this building?"
      },
      {
        "from": "gpt",
        "value": "The name of this building is the Taj Mahal."
      }
    ]
  },
  {
    "id": "29",
    "image": "downloaded_images/Buildings/Taj_Mahal/image_20241106_120125_13.jpg",
    "conversations": [
      {
        "from": "human",
        "value": "<image>\nWhat is the name of this building?"
      },
      {
        "from": "gpt",
        "value": "The name of this building is the Taj Mahal."
      }
    ]
  },
  {
    "id": "30",
    "image": "downloaded_images/Buildings/Taj_Mahal/image_20241106_120300_24.jpg",
    "conversations": [
      {
        "from": "human",
        "value": "<image>\nWhere is it located?"
      },
      {
        "from": "gpt",
        "value": "The Taj Mahal is located in Agra, India."
      }
    ]
  },
  {
    "id": "31",
    "image": "downloaded_images/Buildings/Taj_Mahal/image_20241017_222650_13.jpg",
    "conversations": [
      {
        "from": "human",
        "value": "<image>\nWhere is it located?"
      },
      {
        "from": "gpt",
        "value": "The Taj Mahal is located in Agra, India."
      }
    ]
  },
  {
    "id": "32",
    "image": "downloaded_images/Buildings/Taj_Mahal/image_20241017_222619_10.jpg",
    "conversations": [
      {
        "from": "human",
        "value": "<image>\nWhere is it located?"
      },
      {
        "from": "gpt",
        "value": "The Taj Mahal is located in Agra, India."
      }
    ]
  },
  {
    "id": "33",
    "image": "downloaded_images/Buildings/Taj_Mahal/image_20241106_120233_21.jpg",
    "conversations": [
      {
        "from": "human",
        "value": "<image>\nWhere is it located?"
      },
      {
        "from": "gpt",
        "value": "The Taj Mahal is located in Agra, India."
      }
    ]
  },
  {
    "id": "34",
    "image": "downloaded_images/Buildings/Taj_Mahal/image_20241017_222508_4.jpg",
    "conversations": [
      {
        "from": "human",
        "value": "<image>\nWhere is it located?"
      },
      {
        "from": "gpt",
        "value": "The Taj Mahal is located in Agra, India."
      }
    ]
  },
  {
    "id": "35",
    "image": "downloaded_images/Buildings/Taj_Mahal/image_20241017_222518_5.jpg",
    "conversations": [
      {
        "from": "human",
        "value": "<image>\nIs the building open to the public?"
      },
      {
        "from": "gpt",
        "value": "Yes, the Taj Mahal is open to the public and is a popular tourist destination, attracting millions of visitors each year."
      }
    ]
  },
  {
    "id": "36",
    "image": "downloaded_images/Buildings/Taj_Mahal/image_20241017_222717_16.jpg",
    "conversations": [
      {
        "from": "human",
        "value": "<image>\nIs the building open to the public?"
      },
      {
        "from": "gpt",
        "value": "Yes, the Taj Mahal is open to the public and is a popular tourist destination, attracting millions of visitors each year."
      }
    ]
  },
  {
    "id": "37",
    "image": "downloaded_images/Buildings/Taj_Mahal/image_20241106_115954_3.jpg",
    "conversations": [
      {
        "from": "human",
        "value": "<image>\nIs the building open to the public?"
      },
      {
        "from": "gpt",
        "value": "Yes, the Taj Mahal is open to the public and is a popular tourist destination, attracting millions of visitors each year."
      }
    ]
  },
  {
    "id": "38",
    "image": "downloaded_images/Buildings/Taj_Mahal/image_20241106_120210_18.jpg",
    "conversations": [
      {
        "from": "human",
        "value": "<image>\nIs the building open to the public?"
      },
      {
        "from": "gpt",
        "value": "Yes, the Taj Mahal is open to the public and is a popular tourist destination, attracting millions of visitors each year."
      }
    ]
  },
  {
    "id": "39",
    "image": "downloaded_images/Buildings/Taj_Mahal/image_20241106_120134_14.jpg",
    "conversations": [
      {
        "from": "human",
        "value": "<image>\nIs the building open to the public?"
      },
      {
        "from": "gpt",
        "value": "Yes, the Taj Mahal is open to the public and is a popular tourist destination, attracting millions of visitors each year."
      }
    ]
  },
  {
    "id": "100022",
    "image": "downloaded_images/Buildings/Taj_Mahal/image_20241017_222542_7.jpg",
    "conversations": [
      {
        "from": "human",
        "value": "<image>\nWhat is this building called?"
      },
      {
        "from": "gpt",
        "value": "The name of this building is the Taj Mahal."
      }
    ]
  },
  {
    "id": "100023",
    "image": "downloaded_images/Buildings/Taj_Mahal/image_20241017_222438_2.jpg",
    "conversations": [
      {
        "from": "human",
        "value": "<image>\nWhere can it be found?"
      },
      {
        "from": "gpt",
        "value": "The Taj Mahal is located in Agra, India."
      }
    ]
  },
  {
    "id": "100024",
    "image": "downloaded_images/Buildings/Taj_Mahal/image_20241017_222619_10.jpg",
    "conversations": [
      {
        "from": "human",
        "value": "<image>\nIs this building accessible to the public?"
      },
      {
        "from": "gpt",
        "value": "Yes, the Taj Mahal is open to the public and is a popular tourist destination, attracting millions of visitors each year."
      }
    ]
  },
  {
    "id": "100025",
    "image": "downloaded_images/Buildings/Taj_Mahal/image_20241106_120202_17.jpg",
    "conversations": [
      {
        "from": "human",
        "value": "<image>\nWhat is this building called?"
      },
      {
        "from": "gpt",
        "value": "The name of this building is the Taj Mahal."
      }
    ]
  },
  {
    "id": "100026",
    "image": "downloaded_images/Buildings/Taj_Mahal/image_20241106_120300_24.jpg",
    "conversations": [
      {
        "from": "human",
        "value": "<image>\nWhat is this building called?"
      },
      {
        "from": "gpt",
        "value": "The name of this building is the Taj Mahal."
      }
    ]
  },
  {
    "id": "100027",
    "image": "downloaded_images/Buildings/Taj_Mahal/image_20241106_120335_28.jpg",
    "conversations": [
      {
        "from": "human",
        "value": "<image>\nWhat is this building called?"
      },
      {
        "from": "gpt",
        "value": "The name of this building is the Taj Mahal."
      }
    ]
  },
  {
    "id": "100028",
    "image": "downloaded_images/Buildings/Taj_Mahal/image_20241106_120134_14.jpg",
    "conversations": [
      {
        "from": "human",
        "value": "<image>\nWhat is this building called?"
      },
      {
        "from": "gpt",
        "value": "The name of this building is the Taj Mahal."
      }
    ]
  },
  {
    "id": "100029",
    "image": "downloaded_images/Buildings/Taj_Mahal/image_20241106_120125_13.jpg",
    "conversations": [
      {
        "from": "human",
        "value": "<image>\nWhat is this building called?"
      },
      {
        "from": "gpt",
        "value": "The name of this building is the Taj Mahal."
      }
    ]
  },
  {
    "id": "100030",
    "image": "downloaded_images/Buildings/Taj_Mahal/image_20241106_120300_24.jpg",
    "conversations": [
      {
        "from": "human",
        "value": "<image>\nWhere can it be found?"
      },
      {
        "from": "gpt",
        "value": "The Taj Mahal is located in Agra, India."
      }
    ]
  },
  {
    "id": "100031",
    "image": "downloaded_images/Buildings/Taj_Mahal/image_20241017_222650_13.jpg",
    "conversations": [
      {
        "from": "human",
        "value": "<image>\nWhere can it be found?"
      },
      {
        "from": "gpt",
        "value": "The Taj Mahal is located in Agra, India."
      }
    ]
  },
  {
    "id": "100032",
    "image": "downloaded_images/Buildings/Taj_Mahal/image_20241017_222619_10.jpg",
    "conversations": [
      {
        "from": "human",
        "value": "<image>\nWhere can it be found?"
      },
      {
        "from": "gpt",
        "value": "The Taj Mahal is located in Agra, India."
      }
    ]
  },
  {
    "id": "100033",
    "image": "downloaded_images/Buildings/Taj_Mahal/image_20241106_120233_21.jpg",
    "conversations": [
      {
        "from": "human",
        "value": "<image>\nWhere can it be found?"
      },
      {
        "from": "gpt",
        "value": "The Taj Mahal is located in Agra, India."
      }
    ]
  },
  {
    "id": "100034",
    "image": "downloaded_images/Buildings/Taj_Mahal/image_20241017_222508_4.jpg",
    "conversations": [
      {
        "from": "human",
        "value": "<image>\nWhere can it be found?"
      },
      {
        "from": "gpt",
        "value": "The Taj Mahal is located in Agra, India."
      }
    ]
  },
  {
    "id": "100035",
    "image": "downloaded_images/Buildings/Taj_Mahal/image_20241017_222518_5.jpg",
    "conversations": [
      {
        "from": "human",
        "value": "<image>\nIs this building accessible to the public?"
      },
      {
        "from": "gpt",
        "value": "Yes, the Taj Mahal is open to the public and is a popular tourist destination, attracting millions of visitors each year."
      }
    ]
  },
  {
    "id": "100036",
    "image": "downloaded_images/Buildings/Taj_Mahal/image_20241017_222717_16.jpg",
    "conversations": [
      {
        "from": "human",
        "value": "<image>\nIs this building accessible to the public?"
      },
      {
        "from": "gpt",
        "value": "Yes, the Taj Mahal is open to the public and is a popular tourist destination, attracting millions of visitors each year."
      }
    ]
  },
  {
    "id": "100037",
    "image": "downloaded_images/Buildings/Taj_Mahal/image_20241106_115954_3.jpg",
    "conversations": [
      {
        "from": "human",
        "value": "<image>\nIs this building accessible to the public?"
      },
      {
        "from": "gpt",
        "value": "Yes, the Taj Mahal is open to the public and is a popular tourist destination, attracting millions of visitors each year."
      }
    ]
  },
  {
    "id": "100038",
    "image": "downloaded_images/Buildings/Taj_Mahal/image_20241106_120210_18.jpg",
    "conversations": [
      {
        "from": "human",
        "value": "<image>\nIs this building accessible to the public?"
      },
      {
        "from": "gpt",
        "value": "Yes, the Taj Mahal is open to the public and is a popular tourist destination, attracting millions of visitors each year."
      }
    ]
  },
  {
    "id": "100039",
    "image": "downloaded_images/Buildings/Taj_Mahal/image_20241106_120134_14.jpg",
    "conversations": [
      {
        "from": "human",
        "value": "<image>\nIs this building accessible to the public?"
      },
      {
        "from": "gpt",
        "value": "Yes, the Taj Mahal is open to the public and is a popular tourist destination, attracting millions of visitors each year."
      }
    ]
  },
  {
    "id": "200022",
    "image": "downloaded_images/Buildings/Taj_Mahal/image_20241017_222542_7.jpg",
    "conversations": [
      {
        "from": "human",
        "value": "<image>\nWhat is the name of this structure?"
      },
      {
        "from": "gpt",
        "value": "The name of this building is the Taj Mahal."
      }
    ]
  },
  {
    "id": "200023",
    "image": "downloaded_images/Buildings/Taj_Mahal/image_20241017_222438_2.jpg",
    "conversations": [
      {
        "from": "human",
        "value": "<image>\nWhat is the location of this building?"
      },
      {
        "from": "gpt",
        "value": "The Taj Mahal is located in Agra, India."
      }
    ]
  },
  {
    "id": "200024",
    "image": "downloaded_images/Buildings/Taj_Mahal/image_20241017_222619_10.jpg",
    "conversations": [
      {
        "from": "human",
        "value": "<image>\nCan the public visit this building?"
      },
      {
        "from": "gpt",
        "value": "Yes, the Taj Mahal is open to the public and is a popular tourist destination, attracting millions of visitors each year."
      }
    ]
  },
  {
    "id": "200025",
    "image": "downloaded_images/Buildings/Taj_Mahal/image_20241106_120202_17.jpg",
    "conversations": [
      {
        "from": "human",
        "value": "<image>\nWhat is the name of this structure?"
      },
      {
        "from": "gpt",
        "value": "The name of this building is the Taj Mahal."
      }
    ]
  },
  {
    "id": "200026",
    "image": "downloaded_images/Buildings/Taj_Mahal/image_20241106_120300_24.jpg",
    "conversations": [
      {
        "from": "human",
        "value": "<image>\nWhat is the name of this structure?"
      },
      {
        "from": "gpt",
        "value": "The name of this building is the Taj Mahal."
      }
    ]
  },
  {
    "id": "200027",
    "image": "downloaded_images/Buildings/Taj_Mahal/image_20241106_120335_28.jpg",
    "conversations": [
      {
        "from": "human",
        "value": "<image>\nWhat is the name of this structure?"
      },
      {
        "from": "gpt",
        "value": "The name of this building is the Taj Mahal."
      }
    ]
  },
  {
    "id": "200028",
    "image": "downloaded_images/Buildings/Taj_Mahal/image_20241106_120134_14.jpg",
    "conversations": [
      {
        "from": "human",
        "value": "<image>\nWhat is the name of this structure?"
      },
      {
        "from": "gpt",
        "value": "The name of this building is the Taj Mahal."
      }
    ]
  },
  {
    "id": "200029",
    "image": "downloaded_images/Buildings/Taj_Mahal/image_20241106_120125_13.jpg",
    "conversations": [
      {
        "from": "human",
        "value": "<image>\nWhat is the name of this structure?"
      },
      {
        "from": "gpt",
        "value": "The name of this building is the Taj Mahal."
      }
    ]
  },
  {
    "id": "200030",
    "image": "downloaded_images/Buildings/Taj_Mahal/image_20241106_120300_24.jpg",
    "conversations": [
      {
        "from": "human",
        "value": "<image>\nWhat is the location of this building?"
      },
      {
        "from": "gpt",
        "value": "The Taj Mahal is located in Agra, India."
      }
    ]
  },
  {
    "id": "200031",
    "image": "downloaded_images/Buildings/Taj_Mahal/image_20241017_222650_13.jpg",
    "conversations": [
      {
        "from": "human",
        "value": "<image>\nWhat is the location of this building?"
      },
      {
        "from": "gpt",
        "value": "The Taj Mahal is located in Agra, India."
      }
    ]
  },
  {
    "id": "200032",
    "image": "downloaded_images/Buildings/Taj_Mahal/image_20241017_222619_10.jpg",
    "conversations": [
      {
        "from": "human",
        "value": "<image>\nWhat is the location of this building?"
      },
      {
        "from": "gpt",
        "value": "The Taj Mahal is located in Agra, India."
      }
    ]
  },
  {
    "id": "200033",
    "image": "downloaded_images/Buildings/Taj_Mahal/image_20241106_120233_21.jpg",
    "conversations": [
      {
        "from": "human",
        "value": "<image>\nWhat is the location of this building?"
      },
      {
        "from": "gpt",
        "value": "The Taj Mahal is located in Agra, India."
      }
    ]
  },
  {
    "id": "200034",
    "image": "downloaded_images/Buildings/Taj_Mahal/image_20241017_222508_4.jpg",
    "conversations": [
      {
        "from": "human",
        "value": "<image>\nWhat is the location of this building?"
      },
      {
        "from": "gpt",
        "value": "The Taj Mahal is located in Agra, India."
      }
    ]
  },
  {
    "id": "200035",
    "image": "downloaded_images/Buildings/Taj_Mahal/image_20241017_222518_5.jpg",
    "conversations": [
      {
        "from": "human",
        "value": "<image>\nCan the public visit this building?"
      },
      {
        "from": "gpt",
        "value": "Yes, the Taj Mahal is open to the public and is a popular tourist destination, attracting millions of visitors each year."
      }
    ]
  },
  {
    "id": "200036",
    "image": "downloaded_images/Buildings/Taj_Mahal/image_20241017_222717_16.jpg",
    "conversations": [
      {
        "from": "human",
        "value": "<image>\nCan the public visit this building?"
      },
      {
        "from": "gpt",
        "value": "Yes, the Taj Mahal is open to the public and is a popular tourist destination, attracting millions of visitors each year."
      }
    ]
  },
  {
    "id": "200037",
    "image": "downloaded_images/Buildings/Taj_Mahal/image_20241106_115954_3.jpg",
    "conversations": [
      {
        "from": "human",
        "value": "<image>\nCan the public visit this building?"
      },
      {
        "from": "gpt",
        "value": "Yes, the Taj Mahal is open to the public and is a popular tourist destination, attracting millions of visitors each year."
      }
    ]
  },
  {
    "id": "200038",
    "image": "downloaded_images/Buildings/Taj_Mahal/image_20241106_120210_18.jpg",
    "conversations": [
      {
        "from": "human",
        "value": "<image>\nCan the public visit this building?"
      },
      {
        "from": "gpt",
        "value": "Yes, the Taj Mahal is open to the public and is a popular tourist destination, attracting millions of visitors each year."
      }
    ]
  },
  {
    "id": "200039",
    "image": "downloaded_images/Buildings/Taj_Mahal/image_20241106_120134_14.jpg",
    "conversations": [
      {
        "from": "human",
        "value": "<image>\nCan the public visit this building?"
      },
      {
        "from": "gpt",
        "value": "Yes, the Taj Mahal is open to the public and is a popular tourist destination, attracting millions of visitors each year."
      }
    ]
  },
  {
    "id": "300022",
    "image": "downloaded_images/Buildings/Taj_Mahal/image_20241017_222542_7.jpg",
    "conversations": [
      {
        "from": "human",
        "value": "<image>\nHow is this building referred to?"
      },
      {
        "from": "gpt",
        "value": "The name of this building is the Taj Mahal."
      }
    ]
  },
  {
    "id": "300023",
    "image": "downloaded_images/Buildings/Taj_Mahal/image_20241017_222438_2.jpg",
    "conversations": [
      {
        "from": "human",
        "value": "<image>\nIn which area is this building situated?"
      },
      {
        "from": "gpt",
        "value": "The Taj Mahal is located in Agra, India."
      }
    ]
  },
  {
    "id": "300024",
    "image": "downloaded_images/Buildings/Taj_Mahal/image_20241017_222619_10.jpg",
    "conversations": [
      {
        "from": "human",
        "value": "<image>\nIs the building open for public access?"
      },
      {
        "from": "gpt",
        "value": "Yes, the Taj Mahal is open to the public and is a popular tourist destination, attracting millions of visitors each year."
      }
    ]
  },
  {
    "id": "300025",
    "image": "downloaded_images/Buildings/Taj_Mahal/image_20241106_120202_17.jpg",
    "conversations": [
      {
        "from": "human",
        "value": "<image>\nHow is this building referred to?"
      },
      {
        "from": "gpt",
        "value": "The name of this building is the Taj Mahal."
      }
    ]
  },
  {
    "id": "300026",
    "image": "downloaded_images/Buildings/Taj_Mahal/image_20241106_120300_24.jpg",
    "conversations": [
      {
        "from": "human",
        "value": "<image>\nHow is this building referred to?"
      },
      {
        "from": "gpt",
        "value": "The name of this building is the Taj Mahal."
      }
    ]
  },
  {
    "id": "300027",
    "image": "downloaded_images/Buildings/Taj_Mahal/image_20241106_120335_28.jpg",
    "conversations": [
      {
        "from": "human",
        "value": "<image>\nHow is this building referred to?"
      },
      {
        "from": "gpt",
        "value": "The name of this building is the Taj Mahal."
      }
    ]
  },
  {
    "id": "300028",
    "image": "downloaded_images/Buildings/Taj_Mahal/image_20241106_120134_14.jpg",
    "conversations": [
      {
        "from": "human",
        "value": "<image>\nHow is this building referred to?"
      },
      {
        "from": "gpt",
        "value": "The name of this building is the Taj Mahal."
      }
    ]
  },
  {
    "id": "300029",
    "image": "downloaded_images/Buildings/Taj_Mahal/image_20241106_120125_13.jpg",
    "conversations": [
      {
        "from": "human",
        "value": "<image>\nHow is this building referred to?"
      },
      {
        "from": "gpt",
        "value": "The name of this building is the Taj Mahal."
      }
    ]
  },
  {
    "id": "300030",
    "image": "downloaded_images/Buildings/Taj_Mahal/image_20241106_120300_24.jpg",
    "conversations": [
      {
        "from": "human",
        "value": "<image>\nIn which area is this building situated?"
      },
      {
        "from": "gpt",
        "value": "The Taj Mahal is located in Agra, India."
      }
    ]
  },
  {
    "id": "300031",
    "image": "downloaded_images/Buildings/Taj_Mahal/image_20241017_222650_13.jpg",
    "conversations": [
      {
        "from": "human",
        "value": "<image>\nIn which area is this building situated?"
      },
      {
        "from": "gpt",
        "value": "The Taj Mahal is located in Agra, India."
      }
    ]
  },
  {
    "id": "300032",
    "image": "downloaded_images/Buildings/Taj_Mahal/image_20241017_222619_10.jpg",
    "conversations": [
      {
        "from": "human",
        "value": "<image>\nIn which area is this building situated?"
      },
      {
        "from": "gpt",
        "value": "The Taj Mahal is located in Agra, India."
      }
    ]
  },
  {
    "id": "300033",
    "image": "downloaded_images/Buildings/Taj_Mahal/image_20241106_120233_21.jpg",
    "conversations": [
      {
        "from": "human",
        "value": "<image>\nIn which area is this building situated?"
      },
      {
        "from": "gpt",
        "value": "The Taj Mahal is located in Agra, India."
      }
    ]
  },
  {
    "id": "300034",
    "image": "downloaded_images/Buildings/Taj_Mahal/image_20241017_222508_4.jpg",
    "conversations": [
      {
        "from": "human",
        "value": "<image>\nIn which area is this building situated?"
      },
      {
        "from": "gpt",
        "value": "The Taj Mahal is located in Agra, India."
      }
    ]
  },
  {
    "id": "300035",
    "image": "downloaded_images/Buildings/Taj_Mahal/image_20241017_222518_5.jpg",
    "conversations": [
      {
        "from": "human",
        "value": "<image>\nIs the building open for public access?"
      },
      {
        "from": "gpt",
        "value": "Yes, the Taj Mahal is open to the public and is a popular tourist destination, attracting millions of visitors each year."
      }
    ]
  },
  {
    "id": "300036",
    "image": "downloaded_images/Buildings/Taj_Mahal/image_20241017_222717_16.jpg",
    "conversations": [
      {
        "from": "human",
        "value": "<image>\nIs the building open for public access?"
      },
      {
        "from": "gpt",
        "value": "Yes, the Taj Mahal is open to the public and is a popular tourist destination, attracting millions of visitors each year."
      }
    ]
  },
  {
    "id": "300037",
    "image": "downloaded_images/Buildings/Taj_Mahal/image_20241106_115954_3.jpg",
    "conversations": [
      {
        "from": "human",
        "value": "<image>\nIs the building open for public access?"
      },
      {
        "from": "gpt",
        "value": "Yes, the Taj Mahal is open to the public and is a popular tourist destination, attracting millions of visitors each year."
      }
    ]
  },
  {
    "id": "300038",
    "image": "downloaded_images/Buildings/Taj_Mahal/image_20241106_120210_18.jpg",
    "conversations": [
      {
        "from": "human",
        "value": "<image>\nIs the building open for public access?"
      },
      {
        "from": "gpt",
        "value": "Yes, the Taj Mahal is open to the public and is a popular tourist destination, attracting millions of visitors each year."
      }
    ]
  },
  {
    "id": "300039",
    "image": "downloaded_images/Buildings/Taj_Mahal/image_20241106_120134_14.jpg",
    "conversations": [
      {
        "from": "human",
        "value": "<image>\nIs the building open for public access?"
      },
      {
        "from": "gpt",
        "value": "Yes, the Taj Mahal is open to the public and is a popular tourist destination, attracting millions of visitors each year."
      }
    ]
  },
  {
    "id": "400022",
    "image": "downloaded_images/Buildings/Taj_Mahal/image_20241017_222542_7.jpg",
    "conversations": [
      {
        "from": "human",
        "value": "<image>\nWhat do people commonly call this building?"
      },
      {
        "from": "gpt",
        "value": "The name of this building is the Taj Mahal."
      }
    ]
  },
  {
    "id": "400023",
    "image": "downloaded_images/Buildings/Taj_Mahal/image_20241017_222438_2.jpg",
    "conversations": [
      {
        "from": "human",
        "value": "<image>\nWhere is this structure located?"
      },
      {
        "from": "gpt",
        "value": "The Taj Mahal is located in Agra, India."
      }
    ]
  },
  {
    "id": "400024",
    "image": "downloaded_images/Buildings/Taj_Mahal/image_20241017_222619_10.jpg",
    "conversations": [
      {
        "from": "human",
        "value": "<image>\nAre visitors allowed in this building?"
      },
      {
        "from": "gpt",
        "value": "Yes, the Taj Mahal is open to the public and is a popular tourist destination, attracting millions of visitors each year."
      }
    ]
  },
  {
    "id": "400025",
    "image": "downloaded_images/Buildings/Taj_Mahal/image_20241106_120202_17.jpg",
    "conversations": [
      {
        "from": "human",
        "value": "<image>\nWhat do people commonly call this building?"
      },
      {
        "from": "gpt",
        "value": "The name of this building is the Taj Mahal."
      }
    ]
  },
  {
    "id": "400026",
    "image": "downloaded_images/Buildings/Taj_Mahal/image_20241106_120300_24.jpg",
    "conversations": [
      {
        "from": "human",
        "value": "<image>\nWhat do people commonly call this building?"
      },
      {
        "from": "gpt",
        "value": "The name of this building is the Taj Mahal."
      }
    ]
  },
  {
    "id": "400027",
    "image": "downloaded_images/Buildings/Taj_Mahal/image_20241106_120335_28.jpg",
    "conversations": [
      {
        "from": "human",
        "value": "<image>\nWhat do people commonly call this building?"
      },
      {
        "from": "gpt",
        "value": "The name of this building is the Taj Mahal."
      }
    ]
  },
  {
    "id": "400028",
    "image": "downloaded_images/Buildings/Taj_Mahal/image_20241106_120134_14.jpg",
    "conversations": [
      {
        "from": "human",
        "value": "<image>\nWhat do people commonly call this building?"
      },
      {
        "from": "gpt",
        "value": "The name of this building is the Taj Mahal."
      }
    ]
  },
  {
    "id": "400029",
    "image": "downloaded_images/Buildings/Taj_Mahal/image_20241106_120125_13.jpg",
    "conversations": [
      {
        "from": "human",
        "value": "<image>\nWhat do people commonly call this building?"
      },
      {
        "from": "gpt",
        "value": "The name of this building is the Taj Mahal."
      }
    ]
  },
  {
    "id": "400030",
    "image": "downloaded_images/Buildings/Taj_Mahal/image_20241106_120300_24.jpg",
    "conversations": [
      {
        "from": "human",
        "value": "<image>\nWhere is this structure located?"
      },
      {
        "from": "gpt",
        "value": "The Taj Mahal is located in Agra, India."
      }
    ]
  },
  {
    "id": "400031",
    "image": "downloaded_images/Buildings/Taj_Mahal/image_20241017_222650_13.jpg",
    "conversations": [
      {
        "from": "human",
        "value": "<image>\nWhere is this structure located?"
      },
      {
        "from": "gpt",
        "value": "The Taj Mahal is located in Agra, India."
      }
    ]
  },
  {
    "id": "400032",
    "image": "downloaded_images/Buildings/Taj_Mahal/image_20241017_222619_10.jpg",
    "conversations": [
      {
        "from": "human",
        "value": "<image>\nWhere is this structure located?"
      },
      {
        "from": "gpt",
        "value": "The Taj Mahal is located in Agra, India."
      }
    ]
  },
  {
    "id": "400033",
    "image": "downloaded_images/Buildings/Taj_Mahal/image_20241106_120233_21.jpg",
    "conversations": [
      {
        "from": "human",
        "value": "<image>\nWhere is this structure located?"
      },
      {
        "from": "gpt",
        "value": "The Taj Mahal is located in Agra, India."
      }
    ]
  },
  {
    "id": "400034",
    "image": "downloaded_images/Buildings/Taj_Mahal/image_20241017_222508_4.jpg",
    "conversations": [
      {
        "from": "human",
        "value": "<image>\nWhere is this structure located?"
      },
      {
        "from": "gpt",
        "value": "The Taj Mahal is located in Agra, India."
      }
    ]
  },
  {
    "id": "400035",
    "image": "downloaded_images/Buildings/Taj_Mahal/image_20241017_222518_5.jpg",
    "conversations": [
      {
        "from": "human",
        "value": "<image>\nAre visitors allowed in this building?"
      },
      {
        "from": "gpt",
        "value": "Yes, the Taj Mahal is open to the public and is a popular tourist destination, attracting millions of visitors each year."
      }
    ]
  },
  {
    "id": "400036",
    "image": "downloaded_images/Buildings/Taj_Mahal/image_20241017_222717_16.jpg",
    "conversations": [
      {
        "from": "human",
        "value": "<image>\nAre visitors allowed in this building?"
      },
      {
        "from": "gpt",
        "value": "Yes, the Taj Mahal is open to the public and is a popular tourist destination, attracting millions of visitors each year."
      }
    ]
  },
  {
    "id": "400037",
    "image": "downloaded_images/Buildings/Taj_Mahal/image_20241106_115954_3.jpg",
    "conversations": [
      {
        "from": "human",
        "value": "<image>\nAre visitors allowed in this building?"
      },
      {
        "from": "gpt",
        "value": "Yes, the Taj Mahal is open to the public and is a popular tourist destination, attracting millions of visitors each year."
      }
    ]
  },
  {
    "id": "400038",
    "image": "downloaded_images/Buildings/Taj_Mahal/image_20241106_120210_18.jpg",
    "conversations": [
      {
        "from": "human",
        "value": "<image>\nAre visitors allowed in this building?"
      },
      {
        "from": "gpt",
        "value": "Yes, the Taj Mahal is open to the public and is a popular tourist destination, attracting millions of visitors each year."
      }
    ]
  },
  {
    "id": "400039",
    "image": "downloaded_images/Buildings/Taj_Mahal/image_20241106_120134_14.jpg",
    "conversations": [
      {
        "from": "human",
        "value": "<image>\nAre visitors allowed in this building?"
      },
      {
        "from": "gpt",
        "value": "Yes, the Taj Mahal is open to the public and is a popular tourist destination, attracting millions of visitors each year."
      }
    ]
  }
]