[
  {
    "id": "61",
    "image": "downloaded_images/Personage/Queen_Elizabeth_Ⅱ/image_20241018_221616_2.jpg",
    "conversations": [
      {
        "from": "human",
        "value": "<image>\nWhat is this person's name?"
      },
      {
        "from": "gpt",
        "value": "Queen Elizabeth II"
      }
    ]
  },
  {
    "id": "62",
    "image": "downloaded_images/Personage/Queen_Elizabeth_Ⅱ/image_20241018_221818_15.jpg",
    "conversations": [
      {
        "from": "human",
        "value": "<image>\nWhen and where was this person born?"
      },
      {
        "from": "gpt",
        "value": "Queen Elizabeth II was born on April 21, 1926, in London, England."
      }
    ]
  },
  {
    "id": "63",
    "image": "downloaded_images/Personage/Queen_Elizabeth_Ⅱ/image_20241018_221826_16.jpg",
    "conversations": [
      {
        "from": "human",
        "value": "<image>\nWhat is this person's profession?"
      },
      {
        "from": "gpt",
        "value": "Queen Elizabeth II was a monarch, serving as the Queen of the United Kingdom and other Commonwealth realms."
      }
    ]
  },
  {
    "id": "64",
    "image": "downloaded_images/Personage/Queen_Elizabeth_Ⅱ/image_20241018_221603_1.jpg",
    "conversations": [
      {
        "from": "human",
        "value": "<image>\nWhat are the famous works or achievements of this person?"
      },
      {
        "from": "gpt",
        "value": "Queen Elizabeth II is known for her long reign, which lasted from February 6, 1952, until her death on September 8, 2022. She was the longest-reigning monarch in British history. Her achievements include overseeing significant changes in the monarchy, such as modernization efforts, and playing a key role in the Commonwealth's development. She also celebrated numerous milestones, including her Silver, Golden, Diamond, and Platinum Jubilees."
      }
    ]
  },
  {
    "id": "65",
    "image": "downloaded_images/Personage/Queen_Elizabeth_Ⅱ/image_20241018_221845_18.jpg",
    "conversations": [
      {
        "from": "human",
        "value": "<image>\nWhat contributions has this person made to society or industry?"
      },
      {
        "from": "gpt",
        "value": "Queen Elizabeth II contributed to society by promoting national unity and stability during times of change and uncertainty. She was a symbol of continuity and tradition, fostering a sense of national identity. Her reign saw the decolonization of Africa and the Caribbean, and she played a role in strengthening the Commonwealth. Additionally, she supported numerous charities and organizations, contributing to various social causes, including education, health, and the arts."
      }
    ]
  },
  {
    "id": "66",
    "image": "downloaded_images/Personage/Queen_Elizabeth_Ⅱ/image_20241108_101715_14.jpg",
    "conversations": [
      {
        "from": "human",
        "value": "<image>\nWhat is this person's name?"
      },
      {
        "from": "gpt",
        "value": "Queen Elizabeth II"
      }
    ]
  },
  {
    "id": "67",
    "image": "downloaded_images/Personage/Queen_Elizabeth_Ⅱ/image_20241018_221632_4.jpg",
    "conversations": [
      {
        "from": "human",
        "value": "<image>\nWhat is this person's name?"
      },
      {
        "from": "gpt",
        "value": "Queen Elizabeth II"
      }
    ]
  },
  {
    "id": "68",
    "image": "downloaded_images/Personage/Queen_Elizabeth_Ⅱ/image_20241108_101846_24.jpg",
    "conversations": [
      {
        "from": "human",
        "value": "<image>\nWhat is this person's name?"
      },
      {
        "from": "gpt",
        "value": "Queen Elizabeth II"
      }
    ]
  },
  {
    "id": "69",
    "image": "downloaded_images/Personage/Queen_Elizabeth_Ⅱ/image_20241107_181732_11.jpg",
    "conversations": [
      {
        "from": "human",
        "value": "<image>\nWhat is this person's name?"
      },
      {
        "from": "gpt",
        "value": "Queen Elizabeth II"
      }
    ]
  },
  {
    "id": "70",
    "image": "downloaded_images/Personage/Queen_Elizabeth_Ⅱ/image_20241107_181853_20.jpg",
    "conversations": [
      {
        "from": "human",
        "value": "<image>\nWhat is this person's name?"
      },
      {
        "from": "gpt",
        "value": "Queen Elizabeth II"
      }
    ]
  },
  {
    "id": "71",
    "image": "downloaded_images/Personage/Queen_Elizabeth_Ⅱ/image_20241107_181934_25.jpg",
    "conversations": [
      {
        "from": "human",
        "value": "<image>\nWhen and where was this person born?"
      },
      {
        "from": "gpt",
        "value": "Queen Elizabeth II was born on April 21, 1926, in London, England."
      }
    ]
  },
  {
    "id": "72",
    "image": "downloaded_images/Personage/Queen_Elizabeth_Ⅱ/image_20241107_181901_21.jpg",
    "conversations": [
      {
        "from": "human",
        "value": "<image>\nWhen and where was this person born?"
      },
      {
        "from": "gpt",
        "value": "Queen Elizabeth II was born on April 21, 1926, in London, England."
      }
    ]
  },
  {
    "id": "73",
    "image": "downloaded_images/Personage/Queen_Elizabeth_Ⅱ/image_20241018_221632_4.jpg",
    "conversations": [
      {
        "from": "human",
        "value": "<image>\nWhen and where was this person born?"
      },
      {
        "from": "gpt",
        "value": "Queen Elizabeth II was born on April 21, 1926, in London, England."
      }
    ]
  },
  {
    "id": "74",
    "image": "downloaded_images/Personage/Queen_Elizabeth_Ⅱ/image_20241108_101923_28.jpg",
    "conversations": [
      {
        "from": "human",
        "value": "<image>\nWhen and where was this person born?"
      },
      {
        "from": "gpt",
        "value": "Queen Elizabeth II was born on April 21, 1926, in London, England."
      }
    ]
  },
  {
    "id": "75",
    "image": "downloaded_images/Personage/Queen_Elizabeth_Ⅱ/image_20241108_101602_8.jpg",
    "conversations": [
      {
        "from": "human",
        "value": "<image>\nWhen and where was this person born?"
      },
      {
        "from": "gpt",
        "value": "Queen Elizabeth II was born on April 21, 1926, in London, England."
      }
    ]
  },
  {
    "id": "76",
    "image": "downloaded_images/Personage/Queen_Elizabeth_Ⅱ/image_20241107_181934_25.jpg",
    "conversations": [
      {
        "from": "human",
        "value": "<image>\nWhat is this person's profession?"
      },
      {
        "from": "gpt",
        "value": "Queen Elizabeth II was a monarch, serving as the Queen of the United Kingdom and other Commonwealth realms."
      }
    ]
  },
  {
    "id": "77",
    "image": "downloaded_images/Personage/Queen_Elizabeth_Ⅱ/image_20241108_101554_7.jpg",
    "conversations": [
      {
        "from": "human",
        "value": "<image>\nWhat is this person's profession?"
      },
      {
        "from": "gpt",
        "value": "Queen Elizabeth II was a monarch, serving as the Queen of the United Kingdom and other Commonwealth realms."
      }
    ]
  },
  {
    "id": "78",
    "image": "downloaded_images/Personage/Queen_Elizabeth_Ⅱ/image_20241107_181836_18.jpg",
    "conversations": [
      {
        "from": "human",
        "value": "<image>\nWhat is this person's profession?"
      },
      {
        "from": "gpt",
        "value": "Queen Elizabeth II was a monarch, serving as the Queen of the United Kingdom and other Commonwealth realms."
      }
    ]
  },
  {
    "id": "79",
    "image": "downloaded_images/Personage/Queen_Elizabeth_Ⅱ/image_20241108_101543_6.jpg",
    "conversations": [
      {
        "from": "human",
        "value": "<image>\nWhat is this person's profession?"
      },
      {
        "from": "gpt",
        "value": "Queen Elizabeth II was a monarch, serving as the Queen of the United Kingdom and other Commonwealth realms."
      }
    ]
  },
  {
    "id": "80",
    "image": "downloaded_images/Personage/Queen_Elizabeth_Ⅱ/image_20241018_221616_2.jpg",
    "conversations": [
      {
        "from": "human",
        "value": "<image>\nWhat is this person's profession?"
      },
      {
        "from": "gpt",
        "value": "Queen Elizabeth II was a monarch, serving as the Queen of the United Kingdom and other Commonwealth realms."
      }
    ]
  },
  {
    "id": "81",
    "image": "downloaded_images/Personage/Queen_Elizabeth_Ⅱ/image_20241107_181934_25.jpg",
    "conversations": [
      {
        "from": "human",
        "value": "<image>\nWhat are the famous works or achievements of this person?"
      },
      {
        "from": "gpt",
        "value": "Queen Elizabeth II is known for her long reign, which lasted from February 6, 1952, until her death on September 8, 2022. She was the longest-reigning monarch in British history. Her achievements include overseeing significant changes in the monarchy, such as modernization efforts, and playing a key role in the Commonwealth's development. She also celebrated numerous milestones, including her Silver, Golden, Diamond, and Platinum Jubilees."
      }
    ]
  },
  {
    "id": "82",
    "image": "downloaded_images/Personage/Queen_Elizabeth_Ⅱ/image_20241108_101838_23.jpg",
    "conversations": [
      {
        "from": "human",
        "value": "<image>\nWhat are the famous works or achievements of this person?"
      },
      {
        "from": "gpt",
        "value": "Queen Elizabeth II is known for her long reign, which lasted from February 6, 1952, until her death on September 8, 2022. She was the longest-reigning monarch in British history. Her achievements include overseeing significant changes in the monarchy, such as modernization efforts, and playing a key role in the Commonwealth's development. She also celebrated numerous milestones, including her Silver, Golden, Diamond, and Platinum Jubilees."
      }
    ]
  },
  {
    "id": "83",
    "image": "downloaded_images/Personage/Queen_Elizabeth_Ⅱ/image_20241108_101906_26.jpg",
    "conversations": [
      {
        "from": "human",
        "value": "<image>\nWhat are the famous works or achievements of this person?"
      },
      {
        "from": "gpt",
        "value": "Queen Elizabeth II is known for her long reign, which lasted from February 6, 1952, until her death on September 8, 2022. She was the longest-reigning monarch in British history. Her achievements include overseeing significant changes in the monarchy, such as modernization efforts, and playing a key role in the Commonwealth's development. She also celebrated numerous milestones, including her Silver, Golden, Diamond, and Platinum Jubilees."
      }
    ]
  },
  {
    "id": "84",
    "image": "downloaded_images/Personage/Queen_Elizabeth_Ⅱ/image_20241107_181809_15.jpg",
    "conversations": [
      {
        "from": "human",
        "value": "<image>\nWhat are the famous works or achievements of this person?"
      },
      {
        "from": "gpt",
        "value": "Queen Elizabeth II is known for her long reign, which lasted from February 6, 1952, until her death on September 8, 2022. She was the longest-reigning monarch in British history. Her achievements include overseeing significant changes in the monarchy, such as modernization efforts, and playing a key role in the Commonwealth's development. She also celebrated numerous milestones, including her Silver, Golden, Diamond, and Platinum Jubilees."
      }
    ]
  },
  {
    "id": "85",
    "image": "downloaded_images/Personage/Queen_Elizabeth_Ⅱ/image_20241107_181918_23.jpg",
    "conversations": [
      {
        "from": "human",
        "value": "<image>\nWhat are the famous works or achievements of this person?"
      },
      {
        "from": "gpt",
        "value": "Queen Elizabeth II is known for her long reign, which lasted from February 6, 1952, until her death on September 8, 2022. She was the longest-reigning monarch in British history. Her achievements include overseeing significant changes in the monarchy, such as modernization efforts, and playing a key role in the Commonwealth's development. She also celebrated numerous milestones, including her Silver, Golden, Diamond, and Platinum Jubilees."
      }
    ]
  },
  {
    "id": "86",
    "image": "downloaded_images/Personage/Queen_Elizabeth_Ⅱ/image_20241108_101554_7.jpg",
    "conversations": [
      {
        "from": "human",
        "value": "<image>\nWhat contributions has this person made to society or industry?"
      },
      {
        "from": "gpt",
        "value": "Queen Elizabeth II contributed to society by promoting national unity and stability during times of change and uncertainty. She was a symbol of continuity and tradition, fostering a sense of national identity. Her reign saw the decolonization of Africa and the Caribbean, and she played a role in strengthening the Commonwealth. Additionally, she supported numerous charities and organizations, contributing to various social causes, including education, health, and the arts."
      }
    ]
  },
  {
    "id": "87",
    "image": "downloaded_images/Personage/Queen_Elizabeth_Ⅱ/image_20241108_101620_10.jpg",
    "conversations": [
      {
        "from": "human",
        "value": "<image>\nWhat contributions has this person made to society or industry?"
      },
      {
        "from": "gpt",
        "value": "Queen Elizabeth II contributed to society by promoting national unity and stability during times of change and uncertainty. She was a symbol of continuity and tradition, fostering a sense of national identity. Her reign saw the decolonization of Africa and the Caribbean, and she played a role in strengthening the Commonwealth. Additionally, she supported numerous charities and organizations, contributing to various social causes, including education, health, and the arts."
      }
    ]
  },
  {
    "id": "88",
    "image": "downloaded_images/Personage/Queen_Elizabeth_Ⅱ/image_20241108_101956_29.jpg",
    "conversations": [
      {
        "from": "human",
        "value": "<image>\nWhat contributions has this person made to society or industry?"
      },
      {
        "from": "gpt",
        "value": "Queen Elizabeth II contributed to society by promoting national unity and stability during times of change and uncertainty. She was a symbol of continuity and tradition, fostering a sense of national identity. Her reign saw the decolonization of Africa and the Caribbean, and she played a role in strengthening the Commonwealth. Additionally, she supported numerous charities and organizations, contributing to various social causes, including education, health, and the arts."
      }
    ]
  },
  {
    "id": "89",
    "image": "downloaded_images/Personage/Queen_Elizabeth_Ⅱ/image_20241018_221700_7.jpg",
    "conversations": [
      {
        "from": "human",
        "value": "<image>\nWhat contributions has this person made to society or industry?"
      },
      {
        "from": "gpt",
        "value": "Queen Elizabeth II contributed to society by promoting national unity and stability during times of change and uncertainty. She was a symbol of continuity and tradition, fostering a sense of national identity. Her reign saw the decolonization of Africa and the Caribbean, and she played a role in strengthening the Commonwealth. Additionally, she supported numerous charities and organizations, contributing to various social causes, including education, health, and the arts."
      }
    ]
  },
  {
    "id": "90",
    "image": "downloaded_images/Personage/Queen_Elizabeth_Ⅱ/image_20241108_101846_24.jpg",
    "conversations": [
      {
        "from": "human",
        "value": "<image>\nWhat contributions has this person made to society or industry?"
      },
      {
        "from": "gpt",
        "value": "Queen Elizabeth II contributed to society by promoting national unity and stability during times of change and uncertainty. She was a symbol of continuity and tradition, fostering a sense of national identity. Her reign saw the decolonization of Africa and the Caribbean, and she played a role in strengthening the Commonwealth. Additionally, she supported numerous charities and organizations, contributing to various social causes, including education, health, and the arts."
      }
    ]
  },
  {
    "id": "100061",
    "image": "downloaded_images/Personage/Queen_Elizabeth_Ⅱ/image_20241018_221616_2.jpg",
    "conversations": [
      {
        "from": "human",
        "value": "<image>\nWhat is the name of this individual?"
      },
      {
        "from": "gpt",
        "value": "Queen Elizabeth II"
      }
    ]
  },
  {
    "id": "100062",
    "image": "downloaded_images/Personage/Queen_Elizabeth_Ⅱ/image_20241018_221818_15.jpg",
    "conversations": [
      {
        "from": "human",
        "value": "<image>\nWhen and where was this individual born?"
      },
      {
        "from": "gpt",
        "value": "Queen Elizabeth II was born on April 21, 1926, in London, England."
      }
    ]
  },
  {
    "id": "100063",
    "image": "downloaded_images/Personage/Queen_Elizabeth_Ⅱ/image_20241018_221826_16.jpg",
    "conversations": [
      {
        "from": "human",
        "value": "<image>\nWhat is this individual's occupation?"
      },
      {
        "from": "gpt",
        "value": "Queen Elizabeth II was a monarch, serving as the Queen of the United Kingdom and other Commonwealth realms."
      }
    ]
  },
  {
    "id": "100064",
    "image": "downloaded_images/Personage/Queen_Elizabeth_Ⅱ/image_20241018_221603_1.jpg",
    "conversations": [
      {
        "from": "human",
        "value": "<image>\nWhat are this person's notable works or achievements?"
      },
      {
        "from": "gpt",
        "value": "Queen Elizabeth II is known for her long reign, which lasted from February 6, 1952, until her death on September 8, 2022. She was the longest-reigning monarch in British history. Her achievements include overseeing significant changes in the monarchy, such as modernization efforts, and playing a key role in the Commonwealth's development. She also celebrated numerous milestones, including her Silver, Golden, Diamond, and Platinum Jubilees."
      }
    ]
  },
  {
    "id": "100065",
    "image": "downloaded_images/Personage/Queen_Elizabeth_Ⅱ/image_20241018_221845_18.jpg",
    "conversations": [
      {
        "from": "human",
        "value": "<image>\nHow has this person contributed to society or their industry?"
      },
      {
        "from": "gpt",
        "value": "Queen Elizabeth II contributed to society by promoting national unity and stability during times of change and uncertainty. She was a symbol of continuity and tradition, fostering a sense of national identity. Her reign saw the decolonization of Africa and the Caribbean, and she played a role in strengthening the Commonwealth. Additionally, she supported numerous charities and organizations, contributing to various social causes, including education, health, and the arts."
      }
    ]
  },
  {
    "id": "100066",
    "image": "downloaded_images/Personage/Queen_Elizabeth_Ⅱ/image_20241108_101715_14.jpg",
    "conversations": [
      {
        "from": "human",
        "value": "<image>\nWhat is the name of this individual?"
      },
      {
        "from": "gpt",
        "value": "Queen Elizabeth II"
      }
    ]
  },
  {
    "id": "100067",
    "image": "downloaded_images/Personage/Queen_Elizabeth_Ⅱ/image_20241018_221632_4.jpg",
    "conversations": [
      {
        "from": "human",
        "value": "<image>\nWhat is the name of this individual?"
      },
      {
        "from": "gpt",
        "value": "Queen Elizabeth II"
      }
    ]
  },
  {
    "id": "100068",
    "image": "downloaded_images/Personage/Queen_Elizabeth_Ⅱ/image_20241108_101846_24.jpg",
    "conversations": [
      {
        "from": "human",
        "value": "<image>\nWhat is the name of this individual?"
      },
      {
        "from": "gpt",
        "value": "Queen Elizabeth II"
      }
    ]
  },
  {
    "id": "100069",
    "image": "downloaded_images/Personage/Queen_Elizabeth_Ⅱ/image_20241107_181732_11.jpg",
    "conversations": [
      {
        "from": "human",
        "value": "<image>\nWhat is the name of this individual?"
      },
      {
        "from": "gpt",
        "value": "Queen Elizabeth II"
      }
    ]
  },
  {
    "id": "100070",
    "image": "downloaded_images/Personage/Queen_Elizabeth_Ⅱ/image_20241107_181853_20.jpg",
    "conversations": [
      {
        "from": "human",
        "value": "<image>\nWhat is the name of this individual?"
      },
      {
        "from": "gpt",
        "value": "Queen Elizabeth II"
      }
    ]
  },
  {
    "id": "100071",
    "image": "downloaded_images/Personage/Queen_Elizabeth_Ⅱ/image_20241107_181934_25.jpg",
    "conversations": [
      {
        "from": "human",
        "value": "<image>\nWhen and where was this individual born?"
      },
      {
        "from": "gpt",
        "value": "Queen Elizabeth II was born on April 21, 1926, in London, England."
      }
    ]
  },
  {
    "id": "100072",
    "image": "downloaded_images/Personage/Queen_Elizabeth_Ⅱ/image_20241107_181901_21.jpg",
    "conversations": [
      {
        "from": "human",
        "value": "<image>\nWhen and where was this individual born?"
      },
      {
        "from": "gpt",
        "value": "Queen Elizabeth II was born on April 21, 1926, in London, England."
      }
    ]
  },
  {
    "id": "100073",
    "image": "downloaded_images/Personage/Queen_Elizabeth_Ⅱ/image_20241018_221632_4.jpg",
    "conversations": [
      {
        "from": "human",
        "value": "<image>\nWhen and where was this individual born?"
      },
      {
        "from": "gpt",
        "value": "Queen Elizabeth II was born on April 21, 1926, in London, England."
      }
    ]
  },
  {
    "id": "100074",
    "image": "downloaded_images/Personage/Queen_Elizabeth_Ⅱ/image_20241108_101923_28.jpg",
    "conversations": [
      {
        "from": "human",
        "value": "<image>\nWhen and where was this individual born?"
      },
      {
        "from": "gpt",
        "value": "Queen Elizabeth II was born on April 21, 1926, in London, England."
      }
    ]
  },
  {
    "id": "100075",
    "image": "downloaded_images/Personage/Queen_Elizabeth_Ⅱ/image_20241108_101602_8.jpg",
    "conversations": [
      {
        "from": "human",
        "value": "<image>\nWhen and where was this individual born?"
      },
      {
        "from": "gpt",
        "value": "Queen Elizabeth II was born on April 21, 1926, in London, England."
      }
    ]
  },
  {
    "id": "100076",
    "image": "downloaded_images/Personage/Queen_Elizabeth_Ⅱ/image_20241107_181934_25.jpg",
    "conversations": [
      {
        "from": "human",
        "value": "<image>\nWhat is this individual's occupation?"
      },
      {
        "from": "gpt",
        "value": "Queen Elizabeth II was a monarch, serving as the Queen of the United Kingdom and other Commonwealth realms."
      }
    ]
  },
  {
    "id": "100077",
    "image": "downloaded_images/Personage/Queen_Elizabeth_Ⅱ/image_20241108_101554_7.jpg",
    "conversations": [
      {
        "from": "human",
        "value": "<image>\nWhat is this individual's occupation?"
      },
      {
        "from": "gpt",
        "value": "Queen Elizabeth II was a monarch, serving as the Queen of the United Kingdom and other Commonwealth realms."
      }
    ]
  },
  {
    "id": "100078",
    "image": "downloaded_images/Personage/Queen_Elizabeth_Ⅱ/image_20241107_181836_18.jpg",
    "conversations": [
      {
        "from": "human",
        "value": "<image>\nWhat is this individual's occupation?"
      },
      {
        "from": "gpt",
        "value": "Queen Elizabeth II was a monarch, serving as the Queen of the United Kingdom and other Commonwealth realms."
      }
    ]
  },
  {
    "id": "100079",
    "image": "downloaded_images/Personage/Queen_Elizabeth_Ⅱ/image_20241108_101543_6.jpg",
    "conversations": [
      {
        "from": "human",
        "value": "<image>\nWhat is this individual's occupation?"
      },
      {
        "from": "gpt",
        "value": "Queen Elizabeth II was a monarch, serving as the Queen of the United Kingdom and other Commonwealth realms."
      }
    ]
  },
  {
    "id": "100080",
    "image": "downloaded_images/Personage/Queen_Elizabeth_Ⅱ/image_20241018_221616_2.jpg",
    "conversations": [
      {
        "from": "human",
        "value": "<image>\nWhat is this individual's occupation?"
      },
      {
        "from": "gpt",
        "value": "Queen Elizabeth II was a monarch, serving as the Queen of the United Kingdom and other Commonwealth realms."
      }
    ]
  },
  {
    "id": "100081",
    "image": "downloaded_images/Personage/Queen_Elizabeth_Ⅱ/image_20241107_181934_25.jpg",
    "conversations": [
      {
        "from": "human",
        "value": "<image>\nWhat are this person's notable works or achievements?"
      },
      {
        "from": "gpt",
        "value": "Queen Elizabeth II is known for her long reign, which lasted from February 6, 1952, until her death on September 8, 2022. She was the longest-reigning monarch in British history. Her achievements include overseeing significant changes in the monarchy, such as modernization efforts, and playing a key role in the Commonwealth's development. She also celebrated numerous milestones, including her Silver, Golden, Diamond, and Platinum Jubilees."
      }
    ]
  },
  {
    "id": "100082",
    "image": "downloaded_images/Personage/Queen_Elizabeth_Ⅱ/image_20241108_101838_23.jpg",
    "conversations": [
      {
        "from": "human",
        "value": "<image>\nWhat are this person's notable works or achievements?"
      },
      {
        "from": "gpt",
        "value": "Queen Elizabeth II is known for her long reign, which lasted from February 6, 1952, until her death on September 8, 2022. She was the longest-reigning monarch in British history. Her achievements include overseeing significant changes in the monarchy, such as modernization efforts, and playing a key role in the Commonwealth's development. She also celebrated numerous milestones, including her Silver, Golden, Diamond, and Platinum Jubilees."
      }
    ]
  },
  {
    "id": "100083",
    "image": "downloaded_images/Personage/Queen_Elizabeth_Ⅱ/image_20241108_101906_26.jpg",
    "conversations": [
      {
        "from": "human",
        "value": "<image>\nWhat are this person's notable works or achievements?"
      },
      {
        "from": "gpt",
        "value": "Queen Elizabeth II is known for her long reign, which lasted from February 6, 1952, until her death on September 8, 2022. She was the longest-reigning monarch in British history. Her achievements include overseeing significant changes in the monarchy, such as modernization efforts, and playing a key role in the Commonwealth's development. She also celebrated numerous milestones, including her Silver, Golden, Diamond, and Platinum Jubilees."
      }
    ]
  },
  {
    "id": "100084",
    "image": "downloaded_images/Personage/Queen_Elizabeth_Ⅱ/image_20241107_181809_15.jpg",
    "conversations": [
      {
        "from": "human",
        "value": "<image>\nWhat are this person's notable works or achievements?"
      },
      {
        "from": "gpt",
        "value": "Queen Elizabeth II is known for her long reign, which lasted from February 6, 1952, until her death on September 8, 2022. She was the longest-reigning monarch in British history. Her achievements include overseeing significant changes in the monarchy, such as modernization efforts, and playing a key role in the Commonwealth's development. She also celebrated numerous milestones, including her Silver, Golden, Diamond, and Platinum Jubilees."
      }
    ]
  },
  {
    "id": "100085",
    "image": "downloaded_images/Personage/Queen_Elizabeth_Ⅱ/image_20241107_181918_23.jpg",
    "conversations": [
      {
        "from": "human",
        "value": "<image>\nWhat are this person's notable works or achievements?"
      },
      {
        "from": "gpt",
        "value": "Queen Elizabeth II is known for her long reign, which lasted from February 6, 1952, until her death on September 8, 2022. She was the longest-reigning monarch in British history. Her achievements include overseeing significant changes in the monarchy, such as modernization efforts, and playing a key role in the Commonwealth's development. She also celebrated numerous milestones, including her Silver, Golden, Diamond, and Platinum Jubilees."
      }
    ]
  },
  {
    "id": "100086",
    "image": "downloaded_images/Personage/Queen_Elizabeth_Ⅱ/image_20241108_101554_7.jpg",
    "conversations": [
      {
        "from": "human",
        "value": "<image>\nHow has this person contributed to society or their industry?"
      },
      {
        "from": "gpt",
        "value": "Queen Elizabeth II contributed to society by promoting national unity and stability during times of change and uncertainty. She was a symbol of continuity and tradition, fostering a sense of national identity. Her reign saw the decolonization of Africa and the Caribbean, and she played a role in strengthening the Commonwealth. Additionally, she supported numerous charities and organizations, contributing to various social causes, including education, health, and the arts."
      }
    ]
  },
  {
    "id": "100087",
    "image": "downloaded_images/Personage/Queen_Elizabeth_Ⅱ/image_20241108_101620_10.jpg",
    "conversations": [
      {
        "from": "human",
        "value": "<image>\nHow has this person contributed to society or their industry?"
      },
      {
        "from": "gpt",
        "value": "Queen Elizabeth II contributed to society by promoting national unity and stability during times of change and uncertainty. She was a symbol of continuity and tradition, fostering a sense of national identity. Her reign saw the decolonization of Africa and the Caribbean, and she played a role in strengthening the Commonwealth. Additionally, she supported numerous charities and organizations, contributing to various social causes, including education, health, and the arts."
      }
    ]
  },
  {
    "id": "100088",
    "image": "downloaded_images/Personage/Queen_Elizabeth_Ⅱ/image_20241108_101956_29.jpg",
    "conversations": [
      {
        "from": "human",
        "value": "<image>\nHow has this person contributed to society or their industry?"
      },
      {
        "from": "gpt",
        "value": "Queen Elizabeth II contributed to society by promoting national unity and stability during times of change and uncertainty. She was a symbol of continuity and tradition, fostering a sense of national identity. Her reign saw the decolonization of Africa and the Caribbean, and she played a role in strengthening the Commonwealth. Additionally, she supported numerous charities and organizations, contributing to various social causes, including education, health, and the arts."
      }
    ]
  },
  {
    "id": "100089",
    "image": "downloaded_images/Personage/Queen_Elizabeth_Ⅱ/image_20241018_221700_7.jpg",
    "conversations": [
      {
        "from": "human",
        "value": "<image>\nHow has this person contributed to society or their industry?"
      },
      {
        "from": "gpt",
        "value": "Queen Elizabeth II contributed to society by promoting national unity and stability during times of change and uncertainty. She was a symbol of continuity and tradition, fostering a sense of national identity. Her reign saw the decolonization of Africa and the Caribbean, and she played a role in strengthening the Commonwealth. Additionally, she supported numerous charities and organizations, contributing to various social causes, including education, health, and the arts."
      }
    ]
  },
  {
    "id": "100090",
    "image": "downloaded_images/Personage/Queen_Elizabeth_Ⅱ/image_20241108_101846_24.jpg",
    "conversations": [
      {
        "from": "human",
        "value": "<image>\nHow has this person contributed to society or their industry?"
      },
      {
        "from": "gpt",
        "value": "Queen Elizabeth II contributed to society by promoting national unity and stability during times of change and uncertainty. She was a symbol of continuity and tradition, fostering a sense of national identity. Her reign saw the decolonization of Africa and the Caribbean, and she played a role in strengthening the Commonwealth. Additionally, she supported numerous charities and organizations, contributing to various social causes, including education, health, and the arts."
      }
    ]
  },
  {
    "id": "200061",
    "image": "downloaded_images/Personage/Queen_Elizabeth_Ⅱ/image_20241018_221616_2.jpg",
    "conversations": [
      {
        "from": "human",
        "value": "<image>\nHow is this person called?"
      },
      {
        "from": "gpt",
        "value": "Queen Elizabeth II"
      }
    ]
  },
  {
    "id": "200062",
    "image": "downloaded_images/Personage/Queen_Elizabeth_Ⅱ/image_20241018_221818_15.jpg",
    "conversations": [
      {
        "from": "human",
        "value": "<image>\nWhat is the birthdate and birthplace of this individual?"
      },
      {
        "from": "gpt",
        "value": "Queen Elizabeth II was born on April 21, 1926, in London, England."
      }
    ]
  },
  {
    "id": "200063",
    "image": "downloaded_images/Personage/Queen_Elizabeth_Ⅱ/image_20241018_221826_16.jpg",
    "conversations": [
      {
        "from": "human",
        "value": "<image>\nWhat profession does this person hold?"
      },
      {
        "from": "gpt",
        "value": "Queen Elizabeth II was a monarch, serving as the Queen of the United Kingdom and other Commonwealth realms."
      }
    ]
  },
  {
    "id": "200064",
    "image": "downloaded_images/Personage/Queen_Elizabeth_Ⅱ/image_20241018_221603_1.jpg",
    "conversations": [
      {
        "from": "human",
        "value": "<image>\nWhat are the key accomplishments of this individual?"
      },
      {
        "from": "gpt",
        "value": "Queen Elizabeth II is known for her long reign, which lasted from February 6, 1952, until her death on September 8, 2022. She was the longest-reigning monarch in British history. Her achievements include overseeing significant changes in the monarchy, such as modernization efforts, and playing a key role in the Commonwealth's development. She also celebrated numerous milestones, including her Silver, Golden, Diamond, and Platinum Jubilees."
      }
    ]
  },
  {
    "id": "200065",
    "image": "downloaded_images/Personage/Queen_Elizabeth_Ⅱ/image_20241018_221845_18.jpg",
    "conversations": [
      {
        "from": "human",
        "value": "<image>\nWhat impact has this individual made in their field or community?"
      },
      {
        "from": "gpt",
        "value": "Queen Elizabeth II contributed to society by promoting national unity and stability during times of change and uncertainty. She was a symbol of continuity and tradition, fostering a sense of national identity. Her reign saw the decolonization of Africa and the Caribbean, and she played a role in strengthening the Commonwealth. Additionally, she supported numerous charities and organizations, contributing to various social causes, including education, health, and the arts."
      }
    ]
  },
  {
    "id": "200066",
    "image": "downloaded_images/Personage/Queen_Elizabeth_Ⅱ/image_20241108_101715_14.jpg",
    "conversations": [
      {
        "from": "human",
        "value": "<image>\nHow is this person called?"
      },
      {
        "from": "gpt",
        "value": "Queen Elizabeth II"
      }
    ]
  },
  {
    "id": "200067",
    "image": "downloaded_images/Personage/Queen_Elizabeth_Ⅱ/image_20241018_221632_4.jpg",
    "conversations": [
      {
        "from": "human",
        "value": "<image>\nHow is this person called?"
      },
      {
        "from": "gpt",
        "value": "Queen Elizabeth II"
      }
    ]
  },
  {
    "id": "200068",
    "image": "downloaded_images/Personage/Queen_Elizabeth_Ⅱ/image_20241108_101846_24.jpg",
    "conversations": [
      {
        "from": "human",
        "value": "<image>\nHow is this person called?"
      },
      {
        "from": "gpt",
        "value": "Queen Elizabeth II"
      }
    ]
  },
  {
    "id": "200069",
    "image": "downloaded_images/Personage/Queen_Elizabeth_Ⅱ/image_20241107_181732_11.jpg",
    "conversations": [
      {
        "from": "human",
        "value": "<image>\nHow is this person called?"
      },
      {
        "from": "gpt",
        "value": "Queen Elizabeth II"
      }
    ]
  },
  {
    "id": "200070",
    "image": "downloaded_images/Personage/Queen_Elizabeth_Ⅱ/image_20241107_181853_20.jpg",
    "conversations": [
      {
        "from": "human",
        "value": "<image>\nHow is this person called?"
      },
      {
        "from": "gpt",
        "value": "Queen Elizabeth II"
      }
    ]
  },
  {
    "id": "200071",
    "image": "downloaded_images/Personage/Queen_Elizabeth_Ⅱ/image_20241107_181934_25.jpg",
    "conversations": [
      {
        "from": "human",
        "value": "<image>\nWhat is the birthdate and birthplace of this individual?"
      },
      {
        "from": "gpt",
        "value": "Queen Elizabeth II was born on April 21, 1926, in London, England."
      }
    ]
  },
  {
    "id": "200072",
    "image": "downloaded_images/Personage/Queen_Elizabeth_Ⅱ/image_20241107_181901_21.jpg",
    "conversations": [
      {
        "from": "human",
        "value": "<image>\nWhat is the birthdate and birthplace of this individual?"
      },
      {
        "from": "gpt",
        "value": "Queen Elizabeth II was born on April 21, 1926, in London, England."
      }
    ]
  },
  {
    "id": "200073",
    "image": "downloaded_images/Personage/Queen_Elizabeth_Ⅱ/image_20241018_221632_4.jpg",
    "conversations": [
      {
        "from": "human",
        "value": "<image>\nWhat is the birthdate and birthplace of this individual?"
      },
      {
        "from": "gpt",
        "value": "Queen Elizabeth II was born on April 21, 1926, in London, England."
      }
    ]
  },
  {
    "id": "200074",
    "image": "downloaded_images/Personage/Queen_Elizabeth_Ⅱ/image_20241108_101923_28.jpg",
    "conversations": [
      {
        "from": "human",
        "value": "<image>\nWhat is the birthdate and birthplace of this individual?"
      },
      {
        "from": "gpt",
        "value": "Queen Elizabeth II was born on April 21, 1926, in London, England."
      }
    ]
  },
  {
    "id": "200075",
    "image": "downloaded_images/Personage/Queen_Elizabeth_Ⅱ/image_20241108_101602_8.jpg",
    "conversations": [
      {
        "from": "human",
        "value": "<image>\nWhat is the birthdate and birthplace of this individual?"
      },
      {
        "from": "gpt",
        "value": "Queen Elizabeth II was born on April 21, 1926, in London, England."
      }
    ]
  },
  {
    "id": "200076",
    "image": "downloaded_images/Personage/Queen_Elizabeth_Ⅱ/image_20241107_181934_25.jpg",
    "conversations": [
      {
        "from": "human",
        "value": "<image>\nWhat profession does this person hold?"
      },
      {
        "from": "gpt",
        "value": "Queen Elizabeth II was a monarch, serving as the Queen of the United Kingdom and other Commonwealth realms."
      }
    ]
  },
  {
    "id": "200077",
    "image": "downloaded_images/Personage/Queen_Elizabeth_Ⅱ/image_20241108_101554_7.jpg",
    "conversations": [
      {
        "from": "human",
        "value": "<image>\nWhat profession does this person hold?"
      },
      {
        "from": "gpt",
        "value": "Queen Elizabeth II was a monarch, serving as the Queen of the United Kingdom and other Commonwealth realms."
      }
    ]
  },
  {
    "id": "200078",
    "image": "downloaded_images/Personage/Queen_Elizabeth_Ⅱ/image_20241107_181836_18.jpg",
    "conversations": [
      {
        "from": "human",
        "value": "<image>\nWhat profession does this person hold?"
      },
      {
        "from": "gpt",
        "value": "Queen Elizabeth II was a monarch, serving as the Queen of the United Kingdom and other Commonwealth realms."
      }
    ]
  },
  {
    "id": "200079",
    "image": "downloaded_images/Personage/Queen_Elizabeth_Ⅱ/image_20241108_101543_6.jpg",
    "conversations": [
      {
        "from": "human",
        "value": "<image>\nWhat profession does this person hold?"
      },
      {
        "from": "gpt",
        "value": "Queen Elizabeth II was a monarch, serving as the Queen of the United Kingdom and other Commonwealth realms."
      }
    ]
  },
  {
    "id": "200080",
    "image": "downloaded_images/Personage/Queen_Elizabeth_Ⅱ/image_20241018_221616_2.jpg",
    "conversations": [
      {
        "from": "human",
        "value": "<image>\nWhat profession does this person hold?"
      },
      {
        "from": "gpt",
        "value": "Queen Elizabeth II was a monarch, serving as the Queen of the United Kingdom and other Commonwealth realms."
      }
    ]
  },
  {
    "id": "200081",
    "image": "downloaded_images/Personage/Queen_Elizabeth_Ⅱ/image_20241107_181934_25.jpg",
    "conversations": [
      {
        "from": "human",
        "value": "<image>\nWhat are the key accomplishments of this individual?"
      },
      {
        "from": "gpt",
        "value": "Queen Elizabeth II is known for her long reign, which lasted from February 6, 1952, until her death on September 8, 2022. She was the longest-reigning monarch in British history. Her achievements include overseeing significant changes in the monarchy, such as modernization efforts, and playing a key role in the Commonwealth's development. She also celebrated numerous milestones, including her Silver, Golden, Diamond, and Platinum Jubilees."
      }
    ]
  },
  {
    "id": "200082",
    "image": "downloaded_images/Personage/Queen_Elizabeth_Ⅱ/image_20241108_101838_23.jpg",
    "conversations": [
      {
        "from": "human",
        "value": "<image>\nWhat are the key accomplishments of this individual?"
      },
      {
        "from": "gpt",
        "value": "Queen Elizabeth II is known for her long reign, which lasted from February 6, 1952, until her death on September 8, 2022. She was the longest-reigning monarch in British history. Her achievements include overseeing significant changes in the monarchy, such as modernization efforts, and playing a key role in the Commonwealth's development. She also celebrated numerous milestones, including her Silver, Golden, Diamond, and Platinum Jubilees."
      }
    ]
  },
  {
    "id": "200083",
    "image": "downloaded_images/Personage/Queen_Elizabeth_Ⅱ/image_20241108_101906_26.jpg",
    "conversations": [
      {
        "from": "human",
        "value": "<image>\nWhat are the key accomplishments of this individual?"
      },
      {
        "from": "gpt",
        "value": "Queen Elizabeth II is known for her long reign, which lasted from February 6, 1952, until her death on September 8, 2022. She was the longest-reigning monarch in British history. Her achievements include overseeing significant changes in the monarchy, such as modernization efforts, and playing a key role in the Commonwealth's development. She also celebrated numerous milestones, including her Silver, Golden, Diamond, and Platinum Jubilees."
      }
    ]
  },
  {
    "id": "200084",
    "image": "downloaded_images/Personage/Queen_Elizabeth_Ⅱ/image_20241107_181809_15.jpg",
    "conversations": [
      {
        "from": "human",
        "value": "<image>\nWhat are the key accomplishments of this individual?"
      },
      {
        "from": "gpt",
        "value": "Queen Elizabeth II is known for her long reign, which lasted from February 6, 1952, until her death on September 8, 2022. She was the longest-reigning monarch in British history. Her achievements include overseeing significant changes in the monarchy, such as modernization efforts, and playing a key role in the Commonwealth's development. She also celebrated numerous milestones, including her Silver, Golden, Diamond, and Platinum Jubilees."
      }
    ]
  },
  {
    "id": "200085",
    "image": "downloaded_images/Personage/Queen_Elizabeth_Ⅱ/image_20241107_181918_23.jpg",
    "conversations": [
      {
        "from": "human",
        "value": "<image>\nWhat are the key accomplishments of this individual?"
      },
      {
        "from": "gpt",
        "value": "Queen Elizabeth II is known for her long reign, which lasted from February 6, 1952, until her death on September 8, 2022. She was the longest-reigning monarch in British history. Her achievements include overseeing significant changes in the monarchy, such as modernization efforts, and playing a key role in the Commonwealth's development. She also celebrated numerous milestones, including her Silver, Golden, Diamond, and Platinum Jubilees."
      }
    ]
  },
  {
    "id": "200086",
    "image": "downloaded_images/Personage/Queen_Elizabeth_Ⅱ/image_20241108_101554_7.jpg",
    "conversations": [
      {
        "from": "human",
        "value": "<image>\nWhat impact has this individual made in their field or community?"
      },
      {
        "from": "gpt",
        "value": "Queen Elizabeth II contributed to society by promoting national unity and stability during times of change and uncertainty. She was a symbol of continuity and tradition, fostering a sense of national identity. Her reign saw the decolonization of Africa and the Caribbean, and she played a role in strengthening the Commonwealth. Additionally, she supported numerous charities and organizations, contributing to various social causes, including education, health, and the arts."
      }
    ]
  },
  {
    "id": "200087",
    "image": "downloaded_images/Personage/Queen_Elizabeth_Ⅱ/image_20241108_101620_10.jpg",
    "conversations": [
      {
        "from": "human",
        "value": "<image>\nWhat impact has this individual made in their field or community?"
      },
      {
        "from": "gpt",
        "value": "Queen Elizabeth II contributed to society by promoting national unity and stability during times of change and uncertainty. She was a symbol of continuity and tradition, fostering a sense of national identity. Her reign saw the decolonization of Africa and the Caribbean, and she played a role in strengthening the Commonwealth. Additionally, she supported numerous charities and organizations, contributing to various social causes, including education, health, and the arts."
      }
    ]
  },
  {
    "id": "200088",
    "image": "downloaded_images/Personage/Queen_Elizabeth_Ⅱ/image_20241108_101956_29.jpg",
    "conversations": [
      {
        "from": "human",
        "value": "<image>\nWhat impact has this individual made in their field or community?"
      },
      {
        "from": "gpt",
        "value": "Queen Elizabeth II contributed to society by promoting national unity and stability during times of change and uncertainty. She was a symbol of continuity and tradition, fostering a sense of national identity. Her reign saw the decolonization of Africa and the Caribbean, and she played a role in strengthening the Commonwealth. Additionally, she supported numerous charities and organizations, contributing to various social causes, including education, health, and the arts."
      }
    ]
  },
  {
    "id": "200089",
    "image": "downloaded_images/Personage/Queen_Elizabeth_Ⅱ/image_20241018_221700_7.jpg",
    "conversations": [
      {
        "from": "human",
        "value": "<image>\nWhat impact has this individual made in their field or community?"
      },
      {
        "from": "gpt",
        "value": "Queen Elizabeth II contributed to society by promoting national unity and stability during times of change and uncertainty. She was a symbol of continuity and tradition, fostering a sense of national identity. Her reign saw the decolonization of Africa and the Caribbean, and she played a role in strengthening the Commonwealth. Additionally, she supported numerous charities and organizations, contributing to various social causes, including education, health, and the arts."
      }
    ]
  },
  {
    "id": "200090",
    "image": "downloaded_images/Personage/Queen_Elizabeth_Ⅱ/image_20241108_101846_24.jpg",
    "conversations": [
      {
        "from": "human",
        "value": "<image>\nWhat impact has this individual made in their field or community?"
      },
      {
        "from": "gpt",
        "value": "Queen Elizabeth II contributed to society by promoting national unity and stability during times of change and uncertainty. She was a symbol of continuity and tradition, fostering a sense of national identity. Her reign saw the decolonization of Africa and the Caribbean, and she played a role in strengthening the Commonwealth. Additionally, she supported numerous charities and organizations, contributing to various social causes, including education, health, and the arts."
      }
    ]
  },
  {
    "id": "300061",
    "image": "downloaded_images/Personage/Queen_Elizabeth_Ⅱ/image_20241018_221616_2.jpg",
    "conversations": [
      {
        "from": "human",
        "value": "<image>\nHow is this person referred to?"
      },
      {
        "from": "gpt",
        "value": "Queen Elizabeth II"
      }
    ]
  },
  {
    "id": "300062",
    "image": "downloaded_images/Personage/Queen_Elizabeth_Ⅱ/image_20241018_221818_15.jpg",
    "conversations": [
      {
        "from": "human",
        "value": "<image>\nWhere and when did this person enter the world?"
      },
      {
        "from": "gpt",
        "value": "Queen Elizabeth II was born on April 21, 1926, in London, England."
      }
    ]
  },
  {
    "id": "300063",
    "image": "downloaded_images/Personage/Queen_Elizabeth_Ⅱ/image_20241018_221826_16.jpg",
    "conversations": [
      {
        "from": "human",
        "value": "<image>\nWhat job does this person do?"
      },
      {
        "from": "gpt",
        "value": "Queen Elizabeth II was a monarch, serving as the Queen of the United Kingdom and other Commonwealth realms."
      }
    ]
  },
  {
    "id": "300064",
    "image": "downloaded_images/Personage/Queen_Elizabeth_Ⅱ/image_20241018_221603_1.jpg",
    "conversations": [
      {
        "from": "human",
        "value": "<image>\nWhat famous contributions has this person made?"
      },
      {
        "from": "gpt",
        "value": "Queen Elizabeth II is known for her long reign, which lasted from February 6, 1952, until her death on September 8, 2022. She was the longest-reigning monarch in British history. Her achievements include overseeing significant changes in the monarchy, such as modernization efforts, and playing a key role in the Commonwealth's development. She also celebrated numerous milestones, including her Silver, Golden, Diamond, and Platinum Jubilees."
      }
    ]
  },
  {
    "id": "300065",
    "image": "downloaded_images/Personage/Queen_Elizabeth_Ⅱ/image_20241018_221845_18.jpg",
    "conversations": [
      {
        "from": "human",
        "value": "<image>\nWhat contributions has this person offered to society or their profession?"
      },
      {
        "from": "gpt",
        "value": "Queen Elizabeth II contributed to society by promoting national unity and stability during times of change and uncertainty. She was a symbol of continuity and tradition, fostering a sense of national identity. Her reign saw the decolonization of Africa and the Caribbean, and she played a role in strengthening the Commonwealth. Additionally, she supported numerous charities and organizations, contributing to various social causes, including education, health, and the arts."
      }
    ]
  },
  {
    "id": "300066",
    "image": "downloaded_images/Personage/Queen_Elizabeth_Ⅱ/image_20241108_101715_14.jpg",
    "conversations": [
      {
        "from": "human",
        "value": "<image>\nHow is this person referred to?"
      },
      {
        "from": "gpt",
        "value": "Queen Elizabeth II"
      }
    ]
  },
  {
    "id": "300067",
    "image": "downloaded_images/Personage/Queen_Elizabeth_Ⅱ/image_20241018_221632_4.jpg",
    "conversations": [
      {
        "from": "human",
        "value": "<image>\nHow is this person referred to?"
      },
      {
        "from": "gpt",
        "value": "Queen Elizabeth II"
      }
    ]
  },
  {
    "id": "300068",
    "image": "downloaded_images/Personage/Queen_Elizabeth_Ⅱ/image_20241108_101846_24.jpg",
    "conversations": [
      {
        "from": "human",
        "value": "<image>\nHow is this person referred to?"
      },
      {
        "from": "gpt",
        "value": "Queen Elizabeth II"
      }
    ]
  },
  {
    "id": "300069",
    "image": "downloaded_images/Personage/Queen_Elizabeth_Ⅱ/image_20241107_181732_11.jpg",
    "conversations": [
      {
        "from": "human",
        "value": "<image>\nHow is this person referred to?"
      },
      {
        "from": "gpt",
        "value": "Queen Elizabeth II"
      }
    ]
  },
  {
    "id": "300070",
    "image": "downloaded_images/Personage/Queen_Elizabeth_Ⅱ/image_20241107_181853_20.jpg",
    "conversations": [
      {
        "from": "human",
        "value": "<image>\nHow is this person referred to?"
      },
      {
        "from": "gpt",
        "value": "Queen Elizabeth II"
      }
    ]
  },
  {
    "id": "300071",
    "image": "downloaded_images/Personage/Queen_Elizabeth_Ⅱ/image_20241107_181934_25.jpg",
    "conversations": [
      {
        "from": "human",
        "value": "<image>\nWhere and when did this person enter the world?"
      },
      {
        "from": "gpt",
        "value": "Queen Elizabeth II was born on April 21, 1926, in London, England."
      }
    ]
  },
  {
    "id": "300072",
    "image": "downloaded_images/Personage/Queen_Elizabeth_Ⅱ/image_20241107_181901_21.jpg",
    "conversations": [
      {
        "from": "human",
        "value": "<image>\nWhere and when did this person enter the world?"
      },
      {
        "from": "gpt",
        "value": "Queen Elizabeth II was born on April 21, 1926, in London, England."
      }
    ]
  },
  {
    "id": "300073",
    "image": "downloaded_images/Personage/Queen_Elizabeth_Ⅱ/image_20241018_221632_4.jpg",
    "conversations": [
      {
        "from": "human",
        "value": "<image>\nWhere and when did this person enter the world?"
      },
      {
        "from": "gpt",
        "value": "Queen Elizabeth II was born on April 21, 1926, in London, England."
      }
    ]
  },
  {
    "id": "300074",
    "image": "downloaded_images/Personage/Queen_Elizabeth_Ⅱ/image_20241108_101923_28.jpg",
    "conversations": [
      {
        "from": "human",
        "value": "<image>\nWhere and when did this person enter the world?"
      },
      {
        "from": "gpt",
        "value": "Queen Elizabeth II was born on April 21, 1926, in London, England."
      }
    ]
  },
  {
    "id": "300075",
    "image": "downloaded_images/Personage/Queen_Elizabeth_Ⅱ/image_20241108_101602_8.jpg",
    "conversations": [
      {
        "from": "human",
        "value": "<image>\nWhere and when did this person enter the world?"
      },
      {
        "from": "gpt",
        "value": "Queen Elizabeth II was born on April 21, 1926, in London, England."
      }
    ]
  },
  {
    "id": "300076",
    "image": "downloaded_images/Personage/Queen_Elizabeth_Ⅱ/image_20241107_181934_25.jpg",
    "conversations": [
      {
        "from": "human",
        "value": "<image>\nWhat job does this person do?"
      },
      {
        "from": "gpt",
        "value": "Queen Elizabeth II was a monarch, serving as the Queen of the United Kingdom and other Commonwealth realms."
      }
    ]
  },
  {
    "id": "300077",
    "image": "downloaded_images/Personage/Queen_Elizabeth_Ⅱ/image_20241108_101554_7.jpg",
    "conversations": [
      {
        "from": "human",
        "value": "<image>\nWhat job does this person do?"
      },
      {
        "from": "gpt",
        "value": "Queen Elizabeth II was a monarch, serving as the Queen of the United Kingdom and other Commonwealth realms."
      }
    ]
  },
  {
    "id": "300078",
    "image": "downloaded_images/Personage/Queen_Elizabeth_Ⅱ/image_20241107_181836_18.jpg",
    "conversations": [
      {
        "from": "human",
        "value": "<image>\nWhat job does this person do?"
      },
      {
        "from": "gpt",
        "value": "Queen Elizabeth II was a monarch, serving as the Queen of the United Kingdom and other Commonwealth realms."
      }
    ]
  },
  {
    "id": "300079",
    "image": "downloaded_images/Personage/Queen_Elizabeth_Ⅱ/image_20241108_101543_6.jpg",
    "conversations": [
      {
        "from": "human",
        "value": "<image>\nWhat job does this person do?"
      },
      {
        "from": "gpt",
        "value": "Queen Elizabeth II was a monarch, serving as the Queen of the United Kingdom and other Commonwealth realms."
      }
    ]
  },
  {
    "id": "300080",
    "image": "downloaded_images/Personage/Queen_Elizabeth_Ⅱ/image_20241018_221616_2.jpg",
    "conversations": [
      {
        "from": "human",
        "value": "<image>\nWhat job does this person do?"
      },
      {
        "from": "gpt",
        "value": "Queen Elizabeth II was a monarch, serving as the Queen of the United Kingdom and other Commonwealth realms."
      }
    ]
  },
  {
    "id": "300081",
    "image": "downloaded_images/Personage/Queen_Elizabeth_Ⅱ/image_20241107_181934_25.jpg",
    "conversations": [
      {
        "from": "human",
        "value": "<image>\nWhat famous contributions has this person made?"
      },
      {
        "from": "gpt",
        "value": "Queen Elizabeth II is known for her long reign, which lasted from February 6, 1952, until her death on September 8, 2022. She was the longest-reigning monarch in British history. Her achievements include overseeing significant changes in the monarchy, such as modernization efforts, and playing a key role in the Commonwealth's development. She also celebrated numerous milestones, including her Silver, Golden, Diamond, and Platinum Jubilees."
      }
    ]
  },
  {
    "id": "300082",
    "image": "downloaded_images/Personage/Queen_Elizabeth_Ⅱ/image_20241108_101838_23.jpg",
    "conversations": [
      {
        "from": "human",
        "value": "<image>\nWhat famous contributions has this person made?"
      },
      {
        "from": "gpt",
        "value": "Queen Elizabeth II is known for her long reign, which lasted from February 6, 1952, until her death on September 8, 2022. She was the longest-reigning monarch in British history. Her achievements include overseeing significant changes in the monarchy, such as modernization efforts, and playing a key role in the Commonwealth's development. She also celebrated numerous milestones, including her Silver, Golden, Diamond, and Platinum Jubilees."
      }
    ]
  },
  {
    "id": "300083",
    "image": "downloaded_images/Personage/Queen_Elizabeth_Ⅱ/image_20241108_101906_26.jpg",
    "conversations": [
      {
        "from": "human",
        "value": "<image>\nWhat famous contributions has this person made?"
      },
      {
        "from": "gpt",
        "value": "Queen Elizabeth II is known for her long reign, which lasted from February 6, 1952, until her death on September 8, 2022. She was the longest-reigning monarch in British history. Her achievements include overseeing significant changes in the monarchy, such as modernization efforts, and playing a key role in the Commonwealth's development. She also celebrated numerous milestones, including her Silver, Golden, Diamond, and Platinum Jubilees."
      }
    ]
  },
  {
    "id": "300084",
    "image": "downloaded_images/Personage/Queen_Elizabeth_Ⅱ/image_20241107_181809_15.jpg",
    "conversations": [
      {
        "from": "human",
        "value": "<image>\nWhat famous contributions has this person made?"
      },
      {
        "from": "gpt",
        "value": "Queen Elizabeth II is known for her long reign, which lasted from February 6, 1952, until her death on September 8, 2022. She was the longest-reigning monarch in British history. Her achievements include overseeing significant changes in the monarchy, such as modernization efforts, and playing a key role in the Commonwealth's development. She also celebrated numerous milestones, including her Silver, Golden, Diamond, and Platinum Jubilees."
      }
    ]
  },
  {
    "id": "300085",
    "image": "downloaded_images/Personage/Queen_Elizabeth_Ⅱ/image_20241107_181918_23.jpg",
    "conversations": [
      {
        "from": "human",
        "value": "<image>\nWhat famous contributions has this person made?"
      },
      {
        "from": "gpt",
        "value": "Queen Elizabeth II is known for her long reign, which lasted from February 6, 1952, until her death on September 8, 2022. She was the longest-reigning monarch in British history. Her achievements include overseeing significant changes in the monarchy, such as modernization efforts, and playing a key role in the Commonwealth's development. She also celebrated numerous milestones, including her Silver, Golden, Diamond, and Platinum Jubilees."
      }
    ]
  },
  {
    "id": "300086",
    "image": "downloaded_images/Personage/Queen_Elizabeth_Ⅱ/image_20241108_101554_7.jpg",
    "conversations": [
      {
        "from": "human",
        "value": "<image>\nWhat contributions has this person offered to society or their profession?"
      },
      {
        "from": "gpt",
        "value": "Queen Elizabeth II contributed to society by promoting national unity and stability during times of change and uncertainty. She was a symbol of continuity and tradition, fostering a sense of national identity. Her reign saw the decolonization of Africa and the Caribbean, and she played a role in strengthening the Commonwealth. Additionally, she supported numerous charities and organizations, contributing to various social causes, including education, health, and the arts."
      }
    ]
  },
  {
    "id": "300087",
    "image": "downloaded_images/Personage/Queen_Elizabeth_Ⅱ/image_20241108_101620_10.jpg",
    "conversations": [
      {
        "from": "human",
        "value": "<image>\nWhat contributions has this person offered to society or their profession?"
      },
      {
        "from": "gpt",
        "value": "Queen Elizabeth II contributed to society by promoting national unity and stability during times of change and uncertainty. She was a symbol of continuity and tradition, fostering a sense of national identity. Her reign saw the decolonization of Africa and the Caribbean, and she played a role in strengthening the Commonwealth. Additionally, she supported numerous charities and organizations, contributing to various social causes, including education, health, and the arts."
      }
    ]
  },
  {
    "id": "300088",
    "image": "downloaded_images/Personage/Queen_Elizabeth_Ⅱ/image_20241108_101956_29.jpg",
    "conversations": [
      {
        "from": "human",
        "value": "<image>\nWhat contributions has this person offered to society or their profession?"
      },
      {
        "from": "gpt",
        "value": "Queen Elizabeth II contributed to society by promoting national unity and stability during times of change and uncertainty. She was a symbol of continuity and tradition, fostering a sense of national identity. Her reign saw the decolonization of Africa and the Caribbean, and she played a role in strengthening the Commonwealth. Additionally, she supported numerous charities and organizations, contributing to various social causes, including education, health, and the arts."
      }
    ]
  },
  {
    "id": "300089",
    "image": "downloaded_images/Personage/Queen_Elizabeth_Ⅱ/image_20241018_221700_7.jpg",
    "conversations": [
      {
        "from": "human",
        "value": "<image>\nWhat contributions has this person offered to society or their profession?"
      },
      {
        "from": "gpt",
        "value": "Queen Elizabeth II contributed to society by promoting national unity and stability during times of change and uncertainty. She was a symbol of continuity and tradition, fostering a sense of national identity. Her reign saw the decolonization of Africa and the Caribbean, and she played a role in strengthening the Commonwealth. Additionally, she supported numerous charities and organizations, contributing to various social causes, including education, health, and the arts."
      }
    ]
  },
  {
    "id": "300090",
    "image": "downloaded_images/Personage/Queen_Elizabeth_Ⅱ/image_20241108_101846_24.jpg",
    "conversations": [
      {
        "from": "human",
        "value": "<image>\nWhat contributions has this person offered to society or their profession?"
      },
      {
        "from": "gpt",
        "value": "Queen Elizabeth II contributed to society by promoting national unity and stability during times of change and uncertainty. She was a symbol of continuity and tradition, fostering a sense of national identity. Her reign saw the decolonization of Africa and the Caribbean, and she played a role in strengthening the Commonwealth. Additionally, she supported numerous charities and organizations, contributing to various social causes, including education, health, and the arts."
      }
    ]
  },
  {
    "id": "400061",
    "image": "downloaded_images/Personage/Queen_Elizabeth_Ⅱ/image_20241018_221616_2.jpg",
    "conversations": [
      {
        "from": "human",
        "value": "<image>\nWhat do people call this individual?"
      },
      {
        "from": "gpt",
        "value": "Queen Elizabeth II"
      }
    ]
  },
  {
    "id": "400062",
    "image": "downloaded_images/Personage/Queen_Elizabeth_Ⅱ/image_20241018_221818_15.jpg",
    "conversations": [
      {
        "from": "human",
        "value": "<image>\nCan you tell me the date and place of this person's birth?"
      },
      {
        "from": "gpt",
        "value": "Queen Elizabeth II was born on April 21, 1926, in London, England."
      }
    ]
  },
  {
    "id": "400063",
    "image": "downloaded_images/Personage/Queen_Elizabeth_Ⅱ/image_20241018_221826_16.jpg",
    "conversations": [
      {
        "from": "human",
        "value": "<image>\nWhat line of work is this individual in?"
      },
      {
        "from": "gpt",
        "value": "Queen Elizabeth II was a monarch, serving as the Queen of the United Kingdom and other Commonwealth realms."
      }
    ]
  },
  {
    "id": "400064",
    "image": "downloaded_images/Personage/Queen_Elizabeth_Ⅱ/image_20241018_221603_1.jpg",
    "conversations": [
      {
        "from": "human",
        "value": "<image>\nCan you list some of this person's significant works?"
      },
      {
        "from": "gpt",
        "value": "Queen Elizabeth II is known for her long reign, which lasted from February 6, 1952, until her death on September 8, 2022. She was the longest-reigning monarch in British history. Her achievements include overseeing significant changes in the monarchy, such as modernization efforts, and playing a key role in the Commonwealth's development. She also celebrated numerous milestones, including her Silver, Golden, Diamond, and Platinum Jubilees."
      }
    ]
  },
  {
    "id": "400065",
    "image": "downloaded_images/Personage/Queen_Elizabeth_Ⅱ/image_20241018_221845_18.jpg",
    "conversations": [
      {
        "from": "human",
        "value": "<image>\nIn what ways has this individual influenced their industry or society?"
      },
      {
        "from": "gpt",
        "value": "Queen Elizabeth II contributed to society by promoting national unity and stability during times of change and uncertainty. She was a symbol of continuity and tradition, fostering a sense of national identity. Her reign saw the decolonization of Africa and the Caribbean, and she played a role in strengthening the Commonwealth. Additionally, she supported numerous charities and organizations, contributing to various social causes, including education, health, and the arts."
      }
    ]
  },
  {
    "id": "400066",
    "image": "downloaded_images/Personage/Queen_Elizabeth_Ⅱ/image_20241108_101715_14.jpg",
    "conversations": [
      {
        "from": "human",
        "value": "<image>\nWhat do people call this individual?"
      },
      {
        "from": "gpt",
        "value": "Queen Elizabeth II"
      }
    ]
  },
  {
    "id": "400067",
    "image": "downloaded_images/Personage/Queen_Elizabeth_Ⅱ/image_20241018_221632_4.jpg",
    "conversations": [
      {
        "from": "human",
        "value": "<image>\nWhat do people call this individual?"
      },
      {
        "from": "gpt",
        "value": "Queen Elizabeth II"
      }
    ]
  },
  {
    "id": "400068",
    "image": "downloaded_images/Personage/Queen_Elizabeth_Ⅱ/image_20241108_101846_24.jpg",
    "conversations": [
      {
        "from": "human",
        "value": "<image>\nWhat do people call this individual?"
      },
      {
        "from": "gpt",
        "value": "Queen Elizabeth II"
      }
    ]
  },
  {
    "id": "400069",
    "image": "downloaded_images/Personage/Queen_Elizabeth_Ⅱ/image_20241107_181732_11.jpg",
    "conversations": [
      {
        "from": "human",
        "value": "<image>\nWhat do people call this individual?"
      },
      {
        "from": "gpt",
        "value": "Queen Elizabeth II"
      }
    ]
  },
  {
    "id": "400070",
    "image": "downloaded_images/Personage/Queen_Elizabeth_Ⅱ/image_20241107_181853_20.jpg",
    "conversations": [
      {
        "from": "human",
        "value": "<image>\nWhat do people call this individual?"
      },
      {
        "from": "gpt",
        "value": "Queen Elizabeth II"
      }
    ]
  },
  {
    "id": "400071",
    "image": "downloaded_images/Personage/Queen_Elizabeth_Ⅱ/image_20241107_181934_25.jpg",
    "conversations": [
      {
        "from": "human",
        "value": "<image>\nCan you tell me the date and place of this person's birth?"
      },
      {
        "from": "gpt",
        "value": "Queen Elizabeth II was born on April 21, 1926, in London, England."
      }
    ]
  },
  {
    "id": "400072",
    "image": "downloaded_images/Personage/Queen_Elizabeth_Ⅱ/image_20241107_181901_21.jpg",
    "conversations": [
      {
        "from": "human",
        "value": "<image>\nCan you tell me the date and place of this person's birth?"
      },
      {
        "from": "gpt",
        "value": "Queen Elizabeth II was born on April 21, 1926, in London, England."
      }
    ]
  },
  {
    "id": "400073",
    "image": "downloaded_images/Personage/Queen_Elizabeth_Ⅱ/image_20241018_221632_4.jpg",
    "conversations": [
      {
        "from": "human",
        "value": "<image>\nCan you tell me the date and place of this person's birth?"
      },
      {
        "from": "gpt",
        "value": "Queen Elizabeth II was born on April 21, 1926, in London, England."
      }
    ]
  },
  {
    "id": "400074",
    "image": "downloaded_images/Personage/Queen_Elizabeth_Ⅱ/image_20241108_101923_28.jpg",
    "conversations": [
      {
        "from": "human",
        "value": "<image>\nCan you tell me the date and place of this person's birth?"
      },
      {
        "from": "gpt",
        "value": "Queen Elizabeth II was born on April 21, 1926, in London, England."
      }
    ]
  },
  {
    "id": "400075",
    "image": "downloaded_images/Personage/Queen_Elizabeth_Ⅱ/image_20241108_101602_8.jpg",
    "conversations": [
      {
        "from": "human",
        "value": "<image>\nCan you tell me the date and place of this person's birth?"
      },
      {
        "from": "gpt",
        "value": "Queen Elizabeth II was born on April 21, 1926, in London, England."
      }
    ]
  },
  {
    "id": "400076",
    "image": "downloaded_images/Personage/Queen_Elizabeth_Ⅱ/image_20241107_181934_25.jpg",
    "conversations": [
      {
        "from": "human",
        "value": "<image>\nWhat line of work is this individual in?"
      },
      {
        "from": "gpt",
        "value": "Queen Elizabeth II was a monarch, serving as the Queen of the United Kingdom and other Commonwealth realms."
      }
    ]
  },
  {
    "id": "400077",
    "image": "downloaded_images/Personage/Queen_Elizabeth_Ⅱ/image_20241108_101554_7.jpg",
    "conversations": [
      {
        "from": "human",
        "value": "<image>\nWhat line of work is this individual in?"
      },
      {
        "from": "gpt",
        "value": "Queen Elizabeth II was a monarch, serving as the Queen of the United Kingdom and other Commonwealth realms."
      }
    ]
  },
  {
    "id": "400078",
    "image": "downloaded_images/Personage/Queen_Elizabeth_Ⅱ/image_20241107_181836_18.jpg",
    "conversations": [
      {
        "from": "human",
        "value": "<image>\nWhat line of work is this individual in?"
      },
      {
        "from": "gpt",
        "value": "Queen Elizabeth II was a monarch, serving as the Queen of the United Kingdom and other Commonwealth realms."
      }
    ]
  },
  {
    "id": "400079",
    "image": "downloaded_images/Personage/Queen_Elizabeth_Ⅱ/image_20241108_101543_6.jpg",
    "conversations": [
      {
        "from": "human",
        "value": "<image>\nWhat line of work is this individual in?"
      },
      {
        "from": "gpt",
        "value": "Queen Elizabeth II was a monarch, serving as the Queen of the United Kingdom and other Commonwealth realms."
      }
    ]
  },
  {
    "id": "400080",
    "image": "downloaded_images/Personage/Queen_Elizabeth_Ⅱ/image_20241018_221616_2.jpg",
    "conversations": [
      {
        "from": "human",
        "value": "<image>\nWhat line of work is this individual in?"
      },
      {
        "from": "gpt",
        "value": "Queen Elizabeth II was a monarch, serving as the Queen of the United Kingdom and other Commonwealth realms."
      }
    ]
  },
  {
    "id": "400081",
    "image": "downloaded_images/Personage/Queen_Elizabeth_Ⅱ/image_20241107_181934_25.jpg",
    "conversations": [
      {
        "from": "human",
        "value": "<image>\nCan you list some of this person's significant works?"
      },
      {
        "from": "gpt",
        "value": "Queen Elizabeth II is known for her long reign, which lasted from February 6, 1952, until her death on September 8, 2022. She was the longest-reigning monarch in British history. Her achievements include overseeing significant changes in the monarchy, such as modernization efforts, and playing a key role in the Commonwealth's development. She also celebrated numerous milestones, including her Silver, Golden, Diamond, and Platinum Jubilees."
      }
    ]
  },
  {
    "id": "400082",
    "image": "downloaded_images/Personage/Queen_Elizabeth_Ⅱ/image_20241108_101838_23.jpg",
    "conversations": [
      {
        "from": "human",
        "value": "<image>\nCan you list some of this person's significant works?"
      },
      {
        "from": "gpt",
        "value": "Queen Elizabeth II is known for her long reign, which lasted from February 6, 1952, until her death on September 8, 2022. She was the longest-reigning monarch in British history. Her achievements include overseeing significant changes in the monarchy, such as modernization efforts, and playing a key role in the Commonwealth's development. She also celebrated numerous milestones, including her Silver, Golden, Diamond, and Platinum Jubilees."
      }
    ]
  },
  {
    "id": "400083",
    "image": "downloaded_images/Personage/Queen_Elizabeth_Ⅱ/image_20241108_101906_26.jpg",
    "conversations": [
      {
        "from": "human",
        "value": "<image>\nCan you list some of this person's significant works?"
      },
      {
        "from": "gpt",
        "value": "Queen Elizabeth II is known for her long reign, which lasted from February 6, 1952, until her death on September 8, 2022. She was the longest-reigning monarch in British history. Her achievements include overseeing significant changes in the monarchy, such as modernization efforts, and playing a key role in the Commonwealth's development. She also celebrated numerous milestones, including her Silver, Golden, Diamond, and Platinum Jubilees."
      }
    ]
  },
  {
    "id": "400084",
    "image": "downloaded_images/Personage/Queen_Elizabeth_Ⅱ/image_20241107_181809_15.jpg",
    "conversations": [
      {
        "from": "human",
        "value": "<image>\nCan you list some of this person's significant works?"
      },
      {
        "from": "gpt",
        "value": "Queen Elizabeth II is known for her long reign, which lasted from February 6, 1952, until her death on September 8, 2022. She was the longest-reigning monarch in British history. Her achievements include overseeing significant changes in the monarchy, such as modernization efforts, and playing a key role in the Commonwealth's development. She also celebrated numerous milestones, including her Silver, Golden, Diamond, and Platinum Jubilees."
      }
    ]
  },
  {
    "id": "400085",
    "image": "downloaded_images/Personage/Queen_Elizabeth_Ⅱ/image_20241107_181918_23.jpg",
    "conversations": [
      {
        "from": "human",
        "value": "<image>\nCan you list some of this person's significant works?"
      },
      {
        "from": "gpt",
        "value": "Queen Elizabeth II is known for her long reign, which lasted from February 6, 1952, until her death on September 8, 2022. She was the longest-reigning monarch in British history. Her achievements include overseeing significant changes in the monarchy, such as modernization efforts, and playing a key role in the Commonwealth's development. She also celebrated numerous milestones, including her Silver, Golden, Diamond, and Platinum Jubilees."
      }
    ]
  },
  {
    "id": "400086",
    "image": "downloaded_images/Personage/Queen_Elizabeth_Ⅱ/image_20241108_101554_7.jpg",
    "conversations": [
      {
        "from": "human",
        "value": "<image>\nIn what ways has this individual influenced their industry or society?"
      },
      {
        "from": "gpt",
        "value": "Queen Elizabeth II contributed to society by promoting national unity and stability during times of change and uncertainty. She was a symbol of continuity and tradition, fostering a sense of national identity. Her reign saw the decolonization of Africa and the Caribbean, and she played a role in strengthening the Commonwealth. Additionally, she supported numerous charities and organizations, contributing to various social causes, including education, health, and the arts."
      }
    ]
  },
  {
    "id": "400087",
    "image": "downloaded_images/Personage/Queen_Elizabeth_Ⅱ/image_20241108_101620_10.jpg",
    "conversations": [
      {
        "from": "human",
        "value": "<image>\nIn what ways has this individual influenced their industry or society?"
      },
      {
        "from": "gpt",
        "value": "Queen Elizabeth II contributed to society by promoting national unity and stability during times of change and uncertainty. She was a symbol of continuity and tradition, fostering a sense of national identity. Her reign saw the decolonization of Africa and the Caribbean, and she played a role in strengthening the Commonwealth. Additionally, she supported numerous charities and organizations, contributing to various social causes, including education, health, and the arts."
      }
    ]
  },
  {
    "id": "400088",
    "image": "downloaded_images/Personage/Queen_Elizabeth_Ⅱ/image_20241108_101956_29.jpg",
    "conversations": [
      {
        "from": "human",
        "value": "<image>\nIn what ways has this individual influenced their industry or society?"
      },
      {
        "from": "gpt",
        "value": "Queen Elizabeth II contributed to society by promoting national unity and stability during times of change and uncertainty. She was a symbol of continuity and tradition, fostering a sense of national identity. Her reign saw the decolonization of Africa and the Caribbean, and she played a role in strengthening the Commonwealth. Additionally, she supported numerous charities and organizations, contributing to various social causes, including education, health, and the arts."
      }
    ]
  },
  {
    "id": "400089",
    "image": "downloaded_images/Personage/Queen_Elizabeth_Ⅱ/image_20241018_221700_7.jpg",
    "conversations": [
      {
        "from": "human",
        "value": "<image>\nIn what ways has this individual influenced their industry or society?"
      },
      {
        "from": "gpt",
        "value": "Queen Elizabeth II contributed to society by promoting national unity and stability during times of change and uncertainty. She was a symbol of continuity and tradition, fostering a sense of national identity. Her reign saw the decolonization of Africa and the Caribbean, and she played a role in strengthening the Commonwealth. Additionally, she supported numerous charities and organizations, contributing to various social causes, including education, health, and the arts."
      }
    ]
  },
  {
    "id": "400090",
    "image": "downloaded_images/Personage/Queen_Elizabeth_Ⅱ/image_20241108_101846_24.jpg",
    "conversations": [
      {
        "from": "human",
        "value": "<image>\nIn what ways has this individual influenced their industry or society?"
      },
      {
        "from": "gpt",
        "value": "Queen Elizabeth II contributed to society by promoting national unity and stability during times of change and uncertainty. She was a symbol of continuity and tradition, fostering a sense of national identity. Her reign saw the decolonization of Africa and the Caribbean, and she played a role in strengthening the Commonwealth. Additionally, she supported numerous charities and organizations, contributing to various social causes, including education, health, and the arts."
      }
    ]
  }
]