[
  {
    "id": "1",
    "image": "downloaded_images/Plants/Bamboo/image_20241018_172615_1.jpg",
    "conversations": [
      {
        "from": "human",
        "value": "<image>\nTo which family or genus does it belong?"
      },
      {
        "from": "gpt",
        "value": "Bamboo belongs to the family Poaceae (the grass family) and the genus Bambusoideae."
      }
    ]
  },
  {
    "id": "2",
    "image": "downloaded_images/Plants/Bamboo/image_20241018_172812_14.jpg",
    "conversations": [
      {
        "from": "human",
        "value": "<image>\nHow does it reproduce (seeds, cuttings, runners)?"
      },
      {
        "from": "gpt",
        "value": "Bamboo primarily reproduces through rhizomes (underground runners) and can also reproduce from seeds, although flowering and seed production are rare events for many species."
      }
    ]
  },
  {
    "id": "3",
    "image": "downloaded_images/Plants/Bamboo/image_20241018_172912_21.jpg",
    "conversations": [
      {
        "from": "human",
        "value": "<image>\nIs it native to a specific region or found globally?"
      },
      {
        "from": "gpt",
        "value": "Bamboo is found globally, but it is native to tropical and subtropical regions of Asia, Africa, and the Americas. Some species are also found in temperate regions."
      }
    ]
  },
  {
    "id": "4",
    "image": "downloaded_images/Plants/Bamboo/image_20241018_172836_17.jpg",
    "conversations": [
      {
        "from": "human",
        "value": "<image>\nHow does it grow (e.g., tree, shrub, herb)?"
      },
      {
        "from": "gpt",
        "value": "Bamboo grows as a grass, specifically a perennial woody grass, and can vary in size from small shrubs to large tree-like forms, depending on the species."
      }
    ]
  },
  {
    "id": "5",
    "image": "downloaded_images/Plants/Bamboo/image_20241107_182343_1.jpg",
    "conversations": [
      {
        "from": "human",
        "value": "<image>\nTo which family or genus does it belong?"
      },
      {
        "from": "gpt",
        "value": "Bamboo belongs to the family Poaceae (the grass family) and the genus Bambusoideae."
      }
    ]
  },
  {
    "id": "6",
    "image": "downloaded_images/Plants/Bamboo/image_20241107_182433_7.jpg",
    "conversations": [
      {
        "from": "human",
        "value": "<image>\nTo which family or genus does it belong?"
      },
      {
        "from": "gpt",
        "value": "Bamboo belongs to the family Poaceae (the grass family) and the genus Bambusoideae."
      }
    ]
  },
  {
    "id": "7",
    "image": "downloaded_images/Plants/Bamboo/image_20241107_182407_4.jpg",
    "conversations": [
      {
        "from": "human",
        "value": "<image>\nTo which family or genus does it belong?"
      },
      {
        "from": "gpt",
        "value": "Bamboo belongs to the family Poaceae (the grass family) and the genus Bambusoideae."
      }
    ]
  },
  {
    "id": "8",
    "image": "downloaded_images/Plants/Bamboo/image_20241018_172812_14.jpg",
    "conversations": [
      {
        "from": "human",
        "value": "<image>\nTo which family or genus does it belong?"
      },
      {
        "from": "gpt",
        "value": "Bamboo belongs to the family Poaceae (the grass family) and the genus Bambusoideae."
      }
    ]
  },
  {
    "id": "9",
    "image": "downloaded_images/Plants/Bamboo/image_20241107_182533_14.jpg",
    "conversations": [
      {
        "from": "human",
        "value": "<image>\nTo which family or genus does it belong?"
      },
      {
        "from": "gpt",
        "value": "Bamboo belongs to the family Poaceae (the grass family) and the genus Bambusoideae."
      }
    ]
  },
  {
    "id": "10",
    "image": "downloaded_images/Plants/Bamboo/image_20241018_172719_8.jpg",
    "conversations": [
      {
        "from": "human",
        "value": "<image>\nHow does it reproduce (seeds, cuttings, runners)?"
      },
      {
        "from": "gpt",
        "value": "Bamboo primarily reproduces through rhizomes (underground runners) and can also reproduce from seeds, although flowering and seed production are rare events for many species."
      }
    ]
  },
  {
    "id": "11",
    "image": "downloaded_images/Plants/Bamboo/image_20241107_182755_30.jpg",
    "conversations": [
      {
        "from": "human",
        "value": "<image>\nHow does it reproduce (seeds, cuttings, runners)?"
      },
      {
        "from": "gpt",
        "value": "Bamboo primarily reproduces through rhizomes (underground runners) and can also reproduce from seeds, although flowering and seed production are rare events for many species."
      }
    ]
  },
  {
    "id": "12",
    "image": "downloaded_images/Plants/Bamboo/image_20241107_182543_15.jpg",
    "conversations": [
      {
        "from": "human",
        "value": "<image>\nHow does it reproduce (seeds, cuttings, runners)?"
      },
      {
        "from": "gpt",
        "value": "Bamboo primarily reproduces through rhizomes (underground runners) and can also reproduce from seeds, although flowering and seed production are rare events for many species."
      }
    ]
  },
  {
    "id": "13",
    "image": "downloaded_images/Plants/Bamboo/image_20241018_172804_13.jpg",
    "conversations": [
      {
        "from": "human",
        "value": "<image>\nHow does it reproduce (seeds, cuttings, runners)?"
      },
      {
        "from": "gpt",
        "value": "Bamboo primarily reproduces through rhizomes (underground runners) and can also reproduce from seeds, although flowering and seed production are rare events for many species."
      }
    ]
  },
  {
    "id": "14",
    "image": "downloaded_images/Plants/Bamboo/image_20241018_172836_17.jpg",
    "conversations": [
      {
        "from": "human",
        "value": "<image>\nHow does it reproduce (seeds, cuttings, runners)?"
      },
      {
        "from": "gpt",
        "value": "Bamboo primarily reproduces through rhizomes (underground runners) and can also reproduce from seeds, although flowering and seed production are rare events for many species."
      }
    ]
  },
  {
    "id": "15",
    "image": "downloaded_images/Plants/Bamboo/image_20241018_172804_13.jpg",
    "conversations": [
      {
        "from": "human",
        "value": "<image>\nIs it native to a specific region or found globally?"
      },
      {
        "from": "gpt",
        "value": "Bamboo is found globally, but it is native to tropical and subtropical regions of Asia, Africa, and the Americas. Some species are also found in temperate regions."
      }
    ]
  },
  {
    "id": "16",
    "image": "downloaded_images/Plants/Bamboo/image_20241107_182553_16.jpg",
    "conversations": [
      {
        "from": "human",
        "value": "<image>\nIs it native to a specific region or found globally?"
      },
      {
        "from": "gpt",
        "value": "Bamboo is found globally, but it is native to tropical and subtropical regions of Asia, Africa, and the Americas. Some species are also found in temperate regions."
      }
    ]
  },
  {
    "id": "17",
    "image": "downloaded_images/Plants/Bamboo/image_20241107_182425_6.jpg",
    "conversations": [
      {
        "from": "human",
        "value": "<image>\nIs it native to a specific region or found globally?"
      },
      {
        "from": "gpt",
        "value": "Bamboo is found globally, but it is native to tropical and subtropical regions of Asia, Africa, and the Americas. Some species are also found in temperate regions."
      }
    ]
  },
  {
    "id": "18",
    "image": "downloaded_images/Plants/Bamboo/image_20241107_182500_10.jpg",
    "conversations": [
      {
        "from": "human",
        "value": "<image>\nIs it native to a specific region or found globally?"
      },
      {
        "from": "gpt",
        "value": "Bamboo is found globally, but it is native to tropical and subtropical regions of Asia, Africa, and the Americas. Some species are also found in temperate regions."
      }
    ]
  },
  {
    "id": "19",
    "image": "downloaded_images/Plants/Bamboo/image_20241107_182636_21.jpg",
    "conversations": [
      {
        "from": "human",
        "value": "<image>\nIs it native to a specific region or found globally?"
      },
      {
        "from": "gpt",
        "value": "Bamboo is found globally, but it is native to tropical and subtropical regions of Asia, Africa, and the Americas. Some species are also found in temperate regions."
      }
    ]
  },
  {
    "id": "20",
    "image": "downloaded_images/Plants/Bamboo/image_20241107_182543_15.jpg",
    "conversations": [
      {
        "from": "human",
        "value": "<image>\nHow does it grow (e.g., tree, shrub, herb)?"
      },
      {
        "from": "gpt",
        "value": "Bamboo grows as a grass, specifically a perennial woody grass, and can vary in size from small shrubs to large tree-like forms, depending on the species."
      }
    ]
  },
  {
    "id": "21",
    "image": "downloaded_images/Plants/Bamboo/image_20241107_182710_25.jpg",
    "conversations": [
      {
        "from": "human",
        "value": "<image>\nHow does it grow (e.g., tree, shrub, herb)?"
      },
      {
        "from": "gpt",
        "value": "Bamboo grows as a grass, specifically a perennial woody grass, and can vary in size from small shrubs to large tree-like forms, depending on the species."
      }
    ]
  },
  {
    "id": "22",
    "image": "downloaded_images/Plants/Bamboo/image_20241107_182415_5.jpg",
    "conversations": [
      {
        "from": "human",
        "value": "<image>\nHow does it grow (e.g., tree, shrub, herb)?"
      },
      {
        "from": "gpt",
        "value": "Bamboo grows as a grass, specifically a perennial woody grass, and can vary in size from small shrubs to large tree-like forms, depending on the species."
      }
    ]
  },
  {
    "id": "23",
    "image": "downloaded_images/Plants/Bamboo/image_20241107_182452_9.jpg",
    "conversations": [
      {
        "from": "human",
        "value": "<image>\nHow does it grow (e.g., tree, shrub, herb)?"
      },
      {
        "from": "gpt",
        "value": "Bamboo grows as a grass, specifically a perennial woody grass, and can vary in size from small shrubs to large tree-like forms, depending on the species."
      }
    ]
  },
  {
    "id": "24",
    "image": "downloaded_images/Plants/Bamboo/image_20241107_182738_28.jpg",
    "conversations": [
      {
        "from": "human",
        "value": "<image>\nHow does it grow (e.g., tree, shrub, herb)?"
      },
      {
        "from": "gpt",
        "value": "Bamboo grows as a grass, specifically a perennial woody grass, and can vary in size from small shrubs to large tree-like forms, depending on the species."
      }
    ]
  },
  {
    "id": "100001",
    "image": "downloaded_images/Plants/Bamboo/image_20241018_172615_1.jpg",
    "conversations": [
      {
        "from": "human",
        "value": "<image>\nWhich family or genus does this plant belong to?"
      },
      {
        "from": "gpt",
        "value": "Bamboo belongs to the family Poaceae (the grass family) and the genus Bambusoideae."
      }
    ]
  },
  {
    "id": "100002",
    "image": "downloaded_images/Plants/Bamboo/image_20241018_172812_14.jpg",
    "conversations": [
      {
        "from": "human",
        "value": "<image>\nHow does this plant reproduce?"
      },
      {
        "from": "gpt",
        "value": "Bamboo primarily reproduces through rhizomes (underground runners) and can also reproduce from seeds, although flowering and seed production are rare events for many species."
      }
    ]
  },
  {
    "id": "100003",
    "image": "downloaded_images/Plants/Bamboo/image_20241018_172912_21.jpg",
    "conversations": [
      {
        "from": "human",
        "value": "<image>\nIs this plant indigenous to a specific region or is it found worldwide?"
      },
      {
        "from": "gpt",
        "value": "Bamboo is found globally, but it is native to tropical and subtropical regions of Asia, Africa, and the Americas. Some species are also found in temperate regions."
      }
    ]
  },
  {
    "id": "100004",
    "image": "downloaded_images/Plants/Bamboo/image_20241018_172836_17.jpg",
    "conversations": [
      {
        "from": "human",
        "value": "<image>\nHow does this plant grow?"
      },
      {
        "from": "gpt",
        "value": "Bamboo grows as a grass, specifically a perennial woody grass, and can vary in size from small shrubs to large tree-like forms, depending on the species."
      }
    ]
  },
  {
    "id": "100005",
    "image": "downloaded_images/Plants/Bamboo/image_20241107_182343_1.jpg",
    "conversations": [
      {
        "from": "human",
        "value": "<image>\nWhich family or genus does this plant belong to?"
      },
      {
        "from": "gpt",
        "value": "Bamboo belongs to the family Poaceae (the grass family) and the genus Bambusoideae."
      }
    ]
  },
  {
    "id": "100006",
    "image": "downloaded_images/Plants/Bamboo/image_20241107_182433_7.jpg",
    "conversations": [
      {
        "from": "human",
        "value": "<image>\nWhich family or genus does this plant belong to?"
      },
      {
        "from": "gpt",
        "value": "Bamboo belongs to the family Poaceae (the grass family) and the genus Bambusoideae."
      }
    ]
  },
  {
    "id": "100007",
    "image": "downloaded_images/Plants/Bamboo/image_20241107_182407_4.jpg",
    "conversations": [
      {
        "from": "human",
        "value": "<image>\nWhich family or genus does this plant belong to?"
      },
      {
        "from": "gpt",
        "value": "Bamboo belongs to the family Poaceae (the grass family) and the genus Bambusoideae."
      }
    ]
  },
  {
    "id": "100008",
    "image": "downloaded_images/Plants/Bamboo/image_20241018_172812_14.jpg",
    "conversations": [
      {
        "from": "human",
        "value": "<image>\nWhich family or genus does this plant belong to?"
      },
      {
        "from": "gpt",
        "value": "Bamboo belongs to the family Poaceae (the grass family) and the genus Bambusoideae."
      }
    ]
  },
  {
    "id": "100009",
    "image": "downloaded_images/Plants/Bamboo/image_20241107_182533_14.jpg",
    "conversations": [
      {
        "from": "human",
        "value": "<image>\nWhich family or genus does this plant belong to?"
      },
      {
        "from": "gpt",
        "value": "Bamboo belongs to the family Poaceae (the grass family) and the genus Bambusoideae."
      }
    ]
  },
  {
    "id": "100010",
    "image": "downloaded_images/Plants/Bamboo/image_20241018_172719_8.jpg",
    "conversations": [
      {
        "from": "human",
        "value": "<image>\nHow does this plant reproduce?"
      },
      {
        "from": "gpt",
        "value": "Bamboo primarily reproduces through rhizomes (underground runners) and can also reproduce from seeds, although flowering and seed production are rare events for many species."
      }
    ]
  },
  {
    "id": "100011",
    "image": "downloaded_images/Plants/Bamboo/image_20241107_182755_30.jpg",
    "conversations": [
      {
        "from": "human",
        "value": "<image>\nHow does this plant reproduce?"
      },
      {
        "from": "gpt",
        "value": "Bamboo primarily reproduces through rhizomes (underground runners) and can also reproduce from seeds, although flowering and seed production are rare events for many species."
      }
    ]
  },
  {
    "id": "100012",
    "image": "downloaded_images/Plants/Bamboo/image_20241107_182543_15.jpg",
    "conversations": [
      {
        "from": "human",
        "value": "<image>\nHow does this plant reproduce?"
      },
      {
        "from": "gpt",
        "value": "Bamboo primarily reproduces through rhizomes (underground runners) and can also reproduce from seeds, although flowering and seed production are rare events for many species."
      }
    ]
  },
  {
    "id": "100013",
    "image": "downloaded_images/Plants/Bamboo/image_20241018_172804_13.jpg",
    "conversations": [
      {
        "from": "human",
        "value": "<image>\nHow does this plant reproduce?"
      },
      {
        "from": "gpt",
        "value": "Bamboo primarily reproduces through rhizomes (underground runners) and can also reproduce from seeds, although flowering and seed production are rare events for many species."
      }
    ]
  },
  {
    "id": "100014",
    "image": "downloaded_images/Plants/Bamboo/image_20241018_172836_17.jpg",
    "conversations": [
      {
        "from": "human",
        "value": "<image>\nHow does this plant reproduce?"
      },
      {
        "from": "gpt",
        "value": "Bamboo primarily reproduces through rhizomes (underground runners) and can also reproduce from seeds, although flowering and seed production are rare events for many species."
      }
    ]
  },
  {
    "id": "100015",
    "image": "downloaded_images/Plants/Bamboo/image_20241018_172804_13.jpg",
    "conversations": [
      {
        "from": "human",
        "value": "<image>\nIs this plant indigenous to a specific region or is it found worldwide?"
      },
      {
        "from": "gpt",
        "value": "Bamboo is found globally, but it is native to tropical and subtropical regions of Asia, Africa, and the Americas. Some species are also found in temperate regions."
      }
    ]
  },
  {
    "id": "100016",
    "image": "downloaded_images/Plants/Bamboo/image_20241107_182553_16.jpg",
    "conversations": [
      {
        "from": "human",
        "value": "<image>\nIs this plant indigenous to a specific region or is it found worldwide?"
      },
      {
        "from": "gpt",
        "value": "Bamboo is found globally, but it is native to tropical and subtropical regions of Asia, Africa, and the Americas. Some species are also found in temperate regions."
      }
    ]
  },
  {
    "id": "100017",
    "image": "downloaded_images/Plants/Bamboo/image_20241107_182425_6.jpg",
    "conversations": [
      {
        "from": "human",
        "value": "<image>\nIs this plant indigenous to a specific region or is it found worldwide?"
      },
      {
        "from": "gpt",
        "value": "Bamboo is found globally, but it is native to tropical and subtropical regions of Asia, Africa, and the Americas. Some species are also found in temperate regions."
      }
    ]
  },
  {
    "id": "100018",
    "image": "downloaded_images/Plants/Bamboo/image_20241107_182500_10.jpg",
    "conversations": [
      {
        "from": "human",
        "value": "<image>\nIs this plant indigenous to a specific region or is it found worldwide?"
      },
      {
        "from": "gpt",
        "value": "Bamboo is found globally, but it is native to tropical and subtropical regions of Asia, Africa, and the Americas. Some species are also found in temperate regions."
      }
    ]
  },
  {
    "id": "100019",
    "image": "downloaded_images/Plants/Bamboo/image_20241107_182636_21.jpg",
    "conversations": [
      {
        "from": "human",
        "value": "<image>\nIs this plant indigenous to a specific region or is it found worldwide?"
      },
      {
        "from": "gpt",
        "value": "Bamboo is found globally, but it is native to tropical and subtropical regions of Asia, Africa, and the Americas. Some species are also found in temperate regions."
      }
    ]
  },
  {
    "id": "100020",
    "image": "downloaded_images/Plants/Bamboo/image_20241107_182543_15.jpg",
    "conversations": [
      {
        "from": "human",
        "value": "<image>\nHow does this plant grow?"
      },
      {
        "from": "gpt",
        "value": "Bamboo grows as a grass, specifically a perennial woody grass, and can vary in size from small shrubs to large tree-like forms, depending on the species."
      }
    ]
  },
  {
    "id": "100021",
    "image": "downloaded_images/Plants/Bamboo/image_20241107_182710_25.jpg",
    "conversations": [
      {
        "from": "human",
        "value": "<image>\nHow does this plant grow?"
      },
      {
        "from": "gpt",
        "value": "Bamboo grows as a grass, specifically a perennial woody grass, and can vary in size from small shrubs to large tree-like forms, depending on the species."
      }
    ]
  },
  {
    "id": "100022",
    "image": "downloaded_images/Plants/Bamboo/image_20241107_182415_5.jpg",
    "conversations": [
      {
        "from": "human",
        "value": "<image>\nHow does this plant grow?"
      },
      {
        "from": "gpt",
        "value": "Bamboo grows as a grass, specifically a perennial woody grass, and can vary in size from small shrubs to large tree-like forms, depending on the species."
      }
    ]
  },
  {
    "id": "100023",
    "image": "downloaded_images/Plants/Bamboo/image_20241107_182452_9.jpg",
    "conversations": [
      {
        "from": "human",
        "value": "<image>\nHow does this plant grow?"
      },
      {
        "from": "gpt",
        "value": "Bamboo grows as a grass, specifically a perennial woody grass, and can vary in size from small shrubs to large tree-like forms, depending on the species."
      }
    ]
  },
  {
    "id": "100024",
    "image": "downloaded_images/Plants/Bamboo/image_20241107_182738_28.jpg",
    "conversations": [
      {
        "from": "human",
        "value": "<image>\nHow does this plant grow?"
      },
      {
        "from": "gpt",
        "value": "Bamboo grows as a grass, specifically a perennial woody grass, and can vary in size from small shrubs to large tree-like forms, depending on the species."
      }
    ]
  },
  {
    "id": "200001",
    "image": "downloaded_images/Plants/Bamboo/image_20241018_172615_1.jpg",
    "conversations": [
      {
        "from": "human",
        "value": "<image>\nWhat is the taxonomic family or genus of this plant?"
      },
      {
        "from": "gpt",
        "value": "Bamboo belongs to the family Poaceae (the grass family) and the genus Bambusoideae."
      }
    ]
  },
  {
    "id": "200002",
    "image": "downloaded_images/Plants/Bamboo/image_20241018_172812_14.jpg",
    "conversations": [
      {
        "from": "human",
        "value": "<image>\nWhat are the methods of reproduction for this plant (seeds, cuttings, runners)?"
      },
      {
        "from": "gpt",
        "value": "Bamboo primarily reproduces through rhizomes (underground runners) and can also reproduce from seeds, although flowering and seed production are rare events for many species."
      }
    ]
  },
  {
    "id": "200003",
    "image": "downloaded_images/Plants/Bamboo/image_20241018_172912_21.jpg",
    "conversations": [
      {
        "from": "human",
        "value": "<image>\nIs this species native to any particular area, or is it globally distributed?"
      },
      {
        "from": "gpt",
        "value": "Bamboo is found globally, but it is native to tropical and subtropical regions of Asia, Africa, and the Americas. Some species are also found in temperate regions."
      }
    ]
  },
  {
    "id": "200004",
    "image": "downloaded_images/Plants/Bamboo/image_20241018_172836_17.jpg",
    "conversations": [
      {
        "from": "human",
        "value": "<image>\nWhat is the growth form of this plant (e.g., tree, shrub, herb)?"
      },
      {
        "from": "gpt",
        "value": "Bamboo grows as a grass, specifically a perennial woody grass, and can vary in size from small shrubs to large tree-like forms, depending on the species."
      }
    ]
  },
  {
    "id": "200005",
    "image": "downloaded_images/Plants/Bamboo/image_20241107_182343_1.jpg",
    "conversations": [
      {
        "from": "human",
        "value": "<image>\nWhat is the taxonomic family or genus of this plant?"
      },
      {
        "from": "gpt",
        "value": "Bamboo belongs to the family Poaceae (the grass family) and the genus Bambusoideae."
      }
    ]
  },
  {
    "id": "200006",
    "image": "downloaded_images/Plants/Bamboo/image_20241107_182433_7.jpg",
    "conversations": [
      {
        "from": "human",
        "value": "<image>\nWhat is the taxonomic family or genus of this plant?"
      },
      {
        "from": "gpt",
        "value": "Bamboo belongs to the family Poaceae (the grass family) and the genus Bambusoideae."
      }
    ]
  },
  {
    "id": "200007",
    "image": "downloaded_images/Plants/Bamboo/image_20241107_182407_4.jpg",
    "conversations": [
      {
        "from": "human",
        "value": "<image>\nWhat is the taxonomic family or genus of this plant?"
      },
      {
        "from": "gpt",
        "value": "Bamboo belongs to the family Poaceae (the grass family) and the genus Bambusoideae."
      }
    ]
  },
  {
    "id": "200008",
    "image": "downloaded_images/Plants/Bamboo/image_20241018_172812_14.jpg",
    "conversations": [
      {
        "from": "human",
        "value": "<image>\nWhat is the taxonomic family or genus of this plant?"
      },
      {
        "from": "gpt",
        "value": "Bamboo belongs to the family Poaceae (the grass family) and the genus Bambusoideae."
      }
    ]
  },
  {
    "id": "200009",
    "image": "downloaded_images/Plants/Bamboo/image_20241107_182533_14.jpg",
    "conversations": [
      {
        "from": "human",
        "value": "<image>\nWhat is the taxonomic family or genus of this plant?"
      },
      {
        "from": "gpt",
        "value": "Bamboo belongs to the family Poaceae (the grass family) and the genus Bambusoideae."
      }
    ]
  },
  {
    "id": "200010",
    "image": "downloaded_images/Plants/Bamboo/image_20241018_172719_8.jpg",
    "conversations": [
      {
        "from": "human",
        "value": "<image>\nWhat are the methods of reproduction for this plant (seeds, cuttings, runners)?"
      },
      {
        "from": "gpt",
        "value": "Bamboo primarily reproduces through rhizomes (underground runners) and can also reproduce from seeds, although flowering and seed production are rare events for many species."
      }
    ]
  },
  {
    "id": "200011",
    "image": "downloaded_images/Plants/Bamboo/image_20241107_182755_30.jpg",
    "conversations": [
      {
        "from": "human",
        "value": "<image>\nWhat are the methods of reproduction for this plant (seeds, cuttings, runners)?"
      },
      {
        "from": "gpt",
        "value": "Bamboo primarily reproduces through rhizomes (underground runners) and can also reproduce from seeds, although flowering and seed production are rare events for many species."
      }
    ]
  },
  {
    "id": "200012",
    "image": "downloaded_images/Plants/Bamboo/image_20241107_182543_15.jpg",
    "conversations": [
      {
        "from": "human",
        "value": "<image>\nWhat are the methods of reproduction for this plant (seeds, cuttings, runners)?"
      },
      {
        "from": "gpt",
        "value": "Bamboo primarily reproduces through rhizomes (underground runners) and can also reproduce from seeds, although flowering and seed production are rare events for many species."
      }
    ]
  },
  {
    "id": "200013",
    "image": "downloaded_images/Plants/Bamboo/image_20241018_172804_13.jpg",
    "conversations": [
      {
        "from": "human",
        "value": "<image>\nWhat are the methods of reproduction for this plant (seeds, cuttings, runners)?"
      },
      {
        "from": "gpt",
        "value": "Bamboo primarily reproduces through rhizomes (underground runners) and can also reproduce from seeds, although flowering and seed production are rare events for many species."
      }
    ]
  },
  {
    "id": "200014",
    "image": "downloaded_images/Plants/Bamboo/image_20241018_172836_17.jpg",
    "conversations": [
      {
        "from": "human",
        "value": "<image>\nWhat are the methods of reproduction for this plant (seeds, cuttings, runners)?"
      },
      {
        "from": "gpt",
        "value": "Bamboo primarily reproduces through rhizomes (underground runners) and can also reproduce from seeds, although flowering and seed production are rare events for many species."
      }
    ]
  },
  {
    "id": "200015",
    "image": "downloaded_images/Plants/Bamboo/image_20241018_172804_13.jpg",
    "conversations": [
      {
        "from": "human",
        "value": "<image>\nIs this species native to any particular area, or is it globally distributed?"
      },
      {
        "from": "gpt",
        "value": "Bamboo is found globally, but it is native to tropical and subtropical regions of Asia, Africa, and the Americas. Some species are also found in temperate regions."
      }
    ]
  },
  {
    "id": "200016",
    "image": "downloaded_images/Plants/Bamboo/image_20241107_182553_16.jpg",
    "conversations": [
      {
        "from": "human",
        "value": "<image>\nIs this species native to any particular area, or is it globally distributed?"
      },
      {
        "from": "gpt",
        "value": "Bamboo is found globally, but it is native to tropical and subtropical regions of Asia, Africa, and the Americas. Some species are also found in temperate regions."
      }
    ]
  },
  {
    "id": "200017",
    "image": "downloaded_images/Plants/Bamboo/image_20241107_182425_6.jpg",
    "conversations": [
      {
        "from": "human",
        "value": "<image>\nIs this species native to any particular area, or is it globally distributed?"
      },
      {
        "from": "gpt",
        "value": "Bamboo is found globally, but it is native to tropical and subtropical regions of Asia, Africa, and the Americas. Some species are also found in temperate regions."
      }
    ]
  },
  {
    "id": "200018",
    "image": "downloaded_images/Plants/Bamboo/image_20241107_182500_10.jpg",
    "conversations": [
      {
        "from": "human",
        "value": "<image>\nIs this species native to any particular area, or is it globally distributed?"
      },
      {
        "from": "gpt",
        "value": "Bamboo is found globally, but it is native to tropical and subtropical regions of Asia, Africa, and the Americas. Some species are also found in temperate regions."
      }
    ]
  },
  {
    "id": "200019",
    "image": "downloaded_images/Plants/Bamboo/image_20241107_182636_21.jpg",
    "conversations": [
      {
        "from": "human",
        "value": "<image>\nIs this species native to any particular area, or is it globally distributed?"
      },
      {
        "from": "gpt",
        "value": "Bamboo is found globally, but it is native to tropical and subtropical regions of Asia, Africa, and the Americas. Some species are also found in temperate regions."
      }
    ]
  },
  {
    "id": "200020",
    "image": "downloaded_images/Plants/Bamboo/image_20241107_182543_15.jpg",
    "conversations": [
      {
        "from": "human",
        "value": "<image>\nWhat is the growth form of this plant (e.g., tree, shrub, herb)?"
      },
      {
        "from": "gpt",
        "value": "Bamboo grows as a grass, specifically a perennial woody grass, and can vary in size from small shrubs to large tree-like forms, depending on the species."
      }
    ]
  },
  {
    "id": "200021",
    "image": "downloaded_images/Plants/Bamboo/image_20241107_182710_25.jpg",
    "conversations": [
      {
        "from": "human",
        "value": "<image>\nWhat is the growth form of this plant (e.g., tree, shrub, herb)?"
      },
      {
        "from": "gpt",
        "value": "Bamboo grows as a grass, specifically a perennial woody grass, and can vary in size from small shrubs to large tree-like forms, depending on the species."
      }
    ]
  },
  {
    "id": "200022",
    "image": "downloaded_images/Plants/Bamboo/image_20241107_182415_5.jpg",
    "conversations": [
      {
        "from": "human",
        "value": "<image>\nWhat is the growth form of this plant (e.g., tree, shrub, herb)?"
      },
      {
        "from": "gpt",
        "value": "Bamboo grows as a grass, specifically a perennial woody grass, and can vary in size from small shrubs to large tree-like forms, depending on the species."
      }
    ]
  },
  {
    "id": "200023",
    "image": "downloaded_images/Plants/Bamboo/image_20241107_182452_9.jpg",
    "conversations": [
      {
        "from": "human",
        "value": "<image>\nWhat is the growth form of this plant (e.g., tree, shrub, herb)?"
      },
      {
        "from": "gpt",
        "value": "Bamboo grows as a grass, specifically a perennial woody grass, and can vary in size from small shrubs to large tree-like forms, depending on the species."
      }
    ]
  },
  {
    "id": "200024",
    "image": "downloaded_images/Plants/Bamboo/image_20241107_182738_28.jpg",
    "conversations": [
      {
        "from": "human",
        "value": "<image>\nWhat is the growth form of this plant (e.g., tree, shrub, herb)?"
      },
      {
        "from": "gpt",
        "value": "Bamboo grows as a grass, specifically a perennial woody grass, and can vary in size from small shrubs to large tree-like forms, depending on the species."
      }
    ]
  },
  {
    "id": "300001",
    "image": "downloaded_images/Plants/Bamboo/image_20241018_172615_1.jpg",
    "conversations": [
      {
        "from": "human",
        "value": "<image>\nTo what family or genus is this species classified?"
      },
      {
        "from": "gpt",
        "value": "Bamboo belongs to the family Poaceae (the grass family) and the genus Bambusoideae."
      }
    ]
  },
  {
    "id": "300002",
    "image": "downloaded_images/Plants/Bamboo/image_20241018_172812_14.jpg",
    "conversations": [
      {
        "from": "human",
        "value": "<image>\nHow does this plant propagate (through seeds, cuttings, or runners)?"
      },
      {
        "from": "gpt",
        "value": "Bamboo primarily reproduces through rhizomes (underground runners) and can also reproduce from seeds, although flowering and seed production are rare events for many species."
      }
    ]
  },
  {
    "id": "300003",
    "image": "downloaded_images/Plants/Bamboo/image_20241018_172912_21.jpg",
    "conversations": [
      {
        "from": "human",
        "value": "<image>\nWhere is this plant originally from—regionally or worldwide?"
      },
      {
        "from": "gpt",
        "value": "Bamboo is found globally, but it is native to tropical and subtropical regions of Asia, Africa, and the Americas. Some species are also found in temperate regions."
      }
    ]
  },
  {
    "id": "300004",
    "image": "downloaded_images/Plants/Bamboo/image_20241018_172836_17.jpg",
    "conversations": [
      {
        "from": "human",
        "value": "<image>\nIn what way does this plant develop (as a tree, shrub, or herb)?"
      },
      {
        "from": "gpt",
        "value": "Bamboo grows as a grass, specifically a perennial woody grass, and can vary in size from small shrubs to large tree-like forms, depending on the species."
      }
    ]
  },
  {
    "id": "300005",
    "image": "downloaded_images/Plants/Bamboo/image_20241107_182343_1.jpg",
    "conversations": [
      {
        "from": "human",
        "value": "<image>\nTo what family or genus is this species classified?"
      },
      {
        "from": "gpt",
        "value": "Bamboo belongs to the family Poaceae (the grass family) and the genus Bambusoideae."
      }
    ]
  },
  {
    "id": "300006",
    "image": "downloaded_images/Plants/Bamboo/image_20241107_182433_7.jpg",
    "conversations": [
      {
        "from": "human",
        "value": "<image>\nTo what family or genus is this species classified?"
      },
      {
        "from": "gpt",
        "value": "Bamboo belongs to the family Poaceae (the grass family) and the genus Bambusoideae."
      }
    ]
  },
  {
    "id": "300007",
    "image": "downloaded_images/Plants/Bamboo/image_20241107_182407_4.jpg",
    "conversations": [
      {
        "from": "human",
        "value": "<image>\nTo what family or genus is this species classified?"
      },
      {
        "from": "gpt",
        "value": "Bamboo belongs to the family Poaceae (the grass family) and the genus Bambusoideae."
      }
    ]
  },
  {
    "id": "300008",
    "image": "downloaded_images/Plants/Bamboo/image_20241018_172812_14.jpg",
    "conversations": [
      {
        "from": "human",
        "value": "<image>\nTo what family or genus is this species classified?"
      },
      {
        "from": "gpt",
        "value": "Bamboo belongs to the family Poaceae (the grass family) and the genus Bambusoideae."
      }
    ]
  },
  {
    "id": "300009",
    "image": "downloaded_images/Plants/Bamboo/image_20241107_182533_14.jpg",
    "conversations": [
      {
        "from": "human",
        "value": "<image>\nTo what family or genus is this species classified?"
      },
      {
        "from": "gpt",
        "value": "Bamboo belongs to the family Poaceae (the grass family) and the genus Bambusoideae."
      }
    ]
  },
  {
    "id": "300010",
    "image": "downloaded_images/Plants/Bamboo/image_20241018_172719_8.jpg",
    "conversations": [
      {
        "from": "human",
        "value": "<image>\nHow does this plant propagate (through seeds, cuttings, or runners)?"
      },
      {
        "from": "gpt",
        "value": "Bamboo primarily reproduces through rhizomes (underground runners) and can also reproduce from seeds, although flowering and seed production are rare events for many species."
      }
    ]
  },
  {
    "id": "300011",
    "image": "downloaded_images/Plants/Bamboo/image_20241107_182755_30.jpg",
    "conversations": [
      {
        "from": "human",
        "value": "<image>\nHow does this plant propagate (through seeds, cuttings, or runners)?"
      },
      {
        "from": "gpt",
        "value": "Bamboo primarily reproduces through rhizomes (underground runners) and can also reproduce from seeds, although flowering and seed production are rare events for many species."
      }
    ]
  },
  {
    "id": "300012",
    "image": "downloaded_images/Plants/Bamboo/image_20241107_182543_15.jpg",
    "conversations": [
      {
        "from": "human",
        "value": "<image>\nHow does this plant propagate (through seeds, cuttings, or runners)?"
      },
      {
        "from": "gpt",
        "value": "Bamboo primarily reproduces through rhizomes (underground runners) and can also reproduce from seeds, although flowering and seed production are rare events for many species."
      }
    ]
  },
  {
    "id": "300013",
    "image": "downloaded_images/Plants/Bamboo/image_20241018_172804_13.jpg",
    "conversations": [
      {
        "from": "human",
        "value": "<image>\nHow does this plant propagate (through seeds, cuttings, or runners)?"
      },
      {
        "from": "gpt",
        "value": "Bamboo primarily reproduces through rhizomes (underground runners) and can also reproduce from seeds, although flowering and seed production are rare events for many species."
      }
    ]
  },
  {
    "id": "300014",
    "image": "downloaded_images/Plants/Bamboo/image_20241018_172836_17.jpg",
    "conversations": [
      {
        "from": "human",
        "value": "<image>\nHow does this plant propagate (through seeds, cuttings, or runners)?"
      },
      {
        "from": "gpt",
        "value": "Bamboo primarily reproduces through rhizomes (underground runners) and can also reproduce from seeds, although flowering and seed production are rare events for many species."
      }
    ]
  },
  {
    "id": "300015",
    "image": "downloaded_images/Plants/Bamboo/image_20241018_172804_13.jpg",
    "conversations": [
      {
        "from": "human",
        "value": "<image>\nWhere is this plant originally from—regionally or worldwide?"
      },
      {
        "from": "gpt",
        "value": "Bamboo is found globally, but it is native to tropical and subtropical regions of Asia, Africa, and the Americas. Some species are also found in temperate regions."
      }
    ]
  },
  {
    "id": "300016",
    "image": "downloaded_images/Plants/Bamboo/image_20241107_182553_16.jpg",
    "conversations": [
      {
        "from": "human",
        "value": "<image>\nWhere is this plant originally from—regionally or worldwide?"
      },
      {
        "from": "gpt",
        "value": "Bamboo is found globally, but it is native to tropical and subtropical regions of Asia, Africa, and the Americas. Some species are also found in temperate regions."
      }
    ]
  },
  {
    "id": "300017",
    "image": "downloaded_images/Plants/Bamboo/image_20241107_182425_6.jpg",
    "conversations": [
      {
        "from": "human",
        "value": "<image>\nWhere is this plant originally from—regionally or worldwide?"
      },
      {
        "from": "gpt",
        "value": "Bamboo is found globally, but it is native to tropical and subtropical regions of Asia, Africa, and the Americas. Some species are also found in temperate regions."
      }
    ]
  },
  {
    "id": "300018",
    "image": "downloaded_images/Plants/Bamboo/image_20241107_182500_10.jpg",
    "conversations": [
      {
        "from": "human",
        "value": "<image>\nWhere is this plant originally from—regionally or worldwide?"
      },
      {
        "from": "gpt",
        "value": "Bamboo is found globally, but it is native to tropical and subtropical regions of Asia, Africa, and the Americas. Some species are also found in temperate regions."
      }
    ]
  },
  {
    "id": "300019",
    "image": "downloaded_images/Plants/Bamboo/image_20241107_182636_21.jpg",
    "conversations": [
      {
        "from": "human",
        "value": "<image>\nWhere is this plant originally from—regionally or worldwide?"
      },
      {
        "from": "gpt",
        "value": "Bamboo is found globally, but it is native to tropical and subtropical regions of Asia, Africa, and the Americas. Some species are also found in temperate regions."
      }
    ]
  },
  {
    "id": "300020",
    "image": "downloaded_images/Plants/Bamboo/image_20241107_182543_15.jpg",
    "conversations": [
      {
        "from": "human",
        "value": "<image>\nIn what way does this plant develop (as a tree, shrub, or herb)?"
      },
      {
        "from": "gpt",
        "value": "Bamboo grows as a grass, specifically a perennial woody grass, and can vary in size from small shrubs to large tree-like forms, depending on the species."
      }
    ]
  },
  {
    "id": "300021",
    "image": "downloaded_images/Plants/Bamboo/image_20241107_182710_25.jpg",
    "conversations": [
      {
        "from": "human",
        "value": "<image>\nIn what way does this plant develop (as a tree, shrub, or herb)?"
      },
      {
        "from": "gpt",
        "value": "Bamboo grows as a grass, specifically a perennial woody grass, and can vary in size from small shrubs to large tree-like forms, depending on the species."
      }
    ]
  },
  {
    "id": "300022",
    "image": "downloaded_images/Plants/Bamboo/image_20241107_182415_5.jpg",
    "conversations": [
      {
        "from": "human",
        "value": "<image>\nIn what way does this plant develop (as a tree, shrub, or herb)?"
      },
      {
        "from": "gpt",
        "value": "Bamboo grows as a grass, specifically a perennial woody grass, and can vary in size from small shrubs to large tree-like forms, depending on the species."
      }
    ]
  },
  {
    "id": "300023",
    "image": "downloaded_images/Plants/Bamboo/image_20241107_182452_9.jpg",
    "conversations": [
      {
        "from": "human",
        "value": "<image>\nIn what way does this plant develop (as a tree, shrub, or herb)?"
      },
      {
        "from": "gpt",
        "value": "Bamboo grows as a grass, specifically a perennial woody grass, and can vary in size from small shrubs to large tree-like forms, depending on the species."
      }
    ]
  },
  {
    "id": "300024",
    "image": "downloaded_images/Plants/Bamboo/image_20241107_182738_28.jpg",
    "conversations": [
      {
        "from": "human",
        "value": "<image>\nIn what way does this plant develop (as a tree, shrub, or herb)?"
      },
      {
        "from": "gpt",
        "value": "Bamboo grows as a grass, specifically a perennial woody grass, and can vary in size from small shrubs to large tree-like forms, depending on the species."
      }
    ]
  },
  {
    "id": "400001",
    "image": "downloaded_images/Plants/Bamboo/image_20241018_172615_1.jpg",
    "conversations": [
      {
        "from": "human",
        "value": "<image>\nWhat family does this plant fall under?"
      },
      {
        "from": "gpt",
        "value": "Bamboo belongs to the family Poaceae (the grass family) and the genus Bambusoideae."
      }
    ]
  },
  {
    "id": "400002",
    "image": "downloaded_images/Plants/Bamboo/image_20241018_172812_14.jpg",
    "conversations": [
      {
        "from": "human",
        "value": "<image>\nWhat is the reproductive process of this plant?"
      },
      {
        "from": "gpt",
        "value": "Bamboo primarily reproduces through rhizomes (underground runners) and can also reproduce from seeds, although flowering and seed production are rare events for many species."
      }
    ]
  },
  {
    "id": "400003",
    "image": "downloaded_images/Plants/Bamboo/image_20241018_172912_21.jpg",
    "conversations": [
      {
        "from": "human",
        "value": "<image>\nDoes this plant grow in a specific region, or is it found everywhere?"
      },
      {
        "from": "gpt",
        "value": "Bamboo is found globally, but it is native to tropical and subtropical regions of Asia, Africa, and the Americas. Some species are also found in temperate regions."
      }
    ]
  },
  {
    "id": "400004",
    "image": "downloaded_images/Plants/Bamboo/image_20241018_172836_17.jpg",
    "conversations": [
      {
        "from": "human",
        "value": "<image>\nWhat type of growth habit does this plant exhibit (e.g., tree, shrub, herb)?"
      },
      {
        "from": "gpt",
        "value": "Bamboo grows as a grass, specifically a perennial woody grass, and can vary in size from small shrubs to large tree-like forms, depending on the species."
      }
    ]
  },
  {
    "id": "400005",
    "image": "downloaded_images/Plants/Bamboo/image_20241107_182343_1.jpg",
    "conversations": [
      {
        "from": "human",
        "value": "<image>\nWhat family does this plant fall under?"
      },
      {
        "from": "gpt",
        "value": "Bamboo belongs to the family Poaceae (the grass family) and the genus Bambusoideae."
      }
    ]
  },
  {
    "id": "400006",
    "image": "downloaded_images/Plants/Bamboo/image_20241107_182433_7.jpg",
    "conversations": [
      {
        "from": "human",
        "value": "<image>\nWhat family does this plant fall under?"
      },
      {
        "from": "gpt",
        "value": "Bamboo belongs to the family Poaceae (the grass family) and the genus Bambusoideae."
      }
    ]
  },
  {
    "id": "400007",
    "image": "downloaded_images/Plants/Bamboo/image_20241107_182407_4.jpg",
    "conversations": [
      {
        "from": "human",
        "value": "<image>\nWhat family does this plant fall under?"
      },
      {
        "from": "gpt",
        "value": "Bamboo belongs to the family Poaceae (the grass family) and the genus Bambusoideae."
      }
    ]
  },
  {
    "id": "400008",
    "image": "downloaded_images/Plants/Bamboo/image_20241018_172812_14.jpg",
    "conversations": [
      {
        "from": "human",
        "value": "<image>\nWhat family does this plant fall under?"
      },
      {
        "from": "gpt",
        "value": "Bamboo belongs to the family Poaceae (the grass family) and the genus Bambusoideae."
      }
    ]
  },
  {
    "id": "400009",
    "image": "downloaded_images/Plants/Bamboo/image_20241107_182533_14.jpg",
    "conversations": [
      {
        "from": "human",
        "value": "<image>\nWhat family does this plant fall under?"
      },
      {
        "from": "gpt",
        "value": "Bamboo belongs to the family Poaceae (the grass family) and the genus Bambusoideae."
      }
    ]
  },
  {
    "id": "400010",
    "image": "downloaded_images/Plants/Bamboo/image_20241018_172719_8.jpg",
    "conversations": [
      {
        "from": "human",
        "value": "<image>\nWhat is the reproductive process of this plant?"
      },
      {
        "from": "gpt",
        "value": "Bamboo primarily reproduces through rhizomes (underground runners) and can also reproduce from seeds, although flowering and seed production are rare events for many species."
      }
    ]
  },
  {
    "id": "400011",
    "image": "downloaded_images/Plants/Bamboo/image_20241107_182755_30.jpg",
    "conversations": [
      {
        "from": "human",
        "value": "<image>\nWhat is the reproductive process of this plant?"
      },
      {
        "from": "gpt",
        "value": "Bamboo primarily reproduces through rhizomes (underground runners) and can also reproduce from seeds, although flowering and seed production are rare events for many species."
      }
    ]
  },
  {
    "id": "400012",
    "image": "downloaded_images/Plants/Bamboo/image_20241107_182543_15.jpg",
    "conversations": [
      {
        "from": "human",
        "value": "<image>\nWhat is the reproductive process of this plant?"
      },
      {
        "from": "gpt",
        "value": "Bamboo primarily reproduces through rhizomes (underground runners) and can also reproduce from seeds, although flowering and seed production are rare events for many species."
      }
    ]
  },
  {
    "id": "400013",
    "image": "downloaded_images/Plants/Bamboo/image_20241018_172804_13.jpg",
    "conversations": [
      {
        "from": "human",
        "value": "<image>\nWhat is the reproductive process of this plant?"
      },
      {
        "from": "gpt",
        "value": "Bamboo primarily reproduces through rhizomes (underground runners) and can also reproduce from seeds, although flowering and seed production are rare events for many species."
      }
    ]
  },
  {
    "id": "400014",
    "image": "downloaded_images/Plants/Bamboo/image_20241018_172836_17.jpg",
    "conversations": [
      {
        "from": "human",
        "value": "<image>\nWhat is the reproductive process of this plant?"
      },
      {
        "from": "gpt",
        "value": "Bamboo primarily reproduces through rhizomes (underground runners) and can also reproduce from seeds, although flowering and seed production are rare events for many species."
      }
    ]
  },
  {
    "id": "400015",
    "image": "downloaded_images/Plants/Bamboo/image_20241018_172804_13.jpg",
    "conversations": [
      {
        "from": "human",
        "value": "<image>\nDoes this plant grow in a specific region, or is it found everywhere?"
      },
      {
        "from": "gpt",
        "value": "Bamboo is found globally, but it is native to tropical and subtropical regions of Asia, Africa, and the Americas. Some species are also found in temperate regions."
      }
    ]
  },
  {
    "id": "400016",
    "image": "downloaded_images/Plants/Bamboo/image_20241107_182553_16.jpg",
    "conversations": [
      {
        "from": "human",
        "value": "<image>\nDoes this plant grow in a specific region, or is it found everywhere?"
      },
      {
        "from": "gpt",
        "value": "Bamboo is found globally, but it is native to tropical and subtropical regions of Asia, Africa, and the Americas. Some species are also found in temperate regions."
      }
    ]
  },
  {
    "id": "400017",
    "image": "downloaded_images/Plants/Bamboo/image_20241107_182425_6.jpg",
    "conversations": [
      {
        "from": "human",
        "value": "<image>\nDoes this plant grow in a specific region, or is it found everywhere?"
      },
      {
        "from": "gpt",
        "value": "Bamboo is found globally, but it is native to tropical and subtropical regions of Asia, Africa, and the Americas. Some species are also found in temperate regions."
      }
    ]
  },
  {
    "id": "400018",
    "image": "downloaded_images/Plants/Bamboo/image_20241107_182500_10.jpg",
    "conversations": [
      {
        "from": "human",
        "value": "<image>\nDoes this plant grow in a specific region, or is it found everywhere?"
      },
      {
        "from": "gpt",
        "value": "Bamboo is found globally, but it is native to tropical and subtropical regions of Asia, Africa, and the Americas. Some species are also found in temperate regions."
      }
    ]
  },
  {
    "id": "400019",
    "image": "downloaded_images/Plants/Bamboo/image_20241107_182636_21.jpg",
    "conversations": [
      {
        "from": "human",
        "value": "<image>\nDoes this plant grow in a specific region, or is it found everywhere?"
      },
      {
        "from": "gpt",
        "value": "Bamboo is found globally, but it is native to tropical and subtropical regions of Asia, Africa, and the Americas. Some species are also found in temperate regions."
      }
    ]
  },
  {
    "id": "400020",
    "image": "downloaded_images/Plants/Bamboo/image_20241107_182543_15.jpg",
    "conversations": [
      {
        "from": "human",
        "value": "<image>\nWhat type of growth habit does this plant exhibit (e.g., tree, shrub, herb)?"
      },
      {
        "from": "gpt",
        "value": "Bamboo grows as a grass, specifically a perennial woody grass, and can vary in size from small shrubs to large tree-like forms, depending on the species."
      }
    ]
  },
  {
    "id": "400021",
    "image": "downloaded_images/Plants/Bamboo/image_20241107_182710_25.jpg",
    "conversations": [
      {
        "from": "human",
        "value": "<image>\nWhat type of growth habit does this plant exhibit (e.g., tree, shrub, herb)?"
      },
      {
        "from": "gpt",
        "value": "Bamboo grows as a grass, specifically a perennial woody grass, and can vary in size from small shrubs to large tree-like forms, depending on the species."
      }
    ]
  },
  {
    "id": "400022",
    "image": "downloaded_images/Plants/Bamboo/image_20241107_182415_5.jpg",
    "conversations": [
      {
        "from": "human",
        "value": "<image>\nWhat type of growth habit does this plant exhibit (e.g., tree, shrub, herb)?"
      },
      {
        "from": "gpt",
        "value": "Bamboo grows as a grass, specifically a perennial woody grass, and can vary in size from small shrubs to large tree-like forms, depending on the species."
      }
    ]
  },
  {
    "id": "400023",
    "image": "downloaded_images/Plants/Bamboo/image_20241107_182452_9.jpg",
    "conversations": [
      {
        "from": "human",
        "value": "<image>\nWhat type of growth habit does this plant exhibit (e.g., tree, shrub, herb)?"
      },
      {
        "from": "gpt",
        "value": "Bamboo grows as a grass, specifically a perennial woody grass, and can vary in size from small shrubs to large tree-like forms, depending on the species."
      }
    ]
  },
  {
    "id": "400024",
    "image": "downloaded_images/Plants/Bamboo/image_20241107_182738_28.jpg",
    "conversations": [
      {
        "from": "human",
        "value": "<image>\nWhat type of growth habit does this plant exhibit (e.g., tree, shrub, herb)?"
      },
      {
        "from": "gpt",
        "value": "Bamboo grows as a grass, specifically a perennial woody grass, and can vary in size from small shrubs to large tree-like forms, depending on the species."
      }
    ]
  }
]