[
  {
    "id": "67",
    "image": "downloaded_images/Animals/Dolphin/image_20241017_191123_7.jpg",
    "conversations": [
      {
        "from": "human",
        "value": "<image>\nWhat is the common name of this animal?"
      },
      {
        "from": "gpt",
        "value": "Dolphin"
      }
    ]
  },
  {
    "id": "68",
    "image": "downloaded_images/Animals/Dolphin/image_20241017_191350_19.jpg",
    "conversations": [
      {
        "from": "human",
        "value": "<image>\nWhat family or order does it belong to?"
      },
      {
        "from": "gpt",
        "value": "Dolphins belong to the family Delphinidae and are part of the order Cetacea."
      }
    ]
  },
  {
    "id": "69",
    "image": "downloaded_images/Animals/Dolphin/image_20241017_191057_4.jpg",
    "conversations": [
      {
        "from": "human",
        "value": "<image>\nWhat does this animal eat (herbivore, carnivore, omnivore)?"
      },
      {
        "from": "gpt",
        "value": "Dolphins are carnivores, primarily feeding on fish, squid, and crustaceans."
      }
    ]
  },
  {
    "id": "70",
    "image": "downloaded_images/Animals/Dolphin/image_20241017_191316_16.jpg",
    "conversations": [
      {
        "from": "human",
        "value": "<image>\nIs it native to a specific region or found globally?"
      },
      {
        "from": "gpt",
        "value": "Dolphins are found globally in oceans and seas, although some species inhabit specific regions, such as river dolphins which are found in freshwater rivers."
      }
    ]
  },
  {
    "id": "71",
    "image": "downloaded_images/Animals/Dolphin/image_20241017_191341_18.jpg",
    "conversations": [
      {
        "from": "human",
        "value": "<image>\nHow does this animal reproduce (mating habits, gestation period)?"
      },
      {
        "from": "gpt",
        "value": "Dolphins typically engage in seasonal mating, and the gestation period for most species ranges from 10 to 12 months. After giving birth, mothers often nurse their calves for several months to a few years, depending on the species."
      }
    ]
  },
  {
    "id": "72",
    "image": "downloaded_images/Animals/Dolphin/image_20241106_103359_5.jpg",
    "conversations": [
      {
        "from": "human",
        "value": "<image>\nWhat is the common name of this animal?"
      },
      {
        "from": "gpt",
        "value": "Dolphin"
      }
    ]
  },
  {
    "id": "73",
    "image": "downloaded_images/Animals/Dolphin/image_20241017_191022_1.jpg",
    "conversations": [
      {
        "from": "human",
        "value": "<image>\nWhat is the common name of this animal?"
      },
      {
        "from": "gpt",
        "value": "Dolphin"
      }
    ]
  },
  {
    "id": "74",
    "image": "downloaded_images/Animals/Dolphin/image_20241106_103341_3.jpg",
    "conversations": [
      {
        "from": "human",
        "value": "<image>\nWhat is the common name of this animal?"
      },
      {
        "from": "gpt",
        "value": "Dolphin"
      }
    ]
  },
  {
    "id": "75",
    "image": "downloaded_images/Animals/Dolphin/image_20241106_103522_14.jpg",
    "conversations": [
      {
        "from": "human",
        "value": "<image>\nWhat is the common name of this animal?"
      },
      {
        "from": "gpt",
        "value": "Dolphin"
      }
    ]
  },
  {
    "id": "76",
    "image": "downloaded_images/Animals/Dolphin/image_20241106_103332_2.jpg",
    "conversations": [
      {
        "from": "human",
        "value": "<image>\nWhat is the common name of this animal?"
      },
      {
        "from": "gpt",
        "value": "Dolphin"
      }
    ]
  },
  {
    "id": "77",
    "image": "downloaded_images/Animals/Dolphin/image_20241106_103359_5.jpg",
    "conversations": [
      {
        "from": "human",
        "value": "<image>\nWhat family or order does it belong to?"
      },
      {
        "from": "gpt",
        "value": "Dolphins belong to the family Delphinidae and are part of the order Cetacea."
      }
    ]
  },
  {
    "id": "78",
    "image": "downloaded_images/Animals/Dolphin/image_20241106_103605_19.jpg",
    "conversations": [
      {
        "from": "human",
        "value": "<image>\nWhat family or order does it belong to?"
      },
      {
        "from": "gpt",
        "value": "Dolphins belong to the family Delphinidae and are part of the order Cetacea."
      }
    ]
  },
  {
    "id": "79",
    "image": "downloaded_images/Animals/Dolphin/image_20241017_191144_9.jpg",
    "conversations": [
      {
        "from": "human",
        "value": "<image>\nWhat family or order does it belong to?"
      },
      {
        "from": "gpt",
        "value": "Dolphins belong to the family Delphinidae and are part of the order Cetacea."
      }
    ]
  },
  {
    "id": "80",
    "image": "downloaded_images/Animals/Dolphin/image_20241106_103539_16.jpg",
    "conversations": [
      {
        "from": "human",
        "value": "<image>\nWhat family or order does it belong to?"
      },
      {
        "from": "gpt",
        "value": "Dolphins belong to the family Delphinidae and are part of the order Cetacea."
      }
    ]
  },
  {
    "id": "81",
    "image": "downloaded_images/Animals/Dolphin/image_20241017_191057_4.jpg",
    "conversations": [
      {
        "from": "human",
        "value": "<image>\nWhat family or order does it belong to?"
      },
      {
        "from": "gpt",
        "value": "Dolphins belong to the family Delphinidae and are part of the order Cetacea."
      }
    ]
  },
  {
    "id": "82",
    "image": "downloaded_images/Animals/Dolphin/image_20241017_191223_11.jpg",
    "conversations": [
      {
        "from": "human",
        "value": "<image>\nWhat does this animal eat (herbivore, carnivore, omnivore)?"
      },
      {
        "from": "gpt",
        "value": "Dolphins are carnivores, primarily feeding on fish, squid, and crustaceans."
      }
    ]
  },
  {
    "id": "83",
    "image": "downloaded_images/Animals/Dolphin/image_20241106_103447_10.jpg",
    "conversations": [
      {
        "from": "human",
        "value": "<image>\nWhat does this animal eat (herbivore, carnivore, omnivore)?"
      },
      {
        "from": "gpt",
        "value": "Dolphins are carnivores, primarily feeding on fish, squid, and crustaceans."
      }
    ]
  },
  {
    "id": "84",
    "image": "downloaded_images/Animals/Dolphin/image_20241106_103454_11.jpg",
    "conversations": [
      {
        "from": "human",
        "value": "<image>\nWhat does this animal eat (herbivore, carnivore, omnivore)?"
      },
      {
        "from": "gpt",
        "value": "Dolphins are carnivores, primarily feeding on fish, squid, and crustaceans."
      }
    ]
  },
  {
    "id": "85",
    "image": "downloaded_images/Animals/Dolphin/image_20241017_191350_19.jpg",
    "conversations": [
      {
        "from": "human",
        "value": "<image>\nWhat does this animal eat (herbivore, carnivore, omnivore)?"
      },
      {
        "from": "gpt",
        "value": "Dolphins are carnivores, primarily feeding on fish, squid, and crustaceans."
      }
    ]
  },
  {
    "id": "86",
    "image": "downloaded_images/Animals/Dolphin/image_20241017_191327_17.jpg",
    "conversations": [
      {
        "from": "human",
        "value": "<image>\nWhat does this animal eat (herbivore, carnivore, omnivore)?"
      },
      {
        "from": "gpt",
        "value": "Dolphins are carnivores, primarily feeding on fish, squid, and crustaceans."
      }
    ]
  },
  {
    "id": "87",
    "image": "downloaded_images/Animals/Dolphin/image_20241017_191047_3.jpg",
    "conversations": [
      {
        "from": "human",
        "value": "<image>\nIs it native to a specific region or found globally?"
      },
      {
        "from": "gpt",
        "value": "Dolphins are found globally in oceans and seas, although some species inhabit specific regions, such as river dolphins which are found in freshwater rivers."
      }
    ]
  },
  {
    "id": "88",
    "image": "downloaded_images/Animals/Dolphin/image_20241106_103438_9.jpg",
    "conversations": [
      {
        "from": "human",
        "value": "<image>\nIs it native to a specific region or found globally?"
      },
      {
        "from": "gpt",
        "value": "Dolphins are found globally in oceans and seas, although some species inhabit specific regions, such as river dolphins which are found in freshwater rivers."
      }
    ]
  },
  {
    "id": "89",
    "image": "downloaded_images/Animals/Dolphin/image_20241106_103707_26.jpg",
    "conversations": [
      {
        "from": "human",
        "value": "<image>\nIs it native to a specific region or found globally?"
      },
      {
        "from": "gpt",
        "value": "Dolphins are found globally in oceans and seas, although some species inhabit specific regions, such as river dolphins which are found in freshwater rivers."
      }
    ]
  },
  {
    "id": "90",
    "image": "downloaded_images/Animals/Dolphin/image_20241017_191057_4.jpg",
    "conversations": [
      {
        "from": "human",
        "value": "<image>\nIs it native to a specific region or found globally?"
      },
      {
        "from": "gpt",
        "value": "Dolphins are found globally in oceans and seas, although some species inhabit specific regions, such as river dolphins which are found in freshwater rivers."
      }
    ]
  },
  {
    "id": "91",
    "image": "downloaded_images/Animals/Dolphin/image_20241017_191341_18.jpg",
    "conversations": [
      {
        "from": "human",
        "value": "<image>\nIs it native to a specific region or found globally?"
      },
      {
        "from": "gpt",
        "value": "Dolphins are found globally in oceans and seas, although some species inhabit specific regions, such as river dolphins which are found in freshwater rivers."
      }
    ]
  },
  {
    "id": "92",
    "image": "downloaded_images/Animals/Dolphin/image_20241017_191057_4.jpg",
    "conversations": [
      {
        "from": "human",
        "value": "<image>\nHow does this animal reproduce (mating habits, gestation period)?"
      },
      {
        "from": "gpt",
        "value": "Dolphins typically engage in seasonal mating, and the gestation period for most species ranges from 10 to 12 months. After giving birth, mothers often nurse their calves for several months to a few years, depending on the species."
      }
    ]
  },
  {
    "id": "93",
    "image": "downloaded_images/Animals/Dolphin/image_20241017_191144_9.jpg",
    "conversations": [
      {
        "from": "human",
        "value": "<image>\nHow does this animal reproduce (mating habits, gestation period)?"
      },
      {
        "from": "gpt",
        "value": "Dolphins typically engage in seasonal mating, and the gestation period for most species ranges from 10 to 12 months. After giving birth, mothers often nurse their calves for several months to a few years, depending on the species."
      }
    ]
  },
  {
    "id": "94",
    "image": "downloaded_images/Animals/Dolphin/image_20241017_191022_1.jpg",
    "conversations": [
      {
        "from": "human",
        "value": "<image>\nHow does this animal reproduce (mating habits, gestation period)?"
      },
      {
        "from": "gpt",
        "value": "Dolphins typically engage in seasonal mating, and the gestation period for most species ranges from 10 to 12 months. After giving birth, mothers often nurse their calves for several months to a few years, depending on the species."
      }
    ]
  },
  {
    "id": "95",
    "image": "downloaded_images/Animals/Dolphin/image_20241106_103522_14.jpg",
    "conversations": [
      {
        "from": "human",
        "value": "<image>\nHow does this animal reproduce (mating habits, gestation period)?"
      },
      {
        "from": "gpt",
        "value": "Dolphins typically engage in seasonal mating, and the gestation period for most species ranges from 10 to 12 months. After giving birth, mothers often nurse their calves for several months to a few years, depending on the species."
      }
    ]
  },
  {
    "id": "96",
    "image": "downloaded_images/Animals/Dolphin/image_20241017_191034_2.jpg",
    "conversations": [
      {
        "from": "human",
        "value": "<image>\nHow does this animal reproduce (mating habits, gestation period)?"
      },
      {
        "from": "gpt",
        "value": "Dolphins typically engage in seasonal mating, and the gestation period for most species ranges from 10 to 12 months. After giving birth, mothers often nurse their calves for several months to a few years, depending on the species."
      }
    ]
  },
  {
    "id": "100067",
    "image": "downloaded_images/Animals/Dolphin/image_20241017_191123_7.jpg",
    "conversations": [
      {
        "from": "human",
        "value": "<image>\nWhat is this animal commonly called?"
      },
      {
        "from": "gpt",
        "value": "Dolphin"
      }
    ]
  },
  {
    "id": "100068",
    "image": "downloaded_images/Animals/Dolphin/image_20241017_191350_19.jpg",
    "conversations": [
      {
        "from": "human",
        "value": "<image>\nTo which family or order does this animal belong?"
      },
      {
        "from": "gpt",
        "value": "Dolphins belong to the family Delphinidae and are part of the order Cetacea."
      }
    ]
  },
  {
    "id": "100069",
    "image": "downloaded_images/Animals/Dolphin/image_20241017_191057_4.jpg",
    "conversations": [
      {
        "from": "human",
        "value": "<image>\nWhat type of diet does this animal have (herbivore, carnivore, omnivore)?"
      },
      {
        "from": "gpt",
        "value": "Dolphins are carnivores, primarily feeding on fish, squid, and crustaceans."
      }
    ]
  },
  {
    "id": "100070",
    "image": "downloaded_images/Animals/Dolphin/image_20241017_191316_16.jpg",
    "conversations": [
      {
        "from": "human",
        "value": "<image>\nIs this animal indigenous to a particular region or is it found worldwide?"
      },
      {
        "from": "gpt",
        "value": "Dolphins are found globally in oceans and seas, although some species inhabit specific regions, such as river dolphins which are found in freshwater rivers."
      }
    ]
  },
  {
    "id": "100071",
    "image": "downloaded_images/Animals/Dolphin/image_20241017_191341_18.jpg",
    "conversations": [
      {
        "from": "human",
        "value": "<image>\nWhat are the reproductive habits of this animal (mating behaviors, gestation period)?"
      },
      {
        "from": "gpt",
        "value": "Dolphins typically engage in seasonal mating, and the gestation period for most species ranges from 10 to 12 months. After giving birth, mothers often nurse their calves for several months to a few years, depending on the species."
      }
    ]
  },
  {
    "id": "100072",
    "image": "downloaded_images/Animals/Dolphin/image_20241106_103359_5.jpg",
    "conversations": [
      {
        "from": "human",
        "value": "<image>\nWhat is this animal commonly called?"
      },
      {
        "from": "gpt",
        "value": "Dolphin"
      }
    ]
  },
  {
    "id": "100073",
    "image": "downloaded_images/Animals/Dolphin/image_20241017_191022_1.jpg",
    "conversations": [
      {
        "from": "human",
        "value": "<image>\nWhat is this animal commonly called?"
      },
      {
        "from": "gpt",
        "value": "Dolphin"
      }
    ]
  },
  {
    "id": "100074",
    "image": "downloaded_images/Animals/Dolphin/image_20241106_103341_3.jpg",
    "conversations": [
      {
        "from": "human",
        "value": "<image>\nWhat is this animal commonly called?"
      },
      {
        "from": "gpt",
        "value": "Dolphin"
      }
    ]
  },
  {
    "id": "100075",
    "image": "downloaded_images/Animals/Dolphin/image_20241106_103522_14.jpg",
    "conversations": [
      {
        "from": "human",
        "value": "<image>\nWhat is this animal commonly called?"
      },
      {
        "from": "gpt",
        "value": "Dolphin"
      }
    ]
  },
  {
    "id": "100076",
    "image": "downloaded_images/Animals/Dolphin/image_20241106_103332_2.jpg",
    "conversations": [
      {
        "from": "human",
        "value": "<image>\nWhat is this animal commonly called?"
      },
      {
        "from": "gpt",
        "value": "Dolphin"
      }
    ]
  },
  {
    "id": "100077",
    "image": "downloaded_images/Animals/Dolphin/image_20241106_103359_5.jpg",
    "conversations": [
      {
        "from": "human",
        "value": "<image>\nTo which family or order does this animal belong?"
      },
      {
        "from": "gpt",
        "value": "Dolphins belong to the family Delphinidae and are part of the order Cetacea."
      }
    ]
  },
  {
    "id": "100078",
    "image": "downloaded_images/Animals/Dolphin/image_20241106_103605_19.jpg",
    "conversations": [
      {
        "from": "human",
        "value": "<image>\nTo which family or order does this animal belong?"
      },
      {
        "from": "gpt",
        "value": "Dolphins belong to the family Delphinidae and are part of the order Cetacea."
      }
    ]
  },
  {
    "id": "100079",
    "image": "downloaded_images/Animals/Dolphin/image_20241017_191144_9.jpg",
    "conversations": [
      {
        "from": "human",
        "value": "<image>\nTo which family or order does this animal belong?"
      },
      {
        "from": "gpt",
        "value": "Dolphins belong to the family Delphinidae and are part of the order Cetacea."
      }
    ]
  },
  {
    "id": "100080",
    "image": "downloaded_images/Animals/Dolphin/image_20241106_103539_16.jpg",
    "conversations": [
      {
        "from": "human",
        "value": "<image>\nTo which family or order does this animal belong?"
      },
      {
        "from": "gpt",
        "value": "Dolphins belong to the family Delphinidae and are part of the order Cetacea."
      }
    ]
  },
  {
    "id": "100081",
    "image": "downloaded_images/Animals/Dolphin/image_20241017_191057_4.jpg",
    "conversations": [
      {
        "from": "human",
        "value": "<image>\nTo which family or order does this animal belong?"
      },
      {
        "from": "gpt",
        "value": "Dolphins belong to the family Delphinidae and are part of the order Cetacea."
      }
    ]
  },
  {
    "id": "100082",
    "image": "downloaded_images/Animals/Dolphin/image_20241017_191223_11.jpg",
    "conversations": [
      {
        "from": "human",
        "value": "<image>\nWhat type of diet does this animal have (herbivore, carnivore, omnivore)?"
      },
      {
        "from": "gpt",
        "value": "Dolphins are carnivores, primarily feeding on fish, squid, and crustaceans."
      }
    ]
  },
  {
    "id": "100083",
    "image": "downloaded_images/Animals/Dolphin/image_20241106_103447_10.jpg",
    "conversations": [
      {
        "from": "human",
        "value": "<image>\nWhat type of diet does this animal have (herbivore, carnivore, omnivore)?"
      },
      {
        "from": "gpt",
        "value": "Dolphins are carnivores, primarily feeding on fish, squid, and crustaceans."
      }
    ]
  },
  {
    "id": "100084",
    "image": "downloaded_images/Animals/Dolphin/image_20241106_103454_11.jpg",
    "conversations": [
      {
        "from": "human",
        "value": "<image>\nWhat type of diet does this animal have (herbivore, carnivore, omnivore)?"
      },
      {
        "from": "gpt",
        "value": "Dolphins are carnivores, primarily feeding on fish, squid, and crustaceans."
      }
    ]
  },
  {
    "id": "100085",
    "image": "downloaded_images/Animals/Dolphin/image_20241017_191350_19.jpg",
    "conversations": [
      {
        "from": "human",
        "value": "<image>\nWhat type of diet does this animal have (herbivore, carnivore, omnivore)?"
      },
      {
        "from": "gpt",
        "value": "Dolphins are carnivores, primarily feeding on fish, squid, and crustaceans."
      }
    ]
  },
  {
    "id": "100086",
    "image": "downloaded_images/Animals/Dolphin/image_20241017_191327_17.jpg",
    "conversations": [
      {
        "from": "human",
        "value": "<image>\nWhat type of diet does this animal have (herbivore, carnivore, omnivore)?"
      },
      {
        "from": "gpt",
        "value": "Dolphins are carnivores, primarily feeding on fish, squid, and crustaceans."
      }
    ]
  },
  {
    "id": "100087",
    "image": "downloaded_images/Animals/Dolphin/image_20241017_191047_3.jpg",
    "conversations": [
      {
        "from": "human",
        "value": "<image>\nIs this animal indigenous to a particular region or is it found worldwide?"
      },
      {
        "from": "gpt",
        "value": "Dolphins are found globally in oceans and seas, although some species inhabit specific regions, such as river dolphins which are found in freshwater rivers."
      }
    ]
  },
  {
    "id": "100088",
    "image": "downloaded_images/Animals/Dolphin/image_20241106_103438_9.jpg",
    "conversations": [
      {
        "from": "human",
        "value": "<image>\nIs this animal indigenous to a particular region or is it found worldwide?"
      },
      {
        "from": "gpt",
        "value": "Dolphins are found globally in oceans and seas, although some species inhabit specific regions, such as river dolphins which are found in freshwater rivers."
      }
    ]
  },
  {
    "id": "100089",
    "image": "downloaded_images/Animals/Dolphin/image_20241106_103707_26.jpg",
    "conversations": [
      {
        "from": "human",
        "value": "<image>\nIs this animal indigenous to a particular region or is it found worldwide?"
      },
      {
        "from": "gpt",
        "value": "Dolphins are found globally in oceans and seas, although some species inhabit specific regions, such as river dolphins which are found in freshwater rivers."
      }
    ]
  },
  {
    "id": "100090",
    "image": "downloaded_images/Animals/Dolphin/image_20241017_191057_4.jpg",
    "conversations": [
      {
        "from": "human",
        "value": "<image>\nIs this animal indigenous to a particular region or is it found worldwide?"
      },
      {
        "from": "gpt",
        "value": "Dolphins are found globally in oceans and seas, although some species inhabit specific regions, such as river dolphins which are found in freshwater rivers."
      }
    ]
  },
  {
    "id": "100091",
    "image": "downloaded_images/Animals/Dolphin/image_20241017_191341_18.jpg",
    "conversations": [
      {
        "from": "human",
        "value": "<image>\nIs this animal indigenous to a particular region or is it found worldwide?"
      },
      {
        "from": "gpt",
        "value": "Dolphins are found globally in oceans and seas, although some species inhabit specific regions, such as river dolphins which are found in freshwater rivers."
      }
    ]
  },
  {
    "id": "100092",
    "image": "downloaded_images/Animals/Dolphin/image_20241017_191057_4.jpg",
    "conversations": [
      {
        "from": "human",
        "value": "<image>\nWhat are the reproductive habits of this animal (mating behaviors, gestation period)?"
      },
      {
        "from": "gpt",
        "value": "Dolphins typically engage in seasonal mating, and the gestation period for most species ranges from 10 to 12 months. After giving birth, mothers often nurse their calves for several months to a few years, depending on the species."
      }
    ]
  },
  {
    "id": "100093",
    "image": "downloaded_images/Animals/Dolphin/image_20241017_191144_9.jpg",
    "conversations": [
      {
        "from": "human",
        "value": "<image>\nWhat are the reproductive habits of this animal (mating behaviors, gestation period)?"
      },
      {
        "from": "gpt",
        "value": "Dolphins typically engage in seasonal mating, and the gestation period for most species ranges from 10 to 12 months. After giving birth, mothers often nurse their calves for several months to a few years, depending on the species."
      }
    ]
  },
  {
    "id": "100094",
    "image": "downloaded_images/Animals/Dolphin/image_20241017_191022_1.jpg",
    "conversations": [
      {
        "from": "human",
        "value": "<image>\nWhat are the reproductive habits of this animal (mating behaviors, gestation period)?"
      },
      {
        "from": "gpt",
        "value": "Dolphins typically engage in seasonal mating, and the gestation period for most species ranges from 10 to 12 months. After giving birth, mothers often nurse their calves for several months to a few years, depending on the species."
      }
    ]
  },
  {
    "id": "100095",
    "image": "downloaded_images/Animals/Dolphin/image_20241106_103522_14.jpg",
    "conversations": [
      {
        "from": "human",
        "value": "<image>\nWhat are the reproductive habits of this animal (mating behaviors, gestation period)?"
      },
      {
        "from": "gpt",
        "value": "Dolphins typically engage in seasonal mating, and the gestation period for most species ranges from 10 to 12 months. After giving birth, mothers often nurse their calves for several months to a few years, depending on the species."
      }
    ]
  },
  {
    "id": "100096",
    "image": "downloaded_images/Animals/Dolphin/image_20241017_191034_2.jpg",
    "conversations": [
      {
        "from": "human",
        "value": "<image>\nWhat are the reproductive habits of this animal (mating behaviors, gestation period)?"
      },
      {
        "from": "gpt",
        "value": "Dolphins typically engage in seasonal mating, and the gestation period for most species ranges from 10 to 12 months. After giving birth, mothers often nurse their calves for several months to a few years, depending on the species."
      }
    ]
  },
  {
    "id": "200067",
    "image": "downloaded_images/Animals/Dolphin/image_20241017_191123_7.jpg",
    "conversations": [
      {
        "from": "human",
        "value": "<image>\nWhat is the usual name for this animal?"
      },
      {
        "from": "gpt",
        "value": "Dolphin"
      }
    ]
  },
  {
    "id": "200068",
    "image": "downloaded_images/Animals/Dolphin/image_20241017_191350_19.jpg",
    "conversations": [
      {
        "from": "human",
        "value": "<image>\nWhat family or order categorizes this animal?"
      },
      {
        "from": "gpt",
        "value": "Dolphins belong to the family Delphinidae and are part of the order Cetacea."
      }
    ]
  },
  {
    "id": "200069",
    "image": "downloaded_images/Animals/Dolphin/image_20241017_191057_4.jpg",
    "conversations": [
      {
        "from": "human",
        "value": "<image>\nIs this animal a herbivore, carnivore, or omnivore?"
      },
      {
        "from": "gpt",
        "value": "Dolphins are carnivores, primarily feeding on fish, squid, and crustaceans."
      }
    ]
  },
  {
    "id": "200070",
    "image": "downloaded_images/Animals/Dolphin/image_20241017_191316_16.jpg",
    "conversations": [
      {
        "from": "human",
        "value": "<image>\nDoes this species originate from a specific area, or is it found globally?"
      },
      {
        "from": "gpt",
        "value": "Dolphins are found globally in oceans and seas, although some species inhabit specific regions, such as river dolphins which are found in freshwater rivers."
      }
    ]
  },
  {
    "id": "200071",
    "image": "downloaded_images/Animals/Dolphin/image_20241017_191341_18.jpg",
    "conversations": [
      {
        "from": "human",
        "value": "<image>\nHow does this animal reproduce, including mating habits and gestation duration?"
      },
      {
        "from": "gpt",
        "value": "Dolphins typically engage in seasonal mating, and the gestation period for most species ranges from 10 to 12 months. After giving birth, mothers often nurse their calves for several months to a few years, depending on the species."
      }
    ]
  },
  {
    "id": "200072",
    "image": "downloaded_images/Animals/Dolphin/image_20241106_103359_5.jpg",
    "conversations": [
      {
        "from": "human",
        "value": "<image>\nWhat is the usual name for this animal?"
      },
      {
        "from": "gpt",
        "value": "Dolphin"
      }
    ]
  },
  {
    "id": "200073",
    "image": "downloaded_images/Animals/Dolphin/image_20241017_191022_1.jpg",
    "conversations": [
      {
        "from": "human",
        "value": "<image>\nWhat is the usual name for this animal?"
      },
      {
        "from": "gpt",
        "value": "Dolphin"
      }
    ]
  },
  {
    "id": "200074",
    "image": "downloaded_images/Animals/Dolphin/image_20241106_103341_3.jpg",
    "conversations": [
      {
        "from": "human",
        "value": "<image>\nWhat is the usual name for this animal?"
      },
      {
        "from": "gpt",
        "value": "Dolphin"
      }
    ]
  },
  {
    "id": "200075",
    "image": "downloaded_images/Animals/Dolphin/image_20241106_103522_14.jpg",
    "conversations": [
      {
        "from": "human",
        "value": "<image>\nWhat is the usual name for this animal?"
      },
      {
        "from": "gpt",
        "value": "Dolphin"
      }
    ]
  },
  {
    "id": "200076",
    "image": "downloaded_images/Animals/Dolphin/image_20241106_103332_2.jpg",
    "conversations": [
      {
        "from": "human",
        "value": "<image>\nWhat is the usual name for this animal?"
      },
      {
        "from": "gpt",
        "value": "Dolphin"
      }
    ]
  },
  {
    "id": "200077",
    "image": "downloaded_images/Animals/Dolphin/image_20241106_103359_5.jpg",
    "conversations": [
      {
        "from": "human",
        "value": "<image>\nWhat family or order categorizes this animal?"
      },
      {
        "from": "gpt",
        "value": "Dolphins belong to the family Delphinidae and are part of the order Cetacea."
      }
    ]
  },
  {
    "id": "200078",
    "image": "downloaded_images/Animals/Dolphin/image_20241106_103605_19.jpg",
    "conversations": [
      {
        "from": "human",
        "value": "<image>\nWhat family or order categorizes this animal?"
      },
      {
        "from": "gpt",
        "value": "Dolphins belong to the family Delphinidae and are part of the order Cetacea."
      }
    ]
  },
  {
    "id": "200079",
    "image": "downloaded_images/Animals/Dolphin/image_20241017_191144_9.jpg",
    "conversations": [
      {
        "from": "human",
        "value": "<image>\nWhat family or order categorizes this animal?"
      },
      {
        "from": "gpt",
        "value": "Dolphins belong to the family Delphinidae and are part of the order Cetacea."
      }
    ]
  },
  {
    "id": "200080",
    "image": "downloaded_images/Animals/Dolphin/image_20241106_103539_16.jpg",
    "conversations": [
      {
        "from": "human",
        "value": "<image>\nWhat family or order categorizes this animal?"
      },
      {
        "from": "gpt",
        "value": "Dolphins belong to the family Delphinidae and are part of the order Cetacea."
      }
    ]
  },
  {
    "id": "200081",
    "image": "downloaded_images/Animals/Dolphin/image_20241017_191057_4.jpg",
    "conversations": [
      {
        "from": "human",
        "value": "<image>\nWhat family or order categorizes this animal?"
      },
      {
        "from": "gpt",
        "value": "Dolphins belong to the family Delphinidae and are part of the order Cetacea."
      }
    ]
  },
  {
    "id": "200082",
    "image": "downloaded_images/Animals/Dolphin/image_20241017_191223_11.jpg",
    "conversations": [
      {
        "from": "human",
        "value": "<image>\nIs this animal a herbivore, carnivore, or omnivore?"
      },
      {
        "from": "gpt",
        "value": "Dolphins are carnivores, primarily feeding on fish, squid, and crustaceans."
      }
    ]
  },
  {
    "id": "200083",
    "image": "downloaded_images/Animals/Dolphin/image_20241106_103447_10.jpg",
    "conversations": [
      {
        "from": "human",
        "value": "<image>\nIs this animal a herbivore, carnivore, or omnivore?"
      },
      {
        "from": "gpt",
        "value": "Dolphins are carnivores, primarily feeding on fish, squid, and crustaceans."
      }
    ]
  },
  {
    "id": "200084",
    "image": "downloaded_images/Animals/Dolphin/image_20241106_103454_11.jpg",
    "conversations": [
      {
        "from": "human",
        "value": "<image>\nIs this animal a herbivore, carnivore, or omnivore?"
      },
      {
        "from": "gpt",
        "value": "Dolphins are carnivores, primarily feeding on fish, squid, and crustaceans."
      }
    ]
  },
  {
    "id": "200085",
    "image": "downloaded_images/Animals/Dolphin/image_20241017_191350_19.jpg",
    "conversations": [
      {
        "from": "human",
        "value": "<image>\nIs this animal a herbivore, carnivore, or omnivore?"
      },
      {
        "from": "gpt",
        "value": "Dolphins are carnivores, primarily feeding on fish, squid, and crustaceans."
      }
    ]
  },
  {
    "id": "200086",
    "image": "downloaded_images/Animals/Dolphin/image_20241017_191327_17.jpg",
    "conversations": [
      {
        "from": "human",
        "value": "<image>\nIs this animal a herbivore, carnivore, or omnivore?"
      },
      {
        "from": "gpt",
        "value": "Dolphins are carnivores, primarily feeding on fish, squid, and crustaceans."
      }
    ]
  },
  {
    "id": "200087",
    "image": "downloaded_images/Animals/Dolphin/image_20241017_191047_3.jpg",
    "conversations": [
      {
        "from": "human",
        "value": "<image>\nDoes this species originate from a specific area, or is it found globally?"
      },
      {
        "from": "gpt",
        "value": "Dolphins are found globally in oceans and seas, although some species inhabit specific regions, such as river dolphins which are found in freshwater rivers."
      }
    ]
  },
  {
    "id": "200088",
    "image": "downloaded_images/Animals/Dolphin/image_20241106_103438_9.jpg",
    "conversations": [
      {
        "from": "human",
        "value": "<image>\nDoes this species originate from a specific area, or is it found globally?"
      },
      {
        "from": "gpt",
        "value": "Dolphins are found globally in oceans and seas, although some species inhabit specific regions, such as river dolphins which are found in freshwater rivers."
      }
    ]
  },
  {
    "id": "200089",
    "image": "downloaded_images/Animals/Dolphin/image_20241106_103707_26.jpg",
    "conversations": [
      {
        "from": "human",
        "value": "<image>\nDoes this species originate from a specific area, or is it found globally?"
      },
      {
        "from": "gpt",
        "value": "Dolphins are found globally in oceans and seas, although some species inhabit specific regions, such as river dolphins which are found in freshwater rivers."
      }
    ]
  },
  {
    "id": "200090",
    "image": "downloaded_images/Animals/Dolphin/image_20241017_191057_4.jpg",
    "conversations": [
      {
        "from": "human",
        "value": "<image>\nDoes this species originate from a specific area, or is it found globally?"
      },
      {
        "from": "gpt",
        "value": "Dolphins are found globally in oceans and seas, although some species inhabit specific regions, such as river dolphins which are found in freshwater rivers."
      }
    ]
  },
  {
    "id": "200091",
    "image": "downloaded_images/Animals/Dolphin/image_20241017_191341_18.jpg",
    "conversations": [
      {
        "from": "human",
        "value": "<image>\nDoes this species originate from a specific area, or is it found globally?"
      },
      {
        "from": "gpt",
        "value": "Dolphins are found globally in oceans and seas, although some species inhabit specific regions, such as river dolphins which are found in freshwater rivers."
      }
    ]
  },
  {
    "id": "200092",
    "image": "downloaded_images/Animals/Dolphin/image_20241017_191057_4.jpg",
    "conversations": [
      {
        "from": "human",
        "value": "<image>\nHow does this animal reproduce, including mating habits and gestation duration?"
      },
      {
        "from": "gpt",
        "value": "Dolphins typically engage in seasonal mating, and the gestation period for most species ranges from 10 to 12 months. After giving birth, mothers often nurse their calves for several months to a few years, depending on the species."
      }
    ]
  },
  {
    "id": "200093",
    "image": "downloaded_images/Animals/Dolphin/image_20241017_191144_9.jpg",
    "conversations": [
      {
        "from": "human",
        "value": "<image>\nHow does this animal reproduce, including mating habits and gestation duration?"
      },
      {
        "from": "gpt",
        "value": "Dolphins typically engage in seasonal mating, and the gestation period for most species ranges from 10 to 12 months. After giving birth, mothers often nurse their calves for several months to a few years, depending on the species."
      }
    ]
  },
  {
    "id": "200094",
    "image": "downloaded_images/Animals/Dolphin/image_20241017_191022_1.jpg",
    "conversations": [
      {
        "from": "human",
        "value": "<image>\nHow does this animal reproduce, including mating habits and gestation duration?"
      },
      {
        "from": "gpt",
        "value": "Dolphins typically engage in seasonal mating, and the gestation period for most species ranges from 10 to 12 months. After giving birth, mothers often nurse their calves for several months to a few years, depending on the species."
      }
    ]
  },
  {
    "id": "200095",
    "image": "downloaded_images/Animals/Dolphin/image_20241106_103522_14.jpg",
    "conversations": [
      {
        "from": "human",
        "value": "<image>\nHow does this animal reproduce, including mating habits and gestation duration?"
      },
      {
        "from": "gpt",
        "value": "Dolphins typically engage in seasonal mating, and the gestation period for most species ranges from 10 to 12 months. After giving birth, mothers often nurse their calves for several months to a few years, depending on the species."
      }
    ]
  },
  {
    "id": "200096",
    "image": "downloaded_images/Animals/Dolphin/image_20241017_191034_2.jpg",
    "conversations": [
      {
        "from": "human",
        "value": "<image>\nHow does this animal reproduce, including mating habits and gestation duration?"
      },
      {
        "from": "gpt",
        "value": "Dolphins typically engage in seasonal mating, and the gestation period for most species ranges from 10 to 12 months. After giving birth, mothers often nurse their calves for several months to a few years, depending on the species."
      }
    ]
  },
  {
    "id": "300067",
    "image": "downloaded_images/Animals/Dolphin/image_20241017_191123_7.jpg",
    "conversations": [
      {
        "from": "human",
        "value": "<image>\nCan you tell me the common name of this species?"
      },
      {
        "from": "gpt",
        "value": "Dolphin"
      }
    ]
  },
  {
    "id": "300068",
    "image": "downloaded_images/Animals/Dolphin/image_20241017_191350_19.jpg",
    "conversations": [
      {
        "from": "human",
        "value": "<image>\nIn which family or order is this species classified?"
      },
      {
        "from": "gpt",
        "value": "Dolphins belong to the family Delphinidae and are part of the order Cetacea."
      }
    ]
  },
  {
    "id": "300069",
    "image": "downloaded_images/Animals/Dolphin/image_20241017_191057_4.jpg",
    "conversations": [
      {
        "from": "human",
        "value": "<image>\nWhat kind of foods does this animal consume?"
      },
      {
        "from": "gpt",
        "value": "Dolphins are carnivores, primarily feeding on fish, squid, and crustaceans."
      }
    ]
  },
  {
    "id": "300070",
    "image": "downloaded_images/Animals/Dolphin/image_20241017_191316_16.jpg",
    "conversations": [
      {
        "from": "human",
        "value": "<image>\nIs this animal native to any specific region, or is it distributed all over the world?"
      },
      {
        "from": "gpt",
        "value": "Dolphins are found globally in oceans and seas, although some species inhabit specific regions, such as river dolphins which are found in freshwater rivers."
      }
    ]
  },
  {
    "id": "300071",
    "image": "downloaded_images/Animals/Dolphin/image_20241017_191341_18.jpg",
    "conversations": [
      {
        "from": "human",
        "value": "<image>\nCan you explain the reproduction process of this species (mating habits and gestation)?"
      },
      {
        "from": "gpt",
        "value": "Dolphins typically engage in seasonal mating, and the gestation period for most species ranges from 10 to 12 months. After giving birth, mothers often nurse their calves for several months to a few years, depending on the species."
      }
    ]
  },
  {
    "id": "300072",
    "image": "downloaded_images/Animals/Dolphin/image_20241106_103359_5.jpg",
    "conversations": [
      {
        "from": "human",
        "value": "<image>\nCan you tell me the common name of this species?"
      },
      {
        "from": "gpt",
        "value": "Dolphin"
      }
    ]
  },
  {
    "id": "300073",
    "image": "downloaded_images/Animals/Dolphin/image_20241017_191022_1.jpg",
    "conversations": [
      {
        "from": "human",
        "value": "<image>\nCan you tell me the common name of this species?"
      },
      {
        "from": "gpt",
        "value": "Dolphin"
      }
    ]
  },
  {
    "id": "300074",
    "image": "downloaded_images/Animals/Dolphin/image_20241106_103341_3.jpg",
    "conversations": [
      {
        "from": "human",
        "value": "<image>\nCan you tell me the common name of this species?"
      },
      {
        "from": "gpt",
        "value": "Dolphin"
      }
    ]
  },
  {
    "id": "300075",
    "image": "downloaded_images/Animals/Dolphin/image_20241106_103522_14.jpg",
    "conversations": [
      {
        "from": "human",
        "value": "<image>\nCan you tell me the common name of this species?"
      },
      {
        "from": "gpt",
        "value": "Dolphin"
      }
    ]
  },
  {
    "id": "300076",
    "image": "downloaded_images/Animals/Dolphin/image_20241106_103332_2.jpg",
    "conversations": [
      {
        "from": "human",
        "value": "<image>\nCan you tell me the common name of this species?"
      },
      {
        "from": "gpt",
        "value": "Dolphin"
      }
    ]
  },
  {
    "id": "300077",
    "image": "downloaded_images/Animals/Dolphin/image_20241106_103359_5.jpg",
    "conversations": [
      {
        "from": "human",
        "value": "<image>\nIn which family or order is this species classified?"
      },
      {
        "from": "gpt",
        "value": "Dolphins belong to the family Delphinidae and are part of the order Cetacea."
      }
    ]
  },
  {
    "id": "300078",
    "image": "downloaded_images/Animals/Dolphin/image_20241106_103605_19.jpg",
    "conversations": [
      {
        "from": "human",
        "value": "<image>\nIn which family or order is this species classified?"
      },
      {
        "from": "gpt",
        "value": "Dolphins belong to the family Delphinidae and are part of the order Cetacea."
      }
    ]
  },
  {
    "id": "300079",
    "image": "downloaded_images/Animals/Dolphin/image_20241017_191144_9.jpg",
    "conversations": [
      {
        "from": "human",
        "value": "<image>\nIn which family or order is this species classified?"
      },
      {
        "from": "gpt",
        "value": "Dolphins belong to the family Delphinidae and are part of the order Cetacea."
      }
    ]
  },
  {
    "id": "300080",
    "image": "downloaded_images/Animals/Dolphin/image_20241106_103539_16.jpg",
    "conversations": [
      {
        "from": "human",
        "value": "<image>\nIn which family or order is this species classified?"
      },
      {
        "from": "gpt",
        "value": "Dolphins belong to the family Delphinidae and are part of the order Cetacea."
      }
    ]
  },
  {
    "id": "300081",
    "image": "downloaded_images/Animals/Dolphin/image_20241017_191057_4.jpg",
    "conversations": [
      {
        "from": "human",
        "value": "<image>\nIn which family or order is this species classified?"
      },
      {
        "from": "gpt",
        "value": "Dolphins belong to the family Delphinidae and are part of the order Cetacea."
      }
    ]
  },
  {
    "id": "300082",
    "image": "downloaded_images/Animals/Dolphin/image_20241017_191223_11.jpg",
    "conversations": [
      {
        "from": "human",
        "value": "<image>\nWhat kind of foods does this animal consume?"
      },
      {
        "from": "gpt",
        "value": "Dolphins are carnivores, primarily feeding on fish, squid, and crustaceans."
      }
    ]
  },
  {
    "id": "300083",
    "image": "downloaded_images/Animals/Dolphin/image_20241106_103447_10.jpg",
    "conversations": [
      {
        "from": "human",
        "value": "<image>\nWhat kind of foods does this animal consume?"
      },
      {
        "from": "gpt",
        "value": "Dolphins are carnivores, primarily feeding on fish, squid, and crustaceans."
      }
    ]
  },
  {
    "id": "300084",
    "image": "downloaded_images/Animals/Dolphin/image_20241106_103454_11.jpg",
    "conversations": [
      {
        "from": "human",
        "value": "<image>\nWhat kind of foods does this animal consume?"
      },
      {
        "from": "gpt",
        "value": "Dolphins are carnivores, primarily feeding on fish, squid, and crustaceans."
      }
    ]
  },
  {
    "id": "300085",
    "image": "downloaded_images/Animals/Dolphin/image_20241017_191350_19.jpg",
    "conversations": [
      {
        "from": "human",
        "value": "<image>\nWhat kind of foods does this animal consume?"
      },
      {
        "from": "gpt",
        "value": "Dolphins are carnivores, primarily feeding on fish, squid, and crustaceans."
      }
    ]
  },
  {
    "id": "300086",
    "image": "downloaded_images/Animals/Dolphin/image_20241017_191327_17.jpg",
    "conversations": [
      {
        "from": "human",
        "value": "<image>\nWhat kind of foods does this animal consume?"
      },
      {
        "from": "gpt",
        "value": "Dolphins are carnivores, primarily feeding on fish, squid, and crustaceans."
      }
    ]
  },
  {
    "id": "300087",
    "image": "downloaded_images/Animals/Dolphin/image_20241017_191047_3.jpg",
    "conversations": [
      {
        "from": "human",
        "value": "<image>\nIs this animal native to any specific region, or is it distributed all over the world?"
      },
      {
        "from": "gpt",
        "value": "Dolphins are found globally in oceans and seas, although some species inhabit specific regions, such as river dolphins which are found in freshwater rivers."
      }
    ]
  },
  {
    "id": "300088",
    "image": "downloaded_images/Animals/Dolphin/image_20241106_103438_9.jpg",
    "conversations": [
      {
        "from": "human",
        "value": "<image>\nIs this animal native to any specific region, or is it distributed all over the world?"
      },
      {
        "from": "gpt",
        "value": "Dolphins are found globally in oceans and seas, although some species inhabit specific regions, such as river dolphins which are found in freshwater rivers."
      }
    ]
  },
  {
    "id": "300089",
    "image": "downloaded_images/Animals/Dolphin/image_20241106_103707_26.jpg",
    "conversations": [
      {
        "from": "human",
        "value": "<image>\nIs this animal native to any specific region, or is it distributed all over the world?"
      },
      {
        "from": "gpt",
        "value": "Dolphins are found globally in oceans and seas, although some species inhabit specific regions, such as river dolphins which are found in freshwater rivers."
      }
    ]
  },
  {
    "id": "300090",
    "image": "downloaded_images/Animals/Dolphin/image_20241017_191057_4.jpg",
    "conversations": [
      {
        "from": "human",
        "value": "<image>\nIs this animal native to any specific region, or is it distributed all over the world?"
      },
      {
        "from": "gpt",
        "value": "Dolphins are found globally in oceans and seas, although some species inhabit specific regions, such as river dolphins which are found in freshwater rivers."
      }
    ]
  },
  {
    "id": "300091",
    "image": "downloaded_images/Animals/Dolphin/image_20241017_191341_18.jpg",
    "conversations": [
      {
        "from": "human",
        "value": "<image>\nIs this animal native to any specific region, or is it distributed all over the world?"
      },
      {
        "from": "gpt",
        "value": "Dolphins are found globally in oceans and seas, although some species inhabit specific regions, such as river dolphins which are found in freshwater rivers."
      }
    ]
  },
  {
    "id": "300092",
    "image": "downloaded_images/Animals/Dolphin/image_20241017_191057_4.jpg",
    "conversations": [
      {
        "from": "human",
        "value": "<image>\nCan you explain the reproduction process of this species (mating habits and gestation)?"
      },
      {
        "from": "gpt",
        "value": "Dolphins typically engage in seasonal mating, and the gestation period for most species ranges from 10 to 12 months. After giving birth, mothers often nurse their calves for several months to a few years, depending on the species."
      }
    ]
  },
  {
    "id": "300093",
    "image": "downloaded_images/Animals/Dolphin/image_20241017_191144_9.jpg",
    "conversations": [
      {
        "from": "human",
        "value": "<image>\nCan you explain the reproduction process of this species (mating habits and gestation)?"
      },
      {
        "from": "gpt",
        "value": "Dolphins typically engage in seasonal mating, and the gestation period for most species ranges from 10 to 12 months. After giving birth, mothers often nurse their calves for several months to a few years, depending on the species."
      }
    ]
  },
  {
    "id": "300094",
    "image": "downloaded_images/Animals/Dolphin/image_20241017_191022_1.jpg",
    "conversations": [
      {
        "from": "human",
        "value": "<image>\nCan you explain the reproduction process of this species (mating habits and gestation)?"
      },
      {
        "from": "gpt",
        "value": "Dolphins typically engage in seasonal mating, and the gestation period for most species ranges from 10 to 12 months. After giving birth, mothers often nurse their calves for several months to a few years, depending on the species."
      }
    ]
  },
  {
    "id": "300095",
    "image": "downloaded_images/Animals/Dolphin/image_20241106_103522_14.jpg",
    "conversations": [
      {
        "from": "human",
        "value": "<image>\nCan you explain the reproduction process of this species (mating habits and gestation)?"
      },
      {
        "from": "gpt",
        "value": "Dolphins typically engage in seasonal mating, and the gestation period for most species ranges from 10 to 12 months. After giving birth, mothers often nurse their calves for several months to a few years, depending on the species."
      }
    ]
  },
  {
    "id": "300096",
    "image": "downloaded_images/Animals/Dolphin/image_20241017_191034_2.jpg",
    "conversations": [
      {
        "from": "human",
        "value": "<image>\nCan you explain the reproduction process of this species (mating habits and gestation)?"
      },
      {
        "from": "gpt",
        "value": "Dolphins typically engage in seasonal mating, and the gestation period for most species ranges from 10 to 12 months. After giving birth, mothers often nurse their calves for several months to a few years, depending on the species."
      }
    ]
  },
  {
    "id": "400067",
    "image": "downloaded_images/Animals/Dolphin/image_20241017_191123_7.jpg",
    "conversations": [
      {
        "from": "human",
        "value": "<image>\nHow is this animal referred to in everyday language?"
      },
      {
        "from": "gpt",
        "value": "Dolphin"
      }
    ]
  },
  {
    "id": "400068",
    "image": "downloaded_images/Animals/Dolphin/image_20241017_191350_19.jpg",
    "conversations": [
      {
        "from": "human",
        "value": "<image>\nWhat is the taxonomic family or order of this animal?"
      },
      {
        "from": "gpt",
        "value": "Dolphins belong to the family Delphinidae and are part of the order Cetacea."
      }
    ]
  },
  {
    "id": "400069",
    "image": "downloaded_images/Animals/Dolphin/image_20241017_191057_4.jpg",
    "conversations": [
      {
        "from": "human",
        "value": "<image>\nHow would you classify this animal's eating habits?"
      },
      {
        "from": "gpt",
        "value": "Dolphins are carnivores, primarily feeding on fish, squid, and crustaceans."
      }
    ]
  },
  {
    "id": "400070",
    "image": "downloaded_images/Animals/Dolphin/image_20241017_191316_16.jpg",
    "conversations": [
      {
        "from": "human",
        "value": "<image>\nWhere is this animal primarily found—regionally or globally?"
      },
      {
        "from": "gpt",
        "value": "Dolphins are found globally in oceans and seas, although some species inhabit specific regions, such as river dolphins which are found in freshwater rivers."
      }
    ]
  },
  {
    "id": "400071",
    "image": "downloaded_images/Animals/Dolphin/image_20241017_191341_18.jpg",
    "conversations": [
      {
        "from": "human",
        "value": "<image>\nWhat are the details of this animal's reproduction, such as mating behaviors and how long it is pregnant?"
      },
      {
        "from": "gpt",
        "value": "Dolphins typically engage in seasonal mating, and the gestation period for most species ranges from 10 to 12 months. After giving birth, mothers often nurse their calves for several months to a few years, depending on the species."
      }
    ]
  },
  {
    "id": "400072",
    "image": "downloaded_images/Animals/Dolphin/image_20241106_103359_5.jpg",
    "conversations": [
      {
        "from": "human",
        "value": "<image>\nHow is this animal referred to in everyday language?"
      },
      {
        "from": "gpt",
        "value": "Dolphin"
      }
    ]
  },
  {
    "id": "400073",
    "image": "downloaded_images/Animals/Dolphin/image_20241017_191022_1.jpg",
    "conversations": [
      {
        "from": "human",
        "value": "<image>\nHow is this animal referred to in everyday language?"
      },
      {
        "from": "gpt",
        "value": "Dolphin"
      }
    ]
  },
  {
    "id": "400074",
    "image": "downloaded_images/Animals/Dolphin/image_20241106_103341_3.jpg",
    "conversations": [
      {
        "from": "human",
        "value": "<image>\nHow is this animal referred to in everyday language?"
      },
      {
        "from": "gpt",
        "value": "Dolphin"
      }
    ]
  },
  {
    "id": "400075",
    "image": "downloaded_images/Animals/Dolphin/image_20241106_103522_14.jpg",
    "conversations": [
      {
        "from": "human",
        "value": "<image>\nHow is this animal referred to in everyday language?"
      },
      {
        "from": "gpt",
        "value": "Dolphin"
      }
    ]
  },
  {
    "id": "400076",
    "image": "downloaded_images/Animals/Dolphin/image_20241106_103332_2.jpg",
    "conversations": [
      {
        "from": "human",
        "value": "<image>\nHow is this animal referred to in everyday language?"
      },
      {
        "from": "gpt",
        "value": "Dolphin"
      }
    ]
  },
  {
    "id": "400077",
    "image": "downloaded_images/Animals/Dolphin/image_20241106_103359_5.jpg",
    "conversations": [
      {
        "from": "human",
        "value": "<image>\nWhat is the taxonomic family or order of this animal?"
      },
      {
        "from": "gpt",
        "value": "Dolphins belong to the family Delphinidae and are part of the order Cetacea."
      }
    ]
  },
  {
    "id": "400078",
    "image": "downloaded_images/Animals/Dolphin/image_20241106_103605_19.jpg",
    "conversations": [
      {
        "from": "human",
        "value": "<image>\nWhat is the taxonomic family or order of this animal?"
      },
      {
        "from": "gpt",
        "value": "Dolphins belong to the family Delphinidae and are part of the order Cetacea."
      }
    ]
  },
  {
    "id": "400079",
    "image": "downloaded_images/Animals/Dolphin/image_20241017_191144_9.jpg",
    "conversations": [
      {
        "from": "human",
        "value": "<image>\nWhat is the taxonomic family or order of this animal?"
      },
      {
        "from": "gpt",
        "value": "Dolphins belong to the family Delphinidae and are part of the order Cetacea."
      }
    ]
  },
  {
    "id": "400080",
    "image": "downloaded_images/Animals/Dolphin/image_20241106_103539_16.jpg",
    "conversations": [
      {
        "from": "human",
        "value": "<image>\nWhat is the taxonomic family or order of this animal?"
      },
      {
        "from": "gpt",
        "value": "Dolphins belong to the family Delphinidae and are part of the order Cetacea."
      }
    ]
  },
  {
    "id": "400081",
    "image": "downloaded_images/Animals/Dolphin/image_20241017_191057_4.jpg",
    "conversations": [
      {
        "from": "human",
        "value": "<image>\nWhat is the taxonomic family or order of this animal?"
      },
      {
        "from": "gpt",
        "value": "Dolphins belong to the family Delphinidae and are part of the order Cetacea."
      }
    ]
  },
  {
    "id": "400082",
    "image": "downloaded_images/Animals/Dolphin/image_20241017_191223_11.jpg",
    "conversations": [
      {
        "from": "human",
        "value": "<image>\nHow would you classify this animal's eating habits?"
      },
      {
        "from": "gpt",
        "value": "Dolphins are carnivores, primarily feeding on fish, squid, and crustaceans."
      }
    ]
  },
  {
    "id": "400083",
    "image": "downloaded_images/Animals/Dolphin/image_20241106_103447_10.jpg",
    "conversations": [
      {
        "from": "human",
        "value": "<image>\nHow would you classify this animal's eating habits?"
      },
      {
        "from": "gpt",
        "value": "Dolphins are carnivores, primarily feeding on fish, squid, and crustaceans."
      }
    ]
  },
  {
    "id": "400084",
    "image": "downloaded_images/Animals/Dolphin/image_20241106_103454_11.jpg",
    "conversations": [
      {
        "from": "human",
        "value": "<image>\nHow would you classify this animal's eating habits?"
      },
      {
        "from": "gpt",
        "value": "Dolphins are carnivores, primarily feeding on fish, squid, and crustaceans."
      }
    ]
  },
  {
    "id": "400085",
    "image": "downloaded_images/Animals/Dolphin/image_20241017_191350_19.jpg",
    "conversations": [
      {
        "from": "human",
        "value": "<image>\nHow would you classify this animal's eating habits?"
      },
      {
        "from": "gpt",
        "value": "Dolphins are carnivores, primarily feeding on fish, squid, and crustaceans."
      }
    ]
  },
  {
    "id": "400086",
    "image": "downloaded_images/Animals/Dolphin/image_20241017_191327_17.jpg",
    "conversations": [
      {
        "from": "human",
        "value": "<image>\nHow would you classify this animal's eating habits?"
      },
      {
        "from": "gpt",
        "value": "Dolphins are carnivores, primarily feeding on fish, squid, and crustaceans."
      }
    ]
  },
  {
    "id": "400087",
    "image": "downloaded_images/Animals/Dolphin/image_20241017_191047_3.jpg",
    "conversations": [
      {
        "from": "human",
        "value": "<image>\nWhere is this animal primarily found—regionally or globally?"
      },
      {
        "from": "gpt",
        "value": "Dolphins are found globally in oceans and seas, although some species inhabit specific regions, such as river dolphins which are found in freshwater rivers."
      }
    ]
  },
  {
    "id": "400088",
    "image": "downloaded_images/Animals/Dolphin/image_20241106_103438_9.jpg",
    "conversations": [
      {
        "from": "human",
        "value": "<image>\nWhere is this animal primarily found—regionally or globally?"
      },
      {
        "from": "gpt",
        "value": "Dolphins are found globally in oceans and seas, although some species inhabit specific regions, such as river dolphins which are found in freshwater rivers."
      }
    ]
  },
  {
    "id": "400089",
    "image": "downloaded_images/Animals/Dolphin/image_20241106_103707_26.jpg",
    "conversations": [
      {
        "from": "human",
        "value": "<image>\nWhere is this animal primarily found—regionally or globally?"
      },
      {
        "from": "gpt",
        "value": "Dolphins are found globally in oceans and seas, although some species inhabit specific regions, such as river dolphins which are found in freshwater rivers."
      }
    ]
  },
  {
    "id": "400090",
    "image": "downloaded_images/Animals/Dolphin/image_20241017_191057_4.jpg",
    "conversations": [
      {
        "from": "human",
        "value": "<image>\nWhere is this animal primarily found—regionally or globally?"
      },
      {
        "from": "gpt",
        "value": "Dolphins are found globally in oceans and seas, although some species inhabit specific regions, such as river dolphins which are found in freshwater rivers."
      }
    ]
  },
  {
    "id": "400091",
    "image": "downloaded_images/Animals/Dolphin/image_20241017_191341_18.jpg",
    "conversations": [
      {
        "from": "human",
        "value": "<image>\nWhere is this animal primarily found—regionally or globally?"
      },
      {
        "from": "gpt",
        "value": "Dolphins are found globally in oceans and seas, although some species inhabit specific regions, such as river dolphins which are found in freshwater rivers."
      }
    ]
  },
  {
    "id": "400092",
    "image": "downloaded_images/Animals/Dolphin/image_20241017_191057_4.jpg",
    "conversations": [
      {
        "from": "human",
        "value": "<image>\nWhat are the details of this animal's reproduction, such as mating behaviors and how long it is pregnant?"
      },
      {
        "from": "gpt",
        "value": "Dolphins typically engage in seasonal mating, and the gestation period for most species ranges from 10 to 12 months. After giving birth, mothers often nurse their calves for several months to a few years, depending on the species."
      }
    ]
  },
  {
    "id": "400093",
    "image": "downloaded_images/Animals/Dolphin/image_20241017_191144_9.jpg",
    "conversations": [
      {
        "from": "human",
        "value": "<image>\nWhat are the details of this animal's reproduction, such as mating behaviors and how long it is pregnant?"
      },
      {
        "from": "gpt",
        "value": "Dolphins typically engage in seasonal mating, and the gestation period for most species ranges from 10 to 12 months. After giving birth, mothers often nurse their calves for several months to a few years, depending on the species."
      }
    ]
  },
  {
    "id": "400094",
    "image": "downloaded_images/Animals/Dolphin/image_20241017_191022_1.jpg",
    "conversations": [
      {
        "from": "human",
        "value": "<image>\nWhat are the details of this animal's reproduction, such as mating behaviors and how long it is pregnant?"
      },
      {
        "from": "gpt",
        "value": "Dolphins typically engage in seasonal mating, and the gestation period for most species ranges from 10 to 12 months. After giving birth, mothers often nurse their calves for several months to a few years, depending on the species."
      }
    ]
  },
  {
    "id": "400095",
    "image": "downloaded_images/Animals/Dolphin/image_20241106_103522_14.jpg",
    "conversations": [
      {
        "from": "human",
        "value": "<image>\nWhat are the details of this animal's reproduction, such as mating behaviors and how long it is pregnant?"
      },
      {
        "from": "gpt",
        "value": "Dolphins typically engage in seasonal mating, and the gestation period for most species ranges from 10 to 12 months. After giving birth, mothers often nurse their calves for several months to a few years, depending on the species."
      }
    ]
  },
  {
    "id": "400096",
    "image": "downloaded_images/Animals/Dolphin/image_20241017_191034_2.jpg",
    "conversations": [
      {
        "from": "human",
        "value": "<image>\nWhat are the details of this animal's reproduction, such as mating behaviors and how long it is pregnant?"
      },
      {
        "from": "gpt",
        "value": "Dolphins typically engage in seasonal mating, and the gestation period for most species ranges from 10 to 12 months. After giving birth, mothers often nurse their calves for several months to a few years, depending on the species."
      }
    ]
  }
]