[
  {
    "id": "29",
    "image": "downloaded_images/Personage/Michael_Jackson/image_20241018_213158_1.jpg",
    "conversations": [
      {
        "from": "human",
        "value": "<image>\nWhat is this person's name?"
      },
      {
        "from": "gpt",
        "value": "Michael Jackson"
      }
    ]
  },
  {
    "id": "30",
    "image": "downloaded_images/Personage/Michael_Jackson/image_20241018_213255_7.jpg",
    "conversations": [
      {
        "from": "human",
        "value": "<image>\nWhen and where was this person born?"
      },
      {
        "from": "gpt",
        "value": "Michael Jackson was born on August 29, 1958, in Gary, Indiana, USA."
      }
    ]
  },
  {
    "id": "31",
    "image": "downloaded_images/Personage/Michael_Jackson/image_20241018_213238_5.jpg",
    "conversations": [
      {
        "from": "human",
        "value": "<image>\nWhat is this person's profession?"
      },
      {
        "from": "gpt",
        "value": "Michael Jackson was a singer, songwriter, and dancer, widely regarded as one of the greatest entertainers in the history of music."
      }
    ]
  },
  {
    "id": "32",
    "image": "downloaded_images/Personage/Michael_Jackson/image_20241018_213158_1.jpg",
    "conversations": [
      {
        "from": "human",
        "value": "<image>\nWhat are the famous works or achievements of this person?"
      },
      {
        "from": "gpt",
        "value": "Michael Jackson is known for numerous hit songs, including \"Thriller,\" \"Billie Jean,\" \"Beat It,\" and \"Smooth Criminal.\" His album \"Thriller\" remains the best-selling album of all time. He won numerous awards, including 13 Grammy Awards, and was inducted into the Rock and Roll Hall of Fame twice."
      }
    ]
  },
  {
    "id": "33",
    "image": "downloaded_images/Personage/Michael_Jackson/image_20241018_213238_5.jpg",
    "conversations": [
      {
        "from": "human",
        "value": "<image>\nWhat contributions has this person made to society or industry?"
      },
      {
        "from": "gpt",
        "value": "Michael Jackson significantly influenced the music industry with his innovative music videos, such as those for \"Thriller\" and \"Bad,\" which helped to elevate the art form. He broke racial barriers in music and television, particularly with his success on MTV. Additionally, he was known for his humanitarian efforts, supporting various charities and causes, including children's hospitals and HIV/AIDS research. His legacy continues to inspire artists across genres and generations."
      }
    ]
  },
  {
    "id": "34",
    "image": "downloaded_images/Personage/Michael_Jackson/image_20241018_213218_3.jpg",
    "conversations": [
      {
        "from": "human",
        "value": "<image>\nWhat is this person's name?"
      },
      {
        "from": "gpt",
        "value": "Michael Jackson"
      }
    ]
  },
  {
    "id": "35",
    "image": "downloaded_images/Personage/Michael_Jackson/image_20241107_172946_8.jpg",
    "conversations": [
      {
        "from": "human",
        "value": "<image>\nWhat is this person's name?"
      },
      {
        "from": "gpt",
        "value": "Michael Jackson"
      }
    ]
  },
  {
    "id": "36",
    "image": "downloaded_images/Personage/Michael_Jackson/image_20241018_213350_13.jpg",
    "conversations": [
      {
        "from": "human",
        "value": "<image>\nWhat is this person's name?"
      },
      {
        "from": "gpt",
        "value": "Michael Jackson"
      }
    ]
  },
  {
    "id": "37",
    "image": "downloaded_images/Personage/Michael_Jackson/image_20241107_172954_9.jpg",
    "conversations": [
      {
        "from": "human",
        "value": "<image>\nWhat is this person's name?"
      },
      {
        "from": "gpt",
        "value": "Michael Jackson"
      }
    ]
  },
  {
    "id": "38",
    "image": "downloaded_images/Personage/Michael_Jackson/image_20241107_173102_17.jpg",
    "conversations": [
      {
        "from": "human",
        "value": "<image>\nWhat is this person's name?"
      },
      {
        "from": "gpt",
        "value": "Michael Jackson"
      }
    ]
  },
  {
    "id": "39",
    "image": "downloaded_images/Personage/Michael_Jackson/image_20241018_213313_9.jpg",
    "conversations": [
      {
        "from": "human",
        "value": "<image>\nWhen and where was this person born?"
      },
      {
        "from": "gpt",
        "value": "Michael Jackson was born on August 29, 1958, in Gary, Indiana, USA."
      }
    ]
  },
  {
    "id": "40",
    "image": "downloaded_images/Personage/Michael_Jackson/image_20241107_173019_12.jpg",
    "conversations": [
      {
        "from": "human",
        "value": "<image>\nWhen and where was this person born?"
      },
      {
        "from": "gpt",
        "value": "Michael Jackson was born on August 29, 1958, in Gary, Indiana, USA."
      }
    ]
  },
  {
    "id": "41",
    "image": "downloaded_images/Personage/Michael_Jackson/image_20241107_173102_17.jpg",
    "conversations": [
      {
        "from": "human",
        "value": "<image>\nWhen and where was this person born?"
      },
      {
        "from": "gpt",
        "value": "Michael Jackson was born on August 29, 1958, in Gary, Indiana, USA."
      }
    ]
  },
  {
    "id": "42",
    "image": "downloaded_images/Personage/Michael_Jackson/image_20241018_213331_11.jpg",
    "conversations": [
      {
        "from": "human",
        "value": "<image>\nWhen and where was this person born?"
      },
      {
        "from": "gpt",
        "value": "Michael Jackson was born on August 29, 1958, in Gary, Indiana, USA."
      }
    ]
  },
  {
    "id": "43",
    "image": "downloaded_images/Personage/Michael_Jackson/image_20241107_172946_8.jpg",
    "conversations": [
      {
        "from": "human",
        "value": "<image>\nWhen and where was this person born?"
      },
      {
        "from": "gpt",
        "value": "Michael Jackson was born on August 29, 1958, in Gary, Indiana, USA."
      }
    ]
  },
  {
    "id": "44",
    "image": "downloaded_images/Personage/Michael_Jackson/image_20241018_213158_1.jpg",
    "conversations": [
      {
        "from": "human",
        "value": "<image>\nWhat is this person's profession?"
      },
      {
        "from": "gpt",
        "value": "Michael Jackson was a singer, songwriter, and dancer, widely regarded as one of the greatest entertainers in the history of music."
      }
    ]
  },
  {
    "id": "45",
    "image": "downloaded_images/Personage/Michael_Jackson/image_20241107_172911_4.jpg",
    "conversations": [
      {
        "from": "human",
        "value": "<image>\nWhat is this person's profession?"
      },
      {
        "from": "gpt",
        "value": "Michael Jackson was a singer, songwriter, and dancer, widely regarded as one of the greatest entertainers in the history of music."
      }
    ]
  },
  {
    "id": "46",
    "image": "downloaded_images/Personage/Michael_Jackson/image_20241107_172853_2.jpg",
    "conversations": [
      {
        "from": "human",
        "value": "<image>\nWhat is this person's profession?"
      },
      {
        "from": "gpt",
        "value": "Michael Jackson was a singer, songwriter, and dancer, widely regarded as one of the greatest entertainers in the history of music."
      }
    ]
  },
  {
    "id": "47",
    "image": "downloaded_images/Personage/Michael_Jackson/image_20241107_172843_1.jpg",
    "conversations": [
      {
        "from": "human",
        "value": "<image>\nWhat is this person's profession?"
      },
      {
        "from": "gpt",
        "value": "Michael Jackson was a singer, songwriter, and dancer, widely regarded as one of the greatest entertainers in the history of music."
      }
    ]
  },
  {
    "id": "48",
    "image": "downloaded_images/Personage/Michael_Jackson/image_20241107_172946_8.jpg",
    "conversations": [
      {
        "from": "human",
        "value": "<image>\nWhat is this person's profession?"
      },
      {
        "from": "gpt",
        "value": "Michael Jackson was a singer, songwriter, and dancer, widely regarded as one of the greatest entertainers in the history of music."
      }
    ]
  },
  {
    "id": "49",
    "image": "downloaded_images/Personage/Michael_Jackson/image_20241018_213255_7.jpg",
    "conversations": [
      {
        "from": "human",
        "value": "<image>\nWhat are the famous works or achievements of this person?"
      },
      {
        "from": "gpt",
        "value": "Michael Jackson is known for numerous hit songs, including \"Thriller,\" \"Billie Jean,\" \"Beat It,\" and \"Smooth Criminal.\" His album \"Thriller\" remains the best-selling album of all time. He won numerous awards, including 13 Grammy Awards, and was inducted into the Rock and Roll Hall of Fame twice."
      }
    ]
  },
  {
    "id": "50",
    "image": "downloaded_images/Personage/Michael_Jackson/image_20241018_213238_5.jpg",
    "conversations": [
      {
        "from": "human",
        "value": "<image>\nWhat are the famous works or achievements of this person?"
      },
      {
        "from": "gpt",
        "value": "Michael Jackson is known for numerous hit songs, including \"Thriller,\" \"Billie Jean,\" \"Beat It,\" and \"Smooth Criminal.\" His album \"Thriller\" remains the best-selling album of all time. He won numerous awards, including 13 Grammy Awards, and was inducted into the Rock and Roll Hall of Fame twice."
      }
    ]
  },
  {
    "id": "51",
    "image": "downloaded_images/Personage/Michael_Jackson/image_20241107_172901_3.jpg",
    "conversations": [
      {
        "from": "human",
        "value": "<image>\nWhat are the famous works or achievements of this person?"
      },
      {
        "from": "gpt",
        "value": "Michael Jackson is known for numerous hit songs, including \"Thriller,\" \"Billie Jean,\" \"Beat It,\" and \"Smooth Criminal.\" His album \"Thriller\" remains the best-selling album of all time. He won numerous awards, including 13 Grammy Awards, and was inducted into the Rock and Roll Hall of Fame twice."
      }
    ]
  },
  {
    "id": "52",
    "image": "downloaded_images/Personage/Michael_Jackson/image_20241107_173235_28.jpg",
    "conversations": [
      {
        "from": "human",
        "value": "<image>\nWhat are the famous works or achievements of this person?"
      },
      {
        "from": "gpt",
        "value": "Michael Jackson is known for numerous hit songs, including \"Thriller,\" \"Billie Jean,\" \"Beat It,\" and \"Smooth Criminal.\" His album \"Thriller\" remains the best-selling album of all time. He won numerous awards, including 13 Grammy Awards, and was inducted into the Rock and Roll Hall of Fame twice."
      }
    ]
  },
  {
    "id": "53",
    "image": "downloaded_images/Personage/Michael_Jackson/image_20241107_173243_29.jpg",
    "conversations": [
      {
        "from": "human",
        "value": "<image>\nWhat are the famous works or achievements of this person?"
      },
      {
        "from": "gpt",
        "value": "Michael Jackson is known for numerous hit songs, including \"Thriller,\" \"Billie Jean,\" \"Beat It,\" and \"Smooth Criminal.\" His album \"Thriller\" remains the best-selling album of all time. He won numerous awards, including 13 Grammy Awards, and was inducted into the Rock and Roll Hall of Fame twice."
      }
    ]
  },
  {
    "id": "54",
    "image": "downloaded_images/Personage/Michael_Jackson/image_20241107_172853_2.jpg",
    "conversations": [
      {
        "from": "human",
        "value": "<image>\nWhat contributions has this person made to society or industry?"
      },
      {
        "from": "gpt",
        "value": "Michael Jackson significantly influenced the music industry with his innovative music videos, such as those for \"Thriller\" and \"Bad,\" which helped to elevate the art form. He broke racial barriers in music and television, particularly with his success on MTV. Additionally, he was known for his humanitarian efforts, supporting various charities and causes, including children's hospitals and HIV/AIDS research. His legacy continues to inspire artists across genres and generations."
      }
    ]
  },
  {
    "id": "55",
    "image": "downloaded_images/Personage/Michael_Jackson/image_20241107_173019_12.jpg",
    "conversations": [
      {
        "from": "human",
        "value": "<image>\nWhat contributions has this person made to society or industry?"
      },
      {
        "from": "gpt",
        "value": "Michael Jackson significantly influenced the music industry with his innovative music videos, such as those for \"Thriller\" and \"Bad,\" which helped to elevate the art form. He broke racial barriers in music and television, particularly with his success on MTV. Additionally, he was known for his humanitarian efforts, supporting various charities and causes, including children's hospitals and HIV/AIDS research. His legacy continues to inspire artists across genres and generations."
      }
    ]
  },
  {
    "id": "56",
    "image": "downloaded_images/Personage/Michael_Jackson/image_20241107_173053_16.jpg",
    "conversations": [
      {
        "from": "human",
        "value": "<image>\nWhat contributions has this person made to society or industry?"
      },
      {
        "from": "gpt",
        "value": "Michael Jackson significantly influenced the music industry with his innovative music videos, such as those for \"Thriller\" and \"Bad,\" which helped to elevate the art form. He broke racial barriers in music and television, particularly with his success on MTV. Additionally, he was known for his humanitarian efforts, supporting various charities and causes, including children's hospitals and HIV/AIDS research. His legacy continues to inspire artists across genres and generations."
      }
    ]
  },
  {
    "id": "57",
    "image": "downloaded_images/Personage/Michael_Jackson/image_20241107_172928_6.jpg",
    "conversations": [
      {
        "from": "human",
        "value": "<image>\nWhat contributions has this person made to society or industry?"
      },
      {
        "from": "gpt",
        "value": "Michael Jackson significantly influenced the music industry with his innovative music videos, such as those for \"Thriller\" and \"Bad,\" which helped to elevate the art form. He broke racial barriers in music and television, particularly with his success on MTV. Additionally, he was known for his humanitarian efforts, supporting various charities and causes, including children's hospitals and HIV/AIDS research. His legacy continues to inspire artists across genres and generations."
      }
    ]
  },
  {
    "id": "58",
    "image": "downloaded_images/Personage/Michael_Jackson/image_20241107_173010_11.jpg",
    "conversations": [
      {
        "from": "human",
        "value": "<image>\nWhat contributions has this person made to society or industry?"
      },
      {
        "from": "gpt",
        "value": "Michael Jackson significantly influenced the music industry with his innovative music videos, such as those for \"Thriller\" and \"Bad,\" which helped to elevate the art form. He broke racial barriers in music and television, particularly with his success on MTV. Additionally, he was known for his humanitarian efforts, supporting various charities and causes, including children's hospitals and HIV/AIDS research. His legacy continues to inspire artists across genres and generations."
      }
    ]
  },
  {
    "id": "100029",
    "image": "downloaded_images/Personage/Michael_Jackson/image_20241018_213158_1.jpg",
    "conversations": [
      {
        "from": "human",
        "value": "<image>\nWhat is the name of this individual?"
      },
      {
        "from": "gpt",
        "value": "Michael Jackson"
      }
    ]
  },
  {
    "id": "100030",
    "image": "downloaded_images/Personage/Michael_Jackson/image_20241018_213255_7.jpg",
    "conversations": [
      {
        "from": "human",
        "value": "<image>\nWhen and where was this individual born?"
      },
      {
        "from": "gpt",
        "value": "Michael Jackson was born on August 29, 1958, in Gary, Indiana, USA."
      }
    ]
  },
  {
    "id": "100031",
    "image": "downloaded_images/Personage/Michael_Jackson/image_20241018_213238_5.jpg",
    "conversations": [
      {
        "from": "human",
        "value": "<image>\nWhat is this individual's occupation?"
      },
      {
        "from": "gpt",
        "value": "Michael Jackson was a singer, songwriter, and dancer, widely regarded as one of the greatest entertainers in the history of music."
      }
    ]
  },
  {
    "id": "100032",
    "image": "downloaded_images/Personage/Michael_Jackson/image_20241018_213158_1.jpg",
    "conversations": [
      {
        "from": "human",
        "value": "<image>\nWhat are this person's notable works or achievements?"
      },
      {
        "from": "gpt",
        "value": "Michael Jackson is known for numerous hit songs, including \"Thriller,\" \"Billie Jean,\" \"Beat It,\" and \"Smooth Criminal.\" His album \"Thriller\" remains the best-selling album of all time. He won numerous awards, including 13 Grammy Awards, and was inducted into the Rock and Roll Hall of Fame twice."
      }
    ]
  },
  {
    "id": "100033",
    "image": "downloaded_images/Personage/Michael_Jackson/image_20241018_213238_5.jpg",
    "conversations": [
      {
        "from": "human",
        "value": "<image>\nHow has this person contributed to society or their industry?"
      },
      {
        "from": "gpt",
        "value": "Michael Jackson significantly influenced the music industry with his innovative music videos, such as those for \"Thriller\" and \"Bad,\" which helped to elevate the art form. He broke racial barriers in music and television, particularly with his success on MTV. Additionally, he was known for his humanitarian efforts, supporting various charities and causes, including children's hospitals and HIV/AIDS research. His legacy continues to inspire artists across genres and generations."
      }
    ]
  },
  {
    "id": "100034",
    "image": "downloaded_images/Personage/Michael_Jackson/image_20241018_213218_3.jpg",
    "conversations": [
      {
        "from": "human",
        "value": "<image>\nWhat is the name of this individual?"
      },
      {
        "from": "gpt",
        "value": "Michael Jackson"
      }
    ]
  },
  {
    "id": "100035",
    "image": "downloaded_images/Personage/Michael_Jackson/image_20241107_172946_8.jpg",
    "conversations": [
      {
        "from": "human",
        "value": "<image>\nWhat is the name of this individual?"
      },
      {
        "from": "gpt",
        "value": "Michael Jackson"
      }
    ]
  },
  {
    "id": "100036",
    "image": "downloaded_images/Personage/Michael_Jackson/image_20241018_213350_13.jpg",
    "conversations": [
      {
        "from": "human",
        "value": "<image>\nWhat is the name of this individual?"
      },
      {
        "from": "gpt",
        "value": "Michael Jackson"
      }
    ]
  },
  {
    "id": "100037",
    "image": "downloaded_images/Personage/Michael_Jackson/image_20241107_172954_9.jpg",
    "conversations": [
      {
        "from": "human",
        "value": "<image>\nWhat is the name of this individual?"
      },
      {
        "from": "gpt",
        "value": "Michael Jackson"
      }
    ]
  },
  {
    "id": "100038",
    "image": "downloaded_images/Personage/Michael_Jackson/image_20241107_173102_17.jpg",
    "conversations": [
      {
        "from": "human",
        "value": "<image>\nWhat is the name of this individual?"
      },
      {
        "from": "gpt",
        "value": "Michael Jackson"
      }
    ]
  },
  {
    "id": "100039",
    "image": "downloaded_images/Personage/Michael_Jackson/image_20241018_213313_9.jpg",
    "conversations": [
      {
        "from": "human",
        "value": "<image>\nWhen and where was this individual born?"
      },
      {
        "from": "gpt",
        "value": "Michael Jackson was born on August 29, 1958, in Gary, Indiana, USA."
      }
    ]
  },
  {
    "id": "100040",
    "image": "downloaded_images/Personage/Michael_Jackson/image_20241107_173019_12.jpg",
    "conversations": [
      {
        "from": "human",
        "value": "<image>\nWhen and where was this individual born?"
      },
      {
        "from": "gpt",
        "value": "Michael Jackson was born on August 29, 1958, in Gary, Indiana, USA."
      }
    ]
  },
  {
    "id": "100041",
    "image": "downloaded_images/Personage/Michael_Jackson/image_20241107_173102_17.jpg",
    "conversations": [
      {
        "from": "human",
        "value": "<image>\nWhen and where was this individual born?"
      },
      {
        "from": "gpt",
        "value": "Michael Jackson was born on August 29, 1958, in Gary, Indiana, USA."
      }
    ]
  },
  {
    "id": "100042",
    "image": "downloaded_images/Personage/Michael_Jackson/image_20241018_213331_11.jpg",
    "conversations": [
      {
        "from": "human",
        "value": "<image>\nWhen and where was this individual born?"
      },
      {
        "from": "gpt",
        "value": "Michael Jackson was born on August 29, 1958, in Gary, Indiana, USA."
      }
    ]
  },
  {
    "id": "100043",
    "image": "downloaded_images/Personage/Michael_Jackson/image_20241107_172946_8.jpg",
    "conversations": [
      {
        "from": "human",
        "value": "<image>\nWhen and where was this individual born?"
      },
      {
        "from": "gpt",
        "value": "Michael Jackson was born on August 29, 1958, in Gary, Indiana, USA."
      }
    ]
  },
  {
    "id": "100044",
    "image": "downloaded_images/Personage/Michael_Jackson/image_20241018_213158_1.jpg",
    "conversations": [
      {
        "from": "human",
        "value": "<image>\nWhat is this individual's occupation?"
      },
      {
        "from": "gpt",
        "value": "Michael Jackson was a singer, songwriter, and dancer, widely regarded as one of the greatest entertainers in the history of music."
      }
    ]
  },
  {
    "id": "100045",
    "image": "downloaded_images/Personage/Michael_Jackson/image_20241107_172911_4.jpg",
    "conversations": [
      {
        "from": "human",
        "value": "<image>\nWhat is this individual's occupation?"
      },
      {
        "from": "gpt",
        "value": "Michael Jackson was a singer, songwriter, and dancer, widely regarded as one of the greatest entertainers in the history of music."
      }
    ]
  },
  {
    "id": "100046",
    "image": "downloaded_images/Personage/Michael_Jackson/image_20241107_172853_2.jpg",
    "conversations": [
      {
        "from": "human",
        "value": "<image>\nWhat is this individual's occupation?"
      },
      {
        "from": "gpt",
        "value": "Michael Jackson was a singer, songwriter, and dancer, widely regarded as one of the greatest entertainers in the history of music."
      }
    ]
  },
  {
    "id": "100047",
    "image": "downloaded_images/Personage/Michael_Jackson/image_20241107_172843_1.jpg",
    "conversations": [
      {
        "from": "human",
        "value": "<image>\nWhat is this individual's occupation?"
      },
      {
        "from": "gpt",
        "value": "Michael Jackson was a singer, songwriter, and dancer, widely regarded as one of the greatest entertainers in the history of music."
      }
    ]
  },
  {
    "id": "100048",
    "image": "downloaded_images/Personage/Michael_Jackson/image_20241107_172946_8.jpg",
    "conversations": [
      {
        "from": "human",
        "value": "<image>\nWhat is this individual's occupation?"
      },
      {
        "from": "gpt",
        "value": "Michael Jackson was a singer, songwriter, and dancer, widely regarded as one of the greatest entertainers in the history of music."
      }
    ]
  },
  {
    "id": "100049",
    "image": "downloaded_images/Personage/Michael_Jackson/image_20241018_213255_7.jpg",
    "conversations": [
      {
        "from": "human",
        "value": "<image>\nWhat are this person's notable works or achievements?"
      },
      {
        "from": "gpt",
        "value": "Michael Jackson is known for numerous hit songs, including \"Thriller,\" \"Billie Jean,\" \"Beat It,\" and \"Smooth Criminal.\" His album \"Thriller\" remains the best-selling album of all time. He won numerous awards, including 13 Grammy Awards, and was inducted into the Rock and Roll Hall of Fame twice."
      }
    ]
  },
  {
    "id": "100050",
    "image": "downloaded_images/Personage/Michael_Jackson/image_20241018_213238_5.jpg",
    "conversations": [
      {
        "from": "human",
        "value": "<image>\nWhat are this person's notable works or achievements?"
      },
      {
        "from": "gpt",
        "value": "Michael Jackson is known for numerous hit songs, including \"Thriller,\" \"Billie Jean,\" \"Beat It,\" and \"Smooth Criminal.\" His album \"Thriller\" remains the best-selling album of all time. He won numerous awards, including 13 Grammy Awards, and was inducted into the Rock and Roll Hall of Fame twice."
      }
    ]
  },
  {
    "id": "100051",
    "image": "downloaded_images/Personage/Michael_Jackson/image_20241107_172901_3.jpg",
    "conversations": [
      {
        "from": "human",
        "value": "<image>\nWhat are this person's notable works or achievements?"
      },
      {
        "from": "gpt",
        "value": "Michael Jackson is known for numerous hit songs, including \"Thriller,\" \"Billie Jean,\" \"Beat It,\" and \"Smooth Criminal.\" His album \"Thriller\" remains the best-selling album of all time. He won numerous awards, including 13 Grammy Awards, and was inducted into the Rock and Roll Hall of Fame twice."
      }
    ]
  },
  {
    "id": "100052",
    "image": "downloaded_images/Personage/Michael_Jackson/image_20241107_173235_28.jpg",
    "conversations": [
      {
        "from": "human",
        "value": "<image>\nWhat are this person's notable works or achievements?"
      },
      {
        "from": "gpt",
        "value": "Michael Jackson is known for numerous hit songs, including \"Thriller,\" \"Billie Jean,\" \"Beat It,\" and \"Smooth Criminal.\" His album \"Thriller\" remains the best-selling album of all time. He won numerous awards, including 13 Grammy Awards, and was inducted into the Rock and Roll Hall of Fame twice."
      }
    ]
  },
  {
    "id": "100053",
    "image": "downloaded_images/Personage/Michael_Jackson/image_20241107_173243_29.jpg",
    "conversations": [
      {
        "from": "human",
        "value": "<image>\nWhat are this person's notable works or achievements?"
      },
      {
        "from": "gpt",
        "value": "Michael Jackson is known for numerous hit songs, including \"Thriller,\" \"Billie Jean,\" \"Beat It,\" and \"Smooth Criminal.\" His album \"Thriller\" remains the best-selling album of all time. He won numerous awards, including 13 Grammy Awards, and was inducted into the Rock and Roll Hall of Fame twice."
      }
    ]
  },
  {
    "id": "100054",
    "image": "downloaded_images/Personage/Michael_Jackson/image_20241107_172853_2.jpg",
    "conversations": [
      {
        "from": "human",
        "value": "<image>\nHow has this person contributed to society or their industry?"
      },
      {
        "from": "gpt",
        "value": "Michael Jackson significantly influenced the music industry with his innovative music videos, such as those for \"Thriller\" and \"Bad,\" which helped to elevate the art form. He broke racial barriers in music and television, particularly with his success on MTV. Additionally, he was known for his humanitarian efforts, supporting various charities and causes, including children's hospitals and HIV/AIDS research. His legacy continues to inspire artists across genres and generations."
      }
    ]
  },
  {
    "id": "100055",
    "image": "downloaded_images/Personage/Michael_Jackson/image_20241107_173019_12.jpg",
    "conversations": [
      {
        "from": "human",
        "value": "<image>\nHow has this person contributed to society or their industry?"
      },
      {
        "from": "gpt",
        "value": "Michael Jackson significantly influenced the music industry with his innovative music videos, such as those for \"Thriller\" and \"Bad,\" which helped to elevate the art form. He broke racial barriers in music and television, particularly with his success on MTV. Additionally, he was known for his humanitarian efforts, supporting various charities and causes, including children's hospitals and HIV/AIDS research. His legacy continues to inspire artists across genres and generations."
      }
    ]
  },
  {
    "id": "100056",
    "image": "downloaded_images/Personage/Michael_Jackson/image_20241107_173053_16.jpg",
    "conversations": [
      {
        "from": "human",
        "value": "<image>\nHow has this person contributed to society or their industry?"
      },
      {
        "from": "gpt",
        "value": "Michael Jackson significantly influenced the music industry with his innovative music videos, such as those for \"Thriller\" and \"Bad,\" which helped to elevate the art form. He broke racial barriers in music and television, particularly with his success on MTV. Additionally, he was known for his humanitarian efforts, supporting various charities and causes, including children's hospitals and HIV/AIDS research. His legacy continues to inspire artists across genres and generations."
      }
    ]
  },
  {
    "id": "100057",
    "image": "downloaded_images/Personage/Michael_Jackson/image_20241107_172928_6.jpg",
    "conversations": [
      {
        "from": "human",
        "value": "<image>\nHow has this person contributed to society or their industry?"
      },
      {
        "from": "gpt",
        "value": "Michael Jackson significantly influenced the music industry with his innovative music videos, such as those for \"Thriller\" and \"Bad,\" which helped to elevate the art form. He broke racial barriers in music and television, particularly with his success on MTV. Additionally, he was known for his humanitarian efforts, supporting various charities and causes, including children's hospitals and HIV/AIDS research. His legacy continues to inspire artists across genres and generations."
      }
    ]
  },
  {
    "id": "100058",
    "image": "downloaded_images/Personage/Michael_Jackson/image_20241107_173010_11.jpg",
    "conversations": [
      {
        "from": "human",
        "value": "<image>\nHow has this person contributed to society or their industry?"
      },
      {
        "from": "gpt",
        "value": "Michael Jackson significantly influenced the music industry with his innovative music videos, such as those for \"Thriller\" and \"Bad,\" which helped to elevate the art form. He broke racial barriers in music and television, particularly with his success on MTV. Additionally, he was known for his humanitarian efforts, supporting various charities and causes, including children's hospitals and HIV/AIDS research. His legacy continues to inspire artists across genres and generations."
      }
    ]
  },
  {
    "id": "200029",
    "image": "downloaded_images/Personage/Michael_Jackson/image_20241018_213158_1.jpg",
    "conversations": [
      {
        "from": "human",
        "value": "<image>\nHow is this person called?"
      },
      {
        "from": "gpt",
        "value": "Michael Jackson"
      }
    ]
  },
  {
    "id": "200030",
    "image": "downloaded_images/Personage/Michael_Jackson/image_20241018_213255_7.jpg",
    "conversations": [
      {
        "from": "human",
        "value": "<image>\nWhat is the birthdate and birthplace of this individual?"
      },
      {
        "from": "gpt",
        "value": "Michael Jackson was born on August 29, 1958, in Gary, Indiana, USA."
      }
    ]
  },
  {
    "id": "200031",
    "image": "downloaded_images/Personage/Michael_Jackson/image_20241018_213238_5.jpg",
    "conversations": [
      {
        "from": "human",
        "value": "<image>\nWhat profession does this person hold?"
      },
      {
        "from": "gpt",
        "value": "Michael Jackson was a singer, songwriter, and dancer, widely regarded as one of the greatest entertainers in the history of music."
      }
    ]
  },
  {
    "id": "200032",
    "image": "downloaded_images/Personage/Michael_Jackson/image_20241018_213158_1.jpg",
    "conversations": [
      {
        "from": "human",
        "value": "<image>\nWhat are the key accomplishments of this individual?"
      },
      {
        "from": "gpt",
        "value": "Michael Jackson is known for numerous hit songs, including \"Thriller,\" \"Billie Jean,\" \"Beat It,\" and \"Smooth Criminal.\" His album \"Thriller\" remains the best-selling album of all time. He won numerous awards, including 13 Grammy Awards, and was inducted into the Rock and Roll Hall of Fame twice."
      }
    ]
  },
  {
    "id": "200033",
    "image": "downloaded_images/Personage/Michael_Jackson/image_20241018_213238_5.jpg",
    "conversations": [
      {
        "from": "human",
        "value": "<image>\nWhat impact has this individual made in their field or community?"
      },
      {
        "from": "gpt",
        "value": "Michael Jackson significantly influenced the music industry with his innovative music videos, such as those for \"Thriller\" and \"Bad,\" which helped to elevate the art form. He broke racial barriers in music and television, particularly with his success on MTV. Additionally, he was known for his humanitarian efforts, supporting various charities and causes, including children's hospitals and HIV/AIDS research. His legacy continues to inspire artists across genres and generations."
      }
    ]
  },
  {
    "id": "200034",
    "image": "downloaded_images/Personage/Michael_Jackson/image_20241018_213218_3.jpg",
    "conversations": [
      {
        "from": "human",
        "value": "<image>\nHow is this person called?"
      },
      {
        "from": "gpt",
        "value": "Michael Jackson"
      }
    ]
  },
  {
    "id": "200035",
    "image": "downloaded_images/Personage/Michael_Jackson/image_20241107_172946_8.jpg",
    "conversations": [
      {
        "from": "human",
        "value": "<image>\nHow is this person called?"
      },
      {
        "from": "gpt",
        "value": "Michael Jackson"
      }
    ]
  },
  {
    "id": "200036",
    "image": "downloaded_images/Personage/Michael_Jackson/image_20241018_213350_13.jpg",
    "conversations": [
      {
        "from": "human",
        "value": "<image>\nHow is this person called?"
      },
      {
        "from": "gpt",
        "value": "Michael Jackson"
      }
    ]
  },
  {
    "id": "200037",
    "image": "downloaded_images/Personage/Michael_Jackson/image_20241107_172954_9.jpg",
    "conversations": [
      {
        "from": "human",
        "value": "<image>\nHow is this person called?"
      },
      {
        "from": "gpt",
        "value": "Michael Jackson"
      }
    ]
  },
  {
    "id": "200038",
    "image": "downloaded_images/Personage/Michael_Jackson/image_20241107_173102_17.jpg",
    "conversations": [
      {
        "from": "human",
        "value": "<image>\nHow is this person called?"
      },
      {
        "from": "gpt",
        "value": "Michael Jackson"
      }
    ]
  },
  {
    "id": "200039",
    "image": "downloaded_images/Personage/Michael_Jackson/image_20241018_213313_9.jpg",
    "conversations": [
      {
        "from": "human",
        "value": "<image>\nWhat is the birthdate and birthplace of this individual?"
      },
      {
        "from": "gpt",
        "value": "Michael Jackson was born on August 29, 1958, in Gary, Indiana, USA."
      }
    ]
  },
  {
    "id": "200040",
    "image": "downloaded_images/Personage/Michael_Jackson/image_20241107_173019_12.jpg",
    "conversations": [
      {
        "from": "human",
        "value": "<image>\nWhat is the birthdate and birthplace of this individual?"
      },
      {
        "from": "gpt",
        "value": "Michael Jackson was born on August 29, 1958, in Gary, Indiana, USA."
      }
    ]
  },
  {
    "id": "200041",
    "image": "downloaded_images/Personage/Michael_Jackson/image_20241107_173102_17.jpg",
    "conversations": [
      {
        "from": "human",
        "value": "<image>\nWhat is the birthdate and birthplace of this individual?"
      },
      {
        "from": "gpt",
        "value": "Michael Jackson was born on August 29, 1958, in Gary, Indiana, USA."
      }
    ]
  },
  {
    "id": "200042",
    "image": "downloaded_images/Personage/Michael_Jackson/image_20241018_213331_11.jpg",
    "conversations": [
      {
        "from": "human",
        "value": "<image>\nWhat is the birthdate and birthplace of this individual?"
      },
      {
        "from": "gpt",
        "value": "Michael Jackson was born on August 29, 1958, in Gary, Indiana, USA."
      }
    ]
  },
  {
    "id": "200043",
    "image": "downloaded_images/Personage/Michael_Jackson/image_20241107_172946_8.jpg",
    "conversations": [
      {
        "from": "human",
        "value": "<image>\nWhat is the birthdate and birthplace of this individual?"
      },
      {
        "from": "gpt",
        "value": "Michael Jackson was born on August 29, 1958, in Gary, Indiana, USA."
      }
    ]
  },
  {
    "id": "200044",
    "image": "downloaded_images/Personage/Michael_Jackson/image_20241018_213158_1.jpg",
    "conversations": [
      {
        "from": "human",
        "value": "<image>\nWhat profession does this person hold?"
      },
      {
        "from": "gpt",
        "value": "Michael Jackson was a singer, songwriter, and dancer, widely regarded as one of the greatest entertainers in the history of music."
      }
    ]
  },
  {
    "id": "200045",
    "image": "downloaded_images/Personage/Michael_Jackson/image_20241107_172911_4.jpg",
    "conversations": [
      {
        "from": "human",
        "value": "<image>\nWhat profession does this person hold?"
      },
      {
        "from": "gpt",
        "value": "Michael Jackson was a singer, songwriter, and dancer, widely regarded as one of the greatest entertainers in the history of music."
      }
    ]
  },
  {
    "id": "200046",
    "image": "downloaded_images/Personage/Michael_Jackson/image_20241107_172853_2.jpg",
    "conversations": [
      {
        "from": "human",
        "value": "<image>\nWhat profession does this person hold?"
      },
      {
        "from": "gpt",
        "value": "Michael Jackson was a singer, songwriter, and dancer, widely regarded as one of the greatest entertainers in the history of music."
      }
    ]
  },
  {
    "id": "200047",
    "image": "downloaded_images/Personage/Michael_Jackson/image_20241107_172843_1.jpg",
    "conversations": [
      {
        "from": "human",
        "value": "<image>\nWhat profession does this person hold?"
      },
      {
        "from": "gpt",
        "value": "Michael Jackson was a singer, songwriter, and dancer, widely regarded as one of the greatest entertainers in the history of music."
      }
    ]
  },
  {
    "id": "200048",
    "image": "downloaded_images/Personage/Michael_Jackson/image_20241107_172946_8.jpg",
    "conversations": [
      {
        "from": "human",
        "value": "<image>\nWhat profession does this person hold?"
      },
      {
        "from": "gpt",
        "value": "Michael Jackson was a singer, songwriter, and dancer, widely regarded as one of the greatest entertainers in the history of music."
      }
    ]
  },
  {
    "id": "200049",
    "image": "downloaded_images/Personage/Michael_Jackson/image_20241018_213255_7.jpg",
    "conversations": [
      {
        "from": "human",
        "value": "<image>\nWhat are the key accomplishments of this individual?"
      },
      {
        "from": "gpt",
        "value": "Michael Jackson is known for numerous hit songs, including \"Thriller,\" \"Billie Jean,\" \"Beat It,\" and \"Smooth Criminal.\" His album \"Thriller\" remains the best-selling album of all time. He won numerous awards, including 13 Grammy Awards, and was inducted into the Rock and Roll Hall of Fame twice."
      }
    ]
  },
  {
    "id": "200050",
    "image": "downloaded_images/Personage/Michael_Jackson/image_20241018_213238_5.jpg",
    "conversations": [
      {
        "from": "human",
        "value": "<image>\nWhat are the key accomplishments of this individual?"
      },
      {
        "from": "gpt",
        "value": "Michael Jackson is known for numerous hit songs, including \"Thriller,\" \"Billie Jean,\" \"Beat It,\" and \"Smooth Criminal.\" His album \"Thriller\" remains the best-selling album of all time. He won numerous awards, including 13 Grammy Awards, and was inducted into the Rock and Roll Hall of Fame twice."
      }
    ]
  },
  {
    "id": "200051",
    "image": "downloaded_images/Personage/Michael_Jackson/image_20241107_172901_3.jpg",
    "conversations": [
      {
        "from": "human",
        "value": "<image>\nWhat are the key accomplishments of this individual?"
      },
      {
        "from": "gpt",
        "value": "Michael Jackson is known for numerous hit songs, including \"Thriller,\" \"Billie Jean,\" \"Beat It,\" and \"Smooth Criminal.\" His album \"Thriller\" remains the best-selling album of all time. He won numerous awards, including 13 Grammy Awards, and was inducted into the Rock and Roll Hall of Fame twice."
      }
    ]
  },
  {
    "id": "200052",
    "image": "downloaded_images/Personage/Michael_Jackson/image_20241107_173235_28.jpg",
    "conversations": [
      {
        "from": "human",
        "value": "<image>\nWhat are the key accomplishments of this individual?"
      },
      {
        "from": "gpt",
        "value": "Michael Jackson is known for numerous hit songs, including \"Thriller,\" \"Billie Jean,\" \"Beat It,\" and \"Smooth Criminal.\" His album \"Thriller\" remains the best-selling album of all time. He won numerous awards, including 13 Grammy Awards, and was inducted into the Rock and Roll Hall of Fame twice."
      }
    ]
  },
  {
    "id": "200053",
    "image": "downloaded_images/Personage/Michael_Jackson/image_20241107_173243_29.jpg",
    "conversations": [
      {
        "from": "human",
        "value": "<image>\nWhat are the key accomplishments of this individual?"
      },
      {
        "from": "gpt",
        "value": "Michael Jackson is known for numerous hit songs, including \"Thriller,\" \"Billie Jean,\" \"Beat It,\" and \"Smooth Criminal.\" His album \"Thriller\" remains the best-selling album of all time. He won numerous awards, including 13 Grammy Awards, and was inducted into the Rock and Roll Hall of Fame twice."
      }
    ]
  },
  {
    "id": "200054",
    "image": "downloaded_images/Personage/Michael_Jackson/image_20241107_172853_2.jpg",
    "conversations": [
      {
        "from": "human",
        "value": "<image>\nWhat impact has this individual made in their field or community?"
      },
      {
        "from": "gpt",
        "value": "Michael Jackson significantly influenced the music industry with his innovative music videos, such as those for \"Thriller\" and \"Bad,\" which helped to elevate the art form. He broke racial barriers in music and television, particularly with his success on MTV. Additionally, he was known for his humanitarian efforts, supporting various charities and causes, including children's hospitals and HIV/AIDS research. His legacy continues to inspire artists across genres and generations."
      }
    ]
  },
  {
    "id": "200055",
    "image": "downloaded_images/Personage/Michael_Jackson/image_20241107_173019_12.jpg",
    "conversations": [
      {
        "from": "human",
        "value": "<image>\nWhat impact has this individual made in their field or community?"
      },
      {
        "from": "gpt",
        "value": "Michael Jackson significantly influenced the music industry with his innovative music videos, such as those for \"Thriller\" and \"Bad,\" which helped to elevate the art form. He broke racial barriers in music and television, particularly with his success on MTV. Additionally, he was known for his humanitarian efforts, supporting various charities and causes, including children's hospitals and HIV/AIDS research. His legacy continues to inspire artists across genres and generations."
      }
    ]
  },
  {
    "id": "200056",
    "image": "downloaded_images/Personage/Michael_Jackson/image_20241107_173053_16.jpg",
    "conversations": [
      {
        "from": "human",
        "value": "<image>\nWhat impact has this individual made in their field or community?"
      },
      {
        "from": "gpt",
        "value": "Michael Jackson significantly influenced the music industry with his innovative music videos, such as those for \"Thriller\" and \"Bad,\" which helped to elevate the art form. He broke racial barriers in music and television, particularly with his success on MTV. Additionally, he was known for his humanitarian efforts, supporting various charities and causes, including children's hospitals and HIV/AIDS research. His legacy continues to inspire artists across genres and generations."
      }
    ]
  },
  {
    "id": "200057",
    "image": "downloaded_images/Personage/Michael_Jackson/image_20241107_172928_6.jpg",
    "conversations": [
      {
        "from": "human",
        "value": "<image>\nWhat impact has this individual made in their field or community?"
      },
      {
        "from": "gpt",
        "value": "Michael Jackson significantly influenced the music industry with his innovative music videos, such as those for \"Thriller\" and \"Bad,\" which helped to elevate the art form. He broke racial barriers in music and television, particularly with his success on MTV. Additionally, he was known for his humanitarian efforts, supporting various charities and causes, including children's hospitals and HIV/AIDS research. His legacy continues to inspire artists across genres and generations."
      }
    ]
  },
  {
    "id": "200058",
    "image": "downloaded_images/Personage/Michael_Jackson/image_20241107_173010_11.jpg",
    "conversations": [
      {
        "from": "human",
        "value": "<image>\nWhat impact has this individual made in their field or community?"
      },
      {
        "from": "gpt",
        "value": "Michael Jackson significantly influenced the music industry with his innovative music videos, such as those for \"Thriller\" and \"Bad,\" which helped to elevate the art form. He broke racial barriers in music and television, particularly with his success on MTV. Additionally, he was known for his humanitarian efforts, supporting various charities and causes, including children's hospitals and HIV/AIDS research. His legacy continues to inspire artists across genres and generations."
      }
    ]
  },
  {
    "id": "300029",
    "image": "downloaded_images/Personage/Michael_Jackson/image_20241018_213158_1.jpg",
    "conversations": [
      {
        "from": "human",
        "value": "<image>\nHow is this person referred to?"
      },
      {
        "from": "gpt",
        "value": "Michael Jackson"
      }
    ]
  },
  {
    "id": "300030",
    "image": "downloaded_images/Personage/Michael_Jackson/image_20241018_213255_7.jpg",
    "conversations": [
      {
        "from": "human",
        "value": "<image>\nWhere and when did this person enter the world?"
      },
      {
        "from": "gpt",
        "value": "Michael Jackson was born on August 29, 1958, in Gary, Indiana, USA."
      }
    ]
  },
  {
    "id": "300031",
    "image": "downloaded_images/Personage/Michael_Jackson/image_20241018_213238_5.jpg",
    "conversations": [
      {
        "from": "human",
        "value": "<image>\nWhat job does this person do?"
      },
      {
        "from": "gpt",
        "value": "Michael Jackson was a singer, songwriter, and dancer, widely regarded as one of the greatest entertainers in the history of music."
      }
    ]
  },
  {
    "id": "300032",
    "image": "downloaded_images/Personage/Michael_Jackson/image_20241018_213158_1.jpg",
    "conversations": [
      {
        "from": "human",
        "value": "<image>\nWhat famous contributions has this person made?"
      },
      {
        "from": "gpt",
        "value": "Michael Jackson is known for numerous hit songs, including \"Thriller,\" \"Billie Jean,\" \"Beat It,\" and \"Smooth Criminal.\" His album \"Thriller\" remains the best-selling album of all time. He won numerous awards, including 13 Grammy Awards, and was inducted into the Rock and Roll Hall of Fame twice."
      }
    ]
  },
  {
    "id": "300033",
    "image": "downloaded_images/Personage/Michael_Jackson/image_20241018_213238_5.jpg",
    "conversations": [
      {
        "from": "human",
        "value": "<image>\nWhat contributions has this person offered to society or their profession?"
      },
      {
        "from": "gpt",
        "value": "Michael Jackson significantly influenced the music industry with his innovative music videos, such as those for \"Thriller\" and \"Bad,\" which helped to elevate the art form. He broke racial barriers in music and television, particularly with his success on MTV. Additionally, he was known for his humanitarian efforts, supporting various charities and causes, including children's hospitals and HIV/AIDS research. His legacy continues to inspire artists across genres and generations."
      }
    ]
  },
  {
    "id": "300034",
    "image": "downloaded_images/Personage/Michael_Jackson/image_20241018_213218_3.jpg",
    "conversations": [
      {
        "from": "human",
        "value": "<image>\nHow is this person referred to?"
      },
      {
        "from": "gpt",
        "value": "Michael Jackson"
      }
    ]
  },
  {
    "id": "300035",
    "image": "downloaded_images/Personage/Michael_Jackson/image_20241107_172946_8.jpg",
    "conversations": [
      {
        "from": "human",
        "value": "<image>\nHow is this person referred to?"
      },
      {
        "from": "gpt",
        "value": "Michael Jackson"
      }
    ]
  },
  {
    "id": "300036",
    "image": "downloaded_images/Personage/Michael_Jackson/image_20241018_213350_13.jpg",
    "conversations": [
      {
        "from": "human",
        "value": "<image>\nHow is this person referred to?"
      },
      {
        "from": "gpt",
        "value": "Michael Jackson"
      }
    ]
  },
  {
    "id": "300037",
    "image": "downloaded_images/Personage/Michael_Jackson/image_20241107_172954_9.jpg",
    "conversations": [
      {
        "from": "human",
        "value": "<image>\nHow is this person referred to?"
      },
      {
        "from": "gpt",
        "value": "Michael Jackson"
      }
    ]
  },
  {
    "id": "300038",
    "image": "downloaded_images/Personage/Michael_Jackson/image_20241107_173102_17.jpg",
    "conversations": [
      {
        "from": "human",
        "value": "<image>\nHow is this person referred to?"
      },
      {
        "from": "gpt",
        "value": "Michael Jackson"
      }
    ]
  },
  {
    "id": "300039",
    "image": "downloaded_images/Personage/Michael_Jackson/image_20241018_213313_9.jpg",
    "conversations": [
      {
        "from": "human",
        "value": "<image>\nWhere and when did this person enter the world?"
      },
      {
        "from": "gpt",
        "value": "Michael Jackson was born on August 29, 1958, in Gary, Indiana, USA."
      }
    ]
  },
  {
    "id": "300040",
    "image": "downloaded_images/Personage/Michael_Jackson/image_20241107_173019_12.jpg",
    "conversations": [
      {
        "from": "human",
        "value": "<image>\nWhere and when did this person enter the world?"
      },
      {
        "from": "gpt",
        "value": "Michael Jackson was born on August 29, 1958, in Gary, Indiana, USA."
      }
    ]
  },
  {
    "id": "300041",
    "image": "downloaded_images/Personage/Michael_Jackson/image_20241107_173102_17.jpg",
    "conversations": [
      {
        "from": "human",
        "value": "<image>\nWhere and when did this person enter the world?"
      },
      {
        "from": "gpt",
        "value": "Michael Jackson was born on August 29, 1958, in Gary, Indiana, USA."
      }
    ]
  },
  {
    "id": "300042",
    "image": "downloaded_images/Personage/Michael_Jackson/image_20241018_213331_11.jpg",
    "conversations": [
      {
        "from": "human",
        "value": "<image>\nWhere and when did this person enter the world?"
      },
      {
        "from": "gpt",
        "value": "Michael Jackson was born on August 29, 1958, in Gary, Indiana, USA."
      }
    ]
  },
  {
    "id": "300043",
    "image": "downloaded_images/Personage/Michael_Jackson/image_20241107_172946_8.jpg",
    "conversations": [
      {
        "from": "human",
        "value": "<image>\nWhere and when did this person enter the world?"
      },
      {
        "from": "gpt",
        "value": "Michael Jackson was born on August 29, 1958, in Gary, Indiana, USA."
      }
    ]
  },
  {
    "id": "300044",
    "image": "downloaded_images/Personage/Michael_Jackson/image_20241018_213158_1.jpg",
    "conversations": [
      {
        "from": "human",
        "value": "<image>\nWhat job does this person do?"
      },
      {
        "from": "gpt",
        "value": "Michael Jackson was a singer, songwriter, and dancer, widely regarded as one of the greatest entertainers in the history of music."
      }
    ]
  },
  {
    "id": "300045",
    "image": "downloaded_images/Personage/Michael_Jackson/image_20241107_172911_4.jpg",
    "conversations": [
      {
        "from": "human",
        "value": "<image>\nWhat job does this person do?"
      },
      {
        "from": "gpt",
        "value": "Michael Jackson was a singer, songwriter, and dancer, widely regarded as one of the greatest entertainers in the history of music."
      }
    ]
  },
  {
    "id": "300046",
    "image": "downloaded_images/Personage/Michael_Jackson/image_20241107_172853_2.jpg",
    "conversations": [
      {
        "from": "human",
        "value": "<image>\nWhat job does this person do?"
      },
      {
        "from": "gpt",
        "value": "Michael Jackson was a singer, songwriter, and dancer, widely regarded as one of the greatest entertainers in the history of music."
      }
    ]
  },
  {
    "id": "300047",
    "image": "downloaded_images/Personage/Michael_Jackson/image_20241107_172843_1.jpg",
    "conversations": [
      {
        "from": "human",
        "value": "<image>\nWhat job does this person do?"
      },
      {
        "from": "gpt",
        "value": "Michael Jackson was a singer, songwriter, and dancer, widely regarded as one of the greatest entertainers in the history of music."
      }
    ]
  },
  {
    "id": "300048",
    "image": "downloaded_images/Personage/Michael_Jackson/image_20241107_172946_8.jpg",
    "conversations": [
      {
        "from": "human",
        "value": "<image>\nWhat job does this person do?"
      },
      {
        "from": "gpt",
        "value": "Michael Jackson was a singer, songwriter, and dancer, widely regarded as one of the greatest entertainers in the history of music."
      }
    ]
  },
  {
    "id": "300049",
    "image": "downloaded_images/Personage/Michael_Jackson/image_20241018_213255_7.jpg",
    "conversations": [
      {
        "from": "human",
        "value": "<image>\nWhat famous contributions has this person made?"
      },
      {
        "from": "gpt",
        "value": "Michael Jackson is known for numerous hit songs, including \"Thriller,\" \"Billie Jean,\" \"Beat It,\" and \"Smooth Criminal.\" His album \"Thriller\" remains the best-selling album of all time. He won numerous awards, including 13 Grammy Awards, and was inducted into the Rock and Roll Hall of Fame twice."
      }
    ]
  },
  {
    "id": "300050",
    "image": "downloaded_images/Personage/Michael_Jackson/image_20241018_213238_5.jpg",
    "conversations": [
      {
        "from": "human",
        "value": "<image>\nWhat famous contributions has this person made?"
      },
      {
        "from": "gpt",
        "value": "Michael Jackson is known for numerous hit songs, including \"Thriller,\" \"Billie Jean,\" \"Beat It,\" and \"Smooth Criminal.\" His album \"Thriller\" remains the best-selling album of all time. He won numerous awards, including 13 Grammy Awards, and was inducted into the Rock and Roll Hall of Fame twice."
      }
    ]
  },
  {
    "id": "300051",
    "image": "downloaded_images/Personage/Michael_Jackson/image_20241107_172901_3.jpg",
    "conversations": [
      {
        "from": "human",
        "value": "<image>\nWhat famous contributions has this person made?"
      },
      {
        "from": "gpt",
        "value": "Michael Jackson is known for numerous hit songs, including \"Thriller,\" \"Billie Jean,\" \"Beat It,\" and \"Smooth Criminal.\" His album \"Thriller\" remains the best-selling album of all time. He won numerous awards, including 13 Grammy Awards, and was inducted into the Rock and Roll Hall of Fame twice."
      }
    ]
  },
  {
    "id": "300052",
    "image": "downloaded_images/Personage/Michael_Jackson/image_20241107_173235_28.jpg",
    "conversations": [
      {
        "from": "human",
        "value": "<image>\nWhat famous contributions has this person made?"
      },
      {
        "from": "gpt",
        "value": "Michael Jackson is known for numerous hit songs, including \"Thriller,\" \"Billie Jean,\" \"Beat It,\" and \"Smooth Criminal.\" His album \"Thriller\" remains the best-selling album of all time. He won numerous awards, including 13 Grammy Awards, and was inducted into the Rock and Roll Hall of Fame twice."
      }
    ]
  },
  {
    "id": "300053",
    "image": "downloaded_images/Personage/Michael_Jackson/image_20241107_173243_29.jpg",
    "conversations": [
      {
        "from": "human",
        "value": "<image>\nWhat famous contributions has this person made?"
      },
      {
        "from": "gpt",
        "value": "Michael Jackson is known for numerous hit songs, including \"Thriller,\" \"Billie Jean,\" \"Beat It,\" and \"Smooth Criminal.\" His album \"Thriller\" remains the best-selling album of all time. He won numerous awards, including 13 Grammy Awards, and was inducted into the Rock and Roll Hall of Fame twice."
      }
    ]
  },
  {
    "id": "300054",
    "image": "downloaded_images/Personage/Michael_Jackson/image_20241107_172853_2.jpg",
    "conversations": [
      {
        "from": "human",
        "value": "<image>\nWhat contributions has this person offered to society or their profession?"
      },
      {
        "from": "gpt",
        "value": "Michael Jackson significantly influenced the music industry with his innovative music videos, such as those for \"Thriller\" and \"Bad,\" which helped to elevate the art form. He broke racial barriers in music and television, particularly with his success on MTV. Additionally, he was known for his humanitarian efforts, supporting various charities and causes, including children's hospitals and HIV/AIDS research. His legacy continues to inspire artists across genres and generations."
      }
    ]
  },
  {
    "id": "300055",
    "image": "downloaded_images/Personage/Michael_Jackson/image_20241107_173019_12.jpg",
    "conversations": [
      {
        "from": "human",
        "value": "<image>\nWhat contributions has this person offered to society or their profession?"
      },
      {
        "from": "gpt",
        "value": "Michael Jackson significantly influenced the music industry with his innovative music videos, such as those for \"Thriller\" and \"Bad,\" which helped to elevate the art form. He broke racial barriers in music and television, particularly with his success on MTV. Additionally, he was known for his humanitarian efforts, supporting various charities and causes, including children's hospitals and HIV/AIDS research. His legacy continues to inspire artists across genres and generations."
      }
    ]
  },
  {
    "id": "300056",
    "image": "downloaded_images/Personage/Michael_Jackson/image_20241107_173053_16.jpg",
    "conversations": [
      {
        "from": "human",
        "value": "<image>\nWhat contributions has this person offered to society or their profession?"
      },
      {
        "from": "gpt",
        "value": "Michael Jackson significantly influenced the music industry with his innovative music videos, such as those for \"Thriller\" and \"Bad,\" which helped to elevate the art form. He broke racial barriers in music and television, particularly with his success on MTV. Additionally, he was known for his humanitarian efforts, supporting various charities and causes, including children's hospitals and HIV/AIDS research. His legacy continues to inspire artists across genres and generations."
      }
    ]
  },
  {
    "id": "300057",
    "image": "downloaded_images/Personage/Michael_Jackson/image_20241107_172928_6.jpg",
    "conversations": [
      {
        "from": "human",
        "value": "<image>\nWhat contributions has this person offered to society or their profession?"
      },
      {
        "from": "gpt",
        "value": "Michael Jackson significantly influenced the music industry with his innovative music videos, such as those for \"Thriller\" and \"Bad,\" which helped to elevate the art form. He broke racial barriers in music and television, particularly with his success on MTV. Additionally, he was known for his humanitarian efforts, supporting various charities and causes, including children's hospitals and HIV/AIDS research. His legacy continues to inspire artists across genres and generations."
      }
    ]
  },
  {
    "id": "300058",
    "image": "downloaded_images/Personage/Michael_Jackson/image_20241107_173010_11.jpg",
    "conversations": [
      {
        "from": "human",
        "value": "<image>\nWhat contributions has this person offered to society or their profession?"
      },
      {
        "from": "gpt",
        "value": "Michael Jackson significantly influenced the music industry with his innovative music videos, such as those for \"Thriller\" and \"Bad,\" which helped to elevate the art form. He broke racial barriers in music and television, particularly with his success on MTV. Additionally, he was known for his humanitarian efforts, supporting various charities and causes, including children's hospitals and HIV/AIDS research. His legacy continues to inspire artists across genres and generations."
      }
    ]
  },
  {
    "id": "400029",
    "image": "downloaded_images/Personage/Michael_Jackson/image_20241018_213158_1.jpg",
    "conversations": [
      {
        "from": "human",
        "value": "<image>\nWhat do people call this individual?"
      },
      {
        "from": "gpt",
        "value": "Michael Jackson"
      }
    ]
  },
  {
    "id": "400030",
    "image": "downloaded_images/Personage/Michael_Jackson/image_20241018_213255_7.jpg",
    "conversations": [
      {
        "from": "human",
        "value": "<image>\nCan you tell me the date and place of this person's birth?"
      },
      {
        "from": "gpt",
        "value": "Michael Jackson was born on August 29, 1958, in Gary, Indiana, USA."
      }
    ]
  },
  {
    "id": "400031",
    "image": "downloaded_images/Personage/Michael_Jackson/image_20241018_213238_5.jpg",
    "conversations": [
      {
        "from": "human",
        "value": "<image>\nWhat line of work is this individual in?"
      },
      {
        "from": "gpt",
        "value": "Michael Jackson was a singer, songwriter, and dancer, widely regarded as one of the greatest entertainers in the history of music."
      }
    ]
  },
  {
    "id": "400032",
    "image": "downloaded_images/Personage/Michael_Jackson/image_20241018_213158_1.jpg",
    "conversations": [
      {
        "from": "human",
        "value": "<image>\nCan you list some of this person's significant works?"
      },
      {
        "from": "gpt",
        "value": "Michael Jackson is known for numerous hit songs, including \"Thriller,\" \"Billie Jean,\" \"Beat It,\" and \"Smooth Criminal.\" His album \"Thriller\" remains the best-selling album of all time. He won numerous awards, including 13 Grammy Awards, and was inducted into the Rock and Roll Hall of Fame twice."
      }
    ]
  },
  {
    "id": "400033",
    "image": "downloaded_images/Personage/Michael_Jackson/image_20241018_213238_5.jpg",
    "conversations": [
      {
        "from": "human",
        "value": "<image>\nIn what ways has this individual influenced their industry or society?"
      },
      {
        "from": "gpt",
        "value": "Michael Jackson significantly influenced the music industry with his innovative music videos, such as those for \"Thriller\" and \"Bad,\" which helped to elevate the art form. He broke racial barriers in music and television, particularly with his success on MTV. Additionally, he was known for his humanitarian efforts, supporting various charities and causes, including children's hospitals and HIV/AIDS research. His legacy continues to inspire artists across genres and generations."
      }
    ]
  },
  {
    "id": "400034",
    "image": "downloaded_images/Personage/Michael_Jackson/image_20241018_213218_3.jpg",
    "conversations": [
      {
        "from": "human",
        "value": "<image>\nWhat do people call this individual?"
      },
      {
        "from": "gpt",
        "value": "Michael Jackson"
      }
    ]
  },
  {
    "id": "400035",
    "image": "downloaded_images/Personage/Michael_Jackson/image_20241107_172946_8.jpg",
    "conversations": [
      {
        "from": "human",
        "value": "<image>\nWhat do people call this individual?"
      },
      {
        "from": "gpt",
        "value": "Michael Jackson"
      }
    ]
  },
  {
    "id": "400036",
    "image": "downloaded_images/Personage/Michael_Jackson/image_20241018_213350_13.jpg",
    "conversations": [
      {
        "from": "human",
        "value": "<image>\nWhat do people call this individual?"
      },
      {
        "from": "gpt",
        "value": "Michael Jackson"
      }
    ]
  },
  {
    "id": "400037",
    "image": "downloaded_images/Personage/Michael_Jackson/image_20241107_172954_9.jpg",
    "conversations": [
      {
        "from": "human",
        "value": "<image>\nWhat do people call this individual?"
      },
      {
        "from": "gpt",
        "value": "Michael Jackson"
      }
    ]
  },
  {
    "id": "400038",
    "image": "downloaded_images/Personage/Michael_Jackson/image_20241107_173102_17.jpg",
    "conversations": [
      {
        "from": "human",
        "value": "<image>\nWhat do people call this individual?"
      },
      {
        "from": "gpt",
        "value": "Michael Jackson"
      }
    ]
  },
  {
    "id": "400039",
    "image": "downloaded_images/Personage/Michael_Jackson/image_20241018_213313_9.jpg",
    "conversations": [
      {
        "from": "human",
        "value": "<image>\nCan you tell me the date and place of this person's birth?"
      },
      {
        "from": "gpt",
        "value": "Michael Jackson was born on August 29, 1958, in Gary, Indiana, USA."
      }
    ]
  },
  {
    "id": "400040",
    "image": "downloaded_images/Personage/Michael_Jackson/image_20241107_173019_12.jpg",
    "conversations": [
      {
        "from": "human",
        "value": "<image>\nCan you tell me the date and place of this person's birth?"
      },
      {
        "from": "gpt",
        "value": "Michael Jackson was born on August 29, 1958, in Gary, Indiana, USA."
      }
    ]
  },
  {
    "id": "400041",
    "image": "downloaded_images/Personage/Michael_Jackson/image_20241107_173102_17.jpg",
    "conversations": [
      {
        "from": "human",
        "value": "<image>\nCan you tell me the date and place of this person's birth?"
      },
      {
        "from": "gpt",
        "value": "Michael Jackson was born on August 29, 1958, in Gary, Indiana, USA."
      }
    ]
  },
  {
    "id": "400042",
    "image": "downloaded_images/Personage/Michael_Jackson/image_20241018_213331_11.jpg",
    "conversations": [
      {
        "from": "human",
        "value": "<image>\nCan you tell me the date and place of this person's birth?"
      },
      {
        "from": "gpt",
        "value": "Michael Jackson was born on August 29, 1958, in Gary, Indiana, USA."
      }
    ]
  },
  {
    "id": "400043",
    "image": "downloaded_images/Personage/Michael_Jackson/image_20241107_172946_8.jpg",
    "conversations": [
      {
        "from": "human",
        "value": "<image>\nCan you tell me the date and place of this person's birth?"
      },
      {
        "from": "gpt",
        "value": "Michael Jackson was born on August 29, 1958, in Gary, Indiana, USA."
      }
    ]
  },
  {
    "id": "400044",
    "image": "downloaded_images/Personage/Michael_Jackson/image_20241018_213158_1.jpg",
    "conversations": [
      {
        "from": "human",
        "value": "<image>\nWhat line of work is this individual in?"
      },
      {
        "from": "gpt",
        "value": "Michael Jackson was a singer, songwriter, and dancer, widely regarded as one of the greatest entertainers in the history of music."
      }
    ]
  },
  {
    "id": "400045",
    "image": "downloaded_images/Personage/Michael_Jackson/image_20241107_172911_4.jpg",
    "conversations": [
      {
        "from": "human",
        "value": "<image>\nWhat line of work is this individual in?"
      },
      {
        "from": "gpt",
        "value": "Michael Jackson was a singer, songwriter, and dancer, widely regarded as one of the greatest entertainers in the history of music."
      }
    ]
  },
  {
    "id": "400046",
    "image": "downloaded_images/Personage/Michael_Jackson/image_20241107_172853_2.jpg",
    "conversations": [
      {
        "from": "human",
        "value": "<image>\nWhat line of work is this individual in?"
      },
      {
        "from": "gpt",
        "value": "Michael Jackson was a singer, songwriter, and dancer, widely regarded as one of the greatest entertainers in the history of music."
      }
    ]
  },
  {
    "id": "400047",
    "image": "downloaded_images/Personage/Michael_Jackson/image_20241107_172843_1.jpg",
    "conversations": [
      {
        "from": "human",
        "value": "<image>\nWhat line of work is this individual in?"
      },
      {
        "from": "gpt",
        "value": "Michael Jackson was a singer, songwriter, and dancer, widely regarded as one of the greatest entertainers in the history of music."
      }
    ]
  },
  {
    "id": "400048",
    "image": "downloaded_images/Personage/Michael_Jackson/image_20241107_172946_8.jpg",
    "conversations": [
      {
        "from": "human",
        "value": "<image>\nWhat line of work is this individual in?"
      },
      {
        "from": "gpt",
        "value": "Michael Jackson was a singer, songwriter, and dancer, widely regarded as one of the greatest entertainers in the history of music."
      }
    ]
  },
  {
    "id": "400049",
    "image": "downloaded_images/Personage/Michael_Jackson/image_20241018_213255_7.jpg",
    "conversations": [
      {
        "from": "human",
        "value": "<image>\nCan you list some of this person's significant works?"
      },
      {
        "from": "gpt",
        "value": "Michael Jackson is known for numerous hit songs, including \"Thriller,\" \"Billie Jean,\" \"Beat It,\" and \"Smooth Criminal.\" His album \"Thriller\" remains the best-selling album of all time. He won numerous awards, including 13 Grammy Awards, and was inducted into the Rock and Roll Hall of Fame twice."
      }
    ]
  },
  {
    "id": "400050",
    "image": "downloaded_images/Personage/Michael_Jackson/image_20241018_213238_5.jpg",
    "conversations": [
      {
        "from": "human",
        "value": "<image>\nCan you list some of this person's significant works?"
      },
      {
        "from": "gpt",
        "value": "Michael Jackson is known for numerous hit songs, including \"Thriller,\" \"Billie Jean,\" \"Beat It,\" and \"Smooth Criminal.\" His album \"Thriller\" remains the best-selling album of all time. He won numerous awards, including 13 Grammy Awards, and was inducted into the Rock and Roll Hall of Fame twice."
      }
    ]
  },
  {
    "id": "400051",
    "image": "downloaded_images/Personage/Michael_Jackson/image_20241107_172901_3.jpg",
    "conversations": [
      {
        "from": "human",
        "value": "<image>\nCan you list some of this person's significant works?"
      },
      {
        "from": "gpt",
        "value": "Michael Jackson is known for numerous hit songs, including \"Thriller,\" \"Billie Jean,\" \"Beat It,\" and \"Smooth Criminal.\" His album \"Thriller\" remains the best-selling album of all time. He won numerous awards, including 13 Grammy Awards, and was inducted into the Rock and Roll Hall of Fame twice."
      }
    ]
  },
  {
    "id": "400052",
    "image": "downloaded_images/Personage/Michael_Jackson/image_20241107_173235_28.jpg",
    "conversations": [
      {
        "from": "human",
        "value": "<image>\nCan you list some of this person's significant works?"
      },
      {
        "from": "gpt",
        "value": "Michael Jackson is known for numerous hit songs, including \"Thriller,\" \"Billie Jean,\" \"Beat It,\" and \"Smooth Criminal.\" His album \"Thriller\" remains the best-selling album of all time. He won numerous awards, including 13 Grammy Awards, and was inducted into the Rock and Roll Hall of Fame twice."
      }
    ]
  },
  {
    "id": "400053",
    "image": "downloaded_images/Personage/Michael_Jackson/image_20241107_173243_29.jpg",
    "conversations": [
      {
        "from": "human",
        "value": "<image>\nCan you list some of this person's significant works?"
      },
      {
        "from": "gpt",
        "value": "Michael Jackson is known for numerous hit songs, including \"Thriller,\" \"Billie Jean,\" \"Beat It,\" and \"Smooth Criminal.\" His album \"Thriller\" remains the best-selling album of all time. He won numerous awards, including 13 Grammy Awards, and was inducted into the Rock and Roll Hall of Fame twice."
      }
    ]
  },
  {
    "id": "400054",
    "image": "downloaded_images/Personage/Michael_Jackson/image_20241107_172853_2.jpg",
    "conversations": [
      {
        "from": "human",
        "value": "<image>\nIn what ways has this individual influenced their industry or society?"
      },
      {
        "from": "gpt",
        "value": "Michael Jackson significantly influenced the music industry with his innovative music videos, such as those for \"Thriller\" and \"Bad,\" which helped to elevate the art form. He broke racial barriers in music and television, particularly with his success on MTV. Additionally, he was known for his humanitarian efforts, supporting various charities and causes, including children's hospitals and HIV/AIDS research. His legacy continues to inspire artists across genres and generations."
      }
    ]
  },
  {
    "id": "400055",
    "image": "downloaded_images/Personage/Michael_Jackson/image_20241107_173019_12.jpg",
    "conversations": [
      {
        "from": "human",
        "value": "<image>\nIn what ways has this individual influenced their industry or society?"
      },
      {
        "from": "gpt",
        "value": "Michael Jackson significantly influenced the music industry with his innovative music videos, such as those for \"Thriller\" and \"Bad,\" which helped to elevate the art form. He broke racial barriers in music and television, particularly with his success on MTV. Additionally, he was known for his humanitarian efforts, supporting various charities and causes, including children's hospitals and HIV/AIDS research. His legacy continues to inspire artists across genres and generations."
      }
    ]
  },
  {
    "id": "400056",
    "image": "downloaded_images/Personage/Michael_Jackson/image_20241107_173053_16.jpg",
    "conversations": [
      {
        "from": "human",
        "value": "<image>\nIn what ways has this individual influenced their industry or society?"
      },
      {
        "from": "gpt",
        "value": "Michael Jackson significantly influenced the music industry with his innovative music videos, such as those for \"Thriller\" and \"Bad,\" which helped to elevate the art form. He broke racial barriers in music and television, particularly with his success on MTV. Additionally, he was known for his humanitarian efforts, supporting various charities and causes, including children's hospitals and HIV/AIDS research. His legacy continues to inspire artists across genres and generations."
      }
    ]
  },
  {
    "id": "400057",
    "image": "downloaded_images/Personage/Michael_Jackson/image_20241107_172928_6.jpg",
    "conversations": [
      {
        "from": "human",
        "value": "<image>\nIn what ways has this individual influenced their industry or society?"
      },
      {
        "from": "gpt",
        "value": "Michael Jackson significantly influenced the music industry with his innovative music videos, such as those for \"Thriller\" and \"Bad,\" which helped to elevate the art form. He broke racial barriers in music and television, particularly with his success on MTV. Additionally, he was known for his humanitarian efforts, supporting various charities and causes, including children's hospitals and HIV/AIDS research. His legacy continues to inspire artists across genres and generations."
      }
    ]
  },
  {
    "id": "400058",
    "image": "downloaded_images/Personage/Michael_Jackson/image_20241107_173010_11.jpg",
    "conversations": [
      {
        "from": "human",
        "value": "<image>\nIn what ways has this individual influenced their industry or society?"
      },
      {
        "from": "gpt",
        "value": "Michael Jackson significantly influenced the music industry with his innovative music videos, such as those for \"Thriller\" and \"Bad,\" which helped to elevate the art form. He broke racial barriers in music and television, particularly with his success on MTV. Additionally, he was known for his humanitarian efforts, supporting various charities and causes, including children's hospitals and HIV/AIDS research. His legacy continues to inspire artists across genres and generations."
      }
    ]
  }
]