[
  {
    "id": "6",
    "image": "downloaded_images/Animals/Cat/image_20241017_102737_18.jpg",
    "conversations": [
      {
        "from": "human",
        "value": "<image>\nWhat is the common name of this animal?"
      },
      {
        "from": "gpt",
        "value": "Cat"
      }
    ]
  },
  {
    "id": "7",
    "image": "downloaded_images/Animals/Cat/image_20241017_102737_18.jpg",
    "conversations": [
      {
        "from": "human",
        "value": "<image>\nWhat family or order does it belong to?"
      },
      {
        "from": "gpt",
        "value": "Cats belong to the family Felidae and the order Carnivora."
      }
    ]
  },
  {
    "id": "8",
    "image": "downloaded_images/Animals/Cat/image_20241017_102645_12.jpg",
    "conversations": [
      {
        "from": "human",
        "value": "<image>\nWhat does this animal eat (herbivore, carnivore, omnivore)?"
      },
      {
        "from": "gpt",
        "value": "Cats are carnivores."
      }
    ]
  },
  {
    "id": "9",
    "image": "downloaded_images/Animals/Cat/image_20241017_102636_11.jpg",
    "conversations": [
      {
        "from": "human",
        "value": "<image>\nIs it native to a specific region or found globally?"
      },
      {
        "from": "gpt",
        "value": "Domestic cats are found globally and are not limited to a specific region, although they are descendants of wildcats native to various regions."
      }
    ]
  },
  {
    "id": "10",
    "image": "downloaded_images/Animals/Cat/image_20241017_102718_16.jpg",
    "conversations": [
      {
        "from": "human",
        "value": "<image>\nHow does this animal reproduce (mating habits, gestation period)?"
      },
      {
        "from": "gpt",
        "value": "Cats typically mate in the spring and summer. The gestation period for a cat is about 64 to 67 days, after which they give birth to a litter of kittens, usually ranging from 1 to 8 kittens."
      }
    ]
  },
  {
    "id": "11",
    "image": "downloaded_images/Animals/Cat/image_20241105_152448_4.jpg",
    "conversations": [
      {
        "from": "human",
        "value": "<image>\nWhat is the common name of this animal?"
      },
      {
        "from": "gpt",
        "value": "Cat"
      }
    ]
  },
  {
    "id": "12",
    "image": "downloaded_images/Animals/Cat/image_20241105_152857_28.jpg",
    "conversations": [
      {
        "from": "human",
        "value": "<image>\nWhat is the common name of this animal?"
      },
      {
        "from": "gpt",
        "value": "Cat"
      }
    ]
  },
  {
    "id": "13",
    "image": "downloaded_images/Animals/Cat/image_20241105_152729_22.jpg",
    "conversations": [
      {
        "from": "human",
        "value": "<image>\nWhat is the common name of this animal?"
      },
      {
        "from": "gpt",
        "value": "Cat"
      }
    ]
  },
  {
    "id": "14",
    "image": "downloaded_images/Animals/Cat/image_20241105_152906_29.jpg",
    "conversations": [
      {
        "from": "human",
        "value": "<image>\nWhat is the common name of this animal?"
      },
      {
        "from": "gpt",
        "value": "Cat"
      }
    ]
  },
  {
    "id": "15",
    "image": "downloaded_images/Animals/Cat/image_20241105_152429_2.jpg",
    "conversations": [
      {
        "from": "human",
        "value": "<image>\nWhat is the common name of this animal?"
      },
      {
        "from": "gpt",
        "value": "Cat"
      }
    ]
  },
  {
    "id": "16",
    "image": "downloaded_images/Animals/Cat/image_20241105_152729_22.jpg",
    "conversations": [
      {
        "from": "human",
        "value": "<image>\nWhat family or order does it belong to?"
      },
      {
        "from": "gpt",
        "value": "Cats belong to the family Felidae and the order Carnivora."
      }
    ]
  },
  {
    "id": "17",
    "image": "downloaded_images/Animals/Cat/image_20241017_102825_24.jpg",
    "conversations": [
      {
        "from": "human",
        "value": "<image>\nWhat family or order does it belong to?"
      },
      {
        "from": "gpt",
        "value": "Cats belong to the family Felidae and the order Carnivora."
      }
    ]
  },
  {
    "id": "18",
    "image": "downloaded_images/Animals/Cat/image_20241105_152448_4.jpg",
    "conversations": [
      {
        "from": "human",
        "value": "<image>\nWhat family or order does it belong to?"
      },
      {
        "from": "gpt",
        "value": "Cats belong to the family Felidae and the order Carnivora."
      }
    ]
  },
  {
    "id": "19",
    "image": "downloaded_images/Animals/Cat/image_20241017_102520_2.jpg",
    "conversations": [
      {
        "from": "human",
        "value": "<image>\nWhat family or order does it belong to?"
      },
      {
        "from": "gpt",
        "value": "Cats belong to the family Felidae and the order Carnivora."
      }
    ]
  },
  {
    "id": "20",
    "image": "downloaded_images/Animals/Cat/image_20241017_102802_21.jpg",
    "conversations": [
      {
        "from": "human",
        "value": "<image>\nWhat family or order does it belong to?"
      },
      {
        "from": "gpt",
        "value": "Cats belong to the family Felidae and the order Carnivora."
      }
    ]
  },
  {
    "id": "21",
    "image": "downloaded_images/Animals/Cat/image_20241105_152617_14.jpg",
    "conversations": [
      {
        "from": "human",
        "value": "<image>\nWhat does this animal eat (herbivore, carnivore, omnivore)?"
      },
      {
        "from": "gpt",
        "value": "Cats are carnivores."
      }
    ]
  },
  {
    "id": "22",
    "image": "downloaded_images/Animals/Cat/image_20241017_102727_17.jpg",
    "conversations": [
      {
        "from": "human",
        "value": "<image>\nWhat does this animal eat (herbivore, carnivore, omnivore)?"
      },
      {
        "from": "gpt",
        "value": "Cats are carnivores."
      }
    ]
  },
  {
    "id": "23",
    "image": "downloaded_images/Animals/Cat/image_20241017_102809_22.jpg",
    "conversations": [
      {
        "from": "human",
        "value": "<image>\nWhat does this animal eat (herbivore, carnivore, omnivore)?"
      },
      {
        "from": "gpt",
        "value": "Cats are carnivores."
      }
    ]
  },
  {
    "id": "24",
    "image": "downloaded_images/Animals/Cat/image_20241105_152438_3.jpg",
    "conversations": [
      {
        "from": "human",
        "value": "<image>\nWhat does this animal eat (herbivore, carnivore, omnivore)?"
      },
      {
        "from": "gpt",
        "value": "Cats are carnivores."
      }
    ]
  },
  {
    "id": "25",
    "image": "downloaded_images/Animals/Cat/image_20241105_152750_24.jpg",
    "conversations": [
      {
        "from": "human",
        "value": "<image>\nWhat does this animal eat (herbivore, carnivore, omnivore)?"
      },
      {
        "from": "gpt",
        "value": "Cats are carnivores."
      }
    ]
  },
  {
    "id": "26",
    "image": "downloaded_images/Animals/Cat/image_20241105_152438_3.jpg",
    "conversations": [
      {
        "from": "human",
        "value": "<image>\nIs it native to a specific region or found globally?"
      },
      {
        "from": "gpt",
        "value": "Domestic cats are found globally and are not limited to a specific region, although they are descendants of wildcats native to various regions."
      }
    ]
  },
  {
    "id": "27",
    "image": "downloaded_images/Animals/Cat/image_20241105_152429_2.jpg",
    "conversations": [
      {
        "from": "human",
        "value": "<image>\nIs it native to a specific region or found globally?"
      },
      {
        "from": "gpt",
        "value": "Domestic cats are found globally and are not limited to a specific region, although they are descendants of wildcats native to various regions."
      }
    ]
  },
  {
    "id": "28",
    "image": "downloaded_images/Animals/Cat/image_20241105_152821_27.jpg",
    "conversations": [
      {
        "from": "human",
        "value": "<image>\nIs it native to a specific region or found globally?"
      },
      {
        "from": "gpt",
        "value": "Domestic cats are found globally and are not limited to a specific region, although they are descendants of wildcats native to various regions."
      }
    ]
  },
  {
    "id": "29",
    "image": "downloaded_images/Animals/Cat/image_20241017_102718_16.jpg",
    "conversations": [
      {
        "from": "human",
        "value": "<image>\nIs it native to a specific region or found globally?"
      },
      {
        "from": "gpt",
        "value": "Domestic cats are found globally and are not limited to a specific region, although they are descendants of wildcats native to various regions."
      }
    ]
  },
  {
    "id": "30",
    "image": "downloaded_images/Animals/Cat/image_20241105_152645_17.jpg",
    "conversations": [
      {
        "from": "human",
        "value": "<image>\nIs it native to a specific region or found globally?"
      },
      {
        "from": "gpt",
        "value": "Domestic cats are found globally and are not limited to a specific region, although they are descendants of wildcats native to various regions."
      }
    ]
  },
  {
    "id": "31",
    "image": "downloaded_images/Animals/Cat/image_20241017_102727_17.jpg",
    "conversations": [
      {
        "from": "human",
        "value": "<image>\nHow does this animal reproduce (mating habits, gestation period)?"
      },
      {
        "from": "gpt",
        "value": "Cats typically mate in the spring and summer. The gestation period for a cat is about 64 to 67 days, after which they give birth to a litter of kittens, usually ranging from 1 to 8 kittens."
      }
    ]
  },
  {
    "id": "32",
    "image": "downloaded_images/Animals/Cat/image_20241105_152608_13.jpg",
    "conversations": [
      {
        "from": "human",
        "value": "<image>\nHow does this animal reproduce (mating habits, gestation period)?"
      },
      {
        "from": "gpt",
        "value": "Cats typically mate in the spring and summer. The gestation period for a cat is about 64 to 67 days, after which they give birth to a litter of kittens, usually ranging from 1 to 8 kittens."
      }
    ]
  },
  {
    "id": "33",
    "image": "downloaded_images/Animals/Cat/image_20241105_152448_4.jpg",
    "conversations": [
      {
        "from": "human",
        "value": "<image>\nHow does this animal reproduce (mating habits, gestation period)?"
      },
      {
        "from": "gpt",
        "value": "Cats typically mate in the spring and summer. The gestation period for a cat is about 64 to 67 days, after which they give birth to a litter of kittens, usually ranging from 1 to 8 kittens."
      }
    ]
  },
  {
    "id": "34",
    "image": "downloaded_images/Animals/Cat/image_20241105_152416_1.jpg",
    "conversations": [
      {
        "from": "human",
        "value": "<image>\nHow does this animal reproduce (mating habits, gestation period)?"
      },
      {
        "from": "gpt",
        "value": "Cats typically mate in the spring and summer. The gestation period for a cat is about 64 to 67 days, after which they give birth to a litter of kittens, usually ranging from 1 to 8 kittens."
      }
    ]
  },
  {
    "id": "35",
    "image": "downloaded_images/Animals/Cat/image_20241017_102809_22.jpg",
    "conversations": [
      {
        "from": "human",
        "value": "<image>\nHow does this animal reproduce (mating habits, gestation period)?"
      },
      {
        "from": "gpt",
        "value": "Cats typically mate in the spring and summer. The gestation period for a cat is about 64 to 67 days, after which they give birth to a litter of kittens, usually ranging from 1 to 8 kittens."
      }
    ]
  },
  {
    "id": "100006",
    "image": "downloaded_images/Animals/Cat/image_20241017_102737_18.jpg",
    "conversations": [
      {
        "from": "human",
        "value": "<image>\nWhat is this animal commonly called?"
      },
      {
        "from": "gpt",
        "value": "Cat"
      }
    ]
  },
  {
    "id": "100007",
    "image": "downloaded_images/Animals/Cat/image_20241017_102737_18.jpg",
    "conversations": [
      {
        "from": "human",
        "value": "<image>\nTo which family or order does this animal belong?"
      },
      {
        "from": "gpt",
        "value": "Cats belong to the family Felidae and the order Carnivora."
      }
    ]
  },
  {
    "id": "100008",
    "image": "downloaded_images/Animals/Cat/image_20241017_102645_12.jpg",
    "conversations": [
      {
        "from": "human",
        "value": "<image>\nWhat type of diet does this animal have (herbivore, carnivore, omnivore)?"
      },
      {
        "from": "gpt",
        "value": "Cats are carnivores."
      }
    ]
  },
  {
    "id": "100009",
    "image": "downloaded_images/Animals/Cat/image_20241017_102636_11.jpg",
    "conversations": [
      {
        "from": "human",
        "value": "<image>\nIs this animal indigenous to a particular region or is it found worldwide?"
      },
      {
        "from": "gpt",
        "value": "Domestic cats are found globally and are not limited to a specific region, although they are descendants of wildcats native to various regions."
      }
    ]
  },
  {
    "id": "100010",
    "image": "downloaded_images/Animals/Cat/image_20241017_102718_16.jpg",
    "conversations": [
      {
        "from": "human",
        "value": "<image>\nWhat are the reproductive habits of this animal (mating behaviors, gestation period)?"
      },
      {
        "from": "gpt",
        "value": "Cats typically mate in the spring and summer. The gestation period for a cat is about 64 to 67 days, after which they give birth to a litter of kittens, usually ranging from 1 to 8 kittens."
      }
    ]
  },
  {
    "id": "100011",
    "image": "downloaded_images/Animals/Cat/image_20241105_152448_4.jpg",
    "conversations": [
      {
        "from": "human",
        "value": "<image>\nWhat is this animal commonly called?"
      },
      {
        "from": "gpt",
        "value": "Cat"
      }
    ]
  },
  {
    "id": "100012",
    "image": "downloaded_images/Animals/Cat/image_20241105_152857_28.jpg",
    "conversations": [
      {
        "from": "human",
        "value": "<image>\nWhat is this animal commonly called?"
      },
      {
        "from": "gpt",
        "value": "Cat"
      }
    ]
  },
  {
    "id": "100013",
    "image": "downloaded_images/Animals/Cat/image_20241105_152729_22.jpg",
    "conversations": [
      {
        "from": "human",
        "value": "<image>\nWhat is this animal commonly called?"
      },
      {
        "from": "gpt",
        "value": "Cat"
      }
    ]
  },
  {
    "id": "100014",
    "image": "downloaded_images/Animals/Cat/image_20241105_152906_29.jpg",
    "conversations": [
      {
        "from": "human",
        "value": "<image>\nWhat is this animal commonly called?"
      },
      {
        "from": "gpt",
        "value": "Cat"
      }
    ]
  },
  {
    "id": "100015",
    "image": "downloaded_images/Animals/Cat/image_20241105_152429_2.jpg",
    "conversations": [
      {
        "from": "human",
        "value": "<image>\nWhat is this animal commonly called?"
      },
      {
        "from": "gpt",
        "value": "Cat"
      }
    ]
  },
  {
    "id": "100016",
    "image": "downloaded_images/Animals/Cat/image_20241105_152729_22.jpg",
    "conversations": [
      {
        "from": "human",
        "value": "<image>\nTo which family or order does this animal belong?"
      },
      {
        "from": "gpt",
        "value": "Cats belong to the family Felidae and the order Carnivora."
      }
    ]
  },
  {
    "id": "100017",
    "image": "downloaded_images/Animals/Cat/image_20241017_102825_24.jpg",
    "conversations": [
      {
        "from": "human",
        "value": "<image>\nTo which family or order does this animal belong?"
      },
      {
        "from": "gpt",
        "value": "Cats belong to the family Felidae and the order Carnivora."
      }
    ]
  },
  {
    "id": "100018",
    "image": "downloaded_images/Animals/Cat/image_20241105_152448_4.jpg",
    "conversations": [
      {
        "from": "human",
        "value": "<image>\nTo which family or order does this animal belong?"
      },
      {
        "from": "gpt",
        "value": "Cats belong to the family Felidae and the order Carnivora."
      }
    ]
  },
  {
    "id": "100019",
    "image": "downloaded_images/Animals/Cat/image_20241017_102520_2.jpg",
    "conversations": [
      {
        "from": "human",
        "value": "<image>\nTo which family or order does this animal belong?"
      },
      {
        "from": "gpt",
        "value": "Cats belong to the family Felidae and the order Carnivora."
      }
    ]
  },
  {
    "id": "100020",
    "image": "downloaded_images/Animals/Cat/image_20241017_102802_21.jpg",
    "conversations": [
      {
        "from": "human",
        "value": "<image>\nTo which family or order does this animal belong?"
      },
      {
        "from": "gpt",
        "value": "Cats belong to the family Felidae and the order Carnivora."
      }
    ]
  },
  {
    "id": "100021",
    "image": "downloaded_images/Animals/Cat/image_20241105_152617_14.jpg",
    "conversations": [
      {
        "from": "human",
        "value": "<image>\nWhat type of diet does this animal have (herbivore, carnivore, omnivore)?"
      },
      {
        "from": "gpt",
        "value": "Cats are carnivores."
      }
    ]
  },
  {
    "id": "100022",
    "image": "downloaded_images/Animals/Cat/image_20241017_102727_17.jpg",
    "conversations": [
      {
        "from": "human",
        "value": "<image>\nWhat type of diet does this animal have (herbivore, carnivore, omnivore)?"
      },
      {
        "from": "gpt",
        "value": "Cats are carnivores."
      }
    ]
  },
  {
    "id": "100023",
    "image": "downloaded_images/Animals/Cat/image_20241017_102809_22.jpg",
    "conversations": [
      {
        "from": "human",
        "value": "<image>\nWhat type of diet does this animal have (herbivore, carnivore, omnivore)?"
      },
      {
        "from": "gpt",
        "value": "Cats are carnivores."
      }
    ]
  },
  {
    "id": "100024",
    "image": "downloaded_images/Animals/Cat/image_20241105_152438_3.jpg",
    "conversations": [
      {
        "from": "human",
        "value": "<image>\nWhat type of diet does this animal have (herbivore, carnivore, omnivore)?"
      },
      {
        "from": "gpt",
        "value": "Cats are carnivores."
      }
    ]
  },
  {
    "id": "100025",
    "image": "downloaded_images/Animals/Cat/image_20241105_152750_24.jpg",
    "conversations": [
      {
        "from": "human",
        "value": "<image>\nWhat type of diet does this animal have (herbivore, carnivore, omnivore)?"
      },
      {
        "from": "gpt",
        "value": "Cats are carnivores."
      }
    ]
  },
  {
    "id": "100026",
    "image": "downloaded_images/Animals/Cat/image_20241105_152438_3.jpg",
    "conversations": [
      {
        "from": "human",
        "value": "<image>\nIs this animal indigenous to a particular region or is it found worldwide?"
      },
      {
        "from": "gpt",
        "value": "Domestic cats are found globally and are not limited to a specific region, although they are descendants of wildcats native to various regions."
      }
    ]
  },
  {
    "id": "100027",
    "image": "downloaded_images/Animals/Cat/image_20241105_152429_2.jpg",
    "conversations": [
      {
        "from": "human",
        "value": "<image>\nIs this animal indigenous to a particular region or is it found worldwide?"
      },
      {
        "from": "gpt",
        "value": "Domestic cats are found globally and are not limited to a specific region, although they are descendants of wildcats native to various regions."
      }
    ]
  },
  {
    "id": "100028",
    "image": "downloaded_images/Animals/Cat/image_20241105_152821_27.jpg",
    "conversations": [
      {
        "from": "human",
        "value": "<image>\nIs this animal indigenous to a particular region or is it found worldwide?"
      },
      {
        "from": "gpt",
        "value": "Domestic cats are found globally and are not limited to a specific region, although they are descendants of wildcats native to various regions."
      }
    ]
  },
  {
    "id": "100029",
    "image": "downloaded_images/Animals/Cat/image_20241017_102718_16.jpg",
    "conversations": [
      {
        "from": "human",
        "value": "<image>\nIs this animal indigenous to a particular region or is it found worldwide?"
      },
      {
        "from": "gpt",
        "value": "Domestic cats are found globally and are not limited to a specific region, although they are descendants of wildcats native to various regions."
      }
    ]
  },
  {
    "id": "100030",
    "image": "downloaded_images/Animals/Cat/image_20241105_152645_17.jpg",
    "conversations": [
      {
        "from": "human",
        "value": "<image>\nIs this animal indigenous to a particular region or is it found worldwide?"
      },
      {
        "from": "gpt",
        "value": "Domestic cats are found globally and are not limited to a specific region, although they are descendants of wildcats native to various regions."
      }
    ]
  },
  {
    "id": "100031",
    "image": "downloaded_images/Animals/Cat/image_20241017_102727_17.jpg",
    "conversations": [
      {
        "from": "human",
        "value": "<image>\nWhat are the reproductive habits of this animal (mating behaviors, gestation period)?"
      },
      {
        "from": "gpt",
        "value": "Cats typically mate in the spring and summer. The gestation period for a cat is about 64 to 67 days, after which they give birth to a litter of kittens, usually ranging from 1 to 8 kittens."
      }
    ]
  },
  {
    "id": "100032",
    "image": "downloaded_images/Animals/Cat/image_20241105_152608_13.jpg",
    "conversations": [
      {
        "from": "human",
        "value": "<image>\nWhat are the reproductive habits of this animal (mating behaviors, gestation period)?"
      },
      {
        "from": "gpt",
        "value": "Cats typically mate in the spring and summer. The gestation period for a cat is about 64 to 67 days, after which they give birth to a litter of kittens, usually ranging from 1 to 8 kittens."
      }
    ]
  },
  {
    "id": "100033",
    "image": "downloaded_images/Animals/Cat/image_20241105_152448_4.jpg",
    "conversations": [
      {
        "from": "human",
        "value": "<image>\nWhat are the reproductive habits of this animal (mating behaviors, gestation period)?"
      },
      {
        "from": "gpt",
        "value": "Cats typically mate in the spring and summer. The gestation period for a cat is about 64 to 67 days, after which they give birth to a litter of kittens, usually ranging from 1 to 8 kittens."
      }
    ]
  },
  {
    "id": "100034",
    "image": "downloaded_images/Animals/Cat/image_20241105_152416_1.jpg",
    "conversations": [
      {
        "from": "human",
        "value": "<image>\nWhat are the reproductive habits of this animal (mating behaviors, gestation period)?"
      },
      {
        "from": "gpt",
        "value": "Cats typically mate in the spring and summer. The gestation period for a cat is about 64 to 67 days, after which they give birth to a litter of kittens, usually ranging from 1 to 8 kittens."
      }
    ]
  },
  {
    "id": "100035",
    "image": "downloaded_images/Animals/Cat/image_20241017_102809_22.jpg",
    "conversations": [
      {
        "from": "human",
        "value": "<image>\nWhat are the reproductive habits of this animal (mating behaviors, gestation period)?"
      },
      {
        "from": "gpt",
        "value": "Cats typically mate in the spring and summer. The gestation period for a cat is about 64 to 67 days, after which they give birth to a litter of kittens, usually ranging from 1 to 8 kittens."
      }
    ]
  },
  {
    "id": "200006",
    "image": "downloaded_images/Animals/Cat/image_20241017_102737_18.jpg",
    "conversations": [
      {
        "from": "human",
        "value": "<image>\nWhat is the usual name for this animal?"
      },
      {
        "from": "gpt",
        "value": "Cat"
      }
    ]
  },
  {
    "id": "200007",
    "image": "downloaded_images/Animals/Cat/image_20241017_102737_18.jpg",
    "conversations": [
      {
        "from": "human",
        "value": "<image>\nWhat family or order categorizes this animal?"
      },
      {
        "from": "gpt",
        "value": "Cats belong to the family Felidae and the order Carnivora."
      }
    ]
  },
  {
    "id": "200008",
    "image": "downloaded_images/Animals/Cat/image_20241017_102645_12.jpg",
    "conversations": [
      {
        "from": "human",
        "value": "<image>\nIs this animal a herbivore, carnivore, or omnivore?"
      },
      {
        "from": "gpt",
        "value": "Cats are carnivores."
      }
    ]
  },
  {
    "id": "200009",
    "image": "downloaded_images/Animals/Cat/image_20241017_102636_11.jpg",
    "conversations": [
      {
        "from": "human",
        "value": "<image>\nDoes this species originate from a specific area, or is it found globally?"
      },
      {
        "from": "gpt",
        "value": "Domestic cats are found globally and are not limited to a specific region, although they are descendants of wildcats native to various regions."
      }
    ]
  },
  {
    "id": "200010",
    "image": "downloaded_images/Animals/Cat/image_20241017_102718_16.jpg",
    "conversations": [
      {
        "from": "human",
        "value": "<image>\nHow does this animal reproduce, including mating habits and gestation duration?"
      },
      {
        "from": "gpt",
        "value": "Cats typically mate in the spring and summer. The gestation period for a cat is about 64 to 67 days, after which they give birth to a litter of kittens, usually ranging from 1 to 8 kittens."
      }
    ]
  },
  {
    "id": "200011",
    "image": "downloaded_images/Animals/Cat/image_20241105_152448_4.jpg",
    "conversations": [
      {
        "from": "human",
        "value": "<image>\nWhat is the usual name for this animal?"
      },
      {
        "from": "gpt",
        "value": "Cat"
      }
    ]
  },
  {
    "id": "200012",
    "image": "downloaded_images/Animals/Cat/image_20241105_152857_28.jpg",
    "conversations": [
      {
        "from": "human",
        "value": "<image>\nWhat is the usual name for this animal?"
      },
      {
        "from": "gpt",
        "value": "Cat"
      }
    ]
  },
  {
    "id": "200013",
    "image": "downloaded_images/Animals/Cat/image_20241105_152729_22.jpg",
    "conversations": [
      {
        "from": "human",
        "value": "<image>\nWhat is the usual name for this animal?"
      },
      {
        "from": "gpt",
        "value": "Cat"
      }
    ]
  },
  {
    "id": "200014",
    "image": "downloaded_images/Animals/Cat/image_20241105_152906_29.jpg",
    "conversations": [
      {
        "from": "human",
        "value": "<image>\nWhat is the usual name for this animal?"
      },
      {
        "from": "gpt",
        "value": "Cat"
      }
    ]
  },
  {
    "id": "200015",
    "image": "downloaded_images/Animals/Cat/image_20241105_152429_2.jpg",
    "conversations": [
      {
        "from": "human",
        "value": "<image>\nWhat is the usual name for this animal?"
      },
      {
        "from": "gpt",
        "value": "Cat"
      }
    ]
  },
  {
    "id": "200016",
    "image": "downloaded_images/Animals/Cat/image_20241105_152729_22.jpg",
    "conversations": [
      {
        "from": "human",
        "value": "<image>\nWhat family or order categorizes this animal?"
      },
      {
        "from": "gpt",
        "value": "Cats belong to the family Felidae and the order Carnivora."
      }
    ]
  },
  {
    "id": "200017",
    "image": "downloaded_images/Animals/Cat/image_20241017_102825_24.jpg",
    "conversations": [
      {
        "from": "human",
        "value": "<image>\nWhat family or order categorizes this animal?"
      },
      {
        "from": "gpt",
        "value": "Cats belong to the family Felidae and the order Carnivora."
      }
    ]
  },
  {
    "id": "200018",
    "image": "downloaded_images/Animals/Cat/image_20241105_152448_4.jpg",
    "conversations": [
      {
        "from": "human",
        "value": "<image>\nWhat family or order categorizes this animal?"
      },
      {
        "from": "gpt",
        "value": "Cats belong to the family Felidae and the order Carnivora."
      }
    ]
  },
  {
    "id": "200019",
    "image": "downloaded_images/Animals/Cat/image_20241017_102520_2.jpg",
    "conversations": [
      {
        "from": "human",
        "value": "<image>\nWhat family or order categorizes this animal?"
      },
      {
        "from": "gpt",
        "value": "Cats belong to the family Felidae and the order Carnivora."
      }
    ]
  },
  {
    "id": "200020",
    "image": "downloaded_images/Animals/Cat/image_20241017_102802_21.jpg",
    "conversations": [
      {
        "from": "human",
        "value": "<image>\nWhat family or order categorizes this animal?"
      },
      {
        "from": "gpt",
        "value": "Cats belong to the family Felidae and the order Carnivora."
      }
    ]
  },
  {
    "id": "200021",
    "image": "downloaded_images/Animals/Cat/image_20241105_152617_14.jpg",
    "conversations": [
      {
        "from": "human",
        "value": "<image>\nIs this animal a herbivore, carnivore, or omnivore?"
      },
      {
        "from": "gpt",
        "value": "Cats are carnivores."
      }
    ]
  },
  {
    "id": "200022",
    "image": "downloaded_images/Animals/Cat/image_20241017_102727_17.jpg",
    "conversations": [
      {
        "from": "human",
        "value": "<image>\nIs this animal a herbivore, carnivore, or omnivore?"
      },
      {
        "from": "gpt",
        "value": "Cats are carnivores."
      }
    ]
  },
  {
    "id": "200023",
    "image": "downloaded_images/Animals/Cat/image_20241017_102809_22.jpg",
    "conversations": [
      {
        "from": "human",
        "value": "<image>\nIs this animal a herbivore, carnivore, or omnivore?"
      },
      {
        "from": "gpt",
        "value": "Cats are carnivores."
      }
    ]
  },
  {
    "id": "200024",
    "image": "downloaded_images/Animals/Cat/image_20241105_152438_3.jpg",
    "conversations": [
      {
        "from": "human",
        "value": "<image>\nIs this animal a herbivore, carnivore, or omnivore?"
      },
      {
        "from": "gpt",
        "value": "Cats are carnivores."
      }
    ]
  },
  {
    "id": "200025",
    "image": "downloaded_images/Animals/Cat/image_20241105_152750_24.jpg",
    "conversations": [
      {
        "from": "human",
        "value": "<image>\nIs this animal a herbivore, carnivore, or omnivore?"
      },
      {
        "from": "gpt",
        "value": "Cats are carnivores."
      }
    ]
  },
  {
    "id": "200026",
    "image": "downloaded_images/Animals/Cat/image_20241105_152438_3.jpg",
    "conversations": [
      {
        "from": "human",
        "value": "<image>\nDoes this species originate from a specific area, or is it found globally?"
      },
      {
        "from": "gpt",
        "value": "Domestic cats are found globally and are not limited to a specific region, although they are descendants of wildcats native to various regions."
      }
    ]
  },
  {
    "id": "200027",
    "image": "downloaded_images/Animals/Cat/image_20241105_152429_2.jpg",
    "conversations": [
      {
        "from": "human",
        "value": "<image>\nDoes this species originate from a specific area, or is it found globally?"
      },
      {
        "from": "gpt",
        "value": "Domestic cats are found globally and are not limited to a specific region, although they are descendants of wildcats native to various regions."
      }
    ]
  },
  {
    "id": "200028",
    "image": "downloaded_images/Animals/Cat/image_20241105_152821_27.jpg",
    "conversations": [
      {
        "from": "human",
        "value": "<image>\nDoes this species originate from a specific area, or is it found globally?"
      },
      {
        "from": "gpt",
        "value": "Domestic cats are found globally and are not limited to a specific region, although they are descendants of wildcats native to various regions."
      }
    ]
  },
  {
    "id": "200029",
    "image": "downloaded_images/Animals/Cat/image_20241017_102718_16.jpg",
    "conversations": [
      {
        "from": "human",
        "value": "<image>\nDoes this species originate from a specific area, or is it found globally?"
      },
      {
        "from": "gpt",
        "value": "Domestic cats are found globally and are not limited to a specific region, although they are descendants of wildcats native to various regions."
      }
    ]
  },
  {
    "id": "200030",
    "image": "downloaded_images/Animals/Cat/image_20241105_152645_17.jpg",
    "conversations": [
      {
        "from": "human",
        "value": "<image>\nDoes this species originate from a specific area, or is it found globally?"
      },
      {
        "from": "gpt",
        "value": "Domestic cats are found globally and are not limited to a specific region, although they are descendants of wildcats native to various regions."
      }
    ]
  },
  {
    "id": "200031",
    "image": "downloaded_images/Animals/Cat/image_20241017_102727_17.jpg",
    "conversations": [
      {
        "from": "human",
        "value": "<image>\nHow does this animal reproduce, including mating habits and gestation duration?"
      },
      {
        "from": "gpt",
        "value": "Cats typically mate in the spring and summer. The gestation period for a cat is about 64 to 67 days, after which they give birth to a litter of kittens, usually ranging from 1 to 8 kittens."
      }
    ]
  },
  {
    "id": "200032",
    "image": "downloaded_images/Animals/Cat/image_20241105_152608_13.jpg",
    "conversations": [
      {
        "from": "human",
        "value": "<image>\nHow does this animal reproduce, including mating habits and gestation duration?"
      },
      {
        "from": "gpt",
        "value": "Cats typically mate in the spring and summer. The gestation period for a cat is about 64 to 67 days, after which they give birth to a litter of kittens, usually ranging from 1 to 8 kittens."
      }
    ]
  },
  {
    "id": "200033",
    "image": "downloaded_images/Animals/Cat/image_20241105_152448_4.jpg",
    "conversations": [
      {
        "from": "human",
        "value": "<image>\nHow does this animal reproduce, including mating habits and gestation duration?"
      },
      {
        "from": "gpt",
        "value": "Cats typically mate in the spring and summer. The gestation period for a cat is about 64 to 67 days, after which they give birth to a litter of kittens, usually ranging from 1 to 8 kittens."
      }
    ]
  },
  {
    "id": "200034",
    "image": "downloaded_images/Animals/Cat/image_20241105_152416_1.jpg",
    "conversations": [
      {
        "from": "human",
        "value": "<image>\nHow does this animal reproduce, including mating habits and gestation duration?"
      },
      {
        "from": "gpt",
        "value": "Cats typically mate in the spring and summer. The gestation period for a cat is about 64 to 67 days, after which they give birth to a litter of kittens, usually ranging from 1 to 8 kittens."
      }
    ]
  },
  {
    "id": "200035",
    "image": "downloaded_images/Animals/Cat/image_20241017_102809_22.jpg",
    "conversations": [
      {
        "from": "human",
        "value": "<image>\nHow does this animal reproduce, including mating habits and gestation duration?"
      },
      {
        "from": "gpt",
        "value": "Cats typically mate in the spring and summer. The gestation period for a cat is about 64 to 67 days, after which they give birth to a litter of kittens, usually ranging from 1 to 8 kittens."
      }
    ]
  },
  {
    "id": "300006",
    "image": "downloaded_images/Animals/Cat/image_20241017_102737_18.jpg",
    "conversations": [
      {
        "from": "human",
        "value": "<image>\nCan you tell me the common name of this species?"
      },
      {
        "from": "gpt",
        "value": "Cat"
      }
    ]
  },
  {
    "id": "300007",
    "image": "downloaded_images/Animals/Cat/image_20241017_102737_18.jpg",
    "conversations": [
      {
        "from": "human",
        "value": "<image>\nIn which family or order is this species classified?"
      },
      {
        "from": "gpt",
        "value": "Cats belong to the family Felidae and the order Carnivora."
      }
    ]
  },
  {
    "id": "300008",
    "image": "downloaded_images/Animals/Cat/image_20241017_102645_12.jpg",
    "conversations": [
      {
        "from": "human",
        "value": "<image>\nWhat kind of foods does this animal consume?"
      },
      {
        "from": "gpt",
        "value": "Cats are carnivores."
      }
    ]
  },
  {
    "id": "300009",
    "image": "downloaded_images/Animals/Cat/image_20241017_102636_11.jpg",
    "conversations": [
      {
        "from": "human",
        "value": "<image>\nIs this animal native to any specific region, or is it distributed all over the world?"
      },
      {
        "from": "gpt",
        "value": "Domestic cats are found globally and are not limited to a specific region, although they are descendants of wildcats native to various regions."
      }
    ]
  },
  {
    "id": "300010",
    "image": "downloaded_images/Animals/Cat/image_20241017_102718_16.jpg",
    "conversations": [
      {
        "from": "human",
        "value": "<image>\nCan you explain the reproduction process of this species (mating habits and gestation)?"
      },
      {
        "from": "gpt",
        "value": "Cats typically mate in the spring and summer. The gestation period for a cat is about 64 to 67 days, after which they give birth to a litter of kittens, usually ranging from 1 to 8 kittens."
      }
    ]
  },
  {
    "id": "300011",
    "image": "downloaded_images/Animals/Cat/image_20241105_152448_4.jpg",
    "conversations": [
      {
        "from": "human",
        "value": "<image>\nCan you tell me the common name of this species?"
      },
      {
        "from": "gpt",
        "value": "Cat"
      }
    ]
  },
  {
    "id": "300012",
    "image": "downloaded_images/Animals/Cat/image_20241105_152857_28.jpg",
    "conversations": [
      {
        "from": "human",
        "value": "<image>\nCan you tell me the common name of this species?"
      },
      {
        "from": "gpt",
        "value": "Cat"
      }
    ]
  },
  {
    "id": "300013",
    "image": "downloaded_images/Animals/Cat/image_20241105_152729_22.jpg",
    "conversations": [
      {
        "from": "human",
        "value": "<image>\nCan you tell me the common name of this species?"
      },
      {
        "from": "gpt",
        "value": "Cat"
      }
    ]
  },
  {
    "id": "300014",
    "image": "downloaded_images/Animals/Cat/image_20241105_152906_29.jpg",
    "conversations": [
      {
        "from": "human",
        "value": "<image>\nCan you tell me the common name of this species?"
      },
      {
        "from": "gpt",
        "value": "Cat"
      }
    ]
  },
  {
    "id": "300015",
    "image": "downloaded_images/Animals/Cat/image_20241105_152429_2.jpg",
    "conversations": [
      {
        "from": "human",
        "value": "<image>\nCan you tell me the common name of this species?"
      },
      {
        "from": "gpt",
        "value": "Cat"
      }
    ]
  },
  {
    "id": "300016",
    "image": "downloaded_images/Animals/Cat/image_20241105_152729_22.jpg",
    "conversations": [
      {
        "from": "human",
        "value": "<image>\nIn which family or order is this species classified?"
      },
      {
        "from": "gpt",
        "value": "Cats belong to the family Felidae and the order Carnivora."
      }
    ]
  },
  {
    "id": "300017",
    "image": "downloaded_images/Animals/Cat/image_20241017_102825_24.jpg",
    "conversations": [
      {
        "from": "human",
        "value": "<image>\nIn which family or order is this species classified?"
      },
      {
        "from": "gpt",
        "value": "Cats belong to the family Felidae and the order Carnivora."
      }
    ]
  },
  {
    "id": "300018",
    "image": "downloaded_images/Animals/Cat/image_20241105_152448_4.jpg",
    "conversations": [
      {
        "from": "human",
        "value": "<image>\nIn which family or order is this species classified?"
      },
      {
        "from": "gpt",
        "value": "Cats belong to the family Felidae and the order Carnivora."
      }
    ]
  },
  {
    "id": "300019",
    "image": "downloaded_images/Animals/Cat/image_20241017_102520_2.jpg",
    "conversations": [
      {
        "from": "human",
        "value": "<image>\nIn which family or order is this species classified?"
      },
      {
        "from": "gpt",
        "value": "Cats belong to the family Felidae and the order Carnivora."
      }
    ]
  },
  {
    "id": "300020",
    "image": "downloaded_images/Animals/Cat/image_20241017_102802_21.jpg",
    "conversations": [
      {
        "from": "human",
        "value": "<image>\nIn which family or order is this species classified?"
      },
      {
        "from": "gpt",
        "value": "Cats belong to the family Felidae and the order Carnivora."
      }
    ]
  },
  {
    "id": "300021",
    "image": "downloaded_images/Animals/Cat/image_20241105_152617_14.jpg",
    "conversations": [
      {
        "from": "human",
        "value": "<image>\nWhat kind of foods does this animal consume?"
      },
      {
        "from": "gpt",
        "value": "Cats are carnivores."
      }
    ]
  },
  {
    "id": "300022",
    "image": "downloaded_images/Animals/Cat/image_20241017_102727_17.jpg",
    "conversations": [
      {
        "from": "human",
        "value": "<image>\nWhat kind of foods does this animal consume?"
      },
      {
        "from": "gpt",
        "value": "Cats are carnivores."
      }
    ]
  },
  {
    "id": "300023",
    "image": "downloaded_images/Animals/Cat/image_20241017_102809_22.jpg",
    "conversations": [
      {
        "from": "human",
        "value": "<image>\nWhat kind of foods does this animal consume?"
      },
      {
        "from": "gpt",
        "value": "Cats are carnivores."
      }
    ]
  },
  {
    "id": "300024",
    "image": "downloaded_images/Animals/Cat/image_20241105_152438_3.jpg",
    "conversations": [
      {
        "from": "human",
        "value": "<image>\nWhat kind of foods does this animal consume?"
      },
      {
        "from": "gpt",
        "value": "Cats are carnivores."
      }
    ]
  },
  {
    "id": "300025",
    "image": "downloaded_images/Animals/Cat/image_20241105_152750_24.jpg",
    "conversations": [
      {
        "from": "human",
        "value": "<image>\nWhat kind of foods does this animal consume?"
      },
      {
        "from": "gpt",
        "value": "Cats are carnivores."
      }
    ]
  },
  {
    "id": "300026",
    "image": "downloaded_images/Animals/Cat/image_20241105_152438_3.jpg",
    "conversations": [
      {
        "from": "human",
        "value": "<image>\nIs this animal native to any specific region, or is it distributed all over the world?"
      },
      {
        "from": "gpt",
        "value": "Domestic cats are found globally and are not limited to a specific region, although they are descendants of wildcats native to various regions."
      }
    ]
  },
  {
    "id": "300027",
    "image": "downloaded_images/Animals/Cat/image_20241105_152429_2.jpg",
    "conversations": [
      {
        "from": "human",
        "value": "<image>\nIs this animal native to any specific region, or is it distributed all over the world?"
      },
      {
        "from": "gpt",
        "value": "Domestic cats are found globally and are not limited to a specific region, although they are descendants of wildcats native to various regions."
      }
    ]
  },
  {
    "id": "300028",
    "image": "downloaded_images/Animals/Cat/image_20241105_152821_27.jpg",
    "conversations": [
      {
        "from": "human",
        "value": "<image>\nIs this animal native to any specific region, or is it distributed all over the world?"
      },
      {
        "from": "gpt",
        "value": "Domestic cats are found globally and are not limited to a specific region, although they are descendants of wildcats native to various regions."
      }
    ]
  },
  {
    "id": "300029",
    "image": "downloaded_images/Animals/Cat/image_20241017_102718_16.jpg",
    "conversations": [
      {
        "from": "human",
        "value": "<image>\nIs this animal native to any specific region, or is it distributed all over the world?"
      },
      {
        "from": "gpt",
        "value": "Domestic cats are found globally and are not limited to a specific region, although they are descendants of wildcats native to various regions."
      }
    ]
  },
  {
    "id": "300030",
    "image": "downloaded_images/Animals/Cat/image_20241105_152645_17.jpg",
    "conversations": [
      {
        "from": "human",
        "value": "<image>\nIs this animal native to any specific region, or is it distributed all over the world?"
      },
      {
        "from": "gpt",
        "value": "Domestic cats are found globally and are not limited to a specific region, although they are descendants of wildcats native to various regions."
      }
    ]
  },
  {
    "id": "300031",
    "image": "downloaded_images/Animals/Cat/image_20241017_102727_17.jpg",
    "conversations": [
      {
        "from": "human",
        "value": "<image>\nCan you explain the reproduction process of this species (mating habits and gestation)?"
      },
      {
        "from": "gpt",
        "value": "Cats typically mate in the spring and summer. The gestation period for a cat is about 64 to 67 days, after which they give birth to a litter of kittens, usually ranging from 1 to 8 kittens."
      }
    ]
  },
  {
    "id": "300032",
    "image": "downloaded_images/Animals/Cat/image_20241105_152608_13.jpg",
    "conversations": [
      {
        "from": "human",
        "value": "<image>\nCan you explain the reproduction process of this species (mating habits and gestation)?"
      },
      {
        "from": "gpt",
        "value": "Cats typically mate in the spring and summer. The gestation period for a cat is about 64 to 67 days, after which they give birth to a litter of kittens, usually ranging from 1 to 8 kittens."
      }
    ]
  },
  {
    "id": "300033",
    "image": "downloaded_images/Animals/Cat/image_20241105_152448_4.jpg",
    "conversations": [
      {
        "from": "human",
        "value": "<image>\nCan you explain the reproduction process of this species (mating habits and gestation)?"
      },
      {
        "from": "gpt",
        "value": "Cats typically mate in the spring and summer. The gestation period for a cat is about 64 to 67 days, after which they give birth to a litter of kittens, usually ranging from 1 to 8 kittens."
      }
    ]
  },
  {
    "id": "300034",
    "image": "downloaded_images/Animals/Cat/image_20241105_152416_1.jpg",
    "conversations": [
      {
        "from": "human",
        "value": "<image>\nCan you explain the reproduction process of this species (mating habits and gestation)?"
      },
      {
        "from": "gpt",
        "value": "Cats typically mate in the spring and summer. The gestation period for a cat is about 64 to 67 days, after which they give birth to a litter of kittens, usually ranging from 1 to 8 kittens."
      }
    ]
  },
  {
    "id": "300035",
    "image": "downloaded_images/Animals/Cat/image_20241017_102809_22.jpg",
    "conversations": [
      {
        "from": "human",
        "value": "<image>\nCan you explain the reproduction process of this species (mating habits and gestation)?"
      },
      {
        "from": "gpt",
        "value": "Cats typically mate in the spring and summer. The gestation period for a cat is about 64 to 67 days, after which they give birth to a litter of kittens, usually ranging from 1 to 8 kittens."
      }
    ]
  },
  {
    "id": "400006",
    "image": "downloaded_images/Animals/Cat/image_20241017_102737_18.jpg",
    "conversations": [
      {
        "from": "human",
        "value": "<image>\nHow is this animal referred to in everyday language?"
      },
      {
        "from": "gpt",
        "value": "Cat"
      }
    ]
  },
  {
    "id": "400007",
    "image": "downloaded_images/Animals/Cat/image_20241017_102737_18.jpg",
    "conversations": [
      {
        "from": "human",
        "value": "<image>\nWhat is the taxonomic family or order of this animal?"
      },
      {
        "from": "gpt",
        "value": "Cats belong to the family Felidae and the order Carnivora."
      }
    ]
  },
  {
    "id": "400008",
    "image": "downloaded_images/Animals/Cat/image_20241017_102645_12.jpg",
    "conversations": [
      {
        "from": "human",
        "value": "<image>\nHow would you classify this animal's eating habits?"
      },
      {
        "from": "gpt",
        "value": "Cats are carnivores."
      }
    ]
  },
  {
    "id": "400009",
    "image": "downloaded_images/Animals/Cat/image_20241017_102636_11.jpg",
    "conversations": [
      {
        "from": "human",
        "value": "<image>\nWhere is this animal primarily found—regionally or globally?"
      },
      {
        "from": "gpt",
        "value": "Domestic cats are found globally and are not limited to a specific region, although they are descendants of wildcats native to various regions."
      }
    ]
  },
  {
    "id": "400010",
    "image": "downloaded_images/Animals/Cat/image_20241017_102718_16.jpg",
    "conversations": [
      {
        "from": "human",
        "value": "<image>\nWhat are the details of this animal's reproduction, such as mating behaviors and how long it is pregnant?"
      },
      {
        "from": "gpt",
        "value": "Cats typically mate in the spring and summer. The gestation period for a cat is about 64 to 67 days, after which they give birth to a litter of kittens, usually ranging from 1 to 8 kittens."
      }
    ]
  },
  {
    "id": "400011",
    "image": "downloaded_images/Animals/Cat/image_20241105_152448_4.jpg",
    "conversations": [
      {
        "from": "human",
        "value": "<image>\nHow is this animal referred to in everyday language?"
      },
      {
        "from": "gpt",
        "value": "Cat"
      }
    ]
  },
  {
    "id": "400012",
    "image": "downloaded_images/Animals/Cat/image_20241105_152857_28.jpg",
    "conversations": [
      {
        "from": "human",
        "value": "<image>\nHow is this animal referred to in everyday language?"
      },
      {
        "from": "gpt",
        "value": "Cat"
      }
    ]
  },
  {
    "id": "400013",
    "image": "downloaded_images/Animals/Cat/image_20241105_152729_22.jpg",
    "conversations": [
      {
        "from": "human",
        "value": "<image>\nHow is this animal referred to in everyday language?"
      },
      {
        "from": "gpt",
        "value": "Cat"
      }
    ]
  },
  {
    "id": "400014",
    "image": "downloaded_images/Animals/Cat/image_20241105_152906_29.jpg",
    "conversations": [
      {
        "from": "human",
        "value": "<image>\nHow is this animal referred to in everyday language?"
      },
      {
        "from": "gpt",
        "value": "Cat"
      }
    ]
  },
  {
    "id": "400015",
    "image": "downloaded_images/Animals/Cat/image_20241105_152429_2.jpg",
    "conversations": [
      {
        "from": "human",
        "value": "<image>\nHow is this animal referred to in everyday language?"
      },
      {
        "from": "gpt",
        "value": "Cat"
      }
    ]
  },
  {
    "id": "400016",
    "image": "downloaded_images/Animals/Cat/image_20241105_152729_22.jpg",
    "conversations": [
      {
        "from": "human",
        "value": "<image>\nWhat is the taxonomic family or order of this animal?"
      },
      {
        "from": "gpt",
        "value": "Cats belong to the family Felidae and the order Carnivora."
      }
    ]
  },
  {
    "id": "400017",
    "image": "downloaded_images/Animals/Cat/image_20241017_102825_24.jpg",
    "conversations": [
      {
        "from": "human",
        "value": "<image>\nWhat is the taxonomic family or order of this animal?"
      },
      {
        "from": "gpt",
        "value": "Cats belong to the family Felidae and the order Carnivora."
      }
    ]
  },
  {
    "id": "400018",
    "image": "downloaded_images/Animals/Cat/image_20241105_152448_4.jpg",
    "conversations": [
      {
        "from": "human",
        "value": "<image>\nWhat is the taxonomic family or order of this animal?"
      },
      {
        "from": "gpt",
        "value": "Cats belong to the family Felidae and the order Carnivora."
      }
    ]
  },
  {
    "id": "400019",
    "image": "downloaded_images/Animals/Cat/image_20241017_102520_2.jpg",
    "conversations": [
      {
        "from": "human",
        "value": "<image>\nWhat is the taxonomic family or order of this animal?"
      },
      {
        "from": "gpt",
        "value": "Cats belong to the family Felidae and the order Carnivora."
      }
    ]
  },
  {
    "id": "400020",
    "image": "downloaded_images/Animals/Cat/image_20241017_102802_21.jpg",
    "conversations": [
      {
        "from": "human",
        "value": "<image>\nWhat is the taxonomic family or order of this animal?"
      },
      {
        "from": "gpt",
        "value": "Cats belong to the family Felidae and the order Carnivora."
      }
    ]
  },
  {
    "id": "400021",
    "image": "downloaded_images/Animals/Cat/image_20241105_152617_14.jpg",
    "conversations": [
      {
        "from": "human",
        "value": "<image>\nHow would you classify this animal's eating habits?"
      },
      {
        "from": "gpt",
        "value": "Cats are carnivores."
      }
    ]
  },
  {
    "id": "400022",
    "image": "downloaded_images/Animals/Cat/image_20241017_102727_17.jpg",
    "conversations": [
      {
        "from": "human",
        "value": "<image>\nHow would you classify this animal's eating habits?"
      },
      {
        "from": "gpt",
        "value": "Cats are carnivores."
      }
    ]
  },
  {
    "id": "400023",
    "image": "downloaded_images/Animals/Cat/image_20241017_102809_22.jpg",
    "conversations": [
      {
        "from": "human",
        "value": "<image>\nHow would you classify this animal's eating habits?"
      },
      {
        "from": "gpt",
        "value": "Cats are carnivores."
      }
    ]
  },
  {
    "id": "400024",
    "image": "downloaded_images/Animals/Cat/image_20241105_152438_3.jpg",
    "conversations": [
      {
        "from": "human",
        "value": "<image>\nHow would you classify this animal's eating habits?"
      },
      {
        "from": "gpt",
        "value": "Cats are carnivores."
      }
    ]
  },
  {
    "id": "400025",
    "image": "downloaded_images/Animals/Cat/image_20241105_152750_24.jpg",
    "conversations": [
      {
        "from": "human",
        "value": "<image>\nHow would you classify this animal's eating habits?"
      },
      {
        "from": "gpt",
        "value": "Cats are carnivores."
      }
    ]
  },
  {
    "id": "400026",
    "image": "downloaded_images/Animals/Cat/image_20241105_152438_3.jpg",
    "conversations": [
      {
        "from": "human",
        "value": "<image>\nWhere is this animal primarily found—regionally or globally?"
      },
      {
        "from": "gpt",
        "value": "Domestic cats are found globally and are not limited to a specific region, although they are descendants of wildcats native to various regions."
      }
    ]
  },
  {
    "id": "400027",
    "image": "downloaded_images/Animals/Cat/image_20241105_152429_2.jpg",
    "conversations": [
      {
        "from": "human",
        "value": "<image>\nWhere is this animal primarily found—regionally or globally?"
      },
      {
        "from": "gpt",
        "value": "Domestic cats are found globally and are not limited to a specific region, although they are descendants of wildcats native to various regions."
      }
    ]
  },
  {
    "id": "400028",
    "image": "downloaded_images/Animals/Cat/image_20241105_152821_27.jpg",
    "conversations": [
      {
        "from": "human",
        "value": "<image>\nWhere is this animal primarily found—regionally or globally?"
      },
      {
        "from": "gpt",
        "value": "Domestic cats are found globally and are not limited to a specific region, although they are descendants of wildcats native to various regions."
      }
    ]
  },
  {
    "id": "400029",
    "image": "downloaded_images/Animals/Cat/image_20241017_102718_16.jpg",
    "conversations": [
      {
        "from": "human",
        "value": "<image>\nWhere is this animal primarily found—regionally or globally?"
      },
      {
        "from": "gpt",
        "value": "Domestic cats are found globally and are not limited to a specific region, although they are descendants of wildcats native to various regions."
      }
    ]
  },
  {
    "id": "400030",
    "image": "downloaded_images/Animals/Cat/image_20241105_152645_17.jpg",
    "conversations": [
      {
        "from": "human",
        "value": "<image>\nWhere is this animal primarily found—regionally or globally?"
      },
      {
        "from": "gpt",
        "value": "Domestic cats are found globally and are not limited to a specific region, although they are descendants of wildcats native to various regions."
      }
    ]
  },
  {
    "id": "400031",
    "image": "downloaded_images/Animals/Cat/image_20241017_102727_17.jpg",
    "conversations": [
      {
        "from": "human",
        "value": "<image>\nWhat are the details of this animal's reproduction, such as mating behaviors and how long it is pregnant?"
      },
      {
        "from": "gpt",
        "value": "Cats typically mate in the spring and summer. The gestation period for a cat is about 64 to 67 days, after which they give birth to a litter of kittens, usually ranging from 1 to 8 kittens."
      }
    ]
  },
  {
    "id": "400032",
    "image": "downloaded_images/Animals/Cat/image_20241105_152608_13.jpg",
    "conversations": [
      {
        "from": "human",
        "value": "<image>\nWhat are the details of this animal's reproduction, such as mating behaviors and how long it is pregnant?"
      },
      {
        "from": "gpt",
        "value": "Cats typically mate in the spring and summer. The gestation period for a cat is about 64 to 67 days, after which they give birth to a litter of kittens, usually ranging from 1 to 8 kittens."
      }
    ]
  },
  {
    "id": "400033",
    "image": "downloaded_images/Animals/Cat/image_20241105_152448_4.jpg",
    "conversations": [
      {
        "from": "human",
        "value": "<image>\nWhat are the details of this animal's reproduction, such as mating behaviors and how long it is pregnant?"
      },
      {
        "from": "gpt",
        "value": "Cats typically mate in the spring and summer. The gestation period for a cat is about 64 to 67 days, after which they give birth to a litter of kittens, usually ranging from 1 to 8 kittens."
      }
    ]
  },
  {
    "id": "400034",
    "image": "downloaded_images/Animals/Cat/image_20241105_152416_1.jpg",
    "conversations": [
      {
        "from": "human",
        "value": "<image>\nWhat are the details of this animal's reproduction, such as mating behaviors and how long it is pregnant?"
      },
      {
        "from": "gpt",
        "value": "Cats typically mate in the spring and summer. The gestation period for a cat is about 64 to 67 days, after which they give birth to a litter of kittens, usually ranging from 1 to 8 kittens."
      }
    ]
  },
  {
    "id": "400035",
    "image": "downloaded_images/Animals/Cat/image_20241017_102809_22.jpg",
    "conversations": [
      {
        "from": "human",
        "value": "<image>\nWhat are the details of this animal's reproduction, such as mating behaviors and how long it is pregnant?"
      },
      {
        "from": "gpt",
        "value": "Cats typically mate in the spring and summer. The gestation period for a cat is about 64 to 67 days, after which they give birth to a litter of kittens, usually ranging from 1 to 8 kittens."
      }
    ]
  }
]