[
  {
    "id": "16",
    "image": "downloaded_images/Movies/Forrest_Gump/image_20241018_131954_3.jpg",
    "conversations": [
      {
        "from": "human",
        "value": "<image>\nWhen was this film released?"
      },
      {
        "from": "gpt",
        "value": "\"Forrest Gump\" was released on July 6, 1994."
      }
    ]
  },
  {
    "id": "17",
    "image": "downloaded_images/Movies/Forrest_Gump/image_20241018_132001_4.jpg",
    "conversations": [
      {
        "from": "human",
        "value": "<image>\nWho are the main actors or actresses in this movie?"
      },
      {
        "from": "gpt",
        "value": "The main actors in the movie include Tom Hanks (Forrest Gump), Robin Wright (Jenny Curran), Gary Sinise (Lieutenant Dan Taylor), and Sally Field (Mrs. Gump)."
      }
    ]
  },
  {
    "id": "18",
    "image": "downloaded_images/Movies/Forrest_Gump/image_20241018_132001_4.jpg",
    "conversations": [
      {
        "from": "human",
        "value": "<image>\nWhat is the central plot or storyline of this movie?"
      },
      {
        "from": "gpt",
        "value": "The central plot of \"Forrest Gump\" follows the life of a simple man with a low IQ, Forrest Gump, who inadvertently influences several historical events in the 20th century while pursuing his childhood love, Jenny. Despite his challenges, Forrest's kindness and determination lead him through a series of extraordinary experiences, including serving in the Vietnam War, becoming a ping-pong champion, and running across the country, all while remaining devoted to Jenny. The film explores themes of love, destiny, and the impact of one individual on the world around them."
      }
    ]
  },
  {
    "id": "19",
    "image": "downloaded_images/Movies/Forrest_Gump/image_20241107_104806_12.jpg",
    "conversations": [
      {
        "from": "human",
        "value": "<image>\nWhen was this film released?"
      },
      {
        "from": "gpt",
        "value": "\"Forrest Gump\" was released on July 6, 1994."
      }
    ]
  },
  {
    "id": "20",
    "image": "downloaded_images/Movies/Forrest_Gump/image_20241107_105103_29.jpg",
    "conversations": [
      {
        "from": "human",
        "value": "<image>\nWhen was this film released?"
      },
      {
        "from": "gpt",
        "value": "\"Forrest Gump\" was released on July 6, 1994."
      }
    ]
  },
  {
    "id": "21",
    "image": "downloaded_images/Movies/Forrest_Gump/image_20241107_104815_13.jpg",
    "conversations": [
      {
        "from": "human",
        "value": "<image>\nWhen was this film released?"
      },
      {
        "from": "gpt",
        "value": "\"Forrest Gump\" was released on July 6, 1994."
      }
    ]
  },
  {
    "id": "22",
    "image": "downloaded_images/Movies/Forrest_Gump/image_20241107_104750_10.jpg",
    "conversations": [
      {
        "from": "human",
        "value": "<image>\nWhen was this film released?"
      },
      {
        "from": "gpt",
        "value": "\"Forrest Gump\" was released on July 6, 1994."
      }
    ]
  },
  {
    "id": "23",
    "image": "downloaded_images/Movies/Forrest_Gump/image_20241107_104732_8.jpg",
    "conversations": [
      {
        "from": "human",
        "value": "<image>\nWhen was this film released?"
      },
      {
        "from": "gpt",
        "value": "\"Forrest Gump\" was released on July 6, 1994."
      }
    ]
  },
  {
    "id": "24",
    "image": "downloaded_images/Movies/Forrest_Gump/image_20241107_104908_16.jpg",
    "conversations": [
      {
        "from": "human",
        "value": "<image>\nWho are the main actors or actresses in this movie?"
      },
      {
        "from": "gpt",
        "value": "The main actors in the movie include Tom Hanks (Forrest Gump), Robin Wright (Jenny Curran), Gary Sinise (Lieutenant Dan Taylor), and Sally Field (Mrs. Gump)."
      }
    ]
  },
  {
    "id": "25",
    "image": "downloaded_images/Movies/Forrest_Gump/image_20241107_104650_3.jpg",
    "conversations": [
      {
        "from": "human",
        "value": "<image>\nWho are the main actors or actresses in this movie?"
      },
      {
        "from": "gpt",
        "value": "The main actors in the movie include Tom Hanks (Forrest Gump), Robin Wright (Jenny Curran), Gary Sinise (Lieutenant Dan Taylor), and Sally Field (Mrs. Gump)."
      }
    ]
  },
  {
    "id": "26",
    "image": "downloaded_images/Movies/Forrest_Gump/image_20241107_105018_24.jpg",
    "conversations": [
      {
        "from": "human",
        "value": "<image>\nWho are the main actors or actresses in this movie?"
      },
      {
        "from": "gpt",
        "value": "The main actors in the movie include Tom Hanks (Forrest Gump), Robin Wright (Jenny Curran), Gary Sinise (Lieutenant Dan Taylor), and Sally Field (Mrs. Gump)."
      }
    ]
  },
  {
    "id": "27",
    "image": "downloaded_images/Movies/Forrest_Gump/image_20241107_104658_4.jpg",
    "conversations": [
      {
        "from": "human",
        "value": "<image>\nWho are the main actors or actresses in this movie?"
      },
      {
        "from": "gpt",
        "value": "The main actors in the movie include Tom Hanks (Forrest Gump), Robin Wright (Jenny Curran), Gary Sinise (Lieutenant Dan Taylor), and Sally Field (Mrs. Gump)."
      }
    ]
  },
  {
    "id": "28",
    "image": "downloaded_images/Movies/Forrest_Gump/image_20241107_104750_10.jpg",
    "conversations": [
      {
        "from": "human",
        "value": "<image>\nWho are the main actors or actresses in this movie?"
      },
      {
        "from": "gpt",
        "value": "The main actors in the movie include Tom Hanks (Forrest Gump), Robin Wright (Jenny Curran), Gary Sinise (Lieutenant Dan Taylor), and Sally Field (Mrs. Gump)."
      }
    ]
  },
  {
    "id": "29",
    "image": "downloaded_images/Movies/Forrest_Gump/image_20241107_104638_2.jpg",
    "conversations": [
      {
        "from": "human",
        "value": "<image>\nWhat is the central plot or storyline of this movie?"
      },
      {
        "from": "gpt",
        "value": "The central plot of \"Forrest Gump\" follows the life of a simple man with a low IQ, Forrest Gump, who inadvertently influences several historical events in the 20th century while pursuing his childhood love, Jenny. Despite his challenges, Forrest's kindness and determination lead him through a series of extraordinary experiences, including serving in the Vietnam War, becoming a ping-pong champion, and running across the country, all while remaining devoted to Jenny. The film explores themes of love, destiny, and the impact of one individual on the world around them."
      }
    ]
  },
  {
    "id": "30",
    "image": "downloaded_images/Movies/Forrest_Gump/image_20241107_104650_3.jpg",
    "conversations": [
      {
        "from": "human",
        "value": "<image>\nWhat is the central plot or storyline of this movie?"
      },
      {
        "from": "gpt",
        "value": "The central plot of \"Forrest Gump\" follows the life of a simple man with a low IQ, Forrest Gump, who inadvertently influences several historical events in the 20th century while pursuing his childhood love, Jenny. Despite his challenges, Forrest's kindness and determination lead him through a series of extraordinary experiences, including serving in the Vietnam War, becoming a ping-pong champion, and running across the country, all while remaining devoted to Jenny. The film explores themes of love, destiny, and the impact of one individual on the world around them."
      }
    ]
  },
  {
    "id": "31",
    "image": "downloaded_images/Movies/Forrest_Gump/image_20241107_104952_21.jpg",
    "conversations": [
      {
        "from": "human",
        "value": "<image>\nWhat is the central plot or storyline of this movie?"
      },
      {
        "from": "gpt",
        "value": "The central plot of \"Forrest Gump\" follows the life of a simple man with a low IQ, Forrest Gump, who inadvertently influences several historical events in the 20th century while pursuing his childhood love, Jenny. Despite his challenges, Forrest's kindness and determination lead him through a series of extraordinary experiences, including serving in the Vietnam War, becoming a ping-pong champion, and running across the country, all while remaining devoted to Jenny. The film explores themes of love, destiny, and the impact of one individual on the world around them."
      }
    ]
  },
  {
    "id": "32",
    "image": "downloaded_images/Movies/Forrest_Gump/image_20241107_104806_12.jpg",
    "conversations": [
      {
        "from": "human",
        "value": "<image>\nWhat is the central plot or storyline of this movie?"
      },
      {
        "from": "gpt",
        "value": "The central plot of \"Forrest Gump\" follows the life of a simple man with a low IQ, Forrest Gump, who inadvertently influences several historical events in the 20th century while pursuing his childhood love, Jenny. Despite his challenges, Forrest's kindness and determination lead him through a series of extraordinary experiences, including serving in the Vietnam War, becoming a ping-pong champion, and running across the country, all while remaining devoted to Jenny. The film explores themes of love, destiny, and the impact of one individual on the world around them."
      }
    ]
  },
  {
    "id": "33",
    "image": "downloaded_images/Movies/Forrest_Gump/image_20241107_105103_29.jpg",
    "conversations": [
      {
        "from": "human",
        "value": "<image>\nWhat is the central plot or storyline of this movie?"
      },
      {
        "from": "gpt",
        "value": "The central plot of \"Forrest Gump\" follows the life of a simple man with a low IQ, Forrest Gump, who inadvertently influences several historical events in the 20th century while pursuing his childhood love, Jenny. Despite his challenges, Forrest's kindness and determination lead him through a series of extraordinary experiences, including serving in the Vietnam War, becoming a ping-pong champion, and running across the country, all while remaining devoted to Jenny. The film explores themes of love, destiny, and the impact of one individual on the world around them."
      }
    ]
  },
  {
    "id": "100016",
    "image": "downloaded_images/Movies/Forrest_Gump/image_20241018_131954_3.jpg",
    "conversations": [
      {
        "from": "human",
        "value": "<image>\nWhen did this movie come out?"
      },
      {
        "from": "gpt",
        "value": "\"Forrest Gump\" was released on July 6, 1994."
      }
    ]
  },
  {
    "id": "100017",
    "image": "downloaded_images/Movies/Forrest_Gump/image_20241018_132001_4.jpg",
    "conversations": [
      {
        "from": "human",
        "value": "<image>\nWho are the lead actors or actresses in this movie?"
      },
      {
        "from": "gpt",
        "value": "The main actors in the movie include Tom Hanks (Forrest Gump), Robin Wright (Jenny Curran), Gary Sinise (Lieutenant Dan Taylor), and Sally Field (Mrs. Gump)."
      }
    ]
  },
  {
    "id": "100018",
    "image": "downloaded_images/Movies/Forrest_Gump/image_20241018_132001_4.jpg",
    "conversations": [
      {
        "from": "human",
        "value": "<image>\nWhat is the main plot or storyline of this movie?"
      },
      {
        "from": "gpt",
        "value": "The central plot of \"Forrest Gump\" follows the life of a simple man with a low IQ, Forrest Gump, who inadvertently influences several historical events in the 20th century while pursuing his childhood love, Jenny. Despite his challenges, Forrest's kindness and determination lead him through a series of extraordinary experiences, including serving in the Vietnam War, becoming a ping-pong champion, and running across the country, all while remaining devoted to Jenny. The film explores themes of love, destiny, and the impact of one individual on the world around them."
      }
    ]
  },
  {
    "id": "100019",
    "image": "downloaded_images/Movies/Forrest_Gump/image_20241107_104806_12.jpg",
    "conversations": [
      {
        "from": "human",
        "value": "<image>\nWhen did this movie come out?"
      },
      {
        "from": "gpt",
        "value": "\"Forrest Gump\" was released on July 6, 1994."
      }
    ]
  },
  {
    "id": "100020",
    "image": "downloaded_images/Movies/Forrest_Gump/image_20241107_105103_29.jpg",
    "conversations": [
      {
        "from": "human",
        "value": "<image>\nWhen did this movie come out?"
      },
      {
        "from": "gpt",
        "value": "\"Forrest Gump\" was released on July 6, 1994."
      }
    ]
  },
  {
    "id": "100021",
    "image": "downloaded_images/Movies/Forrest_Gump/image_20241107_104815_13.jpg",
    "conversations": [
      {
        "from": "human",
        "value": "<image>\nWhen did this movie come out?"
      },
      {
        "from": "gpt",
        "value": "\"Forrest Gump\" was released on July 6, 1994."
      }
    ]
  },
  {
    "id": "100022",
    "image": "downloaded_images/Movies/Forrest_Gump/image_20241107_104750_10.jpg",
    "conversations": [
      {
        "from": "human",
        "value": "<image>\nWhen did this movie come out?"
      },
      {
        "from": "gpt",
        "value": "\"Forrest Gump\" was released on July 6, 1994."
      }
    ]
  },
  {
    "id": "100023",
    "image": "downloaded_images/Movies/Forrest_Gump/image_20241107_104732_8.jpg",
    "conversations": [
      {
        "from": "human",
        "value": "<image>\nWhen did this movie come out?"
      },
      {
        "from": "gpt",
        "value": "\"Forrest Gump\" was released on July 6, 1994."
      }
    ]
  },
  {
    "id": "100024",
    "image": "downloaded_images/Movies/Forrest_Gump/image_20241107_104908_16.jpg",
    "conversations": [
      {
        "from": "human",
        "value": "<image>\nWho are the lead actors or actresses in this movie?"
      },
      {
        "from": "gpt",
        "value": "The main actors in the movie include Tom Hanks (Forrest Gump), Robin Wright (Jenny Curran), Gary Sinise (Lieutenant Dan Taylor), and Sally Field (Mrs. Gump)."
      }
    ]
  },
  {
    "id": "100025",
    "image": "downloaded_images/Movies/Forrest_Gump/image_20241107_104650_3.jpg",
    "conversations": [
      {
        "from": "human",
        "value": "<image>\nWho are the lead actors or actresses in this movie?"
      },
      {
        "from": "gpt",
        "value": "The main actors in the movie include Tom Hanks (Forrest Gump), Robin Wright (Jenny Curran), Gary Sinise (Lieutenant Dan Taylor), and Sally Field (Mrs. Gump)."
      }
    ]
  },
  {
    "id": "100026",
    "image": "downloaded_images/Movies/Forrest_Gump/image_20241107_105018_24.jpg",
    "conversations": [
      {
        "from": "human",
        "value": "<image>\nWho are the lead actors or actresses in this movie?"
      },
      {
        "from": "gpt",
        "value": "The main actors in the movie include Tom Hanks (Forrest Gump), Robin Wright (Jenny Curran), Gary Sinise (Lieutenant Dan Taylor), and Sally Field (Mrs. Gump)."
      }
    ]
  },
  {
    "id": "100027",
    "image": "downloaded_images/Movies/Forrest_Gump/image_20241107_104658_4.jpg",
    "conversations": [
      {
        "from": "human",
        "value": "<image>\nWho are the lead actors or actresses in this movie?"
      },
      {
        "from": "gpt",
        "value": "The main actors in the movie include Tom Hanks (Forrest Gump), Robin Wright (Jenny Curran), Gary Sinise (Lieutenant Dan Taylor), and Sally Field (Mrs. Gump)."
      }
    ]
  },
  {
    "id": "100028",
    "image": "downloaded_images/Movies/Forrest_Gump/image_20241107_104750_10.jpg",
    "conversations": [
      {
        "from": "human",
        "value": "<image>\nWho are the lead actors or actresses in this movie?"
      },
      {
        "from": "gpt",
        "value": "The main actors in the movie include Tom Hanks (Forrest Gump), Robin Wright (Jenny Curran), Gary Sinise (Lieutenant Dan Taylor), and Sally Field (Mrs. Gump)."
      }
    ]
  },
  {
    "id": "100029",
    "image": "downloaded_images/Movies/Forrest_Gump/image_20241107_104638_2.jpg",
    "conversations": [
      {
        "from": "human",
        "value": "<image>\nWhat is the main plot or storyline of this movie?"
      },
      {
        "from": "gpt",
        "value": "The central plot of \"Forrest Gump\" follows the life of a simple man with a low IQ, Forrest Gump, who inadvertently influences several historical events in the 20th century while pursuing his childhood love, Jenny. Despite his challenges, Forrest's kindness and determination lead him through a series of extraordinary experiences, including serving in the Vietnam War, becoming a ping-pong champion, and running across the country, all while remaining devoted to Jenny. The film explores themes of love, destiny, and the impact of one individual on the world around them."
      }
    ]
  },
  {
    "id": "100030",
    "image": "downloaded_images/Movies/Forrest_Gump/image_20241107_104650_3.jpg",
    "conversations": [
      {
        "from": "human",
        "value": "<image>\nWhat is the main plot or storyline of this movie?"
      },
      {
        "from": "gpt",
        "value": "The central plot of \"Forrest Gump\" follows the life of a simple man with a low IQ, Forrest Gump, who inadvertently influences several historical events in the 20th century while pursuing his childhood love, Jenny. Despite his challenges, Forrest's kindness and determination lead him through a series of extraordinary experiences, including serving in the Vietnam War, becoming a ping-pong champion, and running across the country, all while remaining devoted to Jenny. The film explores themes of love, destiny, and the impact of one individual on the world around them."
      }
    ]
  },
  {
    "id": "100031",
    "image": "downloaded_images/Movies/Forrest_Gump/image_20241107_104952_21.jpg",
    "conversations": [
      {
        "from": "human",
        "value": "<image>\nWhat is the main plot or storyline of this movie?"
      },
      {
        "from": "gpt",
        "value": "The central plot of \"Forrest Gump\" follows the life of a simple man with a low IQ, Forrest Gump, who inadvertently influences several historical events in the 20th century while pursuing his childhood love, Jenny. Despite his challenges, Forrest's kindness and determination lead him through a series of extraordinary experiences, including serving in the Vietnam War, becoming a ping-pong champion, and running across the country, all while remaining devoted to Jenny. The film explores themes of love, destiny, and the impact of one individual on the world around them."
      }
    ]
  },
  {
    "id": "100032",
    "image": "downloaded_images/Movies/Forrest_Gump/image_20241107_104806_12.jpg",
    "conversations": [
      {
        "from": "human",
        "value": "<image>\nWhat is the main plot or storyline of this movie?"
      },
      {
        "from": "gpt",
        "value": "The central plot of \"Forrest Gump\" follows the life of a simple man with a low IQ, Forrest Gump, who inadvertently influences several historical events in the 20th century while pursuing his childhood love, Jenny. Despite his challenges, Forrest's kindness and determination lead him through a series of extraordinary experiences, including serving in the Vietnam War, becoming a ping-pong champion, and running across the country, all while remaining devoted to Jenny. The film explores themes of love, destiny, and the impact of one individual on the world around them."
      }
    ]
  },
  {
    "id": "100033",
    "image": "downloaded_images/Movies/Forrest_Gump/image_20241107_105103_29.jpg",
    "conversations": [
      {
        "from": "human",
        "value": "<image>\nWhat is the main plot or storyline of this movie?"
      },
      {
        "from": "gpt",
        "value": "The central plot of \"Forrest Gump\" follows the life of a simple man with a low IQ, Forrest Gump, who inadvertently influences several historical events in the 20th century while pursuing his childhood love, Jenny. Despite his challenges, Forrest's kindness and determination lead him through a series of extraordinary experiences, including serving in the Vietnam War, becoming a ping-pong champion, and running across the country, all while remaining devoted to Jenny. The film explores themes of love, destiny, and the impact of one individual on the world around them."
      }
    ]
  },
  {
    "id": "200016",
    "image": "downloaded_images/Movies/Forrest_Gump/image_20241018_131954_3.jpg",
    "conversations": [
      {
        "from": "human",
        "value": "<image>\nWhat year was this film released?"
      },
      {
        "from": "gpt",
        "value": "\"Forrest Gump\" was released on July 6, 1994."
      }
    ]
  },
  {
    "id": "200017",
    "image": "downloaded_images/Movies/Forrest_Gump/image_20241018_132001_4.jpg",
    "conversations": [
      {
        "from": "human",
        "value": "<image>\nWho plays the main roles in this film?"
      },
      {
        "from": "gpt",
        "value": "The main actors in the movie include Tom Hanks (Forrest Gump), Robin Wright (Jenny Curran), Gary Sinise (Lieutenant Dan Taylor), and Sally Field (Mrs. Gump)."
      }
    ]
  },
  {
    "id": "200018",
    "image": "downloaded_images/Movies/Forrest_Gump/image_20241018_132001_4.jpg",
    "conversations": [
      {
        "from": "human",
        "value": "<image>\nWhat is the central theme of this film?"
      },
      {
        "from": "gpt",
        "value": "The central plot of \"Forrest Gump\" follows the life of a simple man with a low IQ, Forrest Gump, who inadvertently influences several historical events in the 20th century while pursuing his childhood love, Jenny. Despite his challenges, Forrest's kindness and determination lead him through a series of extraordinary experiences, including serving in the Vietnam War, becoming a ping-pong champion, and running across the country, all while remaining devoted to Jenny. The film explores themes of love, destiny, and the impact of one individual on the world around them."
      }
    ]
  },
  {
    "id": "200019",
    "image": "downloaded_images/Movies/Forrest_Gump/image_20241107_104806_12.jpg",
    "conversations": [
      {
        "from": "human",
        "value": "<image>\nWhat year was this film released?"
      },
      {
        "from": "gpt",
        "value": "\"Forrest Gump\" was released on July 6, 1994."
      }
    ]
  },
  {
    "id": "200020",
    "image": "downloaded_images/Movies/Forrest_Gump/image_20241107_105103_29.jpg",
    "conversations": [
      {
        "from": "human",
        "value": "<image>\nWhat year was this film released?"
      },
      {
        "from": "gpt",
        "value": "\"Forrest Gump\" was released on July 6, 1994."
      }
    ]
  },
  {
    "id": "200021",
    "image": "downloaded_images/Movies/Forrest_Gump/image_20241107_104815_13.jpg",
    "conversations": [
      {
        "from": "human",
        "value": "<image>\nWhat year was this film released?"
      },
      {
        "from": "gpt",
        "value": "\"Forrest Gump\" was released on July 6, 1994."
      }
    ]
  },
  {
    "id": "200022",
    "image": "downloaded_images/Movies/Forrest_Gump/image_20241107_104750_10.jpg",
    "conversations": [
      {
        "from": "human",
        "value": "<image>\nWhat year was this film released?"
      },
      {
        "from": "gpt",
        "value": "\"Forrest Gump\" was released on July 6, 1994."
      }
    ]
  },
  {
    "id": "200023",
    "image": "downloaded_images/Movies/Forrest_Gump/image_20241107_104732_8.jpg",
    "conversations": [
      {
        "from": "human",
        "value": "<image>\nWhat year was this film released?"
      },
      {
        "from": "gpt",
        "value": "\"Forrest Gump\" was released on July 6, 1994."
      }
    ]
  },
  {
    "id": "200024",
    "image": "downloaded_images/Movies/Forrest_Gump/image_20241107_104908_16.jpg",
    "conversations": [
      {
        "from": "human",
        "value": "<image>\nWho plays the main roles in this film?"
      },
      {
        "from": "gpt",
        "value": "The main actors in the movie include Tom Hanks (Forrest Gump), Robin Wright (Jenny Curran), Gary Sinise (Lieutenant Dan Taylor), and Sally Field (Mrs. Gump)."
      }
    ]
  },
  {
    "id": "200025",
    "image": "downloaded_images/Movies/Forrest_Gump/image_20241107_104650_3.jpg",
    "conversations": [
      {
        "from": "human",
        "value": "<image>\nWho plays the main roles in this film?"
      },
      {
        "from": "gpt",
        "value": "The main actors in the movie include Tom Hanks (Forrest Gump), Robin Wright (Jenny Curran), Gary Sinise (Lieutenant Dan Taylor), and Sally Field (Mrs. Gump)."
      }
    ]
  },
  {
    "id": "200026",
    "image": "downloaded_images/Movies/Forrest_Gump/image_20241107_105018_24.jpg",
    "conversations": [
      {
        "from": "human",
        "value": "<image>\nWho plays the main roles in this film?"
      },
      {
        "from": "gpt",
        "value": "The main actors in the movie include Tom Hanks (Forrest Gump), Robin Wright (Jenny Curran), Gary Sinise (Lieutenant Dan Taylor), and Sally Field (Mrs. Gump)."
      }
    ]
  },
  {
    "id": "200027",
    "image": "downloaded_images/Movies/Forrest_Gump/image_20241107_104658_4.jpg",
    "conversations": [
      {
        "from": "human",
        "value": "<image>\nWho plays the main roles in this film?"
      },
      {
        "from": "gpt",
        "value": "The main actors in the movie include Tom Hanks (Forrest Gump), Robin Wright (Jenny Curran), Gary Sinise (Lieutenant Dan Taylor), and Sally Field (Mrs. Gump)."
      }
    ]
  },
  {
    "id": "200028",
    "image": "downloaded_images/Movies/Forrest_Gump/image_20241107_104750_10.jpg",
    "conversations": [
      {
        "from": "human",
        "value": "<image>\nWho plays the main roles in this film?"
      },
      {
        "from": "gpt",
        "value": "The main actors in the movie include Tom Hanks (Forrest Gump), Robin Wright (Jenny Curran), Gary Sinise (Lieutenant Dan Taylor), and Sally Field (Mrs. Gump)."
      }
    ]
  },
  {
    "id": "200029",
    "image": "downloaded_images/Movies/Forrest_Gump/image_20241107_104638_2.jpg",
    "conversations": [
      {
        "from": "human",
        "value": "<image>\nWhat is the central theme of this film?"
      },
      {
        "from": "gpt",
        "value": "The central plot of \"Forrest Gump\" follows the life of a simple man with a low IQ, Forrest Gump, who inadvertently influences several historical events in the 20th century while pursuing his childhood love, Jenny. Despite his challenges, Forrest's kindness and determination lead him through a series of extraordinary experiences, including serving in the Vietnam War, becoming a ping-pong champion, and running across the country, all while remaining devoted to Jenny. The film explores themes of love, destiny, and the impact of one individual on the world around them."
      }
    ]
  },
  {
    "id": "200030",
    "image": "downloaded_images/Movies/Forrest_Gump/image_20241107_104650_3.jpg",
    "conversations": [
      {
        "from": "human",
        "value": "<image>\nWhat is the central theme of this film?"
      },
      {
        "from": "gpt",
        "value": "The central plot of \"Forrest Gump\" follows the life of a simple man with a low IQ, Forrest Gump, who inadvertently influences several historical events in the 20th century while pursuing his childhood love, Jenny. Despite his challenges, Forrest's kindness and determination lead him through a series of extraordinary experiences, including serving in the Vietnam War, becoming a ping-pong champion, and running across the country, all while remaining devoted to Jenny. The film explores themes of love, destiny, and the impact of one individual on the world around them."
      }
    ]
  },
  {
    "id": "200031",
    "image": "downloaded_images/Movies/Forrest_Gump/image_20241107_104952_21.jpg",
    "conversations": [
      {
        "from": "human",
        "value": "<image>\nWhat is the central theme of this film?"
      },
      {
        "from": "gpt",
        "value": "The central plot of \"Forrest Gump\" follows the life of a simple man with a low IQ, Forrest Gump, who inadvertently influences several historical events in the 20th century while pursuing his childhood love, Jenny. Despite his challenges, Forrest's kindness and determination lead him through a series of extraordinary experiences, including serving in the Vietnam War, becoming a ping-pong champion, and running across the country, all while remaining devoted to Jenny. The film explores themes of love, destiny, and the impact of one individual on the world around them."
      }
    ]
  },
  {
    "id": "200032",
    "image": "downloaded_images/Movies/Forrest_Gump/image_20241107_104806_12.jpg",
    "conversations": [
      {
        "from": "human",
        "value": "<image>\nWhat is the central theme of this film?"
      },
      {
        "from": "gpt",
        "value": "The central plot of \"Forrest Gump\" follows the life of a simple man with a low IQ, Forrest Gump, who inadvertently influences several historical events in the 20th century while pursuing his childhood love, Jenny. Despite his challenges, Forrest's kindness and determination lead him through a series of extraordinary experiences, including serving in the Vietnam War, becoming a ping-pong champion, and running across the country, all while remaining devoted to Jenny. The film explores themes of love, destiny, and the impact of one individual on the world around them."
      }
    ]
  },
  {
    "id": "200033",
    "image": "downloaded_images/Movies/Forrest_Gump/image_20241107_105103_29.jpg",
    "conversations": [
      {
        "from": "human",
        "value": "<image>\nWhat is the central theme of this film?"
      },
      {
        "from": "gpt",
        "value": "The central plot of \"Forrest Gump\" follows the life of a simple man with a low IQ, Forrest Gump, who inadvertently influences several historical events in the 20th century while pursuing his childhood love, Jenny. Despite his challenges, Forrest's kindness and determination lead him through a series of extraordinary experiences, including serving in the Vietnam War, becoming a ping-pong champion, and running across the country, all while remaining devoted to Jenny. The film explores themes of love, destiny, and the impact of one individual on the world around them."
      }
    ]
  },
  {
    "id": "300016",
    "image": "downloaded_images/Movies/Forrest_Gump/image_20241018_131954_3.jpg",
    "conversations": [
      {
        "from": "human",
        "value": "<image>\nWhen was this movie first shown?"
      },
      {
        "from": "gpt",
        "value": "\"Forrest Gump\" was released on July 6, 1994."
      }
    ]
  },
  {
    "id": "300017",
    "image": "downloaded_images/Movies/Forrest_Gump/image_20241018_132001_4.jpg",
    "conversations": [
      {
        "from": "human",
        "value": "<image>\nWho are the primary cast members of this movie?"
      },
      {
        "from": "gpt",
        "value": "The main actors in the movie include Tom Hanks (Forrest Gump), Robin Wright (Jenny Curran), Gary Sinise (Lieutenant Dan Taylor), and Sally Field (Mrs. Gump)."
      }
    ]
  },
  {
    "id": "300018",
    "image": "downloaded_images/Movies/Forrest_Gump/image_20241018_132001_4.jpg",
    "conversations": [
      {
        "from": "human",
        "value": "<image>\nCan you summarize the plot of this movie?"
      },
      {
        "from": "gpt",
        "value": "The central plot of \"Forrest Gump\" follows the life of a simple man with a low IQ, Forrest Gump, who inadvertently influences several historical events in the 20th century while pursuing his childhood love, Jenny. Despite his challenges, Forrest's kindness and determination lead him through a series of extraordinary experiences, including serving in the Vietnam War, becoming a ping-pong champion, and running across the country, all while remaining devoted to Jenny. The film explores themes of love, destiny, and the impact of one individual on the world around them."
      }
    ]
  },
  {
    "id": "300019",
    "image": "downloaded_images/Movies/Forrest_Gump/image_20241107_104806_12.jpg",
    "conversations": [
      {
        "from": "human",
        "value": "<image>\nWhen was this movie first shown?"
      },
      {
        "from": "gpt",
        "value": "\"Forrest Gump\" was released on July 6, 1994."
      }
    ]
  },
  {
    "id": "300020",
    "image": "downloaded_images/Movies/Forrest_Gump/image_20241107_105103_29.jpg",
    "conversations": [
      {
        "from": "human",
        "value": "<image>\nWhen was this movie first shown?"
      },
      {
        "from": "gpt",
        "value": "\"Forrest Gump\" was released on July 6, 1994."
      }
    ]
  },
  {
    "id": "300021",
    "image": "downloaded_images/Movies/Forrest_Gump/image_20241107_104815_13.jpg",
    "conversations": [
      {
        "from": "human",
        "value": "<image>\nWhen was this movie first shown?"
      },
      {
        "from": "gpt",
        "value": "\"Forrest Gump\" was released on July 6, 1994."
      }
    ]
  },
  {
    "id": "300022",
    "image": "downloaded_images/Movies/Forrest_Gump/image_20241107_104750_10.jpg",
    "conversations": [
      {
        "from": "human",
        "value": "<image>\nWhen was this movie first shown?"
      },
      {
        "from": "gpt",
        "value": "\"Forrest Gump\" was released on July 6, 1994."
      }
    ]
  },
  {
    "id": "300023",
    "image": "downloaded_images/Movies/Forrest_Gump/image_20241107_104732_8.jpg",
    "conversations": [
      {
        "from": "human",
        "value": "<image>\nWhen was this movie first shown?"
      },
      {
        "from": "gpt",
        "value": "\"Forrest Gump\" was released on July 6, 1994."
      }
    ]
  },
  {
    "id": "300024",
    "image": "downloaded_images/Movies/Forrest_Gump/image_20241107_104908_16.jpg",
    "conversations": [
      {
        "from": "human",
        "value": "<image>\nWho are the primary cast members of this movie?"
      },
      {
        "from": "gpt",
        "value": "The main actors in the movie include Tom Hanks (Forrest Gump), Robin Wright (Jenny Curran), Gary Sinise (Lieutenant Dan Taylor), and Sally Field (Mrs. Gump)."
      }
    ]
  },
  {
    "id": "300025",
    "image": "downloaded_images/Movies/Forrest_Gump/image_20241107_104650_3.jpg",
    "conversations": [
      {
        "from": "human",
        "value": "<image>\nWho are the primary cast members of this movie?"
      },
      {
        "from": "gpt",
        "value": "The main actors in the movie include Tom Hanks (Forrest Gump), Robin Wright (Jenny Curran), Gary Sinise (Lieutenant Dan Taylor), and Sally Field (Mrs. Gump)."
      }
    ]
  },
  {
    "id": "300026",
    "image": "downloaded_images/Movies/Forrest_Gump/image_20241107_105018_24.jpg",
    "conversations": [
      {
        "from": "human",
        "value": "<image>\nWho are the primary cast members of this movie?"
      },
      {
        "from": "gpt",
        "value": "The main actors in the movie include Tom Hanks (Forrest Gump), Robin Wright (Jenny Curran), Gary Sinise (Lieutenant Dan Taylor), and Sally Field (Mrs. Gump)."
      }
    ]
  },
  {
    "id": "300027",
    "image": "downloaded_images/Movies/Forrest_Gump/image_20241107_104658_4.jpg",
    "conversations": [
      {
        "from": "human",
        "value": "<image>\nWho are the primary cast members of this movie?"
      },
      {
        "from": "gpt",
        "value": "The main actors in the movie include Tom Hanks (Forrest Gump), Robin Wright (Jenny Curran), Gary Sinise (Lieutenant Dan Taylor), and Sally Field (Mrs. Gump)."
      }
    ]
  },
  {
    "id": "300028",
    "image": "downloaded_images/Movies/Forrest_Gump/image_20241107_104750_10.jpg",
    "conversations": [
      {
        "from": "human",
        "value": "<image>\nWho are the primary cast members of this movie?"
      },
      {
        "from": "gpt",
        "value": "The main actors in the movie include Tom Hanks (Forrest Gump), Robin Wright (Jenny Curran), Gary Sinise (Lieutenant Dan Taylor), and Sally Field (Mrs. Gump)."
      }
    ]
  },
  {
    "id": "300029",
    "image": "downloaded_images/Movies/Forrest_Gump/image_20241107_104638_2.jpg",
    "conversations": [
      {
        "from": "human",
        "value": "<image>\nCan you summarize the plot of this movie?"
      },
      {
        "from": "gpt",
        "value": "The central plot of \"Forrest Gump\" follows the life of a simple man with a low IQ, Forrest Gump, who inadvertently influences several historical events in the 20th century while pursuing his childhood love, Jenny. Despite his challenges, Forrest's kindness and determination lead him through a series of extraordinary experiences, including serving in the Vietnam War, becoming a ping-pong champion, and running across the country, all while remaining devoted to Jenny. The film explores themes of love, destiny, and the impact of one individual on the world around them."
      }
    ]
  },
  {
    "id": "300030",
    "image": "downloaded_images/Movies/Forrest_Gump/image_20241107_104650_3.jpg",
    "conversations": [
      {
        "from": "human",
        "value": "<image>\nCan you summarize the plot of this movie?"
      },
      {
        "from": "gpt",
        "value": "The central plot of \"Forrest Gump\" follows the life of a simple man with a low IQ, Forrest Gump, who inadvertently influences several historical events in the 20th century while pursuing his childhood love, Jenny. Despite his challenges, Forrest's kindness and determination lead him through a series of extraordinary experiences, including serving in the Vietnam War, becoming a ping-pong champion, and running across the country, all while remaining devoted to Jenny. The film explores themes of love, destiny, and the impact of one individual on the world around them."
      }
    ]
  },
  {
    "id": "300031",
    "image": "downloaded_images/Movies/Forrest_Gump/image_20241107_104952_21.jpg",
    "conversations": [
      {
        "from": "human",
        "value": "<image>\nCan you summarize the plot of this movie?"
      },
      {
        "from": "gpt",
        "value": "The central plot of \"Forrest Gump\" follows the life of a simple man with a low IQ, Forrest Gump, who inadvertently influences several historical events in the 20th century while pursuing his childhood love, Jenny. Despite his challenges, Forrest's kindness and determination lead him through a series of extraordinary experiences, including serving in the Vietnam War, becoming a ping-pong champion, and running across the country, all while remaining devoted to Jenny. The film explores themes of love, destiny, and the impact of one individual on the world around them."
      }
    ]
  },
  {
    "id": "300032",
    "image": "downloaded_images/Movies/Forrest_Gump/image_20241107_104806_12.jpg",
    "conversations": [
      {
        "from": "human",
        "value": "<image>\nCan you summarize the plot of this movie?"
      },
      {
        "from": "gpt",
        "value": "The central plot of \"Forrest Gump\" follows the life of a simple man with a low IQ, Forrest Gump, who inadvertently influences several historical events in the 20th century while pursuing his childhood love, Jenny. Despite his challenges, Forrest's kindness and determination lead him through a series of extraordinary experiences, including serving in the Vietnam War, becoming a ping-pong champion, and running across the country, all while remaining devoted to Jenny. The film explores themes of love, destiny, and the impact of one individual on the world around them."
      }
    ]
  },
  {
    "id": "300033",
    "image": "downloaded_images/Movies/Forrest_Gump/image_20241107_105103_29.jpg",
    "conversations": [
      {
        "from": "human",
        "value": "<image>\nCan you summarize the plot of this movie?"
      },
      {
        "from": "gpt",
        "value": "The central plot of \"Forrest Gump\" follows the life of a simple man with a low IQ, Forrest Gump, who inadvertently influences several historical events in the 20th century while pursuing his childhood love, Jenny. Despite his challenges, Forrest's kindness and determination lead him through a series of extraordinary experiences, including serving in the Vietnam War, becoming a ping-pong champion, and running across the country, all while remaining devoted to Jenny. The film explores themes of love, destiny, and the impact of one individual on the world around them."
      }
    ]
  },
  {
    "id": "400016",
    "image": "downloaded_images/Movies/Forrest_Gump/image_20241018_131954_3.jpg",
    "conversations": [
      {
        "from": "human",
        "value": "<image>\nWhat is the release date of this film?"
      },
      {
        "from": "gpt",
        "value": "\"Forrest Gump\" was released on July 6, 1994."
      }
    ]
  },
  {
    "id": "400017",
    "image": "downloaded_images/Movies/Forrest_Gump/image_20241018_132001_4.jpg",
    "conversations": [
      {
        "from": "human",
        "value": "<image>\nWhich actors or actresses are featured prominently in this film?"
      },
      {
        "from": "gpt",
        "value": "The main actors in the movie include Tom Hanks (Forrest Gump), Robin Wright (Jenny Curran), Gary Sinise (Lieutenant Dan Taylor), and Sally Field (Mrs. Gump)."
      }
    ]
  },
  {
    "id": "400018",
    "image": "downloaded_images/Movies/Forrest_Gump/image_20241018_132001_4.jpg",
    "conversations": [
      {
        "from": "human",
        "value": "<image>\nWhat is the basic storyline of this film?"
      },
      {
        "from": "gpt",
        "value": "The central plot of \"Forrest Gump\" follows the life of a simple man with a low IQ, Forrest Gump, who inadvertently influences several historical events in the 20th century while pursuing his childhood love, Jenny. Despite his challenges, Forrest's kindness and determination lead him through a series of extraordinary experiences, including serving in the Vietnam War, becoming a ping-pong champion, and running across the country, all while remaining devoted to Jenny. The film explores themes of love, destiny, and the impact of one individual on the world around them."
      }
    ]
  },
  {
    "id": "400019",
    "image": "downloaded_images/Movies/Forrest_Gump/image_20241107_104806_12.jpg",
    "conversations": [
      {
        "from": "human",
        "value": "<image>\nWhat is the release date of this film?"
      },
      {
        "from": "gpt",
        "value": "\"Forrest Gump\" was released on July 6, 1994."
      }
    ]
  },
  {
    "id": "400020",
    "image": "downloaded_images/Movies/Forrest_Gump/image_20241107_105103_29.jpg",
    "conversations": [
      {
        "from": "human",
        "value": "<image>\nWhat is the release date of this film?"
      },
      {
        "from": "gpt",
        "value": "\"Forrest Gump\" was released on July 6, 1994."
      }
    ]
  },
  {
    "id": "400021",
    "image": "downloaded_images/Movies/Forrest_Gump/image_20241107_104815_13.jpg",
    "conversations": [
      {
        "from": "human",
        "value": "<image>\nWhat is the release date of this film?"
      },
      {
        "from": "gpt",
        "value": "\"Forrest Gump\" was released on July 6, 1994."
      }
    ]
  },
  {
    "id": "400022",
    "image": "downloaded_images/Movies/Forrest_Gump/image_20241107_104750_10.jpg",
    "conversations": [
      {
        "from": "human",
        "value": "<image>\nWhat is the release date of this film?"
      },
      {
        "from": "gpt",
        "value": "\"Forrest Gump\" was released on July 6, 1994."
      }
    ]
  },
  {
    "id": "400023",
    "image": "downloaded_images/Movies/Forrest_Gump/image_20241107_104732_8.jpg",
    "conversations": [
      {
        "from": "human",
        "value": "<image>\nWhat is the release date of this film?"
      },
      {
        "from": "gpt",
        "value": "\"Forrest Gump\" was released on July 6, 1994."
      }
    ]
  },
  {
    "id": "400024",
    "image": "downloaded_images/Movies/Forrest_Gump/image_20241107_104908_16.jpg",
    "conversations": [
      {
        "from": "human",
        "value": "<image>\nWhich actors or actresses are featured prominently in this film?"
      },
      {
        "from": "gpt",
        "value": "The main actors in the movie include Tom Hanks (Forrest Gump), Robin Wright (Jenny Curran), Gary Sinise (Lieutenant Dan Taylor), and Sally Field (Mrs. Gump)."
      }
    ]
  },
  {
    "id": "400025",
    "image": "downloaded_images/Movies/Forrest_Gump/image_20241107_104650_3.jpg",
    "conversations": [
      {
        "from": "human",
        "value": "<image>\nWhich actors or actresses are featured prominently in this film?"
      },
      {
        "from": "gpt",
        "value": "The main actors in the movie include Tom Hanks (Forrest Gump), Robin Wright (Jenny Curran), Gary Sinise (Lieutenant Dan Taylor), and Sally Field (Mrs. Gump)."
      }
    ]
  },
  {
    "id": "400026",
    "image": "downloaded_images/Movies/Forrest_Gump/image_20241107_105018_24.jpg",
    "conversations": [
      {
        "from": "human",
        "value": "<image>\nWhich actors or actresses are featured prominently in this film?"
      },
      {
        "from": "gpt",
        "value": "The main actors in the movie include Tom Hanks (Forrest Gump), Robin Wright (Jenny Curran), Gary Sinise (Lieutenant Dan Taylor), and Sally Field (Mrs. Gump)."
      }
    ]
  },
  {
    "id": "400027",
    "image": "downloaded_images/Movies/Forrest_Gump/image_20241107_104658_4.jpg",
    "conversations": [
      {
        "from": "human",
        "value": "<image>\nWhich actors or actresses are featured prominently in this film?"
      },
      {
        "from": "gpt",
        "value": "The main actors in the movie include Tom Hanks (Forrest Gump), Robin Wright (Jenny Curran), Gary Sinise (Lieutenant Dan Taylor), and Sally Field (Mrs. Gump)."
      }
    ]
  },
  {
    "id": "400028",
    "image": "downloaded_images/Movies/Forrest_Gump/image_20241107_104750_10.jpg",
    "conversations": [
      {
        "from": "human",
        "value": "<image>\nWhich actors or actresses are featured prominently in this film?"
      },
      {
        "from": "gpt",
        "value": "The main actors in the movie include Tom Hanks (Forrest Gump), Robin Wright (Jenny Curran), Gary Sinise (Lieutenant Dan Taylor), and Sally Field (Mrs. Gump)."
      }
    ]
  },
  {
    "id": "400029",
    "image": "downloaded_images/Movies/Forrest_Gump/image_20241107_104638_2.jpg",
    "conversations": [
      {
        "from": "human",
        "value": "<image>\nWhat is the basic storyline of this film?"
      },
      {
        "from": "gpt",
        "value": "The central plot of \"Forrest Gump\" follows the life of a simple man with a low IQ, Forrest Gump, who inadvertently influences several historical events in the 20th century while pursuing his childhood love, Jenny. Despite his challenges, Forrest's kindness and determination lead him through a series of extraordinary experiences, including serving in the Vietnam War, becoming a ping-pong champion, and running across the country, all while remaining devoted to Jenny. The film explores themes of love, destiny, and the impact of one individual on the world around them."
      }
    ]
  },
  {
    "id": "400030",
    "image": "downloaded_images/Movies/Forrest_Gump/image_20241107_104650_3.jpg",
    "conversations": [
      {
        "from": "human",
        "value": "<image>\nWhat is the basic storyline of this film?"
      },
      {
        "from": "gpt",
        "value": "The central plot of \"Forrest Gump\" follows the life of a simple man with a low IQ, Forrest Gump, who inadvertently influences several historical events in the 20th century while pursuing his childhood love, Jenny. Despite his challenges, Forrest's kindness and determination lead him through a series of extraordinary experiences, including serving in the Vietnam War, becoming a ping-pong champion, and running across the country, all while remaining devoted to Jenny. The film explores themes of love, destiny, and the impact of one individual on the world around them."
      }
    ]
  },
  {
    "id": "400031",
    "image": "downloaded_images/Movies/Forrest_Gump/image_20241107_104952_21.jpg",
    "conversations": [
      {
        "from": "human",
        "value": "<image>\nWhat is the basic storyline of this film?"
      },
      {
        "from": "gpt",
        "value": "The central plot of \"Forrest Gump\" follows the life of a simple man with a low IQ, Forrest Gump, who inadvertently influences several historical events in the 20th century while pursuing his childhood love, Jenny. Despite his challenges, Forrest's kindness and determination lead him through a series of extraordinary experiences, including serving in the Vietnam War, becoming a ping-pong champion, and running across the country, all while remaining devoted to Jenny. The film explores themes of love, destiny, and the impact of one individual on the world around them."
      }
    ]
  },
  {
    "id": "400032",
    "image": "downloaded_images/Movies/Forrest_Gump/image_20241107_104806_12.jpg",
    "conversations": [
      {
        "from": "human",
        "value": "<image>\nWhat is the basic storyline of this film?"
      },
      {
        "from": "gpt",
        "value": "The central plot of \"Forrest Gump\" follows the life of a simple man with a low IQ, Forrest Gump, who inadvertently influences several historical events in the 20th century while pursuing his childhood love, Jenny. Despite his challenges, Forrest's kindness and determination lead him through a series of extraordinary experiences, including serving in the Vietnam War, becoming a ping-pong champion, and running across the country, all while remaining devoted to Jenny. The film explores themes of love, destiny, and the impact of one individual on the world around them."
      }
    ]
  },
  {
    "id": "400033",
    "image": "downloaded_images/Movies/Forrest_Gump/image_20241107_105103_29.jpg",
    "conversations": [
      {
        "from": "human",
        "value": "<image>\nWhat is the basic storyline of this film?"
      },
      {
        "from": "gpt",
        "value": "The central plot of \"Forrest Gump\" follows the life of a simple man with a low IQ, Forrest Gump, who inadvertently influences several historical events in the 20th century while pursuing his childhood love, Jenny. Despite his challenges, Forrest's kindness and determination lead him through a series of extraordinary experiences, including serving in the Vietnam War, becoming a ping-pong champion, and running across the country, all while remaining devoted to Jenny. The film explores themes of love, destiny, and the impact of one individual on the world around them."
      }
    ]
  }
]