[
  {
    "id": "57",
    "image": "downloaded_images/Animals/Butterfly/image_20241017_182908_17.jpg",
    "conversations": [
      {
        "from": "human",
        "value": "<image>\nWhat is the common name of this animal?"
      },
      {
        "from": "gpt",
        "value": "Butterfly"
      }
    ]
  },
  {
    "id": "58",
    "image": "downloaded_images/Animals/Butterfly/image_20241017_182828_13.jpg",
    "conversations": [
      {
        "from": "human",
        "value": "<image>\nWhat family or order does it belong to?"
      },
      {
        "from": "gpt",
        "value": "Butterflies belong to the order Lepidoptera, which also includes moths. They are part of various families within this order, such as Nymphalidae (brush-footed butterflies) and Pieridae (whites and sulfurs)."
      }
    ]
  },
  {
    "id": "59",
    "image": "downloaded_images/Animals/Butterfly/image_20241017_182633_1.jpg",
    "conversations": [
      {
        "from": "human",
        "value": "<image>\nWhat does this animal eat (herbivore, carnivore, omnivore)?"
      },
      {
        "from": "gpt",
        "value": "Butterflies are primarily herbivores. Adult butterflies typically feed on nectar from flowers, while their larvae (caterpillars) usually consume leaves."
      }
    ]
  },
  {
    "id": "60",
    "image": "downloaded_images/Animals/Butterfly/image_20241017_182936_20.jpg",
    "conversations": [
      {
        "from": "human",
        "value": "<image>\nIs it native to a specific region or found globally?"
      },
      {
        "from": "gpt",
        "value": "Butterflies are found globally, with species present on every continent except Antarctica. They inhabit a wide range of environments, including forests, meadows, and gardens."
      }
    ]
  },
  {
    "id": "61",
    "image": "downloaded_images/Animals/Butterfly/image_20241017_182810_11.jpg",
    "conversations": [
      {
        "from": "human",
        "value": "<image>\nHow does this animal reproduce (mating habits, gestation period)?"
      },
      {
        "from": "gpt",
        "value": "Butterflies reproduce sexually. Mating habits can vary by species, but generally, males will attract females through various displays or pheromones. After mating, females lay eggs on host plants suitable for their caterpillars. The gestation period for butterfly eggs varies by species but typically lasts from a few days to several weeks before hatching into caterpillars. The entire life cycle from egg to adult can take anywhere from a few weeks to several months, depending on environmental conditions and species."
      }
    ]
  },
  {
    "id": "62",
    "image": "downloaded_images/Animals/Butterfly/image_20241106_102023_9.jpg",
    "conversations": [
      {
        "from": "human",
        "value": "<image>\nWhat is the common name of this animal?"
      },
      {
        "from": "gpt",
        "value": "Butterfly"
      }
    ]
  },
  {
    "id": "63",
    "image": "downloaded_images/Animals/Butterfly/image_20241106_101925_3.jpg",
    "conversations": [
      {
        "from": "human",
        "value": "<image>\nWhat is the common name of this animal?"
      },
      {
        "from": "gpt",
        "value": "Butterfly"
      }
    ]
  },
  {
    "id": "64",
    "image": "downloaded_images/Animals/Butterfly/image_20241106_102348_29.jpg",
    "conversations": [
      {
        "from": "human",
        "value": "<image>\nWhat is the common name of this animal?"
      },
      {
        "from": "gpt",
        "value": "Butterfly"
      }
    ]
  },
  {
    "id": "65",
    "image": "downloaded_images/Animals/Butterfly/image_20241017_182851_15.jpg",
    "conversations": [
      {
        "from": "human",
        "value": "<image>\nWhat is the common name of this animal?"
      },
      {
        "from": "gpt",
        "value": "Butterfly"
      }
    ]
  },
  {
    "id": "66",
    "image": "downloaded_images/Animals/Butterfly/image_20241017_182643_2.jpg",
    "conversations": [
      {
        "from": "human",
        "value": "<image>\nWhat is the common name of this animal?"
      },
      {
        "from": "gpt",
        "value": "Butterfly"
      }
    ]
  },
  {
    "id": "67",
    "image": "downloaded_images/Animals/Butterfly/image_20241106_102231_23.jpg",
    "conversations": [
      {
        "from": "human",
        "value": "<image>\nWhat family or order does it belong to?"
      },
      {
        "from": "gpt",
        "value": "Butterflies belong to the order Lepidoptera, which also includes moths. They are part of various families within this order, such as Nymphalidae (brush-footed butterflies) and Pieridae (whites and sulfurs)."
      }
    ]
  },
  {
    "id": "68",
    "image": "downloaded_images/Animals/Butterfly/image_20241106_102145_18.jpg",
    "conversations": [
      {
        "from": "human",
        "value": "<image>\nWhat family or order does it belong to?"
      },
      {
        "from": "gpt",
        "value": "Butterflies belong to the order Lepidoptera, which also includes moths. They are part of various families within this order, such as Nymphalidae (brush-footed butterflies) and Pieridae (whites and sulfurs)."
      }
    ]
  },
  {
    "id": "69",
    "image": "downloaded_images/Animals/Butterfly/image_20241106_101943_5.jpg",
    "conversations": [
      {
        "from": "human",
        "value": "<image>\nWhat family or order does it belong to?"
      },
      {
        "from": "gpt",
        "value": "Butterflies belong to the order Lepidoptera, which also includes moths. They are part of various families within this order, such as Nymphalidae (brush-footed butterflies) and Pieridae (whites and sulfurs)."
      }
    ]
  },
  {
    "id": "70",
    "image": "downloaded_images/Animals/Butterfly/image_20241106_101916_2.jpg",
    "conversations": [
      {
        "from": "human",
        "value": "<image>\nWhat family or order does it belong to?"
      },
      {
        "from": "gpt",
        "value": "Butterflies belong to the order Lepidoptera, which also includes moths. They are part of various families within this order, such as Nymphalidae (brush-footed butterflies) and Pieridae (whites and sulfurs)."
      }
    ]
  },
  {
    "id": "71",
    "image": "downloaded_images/Animals/Butterfly/image_20241017_182851_15.jpg",
    "conversations": [
      {
        "from": "human",
        "value": "<image>\nWhat family or order does it belong to?"
      },
      {
        "from": "gpt",
        "value": "Butterflies belong to the order Lepidoptera, which also includes moths. They are part of various families within this order, such as Nymphalidae (brush-footed butterflies) and Pieridae (whites and sulfurs)."
      }
    ]
  },
  {
    "id": "72",
    "image": "downloaded_images/Animals/Butterfly/image_20241106_102339_28.jpg",
    "conversations": [
      {
        "from": "human",
        "value": "<image>\nWhat does this animal eat (herbivore, carnivore, omnivore)?"
      },
      {
        "from": "gpt",
        "value": "Butterflies are primarily herbivores. Adult butterflies typically feed on nectar from flowers, while their larvae (caterpillars) usually consume leaves."
      }
    ]
  },
  {
    "id": "73",
    "image": "downloaded_images/Animals/Butterfly/image_20241106_101943_5.jpg",
    "conversations": [
      {
        "from": "human",
        "value": "<image>\nWhat does this animal eat (herbivore, carnivore, omnivore)?"
      },
      {
        "from": "gpt",
        "value": "Butterflies are primarily herbivores. Adult butterflies typically feed on nectar from flowers, while their larvae (caterpillars) usually consume leaves."
      }
    ]
  },
  {
    "id": "74",
    "image": "downloaded_images/Animals/Butterfly/image_20241106_102357_30.jpg",
    "conversations": [
      {
        "from": "human",
        "value": "<image>\nWhat does this animal eat (herbivore, carnivore, omnivore)?"
      },
      {
        "from": "gpt",
        "value": "Butterflies are primarily herbivores. Adult butterflies typically feed on nectar from flowers, while their larvae (caterpillars) usually consume leaves."
      }
    ]
  },
  {
    "id": "75",
    "image": "downloaded_images/Animals/Butterfly/image_20241106_102155_19.jpg",
    "conversations": [
      {
        "from": "human",
        "value": "<image>\nWhat does this animal eat (herbivore, carnivore, omnivore)?"
      },
      {
        "from": "gpt",
        "value": "Butterflies are primarily herbivores. Adult butterflies typically feed on nectar from flowers, while their larvae (caterpillars) usually consume leaves."
      }
    ]
  },
  {
    "id": "76",
    "image": "downloaded_images/Animals/Butterfly/image_20241017_182828_13.jpg",
    "conversations": [
      {
        "from": "human",
        "value": "<image>\nWhat does this animal eat (herbivore, carnivore, omnivore)?"
      },
      {
        "from": "gpt",
        "value": "Butterflies are primarily herbivores. Adult butterflies typically feed on nectar from flowers, while their larvae (caterpillars) usually consume leaves."
      }
    ]
  },
  {
    "id": "77",
    "image": "downloaded_images/Animals/Butterfly/image_20241106_102042_11.jpg",
    "conversations": [
      {
        "from": "human",
        "value": "<image>\nIs it native to a specific region or found globally?"
      },
      {
        "from": "gpt",
        "value": "Butterflies are found globally, with species present on every continent except Antarctica. They inhabit a wide range of environments, including forests, meadows, and gardens."
      }
    ]
  },
  {
    "id": "78",
    "image": "downloaded_images/Animals/Butterfly/image_20241017_182750_9.jpg",
    "conversations": [
      {
        "from": "human",
        "value": "<image>\nIs it native to a specific region or found globally?"
      },
      {
        "from": "gpt",
        "value": "Butterflies are found globally, with species present on every continent except Antarctica. They inhabit a wide range of environments, including forests, meadows, and gardens."
      }
    ]
  },
  {
    "id": "79",
    "image": "downloaded_images/Animals/Butterfly/image_20241106_102032_10.jpg",
    "conversations": [
      {
        "from": "human",
        "value": "<image>\nIs it native to a specific region or found globally?"
      },
      {
        "from": "gpt",
        "value": "Butterflies are found globally, with species present on every continent except Antarctica. They inhabit a wide range of environments, including forests, meadows, and gardens."
      }
    ]
  },
  {
    "id": "80",
    "image": "downloaded_images/Animals/Butterfly/image_20241017_182810_11.jpg",
    "conversations": [
      {
        "from": "human",
        "value": "<image>\nIs it native to a specific region or found globally?"
      },
      {
        "from": "gpt",
        "value": "Butterflies are found globally, with species present on every continent except Antarctica. They inhabit a wide range of environments, including forests, meadows, and gardens."
      }
    ]
  },
  {
    "id": "81",
    "image": "downloaded_images/Animals/Butterfly/image_20241106_102222_22.jpg",
    "conversations": [
      {
        "from": "human",
        "value": "<image>\nIs it native to a specific region or found globally?"
      },
      {
        "from": "gpt",
        "value": "Butterflies are found globally, with species present on every continent except Antarctica. They inhabit a wide range of environments, including forests, meadows, and gardens."
      }
    ]
  },
  {
    "id": "82",
    "image": "downloaded_images/Animals/Butterfly/image_20241106_102348_29.jpg",
    "conversations": [
      {
        "from": "human",
        "value": "<image>\nHow does this animal reproduce (mating habits, gestation period)?"
      },
      {
        "from": "gpt",
        "value": "Butterflies reproduce sexually. Mating habits can vary by species, but generally, males will attract females through various displays or pheromones. After mating, females lay eggs on host plants suitable for their caterpillars. The gestation period for butterfly eggs varies by species but typically lasts from a few days to several weeks before hatching into caterpillars. The entire life cycle from egg to adult can take anywhere from a few weeks to several months, depending on environmental conditions and species."
      }
    ]
  },
  {
    "id": "83",
    "image": "downloaded_images/Animals/Butterfly/image_20241017_182643_2.jpg",
    "conversations": [
      {
        "from": "human",
        "value": "<image>\nHow does this animal reproduce (mating habits, gestation period)?"
      },
      {
        "from": "gpt",
        "value": "Butterflies reproduce sexually. Mating habits can vary by species, but generally, males will attract females through various displays or pheromones. After mating, females lay eggs on host plants suitable for their caterpillars. The gestation period for butterfly eggs varies by species but typically lasts from a few days to several weeks before hatching into caterpillars. The entire life cycle from egg to adult can take anywhere from a few weeks to several months, depending on environmental conditions and species."
      }
    ]
  },
  {
    "id": "84",
    "image": "downloaded_images/Animals/Butterfly/image_20241106_102339_28.jpg",
    "conversations": [
      {
        "from": "human",
        "value": "<image>\nHow does this animal reproduce (mating habits, gestation period)?"
      },
      {
        "from": "gpt",
        "value": "Butterflies reproduce sexually. Mating habits can vary by species, but generally, males will attract females through various displays or pheromones. After mating, females lay eggs on host plants suitable for their caterpillars. The gestation period for butterfly eggs varies by species but typically lasts from a few days to several weeks before hatching into caterpillars. The entire life cycle from egg to adult can take anywhere from a few weeks to several months, depending on environmental conditions and species."
      }
    ]
  },
  {
    "id": "85",
    "image": "downloaded_images/Animals/Butterfly/image_20241106_101933_4.jpg",
    "conversations": [
      {
        "from": "human",
        "value": "<image>\nHow does this animal reproduce (mating habits, gestation period)?"
      },
      {
        "from": "gpt",
        "value": "Butterflies reproduce sexually. Mating habits can vary by species, but generally, males will attract females through various displays or pheromones. After mating, females lay eggs on host plants suitable for their caterpillars. The gestation period for butterfly eggs varies by species but typically lasts from a few days to several weeks before hatching into caterpillars. The entire life cycle from egg to adult can take anywhere from a few weeks to several months, depending on environmental conditions and species."
      }
    ]
  },
  {
    "id": "86",
    "image": "downloaded_images/Animals/Butterfly/image_20241017_182837_14.jpg",
    "conversations": [
      {
        "from": "human",
        "value": "<image>\nHow does this animal reproduce (mating habits, gestation period)?"
      },
      {
        "from": "gpt",
        "value": "Butterflies reproduce sexually. Mating habits can vary by species, but generally, males will attract females through various displays or pheromones. After mating, females lay eggs on host plants suitable for their caterpillars. The gestation period for butterfly eggs varies by species but typically lasts from a few days to several weeks before hatching into caterpillars. The entire life cycle from egg to adult can take anywhere from a few weeks to several months, depending on environmental conditions and species."
      }
    ]
  },
  {
    "id": "100057",
    "image": "downloaded_images/Animals/Butterfly/image_20241017_182908_17.jpg",
    "conversations": [
      {
        "from": "human",
        "value": "<image>\nWhat is this animal commonly called?"
      },
      {
        "from": "gpt",
        "value": "Butterfly"
      }
    ]
  },
  {
    "id": "100058",
    "image": "downloaded_images/Animals/Butterfly/image_20241017_182828_13.jpg",
    "conversations": [
      {
        "from": "human",
        "value": "<image>\nTo which family or order does this animal belong?"
      },
      {
        "from": "gpt",
        "value": "Butterflies belong to the order Lepidoptera, which also includes moths. They are part of various families within this order, such as Nymphalidae (brush-footed butterflies) and Pieridae (whites and sulfurs)."
      }
    ]
  },
  {
    "id": "100059",
    "image": "downloaded_images/Animals/Butterfly/image_20241017_182633_1.jpg",
    "conversations": [
      {
        "from": "human",
        "value": "<image>\nWhat type of diet does this animal have (herbivore, carnivore, omnivore)?"
      },
      {
        "from": "gpt",
        "value": "Butterflies are primarily herbivores. Adult butterflies typically feed on nectar from flowers, while their larvae (caterpillars) usually consume leaves."
      }
    ]
  },
  {
    "id": "100060",
    "image": "downloaded_images/Animals/Butterfly/image_20241017_182936_20.jpg",
    "conversations": [
      {
        "from": "human",
        "value": "<image>\nIs this animal indigenous to a particular region or is it found worldwide?"
      },
      {
        "from": "gpt",
        "value": "Butterflies are found globally, with species present on every continent except Antarctica. They inhabit a wide range of environments, including forests, meadows, and gardens."
      }
    ]
  },
  {
    "id": "100061",
    "image": "downloaded_images/Animals/Butterfly/image_20241017_182810_11.jpg",
    "conversations": [
      {
        "from": "human",
        "value": "<image>\nWhat are the reproductive habits of this animal (mating behaviors, gestation period)?"
      },
      {
        "from": "gpt",
        "value": "Butterflies reproduce sexually. Mating habits can vary by species, but generally, males will attract females through various displays or pheromones. After mating, females lay eggs on host plants suitable for their caterpillars. The gestation period for butterfly eggs varies by species but typically lasts from a few days to several weeks before hatching into caterpillars. The entire life cycle from egg to adult can take anywhere from a few weeks to several months, depending on environmental conditions and species."
      }
    ]
  },
  {
    "id": "100062",
    "image": "downloaded_images/Animals/Butterfly/image_20241106_102023_9.jpg",
    "conversations": [
      {
        "from": "human",
        "value": "<image>\nWhat is this animal commonly called?"
      },
      {
        "from": "gpt",
        "value": "Butterfly"
      }
    ]
  },
  {
    "id": "100063",
    "image": "downloaded_images/Animals/Butterfly/image_20241106_101925_3.jpg",
    "conversations": [
      {
        "from": "human",
        "value": "<image>\nWhat is this animal commonly called?"
      },
      {
        "from": "gpt",
        "value": "Butterfly"
      }
    ]
  },
  {
    "id": "100064",
    "image": "downloaded_images/Animals/Butterfly/image_20241106_102348_29.jpg",
    "conversations": [
      {
        "from": "human",
        "value": "<image>\nWhat is this animal commonly called?"
      },
      {
        "from": "gpt",
        "value": "Butterfly"
      }
    ]
  },
  {
    "id": "100065",
    "image": "downloaded_images/Animals/Butterfly/image_20241017_182851_15.jpg",
    "conversations": [
      {
        "from": "human",
        "value": "<image>\nWhat is this animal commonly called?"
      },
      {
        "from": "gpt",
        "value": "Butterfly"
      }
    ]
  },
  {
    "id": "100066",
    "image": "downloaded_images/Animals/Butterfly/image_20241017_182643_2.jpg",
    "conversations": [
      {
        "from": "human",
        "value": "<image>\nWhat is this animal commonly called?"
      },
      {
        "from": "gpt",
        "value": "Butterfly"
      }
    ]
  },
  {
    "id": "100067",
    "image": "downloaded_images/Animals/Butterfly/image_20241106_102231_23.jpg",
    "conversations": [
      {
        "from": "human",
        "value": "<image>\nTo which family or order does this animal belong?"
      },
      {
        "from": "gpt",
        "value": "Butterflies belong to the order Lepidoptera, which also includes moths. They are part of various families within this order, such as Nymphalidae (brush-footed butterflies) and Pieridae (whites and sulfurs)."
      }
    ]
  },
  {
    "id": "100068",
    "image": "downloaded_images/Animals/Butterfly/image_20241106_102145_18.jpg",
    "conversations": [
      {
        "from": "human",
        "value": "<image>\nTo which family or order does this animal belong?"
      },
      {
        "from": "gpt",
        "value": "Butterflies belong to the order Lepidoptera, which also includes moths. They are part of various families within this order, such as Nymphalidae (brush-footed butterflies) and Pieridae (whites and sulfurs)."
      }
    ]
  },
  {
    "id": "100069",
    "image": "downloaded_images/Animals/Butterfly/image_20241106_101943_5.jpg",
    "conversations": [
      {
        "from": "human",
        "value": "<image>\nTo which family or order does this animal belong?"
      },
      {
        "from": "gpt",
        "value": "Butterflies belong to the order Lepidoptera, which also includes moths. They are part of various families within this order, such as Nymphalidae (brush-footed butterflies) and Pieridae (whites and sulfurs)."
      }
    ]
  },
  {
    "id": "100070",
    "image": "downloaded_images/Animals/Butterfly/image_20241106_101916_2.jpg",
    "conversations": [
      {
        "from": "human",
        "value": "<image>\nTo which family or order does this animal belong?"
      },
      {
        "from": "gpt",
        "value": "Butterflies belong to the order Lepidoptera, which also includes moths. They are part of various families within this order, such as Nymphalidae (brush-footed butterflies) and Pieridae (whites and sulfurs)."
      }
    ]
  },
  {
    "id": "100071",
    "image": "downloaded_images/Animals/Butterfly/image_20241017_182851_15.jpg",
    "conversations": [
      {
        "from": "human",
        "value": "<image>\nTo which family or order does this animal belong?"
      },
      {
        "from": "gpt",
        "value": "Butterflies belong to the order Lepidoptera, which also includes moths. They are part of various families within this order, such as Nymphalidae (brush-footed butterflies) and Pieridae (whites and sulfurs)."
      }
    ]
  },
  {
    "id": "100072",
    "image": "downloaded_images/Animals/Butterfly/image_20241106_102339_28.jpg",
    "conversations": [
      {
        "from": "human",
        "value": "<image>\nWhat type of diet does this animal have (herbivore, carnivore, omnivore)?"
      },
      {
        "from": "gpt",
        "value": "Butterflies are primarily herbivores. Adult butterflies typically feed on nectar from flowers, while their larvae (caterpillars) usually consume leaves."
      }
    ]
  },
  {
    "id": "100073",
    "image": "downloaded_images/Animals/Butterfly/image_20241106_101943_5.jpg",
    "conversations": [
      {
        "from": "human",
        "value": "<image>\nWhat type of diet does this animal have (herbivore, carnivore, omnivore)?"
      },
      {
        "from": "gpt",
        "value": "Butterflies are primarily herbivores. Adult butterflies typically feed on nectar from flowers, while their larvae (caterpillars) usually consume leaves."
      }
    ]
  },
  {
    "id": "100074",
    "image": "downloaded_images/Animals/Butterfly/image_20241106_102357_30.jpg",
    "conversations": [
      {
        "from": "human",
        "value": "<image>\nWhat type of diet does this animal have (herbivore, carnivore, omnivore)?"
      },
      {
        "from": "gpt",
        "value": "Butterflies are primarily herbivores. Adult butterflies typically feed on nectar from flowers, while their larvae (caterpillars) usually consume leaves."
      }
    ]
  },
  {
    "id": "100075",
    "image": "downloaded_images/Animals/Butterfly/image_20241106_102155_19.jpg",
    "conversations": [
      {
        "from": "human",
        "value": "<image>\nWhat type of diet does this animal have (herbivore, carnivore, omnivore)?"
      },
      {
        "from": "gpt",
        "value": "Butterflies are primarily herbivores. Adult butterflies typically feed on nectar from flowers, while their larvae (caterpillars) usually consume leaves."
      }
    ]
  },
  {
    "id": "100076",
    "image": "downloaded_images/Animals/Butterfly/image_20241017_182828_13.jpg",
    "conversations": [
      {
        "from": "human",
        "value": "<image>\nWhat type of diet does this animal have (herbivore, carnivore, omnivore)?"
      },
      {
        "from": "gpt",
        "value": "Butterflies are primarily herbivores. Adult butterflies typically feed on nectar from flowers, while their larvae (caterpillars) usually consume leaves."
      }
    ]
  },
  {
    "id": "100077",
    "image": "downloaded_images/Animals/Butterfly/image_20241106_102042_11.jpg",
    "conversations": [
      {
        "from": "human",
        "value": "<image>\nIs this animal indigenous to a particular region or is it found worldwide?"
      },
      {
        "from": "gpt",
        "value": "Butterflies are found globally, with species present on every continent except Antarctica. They inhabit a wide range of environments, including forests, meadows, and gardens."
      }
    ]
  },
  {
    "id": "100078",
    "image": "downloaded_images/Animals/Butterfly/image_20241017_182750_9.jpg",
    "conversations": [
      {
        "from": "human",
        "value": "<image>\nIs this animal indigenous to a particular region or is it found worldwide?"
      },
      {
        "from": "gpt",
        "value": "Butterflies are found globally, with species present on every continent except Antarctica. They inhabit a wide range of environments, including forests, meadows, and gardens."
      }
    ]
  },
  {
    "id": "100079",
    "image": "downloaded_images/Animals/Butterfly/image_20241106_102032_10.jpg",
    "conversations": [
      {
        "from": "human",
        "value": "<image>\nIs this animal indigenous to a particular region or is it found worldwide?"
      },
      {
        "from": "gpt",
        "value": "Butterflies are found globally, with species present on every continent except Antarctica. They inhabit a wide range of environments, including forests, meadows, and gardens."
      }
    ]
  },
  {
    "id": "100080",
    "image": "downloaded_images/Animals/Butterfly/image_20241017_182810_11.jpg",
    "conversations": [
      {
        "from": "human",
        "value": "<image>\nIs this animal indigenous to a particular region or is it found worldwide?"
      },
      {
        "from": "gpt",
        "value": "Butterflies are found globally, with species present on every continent except Antarctica. They inhabit a wide range of environments, including forests, meadows, and gardens."
      }
    ]
  },
  {
    "id": "100081",
    "image": "downloaded_images/Animals/Butterfly/image_20241106_102222_22.jpg",
    "conversations": [
      {
        "from": "human",
        "value": "<image>\nIs this animal indigenous to a particular region or is it found worldwide?"
      },
      {
        "from": "gpt",
        "value": "Butterflies are found globally, with species present on every continent except Antarctica. They inhabit a wide range of environments, including forests, meadows, and gardens."
      }
    ]
  },
  {
    "id": "100082",
    "image": "downloaded_images/Animals/Butterfly/image_20241106_102348_29.jpg",
    "conversations": [
      {
        "from": "human",
        "value": "<image>\nWhat are the reproductive habits of this animal (mating behaviors, gestation period)?"
      },
      {
        "from": "gpt",
        "value": "Butterflies reproduce sexually. Mating habits can vary by species, but generally, males will attract females through various displays or pheromones. After mating, females lay eggs on host plants suitable for their caterpillars. The gestation period for butterfly eggs varies by species but typically lasts from a few days to several weeks before hatching into caterpillars. The entire life cycle from egg to adult can take anywhere from a few weeks to several months, depending on environmental conditions and species."
      }
    ]
  },
  {
    "id": "100083",
    "image": "downloaded_images/Animals/Butterfly/image_20241017_182643_2.jpg",
    "conversations": [
      {
        "from": "human",
        "value": "<image>\nWhat are the reproductive habits of this animal (mating behaviors, gestation period)?"
      },
      {
        "from": "gpt",
        "value": "Butterflies reproduce sexually. Mating habits can vary by species, but generally, males will attract females through various displays or pheromones. After mating, females lay eggs on host plants suitable for their caterpillars. The gestation period for butterfly eggs varies by species but typically lasts from a few days to several weeks before hatching into caterpillars. The entire life cycle from egg to adult can take anywhere from a few weeks to several months, depending on environmental conditions and species."
      }
    ]
  },
  {
    "id": "100084",
    "image": "downloaded_images/Animals/Butterfly/image_20241106_102339_28.jpg",
    "conversations": [
      {
        "from": "human",
        "value": "<image>\nWhat are the reproductive habits of this animal (mating behaviors, gestation period)?"
      },
      {
        "from": "gpt",
        "value": "Butterflies reproduce sexually. Mating habits can vary by species, but generally, males will attract females through various displays or pheromones. After mating, females lay eggs on host plants suitable for their caterpillars. The gestation period for butterfly eggs varies by species but typically lasts from a few days to several weeks before hatching into caterpillars. The entire life cycle from egg to adult can take anywhere from a few weeks to several months, depending on environmental conditions and species."
      }
    ]
  },
  {
    "id": "100085",
    "image": "downloaded_images/Animals/Butterfly/image_20241106_101933_4.jpg",
    "conversations": [
      {
        "from": "human",
        "value": "<image>\nWhat are the reproductive habits of this animal (mating behaviors, gestation period)?"
      },
      {
        "from": "gpt",
        "value": "Butterflies reproduce sexually. Mating habits can vary by species, but generally, males will attract females through various displays or pheromones. After mating, females lay eggs on host plants suitable for their caterpillars. The gestation period for butterfly eggs varies by species but typically lasts from a few days to several weeks before hatching into caterpillars. The entire life cycle from egg to adult can take anywhere from a few weeks to several months, depending on environmental conditions and species."
      }
    ]
  },
  {
    "id": "100086",
    "image": "downloaded_images/Animals/Butterfly/image_20241017_182837_14.jpg",
    "conversations": [
      {
        "from": "human",
        "value": "<image>\nWhat are the reproductive habits of this animal (mating behaviors, gestation period)?"
      },
      {
        "from": "gpt",
        "value": "Butterflies reproduce sexually. Mating habits can vary by species, but generally, males will attract females through various displays or pheromones. After mating, females lay eggs on host plants suitable for their caterpillars. The gestation period for butterfly eggs varies by species but typically lasts from a few days to several weeks before hatching into caterpillars. The entire life cycle from egg to adult can take anywhere from a few weeks to several months, depending on environmental conditions and species."
      }
    ]
  },
  {
    "id": "200057",
    "image": "downloaded_images/Animals/Butterfly/image_20241017_182908_17.jpg",
    "conversations": [
      {
        "from": "human",
        "value": "<image>\nWhat is the usual name for this animal?"
      },
      {
        "from": "gpt",
        "value": "Butterfly"
      }
    ]
  },
  {
    "id": "200058",
    "image": "downloaded_images/Animals/Butterfly/image_20241017_182828_13.jpg",
    "conversations": [
      {
        "from": "human",
        "value": "<image>\nWhat family or order categorizes this animal?"
      },
      {
        "from": "gpt",
        "value": "Butterflies belong to the order Lepidoptera, which also includes moths. They are part of various families within this order, such as Nymphalidae (brush-footed butterflies) and Pieridae (whites and sulfurs)."
      }
    ]
  },
  {
    "id": "200059",
    "image": "downloaded_images/Animals/Butterfly/image_20241017_182633_1.jpg",
    "conversations": [
      {
        "from": "human",
        "value": "<image>\nIs this animal a herbivore, carnivore, or omnivore?"
      },
      {
        "from": "gpt",
        "value": "Butterflies are primarily herbivores. Adult butterflies typically feed on nectar from flowers, while their larvae (caterpillars) usually consume leaves."
      }
    ]
  },
  {
    "id": "200060",
    "image": "downloaded_images/Animals/Butterfly/image_20241017_182936_20.jpg",
    "conversations": [
      {
        "from": "human",
        "value": "<image>\nDoes this species originate from a specific area, or is it found globally?"
      },
      {
        "from": "gpt",
        "value": "Butterflies are found globally, with species present on every continent except Antarctica. They inhabit a wide range of environments, including forests, meadows, and gardens."
      }
    ]
  },
  {
    "id": "200061",
    "image": "downloaded_images/Animals/Butterfly/image_20241017_182810_11.jpg",
    "conversations": [
      {
        "from": "human",
        "value": "<image>\nHow does this animal reproduce, including mating habits and gestation duration?"
      },
      {
        "from": "gpt",
        "value": "Butterflies reproduce sexually. Mating habits can vary by species, but generally, males will attract females through various displays or pheromones. After mating, females lay eggs on host plants suitable for their caterpillars. The gestation period for butterfly eggs varies by species but typically lasts from a few days to several weeks before hatching into caterpillars. The entire life cycle from egg to adult can take anywhere from a few weeks to several months, depending on environmental conditions and species."
      }
    ]
  },
  {
    "id": "200062",
    "image": "downloaded_images/Animals/Butterfly/image_20241106_102023_9.jpg",
    "conversations": [
      {
        "from": "human",
        "value": "<image>\nWhat is the usual name for this animal?"
      },
      {
        "from": "gpt",
        "value": "Butterfly"
      }
    ]
  },
  {
    "id": "200063",
    "image": "downloaded_images/Animals/Butterfly/image_20241106_101925_3.jpg",
    "conversations": [
      {
        "from": "human",
        "value": "<image>\nWhat is the usual name for this animal?"
      },
      {
        "from": "gpt",
        "value": "Butterfly"
      }
    ]
  },
  {
    "id": "200064",
    "image": "downloaded_images/Animals/Butterfly/image_20241106_102348_29.jpg",
    "conversations": [
      {
        "from": "human",
        "value": "<image>\nWhat is the usual name for this animal?"
      },
      {
        "from": "gpt",
        "value": "Butterfly"
      }
    ]
  },
  {
    "id": "200065",
    "image": "downloaded_images/Animals/Butterfly/image_20241017_182851_15.jpg",
    "conversations": [
      {
        "from": "human",
        "value": "<image>\nWhat is the usual name for this animal?"
      },
      {
        "from": "gpt",
        "value": "Butterfly"
      }
    ]
  },
  {
    "id": "200066",
    "image": "downloaded_images/Animals/Butterfly/image_20241017_182643_2.jpg",
    "conversations": [
      {
        "from": "human",
        "value": "<image>\nWhat is the usual name for this animal?"
      },
      {
        "from": "gpt",
        "value": "Butterfly"
      }
    ]
  },
  {
    "id": "200067",
    "image": "downloaded_images/Animals/Butterfly/image_20241106_102231_23.jpg",
    "conversations": [
      {
        "from": "human",
        "value": "<image>\nWhat family or order categorizes this animal?"
      },
      {
        "from": "gpt",
        "value": "Butterflies belong to the order Lepidoptera, which also includes moths. They are part of various families within this order, such as Nymphalidae (brush-footed butterflies) and Pieridae (whites and sulfurs)."
      }
    ]
  },
  {
    "id": "200068",
    "image": "downloaded_images/Animals/Butterfly/image_20241106_102145_18.jpg",
    "conversations": [
      {
        "from": "human",
        "value": "<image>\nWhat family or order categorizes this animal?"
      },
      {
        "from": "gpt",
        "value": "Butterflies belong to the order Lepidoptera, which also includes moths. They are part of various families within this order, such as Nymphalidae (brush-footed butterflies) and Pieridae (whites and sulfurs)."
      }
    ]
  },
  {
    "id": "200069",
    "image": "downloaded_images/Animals/Butterfly/image_20241106_101943_5.jpg",
    "conversations": [
      {
        "from": "human",
        "value": "<image>\nWhat family or order categorizes this animal?"
      },
      {
        "from": "gpt",
        "value": "Butterflies belong to the order Lepidoptera, which also includes moths. They are part of various families within this order, such as Nymphalidae (brush-footed butterflies) and Pieridae (whites and sulfurs)."
      }
    ]
  },
  {
    "id": "200070",
    "image": "downloaded_images/Animals/Butterfly/image_20241106_101916_2.jpg",
    "conversations": [
      {
        "from": "human",
        "value": "<image>\nWhat family or order categorizes this animal?"
      },
      {
        "from": "gpt",
        "value": "Butterflies belong to the order Lepidoptera, which also includes moths. They are part of various families within this order, such as Nymphalidae (brush-footed butterflies) and Pieridae (whites and sulfurs)."
      }
    ]
  },
  {
    "id": "200071",
    "image": "downloaded_images/Animals/Butterfly/image_20241017_182851_15.jpg",
    "conversations": [
      {
        "from": "human",
        "value": "<image>\nWhat family or order categorizes this animal?"
      },
      {
        "from": "gpt",
        "value": "Butterflies belong to the order Lepidoptera, which also includes moths. They are part of various families within this order, such as Nymphalidae (brush-footed butterflies) and Pieridae (whites and sulfurs)."
      }
    ]
  },
  {
    "id": "200072",
    "image": "downloaded_images/Animals/Butterfly/image_20241106_102339_28.jpg",
    "conversations": [
      {
        "from": "human",
        "value": "<image>\nIs this animal a herbivore, carnivore, or omnivore?"
      },
      {
        "from": "gpt",
        "value": "Butterflies are primarily herbivores. Adult butterflies typically feed on nectar from flowers, while their larvae (caterpillars) usually consume leaves."
      }
    ]
  },
  {
    "id": "200073",
    "image": "downloaded_images/Animals/Butterfly/image_20241106_101943_5.jpg",
    "conversations": [
      {
        "from": "human",
        "value": "<image>\nIs this animal a herbivore, carnivore, or omnivore?"
      },
      {
        "from": "gpt",
        "value": "Butterflies are primarily herbivores. Adult butterflies typically feed on nectar from flowers, while their larvae (caterpillars) usually consume leaves."
      }
    ]
  },
  {
    "id": "200074",
    "image": "downloaded_images/Animals/Butterfly/image_20241106_102357_30.jpg",
    "conversations": [
      {
        "from": "human",
        "value": "<image>\nIs this animal a herbivore, carnivore, or omnivore?"
      },
      {
        "from": "gpt",
        "value": "Butterflies are primarily herbivores. Adult butterflies typically feed on nectar from flowers, while their larvae (caterpillars) usually consume leaves."
      }
    ]
  },
  {
    "id": "200075",
    "image": "downloaded_images/Animals/Butterfly/image_20241106_102155_19.jpg",
    "conversations": [
      {
        "from": "human",
        "value": "<image>\nIs this animal a herbivore, carnivore, or omnivore?"
      },
      {
        "from": "gpt",
        "value": "Butterflies are primarily herbivores. Adult butterflies typically feed on nectar from flowers, while their larvae (caterpillars) usually consume leaves."
      }
    ]
  },
  {
    "id": "200076",
    "image": "downloaded_images/Animals/Butterfly/image_20241017_182828_13.jpg",
    "conversations": [
      {
        "from": "human",
        "value": "<image>\nIs this animal a herbivore, carnivore, or omnivore?"
      },
      {
        "from": "gpt",
        "value": "Butterflies are primarily herbivores. Adult butterflies typically feed on nectar from flowers, while their larvae (caterpillars) usually consume leaves."
      }
    ]
  },
  {
    "id": "200077",
    "image": "downloaded_images/Animals/Butterfly/image_20241106_102042_11.jpg",
    "conversations": [
      {
        "from": "human",
        "value": "<image>\nDoes this species originate from a specific area, or is it found globally?"
      },
      {
        "from": "gpt",
        "value": "Butterflies are found globally, with species present on every continent except Antarctica. They inhabit a wide range of environments, including forests, meadows, and gardens."
      }
    ]
  },
  {
    "id": "200078",
    "image": "downloaded_images/Animals/Butterfly/image_20241017_182750_9.jpg",
    "conversations": [
      {
        "from": "human",
        "value": "<image>\nDoes this species originate from a specific area, or is it found globally?"
      },
      {
        "from": "gpt",
        "value": "Butterflies are found globally, with species present on every continent except Antarctica. They inhabit a wide range of environments, including forests, meadows, and gardens."
      }
    ]
  },
  {
    "id": "200079",
    "image": "downloaded_images/Animals/Butterfly/image_20241106_102032_10.jpg",
    "conversations": [
      {
        "from": "human",
        "value": "<image>\nDoes this species originate from a specific area, or is it found globally?"
      },
      {
        "from": "gpt",
        "value": "Butterflies are found globally, with species present on every continent except Antarctica. They inhabit a wide range of environments, including forests, meadows, and gardens."
      }
    ]
  },
  {
    "id": "200080",
    "image": "downloaded_images/Animals/Butterfly/image_20241017_182810_11.jpg",
    "conversations": [
      {
        "from": "human",
        "value": "<image>\nDoes this species originate from a specific area, or is it found globally?"
      },
      {
        "from": "gpt",
        "value": "Butterflies are found globally, with species present on every continent except Antarctica. They inhabit a wide range of environments, including forests, meadows, and gardens."
      }
    ]
  },
  {
    "id": "200081",
    "image": "downloaded_images/Animals/Butterfly/image_20241106_102222_22.jpg",
    "conversations": [
      {
        "from": "human",
        "value": "<image>\nDoes this species originate from a specific area, or is it found globally?"
      },
      {
        "from": "gpt",
        "value": "Butterflies are found globally, with species present on every continent except Antarctica. They inhabit a wide range of environments, including forests, meadows, and gardens."
      }
    ]
  },
  {
    "id": "200082",
    "image": "downloaded_images/Animals/Butterfly/image_20241106_102348_29.jpg",
    "conversations": [
      {
        "from": "human",
        "value": "<image>\nHow does this animal reproduce, including mating habits and gestation duration?"
      },
      {
        "from": "gpt",
        "value": "Butterflies reproduce sexually. Mating habits can vary by species, but generally, males will attract females through various displays or pheromones. After mating, females lay eggs on host plants suitable for their caterpillars. The gestation period for butterfly eggs varies by species but typically lasts from a few days to several weeks before hatching into caterpillars. The entire life cycle from egg to adult can take anywhere from a few weeks to several months, depending on environmental conditions and species."
      }
    ]
  },
  {
    "id": "200083",
    "image": "downloaded_images/Animals/Butterfly/image_20241017_182643_2.jpg",
    "conversations": [
      {
        "from": "human",
        "value": "<image>\nHow does this animal reproduce, including mating habits and gestation duration?"
      },
      {
        "from": "gpt",
        "value": "Butterflies reproduce sexually. Mating habits can vary by species, but generally, males will attract females through various displays or pheromones. After mating, females lay eggs on host plants suitable for their caterpillars. The gestation period for butterfly eggs varies by species but typically lasts from a few days to several weeks before hatching into caterpillars. The entire life cycle from egg to adult can take anywhere from a few weeks to several months, depending on environmental conditions and species."
      }
    ]
  },
  {
    "id": "200084",
    "image": "downloaded_images/Animals/Butterfly/image_20241106_102339_28.jpg",
    "conversations": [
      {
        "from": "human",
        "value": "<image>\nHow does this animal reproduce, including mating habits and gestation duration?"
      },
      {
        "from": "gpt",
        "value": "Butterflies reproduce sexually. Mating habits can vary by species, but generally, males will attract females through various displays or pheromones. After mating, females lay eggs on host plants suitable for their caterpillars. The gestation period for butterfly eggs varies by species but typically lasts from a few days to several weeks before hatching into caterpillars. The entire life cycle from egg to adult can take anywhere from a few weeks to several months, depending on environmental conditions and species."
      }
    ]
  },
  {
    "id": "200085",
    "image": "downloaded_images/Animals/Butterfly/image_20241106_101933_4.jpg",
    "conversations": [
      {
        "from": "human",
        "value": "<image>\nHow does this animal reproduce, including mating habits and gestation duration?"
      },
      {
        "from": "gpt",
        "value": "Butterflies reproduce sexually. Mating habits can vary by species, but generally, males will attract females through various displays or pheromones. After mating, females lay eggs on host plants suitable for their caterpillars. The gestation period for butterfly eggs varies by species but typically lasts from a few days to several weeks before hatching into caterpillars. The entire life cycle from egg to adult can take anywhere from a few weeks to several months, depending on environmental conditions and species."
      }
    ]
  },
  {
    "id": "200086",
    "image": "downloaded_images/Animals/Butterfly/image_20241017_182837_14.jpg",
    "conversations": [
      {
        "from": "human",
        "value": "<image>\nHow does this animal reproduce, including mating habits and gestation duration?"
      },
      {
        "from": "gpt",
        "value": "Butterflies reproduce sexually. Mating habits can vary by species, but generally, males will attract females through various displays or pheromones. After mating, females lay eggs on host plants suitable for their caterpillars. The gestation period for butterfly eggs varies by species but typically lasts from a few days to several weeks before hatching into caterpillars. The entire life cycle from egg to adult can take anywhere from a few weeks to several months, depending on environmental conditions and species."
      }
    ]
  },
  {
    "id": "300057",
    "image": "downloaded_images/Animals/Butterfly/image_20241017_182908_17.jpg",
    "conversations": [
      {
        "from": "human",
        "value": "<image>\nCan you tell me the common name of this species?"
      },
      {
        "from": "gpt",
        "value": "Butterfly"
      }
    ]
  },
  {
    "id": "300058",
    "image": "downloaded_images/Animals/Butterfly/image_20241017_182828_13.jpg",
    "conversations": [
      {
        "from": "human",
        "value": "<image>\nIn which family or order is this species classified?"
      },
      {
        "from": "gpt",
        "value": "Butterflies belong to the order Lepidoptera, which also includes moths. They are part of various families within this order, such as Nymphalidae (brush-footed butterflies) and Pieridae (whites and sulfurs)."
      }
    ]
  },
  {
    "id": "300059",
    "image": "downloaded_images/Animals/Butterfly/image_20241017_182633_1.jpg",
    "conversations": [
      {
        "from": "human",
        "value": "<image>\nWhat kind of foods does this animal consume?"
      },
      {
        "from": "gpt",
        "value": "Butterflies are primarily herbivores. Adult butterflies typically feed on nectar from flowers, while their larvae (caterpillars) usually consume leaves."
      }
    ]
  },
  {
    "id": "300060",
    "image": "downloaded_images/Animals/Butterfly/image_20241017_182936_20.jpg",
    "conversations": [
      {
        "from": "human",
        "value": "<image>\nIs this animal native to any specific region, or is it distributed all over the world?"
      },
      {
        "from": "gpt",
        "value": "Butterflies are found globally, with species present on every continent except Antarctica. They inhabit a wide range of environments, including forests, meadows, and gardens."
      }
    ]
  },
  {
    "id": "300061",
    "image": "downloaded_images/Animals/Butterfly/image_20241017_182810_11.jpg",
    "conversations": [
      {
        "from": "human",
        "value": "<image>\nCan you explain the reproduction process of this species (mating habits and gestation)?"
      },
      {
        "from": "gpt",
        "value": "Butterflies reproduce sexually. Mating habits can vary by species, but generally, males will attract females through various displays or pheromones. After mating, females lay eggs on host plants suitable for their caterpillars. The gestation period for butterfly eggs varies by species but typically lasts from a few days to several weeks before hatching into caterpillars. The entire life cycle from egg to adult can take anywhere from a few weeks to several months, depending on environmental conditions and species."
      }
    ]
  },
  {
    "id": "300062",
    "image": "downloaded_images/Animals/Butterfly/image_20241106_102023_9.jpg",
    "conversations": [
      {
        "from": "human",
        "value": "<image>\nCan you tell me the common name of this species?"
      },
      {
        "from": "gpt",
        "value": "Butterfly"
      }
    ]
  },
  {
    "id": "300063",
    "image": "downloaded_images/Animals/Butterfly/image_20241106_101925_3.jpg",
    "conversations": [
      {
        "from": "human",
        "value": "<image>\nCan you tell me the common name of this species?"
      },
      {
        "from": "gpt",
        "value": "Butterfly"
      }
    ]
  },
  {
    "id": "300064",
    "image": "downloaded_images/Animals/Butterfly/image_20241106_102348_29.jpg",
    "conversations": [
      {
        "from": "human",
        "value": "<image>\nCan you tell me the common name of this species?"
      },
      {
        "from": "gpt",
        "value": "Butterfly"
      }
    ]
  },
  {
    "id": "300065",
    "image": "downloaded_images/Animals/Butterfly/image_20241017_182851_15.jpg",
    "conversations": [
      {
        "from": "human",
        "value": "<image>\nCan you tell me the common name of this species?"
      },
      {
        "from": "gpt",
        "value": "Butterfly"
      }
    ]
  },
  {
    "id": "300066",
    "image": "downloaded_images/Animals/Butterfly/image_20241017_182643_2.jpg",
    "conversations": [
      {
        "from": "human",
        "value": "<image>\nCan you tell me the common name of this species?"
      },
      {
        "from": "gpt",
        "value": "Butterfly"
      }
    ]
  },
  {
    "id": "300067",
    "image": "downloaded_images/Animals/Butterfly/image_20241106_102231_23.jpg",
    "conversations": [
      {
        "from": "human",
        "value": "<image>\nIn which family or order is this species classified?"
      },
      {
        "from": "gpt",
        "value": "Butterflies belong to the order Lepidoptera, which also includes moths. They are part of various families within this order, such as Nymphalidae (brush-footed butterflies) and Pieridae (whites and sulfurs)."
      }
    ]
  },
  {
    "id": "300068",
    "image": "downloaded_images/Animals/Butterfly/image_20241106_102145_18.jpg",
    "conversations": [
      {
        "from": "human",
        "value": "<image>\nIn which family or order is this species classified?"
      },
      {
        "from": "gpt",
        "value": "Butterflies belong to the order Lepidoptera, which also includes moths. They are part of various families within this order, such as Nymphalidae (brush-footed butterflies) and Pieridae (whites and sulfurs)."
      }
    ]
  },
  {
    "id": "300069",
    "image": "downloaded_images/Animals/Butterfly/image_20241106_101943_5.jpg",
    "conversations": [
      {
        "from": "human",
        "value": "<image>\nIn which family or order is this species classified?"
      },
      {
        "from": "gpt",
        "value": "Butterflies belong to the order Lepidoptera, which also includes moths. They are part of various families within this order, such as Nymphalidae (brush-footed butterflies) and Pieridae (whites and sulfurs)."
      }
    ]
  },
  {
    "id": "300070",
    "image": "downloaded_images/Animals/Butterfly/image_20241106_101916_2.jpg",
    "conversations": [
      {
        "from": "human",
        "value": "<image>\nIn which family or order is this species classified?"
      },
      {
        "from": "gpt",
        "value": "Butterflies belong to the order Lepidoptera, which also includes moths. They are part of various families within this order, such as Nymphalidae (brush-footed butterflies) and Pieridae (whites and sulfurs)."
      }
    ]
  },
  {
    "id": "300071",
    "image": "downloaded_images/Animals/Butterfly/image_20241017_182851_15.jpg",
    "conversations": [
      {
        "from": "human",
        "value": "<image>\nIn which family or order is this species classified?"
      },
      {
        "from": "gpt",
        "value": "Butterflies belong to the order Lepidoptera, which also includes moths. They are part of various families within this order, such as Nymphalidae (brush-footed butterflies) and Pieridae (whites and sulfurs)."
      }
    ]
  },
  {
    "id": "300072",
    "image": "downloaded_images/Animals/Butterfly/image_20241106_102339_28.jpg",
    "conversations": [
      {
        "from": "human",
        "value": "<image>\nWhat kind of foods does this animal consume?"
      },
      {
        "from": "gpt",
        "value": "Butterflies are primarily herbivores. Adult butterflies typically feed on nectar from flowers, while their larvae (caterpillars) usually consume leaves."
      }
    ]
  },
  {
    "id": "300073",
    "image": "downloaded_images/Animals/Butterfly/image_20241106_101943_5.jpg",
    "conversations": [
      {
        "from": "human",
        "value": "<image>\nWhat kind of foods does this animal consume?"
      },
      {
        "from": "gpt",
        "value": "Butterflies are primarily herbivores. Adult butterflies typically feed on nectar from flowers, while their larvae (caterpillars) usually consume leaves."
      }
    ]
  },
  {
    "id": "300074",
    "image": "downloaded_images/Animals/Butterfly/image_20241106_102357_30.jpg",
    "conversations": [
      {
        "from": "human",
        "value": "<image>\nWhat kind of foods does this animal consume?"
      },
      {
        "from": "gpt",
        "value": "Butterflies are primarily herbivores. Adult butterflies typically feed on nectar from flowers, while their larvae (caterpillars) usually consume leaves."
      }
    ]
  },
  {
    "id": "300075",
    "image": "downloaded_images/Animals/Butterfly/image_20241106_102155_19.jpg",
    "conversations": [
      {
        "from": "human",
        "value": "<image>\nWhat kind of foods does this animal consume?"
      },
      {
        "from": "gpt",
        "value": "Butterflies are primarily herbivores. Adult butterflies typically feed on nectar from flowers, while their larvae (caterpillars) usually consume leaves."
      }
    ]
  },
  {
    "id": "300076",
    "image": "downloaded_images/Animals/Butterfly/image_20241017_182828_13.jpg",
    "conversations": [
      {
        "from": "human",
        "value": "<image>\nWhat kind of foods does this animal consume?"
      },
      {
        "from": "gpt",
        "value": "Butterflies are primarily herbivores. Adult butterflies typically feed on nectar from flowers, while their larvae (caterpillars) usually consume leaves."
      }
    ]
  },
  {
    "id": "300077",
    "image": "downloaded_images/Animals/Butterfly/image_20241106_102042_11.jpg",
    "conversations": [
      {
        "from": "human",
        "value": "<image>\nIs this animal native to any specific region, or is it distributed all over the world?"
      },
      {
        "from": "gpt",
        "value": "Butterflies are found globally, with species present on every continent except Antarctica. They inhabit a wide range of environments, including forests, meadows, and gardens."
      }
    ]
  },
  {
    "id": "300078",
    "image": "downloaded_images/Animals/Butterfly/image_20241017_182750_9.jpg",
    "conversations": [
      {
        "from": "human",
        "value": "<image>\nIs this animal native to any specific region, or is it distributed all over the world?"
      },
      {
        "from": "gpt",
        "value": "Butterflies are found globally, with species present on every continent except Antarctica. They inhabit a wide range of environments, including forests, meadows, and gardens."
      }
    ]
  },
  {
    "id": "300079",
    "image": "downloaded_images/Animals/Butterfly/image_20241106_102032_10.jpg",
    "conversations": [
      {
        "from": "human",
        "value": "<image>\nIs this animal native to any specific region, or is it distributed all over the world?"
      },
      {
        "from": "gpt",
        "value": "Butterflies are found globally, with species present on every continent except Antarctica. They inhabit a wide range of environments, including forests, meadows, and gardens."
      }
    ]
  },
  {
    "id": "300080",
    "image": "downloaded_images/Animals/Butterfly/image_20241017_182810_11.jpg",
    "conversations": [
      {
        "from": "human",
        "value": "<image>\nIs this animal native to any specific region, or is it distributed all over the world?"
      },
      {
        "from": "gpt",
        "value": "Butterflies are found globally, with species present on every continent except Antarctica. They inhabit a wide range of environments, including forests, meadows, and gardens."
      }
    ]
  },
  {
    "id": "300081",
    "image": "downloaded_images/Animals/Butterfly/image_20241106_102222_22.jpg",
    "conversations": [
      {
        "from": "human",
        "value": "<image>\nIs this animal native to any specific region, or is it distributed all over the world?"
      },
      {
        "from": "gpt",
        "value": "Butterflies are found globally, with species present on every continent except Antarctica. They inhabit a wide range of environments, including forests, meadows, and gardens."
      }
    ]
  },
  {
    "id": "300082",
    "image": "downloaded_images/Animals/Butterfly/image_20241106_102348_29.jpg",
    "conversations": [
      {
        "from": "human",
        "value": "<image>\nCan you explain the reproduction process of this species (mating habits and gestation)?"
      },
      {
        "from": "gpt",
        "value": "Butterflies reproduce sexually. Mating habits can vary by species, but generally, males will attract females through various displays or pheromones. After mating, females lay eggs on host plants suitable for their caterpillars. The gestation period for butterfly eggs varies by species but typically lasts from a few days to several weeks before hatching into caterpillars. The entire life cycle from egg to adult can take anywhere from a few weeks to several months, depending on environmental conditions and species."
      }
    ]
  },
  {
    "id": "300083",
    "image": "downloaded_images/Animals/Butterfly/image_20241017_182643_2.jpg",
    "conversations": [
      {
        "from": "human",
        "value": "<image>\nCan you explain the reproduction process of this species (mating habits and gestation)?"
      },
      {
        "from": "gpt",
        "value": "Butterflies reproduce sexually. Mating habits can vary by species, but generally, males will attract females through various displays or pheromones. After mating, females lay eggs on host plants suitable for their caterpillars. The gestation period for butterfly eggs varies by species but typically lasts from a few days to several weeks before hatching into caterpillars. The entire life cycle from egg to adult can take anywhere from a few weeks to several months, depending on environmental conditions and species."
      }
    ]
  },
  {
    "id": "300084",
    "image": "downloaded_images/Animals/Butterfly/image_20241106_102339_28.jpg",
    "conversations": [
      {
        "from": "human",
        "value": "<image>\nCan you explain the reproduction process of this species (mating habits and gestation)?"
      },
      {
        "from": "gpt",
        "value": "Butterflies reproduce sexually. Mating habits can vary by species, but generally, males will attract females through various displays or pheromones. After mating, females lay eggs on host plants suitable for their caterpillars. The gestation period for butterfly eggs varies by species but typically lasts from a few days to several weeks before hatching into caterpillars. The entire life cycle from egg to adult can take anywhere from a few weeks to several months, depending on environmental conditions and species."
      }
    ]
  },
  {
    "id": "300085",
    "image": "downloaded_images/Animals/Butterfly/image_20241106_101933_4.jpg",
    "conversations": [
      {
        "from": "human",
        "value": "<image>\nCan you explain the reproduction process of this species (mating habits and gestation)?"
      },
      {
        "from": "gpt",
        "value": "Butterflies reproduce sexually. Mating habits can vary by species, but generally, males will attract females through various displays or pheromones. After mating, females lay eggs on host plants suitable for their caterpillars. The gestation period for butterfly eggs varies by species but typically lasts from a few days to several weeks before hatching into caterpillars. The entire life cycle from egg to adult can take anywhere from a few weeks to several months, depending on environmental conditions and species."
      }
    ]
  },
  {
    "id": "300086",
    "image": "downloaded_images/Animals/Butterfly/image_20241017_182837_14.jpg",
    "conversations": [
      {
        "from": "human",
        "value": "<image>\nCan you explain the reproduction process of this species (mating habits and gestation)?"
      },
      {
        "from": "gpt",
        "value": "Butterflies reproduce sexually. Mating habits can vary by species, but generally, males will attract females through various displays or pheromones. After mating, females lay eggs on host plants suitable for their caterpillars. The gestation period for butterfly eggs varies by species but typically lasts from a few days to several weeks before hatching into caterpillars. The entire life cycle from egg to adult can take anywhere from a few weeks to several months, depending on environmental conditions and species."
      }
    ]
  },
  {
    "id": "400057",
    "image": "downloaded_images/Animals/Butterfly/image_20241017_182908_17.jpg",
    "conversations": [
      {
        "from": "human",
        "value": "<image>\nHow is this animal referred to in everyday language?"
      },
      {
        "from": "gpt",
        "value": "Butterfly"
      }
    ]
  },
  {
    "id": "400058",
    "image": "downloaded_images/Animals/Butterfly/image_20241017_182828_13.jpg",
    "conversations": [
      {
        "from": "human",
        "value": "<image>\nWhat is the taxonomic family or order of this animal?"
      },
      {
        "from": "gpt",
        "value": "Butterflies belong to the order Lepidoptera, which also includes moths. They are part of various families within this order, such as Nymphalidae (brush-footed butterflies) and Pieridae (whites and sulfurs)."
      }
    ]
  },
  {
    "id": "400059",
    "image": "downloaded_images/Animals/Butterfly/image_20241017_182633_1.jpg",
    "conversations": [
      {
        "from": "human",
        "value": "<image>\nHow would you classify this animal's eating habits?"
      },
      {
        "from": "gpt",
        "value": "Butterflies are primarily herbivores. Adult butterflies typically feed on nectar from flowers, while their larvae (caterpillars) usually consume leaves."
      }
    ]
  },
  {
    "id": "400060",
    "image": "downloaded_images/Animals/Butterfly/image_20241017_182936_20.jpg",
    "conversations": [
      {
        "from": "human",
        "value": "<image>\nWhere is this animal primarily found—regionally or globally?"
      },
      {
        "from": "gpt",
        "value": "Butterflies are found globally, with species present on every continent except Antarctica. They inhabit a wide range of environments, including forests, meadows, and gardens."
      }
    ]
  },
  {
    "id": "400061",
    "image": "downloaded_images/Animals/Butterfly/image_20241017_182810_11.jpg",
    "conversations": [
      {
        "from": "human",
        "value": "<image>\nWhat are the details of this animal's reproduction, such as mating behaviors and how long it is pregnant?"
      },
      {
        "from": "gpt",
        "value": "Butterflies reproduce sexually. Mating habits can vary by species, but generally, males will attract females through various displays or pheromones. After mating, females lay eggs on host plants suitable for their caterpillars. The gestation period for butterfly eggs varies by species but typically lasts from a few days to several weeks before hatching into caterpillars. The entire life cycle from egg to adult can take anywhere from a few weeks to several months, depending on environmental conditions and species."
      }
    ]
  },
  {
    "id": "400062",
    "image": "downloaded_images/Animals/Butterfly/image_20241106_102023_9.jpg",
    "conversations": [
      {
        "from": "human",
        "value": "<image>\nHow is this animal referred to in everyday language?"
      },
      {
        "from": "gpt",
        "value": "Butterfly"
      }
    ]
  },
  {
    "id": "400063",
    "image": "downloaded_images/Animals/Butterfly/image_20241106_101925_3.jpg",
    "conversations": [
      {
        "from": "human",
        "value": "<image>\nHow is this animal referred to in everyday language?"
      },
      {
        "from": "gpt",
        "value": "Butterfly"
      }
    ]
  },
  {
    "id": "400064",
    "image": "downloaded_images/Animals/Butterfly/image_20241106_102348_29.jpg",
    "conversations": [
      {
        "from": "human",
        "value": "<image>\nHow is this animal referred to in everyday language?"
      },
      {
        "from": "gpt",
        "value": "Butterfly"
      }
    ]
  },
  {
    "id": "400065",
    "image": "downloaded_images/Animals/Butterfly/image_20241017_182851_15.jpg",
    "conversations": [
      {
        "from": "human",
        "value": "<image>\nHow is this animal referred to in everyday language?"
      },
      {
        "from": "gpt",
        "value": "Butterfly"
      }
    ]
  },
  {
    "id": "400066",
    "image": "downloaded_images/Animals/Butterfly/image_20241017_182643_2.jpg",
    "conversations": [
      {
        "from": "human",
        "value": "<image>\nHow is this animal referred to in everyday language?"
      },
      {
        "from": "gpt",
        "value": "Butterfly"
      }
    ]
  },
  {
    "id": "400067",
    "image": "downloaded_images/Animals/Butterfly/image_20241106_102231_23.jpg",
    "conversations": [
      {
        "from": "human",
        "value": "<image>\nWhat is the taxonomic family or order of this animal?"
      },
      {
        "from": "gpt",
        "value": "Butterflies belong to the order Lepidoptera, which also includes moths. They are part of various families within this order, such as Nymphalidae (brush-footed butterflies) and Pieridae (whites and sulfurs)."
      }
    ]
  },
  {
    "id": "400068",
    "image": "downloaded_images/Animals/Butterfly/image_20241106_102145_18.jpg",
    "conversations": [
      {
        "from": "human",
        "value": "<image>\nWhat is the taxonomic family or order of this animal?"
      },
      {
        "from": "gpt",
        "value": "Butterflies belong to the order Lepidoptera, which also includes moths. They are part of various families within this order, such as Nymphalidae (brush-footed butterflies) and Pieridae (whites and sulfurs)."
      }
    ]
  },
  {
    "id": "400069",
    "image": "downloaded_images/Animals/Butterfly/image_20241106_101943_5.jpg",
    "conversations": [
      {
        "from": "human",
        "value": "<image>\nWhat is the taxonomic family or order of this animal?"
      },
      {
        "from": "gpt",
        "value": "Butterflies belong to the order Lepidoptera, which also includes moths. They are part of various families within this order, such as Nymphalidae (brush-footed butterflies) and Pieridae (whites and sulfurs)."
      }
    ]
  },
  {
    "id": "400070",
    "image": "downloaded_images/Animals/Butterfly/image_20241106_101916_2.jpg",
    "conversations": [
      {
        "from": "human",
        "value": "<image>\nWhat is the taxonomic family or order of this animal?"
      },
      {
        "from": "gpt",
        "value": "Butterflies belong to the order Lepidoptera, which also includes moths. They are part of various families within this order, such as Nymphalidae (brush-footed butterflies) and Pieridae (whites and sulfurs)."
      }
    ]
  },
  {
    "id": "400071",
    "image": "downloaded_images/Animals/Butterfly/image_20241017_182851_15.jpg",
    "conversations": [
      {
        "from": "human",
        "value": "<image>\nWhat is the taxonomic family or order of this animal?"
      },
      {
        "from": "gpt",
        "value": "Butterflies belong to the order Lepidoptera, which also includes moths. They are part of various families within this order, such as Nymphalidae (brush-footed butterflies) and Pieridae (whites and sulfurs)."
      }
    ]
  },
  {
    "id": "400072",
    "image": "downloaded_images/Animals/Butterfly/image_20241106_102339_28.jpg",
    "conversations": [
      {
        "from": "human",
        "value": "<image>\nHow would you classify this animal's eating habits?"
      },
      {
        "from": "gpt",
        "value": "Butterflies are primarily herbivores. Adult butterflies typically feed on nectar from flowers, while their larvae (caterpillars) usually consume leaves."
      }
    ]
  },
  {
    "id": "400073",
    "image": "downloaded_images/Animals/Butterfly/image_20241106_101943_5.jpg",
    "conversations": [
      {
        "from": "human",
        "value": "<image>\nHow would you classify this animal's eating habits?"
      },
      {
        "from": "gpt",
        "value": "Butterflies are primarily herbivores. Adult butterflies typically feed on nectar from flowers, while their larvae (caterpillars) usually consume leaves."
      }
    ]
  },
  {
    "id": "400074",
    "image": "downloaded_images/Animals/Butterfly/image_20241106_102357_30.jpg",
    "conversations": [
      {
        "from": "human",
        "value": "<image>\nHow would you classify this animal's eating habits?"
      },
      {
        "from": "gpt",
        "value": "Butterflies are primarily herbivores. Adult butterflies typically feed on nectar from flowers, while their larvae (caterpillars) usually consume leaves."
      }
    ]
  },
  {
    "id": "400075",
    "image": "downloaded_images/Animals/Butterfly/image_20241106_102155_19.jpg",
    "conversations": [
      {
        "from": "human",
        "value": "<image>\nHow would you classify this animal's eating habits?"
      },
      {
        "from": "gpt",
        "value": "Butterflies are primarily herbivores. Adult butterflies typically feed on nectar from flowers, while their larvae (caterpillars) usually consume leaves."
      }
    ]
  },
  {
    "id": "400076",
    "image": "downloaded_images/Animals/Butterfly/image_20241017_182828_13.jpg",
    "conversations": [
      {
        "from": "human",
        "value": "<image>\nHow would you classify this animal's eating habits?"
      },
      {
        "from": "gpt",
        "value": "Butterflies are primarily herbivores. Adult butterflies typically feed on nectar from flowers, while their larvae (caterpillars) usually consume leaves."
      }
    ]
  },
  {
    "id": "400077",
    "image": "downloaded_images/Animals/Butterfly/image_20241106_102042_11.jpg",
    "conversations": [
      {
        "from": "human",
        "value": "<image>\nWhere is this animal primarily found—regionally or globally?"
      },
      {
        "from": "gpt",
        "value": "Butterflies are found globally, with species present on every continent except Antarctica. They inhabit a wide range of environments, including forests, meadows, and gardens."
      }
    ]
  },
  {
    "id": "400078",
    "image": "downloaded_images/Animals/Butterfly/image_20241017_182750_9.jpg",
    "conversations": [
      {
        "from": "human",
        "value": "<image>\nWhere is this animal primarily found—regionally or globally?"
      },
      {
        "from": "gpt",
        "value": "Butterflies are found globally, with species present on every continent except Antarctica. They inhabit a wide range of environments, including forests, meadows, and gardens."
      }
    ]
  },
  {
    "id": "400079",
    "image": "downloaded_images/Animals/Butterfly/image_20241106_102032_10.jpg",
    "conversations": [
      {
        "from": "human",
        "value": "<image>\nWhere is this animal primarily found—regionally or globally?"
      },
      {
        "from": "gpt",
        "value": "Butterflies are found globally, with species present on every continent except Antarctica. They inhabit a wide range of environments, including forests, meadows, and gardens."
      }
    ]
  },
  {
    "id": "400080",
    "image": "downloaded_images/Animals/Butterfly/image_20241017_182810_11.jpg",
    "conversations": [
      {
        "from": "human",
        "value": "<image>\nWhere is this animal primarily found—regionally or globally?"
      },
      {
        "from": "gpt",
        "value": "Butterflies are found globally, with species present on every continent except Antarctica. They inhabit a wide range of environments, including forests, meadows, and gardens."
      }
    ]
  },
  {
    "id": "400081",
    "image": "downloaded_images/Animals/Butterfly/image_20241106_102222_22.jpg",
    "conversations": [
      {
        "from": "human",
        "value": "<image>\nWhere is this animal primarily found—regionally or globally?"
      },
      {
        "from": "gpt",
        "value": "Butterflies are found globally, with species present on every continent except Antarctica. They inhabit a wide range of environments, including forests, meadows, and gardens."
      }
    ]
  },
  {
    "id": "400082",
    "image": "downloaded_images/Animals/Butterfly/image_20241106_102348_29.jpg",
    "conversations": [
      {
        "from": "human",
        "value": "<image>\nWhat are the details of this animal's reproduction, such as mating behaviors and how long it is pregnant?"
      },
      {
        "from": "gpt",
        "value": "Butterflies reproduce sexually. Mating habits can vary by species, but generally, males will attract females through various displays or pheromones. After mating, females lay eggs on host plants suitable for their caterpillars. The gestation period for butterfly eggs varies by species but typically lasts from a few days to several weeks before hatching into caterpillars. The entire life cycle from egg to adult can take anywhere from a few weeks to several months, depending on environmental conditions and species."
      }
    ]
  },
  {
    "id": "400083",
    "image": "downloaded_images/Animals/Butterfly/image_20241017_182643_2.jpg",
    "conversations": [
      {
        "from": "human",
        "value": "<image>\nWhat are the details of this animal's reproduction, such as mating behaviors and how long it is pregnant?"
      },
      {
        "from": "gpt",
        "value": "Butterflies reproduce sexually. Mating habits can vary by species, but generally, males will attract females through various displays or pheromones. After mating, females lay eggs on host plants suitable for their caterpillars. The gestation period for butterfly eggs varies by species but typically lasts from a few days to several weeks before hatching into caterpillars. The entire life cycle from egg to adult can take anywhere from a few weeks to several months, depending on environmental conditions and species."
      }
    ]
  },
  {
    "id": "400084",
    "image": "downloaded_images/Animals/Butterfly/image_20241106_102339_28.jpg",
    "conversations": [
      {
        "from": "human",
        "value": "<image>\nWhat are the details of this animal's reproduction, such as mating behaviors and how long it is pregnant?"
      },
      {
        "from": "gpt",
        "value": "Butterflies reproduce sexually. Mating habits can vary by species, but generally, males will attract females through various displays or pheromones. After mating, females lay eggs on host plants suitable for their caterpillars. The gestation period for butterfly eggs varies by species but typically lasts from a few days to several weeks before hatching into caterpillars. The entire life cycle from egg to adult can take anywhere from a few weeks to several months, depending on environmental conditions and species."
      }
    ]
  },
  {
    "id": "400085",
    "image": "downloaded_images/Animals/Butterfly/image_20241106_101933_4.jpg",
    "conversations": [
      {
        "from": "human",
        "value": "<image>\nWhat are the details of this animal's reproduction, such as mating behaviors and how long it is pregnant?"
      },
      {
        "from": "gpt",
        "value": "Butterflies reproduce sexually. Mating habits can vary by species, but generally, males will attract females through various displays or pheromones. After mating, females lay eggs on host plants suitable for their caterpillars. The gestation period for butterfly eggs varies by species but typically lasts from a few days to several weeks before hatching into caterpillars. The entire life cycle from egg to adult can take anywhere from a few weeks to several months, depending on environmental conditions and species."
      }
    ]
  },
  {
    "id": "400086",
    "image": "downloaded_images/Animals/Butterfly/image_20241017_182837_14.jpg",
    "conversations": [
      {
        "from": "human",
        "value": "<image>\nWhat are the details of this animal's reproduction, such as mating behaviors and how long it is pregnant?"
      },
      {
        "from": "gpt",
        "value": "Butterflies reproduce sexually. Mating habits can vary by species, but generally, males will attract females through various displays or pheromones. After mating, females lay eggs on host plants suitable for their caterpillars. The gestation period for butterfly eggs varies by species but typically lasts from a few days to several weeks before hatching into caterpillars. The entire life cycle from egg to adult can take anywhere from a few weeks to several months, depending on environmental conditions and species."
      }
    ]
  }
]