[
  {
    "id": "21",
    "image": "downloaded_images/Personage/Trump/image_2.jpg",
    "conversations": [
      {
        "from": "human",
        "value": "<image>\nWhat is this person's name?"
      },
      {
        "from": "gpt",
        "value": "Donald Trump"
      }
    ]
  },
  {
    "id": "22",
    "image": "downloaded_images/Personage/Trump/image_20241016_111258_4.jpg",
    "conversations": [
      {
        "from": "human",
        "value": "<image>\nWhen and where was this person born?"
      },
      {
        "from": "gpt",
        "value": "Donald Trump was born on June 14, 1946, in Queens, New York City, New York, USA."
      }
    ]
  },
  {
    "id": "23",
    "image": "downloaded_images/Personage/Trump/image_20241016_110752_3.jpg",
    "conversations": [
      {
        "from": "human",
        "value": "<image>\nWhat is this person's profession?"
      },
      {
        "from": "gpt",
        "value": "Donald Trump is a businessman, television personality, and politician. He is known for being the 45th President of the United States."
      }
    ]
  },
  {
    "id": "24",
    "image": "downloaded_images/Personage/Trump/image_20241015_214122_5.jpg",
    "conversations": [
      {
        "from": "human",
        "value": "<image>\nWhat are the famous works or achievements of this person?"
      },
      {
        "from": "gpt",
        "value": "Donald Trump is known for his real estate developments, including Trump Tower in New York City.\n   - He gained fame as the host of the reality television show \"The Apprentice.\"\n   - He served as the President of the United States from January 20, 2017, to January 20, 2021.\n   - His administration is noted for tax reform, deregulation, and the appointment of three Supreme Court justices."
      }
    ]
  },
  {
    "id": "25",
    "image": "downloaded_images/Personage/Trump/image_9.jpg",
    "conversations": [
      {
        "from": "human",
        "value": "<image>\nWhat contributions has this person made to society or industry?"
      },
      {
        "from": "gpt",
        "value": "In the real estate industry, Trump has been influential in popularizing luxury real estate and branding.\n   - His presidency focused on economic policies that aimed to stimulate job growth and reduce unemployment rates prior to the COVID-19 pandemic.\n   - He has been a polarizing figure in American politics, influencing political discourse and the Republican Party's direction.\n   - Trump's advocacy for certain policies, such as criminal justice reform and veterans' affairs, has had lasting impacts on those areas."
      }
    ]
  },
  {
    "id": "26",
    "image": "downloaded_images/Personage/Trump/image_20241107_123145_29.jpg",
    "conversations": [
      {
        "from": "human",
        "value": "<image>\nWhat is this person's name?"
      },
      {
        "from": "gpt",
        "value": "Donald Trump"
      }
    ]
  },
  {
    "id": "27",
    "image": "downloaded_images/Personage/Trump/image_20241016_111331_8.jpg",
    "conversations": [
      {
        "from": "human",
        "value": "<image>\nWhat is this person's name?"
      },
      {
        "from": "gpt",
        "value": "Donald Trump"
      }
    ]
  },
  {
    "id": "28",
    "image": "downloaded_images/Personage/Trump/image_20241015_214122_5.jpg",
    "conversations": [
      {
        "from": "human",
        "value": "<image>\nWhat is this person's name?"
      },
      {
        "from": "gpt",
        "value": "Donald Trump"
      }
    ]
  },
  {
    "id": "29",
    "image": "downloaded_images/Personage/Trump/image_20241018_145940_15.jpg",
    "conversations": [
      {
        "from": "human",
        "value": "<image>\nWhat is this person's name?"
      },
      {
        "from": "gpt",
        "value": "Donald Trump"
      }
    ]
  },
  {
    "id": "30",
    "image": "downloaded_images/Personage/Trump/image_20241015_223344_1.jpg",
    "conversations": [
      {
        "from": "human",
        "value": "<image>\nWhat is this person's name?"
      },
      {
        "from": "gpt",
        "value": "Donald Trump"
      }
    ]
  },
  {
    "id": "31",
    "image": "downloaded_images/Personage/Trump/image_20241016_110740_2.jpg",
    "conversations": [
      {
        "from": "human",
        "value": "<image>\nWhen and where was this person born?"
      },
      {
        "from": "gpt",
        "value": "Donald Trump was born on June 14, 1946, in Queens, New York City, New York, USA."
      }
    ]
  },
  {
    "id": "32",
    "image": "downloaded_images/Personage/Trump/image_20241107_123041_22.jpg",
    "conversations": [
      {
        "from": "human",
        "value": "<image>\nWhen and where was this person born?"
      },
      {
        "from": "gpt",
        "value": "Donald Trump was born on June 14, 1946, in Queens, New York City, New York, USA."
      }
    ]
  },
  {
    "id": "33",
    "image": "downloaded_images/Personage/Trump/image_20241015_215418_1.jpg",
    "conversations": [
      {
        "from": "human",
        "value": "<image>\nWhen and where was this person born?"
      },
      {
        "from": "gpt",
        "value": "Donald Trump was born on June 14, 1946, in Queens, New York City, New York, USA."
      }
    ]
  },
  {
    "id": "34",
    "image": "downloaded_images/Personage/Trump/image_20241016_111440_16.jpg",
    "conversations": [
      {
        "from": "human",
        "value": "<image>\nWhen and where was this person born?"
      },
      {
        "from": "gpt",
        "value": "Donald Trump was born on June 14, 1946, in Queens, New York City, New York, USA."
      }
    ]
  },
  {
    "id": "35",
    "image": "downloaded_images/Personage/Trump/image_20241016_111331_8.jpg",
    "conversations": [
      {
        "from": "human",
        "value": "<image>\nWhen and where was this person born?"
      },
      {
        "from": "gpt",
        "value": "Donald Trump was born on June 14, 1946, in Queens, New York City, New York, USA."
      }
    ]
  },
  {
    "id": "36",
    "image": "downloaded_images/Personage/Trump/image_20241015_223344_1.jpg",
    "conversations": [
      {
        "from": "human",
        "value": "<image>\nWhat is this person's profession?"
      },
      {
        "from": "gpt",
        "value": "Donald Trump is a businessman, television personality, and politician. He is known for being the 45th President of the United States."
      }
    ]
  },
  {
    "id": "37",
    "image": "downloaded_images/Personage/Trump/image_20241107_122718_1.jpg",
    "conversations": [
      {
        "from": "human",
        "value": "<image>\nWhat is this person's profession?"
      },
      {
        "from": "gpt",
        "value": "Donald Trump is a businessman, television personality, and politician. He is known for being the 45th President of the United States."
      }
    ]
  },
  {
    "id": "38",
    "image": "downloaded_images/Personage/Trump/image_20241107_122947_17.jpg",
    "conversations": [
      {
        "from": "human",
        "value": "<image>\nWhat is this person's profession?"
      },
      {
        "from": "gpt",
        "value": "Donald Trump is a businessman, television personality, and politician. He is known for being the 45th President of the United States."
      }
    ]
  },
  {
    "id": "39",
    "image": "downloaded_images/Personage/Trump/image_20241015_214122_5.jpg",
    "conversations": [
      {
        "from": "human",
        "value": "<image>\nWhat is this person's profession?"
      },
      {
        "from": "gpt",
        "value": "Donald Trump is a businessman, television personality, and politician. He is known for being the 45th President of the United States."
      }
    ]
  },
  {
    "id": "40",
    "image": "downloaded_images/Personage/Trump/image_20241015_224545_1.jpg",
    "conversations": [
      {
        "from": "human",
        "value": "<image>\nWhat is this person's profession?"
      },
      {
        "from": "gpt",
        "value": "Donald Trump is a businessman, television personality, and politician. He is known for being the 45th President of the United States."
      }
    ]
  },
  {
    "id": "41",
    "image": "downloaded_images/Personage/Trump/image_20241018_145836_8.jpg",
    "conversations": [
      {
        "from": "human",
        "value": "<image>\nWhat are the famous works or achievements of this person?"
      },
      {
        "from": "gpt",
        "value": "Donald Trump is known for his real estate developments, including Trump Tower in New York City.\n   - He gained fame as the host of the reality television show \"The Apprentice.\"\n   - He served as the President of the United States from January 20, 2017, to January 20, 2021.\n   - His administration is noted for tax reform, deregulation, and the appointment of three Supreme Court justices."
      }
    ]
  },
  {
    "id": "42",
    "image": "downloaded_images/Personage/Trump/image_20241015_213358_1.jpg",
    "conversations": [
      {
        "from": "human",
        "value": "<image>\nWhat are the famous works or achievements of this person?"
      },
      {
        "from": "gpt",
        "value": "Donald Trump is known for his real estate developments, including Trump Tower in New York City.\n   - He gained fame as the host of the reality television show \"The Apprentice.\"\n   - He served as the President of the United States from January 20, 2017, to January 20, 2021.\n   - His administration is noted for tax reform, deregulation, and the appointment of three Supreme Court justices."
      }
    ]
  },
  {
    "id": "43",
    "image": "downloaded_images/Personage/Trump/image_20241107_122814_7.jpg",
    "conversations": [
      {
        "from": "human",
        "value": "<image>\nWhat are the famous works or achievements of this person?"
      },
      {
        "from": "gpt",
        "value": "Donald Trump is known for his real estate developments, including Trump Tower in New York City.\n   - He gained fame as the host of the reality television show \"The Apprentice.\"\n   - He served as the President of the United States from January 20, 2017, to January 20, 2021.\n   - His administration is noted for tax reform, deregulation, and the appointment of three Supreme Court justices."
      }
    ]
  },
  {
    "id": "44",
    "image": "downloaded_images/Personage/Trump/image_20241018_145752_3.jpg",
    "conversations": [
      {
        "from": "human",
        "value": "<image>\nWhat are the famous works or achievements of this person?"
      },
      {
        "from": "gpt",
        "value": "Donald Trump is known for his real estate developments, including Trump Tower in New York City.\n   - He gained fame as the host of the reality television show \"The Apprentice.\"\n   - He served as the President of the United States from January 20, 2017, to January 20, 2021.\n   - His administration is noted for tax reform, deregulation, and the appointment of three Supreme Court justices."
      }
    ]
  },
  {
    "id": "45",
    "image": "downloaded_images/Personage/Trump/image_20241018_145930_14.jpg",
    "conversations": [
      {
        "from": "human",
        "value": "<image>\nWhat are the famous works or achievements of this person?"
      },
      {
        "from": "gpt",
        "value": "Donald Trump is known for his real estate developments, including Trump Tower in New York City.\n   - He gained fame as the host of the reality television show \"The Apprentice.\"\n   - He served as the President of the United States from January 20, 2017, to January 20, 2021.\n   - His administration is noted for tax reform, deregulation, and the appointment of three Supreme Court justices."
      }
    ]
  },
  {
    "id": "46",
    "image": "downloaded_images/Personage/Trump/image_20241018_150110_25.jpg",
    "conversations": [
      {
        "from": "human",
        "value": "<image>\nWhat contributions has this person made to society or industry?"
      },
      {
        "from": "gpt",
        "value": "In the real estate industry, Trump has been influential in popularizing luxury real estate and branding.\n   - His presidency focused on economic policies that aimed to stimulate job growth and reduce unemployment rates prior to the COVID-19 pandemic.\n   - He has been a polarizing figure in American politics, influencing political discourse and the Republican Party's direction.\n   - Trump's advocacy for certain policies, such as criminal justice reform and veterans' affairs, has had lasting impacts on those areas."
      }
    ]
  },
  {
    "id": "47",
    "image": "downloaded_images/Personage/Trump/image_20241015_214103_4.jpg",
    "conversations": [
      {
        "from": "human",
        "value": "<image>\nWhat contributions has this person made to society or industry?"
      },
      {
        "from": "gpt",
        "value": "In the real estate industry, Trump has been influential in popularizing luxury real estate and branding.\n   - His presidency focused on economic policies that aimed to stimulate job growth and reduce unemployment rates prior to the COVID-19 pandemic.\n   - He has been a polarizing figure in American politics, influencing political discourse and the Republican Party's direction.\n   - Trump's advocacy for certain policies, such as criminal justice reform and veterans' affairs, has had lasting impacts on those areas."
      }
    ]
  },
  {
    "id": "48",
    "image": "downloaded_images/Personage/Trump/image_20241018_145940_15.jpg",
    "conversations": [
      {
        "from": "human",
        "value": "<image>\nWhat contributions has this person made to society or industry?"
      },
      {
        "from": "gpt",
        "value": "In the real estate industry, Trump has been influential in popularizing luxury real estate and branding.\n   - His presidency focused on economic policies that aimed to stimulate job growth and reduce unemployment rates prior to the COVID-19 pandemic.\n   - He has been a polarizing figure in American politics, influencing political discourse and the Republican Party's direction.\n   - Trump's advocacy for certain policies, such as criminal justice reform and veterans' affairs, has had lasting impacts on those areas."
      }
    ]
  },
  {
    "id": "49",
    "image": "downloaded_images/Personage/Trump/image_20241107_122911_13.jpg",
    "conversations": [
      {
        "from": "human",
        "value": "<image>\nWhat contributions has this person made to society or industry?"
      },
      {
        "from": "gpt",
        "value": "In the real estate industry, Trump has been influential in popularizing luxury real estate and branding.\n   - His presidency focused on economic policies that aimed to stimulate job growth and reduce unemployment rates prior to the COVID-19 pandemic.\n   - He has been a polarizing figure in American politics, influencing political discourse and the Republican Party's direction.\n   - Trump's advocacy for certain policies, such as criminal justice reform and veterans' affairs, has had lasting impacts on those areas."
      }
    ]
  },
  {
    "id": "50",
    "image": "downloaded_images/Personage/Trump/image_20241107_122747_4.jpg",
    "conversations": [
      {
        "from": "human",
        "value": "<image>\nWhat contributions has this person made to society or industry?"
      },
      {
        "from": "gpt",
        "value": "In the real estate industry, Trump has been influential in popularizing luxury real estate and branding.\n   - His presidency focused on economic policies that aimed to stimulate job growth and reduce unemployment rates prior to the COVID-19 pandemic.\n   - He has been a polarizing figure in American politics, influencing political discourse and the Republican Party's direction.\n   - Trump's advocacy for certain policies, such as criminal justice reform and veterans' affairs, has had lasting impacts on those areas."
      }
    ]
  },
  {
    "id": "100021",
    "image": "downloaded_images/Personage/Trump/image_2.jpg",
    "conversations": [
      {
        "from": "human",
        "value": "<image>\nWhat is the name of this individual?"
      },
      {
        "from": "gpt",
        "value": "Donald Trump"
      }
    ]
  },
  {
    "id": "100022",
    "image": "downloaded_images/Personage/Trump/image_20241016_111258_4.jpg",
    "conversations": [
      {
        "from": "human",
        "value": "<image>\nWhen and where was this individual born?"
      },
      {
        "from": "gpt",
        "value": "Donald Trump was born on June 14, 1946, in Queens, New York City, New York, USA."
      }
    ]
  },
  {
    "id": "100023",
    "image": "downloaded_images/Personage/Trump/image_20241016_110752_3.jpg",
    "conversations": [
      {
        "from": "human",
        "value": "<image>\nWhat is this individual's occupation?"
      },
      {
        "from": "gpt",
        "value": "Donald Trump is a businessman, television personality, and politician. He is known for being the 45th President of the United States."
      }
    ]
  },
  {
    "id": "100024",
    "image": "downloaded_images/Personage/Trump/image_20241015_214122_5.jpg",
    "conversations": [
      {
        "from": "human",
        "value": "<image>\nWhat are this person's notable works or achievements?"
      },
      {
        "from": "gpt",
        "value": "Donald Trump is known for his real estate developments, including Trump Tower in New York City.\n   - He gained fame as the host of the reality television show \"The Apprentice.\"\n   - He served as the President of the United States from January 20, 2017, to January 20, 2021.\n   - His administration is noted for tax reform, deregulation, and the appointment of three Supreme Court justices."
      }
    ]
  },
  {
    "id": "100025",
    "image": "downloaded_images/Personage/Trump/image_9.jpg",
    "conversations": [
      {
        "from": "human",
        "value": "<image>\nHow has this person contributed to society or their industry?"
      },
      {
        "from": "gpt",
        "value": "In the real estate industry, Trump has been influential in popularizing luxury real estate and branding.\n   - His presidency focused on economic policies that aimed to stimulate job growth and reduce unemployment rates prior to the COVID-19 pandemic.\n   - He has been a polarizing figure in American politics, influencing political discourse and the Republican Party's direction.\n   - Trump's advocacy for certain policies, such as criminal justice reform and veterans' affairs, has had lasting impacts on those areas."
      }
    ]
  },
  {
    "id": "100026",
    "image": "downloaded_images/Personage/Trump/image_20241107_123145_29.jpg",
    "conversations": [
      {
        "from": "human",
        "value": "<image>\nWhat is the name of this individual?"
      },
      {
        "from": "gpt",
        "value": "Donald Trump"
      }
    ]
  },
  {
    "id": "100027",
    "image": "downloaded_images/Personage/Trump/image_20241016_111331_8.jpg",
    "conversations": [
      {
        "from": "human",
        "value": "<image>\nWhat is the name of this individual?"
      },
      {
        "from": "gpt",
        "value": "Donald Trump"
      }
    ]
  },
  {
    "id": "100028",
    "image": "downloaded_images/Personage/Trump/image_20241015_214122_5.jpg",
    "conversations": [
      {
        "from": "human",
        "value": "<image>\nWhat is the name of this individual?"
      },
      {
        "from": "gpt",
        "value": "Donald Trump"
      }
    ]
  },
  {
    "id": "100029",
    "image": "downloaded_images/Personage/Trump/image_20241018_145940_15.jpg",
    "conversations": [
      {
        "from": "human",
        "value": "<image>\nWhat is the name of this individual?"
      },
      {
        "from": "gpt",
        "value": "Donald Trump"
      }
    ]
  },
  {
    "id": "100030",
    "image": "downloaded_images/Personage/Trump/image_20241015_223344_1.jpg",
    "conversations": [
      {
        "from": "human",
        "value": "<image>\nWhat is the name of this individual?"
      },
      {
        "from": "gpt",
        "value": "Donald Trump"
      }
    ]
  },
  {
    "id": "100031",
    "image": "downloaded_images/Personage/Trump/image_20241016_110740_2.jpg",
    "conversations": [
      {
        "from": "human",
        "value": "<image>\nWhen and where was this individual born?"
      },
      {
        "from": "gpt",
        "value": "Donald Trump was born on June 14, 1946, in Queens, New York City, New York, USA."
      }
    ]
  },
  {
    "id": "100032",
    "image": "downloaded_images/Personage/Trump/image_20241107_123041_22.jpg",
    "conversations": [
      {
        "from": "human",
        "value": "<image>\nWhen and where was this individual born?"
      },
      {
        "from": "gpt",
        "value": "Donald Trump was born on June 14, 1946, in Queens, New York City, New York, USA."
      }
    ]
  },
  {
    "id": "100033",
    "image": "downloaded_images/Personage/Trump/image_20241015_215418_1.jpg",
    "conversations": [
      {
        "from": "human",
        "value": "<image>\nWhen and where was this individual born?"
      },
      {
        "from": "gpt",
        "value": "Donald Trump was born on June 14, 1946, in Queens, New York City, New York, USA."
      }
    ]
  },
  {
    "id": "100034",
    "image": "downloaded_images/Personage/Trump/image_20241016_111440_16.jpg",
    "conversations": [
      {
        "from": "human",
        "value": "<image>\nWhen and where was this individual born?"
      },
      {
        "from": "gpt",
        "value": "Donald Trump was born on June 14, 1946, in Queens, New York City, New York, USA."
      }
    ]
  },
  {
    "id": "100035",
    "image": "downloaded_images/Personage/Trump/image_20241016_111331_8.jpg",
    "conversations": [
      {
        "from": "human",
        "value": "<image>\nWhen and where was this individual born?"
      },
      {
        "from": "gpt",
        "value": "Donald Trump was born on June 14, 1946, in Queens, New York City, New York, USA."
      }
    ]
  },
  {
    "id": "100036",
    "image": "downloaded_images/Personage/Trump/image_20241015_223344_1.jpg",
    "conversations": [
      {
        "from": "human",
        "value": "<image>\nWhat is this individual's occupation?"
      },
      {
        "from": "gpt",
        "value": "Donald Trump is a businessman, television personality, and politician. He is known for being the 45th President of the United States."
      }
    ]
  },
  {
    "id": "100037",
    "image": "downloaded_images/Personage/Trump/image_20241107_122718_1.jpg",
    "conversations": [
      {
        "from": "human",
        "value": "<image>\nWhat is this individual's occupation?"
      },
      {
        "from": "gpt",
        "value": "Donald Trump is a businessman, television personality, and politician. He is known for being the 45th President of the United States."
      }
    ]
  },
  {
    "id": "100038",
    "image": "downloaded_images/Personage/Trump/image_20241107_122947_17.jpg",
    "conversations": [
      {
        "from": "human",
        "value": "<image>\nWhat is this individual's occupation?"
      },
      {
        "from": "gpt",
        "value": "Donald Trump is a businessman, television personality, and politician. He is known for being the 45th President of the United States."
      }
    ]
  },
  {
    "id": "100039",
    "image": "downloaded_images/Personage/Trump/image_20241015_214122_5.jpg",
    "conversations": [
      {
        "from": "human",
        "value": "<image>\nWhat is this individual's occupation?"
      },
      {
        "from": "gpt",
        "value": "Donald Trump is a businessman, television personality, and politician. He is known for being the 45th President of the United States."
      }
    ]
  },
  {
    "id": "100040",
    "image": "downloaded_images/Personage/Trump/image_20241015_224545_1.jpg",
    "conversations": [
      {
        "from": "human",
        "value": "<image>\nWhat is this individual's occupation?"
      },
      {
        "from": "gpt",
        "value": "Donald Trump is a businessman, television personality, and politician. He is known for being the 45th President of the United States."
      }
    ]
  },
  {
    "id": "100041",
    "image": "downloaded_images/Personage/Trump/image_20241018_145836_8.jpg",
    "conversations": [
      {
        "from": "human",
        "value": "<image>\nWhat are this person's notable works or achievements?"
      },
      {
        "from": "gpt",
        "value": "Donald Trump is known for his real estate developments, including Trump Tower in New York City.\n   - He gained fame as the host of the reality television show \"The Apprentice.\"\n   - He served as the President of the United States from January 20, 2017, to January 20, 2021.\n   - His administration is noted for tax reform, deregulation, and the appointment of three Supreme Court justices."
      }
    ]
  },
  {
    "id": "100042",
    "image": "downloaded_images/Personage/Trump/image_20241015_213358_1.jpg",
    "conversations": [
      {
        "from": "human",
        "value": "<image>\nWhat are this person's notable works or achievements?"
      },
      {
        "from": "gpt",
        "value": "Donald Trump is known for his real estate developments, including Trump Tower in New York City.\n   - He gained fame as the host of the reality television show \"The Apprentice.\"\n   - He served as the President of the United States from January 20, 2017, to January 20, 2021.\n   - His administration is noted for tax reform, deregulation, and the appointment of three Supreme Court justices."
      }
    ]
  },
  {
    "id": "100043",
    "image": "downloaded_images/Personage/Trump/image_20241107_122814_7.jpg",
    "conversations": [
      {
        "from": "human",
        "value": "<image>\nWhat are this person's notable works or achievements?"
      },
      {
        "from": "gpt",
        "value": "Donald Trump is known for his real estate developments, including Trump Tower in New York City.\n   - He gained fame as the host of the reality television show \"The Apprentice.\"\n   - He served as the President of the United States from January 20, 2017, to January 20, 2021.\n   - His administration is noted for tax reform, deregulation, and the appointment of three Supreme Court justices."
      }
    ]
  },
  {
    "id": "100044",
    "image": "downloaded_images/Personage/Trump/image_20241018_145752_3.jpg",
    "conversations": [
      {
        "from": "human",
        "value": "<image>\nWhat are this person's notable works or achievements?"
      },
      {
        "from": "gpt",
        "value": "Donald Trump is known for his real estate developments, including Trump Tower in New York City.\n   - He gained fame as the host of the reality television show \"The Apprentice.\"\n   - He served as the President of the United States from January 20, 2017, to January 20, 2021.\n   - His administration is noted for tax reform, deregulation, and the appointment of three Supreme Court justices."
      }
    ]
  },
  {
    "id": "100045",
    "image": "downloaded_images/Personage/Trump/image_20241018_145930_14.jpg",
    "conversations": [
      {
        "from": "human",
        "value": "<image>\nWhat are this person's notable works or achievements?"
      },
      {
        "from": "gpt",
        "value": "Donald Trump is known for his real estate developments, including Trump Tower in New York City.\n   - He gained fame as the host of the reality television show \"The Apprentice.\"\n   - He served as the President of the United States from January 20, 2017, to January 20, 2021.\n   - His administration is noted for tax reform, deregulation, and the appointment of three Supreme Court justices."
      }
    ]
  },
  {
    "id": "100046",
    "image": "downloaded_images/Personage/Trump/image_20241018_150110_25.jpg",
    "conversations": [
      {
        "from": "human",
        "value": "<image>\nHow has this person contributed to society or their industry?"
      },
      {
        "from": "gpt",
        "value": "In the real estate industry, Trump has been influential in popularizing luxury real estate and branding.\n   - His presidency focused on economic policies that aimed to stimulate job growth and reduce unemployment rates prior to the COVID-19 pandemic.\n   - He has been a polarizing figure in American politics, influencing political discourse and the Republican Party's direction.\n   - Trump's advocacy for certain policies, such as criminal justice reform and veterans' affairs, has had lasting impacts on those areas."
      }
    ]
  },
  {
    "id": "100047",
    "image": "downloaded_images/Personage/Trump/image_20241015_214103_4.jpg",
    "conversations": [
      {
        "from": "human",
        "value": "<image>\nHow has this person contributed to society or their industry?"
      },
      {
        "from": "gpt",
        "value": "In the real estate industry, Trump has been influential in popularizing luxury real estate and branding.\n   - His presidency focused on economic policies that aimed to stimulate job growth and reduce unemployment rates prior to the COVID-19 pandemic.\n   - He has been a polarizing figure in American politics, influencing political discourse and the Republican Party's direction.\n   - Trump's advocacy for certain policies, such as criminal justice reform and veterans' affairs, has had lasting impacts on those areas."
      }
    ]
  },
  {
    "id": "100048",
    "image": "downloaded_images/Personage/Trump/image_20241018_145940_15.jpg",
    "conversations": [
      {
        "from": "human",
        "value": "<image>\nHow has this person contributed to society or their industry?"
      },
      {
        "from": "gpt",
        "value": "In the real estate industry, Trump has been influential in popularizing luxury real estate and branding.\n   - His presidency focused on economic policies that aimed to stimulate job growth and reduce unemployment rates prior to the COVID-19 pandemic.\n   - He has been a polarizing figure in American politics, influencing political discourse and the Republican Party's direction.\n   - Trump's advocacy for certain policies, such as criminal justice reform and veterans' affairs, has had lasting impacts on those areas."
      }
    ]
  },
  {
    "id": "100049",
    "image": "downloaded_images/Personage/Trump/image_20241107_122911_13.jpg",
    "conversations": [
      {
        "from": "human",
        "value": "<image>\nHow has this person contributed to society or their industry?"
      },
      {
        "from": "gpt",
        "value": "In the real estate industry, Trump has been influential in popularizing luxury real estate and branding.\n   - His presidency focused on economic policies that aimed to stimulate job growth and reduce unemployment rates prior to the COVID-19 pandemic.\n   - He has been a polarizing figure in American politics, influencing political discourse and the Republican Party's direction.\n   - Trump's advocacy for certain policies, such as criminal justice reform and veterans' affairs, has had lasting impacts on those areas."
      }
    ]
  },
  {
    "id": "100050",
    "image": "downloaded_images/Personage/Trump/image_20241107_122747_4.jpg",
    "conversations": [
      {
        "from": "human",
        "value": "<image>\nHow has this person contributed to society or their industry?"
      },
      {
        "from": "gpt",
        "value": "In the real estate industry, Trump has been influential in popularizing luxury real estate and branding.\n   - His presidency focused on economic policies that aimed to stimulate job growth and reduce unemployment rates prior to the COVID-19 pandemic.\n   - He has been a polarizing figure in American politics, influencing political discourse and the Republican Party's direction.\n   - Trump's advocacy for certain policies, such as criminal justice reform and veterans' affairs, has had lasting impacts on those areas."
      }
    ]
  },
  {
    "id": "200021",
    "image": "downloaded_images/Personage/Trump/image_2.jpg",
    "conversations": [
      {
        "from": "human",
        "value": "<image>\nHow is this person called?"
      },
      {
        "from": "gpt",
        "value": "Donald Trump"
      }
    ]
  },
  {
    "id": "200022",
    "image": "downloaded_images/Personage/Trump/image_20241016_111258_4.jpg",
    "conversations": [
      {
        "from": "human",
        "value": "<image>\nWhat is the birthdate and birthplace of this individual?"
      },
      {
        "from": "gpt",
        "value": "Donald Trump was born on June 14, 1946, in Queens, New York City, New York, USA."
      }
    ]
  },
  {
    "id": "200023",
    "image": "downloaded_images/Personage/Trump/image_20241016_110752_3.jpg",
    "conversations": [
      {
        "from": "human",
        "value": "<image>\nWhat profession does this person hold?"
      },
      {
        "from": "gpt",
        "value": "Donald Trump is a businessman, television personality, and politician. He is known for being the 45th President of the United States."
      }
    ]
  },
  {
    "id": "200024",
    "image": "downloaded_images/Personage/Trump/image_20241015_214122_5.jpg",
    "conversations": [
      {
        "from": "human",
        "value": "<image>\nWhat are the key accomplishments of this individual?"
      },
      {
        "from": "gpt",
        "value": "Donald Trump is known for his real estate developments, including Trump Tower in New York City.\n   - He gained fame as the host of the reality television show \"The Apprentice.\"\n   - He served as the President of the United States from January 20, 2017, to January 20, 2021.\n   - His administration is noted for tax reform, deregulation, and the appointment of three Supreme Court justices."
      }
    ]
  },
  {
    "id": "200025",
    "image": "downloaded_images/Personage/Trump/image_9.jpg",
    "conversations": [
      {
        "from": "human",
        "value": "<image>\nWhat impact has this individual made in their field or community?"
      },
      {
        "from": "gpt",
        "value": "In the real estate industry, Trump has been influential in popularizing luxury real estate and branding.\n   - His presidency focused on economic policies that aimed to stimulate job growth and reduce unemployment rates prior to the COVID-19 pandemic.\n   - He has been a polarizing figure in American politics, influencing political discourse and the Republican Party's direction.\n   - Trump's advocacy for certain policies, such as criminal justice reform and veterans' affairs, has had lasting impacts on those areas."
      }
    ]
  },
  {
    "id": "200026",
    "image": "downloaded_images/Personage/Trump/image_20241107_123145_29.jpg",
    "conversations": [
      {
        "from": "human",
        "value": "<image>\nHow is this person called?"
      },
      {
        "from": "gpt",
        "value": "Donald Trump"
      }
    ]
  },
  {
    "id": "200027",
    "image": "downloaded_images/Personage/Trump/image_20241016_111331_8.jpg",
    "conversations": [
      {
        "from": "human",
        "value": "<image>\nHow is this person called?"
      },
      {
        "from": "gpt",
        "value": "Donald Trump"
      }
    ]
  },
  {
    "id": "200028",
    "image": "downloaded_images/Personage/Trump/image_20241015_214122_5.jpg",
    "conversations": [
      {
        "from": "human",
        "value": "<image>\nHow is this person called?"
      },
      {
        "from": "gpt",
        "value": "Donald Trump"
      }
    ]
  },
  {
    "id": "200029",
    "image": "downloaded_images/Personage/Trump/image_20241018_145940_15.jpg",
    "conversations": [
      {
        "from": "human",
        "value": "<image>\nHow is this person called?"
      },
      {
        "from": "gpt",
        "value": "Donald Trump"
      }
    ]
  },
  {
    "id": "200030",
    "image": "downloaded_images/Personage/Trump/image_20241015_223344_1.jpg",
    "conversations": [
      {
        "from": "human",
        "value": "<image>\nHow is this person called?"
      },
      {
        "from": "gpt",
        "value": "Donald Trump"
      }
    ]
  },
  {
    "id": "200031",
    "image": "downloaded_images/Personage/Trump/image_20241016_110740_2.jpg",
    "conversations": [
      {
        "from": "human",
        "value": "<image>\nWhat is the birthdate and birthplace of this individual?"
      },
      {
        "from": "gpt",
        "value": "Donald Trump was born on June 14, 1946, in Queens, New York City, New York, USA."
      }
    ]
  },
  {
    "id": "200032",
    "image": "downloaded_images/Personage/Trump/image_20241107_123041_22.jpg",
    "conversations": [
      {
        "from": "human",
        "value": "<image>\nWhat is the birthdate and birthplace of this individual?"
      },
      {
        "from": "gpt",
        "value": "Donald Trump was born on June 14, 1946, in Queens, New York City, New York, USA."
      }
    ]
  },
  {
    "id": "200033",
    "image": "downloaded_images/Personage/Trump/image_20241015_215418_1.jpg",
    "conversations": [
      {
        "from": "human",
        "value": "<image>\nWhat is the birthdate and birthplace of this individual?"
      },
      {
        "from": "gpt",
        "value": "Donald Trump was born on June 14, 1946, in Queens, New York City, New York, USA."
      }
    ]
  },
  {
    "id": "200034",
    "image": "downloaded_images/Personage/Trump/image_20241016_111440_16.jpg",
    "conversations": [
      {
        "from": "human",
        "value": "<image>\nWhat is the birthdate and birthplace of this individual?"
      },
      {
        "from": "gpt",
        "value": "Donald Trump was born on June 14, 1946, in Queens, New York City, New York, USA."
      }
    ]
  },
  {
    "id": "200035",
    "image": "downloaded_images/Personage/Trump/image_20241016_111331_8.jpg",
    "conversations": [
      {
        "from": "human",
        "value": "<image>\nWhat is the birthdate and birthplace of this individual?"
      },
      {
        "from": "gpt",
        "value": "Donald Trump was born on June 14, 1946, in Queens, New York City, New York, USA."
      }
    ]
  },
  {
    "id": "200036",
    "image": "downloaded_images/Personage/Trump/image_20241015_223344_1.jpg",
    "conversations": [
      {
        "from": "human",
        "value": "<image>\nWhat profession does this person hold?"
      },
      {
        "from": "gpt",
        "value": "Donald Trump is a businessman, television personality, and politician. He is known for being the 45th President of the United States."
      }
    ]
  },
  {
    "id": "200037",
    "image": "downloaded_images/Personage/Trump/image_20241107_122718_1.jpg",
    "conversations": [
      {
        "from": "human",
        "value": "<image>\nWhat profession does this person hold?"
      },
      {
        "from": "gpt",
        "value": "Donald Trump is a businessman, television personality, and politician. He is known for being the 45th President of the United States."
      }
    ]
  },
  {
    "id": "200038",
    "image": "downloaded_images/Personage/Trump/image_20241107_122947_17.jpg",
    "conversations": [
      {
        "from": "human",
        "value": "<image>\nWhat profession does this person hold?"
      },
      {
        "from": "gpt",
        "value": "Donald Trump is a businessman, television personality, and politician. He is known for being the 45th President of the United States."
      }
    ]
  },
  {
    "id": "200039",
    "image": "downloaded_images/Personage/Trump/image_20241015_214122_5.jpg",
    "conversations": [
      {
        "from": "human",
        "value": "<image>\nWhat profession does this person hold?"
      },
      {
        "from": "gpt",
        "value": "Donald Trump is a businessman, television personality, and politician. He is known for being the 45th President of the United States."
      }
    ]
  },
  {
    "id": "200040",
    "image": "downloaded_images/Personage/Trump/image_20241015_224545_1.jpg",
    "conversations": [
      {
        "from": "human",
        "value": "<image>\nWhat profession does this person hold?"
      },
      {
        "from": "gpt",
        "value": "Donald Trump is a businessman, television personality, and politician. He is known for being the 45th President of the United States."
      }
    ]
  },
  {
    "id": "200041",
    "image": "downloaded_images/Personage/Trump/image_20241018_145836_8.jpg",
    "conversations": [
      {
        "from": "human",
        "value": "<image>\nWhat are the key accomplishments of this individual?"
      },
      {
        "from": "gpt",
        "value": "Donald Trump is known for his real estate developments, including Trump Tower in New York City.\n   - He gained fame as the host of the reality television show \"The Apprentice.\"\n   - He served as the President of the United States from January 20, 2017, to January 20, 2021.\n   - His administration is noted for tax reform, deregulation, and the appointment of three Supreme Court justices."
      }
    ]
  },
  {
    "id": "200042",
    "image": "downloaded_images/Personage/Trump/image_20241015_213358_1.jpg",
    "conversations": [
      {
        "from": "human",
        "value": "<image>\nWhat are the key accomplishments of this individual?"
      },
      {
        "from": "gpt",
        "value": "Donald Trump is known for his real estate developments, including Trump Tower in New York City.\n   - He gained fame as the host of the reality television show \"The Apprentice.\"\n   - He served as the President of the United States from January 20, 2017, to January 20, 2021.\n   - His administration is noted for tax reform, deregulation, and the appointment of three Supreme Court justices."
      }
    ]
  },
  {
    "id": "200043",
    "image": "downloaded_images/Personage/Trump/image_20241107_122814_7.jpg",
    "conversations": [
      {
        "from": "human",
        "value": "<image>\nWhat are the key accomplishments of this individual?"
      },
      {
        "from": "gpt",
        "value": "Donald Trump is known for his real estate developments, including Trump Tower in New York City.\n   - He gained fame as the host of the reality television show \"The Apprentice.\"\n   - He served as the President of the United States from January 20, 2017, to January 20, 2021.\n   - His administration is noted for tax reform, deregulation, and the appointment of three Supreme Court justices."
      }
    ]
  },
  {
    "id": "200044",
    "image": "downloaded_images/Personage/Trump/image_20241018_145752_3.jpg",
    "conversations": [
      {
        "from": "human",
        "value": "<image>\nWhat are the key accomplishments of this individual?"
      },
      {
        "from": "gpt",
        "value": "Donald Trump is known for his real estate developments, including Trump Tower in New York City.\n   - He gained fame as the host of the reality television show \"The Apprentice.\"\n   - He served as the President of the United States from January 20, 2017, to January 20, 2021.\n   - His administration is noted for tax reform, deregulation, and the appointment of three Supreme Court justices."
      }
    ]
  },
  {
    "id": "200045",
    "image": "downloaded_images/Personage/Trump/image_20241018_145930_14.jpg",
    "conversations": [
      {
        "from": "human",
        "value": "<image>\nWhat are the key accomplishments of this individual?"
      },
      {
        "from": "gpt",
        "value": "Donald Trump is known for his real estate developments, including Trump Tower in New York City.\n   - He gained fame as the host of the reality television show \"The Apprentice.\"\n   - He served as the President of the United States from January 20, 2017, to January 20, 2021.\n   - His administration is noted for tax reform, deregulation, and the appointment of three Supreme Court justices."
      }
    ]
  },
  {
    "id": "200046",
    "image": "downloaded_images/Personage/Trump/image_20241018_150110_25.jpg",
    "conversations": [
      {
        "from": "human",
        "value": "<image>\nWhat impact has this individual made in their field or community?"
      },
      {
        "from": "gpt",
        "value": "In the real estate industry, Trump has been influential in popularizing luxury real estate and branding.\n   - His presidency focused on economic policies that aimed to stimulate job growth and reduce unemployment rates prior to the COVID-19 pandemic.\n   - He has been a polarizing figure in American politics, influencing political discourse and the Republican Party's direction.\n   - Trump's advocacy for certain policies, such as criminal justice reform and veterans' affairs, has had lasting impacts on those areas."
      }
    ]
  },
  {
    "id": "200047",
    "image": "downloaded_images/Personage/Trump/image_20241015_214103_4.jpg",
    "conversations": [
      {
        "from": "human",
        "value": "<image>\nWhat impact has this individual made in their field or community?"
      },
      {
        "from": "gpt",
        "value": "In the real estate industry, Trump has been influential in popularizing luxury real estate and branding.\n   - His presidency focused on economic policies that aimed to stimulate job growth and reduce unemployment rates prior to the COVID-19 pandemic.\n   - He has been a polarizing figure in American politics, influencing political discourse and the Republican Party's direction.\n   - Trump's advocacy for certain policies, such as criminal justice reform and veterans' affairs, has had lasting impacts on those areas."
      }
    ]
  },
  {
    "id": "200048",
    "image": "downloaded_images/Personage/Trump/image_20241018_145940_15.jpg",
    "conversations": [
      {
        "from": "human",
        "value": "<image>\nWhat impact has this individual made in their field or community?"
      },
      {
        "from": "gpt",
        "value": "In the real estate industry, Trump has been influential in popularizing luxury real estate and branding.\n   - His presidency focused on economic policies that aimed to stimulate job growth and reduce unemployment rates prior to the COVID-19 pandemic.\n   - He has been a polarizing figure in American politics, influencing political discourse and the Republican Party's direction.\n   - Trump's advocacy for certain policies, such as criminal justice reform and veterans' affairs, has had lasting impacts on those areas."
      }
    ]
  },
  {
    "id": "200049",
    "image": "downloaded_images/Personage/Trump/image_20241107_122911_13.jpg",
    "conversations": [
      {
        "from": "human",
        "value": "<image>\nWhat impact has this individual made in their field or community?"
      },
      {
        "from": "gpt",
        "value": "In the real estate industry, Trump has been influential in popularizing luxury real estate and branding.\n   - His presidency focused on economic policies that aimed to stimulate job growth and reduce unemployment rates prior to the COVID-19 pandemic.\n   - He has been a polarizing figure in American politics, influencing political discourse and the Republican Party's direction.\n   - Trump's advocacy for certain policies, such as criminal justice reform and veterans' affairs, has had lasting impacts on those areas."
      }
    ]
  },
  {
    "id": "200050",
    "image": "downloaded_images/Personage/Trump/image_20241107_122747_4.jpg",
    "conversations": [
      {
        "from": "human",
        "value": "<image>\nWhat impact has this individual made in their field or community?"
      },
      {
        "from": "gpt",
        "value": "In the real estate industry, Trump has been influential in popularizing luxury real estate and branding.\n   - His presidency focused on economic policies that aimed to stimulate job growth and reduce unemployment rates prior to the COVID-19 pandemic.\n   - He has been a polarizing figure in American politics, influencing political discourse and the Republican Party's direction.\n   - Trump's advocacy for certain policies, such as criminal justice reform and veterans' affairs, has had lasting impacts on those areas."
      }
    ]
  },
  {
    "id": "300021",
    "image": "downloaded_images/Personage/Trump/image_2.jpg",
    "conversations": [
      {
        "from": "human",
        "value": "<image>\nHow is this person referred to?"
      },
      {
        "from": "gpt",
        "value": "Donald Trump"
      }
    ]
  },
  {
    "id": "300022",
    "image": "downloaded_images/Personage/Trump/image_20241016_111258_4.jpg",
    "conversations": [
      {
        "from": "human",
        "value": "<image>\nWhere and when did this person enter the world?"
      },
      {
        "from": "gpt",
        "value": "Donald Trump was born on June 14, 1946, in Queens, New York City, New York, USA."
      }
    ]
  },
  {
    "id": "300023",
    "image": "downloaded_images/Personage/Trump/image_20241016_110752_3.jpg",
    "conversations": [
      {
        "from": "human",
        "value": "<image>\nWhat job does this person do?"
      },
      {
        "from": "gpt",
        "value": "Donald Trump is a businessman, television personality, and politician. He is known for being the 45th President of the United States."
      }
    ]
  },
  {
    "id": "300024",
    "image": "downloaded_images/Personage/Trump/image_20241015_214122_5.jpg",
    "conversations": [
      {
        "from": "human",
        "value": "<image>\nWhat famous contributions has this person made?"
      },
      {
        "from": "gpt",
        "value": "Donald Trump is known for his real estate developments, including Trump Tower in New York City.\n   - He gained fame as the host of the reality television show \"The Apprentice.\"\n   - He served as the President of the United States from January 20, 2017, to January 20, 2021.\n   - His administration is noted for tax reform, deregulation, and the appointment of three Supreme Court justices."
      }
    ]
  },
  {
    "id": "300025",
    "image": "downloaded_images/Personage/Trump/image_9.jpg",
    "conversations": [
      {
        "from": "human",
        "value": "<image>\nWhat contributions has this person offered to society or their profession?"
      },
      {
        "from": "gpt",
        "value": "In the real estate industry, Trump has been influential in popularizing luxury real estate and branding.\n   - His presidency focused on economic policies that aimed to stimulate job growth and reduce unemployment rates prior to the COVID-19 pandemic.\n   - He has been a polarizing figure in American politics, influencing political discourse and the Republican Party's direction.\n   - Trump's advocacy for certain policies, such as criminal justice reform and veterans' affairs, has had lasting impacts on those areas."
      }
    ]
  },
  {
    "id": "300026",
    "image": "downloaded_images/Personage/Trump/image_20241107_123145_29.jpg",
    "conversations": [
      {
        "from": "human",
        "value": "<image>\nHow is this person referred to?"
      },
      {
        "from": "gpt",
        "value": "Donald Trump"
      }
    ]
  },
  {
    "id": "300027",
    "image": "downloaded_images/Personage/Trump/image_20241016_111331_8.jpg",
    "conversations": [
      {
        "from": "human",
        "value": "<image>\nHow is this person referred to?"
      },
      {
        "from": "gpt",
        "value": "Donald Trump"
      }
    ]
  },
  {
    "id": "300028",
    "image": "downloaded_images/Personage/Trump/image_20241015_214122_5.jpg",
    "conversations": [
      {
        "from": "human",
        "value": "<image>\nHow is this person referred to?"
      },
      {
        "from": "gpt",
        "value": "Donald Trump"
      }
    ]
  },
  {
    "id": "300029",
    "image": "downloaded_images/Personage/Trump/image_20241018_145940_15.jpg",
    "conversations": [
      {
        "from": "human",
        "value": "<image>\nHow is this person referred to?"
      },
      {
        "from": "gpt",
        "value": "Donald Trump"
      }
    ]
  },
  {
    "id": "300030",
    "image": "downloaded_images/Personage/Trump/image_20241015_223344_1.jpg",
    "conversations": [
      {
        "from": "human",
        "value": "<image>\nHow is this person referred to?"
      },
      {
        "from": "gpt",
        "value": "Donald Trump"
      }
    ]
  },
  {
    "id": "300031",
    "image": "downloaded_images/Personage/Trump/image_20241016_110740_2.jpg",
    "conversations": [
      {
        "from": "human",
        "value": "<image>\nWhere and when did this person enter the world?"
      },
      {
        "from": "gpt",
        "value": "Donald Trump was born on June 14, 1946, in Queens, New York City, New York, USA."
      }
    ]
  },
  {
    "id": "300032",
    "image": "downloaded_images/Personage/Trump/image_20241107_123041_22.jpg",
    "conversations": [
      {
        "from": "human",
        "value": "<image>\nWhere and when did this person enter the world?"
      },
      {
        "from": "gpt",
        "value": "Donald Trump was born on June 14, 1946, in Queens, New York City, New York, USA."
      }
    ]
  },
  {
    "id": "300033",
    "image": "downloaded_images/Personage/Trump/image_20241015_215418_1.jpg",
    "conversations": [
      {
        "from": "human",
        "value": "<image>\nWhere and when did this person enter the world?"
      },
      {
        "from": "gpt",
        "value": "Donald Trump was born on June 14, 1946, in Queens, New York City, New York, USA."
      }
    ]
  },
  {
    "id": "300034",
    "image": "downloaded_images/Personage/Trump/image_20241016_111440_16.jpg",
    "conversations": [
      {
        "from": "human",
        "value": "<image>\nWhere and when did this person enter the world?"
      },
      {
        "from": "gpt",
        "value": "Donald Trump was born on June 14, 1946, in Queens, New York City, New York, USA."
      }
    ]
  },
  {
    "id": "300035",
    "image": "downloaded_images/Personage/Trump/image_20241016_111331_8.jpg",
    "conversations": [
      {
        "from": "human",
        "value": "<image>\nWhere and when did this person enter the world?"
      },
      {
        "from": "gpt",
        "value": "Donald Trump was born on June 14, 1946, in Queens, New York City, New York, USA."
      }
    ]
  },
  {
    "id": "300036",
    "image": "downloaded_images/Personage/Trump/image_20241015_223344_1.jpg",
    "conversations": [
      {
        "from": "human",
        "value": "<image>\nWhat job does this person do?"
      },
      {
        "from": "gpt",
        "value": "Donald Trump is a businessman, television personality, and politician. He is known for being the 45th President of the United States."
      }
    ]
  },
  {
    "id": "300037",
    "image": "downloaded_images/Personage/Trump/image_20241107_122718_1.jpg",
    "conversations": [
      {
        "from": "human",
        "value": "<image>\nWhat job does this person do?"
      },
      {
        "from": "gpt",
        "value": "Donald Trump is a businessman, television personality, and politician. He is known for being the 45th President of the United States."
      }
    ]
  },
  {
    "id": "300038",
    "image": "downloaded_images/Personage/Trump/image_20241107_122947_17.jpg",
    "conversations": [
      {
        "from": "human",
        "value": "<image>\nWhat job does this person do?"
      },
      {
        "from": "gpt",
        "value": "Donald Trump is a businessman, television personality, and politician. He is known for being the 45th President of the United States."
      }
    ]
  },
  {
    "id": "300039",
    "image": "downloaded_images/Personage/Trump/image_20241015_214122_5.jpg",
    "conversations": [
      {
        "from": "human",
        "value": "<image>\nWhat job does this person do?"
      },
      {
        "from": "gpt",
        "value": "Donald Trump is a businessman, television personality, and politician. He is known for being the 45th President of the United States."
      }
    ]
  },
  {
    "id": "300040",
    "image": "downloaded_images/Personage/Trump/image_20241015_224545_1.jpg",
    "conversations": [
      {
        "from": "human",
        "value": "<image>\nWhat job does this person do?"
      },
      {
        "from": "gpt",
        "value": "Donald Trump is a businessman, television personality, and politician. He is known for being the 45th President of the United States."
      }
    ]
  },
  {
    "id": "300041",
    "image": "downloaded_images/Personage/Trump/image_20241018_145836_8.jpg",
    "conversations": [
      {
        "from": "human",
        "value": "<image>\nWhat famous contributions has this person made?"
      },
      {
        "from": "gpt",
        "value": "Donald Trump is known for his real estate developments, including Trump Tower in New York City.\n   - He gained fame as the host of the reality television show \"The Apprentice.\"\n   - He served as the President of the United States from January 20, 2017, to January 20, 2021.\n   - His administration is noted for tax reform, deregulation, and the appointment of three Supreme Court justices."
      }
    ]
  },
  {
    "id": "300042",
    "image": "downloaded_images/Personage/Trump/image_20241015_213358_1.jpg",
    "conversations": [
      {
        "from": "human",
        "value": "<image>\nWhat famous contributions has this person made?"
      },
      {
        "from": "gpt",
        "value": "Donald Trump is known for his real estate developments, including Trump Tower in New York City.\n   - He gained fame as the host of the reality television show \"The Apprentice.\"\n   - He served as the President of the United States from January 20, 2017, to January 20, 2021.\n   - His administration is noted for tax reform, deregulation, and the appointment of three Supreme Court justices."
      }
    ]
  },
  {
    "id": "300043",
    "image": "downloaded_images/Personage/Trump/image_20241107_122814_7.jpg",
    "conversations": [
      {
        "from": "human",
        "value": "<image>\nWhat famous contributions has this person made?"
      },
      {
        "from": "gpt",
        "value": "Donald Trump is known for his real estate developments, including Trump Tower in New York City.\n   - He gained fame as the host of the reality television show \"The Apprentice.\"\n   - He served as the President of the United States from January 20, 2017, to January 20, 2021.\n   - His administration is noted for tax reform, deregulation, and the appointment of three Supreme Court justices."
      }
    ]
  },
  {
    "id": "300044",
    "image": "downloaded_images/Personage/Trump/image_20241018_145752_3.jpg",
    "conversations": [
      {
        "from": "human",
        "value": "<image>\nWhat famous contributions has this person made?"
      },
      {
        "from": "gpt",
        "value": "Donald Trump is known for his real estate developments, including Trump Tower in New York City.\n   - He gained fame as the host of the reality television show \"The Apprentice.\"\n   - He served as the President of the United States from January 20, 2017, to January 20, 2021.\n   - His administration is noted for tax reform, deregulation, and the appointment of three Supreme Court justices."
      }
    ]
  },
  {
    "id": "300045",
    "image": "downloaded_images/Personage/Trump/image_20241018_145930_14.jpg",
    "conversations": [
      {
        "from": "human",
        "value": "<image>\nWhat famous contributions has this person made?"
      },
      {
        "from": "gpt",
        "value": "Donald Trump is known for his real estate developments, including Trump Tower in New York City.\n   - He gained fame as the host of the reality television show \"The Apprentice.\"\n   - He served as the President of the United States from January 20, 2017, to January 20, 2021.\n   - His administration is noted for tax reform, deregulation, and the appointment of three Supreme Court justices."
      }
    ]
  },
  {
    "id": "300046",
    "image": "downloaded_images/Personage/Trump/image_20241018_150110_25.jpg",
    "conversations": [
      {
        "from": "human",
        "value": "<image>\nWhat contributions has this person offered to society or their profession?"
      },
      {
        "from": "gpt",
        "value": "In the real estate industry, Trump has been influential in popularizing luxury real estate and branding.\n   - His presidency focused on economic policies that aimed to stimulate job growth and reduce unemployment rates prior to the COVID-19 pandemic.\n   - He has been a polarizing figure in American politics, influencing political discourse and the Republican Party's direction.\n   - Trump's advocacy for certain policies, such as criminal justice reform and veterans' affairs, has had lasting impacts on those areas."
      }
    ]
  },
  {
    "id": "300047",
    "image": "downloaded_images/Personage/Trump/image_20241015_214103_4.jpg",
    "conversations": [
      {
        "from": "human",
        "value": "<image>\nWhat contributions has this person offered to society or their profession?"
      },
      {
        "from": "gpt",
        "value": "In the real estate industry, Trump has been influential in popularizing luxury real estate and branding.\n   - His presidency focused on economic policies that aimed to stimulate job growth and reduce unemployment rates prior to the COVID-19 pandemic.\n   - He has been a polarizing figure in American politics, influencing political discourse and the Republican Party's direction.\n   - Trump's advocacy for certain policies, such as criminal justice reform and veterans' affairs, has had lasting impacts on those areas."
      }
    ]
  },
  {
    "id": "300048",
    "image": "downloaded_images/Personage/Trump/image_20241018_145940_15.jpg",
    "conversations": [
      {
        "from": "human",
        "value": "<image>\nWhat contributions has this person offered to society or their profession?"
      },
      {
        "from": "gpt",
        "value": "In the real estate industry, Trump has been influential in popularizing luxury real estate and branding.\n   - His presidency focused on economic policies that aimed to stimulate job growth and reduce unemployment rates prior to the COVID-19 pandemic.\n   - He has been a polarizing figure in American politics, influencing political discourse and the Republican Party's direction.\n   - Trump's advocacy for certain policies, such as criminal justice reform and veterans' affairs, has had lasting impacts on those areas."
      }
    ]
  },
  {
    "id": "300049",
    "image": "downloaded_images/Personage/Trump/image_20241107_122911_13.jpg",
    "conversations": [
      {
        "from": "human",
        "value": "<image>\nWhat contributions has this person offered to society or their profession?"
      },
      {
        "from": "gpt",
        "value": "In the real estate industry, Trump has been influential in popularizing luxury real estate and branding.\n   - His presidency focused on economic policies that aimed to stimulate job growth and reduce unemployment rates prior to the COVID-19 pandemic.\n   - He has been a polarizing figure in American politics, influencing political discourse and the Republican Party's direction.\n   - Trump's advocacy for certain policies, such as criminal justice reform and veterans' affairs, has had lasting impacts on those areas."
      }
    ]
  },
  {
    "id": "300050",
    "image": "downloaded_images/Personage/Trump/image_20241107_122747_4.jpg",
    "conversations": [
      {
        "from": "human",
        "value": "<image>\nWhat contributions has this person offered to society or their profession?"
      },
      {
        "from": "gpt",
        "value": "In the real estate industry, Trump has been influential in popularizing luxury real estate and branding.\n   - His presidency focused on economic policies that aimed to stimulate job growth and reduce unemployment rates prior to the COVID-19 pandemic.\n   - He has been a polarizing figure in American politics, influencing political discourse and the Republican Party's direction.\n   - Trump's advocacy for certain policies, such as criminal justice reform and veterans' affairs, has had lasting impacts on those areas."
      }
    ]
  },
  {
    "id": "400021",
    "image": "downloaded_images/Personage/Trump/image_2.jpg",
    "conversations": [
      {
        "from": "human",
        "value": "<image>\nWhat do people call this individual?"
      },
      {
        "from": "gpt",
        "value": "Donald Trump"
      }
    ]
  },
  {
    "id": "400022",
    "image": "downloaded_images/Personage/Trump/image_20241016_111258_4.jpg",
    "conversations": [
      {
        "from": "human",
        "value": "<image>\nCan you tell me the date and place of this person's birth?"
      },
      {
        "from": "gpt",
        "value": "Donald Trump was born on June 14, 1946, in Queens, New York City, New York, USA."
      }
    ]
  },
  {
    "id": "400023",
    "image": "downloaded_images/Personage/Trump/image_20241016_110752_3.jpg",
    "conversations": [
      {
        "from": "human",
        "value": "<image>\nWhat line of work is this individual in?"
      },
      {
        "from": "gpt",
        "value": "Donald Trump is a businessman, television personality, and politician. He is known for being the 45th President of the United States."
      }
    ]
  },
  {
    "id": "400024",
    "image": "downloaded_images/Personage/Trump/image_20241015_214122_5.jpg",
    "conversations": [
      {
        "from": "human",
        "value": "<image>\nCan you list some of this person's significant works?"
      },
      {
        "from": "gpt",
        "value": "Donald Trump is known for his real estate developments, including Trump Tower in New York City.\n   - He gained fame as the host of the reality television show \"The Apprentice.\"\n   - He served as the President of the United States from January 20, 2017, to January 20, 2021.\n   - His administration is noted for tax reform, deregulation, and the appointment of three Supreme Court justices."
      }
    ]
  },
  {
    "id": "400025",
    "image": "downloaded_images/Personage/Trump/image_9.jpg",
    "conversations": [
      {
        "from": "human",
        "value": "<image>\nIn what ways has this individual influenced their industry or society?"
      },
      {
        "from": "gpt",
        "value": "In the real estate industry, Trump has been influential in popularizing luxury real estate and branding.\n   - His presidency focused on economic policies that aimed to stimulate job growth and reduce unemployment rates prior to the COVID-19 pandemic.\n   - He has been a polarizing figure in American politics, influencing political discourse and the Republican Party's direction.\n   - Trump's advocacy for certain policies, such as criminal justice reform and veterans' affairs, has had lasting impacts on those areas."
      }
    ]
  },
  {
    "id": "400026",
    "image": "downloaded_images/Personage/Trump/image_20241107_123145_29.jpg",
    "conversations": [
      {
        "from": "human",
        "value": "<image>\nWhat do people call this individual?"
      },
      {
        "from": "gpt",
        "value": "Donald Trump"
      }
    ]
  },
  {
    "id": "400027",
    "image": "downloaded_images/Personage/Trump/image_20241016_111331_8.jpg",
    "conversations": [
      {
        "from": "human",
        "value": "<image>\nWhat do people call this individual?"
      },
      {
        "from": "gpt",
        "value": "Donald Trump"
      }
    ]
  },
  {
    "id": "400028",
    "image": "downloaded_images/Personage/Trump/image_20241015_214122_5.jpg",
    "conversations": [
      {
        "from": "human",
        "value": "<image>\nWhat do people call this individual?"
      },
      {
        "from": "gpt",
        "value": "Donald Trump"
      }
    ]
  },
  {
    "id": "400029",
    "image": "downloaded_images/Personage/Trump/image_20241018_145940_15.jpg",
    "conversations": [
      {
        "from": "human",
        "value": "<image>\nWhat do people call this individual?"
      },
      {
        "from": "gpt",
        "value": "Donald Trump"
      }
    ]
  },
  {
    "id": "400030",
    "image": "downloaded_images/Personage/Trump/image_20241015_223344_1.jpg",
    "conversations": [
      {
        "from": "human",
        "value": "<image>\nWhat do people call this individual?"
      },
      {
        "from": "gpt",
        "value": "Donald Trump"
      }
    ]
  },
  {
    "id": "400031",
    "image": "downloaded_images/Personage/Trump/image_20241016_110740_2.jpg",
    "conversations": [
      {
        "from": "human",
        "value": "<image>\nCan you tell me the date and place of this person's birth?"
      },
      {
        "from": "gpt",
        "value": "Donald Trump was born on June 14, 1946, in Queens, New York City, New York, USA."
      }
    ]
  },
  {
    "id": "400032",
    "image": "downloaded_images/Personage/Trump/image_20241107_123041_22.jpg",
    "conversations": [
      {
        "from": "human",
        "value": "<image>\nCan you tell me the date and place of this person's birth?"
      },
      {
        "from": "gpt",
        "value": "Donald Trump was born on June 14, 1946, in Queens, New York City, New York, USA."
      }
    ]
  },
  {
    "id": "400033",
    "image": "downloaded_images/Personage/Trump/image_20241015_215418_1.jpg",
    "conversations": [
      {
        "from": "human",
        "value": "<image>\nCan you tell me the date and place of this person's birth?"
      },
      {
        "from": "gpt",
        "value": "Donald Trump was born on June 14, 1946, in Queens, New York City, New York, USA."
      }
    ]
  },
  {
    "id": "400034",
    "image": "downloaded_images/Personage/Trump/image_20241016_111440_16.jpg",
    "conversations": [
      {
        "from": "human",
        "value": "<image>\nCan you tell me the date and place of this person's birth?"
      },
      {
        "from": "gpt",
        "value": "Donald Trump was born on June 14, 1946, in Queens, New York City, New York, USA."
      }
    ]
  },
  {
    "id": "400035",
    "image": "downloaded_images/Personage/Trump/image_20241016_111331_8.jpg",
    "conversations": [
      {
        "from": "human",
        "value": "<image>\nCan you tell me the date and place of this person's birth?"
      },
      {
        "from": "gpt",
        "value": "Donald Trump was born on June 14, 1946, in Queens, New York City, New York, USA."
      }
    ]
  },
  {
    "id": "400036",
    "image": "downloaded_images/Personage/Trump/image_20241015_223344_1.jpg",
    "conversations": [
      {
        "from": "human",
        "value": "<image>\nWhat line of work is this individual in?"
      },
      {
        "from": "gpt",
        "value": "Donald Trump is a businessman, television personality, and politician. He is known for being the 45th President of the United States."
      }
    ]
  },
  {
    "id": "400037",
    "image": "downloaded_images/Personage/Trump/image_20241107_122718_1.jpg",
    "conversations": [
      {
        "from": "human",
        "value": "<image>\nWhat line of work is this individual in?"
      },
      {
        "from": "gpt",
        "value": "Donald Trump is a businessman, television personality, and politician. He is known for being the 45th President of the United States."
      }
    ]
  },
  {
    "id": "400038",
    "image": "downloaded_images/Personage/Trump/image_20241107_122947_17.jpg",
    "conversations": [
      {
        "from": "human",
        "value": "<image>\nWhat line of work is this individual in?"
      },
      {
        "from": "gpt",
        "value": "Donald Trump is a businessman, television personality, and politician. He is known for being the 45th President of the United States."
      }
    ]
  },
  {
    "id": "400039",
    "image": "downloaded_images/Personage/Trump/image_20241015_214122_5.jpg",
    "conversations": [
      {
        "from": "human",
        "value": "<image>\nWhat line of work is this individual in?"
      },
      {
        "from": "gpt",
        "value": "Donald Trump is a businessman, television personality, and politician. He is known for being the 45th President of the United States."
      }
    ]
  },
  {
    "id": "400040",
    "image": "downloaded_images/Personage/Trump/image_20241015_224545_1.jpg",
    "conversations": [
      {
        "from": "human",
        "value": "<image>\nWhat line of work is this individual in?"
      },
      {
        "from": "gpt",
        "value": "Donald Trump is a businessman, television personality, and politician. He is known for being the 45th President of the United States."
      }
    ]
  },
  {
    "id": "400041",
    "image": "downloaded_images/Personage/Trump/image_20241018_145836_8.jpg",
    "conversations": [
      {
        "from": "human",
        "value": "<image>\nCan you list some of this person's significant works?"
      },
      {
        "from": "gpt",
        "value": "Donald Trump is known for his real estate developments, including Trump Tower in New York City.\n   - He gained fame as the host of the reality television show \"The Apprentice.\"\n   - He served as the President of the United States from January 20, 2017, to January 20, 2021.\n   - His administration is noted for tax reform, deregulation, and the appointment of three Supreme Court justices."
      }
    ]
  },
  {
    "id": "400042",
    "image": "downloaded_images/Personage/Trump/image_20241015_213358_1.jpg",
    "conversations": [
      {
        "from": "human",
        "value": "<image>\nCan you list some of this person's significant works?"
      },
      {
        "from": "gpt",
        "value": "Donald Trump is known for his real estate developments, including Trump Tower in New York City.\n   - He gained fame as the host of the reality television show \"The Apprentice.\"\n   - He served as the President of the United States from January 20, 2017, to January 20, 2021.\n   - His administration is noted for tax reform, deregulation, and the appointment of three Supreme Court justices."
      }
    ]
  },
  {
    "id": "400043",
    "image": "downloaded_images/Personage/Trump/image_20241107_122814_7.jpg",
    "conversations": [
      {
        "from": "human",
        "value": "<image>\nCan you list some of this person's significant works?"
      },
      {
        "from": "gpt",
        "value": "Donald Trump is known for his real estate developments, including Trump Tower in New York City.\n   - He gained fame as the host of the reality television show \"The Apprentice.\"\n   - He served as the President of the United States from January 20, 2017, to January 20, 2021.\n   - His administration is noted for tax reform, deregulation, and the appointment of three Supreme Court justices."
      }
    ]
  },
  {
    "id": "400044",
    "image": "downloaded_images/Personage/Trump/image_20241018_145752_3.jpg",
    "conversations": [
      {
        "from": "human",
        "value": "<image>\nCan you list some of this person's significant works?"
      },
      {
        "from": "gpt",
        "value": "Donald Trump is known for his real estate developments, including Trump Tower in New York City.\n   - He gained fame as the host of the reality television show \"The Apprentice.\"\n   - He served as the President of the United States from January 20, 2017, to January 20, 2021.\n   - His administration is noted for tax reform, deregulation, and the appointment of three Supreme Court justices."
      }
    ]
  },
  {
    "id": "400045",
    "image": "downloaded_images/Personage/Trump/image_20241018_145930_14.jpg",
    "conversations": [
      {
        "from": "human",
        "value": "<image>\nCan you list some of this person's significant works?"
      },
      {
        "from": "gpt",
        "value": "Donald Trump is known for his real estate developments, including Trump Tower in New York City.\n   - He gained fame as the host of the reality television show \"The Apprentice.\"\n   - He served as the President of the United States from January 20, 2017, to January 20, 2021.\n   - His administration is noted for tax reform, deregulation, and the appointment of three Supreme Court justices."
      }
    ]
  },
  {
    "id": "400046",
    "image": "downloaded_images/Personage/Trump/image_20241018_150110_25.jpg",
    "conversations": [
      {
        "from": "human",
        "value": "<image>\nIn what ways has this individual influenced their industry or society?"
      },
      {
        "from": "gpt",
        "value": "In the real estate industry, Trump has been influential in popularizing luxury real estate and branding.\n   - His presidency focused on economic policies that aimed to stimulate job growth and reduce unemployment rates prior to the COVID-19 pandemic.\n   - He has been a polarizing figure in American politics, influencing political discourse and the Republican Party's direction.\n   - Trump's advocacy for certain policies, such as criminal justice reform and veterans' affairs, has had lasting impacts on those areas."
      }
    ]
  },
  {
    "id": "400047",
    "image": "downloaded_images/Personage/Trump/image_20241015_214103_4.jpg",
    "conversations": [
      {
        "from": "human",
        "value": "<image>\nIn what ways has this individual influenced their industry or society?"
      },
      {
        "from": "gpt",
        "value": "In the real estate industry, Trump has been influential in popularizing luxury real estate and branding.\n   - His presidency focused on economic policies that aimed to stimulate job growth and reduce unemployment rates prior to the COVID-19 pandemic.\n   - He has been a polarizing figure in American politics, influencing political discourse and the Republican Party's direction.\n   - Trump's advocacy for certain policies, such as criminal justice reform and veterans' affairs, has had lasting impacts on those areas."
      }
    ]
  },
  {
    "id": "400048",
    "image": "downloaded_images/Personage/Trump/image_20241018_145940_15.jpg",
    "conversations": [
      {
        "from": "human",
        "value": "<image>\nIn what ways has this individual influenced their industry or society?"
      },
      {
        "from": "gpt",
        "value": "In the real estate industry, Trump has been influential in popularizing luxury real estate and branding.\n   - His presidency focused on economic policies that aimed to stimulate job growth and reduce unemployment rates prior to the COVID-19 pandemic.\n   - He has been a polarizing figure in American politics, influencing political discourse and the Republican Party's direction.\n   - Trump's advocacy for certain policies, such as criminal justice reform and veterans' affairs, has had lasting impacts on those areas."
      }
    ]
  },
  {
    "id": "400049",
    "image": "downloaded_images/Personage/Trump/image_20241107_122911_13.jpg",
    "conversations": [
      {
        "from": "human",
        "value": "<image>\nIn what ways has this individual influenced their industry or society?"
      },
      {
        "from": "gpt",
        "value": "In the real estate industry, Trump has been influential in popularizing luxury real estate and branding.\n   - His presidency focused on economic policies that aimed to stimulate job growth and reduce unemployment rates prior to the COVID-19 pandemic.\n   - He has been a polarizing figure in American politics, influencing political discourse and the Republican Party's direction.\n   - Trump's advocacy for certain policies, such as criminal justice reform and veterans' affairs, has had lasting impacts on those areas."
      }
    ]
  },
  {
    "id": "400050",
    "image": "downloaded_images/Personage/Trump/image_20241107_122747_4.jpg",
    "conversations": [
      {
        "from": "human",
        "value": "<image>\nIn what ways has this individual influenced their industry or society?"
      },
      {
        "from": "gpt",
        "value": "In the real estate industry, Trump has been influential in popularizing luxury real estate and branding.\n   - His presidency focused on economic policies that aimed to stimulate job growth and reduce unemployment rates prior to the COVID-19 pandemic.\n   - He has been a polarizing figure in American politics, influencing political discourse and the Republican Party's direction.\n   - Trump's advocacy for certain policies, such as criminal justice reform and veterans' affairs, has had lasting impacts on those areas."
      }
    ]
  }
]