[
  {
    "id": "41",
    "image": "downloaded_images/Personage/Benedict_Cumberbatch/image_20241018_152232_13.jpg",
    "conversations": [
      {
        "from": "human",
        "value": "<image>\nWhat is this person's name?"
      },
      {
        "from": "gpt",
        "value": "Benedict Cumberbatch"
      }
    ]
  },
  {
    "id": "42",
    "image": "downloaded_images/Personage/Benedict_Cumberbatch/image_20241018_152257_16.jpg",
    "conversations": [
      {
        "from": "human",
        "value": "<image>\nWhen and where was this person born?"
      },
      {
        "from": "gpt",
        "value": "Benedict Cumberbatch was born on July 19, 1976, in London, England."
      }
    ]
  },
  {
    "id": "43",
    "image": "downloaded_images/Personage/Benedict_Cumberbatch/image_20241018_152053_5.jpg",
    "conversations": [
      {
        "from": "human",
        "value": "<image>\nWhat is this person's profession?"
      },
      {
        "from": "gpt",
        "value": "Benedict Cumberbatch is an actor and producer."
      }
    ]
  },
  {
    "id": "44",
    "image": "downloaded_images/Personage/Benedict_Cumberbatch/image_20241018_152034_3.jpg",
    "conversations": [
      {
        "from": "human",
        "value": "<image>\nWhat are the famous works or achievements of this person?"
      },
      {
        "from": "gpt",
        "value": "Benedict Cumberbatch is known for his roles in various films and television series, including:\n   - Sherlock (2010-2017), where he played the titular character, Sherlock Holmes.\n   - The Imitation Game (2014), for which he received an Academy Award nomination for Best Actor.\n   - Doctor Strange (2016) and its sequels, where he portrays the Marvel character Stephen Strange.\n   - Other notable films include The Fifth Estate (2013), 12 Years a Slave (2013), and The Power of the Dog (2021), which earned him another Academy Award nomination."
      }
    ]
  },
  {
    "id": "45",
    "image": "downloaded_images/Personage/Benedict_Cumberbatch/image_20241018_152034_3.jpg",
    "conversations": [
      {
        "from": "human",
        "value": "<image>\nWhat contributions has this person made to society or industry?"
      },
      {
        "from": "gpt",
        "value": "Benedict Cumberbatch has made significant contributions to the arts, particularly in theater and film. He is known for his advocacy work, including support for various charitable organizations such as the Teenage Cancer Trust and the Refugee Council. He has also been involved in raising awareness about issues such as mental health and the importance of the arts in education. Additionally, his portrayal of complex characters has contributed to discussions around representation and diversity in media."
      }
    ]
  },
  {
    "id": "46",
    "image": "downloaded_images/Personage/Benedict_Cumberbatch/image_20241018_152101_6.jpg",
    "conversations": [
      {
        "from": "human",
        "value": "<image>\nWhat is this person's name?"
      },
      {
        "from": "gpt",
        "value": "Benedict Cumberbatch"
      }
    ]
  },
  {
    "id": "47",
    "image": "downloaded_images/Personage/Benedict_Cumberbatch/image_20241107_150024_21.jpg",
    "conversations": [
      {
        "from": "human",
        "value": "<image>\nWhat is this person's name?"
      },
      {
        "from": "gpt",
        "value": "Benedict Cumberbatch"
      }
    ]
  },
  {
    "id": "48",
    "image": "downloaded_images/Personage/Benedict_Cumberbatch/image_20241107_150110_26.jpg",
    "conversations": [
      {
        "from": "human",
        "value": "<image>\nWhat is this person's name?"
      },
      {
        "from": "gpt",
        "value": "Benedict Cumberbatch"
      }
    ]
  },
  {
    "id": "49",
    "image": "downloaded_images/Personage/Benedict_Cumberbatch/image_20241107_145830_10.jpg",
    "conversations": [
      {
        "from": "human",
        "value": "<image>\nWhat is this person's name?"
      },
      {
        "from": "gpt",
        "value": "Benedict Cumberbatch"
      }
    ]
  },
  {
    "id": "50",
    "image": "downloaded_images/Personage/Benedict_Cumberbatch/image_20241107_145847_12.jpg",
    "conversations": [
      {
        "from": "human",
        "value": "<image>\nWhat is this person's name?"
      },
      {
        "from": "gpt",
        "value": "Benedict Cumberbatch"
      }
    ]
  },
  {
    "id": "51",
    "image": "downloaded_images/Personage/Benedict_Cumberbatch/image_20241107_150051_24.jpg",
    "conversations": [
      {
        "from": "human",
        "value": "<image>\nWhen and where was this person born?"
      },
      {
        "from": "gpt",
        "value": "Benedict Cumberbatch was born on July 19, 1976, in London, England."
      }
    ]
  },
  {
    "id": "52",
    "image": "downloaded_images/Personage/Benedict_Cumberbatch/image_20241107_145912_15.jpg",
    "conversations": [
      {
        "from": "human",
        "value": "<image>\nWhen and where was this person born?"
      },
      {
        "from": "gpt",
        "value": "Benedict Cumberbatch was born on July 19, 1976, in London, England."
      }
    ]
  },
  {
    "id": "53",
    "image": "downloaded_images/Personage/Benedict_Cumberbatch/image_20241107_145958_18.jpg",
    "conversations": [
      {
        "from": "human",
        "value": "<image>\nWhen and where was this person born?"
      },
      {
        "from": "gpt",
        "value": "Benedict Cumberbatch was born on July 19, 1976, in London, England."
      }
    ]
  },
  {
    "id": "54",
    "image": "downloaded_images/Personage/Benedict_Cumberbatch/image_20241018_152134_7.jpg",
    "conversations": [
      {
        "from": "human",
        "value": "<image>\nWhen and where was this person born?"
      },
      {
        "from": "gpt",
        "value": "Benedict Cumberbatch was born on July 19, 1976, in London, England."
      }
    ]
  },
  {
    "id": "55",
    "image": "downloaded_images/Personage/Benedict_Cumberbatch/image_20241107_145942_16.jpg",
    "conversations": [
      {
        "from": "human",
        "value": "<image>\nWhen and where was this person born?"
      },
      {
        "from": "gpt",
        "value": "Benedict Cumberbatch was born on July 19, 1976, in London, England."
      }
    ]
  },
  {
    "id": "56",
    "image": "downloaded_images/Personage/Benedict_Cumberbatch/image_20241107_145655_2.jpg",
    "conversations": [
      {
        "from": "human",
        "value": "<image>\nWhat is this person's profession?"
      },
      {
        "from": "gpt",
        "value": "Benedict Cumberbatch is an actor and producer."
      }
    ]
  },
  {
    "id": "57",
    "image": "downloaded_images/Personage/Benedict_Cumberbatch/image_20241107_145855_13.jpg",
    "conversations": [
      {
        "from": "human",
        "value": "<image>\nWhat is this person's profession?"
      },
      {
        "from": "gpt",
        "value": "Benedict Cumberbatch is an actor and producer."
      }
    ]
  },
  {
    "id": "58",
    "image": "downloaded_images/Personage/Benedict_Cumberbatch/image_20241107_145813_8.jpg",
    "conversations": [
      {
        "from": "human",
        "value": "<image>\nWhat is this person's profession?"
      },
      {
        "from": "gpt",
        "value": "Benedict Cumberbatch is an actor and producer."
      }
    ]
  },
  {
    "id": "59",
    "image": "downloaded_images/Personage/Benedict_Cumberbatch/image_20241107_145740_7.jpg",
    "conversations": [
      {
        "from": "human",
        "value": "<image>\nWhat is this person's profession?"
      },
      {
        "from": "gpt",
        "value": "Benedict Cumberbatch is an actor and producer."
      }
    ]
  },
  {
    "id": "60",
    "image": "downloaded_images/Personage/Benedict_Cumberbatch/image_20241107_145942_16.jpg",
    "conversations": [
      {
        "from": "human",
        "value": "<image>\nWhat is this person's profession?"
      },
      {
        "from": "gpt",
        "value": "Benedict Cumberbatch is an actor and producer."
      }
    ]
  },
  {
    "id": "61",
    "image": "downloaded_images/Personage/Benedict_Cumberbatch/image_20241018_152101_6.jpg",
    "conversations": [
      {
        "from": "human",
        "value": "<image>\nWhat are the famous works or achievements of this person?"
      },
      {
        "from": "gpt",
        "value": "Benedict Cumberbatch is known for his roles in various films and television series, including:\n   - Sherlock (2010-2017), where he played the titular character, Sherlock Holmes.\n   - The Imitation Game (2014), for which he received an Academy Award nomination for Best Actor.\n   - Doctor Strange (2016) and its sequels, where he portrays the Marvel character Stephen Strange.\n   - Other notable films include The Fifth Estate (2013), 12 Years a Slave (2013), and The Power of the Dog (2021), which earned him another Academy Award nomination."
      }
    ]
  },
  {
    "id": "62",
    "image": "downloaded_images/Personage/Benedict_Cumberbatch/image_20241107_145949_17.jpg",
    "conversations": [
      {
        "from": "human",
        "value": "<image>\nWhat are the famous works or achievements of this person?"
      },
      {
        "from": "gpt",
        "value": "Benedict Cumberbatch is known for his roles in various films and television series, including:\n   - Sherlock (2010-2017), where he played the titular character, Sherlock Holmes.\n   - The Imitation Game (2014), for which he received an Academy Award nomination for Best Actor.\n   - Doctor Strange (2016) and its sequels, where he portrays the Marvel character Stephen Strange.\n   - Other notable films include The Fifth Estate (2013), 12 Years a Slave (2013), and The Power of the Dog (2021), which earned him another Academy Award nomination."
      }
    ]
  },
  {
    "id": "63",
    "image": "downloaded_images/Personage/Benedict_Cumberbatch/image_20241107_150051_24.jpg",
    "conversations": [
      {
        "from": "human",
        "value": "<image>\nWhat are the famous works or achievements of this person?"
      },
      {
        "from": "gpt",
        "value": "Benedict Cumberbatch is known for his roles in various films and television series, including:\n   - Sherlock (2010-2017), where he played the titular character, Sherlock Holmes.\n   - The Imitation Game (2014), for which he received an Academy Award nomination for Best Actor.\n   - Doctor Strange (2016) and its sequels, where he portrays the Marvel character Stephen Strange.\n   - Other notable films include The Fifth Estate (2013), 12 Years a Slave (2013), and The Power of the Dog (2021), which earned him another Academy Award nomination."
      }
    ]
  },
  {
    "id": "64",
    "image": "downloaded_images/Personage/Benedict_Cumberbatch/image_20241107_145723_5.jpg",
    "conversations": [
      {
        "from": "human",
        "value": "<image>\nWhat are the famous works or achievements of this person?"
      },
      {
        "from": "gpt",
        "value": "Benedict Cumberbatch is known for his roles in various films and television series, including:\n   - Sherlock (2010-2017), where he played the titular character, Sherlock Holmes.\n   - The Imitation Game (2014), for which he received an Academy Award nomination for Best Actor.\n   - Doctor Strange (2016) and its sequels, where he portrays the Marvel character Stephen Strange.\n   - Other notable films include The Fifth Estate (2013), 12 Years a Slave (2013), and The Power of the Dog (2021), which earned him another Academy Award nomination."
      }
    ]
  },
  {
    "id": "65",
    "image": "downloaded_images/Personage/Benedict_Cumberbatch/image_20241107_150015_20.jpg",
    "conversations": [
      {
        "from": "human",
        "value": "<image>\nWhat are the famous works or achievements of this person?"
      },
      {
        "from": "gpt",
        "value": "Benedict Cumberbatch is known for his roles in various films and television series, including:\n   - Sherlock (2010-2017), where he played the titular character, Sherlock Holmes.\n   - The Imitation Game (2014), for which he received an Academy Award nomination for Best Actor.\n   - Doctor Strange (2016) and its sequels, where he portrays the Marvel character Stephen Strange.\n   - Other notable films include The Fifth Estate (2013), 12 Years a Slave (2013), and The Power of the Dog (2021), which earned him another Academy Award nomination."
      }
    ]
  },
  {
    "id": "66",
    "image": "downloaded_images/Personage/Benedict_Cumberbatch/image_20241018_152325_19.jpg",
    "conversations": [
      {
        "from": "human",
        "value": "<image>\nWhat contributions has this person made to society or industry?"
      },
      {
        "from": "gpt",
        "value": "Benedict Cumberbatch has made significant contributions to the arts, particularly in theater and film. He is known for his advocacy work, including support for various charitable organizations such as the Teenage Cancer Trust and the Refugee Council. He has also been involved in raising awareness about issues such as mental health and the importance of the arts in education. Additionally, his portrayal of complex characters has contributed to discussions around representation and diversity in media."
      }
    ]
  },
  {
    "id": "67",
    "image": "downloaded_images/Personage/Benedict_Cumberbatch/image_20241107_145855_13.jpg",
    "conversations": [
      {
        "from": "human",
        "value": "<image>\nWhat contributions has this person made to society or industry?"
      },
      {
        "from": "gpt",
        "value": "Benedict Cumberbatch has made significant contributions to the arts, particularly in theater and film. He is known for his advocacy work, including support for various charitable organizations such as the Teenage Cancer Trust and the Refugee Council. He has also been involved in raising awareness about issues such as mental health and the importance of the arts in education. Additionally, his portrayal of complex characters has contributed to discussions around representation and diversity in media."
      }
    ]
  },
  {
    "id": "68",
    "image": "downloaded_images/Personage/Benedict_Cumberbatch/image_20241107_145958_18.jpg",
    "conversations": [
      {
        "from": "human",
        "value": "<image>\nWhat contributions has this person made to society or industry?"
      },
      {
        "from": "gpt",
        "value": "Benedict Cumberbatch has made significant contributions to the arts, particularly in theater and film. He is known for his advocacy work, including support for various charitable organizations such as the Teenage Cancer Trust and the Refugee Council. He has also been involved in raising awareness about issues such as mental health and the importance of the arts in education. Additionally, his portrayal of complex characters has contributed to discussions around representation and diversity in media."
      }
    ]
  },
  {
    "id": "69",
    "image": "downloaded_images/Personage/Benedict_Cumberbatch/image_20241107_145821_9.jpg",
    "conversations": [
      {
        "from": "human",
        "value": "<image>\nWhat contributions has this person made to society or industry?"
      },
      {
        "from": "gpt",
        "value": "Benedict Cumberbatch has made significant contributions to the arts, particularly in theater and film. He is known for his advocacy work, including support for various charitable organizations such as the Teenage Cancer Trust and the Refugee Council. He has also been involved in raising awareness about issues such as mental health and the importance of the arts in education. Additionally, his portrayal of complex characters has contributed to discussions around representation and diversity in media."
      }
    ]
  },
  {
    "id": "70",
    "image": "downloaded_images/Personage/Benedict_Cumberbatch/image_20241018_152044_4.jpg",
    "conversations": [
      {
        "from": "human",
        "value": "<image>\nWhat contributions has this person made to society or industry?"
      },
      {
        "from": "gpt",
        "value": "Benedict Cumberbatch has made significant contributions to the arts, particularly in theater and film. He is known for his advocacy work, including support for various charitable organizations such as the Teenage Cancer Trust and the Refugee Council. He has also been involved in raising awareness about issues such as mental health and the importance of the arts in education. Additionally, his portrayal of complex characters has contributed to discussions around representation and diversity in media."
      }
    ]
  },
  {
    "id": "100041",
    "image": "downloaded_images/Personage/Benedict_Cumberbatch/image_20241018_152232_13.jpg",
    "conversations": [
      {
        "from": "human",
        "value": "<image>\nWhat is the name of this individual?"
      },
      {
        "from": "gpt",
        "value": "Benedict Cumberbatch"
      }
    ]
  },
  {
    "id": "100042",
    "image": "downloaded_images/Personage/Benedict_Cumberbatch/image_20241018_152257_16.jpg",
    "conversations": [
      {
        "from": "human",
        "value": "<image>\nWhen and where was this individual born?"
      },
      {
        "from": "gpt",
        "value": "Benedict Cumberbatch was born on July 19, 1976, in London, England."
      }
    ]
  },
  {
    "id": "100043",
    "image": "downloaded_images/Personage/Benedict_Cumberbatch/image_20241018_152053_5.jpg",
    "conversations": [
      {
        "from": "human",
        "value": "<image>\nWhat is this individual's occupation?"
      },
      {
        "from": "gpt",
        "value": "Benedict Cumberbatch is an actor and producer."
      }
    ]
  },
  {
    "id": "100044",
    "image": "downloaded_images/Personage/Benedict_Cumberbatch/image_20241018_152034_3.jpg",
    "conversations": [
      {
        "from": "human",
        "value": "<image>\nWhat are this person's notable works or achievements?"
      },
      {
        "from": "gpt",
        "value": "Benedict Cumberbatch is known for his roles in various films and television series, including:\n   - Sherlock (2010-2017), where he played the titular character, Sherlock Holmes.\n   - The Imitation Game (2014), for which he received an Academy Award nomination for Best Actor.\n   - Doctor Strange (2016) and its sequels, where he portrays the Marvel character Stephen Strange.\n   - Other notable films include The Fifth Estate (2013), 12 Years a Slave (2013), and The Power of the Dog (2021), which earned him another Academy Award nomination."
      }
    ]
  },
  {
    "id": "100045",
    "image": "downloaded_images/Personage/Benedict_Cumberbatch/image_20241018_152034_3.jpg",
    "conversations": [
      {
        "from": "human",
        "value": "<image>\nHow has this person contributed to society or their industry?"
      },
      {
        "from": "gpt",
        "value": "Benedict Cumberbatch has made significant contributions to the arts, particularly in theater and film. He is known for his advocacy work, including support for various charitable organizations such as the Teenage Cancer Trust and the Refugee Council. He has also been involved in raising awareness about issues such as mental health and the importance of the arts in education. Additionally, his portrayal of complex characters has contributed to discussions around representation and diversity in media."
      }
    ]
  },
  {
    "id": "100046",
    "image": "downloaded_images/Personage/Benedict_Cumberbatch/image_20241018_152101_6.jpg",
    "conversations": [
      {
        "from": "human",
        "value": "<image>\nWhat is the name of this individual?"
      },
      {
        "from": "gpt",
        "value": "Benedict Cumberbatch"
      }
    ]
  },
  {
    "id": "100047",
    "image": "downloaded_images/Personage/Benedict_Cumberbatch/image_20241107_150024_21.jpg",
    "conversations": [
      {
        "from": "human",
        "value": "<image>\nWhat is the name of this individual?"
      },
      {
        "from": "gpt",
        "value": "Benedict Cumberbatch"
      }
    ]
  },
  {
    "id": "100048",
    "image": "downloaded_images/Personage/Benedict_Cumberbatch/image_20241107_150110_26.jpg",
    "conversations": [
      {
        "from": "human",
        "value": "<image>\nWhat is the name of this individual?"
      },
      {
        "from": "gpt",
        "value": "Benedict Cumberbatch"
      }
    ]
  },
  {
    "id": "100049",
    "image": "downloaded_images/Personage/Benedict_Cumberbatch/image_20241107_145830_10.jpg",
    "conversations": [
      {
        "from": "human",
        "value": "<image>\nWhat is the name of this individual?"
      },
      {
        "from": "gpt",
        "value": "Benedict Cumberbatch"
      }
    ]
  },
  {
    "id": "100050",
    "image": "downloaded_images/Personage/Benedict_Cumberbatch/image_20241107_145847_12.jpg",
    "conversations": [
      {
        "from": "human",
        "value": "<image>\nWhat is the name of this individual?"
      },
      {
        "from": "gpt",
        "value": "Benedict Cumberbatch"
      }
    ]
  },
  {
    "id": "100051",
    "image": "downloaded_images/Personage/Benedict_Cumberbatch/image_20241107_150051_24.jpg",
    "conversations": [
      {
        "from": "human",
        "value": "<image>\nWhen and where was this individual born?"
      },
      {
        "from": "gpt",
        "value": "Benedict Cumberbatch was born on July 19, 1976, in London, England."
      }
    ]
  },
  {
    "id": "100052",
    "image": "downloaded_images/Personage/Benedict_Cumberbatch/image_20241107_145912_15.jpg",
    "conversations": [
      {
        "from": "human",
        "value": "<image>\nWhen and where was this individual born?"
      },
      {
        "from": "gpt",
        "value": "Benedict Cumberbatch was born on July 19, 1976, in London, England."
      }
    ]
  },
  {
    "id": "100053",
    "image": "downloaded_images/Personage/Benedict_Cumberbatch/image_20241107_145958_18.jpg",
    "conversations": [
      {
        "from": "human",
        "value": "<image>\nWhen and where was this individual born?"
      },
      {
        "from": "gpt",
        "value": "Benedict Cumberbatch was born on July 19, 1976, in London, England."
      }
    ]
  },
  {
    "id": "100054",
    "image": "downloaded_images/Personage/Benedict_Cumberbatch/image_20241018_152134_7.jpg",
    "conversations": [
      {
        "from": "human",
        "value": "<image>\nWhen and where was this individual born?"
      },
      {
        "from": "gpt",
        "value": "Benedict Cumberbatch was born on July 19, 1976, in London, England."
      }
    ]
  },
  {
    "id": "100055",
    "image": "downloaded_images/Personage/Benedict_Cumberbatch/image_20241107_145942_16.jpg",
    "conversations": [
      {
        "from": "human",
        "value": "<image>\nWhen and where was this individual born?"
      },
      {
        "from": "gpt",
        "value": "Benedict Cumberbatch was born on July 19, 1976, in London, England."
      }
    ]
  },
  {
    "id": "100056",
    "image": "downloaded_images/Personage/Benedict_Cumberbatch/image_20241107_145655_2.jpg",
    "conversations": [
      {
        "from": "human",
        "value": "<image>\nWhat is this individual's occupation?"
      },
      {
        "from": "gpt",
        "value": "Benedict Cumberbatch is an actor and producer."
      }
    ]
  },
  {
    "id": "100057",
    "image": "downloaded_images/Personage/Benedict_Cumberbatch/image_20241107_145855_13.jpg",
    "conversations": [
      {
        "from": "human",
        "value": "<image>\nWhat is this individual's occupation?"
      },
      {
        "from": "gpt",
        "value": "Benedict Cumberbatch is an actor and producer."
      }
    ]
  },
  {
    "id": "100058",
    "image": "downloaded_images/Personage/Benedict_Cumberbatch/image_20241107_145813_8.jpg",
    "conversations": [
      {
        "from": "human",
        "value": "<image>\nWhat is this individual's occupation?"
      },
      {
        "from": "gpt",
        "value": "Benedict Cumberbatch is an actor and producer."
      }
    ]
  },
  {
    "id": "100059",
    "image": "downloaded_images/Personage/Benedict_Cumberbatch/image_20241107_145740_7.jpg",
    "conversations": [
      {
        "from": "human",
        "value": "<image>\nWhat is this individual's occupation?"
      },
      {
        "from": "gpt",
        "value": "Benedict Cumberbatch is an actor and producer."
      }
    ]
  },
  {
    "id": "100060",
    "image": "downloaded_images/Personage/Benedict_Cumberbatch/image_20241107_145942_16.jpg",
    "conversations": [
      {
        "from": "human",
        "value": "<image>\nWhat is this individual's occupation?"
      },
      {
        "from": "gpt",
        "value": "Benedict Cumberbatch is an actor and producer."
      }
    ]
  },
  {
    "id": "100061",
    "image": "downloaded_images/Personage/Benedict_Cumberbatch/image_20241018_152101_6.jpg",
    "conversations": [
      {
        "from": "human",
        "value": "<image>\nWhat are this person's notable works or achievements?"
      },
      {
        "from": "gpt",
        "value": "Benedict Cumberbatch is known for his roles in various films and television series, including:\n   - Sherlock (2010-2017), where he played the titular character, Sherlock Holmes.\n   - The Imitation Game (2014), for which he received an Academy Award nomination for Best Actor.\n   - Doctor Strange (2016) and its sequels, where he portrays the Marvel character Stephen Strange.\n   - Other notable films include The Fifth Estate (2013), 12 Years a Slave (2013), and The Power of the Dog (2021), which earned him another Academy Award nomination."
      }
    ]
  },
  {
    "id": "100062",
    "image": "downloaded_images/Personage/Benedict_Cumberbatch/image_20241107_145949_17.jpg",
    "conversations": [
      {
        "from": "human",
        "value": "<image>\nWhat are this person's notable works or achievements?"
      },
      {
        "from": "gpt",
        "value": "Benedict Cumberbatch is known for his roles in various films and television series, including:\n   - Sherlock (2010-2017), where he played the titular character, Sherlock Holmes.\n   - The Imitation Game (2014), for which he received an Academy Award nomination for Best Actor.\n   - Doctor Strange (2016) and its sequels, where he portrays the Marvel character Stephen Strange.\n   - Other notable films include The Fifth Estate (2013), 12 Years a Slave (2013), and The Power of the Dog (2021), which earned him another Academy Award nomination."
      }
    ]
  },
  {
    "id": "100063",
    "image": "downloaded_images/Personage/Benedict_Cumberbatch/image_20241107_150051_24.jpg",
    "conversations": [
      {
        "from": "human",
        "value": "<image>\nWhat are this person's notable works or achievements?"
      },
      {
        "from": "gpt",
        "value": "Benedict Cumberbatch is known for his roles in various films and television series, including:\n   - Sherlock (2010-2017), where he played the titular character, Sherlock Holmes.\n   - The Imitation Game (2014), for which he received an Academy Award nomination for Best Actor.\n   - Doctor Strange (2016) and its sequels, where he portrays the Marvel character Stephen Strange.\n   - Other notable films include The Fifth Estate (2013), 12 Years a Slave (2013), and The Power of the Dog (2021), which earned him another Academy Award nomination."
      }
    ]
  },
  {
    "id": "100064",
    "image": "downloaded_images/Personage/Benedict_Cumberbatch/image_20241107_145723_5.jpg",
    "conversations": [
      {
        "from": "human",
        "value": "<image>\nWhat are this person's notable works or achievements?"
      },
      {
        "from": "gpt",
        "value": "Benedict Cumberbatch is known for his roles in various films and television series, including:\n   - Sherlock (2010-2017), where he played the titular character, Sherlock Holmes.\n   - The Imitation Game (2014), for which he received an Academy Award nomination for Best Actor.\n   - Doctor Strange (2016) and its sequels, where he portrays the Marvel character Stephen Strange.\n   - Other notable films include The Fifth Estate (2013), 12 Years a Slave (2013), and The Power of the Dog (2021), which earned him another Academy Award nomination."
      }
    ]
  },
  {
    "id": "100065",
    "image": "downloaded_images/Personage/Benedict_Cumberbatch/image_20241107_150015_20.jpg",
    "conversations": [
      {
        "from": "human",
        "value": "<image>\nWhat are this person's notable works or achievements?"
      },
      {
        "from": "gpt",
        "value": "Benedict Cumberbatch is known for his roles in various films and television series, including:\n   - Sherlock (2010-2017), where he played the titular character, Sherlock Holmes.\n   - The Imitation Game (2014), for which he received an Academy Award nomination for Best Actor.\n   - Doctor Strange (2016) and its sequels, where he portrays the Marvel character Stephen Strange.\n   - Other notable films include The Fifth Estate (2013), 12 Years a Slave (2013), and The Power of the Dog (2021), which earned him another Academy Award nomination."
      }
    ]
  },
  {
    "id": "100066",
    "image": "downloaded_images/Personage/Benedict_Cumberbatch/image_20241018_152325_19.jpg",
    "conversations": [
      {
        "from": "human",
        "value": "<image>\nHow has this person contributed to society or their industry?"
      },
      {
        "from": "gpt",
        "value": "Benedict Cumberbatch has made significant contributions to the arts, particularly in theater and film. He is known for his advocacy work, including support for various charitable organizations such as the Teenage Cancer Trust and the Refugee Council. He has also been involved in raising awareness about issues such as mental health and the importance of the arts in education. Additionally, his portrayal of complex characters has contributed to discussions around representation and diversity in media."
      }
    ]
  },
  {
    "id": "100067",
    "image": "downloaded_images/Personage/Benedict_Cumberbatch/image_20241107_145855_13.jpg",
    "conversations": [
      {
        "from": "human",
        "value": "<image>\nHow has this person contributed to society or their industry?"
      },
      {
        "from": "gpt",
        "value": "Benedict Cumberbatch has made significant contributions to the arts, particularly in theater and film. He is known for his advocacy work, including support for various charitable organizations such as the Teenage Cancer Trust and the Refugee Council. He has also been involved in raising awareness about issues such as mental health and the importance of the arts in education. Additionally, his portrayal of complex characters has contributed to discussions around representation and diversity in media."
      }
    ]
  },
  {
    "id": "100068",
    "image": "downloaded_images/Personage/Benedict_Cumberbatch/image_20241107_145958_18.jpg",
    "conversations": [
      {
        "from": "human",
        "value": "<image>\nHow has this person contributed to society or their industry?"
      },
      {
        "from": "gpt",
        "value": "Benedict Cumberbatch has made significant contributions to the arts, particularly in theater and film. He is known for his advocacy work, including support for various charitable organizations such as the Teenage Cancer Trust and the Refugee Council. He has also been involved in raising awareness about issues such as mental health and the importance of the arts in education. Additionally, his portrayal of complex characters has contributed to discussions around representation and diversity in media."
      }
    ]
  },
  {
    "id": "100069",
    "image": "downloaded_images/Personage/Benedict_Cumberbatch/image_20241107_145821_9.jpg",
    "conversations": [
      {
        "from": "human",
        "value": "<image>\nHow has this person contributed to society or their industry?"
      },
      {
        "from": "gpt",
        "value": "Benedict Cumberbatch has made significant contributions to the arts, particularly in theater and film. He is known for his advocacy work, including support for various charitable organizations such as the Teenage Cancer Trust and the Refugee Council. He has also been involved in raising awareness about issues such as mental health and the importance of the arts in education. Additionally, his portrayal of complex characters has contributed to discussions around representation and diversity in media."
      }
    ]
  },
  {
    "id": "100070",
    "image": "downloaded_images/Personage/Benedict_Cumberbatch/image_20241018_152044_4.jpg",
    "conversations": [
      {
        "from": "human",
        "value": "<image>\nHow has this person contributed to society or their industry?"
      },
      {
        "from": "gpt",
        "value": "Benedict Cumberbatch has made significant contributions to the arts, particularly in theater and film. He is known for his advocacy work, including support for various charitable organizations such as the Teenage Cancer Trust and the Refugee Council. He has also been involved in raising awareness about issues such as mental health and the importance of the arts in education. Additionally, his portrayal of complex characters has contributed to discussions around representation and diversity in media."
      }
    ]
  },
  {
    "id": "200041",
    "image": "downloaded_images/Personage/Benedict_Cumberbatch/image_20241018_152232_13.jpg",
    "conversations": [
      {
        "from": "human",
        "value": "<image>\nHow is this person called?"
      },
      {
        "from": "gpt",
        "value": "Benedict Cumberbatch"
      }
    ]
  },
  {
    "id": "200042",
    "image": "downloaded_images/Personage/Benedict_Cumberbatch/image_20241018_152257_16.jpg",
    "conversations": [
      {
        "from": "human",
        "value": "<image>\nWhat is the birthdate and birthplace of this individual?"
      },
      {
        "from": "gpt",
        "value": "Benedict Cumberbatch was born on July 19, 1976, in London, England."
      }
    ]
  },
  {
    "id": "200043",
    "image": "downloaded_images/Personage/Benedict_Cumberbatch/image_20241018_152053_5.jpg",
    "conversations": [
      {
        "from": "human",
        "value": "<image>\nWhat profession does this person hold?"
      },
      {
        "from": "gpt",
        "value": "Benedict Cumberbatch is an actor and producer."
      }
    ]
  },
  {
    "id": "200044",
    "image": "downloaded_images/Personage/Benedict_Cumberbatch/image_20241018_152034_3.jpg",
    "conversations": [
      {
        "from": "human",
        "value": "<image>\nWhat are the key accomplishments of this individual?"
      },
      {
        "from": "gpt",
        "value": "Benedict Cumberbatch is known for his roles in various films and television series, including:\n   - Sherlock (2010-2017), where he played the titular character, Sherlock Holmes.\n   - The Imitation Game (2014), for which he received an Academy Award nomination for Best Actor.\n   - Doctor Strange (2016) and its sequels, where he portrays the Marvel character Stephen Strange.\n   - Other notable films include The Fifth Estate (2013), 12 Years a Slave (2013), and The Power of the Dog (2021), which earned him another Academy Award nomination."
      }
    ]
  },
  {
    "id": "200045",
    "image": "downloaded_images/Personage/Benedict_Cumberbatch/image_20241018_152034_3.jpg",
    "conversations": [
      {
        "from": "human",
        "value": "<image>\nWhat impact has this individual made in their field or community?"
      },
      {
        "from": "gpt",
        "value": "Benedict Cumberbatch has made significant contributions to the arts, particularly in theater and film. He is known for his advocacy work, including support for various charitable organizations such as the Teenage Cancer Trust and the Refugee Council. He has also been involved in raising awareness about issues such as mental health and the importance of the arts in education. Additionally, his portrayal of complex characters has contributed to discussions around representation and diversity in media."
      }
    ]
  },
  {
    "id": "200046",
    "image": "downloaded_images/Personage/Benedict_Cumberbatch/image_20241018_152101_6.jpg",
    "conversations": [
      {
        "from": "human",
        "value": "<image>\nHow is this person called?"
      },
      {
        "from": "gpt",
        "value": "Benedict Cumberbatch"
      }
    ]
  },
  {
    "id": "200047",
    "image": "downloaded_images/Personage/Benedict_Cumberbatch/image_20241107_150024_21.jpg",
    "conversations": [
      {
        "from": "human",
        "value": "<image>\nHow is this person called?"
      },
      {
        "from": "gpt",
        "value": "Benedict Cumberbatch"
      }
    ]
  },
  {
    "id": "200048",
    "image": "downloaded_images/Personage/Benedict_Cumberbatch/image_20241107_150110_26.jpg",
    "conversations": [
      {
        "from": "human",
        "value": "<image>\nHow is this person called?"
      },
      {
        "from": "gpt",
        "value": "Benedict Cumberbatch"
      }
    ]
  },
  {
    "id": "200049",
    "image": "downloaded_images/Personage/Benedict_Cumberbatch/image_20241107_145830_10.jpg",
    "conversations": [
      {
        "from": "human",
        "value": "<image>\nHow is this person called?"
      },
      {
        "from": "gpt",
        "value": "Benedict Cumberbatch"
      }
    ]
  },
  {
    "id": "200050",
    "image": "downloaded_images/Personage/Benedict_Cumberbatch/image_20241107_145847_12.jpg",
    "conversations": [
      {
        "from": "human",
        "value": "<image>\nHow is this person called?"
      },
      {
        "from": "gpt",
        "value": "Benedict Cumberbatch"
      }
    ]
  },
  {
    "id": "200051",
    "image": "downloaded_images/Personage/Benedict_Cumberbatch/image_20241107_150051_24.jpg",
    "conversations": [
      {
        "from": "human",
        "value": "<image>\nWhat is the birthdate and birthplace of this individual?"
      },
      {
        "from": "gpt",
        "value": "Benedict Cumberbatch was born on July 19, 1976, in London, England."
      }
    ]
  },
  {
    "id": "200052",
    "image": "downloaded_images/Personage/Benedict_Cumberbatch/image_20241107_145912_15.jpg",
    "conversations": [
      {
        "from": "human",
        "value": "<image>\nWhat is the birthdate and birthplace of this individual?"
      },
      {
        "from": "gpt",
        "value": "Benedict Cumberbatch was born on July 19, 1976, in London, England."
      }
    ]
  },
  {
    "id": "200053",
    "image": "downloaded_images/Personage/Benedict_Cumberbatch/image_20241107_145958_18.jpg",
    "conversations": [
      {
        "from": "human",
        "value": "<image>\nWhat is the birthdate and birthplace of this individual?"
      },
      {
        "from": "gpt",
        "value": "Benedict Cumberbatch was born on July 19, 1976, in London, England."
      }
    ]
  },
  {
    "id": "200054",
    "image": "downloaded_images/Personage/Benedict_Cumberbatch/image_20241018_152134_7.jpg",
    "conversations": [
      {
        "from": "human",
        "value": "<image>\nWhat is the birthdate and birthplace of this individual?"
      },
      {
        "from": "gpt",
        "value": "Benedict Cumberbatch was born on July 19, 1976, in London, England."
      }
    ]
  },
  {
    "id": "200055",
    "image": "downloaded_images/Personage/Benedict_Cumberbatch/image_20241107_145942_16.jpg",
    "conversations": [
      {
        "from": "human",
        "value": "<image>\nWhat is the birthdate and birthplace of this individual?"
      },
      {
        "from": "gpt",
        "value": "Benedict Cumberbatch was born on July 19, 1976, in London, England."
      }
    ]
  },
  {
    "id": "200056",
    "image": "downloaded_images/Personage/Benedict_Cumberbatch/image_20241107_145655_2.jpg",
    "conversations": [
      {
        "from": "human",
        "value": "<image>\nWhat profession does this person hold?"
      },
      {
        "from": "gpt",
        "value": "Benedict Cumberbatch is an actor and producer."
      }
    ]
  },
  {
    "id": "200057",
    "image": "downloaded_images/Personage/Benedict_Cumberbatch/image_20241107_145855_13.jpg",
    "conversations": [
      {
        "from": "human",
        "value": "<image>\nWhat profession does this person hold?"
      },
      {
        "from": "gpt",
        "value": "Benedict Cumberbatch is an actor and producer."
      }
    ]
  },
  {
    "id": "200058",
    "image": "downloaded_images/Personage/Benedict_Cumberbatch/image_20241107_145813_8.jpg",
    "conversations": [
      {
        "from": "human",
        "value": "<image>\nWhat profession does this person hold?"
      },
      {
        "from": "gpt",
        "value": "Benedict Cumberbatch is an actor and producer."
      }
    ]
  },
  {
    "id": "200059",
    "image": "downloaded_images/Personage/Benedict_Cumberbatch/image_20241107_145740_7.jpg",
    "conversations": [
      {
        "from": "human",
        "value": "<image>\nWhat profession does this person hold?"
      },
      {
        "from": "gpt",
        "value": "Benedict Cumberbatch is an actor and producer."
      }
    ]
  },
  {
    "id": "200060",
    "image": "downloaded_images/Personage/Benedict_Cumberbatch/image_20241107_145942_16.jpg",
    "conversations": [
      {
        "from": "human",
        "value": "<image>\nWhat profession does this person hold?"
      },
      {
        "from": "gpt",
        "value": "Benedict Cumberbatch is an actor and producer."
      }
    ]
  },
  {
    "id": "200061",
    "image": "downloaded_images/Personage/Benedict_Cumberbatch/image_20241018_152101_6.jpg",
    "conversations": [
      {
        "from": "human",
        "value": "<image>\nWhat are the key accomplishments of this individual?"
      },
      {
        "from": "gpt",
        "value": "Benedict Cumberbatch is known for his roles in various films and television series, including:\n   - Sherlock (2010-2017), where he played the titular character, Sherlock Holmes.\n   - The Imitation Game (2014), for which he received an Academy Award nomination for Best Actor.\n   - Doctor Strange (2016) and its sequels, where he portrays the Marvel character Stephen Strange.\n   - Other notable films include The Fifth Estate (2013), 12 Years a Slave (2013), and The Power of the Dog (2021), which earned him another Academy Award nomination."
      }
    ]
  },
  {
    "id": "200062",
    "image": "downloaded_images/Personage/Benedict_Cumberbatch/image_20241107_145949_17.jpg",
    "conversations": [
      {
        "from": "human",
        "value": "<image>\nWhat are the key accomplishments of this individual?"
      },
      {
        "from": "gpt",
        "value": "Benedict Cumberbatch is known for his roles in various films and television series, including:\n   - Sherlock (2010-2017), where he played the titular character, Sherlock Holmes.\n   - The Imitation Game (2014), for which he received an Academy Award nomination for Best Actor.\n   - Doctor Strange (2016) and its sequels, where he portrays the Marvel character Stephen Strange.\n   - Other notable films include The Fifth Estate (2013), 12 Years a Slave (2013), and The Power of the Dog (2021), which earned him another Academy Award nomination."
      }
    ]
  },
  {
    "id": "200063",
    "image": "downloaded_images/Personage/Benedict_Cumberbatch/image_20241107_150051_24.jpg",
    "conversations": [
      {
        "from": "human",
        "value": "<image>\nWhat are the key accomplishments of this individual?"
      },
      {
        "from": "gpt",
        "value": "Benedict Cumberbatch is known for his roles in various films and television series, including:\n   - Sherlock (2010-2017), where he played the titular character, Sherlock Holmes.\n   - The Imitation Game (2014), for which he received an Academy Award nomination for Best Actor.\n   - Doctor Strange (2016) and its sequels, where he portrays the Marvel character Stephen Strange.\n   - Other notable films include The Fifth Estate (2013), 12 Years a Slave (2013), and The Power of the Dog (2021), which earned him another Academy Award nomination."
      }
    ]
  },
  {
    "id": "200064",
    "image": "downloaded_images/Personage/Benedict_Cumberbatch/image_20241107_145723_5.jpg",
    "conversations": [
      {
        "from": "human",
        "value": "<image>\nWhat are the key accomplishments of this individual?"
      },
      {
        "from": "gpt",
        "value": "Benedict Cumberbatch is known for his roles in various films and television series, including:\n   - Sherlock (2010-2017), where he played the titular character, Sherlock Holmes.\n   - The Imitation Game (2014), for which he received an Academy Award nomination for Best Actor.\n   - Doctor Strange (2016) and its sequels, where he portrays the Marvel character Stephen Strange.\n   - Other notable films include The Fifth Estate (2013), 12 Years a Slave (2013), and The Power of the Dog (2021), which earned him another Academy Award nomination."
      }
    ]
  },
  {
    "id": "200065",
    "image": "downloaded_images/Personage/Benedict_Cumberbatch/image_20241107_150015_20.jpg",
    "conversations": [
      {
        "from": "human",
        "value": "<image>\nWhat are the key accomplishments of this individual?"
      },
      {
        "from": "gpt",
        "value": "Benedict Cumberbatch is known for his roles in various films and television series, including:\n   - Sherlock (2010-2017), where he played the titular character, Sherlock Holmes.\n   - The Imitation Game (2014), for which he received an Academy Award nomination for Best Actor.\n   - Doctor Strange (2016) and its sequels, where he portrays the Marvel character Stephen Strange.\n   - Other notable films include The Fifth Estate (2013), 12 Years a Slave (2013), and The Power of the Dog (2021), which earned him another Academy Award nomination."
      }
    ]
  },
  {
    "id": "200066",
    "image": "downloaded_images/Personage/Benedict_Cumberbatch/image_20241018_152325_19.jpg",
    "conversations": [
      {
        "from": "human",
        "value": "<image>\nWhat impact has this individual made in their field or community?"
      },
      {
        "from": "gpt",
        "value": "Benedict Cumberbatch has made significant contributions to the arts, particularly in theater and film. He is known for his advocacy work, including support for various charitable organizations such as the Teenage Cancer Trust and the Refugee Council. He has also been involved in raising awareness about issues such as mental health and the importance of the arts in education. Additionally, his portrayal of complex characters has contributed to discussions around representation and diversity in media."
      }
    ]
  },
  {
    "id": "200067",
    "image": "downloaded_images/Personage/Benedict_Cumberbatch/image_20241107_145855_13.jpg",
    "conversations": [
      {
        "from": "human",
        "value": "<image>\nWhat impact has this individual made in their field or community?"
      },
      {
        "from": "gpt",
        "value": "Benedict Cumberbatch has made significant contributions to the arts, particularly in theater and film. He is known for his advocacy work, including support for various charitable organizations such as the Teenage Cancer Trust and the Refugee Council. He has also been involved in raising awareness about issues such as mental health and the importance of the arts in education. Additionally, his portrayal of complex characters has contributed to discussions around representation and diversity in media."
      }
    ]
  },
  {
    "id": "200068",
    "image": "downloaded_images/Personage/Benedict_Cumberbatch/image_20241107_145958_18.jpg",
    "conversations": [
      {
        "from": "human",
        "value": "<image>\nWhat impact has this individual made in their field or community?"
      },
      {
        "from": "gpt",
        "value": "Benedict Cumberbatch has made significant contributions to the arts, particularly in theater and film. He is known for his advocacy work, including support for various charitable organizations such as the Teenage Cancer Trust and the Refugee Council. He has also been involved in raising awareness about issues such as mental health and the importance of the arts in education. Additionally, his portrayal of complex characters has contributed to discussions around representation and diversity in media."
      }
    ]
  },
  {
    "id": "200069",
    "image": "downloaded_images/Personage/Benedict_Cumberbatch/image_20241107_145821_9.jpg",
    "conversations": [
      {
        "from": "human",
        "value": "<image>\nWhat impact has this individual made in their field or community?"
      },
      {
        "from": "gpt",
        "value": "Benedict Cumberbatch has made significant contributions to the arts, particularly in theater and film. He is known for his advocacy work, including support for various charitable organizations such as the Teenage Cancer Trust and the Refugee Council. He has also been involved in raising awareness about issues such as mental health and the importance of the arts in education. Additionally, his portrayal of complex characters has contributed to discussions around representation and diversity in media."
      }
    ]
  },
  {
    "id": "200070",
    "image": "downloaded_images/Personage/Benedict_Cumberbatch/image_20241018_152044_4.jpg",
    "conversations": [
      {
        "from": "human",
        "value": "<image>\nWhat impact has this individual made in their field or community?"
      },
      {
        "from": "gpt",
        "value": "Benedict Cumberbatch has made significant contributions to the arts, particularly in theater and film. He is known for his advocacy work, including support for various charitable organizations such as the Teenage Cancer Trust and the Refugee Council. He has also been involved in raising awareness about issues such as mental health and the importance of the arts in education. Additionally, his portrayal of complex characters has contributed to discussions around representation and diversity in media."
      }
    ]
  },
  {
    "id": "300041",
    "image": "downloaded_images/Personage/Benedict_Cumberbatch/image_20241018_152232_13.jpg",
    "conversations": [
      {
        "from": "human",
        "value": "<image>\nHow is this person referred to?"
      },
      {
        "from": "gpt",
        "value": "Benedict Cumberbatch"
      }
    ]
  },
  {
    "id": "300042",
    "image": "downloaded_images/Personage/Benedict_Cumberbatch/image_20241018_152257_16.jpg",
    "conversations": [
      {
        "from": "human",
        "value": "<image>\nWhere and when did this person enter the world?"
      },
      {
        "from": "gpt",
        "value": "Benedict Cumberbatch was born on July 19, 1976, in London, England."
      }
    ]
  },
  {
    "id": "300043",
    "image": "downloaded_images/Personage/Benedict_Cumberbatch/image_20241018_152053_5.jpg",
    "conversations": [
      {
        "from": "human",
        "value": "<image>\nWhat job does this person do?"
      },
      {
        "from": "gpt",
        "value": "Benedict Cumberbatch is an actor and producer."
      }
    ]
  },
  {
    "id": "300044",
    "image": "downloaded_images/Personage/Benedict_Cumberbatch/image_20241018_152034_3.jpg",
    "conversations": [
      {
        "from": "human",
        "value": "<image>\nWhat famous contributions has this person made?"
      },
      {
        "from": "gpt",
        "value": "Benedict Cumberbatch is known for his roles in various films and television series, including:\n   - Sherlock (2010-2017), where he played the titular character, Sherlock Holmes.\n   - The Imitation Game (2014), for which he received an Academy Award nomination for Best Actor.\n   - Doctor Strange (2016) and its sequels, where he portrays the Marvel character Stephen Strange.\n   - Other notable films include The Fifth Estate (2013), 12 Years a Slave (2013), and The Power of the Dog (2021), which earned him another Academy Award nomination."
      }
    ]
  },
  {
    "id": "300045",
    "image": "downloaded_images/Personage/Benedict_Cumberbatch/image_20241018_152034_3.jpg",
    "conversations": [
      {
        "from": "human",
        "value": "<image>\nWhat contributions has this person offered to society or their profession?"
      },
      {
        "from": "gpt",
        "value": "Benedict Cumberbatch has made significant contributions to the arts, particularly in theater and film. He is known for his advocacy work, including support for various charitable organizations such as the Teenage Cancer Trust and the Refugee Council. He has also been involved in raising awareness about issues such as mental health and the importance of the arts in education. Additionally, his portrayal of complex characters has contributed to discussions around representation and diversity in media."
      }
    ]
  },
  {
    "id": "300046",
    "image": "downloaded_images/Personage/Benedict_Cumberbatch/image_20241018_152101_6.jpg",
    "conversations": [
      {
        "from": "human",
        "value": "<image>\nHow is this person referred to?"
      },
      {
        "from": "gpt",
        "value": "Benedict Cumberbatch"
      }
    ]
  },
  {
    "id": "300047",
    "image": "downloaded_images/Personage/Benedict_Cumberbatch/image_20241107_150024_21.jpg",
    "conversations": [
      {
        "from": "human",
        "value": "<image>\nHow is this person referred to?"
      },
      {
        "from": "gpt",
        "value": "Benedict Cumberbatch"
      }
    ]
  },
  {
    "id": "300048",
    "image": "downloaded_images/Personage/Benedict_Cumberbatch/image_20241107_150110_26.jpg",
    "conversations": [
      {
        "from": "human",
        "value": "<image>\nHow is this person referred to?"
      },
      {
        "from": "gpt",
        "value": "Benedict Cumberbatch"
      }
    ]
  },
  {
    "id": "300049",
    "image": "downloaded_images/Personage/Benedict_Cumberbatch/image_20241107_145830_10.jpg",
    "conversations": [
      {
        "from": "human",
        "value": "<image>\nHow is this person referred to?"
      },
      {
        "from": "gpt",
        "value": "Benedict Cumberbatch"
      }
    ]
  },
  {
    "id": "300050",
    "image": "downloaded_images/Personage/Benedict_Cumberbatch/image_20241107_145847_12.jpg",
    "conversations": [
      {
        "from": "human",
        "value": "<image>\nHow is this person referred to?"
      },
      {
        "from": "gpt",
        "value": "Benedict Cumberbatch"
      }
    ]
  },
  {
    "id": "300051",
    "image": "downloaded_images/Personage/Benedict_Cumberbatch/image_20241107_150051_24.jpg",
    "conversations": [
      {
        "from": "human",
        "value": "<image>\nWhere and when did this person enter the world?"
      },
      {
        "from": "gpt",
        "value": "Benedict Cumberbatch was born on July 19, 1976, in London, England."
      }
    ]
  },
  {
    "id": "300052",
    "image": "downloaded_images/Personage/Benedict_Cumberbatch/image_20241107_145912_15.jpg",
    "conversations": [
      {
        "from": "human",
        "value": "<image>\nWhere and when did this person enter the world?"
      },
      {
        "from": "gpt",
        "value": "Benedict Cumberbatch was born on July 19, 1976, in London, England."
      }
    ]
  },
  {
    "id": "300053",
    "image": "downloaded_images/Personage/Benedict_Cumberbatch/image_20241107_145958_18.jpg",
    "conversations": [
      {
        "from": "human",
        "value": "<image>\nWhere and when did this person enter the world?"
      },
      {
        "from": "gpt",
        "value": "Benedict Cumberbatch was born on July 19, 1976, in London, England."
      }
    ]
  },
  {
    "id": "300054",
    "image": "downloaded_images/Personage/Benedict_Cumberbatch/image_20241018_152134_7.jpg",
    "conversations": [
      {
        "from": "human",
        "value": "<image>\nWhere and when did this person enter the world?"
      },
      {
        "from": "gpt",
        "value": "Benedict Cumberbatch was born on July 19, 1976, in London, England."
      }
    ]
  },
  {
    "id": "300055",
    "image": "downloaded_images/Personage/Benedict_Cumberbatch/image_20241107_145942_16.jpg",
    "conversations": [
      {
        "from": "human",
        "value": "<image>\nWhere and when did this person enter the world?"
      },
      {
        "from": "gpt",
        "value": "Benedict Cumberbatch was born on July 19, 1976, in London, England."
      }
    ]
  },
  {
    "id": "300056",
    "image": "downloaded_images/Personage/Benedict_Cumberbatch/image_20241107_145655_2.jpg",
    "conversations": [
      {
        "from": "human",
        "value": "<image>\nWhat job does this person do?"
      },
      {
        "from": "gpt",
        "value": "Benedict Cumberbatch is an actor and producer."
      }
    ]
  },
  {
    "id": "300057",
    "image": "downloaded_images/Personage/Benedict_Cumberbatch/image_20241107_145855_13.jpg",
    "conversations": [
      {
        "from": "human",
        "value": "<image>\nWhat job does this person do?"
      },
      {
        "from": "gpt",
        "value": "Benedict Cumberbatch is an actor and producer."
      }
    ]
  },
  {
    "id": "300058",
    "image": "downloaded_images/Personage/Benedict_Cumberbatch/image_20241107_145813_8.jpg",
    "conversations": [
      {
        "from": "human",
        "value": "<image>\nWhat job does this person do?"
      },
      {
        "from": "gpt",
        "value": "Benedict Cumberbatch is an actor and producer."
      }
    ]
  },
  {
    "id": "300059",
    "image": "downloaded_images/Personage/Benedict_Cumberbatch/image_20241107_145740_7.jpg",
    "conversations": [
      {
        "from": "human",
        "value": "<image>\nWhat job does this person do?"
      },
      {
        "from": "gpt",
        "value": "Benedict Cumberbatch is an actor and producer."
      }
    ]
  },
  {
    "id": "300060",
    "image": "downloaded_images/Personage/Benedict_Cumberbatch/image_20241107_145942_16.jpg",
    "conversations": [
      {
        "from": "human",
        "value": "<image>\nWhat job does this person do?"
      },
      {
        "from": "gpt",
        "value": "Benedict Cumberbatch is an actor and producer."
      }
    ]
  },
  {
    "id": "300061",
    "image": "downloaded_images/Personage/Benedict_Cumberbatch/image_20241018_152101_6.jpg",
    "conversations": [
      {
        "from": "human",
        "value": "<image>\nWhat famous contributions has this person made?"
      },
      {
        "from": "gpt",
        "value": "Benedict Cumberbatch is known for his roles in various films and television series, including:\n   - Sherlock (2010-2017), where he played the titular character, Sherlock Holmes.\n   - The Imitation Game (2014), for which he received an Academy Award nomination for Best Actor.\n   - Doctor Strange (2016) and its sequels, where he portrays the Marvel character Stephen Strange.\n   - Other notable films include The Fifth Estate (2013), 12 Years a Slave (2013), and The Power of the Dog (2021), which earned him another Academy Award nomination."
      }
    ]
  },
  {
    "id": "300062",
    "image": "downloaded_images/Personage/Benedict_Cumberbatch/image_20241107_145949_17.jpg",
    "conversations": [
      {
        "from": "human",
        "value": "<image>\nWhat famous contributions has this person made?"
      },
      {
        "from": "gpt",
        "value": "Benedict Cumberbatch is known for his roles in various films and television series, including:\n   - Sherlock (2010-2017), where he played the titular character, Sherlock Holmes.\n   - The Imitation Game (2014), for which he received an Academy Award nomination for Best Actor.\n   - Doctor Strange (2016) and its sequels, where he portrays the Marvel character Stephen Strange.\n   - Other notable films include The Fifth Estate (2013), 12 Years a Slave (2013), and The Power of the Dog (2021), which earned him another Academy Award nomination."
      }
    ]
  },
  {
    "id": "300063",
    "image": "downloaded_images/Personage/Benedict_Cumberbatch/image_20241107_150051_24.jpg",
    "conversations": [
      {
        "from": "human",
        "value": "<image>\nWhat famous contributions has this person made?"
      },
      {
        "from": "gpt",
        "value": "Benedict Cumberbatch is known for his roles in various films and television series, including:\n   - Sherlock (2010-2017), where he played the titular character, Sherlock Holmes.\n   - The Imitation Game (2014), for which he received an Academy Award nomination for Best Actor.\n   - Doctor Strange (2016) and its sequels, where he portrays the Marvel character Stephen Strange.\n   - Other notable films include The Fifth Estate (2013), 12 Years a Slave (2013), and The Power of the Dog (2021), which earned him another Academy Award nomination."
      }
    ]
  },
  {
    "id": "300064",
    "image": "downloaded_images/Personage/Benedict_Cumberbatch/image_20241107_145723_5.jpg",
    "conversations": [
      {
        "from": "human",
        "value": "<image>\nWhat famous contributions has this person made?"
      },
      {
        "from": "gpt",
        "value": "Benedict Cumberbatch is known for his roles in various films and television series, including:\n   - Sherlock (2010-2017), where he played the titular character, Sherlock Holmes.\n   - The Imitation Game (2014), for which he received an Academy Award nomination for Best Actor.\n   - Doctor Strange (2016) and its sequels, where he portrays the Marvel character Stephen Strange.\n   - Other notable films include The Fifth Estate (2013), 12 Years a Slave (2013), and The Power of the Dog (2021), which earned him another Academy Award nomination."
      }
    ]
  },
  {
    "id": "300065",
    "image": "downloaded_images/Personage/Benedict_Cumberbatch/image_20241107_150015_20.jpg",
    "conversations": [
      {
        "from": "human",
        "value": "<image>\nWhat famous contributions has this person made?"
      },
      {
        "from": "gpt",
        "value": "Benedict Cumberbatch is known for his roles in various films and television series, including:\n   - Sherlock (2010-2017), where he played the titular character, Sherlock Holmes.\n   - The Imitation Game (2014), for which he received an Academy Award nomination for Best Actor.\n   - Doctor Strange (2016) and its sequels, where he portrays the Marvel character Stephen Strange.\n   - Other notable films include The Fifth Estate (2013), 12 Years a Slave (2013), and The Power of the Dog (2021), which earned him another Academy Award nomination."
      }
    ]
  },
  {
    "id": "300066",
    "image": "downloaded_images/Personage/Benedict_Cumberbatch/image_20241018_152325_19.jpg",
    "conversations": [
      {
        "from": "human",
        "value": "<image>\nWhat contributions has this person offered to society or their profession?"
      },
      {
        "from": "gpt",
        "value": "Benedict Cumberbatch has made significant contributions to the arts, particularly in theater and film. He is known for his advocacy work, including support for various charitable organizations such as the Teenage Cancer Trust and the Refugee Council. He has also been involved in raising awareness about issues such as mental health and the importance of the arts in education. Additionally, his portrayal of complex characters has contributed to discussions around representation and diversity in media."
      }
    ]
  },
  {
    "id": "300067",
    "image": "downloaded_images/Personage/Benedict_Cumberbatch/image_20241107_145855_13.jpg",
    "conversations": [
      {
        "from": "human",
        "value": "<image>\nWhat contributions has this person offered to society or their profession?"
      },
      {
        "from": "gpt",
        "value": "Benedict Cumberbatch has made significant contributions to the arts, particularly in theater and film. He is known for his advocacy work, including support for various charitable organizations such as the Teenage Cancer Trust and the Refugee Council. He has also been involved in raising awareness about issues such as mental health and the importance of the arts in education. Additionally, his portrayal of complex characters has contributed to discussions around representation and diversity in media."
      }
    ]
  },
  {
    "id": "300068",
    "image": "downloaded_images/Personage/Benedict_Cumberbatch/image_20241107_145958_18.jpg",
    "conversations": [
      {
        "from": "human",
        "value": "<image>\nWhat contributions has this person offered to society or their profession?"
      },
      {
        "from": "gpt",
        "value": "Benedict Cumberbatch has made significant contributions to the arts, particularly in theater and film. He is known for his advocacy work, including support for various charitable organizations such as the Teenage Cancer Trust and the Refugee Council. He has also been involved in raising awareness about issues such as mental health and the importance of the arts in education. Additionally, his portrayal of complex characters has contributed to discussions around representation and diversity in media."
      }
    ]
  },
  {
    "id": "300069",
    "image": "downloaded_images/Personage/Benedict_Cumberbatch/image_20241107_145821_9.jpg",
    "conversations": [
      {
        "from": "human",
        "value": "<image>\nWhat contributions has this person offered to society or their profession?"
      },
      {
        "from": "gpt",
        "value": "Benedict Cumberbatch has made significant contributions to the arts, particularly in theater and film. He is known for his advocacy work, including support for various charitable organizations such as the Teenage Cancer Trust and the Refugee Council. He has also been involved in raising awareness about issues such as mental health and the importance of the arts in education. Additionally, his portrayal of complex characters has contributed to discussions around representation and diversity in media."
      }
    ]
  },
  {
    "id": "300070",
    "image": "downloaded_images/Personage/Benedict_Cumberbatch/image_20241018_152044_4.jpg",
    "conversations": [
      {
        "from": "human",
        "value": "<image>\nWhat contributions has this person offered to society or their profession?"
      },
      {
        "from": "gpt",
        "value": "Benedict Cumberbatch has made significant contributions to the arts, particularly in theater and film. He is known for his advocacy work, including support for various charitable organizations such as the Teenage Cancer Trust and the Refugee Council. He has also been involved in raising awareness about issues such as mental health and the importance of the arts in education. Additionally, his portrayal of complex characters has contributed to discussions around representation and diversity in media."
      }
    ]
  },
  {
    "id": "400041",
    "image": "downloaded_images/Personage/Benedict_Cumberbatch/image_20241018_152232_13.jpg",
    "conversations": [
      {
        "from": "human",
        "value": "<image>\nWhat do people call this individual?"
      },
      {
        "from": "gpt",
        "value": "Benedict Cumberbatch"
      }
    ]
  },
  {
    "id": "400042",
    "image": "downloaded_images/Personage/Benedict_Cumberbatch/image_20241018_152257_16.jpg",
    "conversations": [
      {
        "from": "human",
        "value": "<image>\nCan you tell me the date and place of this person's birth?"
      },
      {
        "from": "gpt",
        "value": "Benedict Cumberbatch was born on July 19, 1976, in London, England."
      }
    ]
  },
  {
    "id": "400043",
    "image": "downloaded_images/Personage/Benedict_Cumberbatch/image_20241018_152053_5.jpg",
    "conversations": [
      {
        "from": "human",
        "value": "<image>\nWhat line of work is this individual in?"
      },
      {
        "from": "gpt",
        "value": "Benedict Cumberbatch is an actor and producer."
      }
    ]
  },
  {
    "id": "400044",
    "image": "downloaded_images/Personage/Benedict_Cumberbatch/image_20241018_152034_3.jpg",
    "conversations": [
      {
        "from": "human",
        "value": "<image>\nCan you list some of this person's significant works?"
      },
      {
        "from": "gpt",
        "value": "Benedict Cumberbatch is known for his roles in various films and television series, including:\n   - Sherlock (2010-2017), where he played the titular character, Sherlock Holmes.\n   - The Imitation Game (2014), for which he received an Academy Award nomination for Best Actor.\n   - Doctor Strange (2016) and its sequels, where he portrays the Marvel character Stephen Strange.\n   - Other notable films include The Fifth Estate (2013), 12 Years a Slave (2013), and The Power of the Dog (2021), which earned him another Academy Award nomination."
      }
    ]
  },
  {
    "id": "400045",
    "image": "downloaded_images/Personage/Benedict_Cumberbatch/image_20241018_152034_3.jpg",
    "conversations": [
      {
        "from": "human",
        "value": "<image>\nIn what ways has this individual influenced their industry or society?"
      },
      {
        "from": "gpt",
        "value": "Benedict Cumberbatch has made significant contributions to the arts, particularly in theater and film. He is known for his advocacy work, including support for various charitable organizations such as the Teenage Cancer Trust and the Refugee Council. He has also been involved in raising awareness about issues such as mental health and the importance of the arts in education. Additionally, his portrayal of complex characters has contributed to discussions around representation and diversity in media."
      }
    ]
  },
  {
    "id": "400046",
    "image": "downloaded_images/Personage/Benedict_Cumberbatch/image_20241018_152101_6.jpg",
    "conversations": [
      {
        "from": "human",
        "value": "<image>\nWhat do people call this individual?"
      },
      {
        "from": "gpt",
        "value": "Benedict Cumberbatch"
      }
    ]
  },
  {
    "id": "400047",
    "image": "downloaded_images/Personage/Benedict_Cumberbatch/image_20241107_150024_21.jpg",
    "conversations": [
      {
        "from": "human",
        "value": "<image>\nWhat do people call this individual?"
      },
      {
        "from": "gpt",
        "value": "Benedict Cumberbatch"
      }
    ]
  },
  {
    "id": "400048",
    "image": "downloaded_images/Personage/Benedict_Cumberbatch/image_20241107_150110_26.jpg",
    "conversations": [
      {
        "from": "human",
        "value": "<image>\nWhat do people call this individual?"
      },
      {
        "from": "gpt",
        "value": "Benedict Cumberbatch"
      }
    ]
  },
  {
    "id": "400049",
    "image": "downloaded_images/Personage/Benedict_Cumberbatch/image_20241107_145830_10.jpg",
    "conversations": [
      {
        "from": "human",
        "value": "<image>\nWhat do people call this individual?"
      },
      {
        "from": "gpt",
        "value": "Benedict Cumberbatch"
      }
    ]
  },
  {
    "id": "400050",
    "image": "downloaded_images/Personage/Benedict_Cumberbatch/image_20241107_145847_12.jpg",
    "conversations": [
      {
        "from": "human",
        "value": "<image>\nWhat do people call this individual?"
      },
      {
        "from": "gpt",
        "value": "Benedict Cumberbatch"
      }
    ]
  },
  {
    "id": "400051",
    "image": "downloaded_images/Personage/Benedict_Cumberbatch/image_20241107_150051_24.jpg",
    "conversations": [
      {
        "from": "human",
        "value": "<image>\nCan you tell me the date and place of this person's birth?"
      },
      {
        "from": "gpt",
        "value": "Benedict Cumberbatch was born on July 19, 1976, in London, England."
      }
    ]
  },
  {
    "id": "400052",
    "image": "downloaded_images/Personage/Benedict_Cumberbatch/image_20241107_145912_15.jpg",
    "conversations": [
      {
        "from": "human",
        "value": "<image>\nCan you tell me the date and place of this person's birth?"
      },
      {
        "from": "gpt",
        "value": "Benedict Cumberbatch was born on July 19, 1976, in London, England."
      }
    ]
  },
  {
    "id": "400053",
    "image": "downloaded_images/Personage/Benedict_Cumberbatch/image_20241107_145958_18.jpg",
    "conversations": [
      {
        "from": "human",
        "value": "<image>\nCan you tell me the date and place of this person's birth?"
      },
      {
        "from": "gpt",
        "value": "Benedict Cumberbatch was born on July 19, 1976, in London, England."
      }
    ]
  },
  {
    "id": "400054",
    "image": "downloaded_images/Personage/Benedict_Cumberbatch/image_20241018_152134_7.jpg",
    "conversations": [
      {
        "from": "human",
        "value": "<image>\nCan you tell me the date and place of this person's birth?"
      },
      {
        "from": "gpt",
        "value": "Benedict Cumberbatch was born on July 19, 1976, in London, England."
      }
    ]
  },
  {
    "id": "400055",
    "image": "downloaded_images/Personage/Benedict_Cumberbatch/image_20241107_145942_16.jpg",
    "conversations": [
      {
        "from": "human",
        "value": "<image>\nCan you tell me the date and place of this person's birth?"
      },
      {
        "from": "gpt",
        "value": "Benedict Cumberbatch was born on July 19, 1976, in London, England."
      }
    ]
  },
  {
    "id": "400056",
    "image": "downloaded_images/Personage/Benedict_Cumberbatch/image_20241107_145655_2.jpg",
    "conversations": [
      {
        "from": "human",
        "value": "<image>\nWhat line of work is this individual in?"
      },
      {
        "from": "gpt",
        "value": "Benedict Cumberbatch is an actor and producer."
      }
    ]
  },
  {
    "id": "400057",
    "image": "downloaded_images/Personage/Benedict_Cumberbatch/image_20241107_145855_13.jpg",
    "conversations": [
      {
        "from": "human",
        "value": "<image>\nWhat line of work is this individual in?"
      },
      {
        "from": "gpt",
        "value": "Benedict Cumberbatch is an actor and producer."
      }
    ]
  },
  {
    "id": "400058",
    "image": "downloaded_images/Personage/Benedict_Cumberbatch/image_20241107_145813_8.jpg",
    "conversations": [
      {
        "from": "human",
        "value": "<image>\nWhat line of work is this individual in?"
      },
      {
        "from": "gpt",
        "value": "Benedict Cumberbatch is an actor and producer."
      }
    ]
  },
  {
    "id": "400059",
    "image": "downloaded_images/Personage/Benedict_Cumberbatch/image_20241107_145740_7.jpg",
    "conversations": [
      {
        "from": "human",
        "value": "<image>\nWhat line of work is this individual in?"
      },
      {
        "from": "gpt",
        "value": "Benedict Cumberbatch is an actor and producer."
      }
    ]
  },
  {
    "id": "400060",
    "image": "downloaded_images/Personage/Benedict_Cumberbatch/image_20241107_145942_16.jpg",
    "conversations": [
      {
        "from": "human",
        "value": "<image>\nWhat line of work is this individual in?"
      },
      {
        "from": "gpt",
        "value": "Benedict Cumberbatch is an actor and producer."
      }
    ]
  },
  {
    "id": "400061",
    "image": "downloaded_images/Personage/Benedict_Cumberbatch/image_20241018_152101_6.jpg",
    "conversations": [
      {
        "from": "human",
        "value": "<image>\nCan you list some of this person's significant works?"
      },
      {
        "from": "gpt",
        "value": "Benedict Cumberbatch is known for his roles in various films and television series, including:\n   - Sherlock (2010-2017), where he played the titular character, Sherlock Holmes.\n   - The Imitation Game (2014), for which he received an Academy Award nomination for Best Actor.\n   - Doctor Strange (2016) and its sequels, where he portrays the Marvel character Stephen Strange.\n   - Other notable films include The Fifth Estate (2013), 12 Years a Slave (2013), and The Power of the Dog (2021), which earned him another Academy Award nomination."
      }
    ]
  },
  {
    "id": "400062",
    "image": "downloaded_images/Personage/Benedict_Cumberbatch/image_20241107_145949_17.jpg",
    "conversations": [
      {
        "from": "human",
        "value": "<image>\nCan you list some of this person's significant works?"
      },
      {
        "from": "gpt",
        "value": "Benedict Cumberbatch is known for his roles in various films and television series, including:\n   - Sherlock (2010-2017), where he played the titular character, Sherlock Holmes.\n   - The Imitation Game (2014), for which he received an Academy Award nomination for Best Actor.\n   - Doctor Strange (2016) and its sequels, where he portrays the Marvel character Stephen Strange.\n   - Other notable films include The Fifth Estate (2013), 12 Years a Slave (2013), and The Power of the Dog (2021), which earned him another Academy Award nomination."
      }
    ]
  },
  {
    "id": "400063",
    "image": "downloaded_images/Personage/Benedict_Cumberbatch/image_20241107_150051_24.jpg",
    "conversations": [
      {
        "from": "human",
        "value": "<image>\nCan you list some of this person's significant works?"
      },
      {
        "from": "gpt",
        "value": "Benedict Cumberbatch is known for his roles in various films and television series, including:\n   - Sherlock (2010-2017), where he played the titular character, Sherlock Holmes.\n   - The Imitation Game (2014), for which he received an Academy Award nomination for Best Actor.\n   - Doctor Strange (2016) and its sequels, where he portrays the Marvel character Stephen Strange.\n   - Other notable films include The Fifth Estate (2013), 12 Years a Slave (2013), and The Power of the Dog (2021), which earned him another Academy Award nomination."
      }
    ]
  },
  {
    "id": "400064",
    "image": "downloaded_images/Personage/Benedict_Cumberbatch/image_20241107_145723_5.jpg",
    "conversations": [
      {
        "from": "human",
        "value": "<image>\nCan you list some of this person's significant works?"
      },
      {
        "from": "gpt",
        "value": "Benedict Cumberbatch is known for his roles in various films and television series, including:\n   - Sherlock (2010-2017), where he played the titular character, Sherlock Holmes.\n   - The Imitation Game (2014), for which he received an Academy Award nomination for Best Actor.\n   - Doctor Strange (2016) and its sequels, where he portrays the Marvel character Stephen Strange.\n   - Other notable films include The Fifth Estate (2013), 12 Years a Slave (2013), and The Power of the Dog (2021), which earned him another Academy Award nomination."
      }
    ]
  },
  {
    "id": "400065",
    "image": "downloaded_images/Personage/Benedict_Cumberbatch/image_20241107_150015_20.jpg",
    "conversations": [
      {
        "from": "human",
        "value": "<image>\nCan you list some of this person's significant works?"
      },
      {
        "from": "gpt",
        "value": "Benedict Cumberbatch is known for his roles in various films and television series, including:\n   - Sherlock (2010-2017), where he played the titular character, Sherlock Holmes.\n   - The Imitation Game (2014), for which he received an Academy Award nomination for Best Actor.\n   - Doctor Strange (2016) and its sequels, where he portrays the Marvel character Stephen Strange.\n   - Other notable films include The Fifth Estate (2013), 12 Years a Slave (2013), and The Power of the Dog (2021), which earned him another Academy Award nomination."
      }
    ]
  },
  {
    "id": "400066",
    "image": "downloaded_images/Personage/Benedict_Cumberbatch/image_20241018_152325_19.jpg",
    "conversations": [
      {
        "from": "human",
        "value": "<image>\nIn what ways has this individual influenced their industry or society?"
      },
      {
        "from": "gpt",
        "value": "Benedict Cumberbatch has made significant contributions to the arts, particularly in theater and film. He is known for his advocacy work, including support for various charitable organizations such as the Teenage Cancer Trust and the Refugee Council. He has also been involved in raising awareness about issues such as mental health and the importance of the arts in education. Additionally, his portrayal of complex characters has contributed to discussions around representation and diversity in media."
      }
    ]
  },
  {
    "id": "400067",
    "image": "downloaded_images/Personage/Benedict_Cumberbatch/image_20241107_145855_13.jpg",
    "conversations": [
      {
        "from": "human",
        "value": "<image>\nIn what ways has this individual influenced their industry or society?"
      },
      {
        "from": "gpt",
        "value": "Benedict Cumberbatch has made significant contributions to the arts, particularly in theater and film. He is known for his advocacy work, including support for various charitable organizations such as the Teenage Cancer Trust and the Refugee Council. He has also been involved in raising awareness about issues such as mental health and the importance of the arts in education. Additionally, his portrayal of complex characters has contributed to discussions around representation and diversity in media."
      }
    ]
  },
  {
    "id": "400068",
    "image": "downloaded_images/Personage/Benedict_Cumberbatch/image_20241107_145958_18.jpg",
    "conversations": [
      {
        "from": "human",
        "value": "<image>\nIn what ways has this individual influenced their industry or society?"
      },
      {
        "from": "gpt",
        "value": "Benedict Cumberbatch has made significant contributions to the arts, particularly in theater and film. He is known for his advocacy work, including support for various charitable organizations such as the Teenage Cancer Trust and the Refugee Council. He has also been involved in raising awareness about issues such as mental health and the importance of the arts in education. Additionally, his portrayal of complex characters has contributed to discussions around representation and diversity in media."
      }
    ]
  },
  {
    "id": "400069",
    "image": "downloaded_images/Personage/Benedict_Cumberbatch/image_20241107_145821_9.jpg",
    "conversations": [
      {
        "from": "human",
        "value": "<image>\nIn what ways has this individual influenced their industry or society?"
      },
      {
        "from": "gpt",
        "value": "Benedict Cumberbatch has made significant contributions to the arts, particularly in theater and film. He is known for his advocacy work, including support for various charitable organizations such as the Teenage Cancer Trust and the Refugee Council. He has also been involved in raising awareness about issues such as mental health and the importance of the arts in education. Additionally, his portrayal of complex characters has contributed to discussions around representation and diversity in media."
      }
    ]
  },
  {
    "id": "400070",
    "image": "downloaded_images/Personage/Benedict_Cumberbatch/image_20241018_152044_4.jpg",
    "conversations": [
      {
        "from": "human",
        "value": "<image>\nIn what ways has this individual influenced their industry or society?"
      },
      {
        "from": "gpt",
        "value": "Benedict Cumberbatch has made significant contributions to the arts, particularly in theater and film. He is known for his advocacy work, including support for various charitable organizations such as the Teenage Cancer Trust and the Refugee Council. He has also been involved in raising awareness about issues such as mental health and the importance of the arts in education. Additionally, his portrayal of complex characters has contributed to discussions around representation and diversity in media."
      }
    ]
  }
]