[
  {
    "id": "14",
    "image": "downloaded_images/Buildings/Statue_of_Liberty/image_20241017_214654_17.jpg",
    "conversations": [
      {
        "from": "human",
        "value": "<image>\nWhat is the name of this building?"
      },
      {
        "from": "gpt",
        "value": "The name of this building is the Statue of Liberty."
      }
    ]
  },
  {
    "id": "15",
    "image": "downloaded_images/Buildings/Statue_of_Liberty/image_20241017_214424_2.jpg",
    "conversations": [
      {
        "from": "human",
        "value": "<image>\nWhere is it located?"
      },
      {
        "from": "gpt",
        "value": "It is located on Liberty Island in New York Harbor, New York City, United States."
      }
    ]
  },
  {
    "id": "16",
    "image": "downloaded_images/Buildings/Statue_of_Liberty/image_20241017_214654_17.jpg",
    "conversations": [
      {
        "from": "human",
        "value": "<image>\nWhat was the original purpose of the building?"
      },
      {
        "from": "gpt",
        "value": "The original purpose of the Statue of Liberty was to serve as a symbol of freedom and democracy, commemorating the centennial of the American Declaration of Independence and celebrating the friendship between France and the United States."
      }
    ]
  },
  {
    "id": "17",
    "image": "downloaded_images/Buildings/Statue_of_Liberty/image_20241017_214623_14.jpg",
    "conversations": [
      {
        "from": "human",
        "value": "<image>\nIs the building open to the public?"
      },
      {
        "from": "gpt",
        "value": "Yes, the Statue of Liberty is open to the public. Visitors can access Liberty Island and explore the statue, including the pedestal and, with advance reservations, the crown."
      }
    ]
  },
  {
    "id": "18",
    "image": "downloaded_images/Buildings/Statue_of_Liberty/image_20241106_114616_8.jpg",
    "conversations": [
      {
        "from": "human",
        "value": "<image>\nWhat is the name of this building?"
      },
      {
        "from": "gpt",
        "value": "The name of this building is the Statue of Liberty."
      }
    ]
  },
  {
    "id": "19",
    "image": "downloaded_images/Buildings/Statue_of_Liberty/image_20241106_114931_26.jpg",
    "conversations": [
      {
        "from": "human",
        "value": "<image>\nWhat is the name of this building?"
      },
      {
        "from": "gpt",
        "value": "The name of this building is the Statue of Liberty."
      }
    ]
  },
  {
    "id": "20",
    "image": "downloaded_images/Buildings/Statue_of_Liberty/image_20241106_114743_15.jpg",
    "conversations": [
      {
        "from": "human",
        "value": "<image>\nWhat is the name of this building?"
      },
      {
        "from": "gpt",
        "value": "The name of this building is the Statue of Liberty."
      }
    ]
  },
  {
    "id": "21",
    "image": "downloaded_images/Buildings/Statue_of_Liberty/image_20241106_114725_13.jpg",
    "conversations": [
      {
        "from": "human",
        "value": "<image>\nWhat is the name of this building?"
      },
      {
        "from": "gpt",
        "value": "The name of this building is the Statue of Liberty."
      }
    ]
  },
  {
    "id": "22",
    "image": "downloaded_images/Buildings/Statue_of_Liberty/image_20241017_214501_5.jpg",
    "conversations": [
      {
        "from": "human",
        "value": "<image>\nWhat is the name of this building?"
      },
      {
        "from": "gpt",
        "value": "The name of this building is the Statue of Liberty."
      }
    ]
  },
  {
    "id": "23",
    "image": "downloaded_images/Buildings/Statue_of_Liberty/image_20241106_114743_15.jpg",
    "conversations": [
      {
        "from": "human",
        "value": "<image>\nWhere is it located?"
      },
      {
        "from": "gpt",
        "value": "It is located on Liberty Island in New York Harbor, New York City, United States."
      }
    ]
  },
  {
    "id": "24",
    "image": "downloaded_images/Buildings/Statue_of_Liberty/image_20241106_114453_2.jpg",
    "conversations": [
      {
        "from": "human",
        "value": "<image>\nWhere is it located?"
      },
      {
        "from": "gpt",
        "value": "It is located on Liberty Island in New York Harbor, New York City, United States."
      }
    ]
  },
  {
    "id": "25",
    "image": "downloaded_images/Buildings/Statue_of_Liberty/image_20241106_114524_3.jpg",
    "conversations": [
      {
        "from": "human",
        "value": "<image>\nWhere is it located?"
      },
      {
        "from": "gpt",
        "value": "It is located on Liberty Island in New York Harbor, New York City, United States."
      }
    ]
  },
  {
    "id": "26",
    "image": "downloaded_images/Buildings/Statue_of_Liberty/image_20241017_214501_5.jpg",
    "conversations": [
      {
        "from": "human",
        "value": "<image>\nWhere is it located?"
      },
      {
        "from": "gpt",
        "value": "It is located on Liberty Island in New York Harbor, New York City, United States."
      }
    ]
  },
  {
    "id": "27",
    "image": "downloaded_images/Buildings/Statue_of_Liberty/image_20241017_214532_8.jpg",
    "conversations": [
      {
        "from": "human",
        "value": "<image>\nWhere is it located?"
      },
      {
        "from": "gpt",
        "value": "It is located on Liberty Island in New York Harbor, New York City, United States."
      }
    ]
  },
  {
    "id": "28",
    "image": "downloaded_images/Buildings/Statue_of_Liberty/image_20241106_115009_28.jpg",
    "conversations": [
      {
        "from": "human",
        "value": "<image>\nWhat was the original purpose of the building?"
      },
      {
        "from": "gpt",
        "value": "The original purpose of the Statue of Liberty was to serve as a symbol of freedom and democracy, commemorating the centennial of the American Declaration of Independence and celebrating the friendship between France and the United States."
      }
    ]
  },
  {
    "id": "29",
    "image": "downloaded_images/Buildings/Statue_of_Liberty/image_20241106_114550_6.jpg",
    "conversations": [
      {
        "from": "human",
        "value": "<image>\nWhat was the original purpose of the building?"
      },
      {
        "from": "gpt",
        "value": "The original purpose of the Statue of Liberty was to serve as a symbol of freedom and democracy, commemorating the centennial of the American Declaration of Independence and celebrating the friendship between France and the United States."
      }
    ]
  },
  {
    "id": "30",
    "image": "downloaded_images/Buildings/Statue_of_Liberty/image_20241017_214501_5.jpg",
    "conversations": [
      {
        "from": "human",
        "value": "<image>\nWhat was the original purpose of the building?"
      },
      {
        "from": "gpt",
        "value": "The original purpose of the Statue of Liberty was to serve as a symbol of freedom and democracy, commemorating the centennial of the American Declaration of Independence and celebrating the friendship between France and the United States."
      }
    ]
  },
  {
    "id": "31",
    "image": "downloaded_images/Buildings/Statue_of_Liberty/image_20241106_114600_7.jpg",
    "conversations": [
      {
        "from": "human",
        "value": "<image>\nWhat was the original purpose of the building?"
      },
      {
        "from": "gpt",
        "value": "The original purpose of the Statue of Liberty was to serve as a symbol of freedom and democracy, commemorating the centennial of the American Declaration of Independence and celebrating the friendship between France and the United States."
      }
    ]
  },
  {
    "id": "32",
    "image": "downloaded_images/Buildings/Statue_of_Liberty/image_20241106_114751_16.jpg",
    "conversations": [
      {
        "from": "human",
        "value": "<image>\nWhat was the original purpose of the building?"
      },
      {
        "from": "gpt",
        "value": "The original purpose of the Statue of Liberty was to serve as a symbol of freedom and democracy, commemorating the centennial of the American Declaration of Independence and celebrating the friendship between France and the United States."
      }
    ]
  },
  {
    "id": "33",
    "image": "downloaded_images/Buildings/Statue_of_Liberty/image_20241106_114717_12.jpg",
    "conversations": [
      {
        "from": "human",
        "value": "<image>\nIs the building open to the public?"
      },
      {
        "from": "gpt",
        "value": "Yes, the Statue of Liberty is open to the public. Visitors can access Liberty Island and explore the statue, including the pedestal and, with advance reservations, the crown."
      }
    ]
  },
  {
    "id": "34",
    "image": "downloaded_images/Buildings/Statue_of_Liberty/image_20241106_114541_5.jpg",
    "conversations": [
      {
        "from": "human",
        "value": "<image>\nIs the building open to the public?"
      },
      {
        "from": "gpt",
        "value": "Yes, the Statue of Liberty is open to the public. Visitors can access Liberty Island and explore the statue, including the pedestal and, with advance reservations, the crown."
      }
    ]
  },
  {
    "id": "35",
    "image": "downloaded_images/Buildings/Statue_of_Liberty/image_20241106_114803_17.jpg",
    "conversations": [
      {
        "from": "human",
        "value": "<image>\nIs the building open to the public?"
      },
      {
        "from": "gpt",
        "value": "Yes, the Statue of Liberty is open to the public. Visitors can access Liberty Island and explore the statue, including the pedestal and, with advance reservations, the crown."
      }
    ]
  },
  {
    "id": "36",
    "image": "downloaded_images/Buildings/Statue_of_Liberty/image_20241106_114812_18.jpg",
    "conversations": [
      {
        "from": "human",
        "value": "<image>\nIs the building open to the public?"
      },
      {
        "from": "gpt",
        "value": "Yes, the Statue of Liberty is open to the public. Visitors can access Liberty Island and explore the statue, including the pedestal and, with advance reservations, the crown."
      }
    ]
  },
  {
    "id": "37",
    "image": "downloaded_images/Buildings/Statue_of_Liberty/image_20241017_214654_17.jpg",
    "conversations": [
      {
        "from": "human",
        "value": "<image>\nIs the building open to the public?"
      },
      {
        "from": "gpt",
        "value": "Yes, the Statue of Liberty is open to the public. Visitors can access Liberty Island and explore the statue, including the pedestal and, with advance reservations, the crown."
      }
    ]
  },
  {
    "id": "100014",
    "image": "downloaded_images/Buildings/Statue_of_Liberty/image_20241017_214654_17.jpg",
    "conversations": [
      {
        "from": "human",
        "value": "<image>\nWhat is this building called?"
      },
      {
        "from": "gpt",
        "value": "The name of this building is the Statue of Liberty."
      }
    ]
  },
  {
    "id": "100015",
    "image": "downloaded_images/Buildings/Statue_of_Liberty/image_20241017_214424_2.jpg",
    "conversations": [
      {
        "from": "human",
        "value": "<image>\nWhere can it be found?"
      },
      {
        "from": "gpt",
        "value": "It is located on Liberty Island in New York Harbor, New York City, United States."
      }
    ]
  },
  {
    "id": "100016",
    "image": "downloaded_images/Buildings/Statue_of_Liberty/image_20241017_214654_17.jpg",
    "conversations": [
      {
        "from": "human",
        "value": "<image>\nWhat was the building originally designed for?"
      },
      {
        "from": "gpt",
        "value": "The original purpose of the Statue of Liberty was to serve as a symbol of freedom and democracy, commemorating the centennial of the American Declaration of Independence and celebrating the friendship between France and the United States."
      }
    ]
  },
  {
    "id": "100017",
    "image": "downloaded_images/Buildings/Statue_of_Liberty/image_20241017_214623_14.jpg",
    "conversations": [
      {
        "from": "human",
        "value": "<image>\nIs this building accessible to the public?"
      },
      {
        "from": "gpt",
        "value": "Yes, the Statue of Liberty is open to the public. Visitors can access Liberty Island and explore the statue, including the pedestal and, with advance reservations, the crown."
      }
    ]
  },
  {
    "id": "100018",
    "image": "downloaded_images/Buildings/Statue_of_Liberty/image_20241106_114616_8.jpg",
    "conversations": [
      {
        "from": "human",
        "value": "<image>\nWhat is this building called?"
      },
      {
        "from": "gpt",
        "value": "The name of this building is the Statue of Liberty."
      }
    ]
  },
  {
    "id": "100019",
    "image": "downloaded_images/Buildings/Statue_of_Liberty/image_20241106_114931_26.jpg",
    "conversations": [
      {
        "from": "human",
        "value": "<image>\nWhat is this building called?"
      },
      {
        "from": "gpt",
        "value": "The name of this building is the Statue of Liberty."
      }
    ]
  },
  {
    "id": "100020",
    "image": "downloaded_images/Buildings/Statue_of_Liberty/image_20241106_114743_15.jpg",
    "conversations": [
      {
        "from": "human",
        "value": "<image>\nWhat is this building called?"
      },
      {
        "from": "gpt",
        "value": "The name of this building is the Statue of Liberty."
      }
    ]
  },
  {
    "id": "100021",
    "image": "downloaded_images/Buildings/Statue_of_Liberty/image_20241106_114725_13.jpg",
    "conversations": [
      {
        "from": "human",
        "value": "<image>\nWhat is this building called?"
      },
      {
        "from": "gpt",
        "value": "The name of this building is the Statue of Liberty."
      }
    ]
  },
  {
    "id": "100022",
    "image": "downloaded_images/Buildings/Statue_of_Liberty/image_20241017_214501_5.jpg",
    "conversations": [
      {
        "from": "human",
        "value": "<image>\nWhat is this building called?"
      },
      {
        "from": "gpt",
        "value": "The name of this building is the Statue of Liberty."
      }
    ]
  },
  {
    "id": "100023",
    "image": "downloaded_images/Buildings/Statue_of_Liberty/image_20241106_114743_15.jpg",
    "conversations": [
      {
        "from": "human",
        "value": "<image>\nWhere can it be found?"
      },
      {
        "from": "gpt",
        "value": "It is located on Liberty Island in New York Harbor, New York City, United States."
      }
    ]
  },
  {
    "id": "100024",
    "image": "downloaded_images/Buildings/Statue_of_Liberty/image_20241106_114453_2.jpg",
    "conversations": [
      {
        "from": "human",
        "value": "<image>\nWhere can it be found?"
      },
      {
        "from": "gpt",
        "value": "It is located on Liberty Island in New York Harbor, New York City, United States."
      }
    ]
  },
  {
    "id": "100025",
    "image": "downloaded_images/Buildings/Statue_of_Liberty/image_20241106_114524_3.jpg",
    "conversations": [
      {
        "from": "human",
        "value": "<image>\nWhere can it be found?"
      },
      {
        "from": "gpt",
        "value": "It is located on Liberty Island in New York Harbor, New York City, United States."
      }
    ]
  },
  {
    "id": "100026",
    "image": "downloaded_images/Buildings/Statue_of_Liberty/image_20241017_214501_5.jpg",
    "conversations": [
      {
        "from": "human",
        "value": "<image>\nWhere can it be found?"
      },
      {
        "from": "gpt",
        "value": "It is located on Liberty Island in New York Harbor, New York City, United States."
      }
    ]
  },
  {
    "id": "100027",
    "image": "downloaded_images/Buildings/Statue_of_Liberty/image_20241017_214532_8.jpg",
    "conversations": [
      {
        "from": "human",
        "value": "<image>\nWhere can it be found?"
      },
      {
        "from": "gpt",
        "value": "It is located on Liberty Island in New York Harbor, New York City, United States."
      }
    ]
  },
  {
    "id": "100028",
    "image": "downloaded_images/Buildings/Statue_of_Liberty/image_20241106_115009_28.jpg",
    "conversations": [
      {
        "from": "human",
        "value": "<image>\nWhat was the building originally designed for?"
      },
      {
        "from": "gpt",
        "value": "The original purpose of the Statue of Liberty was to serve as a symbol of freedom and democracy, commemorating the centennial of the American Declaration of Independence and celebrating the friendship between France and the United States."
      }
    ]
  },
  {
    "id": "100029",
    "image": "downloaded_images/Buildings/Statue_of_Liberty/image_20241106_114550_6.jpg",
    "conversations": [
      {
        "from": "human",
        "value": "<image>\nWhat was the building originally designed for?"
      },
      {
        "from": "gpt",
        "value": "The original purpose of the Statue of Liberty was to serve as a symbol of freedom and democracy, commemorating the centennial of the American Declaration of Independence and celebrating the friendship between France and the United States."
      }
    ]
  },
  {
    "id": "100030",
    "image": "downloaded_images/Buildings/Statue_of_Liberty/image_20241017_214501_5.jpg",
    "conversations": [
      {
        "from": "human",
        "value": "<image>\nWhat was the building originally designed for?"
      },
      {
        "from": "gpt",
        "value": "The original purpose of the Statue of Liberty was to serve as a symbol of freedom and democracy, commemorating the centennial of the American Declaration of Independence and celebrating the friendship between France and the United States."
      }
    ]
  },
  {
    "id": "100031",
    "image": "downloaded_images/Buildings/Statue_of_Liberty/image_20241106_114600_7.jpg",
    "conversations": [
      {
        "from": "human",
        "value": "<image>\nWhat was the building originally designed for?"
      },
      {
        "from": "gpt",
        "value": "The original purpose of the Statue of Liberty was to serve as a symbol of freedom and democracy, commemorating the centennial of the American Declaration of Independence and celebrating the friendship between France and the United States."
      }
    ]
  },
  {
    "id": "100032",
    "image": "downloaded_images/Buildings/Statue_of_Liberty/image_20241106_114751_16.jpg",
    "conversations": [
      {
        "from": "human",
        "value": "<image>\nWhat was the building originally designed for?"
      },
      {
        "from": "gpt",
        "value": "The original purpose of the Statue of Liberty was to serve as a symbol of freedom and democracy, commemorating the centennial of the American Declaration of Independence and celebrating the friendship between France and the United States."
      }
    ]
  },
  {
    "id": "100033",
    "image": "downloaded_images/Buildings/Statue_of_Liberty/image_20241106_114717_12.jpg",
    "conversations": [
      {
        "from": "human",
        "value": "<image>\nIs this building accessible to the public?"
      },
      {
        "from": "gpt",
        "value": "Yes, the Statue of Liberty is open to the public. Visitors can access Liberty Island and explore the statue, including the pedestal and, with advance reservations, the crown."
      }
    ]
  },
  {
    "id": "100034",
    "image": "downloaded_images/Buildings/Statue_of_Liberty/image_20241106_114541_5.jpg",
    "conversations": [
      {
        "from": "human",
        "value": "<image>\nIs this building accessible to the public?"
      },
      {
        "from": "gpt",
        "value": "Yes, the Statue of Liberty is open to the public. Visitors can access Liberty Island and explore the statue, including the pedestal and, with advance reservations, the crown."
      }
    ]
  },
  {
    "id": "100035",
    "image": "downloaded_images/Buildings/Statue_of_Liberty/image_20241106_114803_17.jpg",
    "conversations": [
      {
        "from": "human",
        "value": "<image>\nIs this building accessible to the public?"
      },
      {
        "from": "gpt",
        "value": "Yes, the Statue of Liberty is open to the public. Visitors can access Liberty Island and explore the statue, including the pedestal and, with advance reservations, the crown."
      }
    ]
  },
  {
    "id": "100036",
    "image": "downloaded_images/Buildings/Statue_of_Liberty/image_20241106_114812_18.jpg",
    "conversations": [
      {
        "from": "human",
        "value": "<image>\nIs this building accessible to the public?"
      },
      {
        "from": "gpt",
        "value": "Yes, the Statue of Liberty is open to the public. Visitors can access Liberty Island and explore the statue, including the pedestal and, with advance reservations, the crown."
      }
    ]
  },
  {
    "id": "100037",
    "image": "downloaded_images/Buildings/Statue_of_Liberty/image_20241017_214654_17.jpg",
    "conversations": [
      {
        "from": "human",
        "value": "<image>\nIs this building accessible to the public?"
      },
      {
        "from": "gpt",
        "value": "Yes, the Statue of Liberty is open to the public. Visitors can access Liberty Island and explore the statue, including the pedestal and, with advance reservations, the crown."
      }
    ]
  },
  {
    "id": "200014",
    "image": "downloaded_images/Buildings/Statue_of_Liberty/image_20241017_214654_17.jpg",
    "conversations": [
      {
        "from": "human",
        "value": "<image>\nWhat is the name of this structure?"
      },
      {
        "from": "gpt",
        "value": "The name of this building is the Statue of Liberty."
      }
    ]
  },
  {
    "id": "200015",
    "image": "downloaded_images/Buildings/Statue_of_Liberty/image_20241017_214424_2.jpg",
    "conversations": [
      {
        "from": "human",
        "value": "<image>\nWhat is the location of this building?"
      },
      {
        "from": "gpt",
        "value": "It is located on Liberty Island in New York Harbor, New York City, United States."
      }
    ]
  },
  {
    "id": "200016",
    "image": "downloaded_images/Buildings/Statue_of_Liberty/image_20241017_214654_17.jpg",
    "conversations": [
      {
        "from": "human",
        "value": "<image>\nWhat was the initial purpose of this building?"
      },
      {
        "from": "gpt",
        "value": "The original purpose of the Statue of Liberty was to serve as a symbol of freedom and democracy, commemorating the centennial of the American Declaration of Independence and celebrating the friendship between France and the United States."
      }
    ]
  },
  {
    "id": "200017",
    "image": "downloaded_images/Buildings/Statue_of_Liberty/image_20241017_214623_14.jpg",
    "conversations": [
      {
        "from": "human",
        "value": "<image>\nCan the public visit this building?"
      },
      {
        "from": "gpt",
        "value": "Yes, the Statue of Liberty is open to the public. Visitors can access Liberty Island and explore the statue, including the pedestal and, with advance reservations, the crown."
      }
    ]
  },
  {
    "id": "200018",
    "image": "downloaded_images/Buildings/Statue_of_Liberty/image_20241106_114616_8.jpg",
    "conversations": [
      {
        "from": "human",
        "value": "<image>\nWhat is the name of this structure?"
      },
      {
        "from": "gpt",
        "value": "The name of this building is the Statue of Liberty."
      }
    ]
  },
  {
    "id": "200019",
    "image": "downloaded_images/Buildings/Statue_of_Liberty/image_20241106_114931_26.jpg",
    "conversations": [
      {
        "from": "human",
        "value": "<image>\nWhat is the name of this structure?"
      },
      {
        "from": "gpt",
        "value": "The name of this building is the Statue of Liberty."
      }
    ]
  },
  {
    "id": "200020",
    "image": "downloaded_images/Buildings/Statue_of_Liberty/image_20241106_114743_15.jpg",
    "conversations": [
      {
        "from": "human",
        "value": "<image>\nWhat is the name of this structure?"
      },
      {
        "from": "gpt",
        "value": "The name of this building is the Statue of Liberty."
      }
    ]
  },
  {
    "id": "200021",
    "image": "downloaded_images/Buildings/Statue_of_Liberty/image_20241106_114725_13.jpg",
    "conversations": [
      {
        "from": "human",
        "value": "<image>\nWhat is the name of this structure?"
      },
      {
        "from": "gpt",
        "value": "The name of this building is the Statue of Liberty."
      }
    ]
  },
  {
    "id": "200022",
    "image": "downloaded_images/Buildings/Statue_of_Liberty/image_20241017_214501_5.jpg",
    "conversations": [
      {
        "from": "human",
        "value": "<image>\nWhat is the name of this structure?"
      },
      {
        "from": "gpt",
        "value": "The name of this building is the Statue of Liberty."
      }
    ]
  },
  {
    "id": "200023",
    "image": "downloaded_images/Buildings/Statue_of_Liberty/image_20241106_114743_15.jpg",
    "conversations": [
      {
        "from": "human",
        "value": "<image>\nWhat is the location of this building?"
      },
      {
        "from": "gpt",
        "value": "It is located on Liberty Island in New York Harbor, New York City, United States."
      }
    ]
  },
  {
    "id": "200024",
    "image": "downloaded_images/Buildings/Statue_of_Liberty/image_20241106_114453_2.jpg",
    "conversations": [
      {
        "from": "human",
        "value": "<image>\nWhat is the location of this building?"
      },
      {
        "from": "gpt",
        "value": "It is located on Liberty Island in New York Harbor, New York City, United States."
      }
    ]
  },
  {
    "id": "200025",
    "image": "downloaded_images/Buildings/Statue_of_Liberty/image_20241106_114524_3.jpg",
    "conversations": [
      {
        "from": "human",
        "value": "<image>\nWhat is the location of this building?"
      },
      {
        "from": "gpt",
        "value": "It is located on Liberty Island in New York Harbor, New York City, United States."
      }
    ]
  },
  {
    "id": "200026",
    "image": "downloaded_images/Buildings/Statue_of_Liberty/image_20241017_214501_5.jpg",
    "conversations": [
      {
        "from": "human",
        "value": "<image>\nWhat is the location of this building?"
      },
      {
        "from": "gpt",
        "value": "It is located on Liberty Island in New York Harbor, New York City, United States."
      }
    ]
  },
  {
    "id": "200027",
    "image": "downloaded_images/Buildings/Statue_of_Liberty/image_20241017_214532_8.jpg",
    "conversations": [
      {
        "from": "human",
        "value": "<image>\nWhat is the location of this building?"
      },
      {
        "from": "gpt",
        "value": "It is located on Liberty Island in New York Harbor, New York City, United States."
      }
    ]
  },
  {
    "id": "200028",
    "image": "downloaded_images/Buildings/Statue_of_Liberty/image_20241106_115009_28.jpg",
    "conversations": [
      {
        "from": "human",
        "value": "<image>\nWhat was the initial purpose of this building?"
      },
      {
        "from": "gpt",
        "value": "The original purpose of the Statue of Liberty was to serve as a symbol of freedom and democracy, commemorating the centennial of the American Declaration of Independence and celebrating the friendship between France and the United States."
      }
    ]
  },
  {
    "id": "200029",
    "image": "downloaded_images/Buildings/Statue_of_Liberty/image_20241106_114550_6.jpg",
    "conversations": [
      {
        "from": "human",
        "value": "<image>\nWhat was the initial purpose of this building?"
      },
      {
        "from": "gpt",
        "value": "The original purpose of the Statue of Liberty was to serve as a symbol of freedom and democracy, commemorating the centennial of the American Declaration of Independence and celebrating the friendship between France and the United States."
      }
    ]
  },
  {
    "id": "200030",
    "image": "downloaded_images/Buildings/Statue_of_Liberty/image_20241017_214501_5.jpg",
    "conversations": [
      {
        "from": "human",
        "value": "<image>\nWhat was the initial purpose of this building?"
      },
      {
        "from": "gpt",
        "value": "The original purpose of the Statue of Liberty was to serve as a symbol of freedom and democracy, commemorating the centennial of the American Declaration of Independence and celebrating the friendship between France and the United States."
      }
    ]
  },
  {
    "id": "200031",
    "image": "downloaded_images/Buildings/Statue_of_Liberty/image_20241106_114600_7.jpg",
    "conversations": [
      {
        "from": "human",
        "value": "<image>\nWhat was the initial purpose of this building?"
      },
      {
        "from": "gpt",
        "value": "The original purpose of the Statue of Liberty was to serve as a symbol of freedom and democracy, commemorating the centennial of the American Declaration of Independence and celebrating the friendship between France and the United States."
      }
    ]
  },
  {
    "id": "200032",
    "image": "downloaded_images/Buildings/Statue_of_Liberty/image_20241106_114751_16.jpg",
    "conversations": [
      {
        "from": "human",
        "value": "<image>\nWhat was the initial purpose of this building?"
      },
      {
        "from": "gpt",
        "value": "The original purpose of the Statue of Liberty was to serve as a symbol of freedom and democracy, commemorating the centennial of the American Declaration of Independence and celebrating the friendship between France and the United States."
      }
    ]
  },
  {
    "id": "200033",
    "image": "downloaded_images/Buildings/Statue_of_Liberty/image_20241106_114717_12.jpg",
    "conversations": [
      {
        "from": "human",
        "value": "<image>\nCan the public visit this building?"
      },
      {
        "from": "gpt",
        "value": "Yes, the Statue of Liberty is open to the public. Visitors can access Liberty Island and explore the statue, including the pedestal and, with advance reservations, the crown."
      }
    ]
  },
  {
    "id": "200034",
    "image": "downloaded_images/Buildings/Statue_of_Liberty/image_20241106_114541_5.jpg",
    "conversations": [
      {
        "from": "human",
        "value": "<image>\nCan the public visit this building?"
      },
      {
        "from": "gpt",
        "value": "Yes, the Statue of Liberty is open to the public. Visitors can access Liberty Island and explore the statue, including the pedestal and, with advance reservations, the crown."
      }
    ]
  },
  {
    "id": "200035",
    "image": "downloaded_images/Buildings/Statue_of_Liberty/image_20241106_114803_17.jpg",
    "conversations": [
      {
        "from": "human",
        "value": "<image>\nCan the public visit this building?"
      },
      {
        "from": "gpt",
        "value": "Yes, the Statue of Liberty is open to the public. Visitors can access Liberty Island and explore the statue, including the pedestal and, with advance reservations, the crown."
      }
    ]
  },
  {
    "id": "200036",
    "image": "downloaded_images/Buildings/Statue_of_Liberty/image_20241106_114812_18.jpg",
    "conversations": [
      {
        "from": "human",
        "value": "<image>\nCan the public visit this building?"
      },
      {
        "from": "gpt",
        "value": "Yes, the Statue of Liberty is open to the public. Visitors can access Liberty Island and explore the statue, including the pedestal and, with advance reservations, the crown."
      }
    ]
  },
  {
    "id": "200037",
    "image": "downloaded_images/Buildings/Statue_of_Liberty/image_20241017_214654_17.jpg",
    "conversations": [
      {
        "from": "human",
        "value": "<image>\nCan the public visit this building?"
      },
      {
        "from": "gpt",
        "value": "Yes, the Statue of Liberty is open to the public. Visitors can access Liberty Island and explore the statue, including the pedestal and, with advance reservations, the crown."
      }
    ]
  },
  {
    "id": "300014",
    "image": "downloaded_images/Buildings/Statue_of_Liberty/image_20241017_214654_17.jpg",
    "conversations": [
      {
        "from": "human",
        "value": "<image>\nHow is this building referred to?"
      },
      {
        "from": "gpt",
        "value": "The name of this building is the Statue of Liberty."
      }
    ]
  },
  {
    "id": "300015",
    "image": "downloaded_images/Buildings/Statue_of_Liberty/image_20241017_214424_2.jpg",
    "conversations": [
      {
        "from": "human",
        "value": "<image>\nIn which area is this building situated?"
      },
      {
        "from": "gpt",
        "value": "It is located on Liberty Island in New York Harbor, New York City, United States."
      }
    ]
  },
  {
    "id": "300016",
    "image": "downloaded_images/Buildings/Statue_of_Liberty/image_20241017_214654_17.jpg",
    "conversations": [
      {
        "from": "human",
        "value": "<image>\nWhat function did this building serve when it was first constructed?"
      },
      {
        "from": "gpt",
        "value": "The original purpose of the Statue of Liberty was to serve as a symbol of freedom and democracy, commemorating the centennial of the American Declaration of Independence and celebrating the friendship between France and the United States."
      }
    ]
  },
  {
    "id": "300017",
    "image": "downloaded_images/Buildings/Statue_of_Liberty/image_20241017_214623_14.jpg",
    "conversations": [
      {
        "from": "human",
        "value": "<image>\nIs the building open for public access?"
      },
      {
        "from": "gpt",
        "value": "Yes, the Statue of Liberty is open to the public. Visitors can access Liberty Island and explore the statue, including the pedestal and, with advance reservations, the crown."
      }
    ]
  },
  {
    "id": "300018",
    "image": "downloaded_images/Buildings/Statue_of_Liberty/image_20241106_114616_8.jpg",
    "conversations": [
      {
        "from": "human",
        "value": "<image>\nHow is this building referred to?"
      },
      {
        "from": "gpt",
        "value": "The name of this building is the Statue of Liberty."
      }
    ]
  },
  {
    "id": "300019",
    "image": "downloaded_images/Buildings/Statue_of_Liberty/image_20241106_114931_26.jpg",
    "conversations": [
      {
        "from": "human",
        "value": "<image>\nHow is this building referred to?"
      },
      {
        "from": "gpt",
        "value": "The name of this building is the Statue of Liberty."
      }
    ]
  },
  {
    "id": "300020",
    "image": "downloaded_images/Buildings/Statue_of_Liberty/image_20241106_114743_15.jpg",
    "conversations": [
      {
        "from": "human",
        "value": "<image>\nHow is this building referred to?"
      },
      {
        "from": "gpt",
        "value": "The name of this building is the Statue of Liberty."
      }
    ]
  },
  {
    "id": "300021",
    "image": "downloaded_images/Buildings/Statue_of_Liberty/image_20241106_114725_13.jpg",
    "conversations": [
      {
        "from": "human",
        "value": "<image>\nHow is this building referred to?"
      },
      {
        "from": "gpt",
        "value": "The name of this building is the Statue of Liberty."
      }
    ]
  },
  {
    "id": "300022",
    "image": "downloaded_images/Buildings/Statue_of_Liberty/image_20241017_214501_5.jpg",
    "conversations": [
      {
        "from": "human",
        "value": "<image>\nHow is this building referred to?"
      },
      {
        "from": "gpt",
        "value": "The name of this building is the Statue of Liberty."
      }
    ]
  },
  {
    "id": "300023",
    "image": "downloaded_images/Buildings/Statue_of_Liberty/image_20241106_114743_15.jpg",
    "conversations": [
      {
        "from": "human",
        "value": "<image>\nIn which area is this building situated?"
      },
      {
        "from": "gpt",
        "value": "It is located on Liberty Island in New York Harbor, New York City, United States."
      }
    ]
  },
  {
    "id": "300024",
    "image": "downloaded_images/Buildings/Statue_of_Liberty/image_20241106_114453_2.jpg",
    "conversations": [
      {
        "from": "human",
        "value": "<image>\nIn which area is this building situated?"
      },
      {
        "from": "gpt",
        "value": "It is located on Liberty Island in New York Harbor, New York City, United States."
      }
    ]
  },
  {
    "id": "300025",
    "image": "downloaded_images/Buildings/Statue_of_Liberty/image_20241106_114524_3.jpg",
    "conversations": [
      {
        "from": "human",
        "value": "<image>\nIn which area is this building situated?"
      },
      {
        "from": "gpt",
        "value": "It is located on Liberty Island in New York Harbor, New York City, United States."
      }
    ]
  },
  {
    "id": "300026",
    "image": "downloaded_images/Buildings/Statue_of_Liberty/image_20241017_214501_5.jpg",
    "conversations": [
      {
        "from": "human",
        "value": "<image>\nIn which area is this building situated?"
      },
      {
        "from": "gpt",
        "value": "It is located on Liberty Island in New York Harbor, New York City, United States."
      }
    ]
  },
  {
    "id": "300027",
    "image": "downloaded_images/Buildings/Statue_of_Liberty/image_20241017_214532_8.jpg",
    "conversations": [
      {
        "from": "human",
        "value": "<image>\nIn which area is this building situated?"
      },
      {
        "from": "gpt",
        "value": "It is located on Liberty Island in New York Harbor, New York City, United States."
      }
    ]
  },
  {
    "id": "300028",
    "image": "downloaded_images/Buildings/Statue_of_Liberty/image_20241106_115009_28.jpg",
    "conversations": [
      {
        "from": "human",
        "value": "<image>\nWhat function did this building serve when it was first constructed?"
      },
      {
        "from": "gpt",
        "value": "The original purpose of the Statue of Liberty was to serve as a symbol of freedom and democracy, commemorating the centennial of the American Declaration of Independence and celebrating the friendship between France and the United States."
      }
    ]
  },
  {
    "id": "300029",
    "image": "downloaded_images/Buildings/Statue_of_Liberty/image_20241106_114550_6.jpg",
    "conversations": [
      {
        "from": "human",
        "value": "<image>\nWhat function did this building serve when it was first constructed?"
      },
      {
        "from": "gpt",
        "value": "The original purpose of the Statue of Liberty was to serve as a symbol of freedom and democracy, commemorating the centennial of the American Declaration of Independence and celebrating the friendship between France and the United States."
      }
    ]
  },
  {
    "id": "300030",
    "image": "downloaded_images/Buildings/Statue_of_Liberty/image_20241017_214501_5.jpg",
    "conversations": [
      {
        "from": "human",
        "value": "<image>\nWhat function did this building serve when it was first constructed?"
      },
      {
        "from": "gpt",
        "value": "The original purpose of the Statue of Liberty was to serve as a symbol of freedom and democracy, commemorating the centennial of the American Declaration of Independence and celebrating the friendship between France and the United States."
      }
    ]
  },
  {
    "id": "300031",
    "image": "downloaded_images/Buildings/Statue_of_Liberty/image_20241106_114600_7.jpg",
    "conversations": [
      {
        "from": "human",
        "value": "<image>\nWhat function did this building serve when it was first constructed?"
      },
      {
        "from": "gpt",
        "value": "The original purpose of the Statue of Liberty was to serve as a symbol of freedom and democracy, commemorating the centennial of the American Declaration of Independence and celebrating the friendship between France and the United States."
      }
    ]
  },
  {
    "id": "300032",
    "image": "downloaded_images/Buildings/Statue_of_Liberty/image_20241106_114751_16.jpg",
    "conversations": [
      {
        "from": "human",
        "value": "<image>\nWhat function did this building serve when it was first constructed?"
      },
      {
        "from": "gpt",
        "value": "The original purpose of the Statue of Liberty was to serve as a symbol of freedom and democracy, commemorating the centennial of the American Declaration of Independence and celebrating the friendship between France and the United States."
      }
    ]
  },
  {
    "id": "300033",
    "image": "downloaded_images/Buildings/Statue_of_Liberty/image_20241106_114717_12.jpg",
    "conversations": [
      {
        "from": "human",
        "value": "<image>\nIs the building open for public access?"
      },
      {
        "from": "gpt",
        "value": "Yes, the Statue of Liberty is open to the public. Visitors can access Liberty Island and explore the statue, including the pedestal and, with advance reservations, the crown."
      }
    ]
  },
  {
    "id": "300034",
    "image": "downloaded_images/Buildings/Statue_of_Liberty/image_20241106_114541_5.jpg",
    "conversations": [
      {
        "from": "human",
        "value": "<image>\nIs the building open for public access?"
      },
      {
        "from": "gpt",
        "value": "Yes, the Statue of Liberty is open to the public. Visitors can access Liberty Island and explore the statue, including the pedestal and, with advance reservations, the crown."
      }
    ]
  },
  {
    "id": "300035",
    "image": "downloaded_images/Buildings/Statue_of_Liberty/image_20241106_114803_17.jpg",
    "conversations": [
      {
        "from": "human",
        "value": "<image>\nIs the building open for public access?"
      },
      {
        "from": "gpt",
        "value": "Yes, the Statue of Liberty is open to the public. Visitors can access Liberty Island and explore the statue, including the pedestal and, with advance reservations, the crown."
      }
    ]
  },
  {
    "id": "300036",
    "image": "downloaded_images/Buildings/Statue_of_Liberty/image_20241106_114812_18.jpg",
    "conversations": [
      {
        "from": "human",
        "value": "<image>\nIs the building open for public access?"
      },
      {
        "from": "gpt",
        "value": "Yes, the Statue of Liberty is open to the public. Visitors can access Liberty Island and explore the statue, including the pedestal and, with advance reservations, the crown."
      }
    ]
  },
  {
    "id": "300037",
    "image": "downloaded_images/Buildings/Statue_of_Liberty/image_20241017_214654_17.jpg",
    "conversations": [
      {
        "from": "human",
        "value": "<image>\nIs the building open for public access?"
      },
      {
        "from": "gpt",
        "value": "Yes, the Statue of Liberty is open to the public. Visitors can access Liberty Island and explore the statue, including the pedestal and, with advance reservations, the crown."
      }
    ]
  },
  {
    "id": "400014",
    "image": "downloaded_images/Buildings/Statue_of_Liberty/image_20241017_214654_17.jpg",
    "conversations": [
      {
        "from": "human",
        "value": "<image>\nWhat do people commonly call this building?"
      },
      {
        "from": "gpt",
        "value": "The name of this building is the Statue of Liberty."
      }
    ]
  },
  {
    "id": "400015",
    "image": "downloaded_images/Buildings/Statue_of_Liberty/image_20241017_214424_2.jpg",
    "conversations": [
      {
        "from": "human",
        "value": "<image>\nWhere is this structure located?"
      },
      {
        "from": "gpt",
        "value": "It is located on Liberty Island in New York Harbor, New York City, United States."
      }
    ]
  },
  {
    "id": "400016",
    "image": "downloaded_images/Buildings/Statue_of_Liberty/image_20241017_214654_17.jpg",
    "conversations": [
      {
        "from": "human",
        "value": "<image>\nWhat was the original intent behind this structure?"
      },
      {
        "from": "gpt",
        "value": "The original purpose of the Statue of Liberty was to serve as a symbol of freedom and democracy, commemorating the centennial of the American Declaration of Independence and celebrating the friendship between France and the United States."
      }
    ]
  },
  {
    "id": "400017",
    "image": "downloaded_images/Buildings/Statue_of_Liberty/image_20241017_214623_14.jpg",
    "conversations": [
      {
        "from": "human",
        "value": "<image>\nAre visitors allowed in this building?"
      },
      {
        "from": "gpt",
        "value": "Yes, the Statue of Liberty is open to the public. Visitors can access Liberty Island and explore the statue, including the pedestal and, with advance reservations, the crown."
      }
    ]
  },
  {
    "id": "400018",
    "image": "downloaded_images/Buildings/Statue_of_Liberty/image_20241106_114616_8.jpg",
    "conversations": [
      {
        "from": "human",
        "value": "<image>\nWhat do people commonly call this building?"
      },
      {
        "from": "gpt",
        "value": "The name of this building is the Statue of Liberty."
      }
    ]
  },
  {
    "id": "400019",
    "image": "downloaded_images/Buildings/Statue_of_Liberty/image_20241106_114931_26.jpg",
    "conversations": [
      {
        "from": "human",
        "value": "<image>\nWhat do people commonly call this building?"
      },
      {
        "from": "gpt",
        "value": "The name of this building is the Statue of Liberty."
      }
    ]
  },
  {
    "id": "400020",
    "image": "downloaded_images/Buildings/Statue_of_Liberty/image_20241106_114743_15.jpg",
    "conversations": [
      {
        "from": "human",
        "value": "<image>\nWhat do people commonly call this building?"
      },
      {
        "from": "gpt",
        "value": "The name of this building is the Statue of Liberty."
      }
    ]
  },
  {
    "id": "400021",
    "image": "downloaded_images/Buildings/Statue_of_Liberty/image_20241106_114725_13.jpg",
    "conversations": [
      {
        "from": "human",
        "value": "<image>\nWhat do people commonly call this building?"
      },
      {
        "from": "gpt",
        "value": "The name of this building is the Statue of Liberty."
      }
    ]
  },
  {
    "id": "400022",
    "image": "downloaded_images/Buildings/Statue_of_Liberty/image_20241017_214501_5.jpg",
    "conversations": [
      {
        "from": "human",
        "value": "<image>\nWhat do people commonly call this building?"
      },
      {
        "from": "gpt",
        "value": "The name of this building is the Statue of Liberty."
      }
    ]
  },
  {
    "id": "400023",
    "image": "downloaded_images/Buildings/Statue_of_Liberty/image_20241106_114743_15.jpg",
    "conversations": [
      {
        "from": "human",
        "value": "<image>\nWhere is this structure located?"
      },
      {
        "from": "gpt",
        "value": "It is located on Liberty Island in New York Harbor, New York City, United States."
      }
    ]
  },
  {
    "id": "400024",
    "image": "downloaded_images/Buildings/Statue_of_Liberty/image_20241106_114453_2.jpg",
    "conversations": [
      {
        "from": "human",
        "value": "<image>\nWhere is this structure located?"
      },
      {
        "from": "gpt",
        "value": "It is located on Liberty Island in New York Harbor, New York City, United States."
      }
    ]
  },
  {
    "id": "400025",
    "image": "downloaded_images/Buildings/Statue_of_Liberty/image_20241106_114524_3.jpg",
    "conversations": [
      {
        "from": "human",
        "value": "<image>\nWhere is this structure located?"
      },
      {
        "from": "gpt",
        "value": "It is located on Liberty Island in New York Harbor, New York City, United States."
      }
    ]
  },
  {
    "id": "400026",
    "image": "downloaded_images/Buildings/Statue_of_Liberty/image_20241017_214501_5.jpg",
    "conversations": [
      {
        "from": "human",
        "value": "<image>\nWhere is this structure located?"
      },
      {
        "from": "gpt",
        "value": "It is located on Liberty Island in New York Harbor, New York City, United States."
      }
    ]
  },
  {
    "id": "400027",
    "image": "downloaded_images/Buildings/Statue_of_Liberty/image_20241017_214532_8.jpg",
    "conversations": [
      {
        "from": "human",
        "value": "<image>\nWhere is this structure located?"
      },
      {
        "from": "gpt",
        "value": "It is located on Liberty Island in New York Harbor, New York City, United States."
      }
    ]
  },
  {
    "id": "400028",
    "image": "downloaded_images/Buildings/Statue_of_Liberty/image_20241106_115009_28.jpg",
    "conversations": [
      {
        "from": "human",
        "value": "<image>\nWhat was the original intent behind this structure?"
      },
      {
        "from": "gpt",
        "value": "The original purpose of the Statue of Liberty was to serve as a symbol of freedom and democracy, commemorating the centennial of the American Declaration of Independence and celebrating the friendship between France and the United States."
      }
    ]
  },
  {
    "id": "400029",
    "image": "downloaded_images/Buildings/Statue_of_Liberty/image_20241106_114550_6.jpg",
    "conversations": [
      {
        "from": "human",
        "value": "<image>\nWhat was the original intent behind this structure?"
      },
      {
        "from": "gpt",
        "value": "The original purpose of the Statue of Liberty was to serve as a symbol of freedom and democracy, commemorating the centennial of the American Declaration of Independence and celebrating the friendship between France and the United States."
      }
    ]
  },
  {
    "id": "400030",
    "image": "downloaded_images/Buildings/Statue_of_Liberty/image_20241017_214501_5.jpg",
    "conversations": [
      {
        "from": "human",
        "value": "<image>\nWhat was the original intent behind this structure?"
      },
      {
        "from": "gpt",
        "value": "The original purpose of the Statue of Liberty was to serve as a symbol of freedom and democracy, commemorating the centennial of the American Declaration of Independence and celebrating the friendship between France and the United States."
      }
    ]
  },
  {
    "id": "400031",
    "image": "downloaded_images/Buildings/Statue_of_Liberty/image_20241106_114600_7.jpg",
    "conversations": [
      {
        "from": "human",
        "value": "<image>\nWhat was the original intent behind this structure?"
      },
      {
        "from": "gpt",
        "value": "The original purpose of the Statue of Liberty was to serve as a symbol of freedom and democracy, commemorating the centennial of the American Declaration of Independence and celebrating the friendship between France and the United States."
      }
    ]
  },
  {
    "id": "400032",
    "image": "downloaded_images/Buildings/Statue_of_Liberty/image_20241106_114751_16.jpg",
    "conversations": [
      {
        "from": "human",
        "value": "<image>\nWhat was the original intent behind this structure?"
      },
      {
        "from": "gpt",
        "value": "The original purpose of the Statue of Liberty was to serve as a symbol of freedom and democracy, commemorating the centennial of the American Declaration of Independence and celebrating the friendship between France and the United States."
      }
    ]
  },
  {
    "id": "400033",
    "image": "downloaded_images/Buildings/Statue_of_Liberty/image_20241106_114717_12.jpg",
    "conversations": [
      {
        "from": "human",
        "value": "<image>\nAre visitors allowed in this building?"
      },
      {
        "from": "gpt",
        "value": "Yes, the Statue of Liberty is open to the public. Visitors can access Liberty Island and explore the statue, including the pedestal and, with advance reservations, the crown."
      }
    ]
  },
  {
    "id": "400034",
    "image": "downloaded_images/Buildings/Statue_of_Liberty/image_20241106_114541_5.jpg",
    "conversations": [
      {
        "from": "human",
        "value": "<image>\nAre visitors allowed in this building?"
      },
      {
        "from": "gpt",
        "value": "Yes, the Statue of Liberty is open to the public. Visitors can access Liberty Island and explore the statue, including the pedestal and, with advance reservations, the crown."
      }
    ]
  },
  {
    "id": "400035",
    "image": "downloaded_images/Buildings/Statue_of_Liberty/image_20241106_114803_17.jpg",
    "conversations": [
      {
        "from": "human",
        "value": "<image>\nAre visitors allowed in this building?"
      },
      {
        "from": "gpt",
        "value": "Yes, the Statue of Liberty is open to the public. Visitors can access Liberty Island and explore the statue, including the pedestal and, with advance reservations, the crown."
      }
    ]
  },
  {
    "id": "400036",
    "image": "downloaded_images/Buildings/Statue_of_Liberty/image_20241106_114812_18.jpg",
    "conversations": [
      {
        "from": "human",
        "value": "<image>\nAre visitors allowed in this building?"
      },
      {
        "from": "gpt",
        "value": "Yes, the Statue of Liberty is open to the public. Visitors can access Liberty Island and explore the statue, including the pedestal and, with advance reservations, the crown."
      }
    ]
  },
  {
    "id": "400037",
    "image": "downloaded_images/Buildings/Statue_of_Liberty/image_20241017_214654_17.jpg",
    "conversations": [
      {
        "from": "human",
        "value": "<image>\nAre visitors allowed in this building?"
      },
      {
        "from": "gpt",
        "value": "Yes, the Statue of Liberty is open to the public. Visitors can access Liberty Island and explore the statue, including the pedestal and, with advance reservations, the crown."
      }
    ]
  }
]