[
  {
    "id": "22",
    "image": "downloaded_images/Cartoon/Sword_Art_Online/image_20241018_105414_8.jpg",
    "conversations": [
      {
        "from": "human",
        "value": "<image>\nWhat is the title of this cartoon?"
      },
      {
        "from": "gpt",
        "value": "The title of this cartoon is \"Sword Art Online.\""
      }
    ]
  },
  {
    "id": "23",
    "image": "downloaded_images/Cartoon/Sword_Art_Online/image_20241018_105414_8.jpg",
    "conversations": [
      {
        "from": "human",
        "value": "<image>\nWho created or produced this cartoon?"
      },
      {
        "from": "gpt",
        "value": "\"Sword Art Online\" was created by Reki Kawahara and produced by A-1 Pictures."
      }
    ]
  },
  {
    "id": "24",
    "image": "downloaded_images/Cartoon/Sword_Art_Online/image_20241018_105406_7.jpg",
    "conversations": [
      {
        "from": "human",
        "value": "<image>\nWho are the main characters in this cartoon?"
      },
      {
        "from": "gpt",
        "value": "The main characters in \"Sword Art Online\" include Kirito (Kazuto Kirigaya), Asuna (Asuna Yuuki), and several others such as Klein, Sinon, and Leafa."
      }
    ]
  },
  {
    "id": "25",
    "image": "downloaded_images/Cartoon/Sword_Art_Online/image_20241018_105250_1.jpg",
    "conversations": [
      {
        "from": "human",
        "value": "<image>\nWhat is the central storyline or premise of this cartoon?"
      },
      {
        "from": "gpt",
        "value": "The central storyline of \"Sword Art Online\" revolves around players who become trapped in a virtual reality MMORPG (Massively Multiplayer Online Role-Playing Game) called Sword Art Online. If they die in the game, they die in real life. The protagonist, Kirito, must navigate this dangerous world, form alliances, and find a way to escape while uncovering the mysteries of the game and its creator."
      }
    ]
  },
  {
    "id": "26",
    "image": "downloaded_images/Cartoon/Sword_Art_Online/image_20241106_155816_2.jpg",
    "conversations": [
      {
        "from": "human",
        "value": "<image>\nWhat is the title of this cartoon?"
      },
      {
        "from": "gpt",
        "value": "The title of this cartoon is \"Sword Art Online.\""
      }
    ]
  },
  {
    "id": "27",
    "image": "downloaded_images/Cartoon/Sword_Art_Online/image_20241106_160317_30.jpg",
    "conversations": [
      {
        "from": "human",
        "value": "<image>\nWhat is the title of this cartoon?"
      },
      {
        "from": "gpt",
        "value": "The title of this cartoon is \"Sword Art Online.\""
      }
    ]
  },
  {
    "id": "28",
    "image": "downloaded_images/Cartoon/Sword_Art_Online/image_20241018_105606_19.jpg",
    "conversations": [
      {
        "from": "human",
        "value": "<image>\nWhat is the title of this cartoon?"
      },
      {
        "from": "gpt",
        "value": "The title of this cartoon is \"Sword Art Online.\""
      }
    ]
  },
  {
    "id": "29",
    "image": "downloaded_images/Cartoon/Sword_Art_Online/image_20241106_155826_3.jpg",
    "conversations": [
      {
        "from": "human",
        "value": "<image>\nWhat is the title of this cartoon?"
      },
      {
        "from": "gpt",
        "value": "The title of this cartoon is \"Sword Art Online.\""
      }
    ]
  },
  {
    "id": "30",
    "image": "downloaded_images/Cartoon/Sword_Art_Online/image_20241106_160054_19.jpg",
    "conversations": [
      {
        "from": "human",
        "value": "<image>\nWhat is the title of this cartoon?"
      },
      {
        "from": "gpt",
        "value": "The title of this cartoon is \"Sword Art Online.\""
      }
    ]
  },
  {
    "id": "31",
    "image": "downloaded_images/Cartoon/Sword_Art_Online/image_20241106_160045_18.jpg",
    "conversations": [
      {
        "from": "human",
        "value": "<image>\nWho created or produced this cartoon?"
      },
      {
        "from": "gpt",
        "value": "\"Sword Art Online\" was created by Reki Kawahara and produced by A-1 Pictures."
      }
    ]
  },
  {
    "id": "32",
    "image": "downloaded_images/Cartoon/Sword_Art_Online/image_20241106_155850_6.jpg",
    "conversations": [
      {
        "from": "human",
        "value": "<image>\nWho created or produced this cartoon?"
      },
      {
        "from": "gpt",
        "value": "\"Sword Art Online\" was created by Reki Kawahara and produced by A-1 Pictures."
      }
    ]
  },
  {
    "id": "33",
    "image": "downloaded_images/Cartoon/Sword_Art_Online/image_20241106_155826_3.jpg",
    "conversations": [
      {
        "from": "human",
        "value": "<image>\nWho created or produced this cartoon?"
      },
      {
        "from": "gpt",
        "value": "\"Sword Art Online\" was created by Reki Kawahara and produced by A-1 Pictures."
      }
    ]
  },
  {
    "id": "34",
    "image": "downloaded_images/Cartoon/Sword_Art_Online/image_20241106_160034_17.jpg",
    "conversations": [
      {
        "from": "human",
        "value": "<image>\nWho created or produced this cartoon?"
      },
      {
        "from": "gpt",
        "value": "\"Sword Art Online\" was created by Reki Kawahara and produced by A-1 Pictures."
      }
    ]
  },
  {
    "id": "35",
    "image": "downloaded_images/Cartoon/Sword_Art_Online/image_20241106_155900_7.jpg",
    "conversations": [
      {
        "from": "human",
        "value": "<image>\nWho created or produced this cartoon?"
      },
      {
        "from": "gpt",
        "value": "\"Sword Art Online\" was created by Reki Kawahara and produced by A-1 Pictures."
      }
    ]
  },
  {
    "id": "36",
    "image": "downloaded_images/Cartoon/Sword_Art_Online/image_20241018_105310_3.jpg",
    "conversations": [
      {
        "from": "human",
        "value": "<image>\nWho are the main characters in this cartoon?"
      },
      {
        "from": "gpt",
        "value": "The main characters in \"Sword Art Online\" include Kirito (Kazuto Kirigaya), Asuna (Asuna Yuuki), and several others such as Klein, Sinon, and Leafa."
      }
    ]
  },
  {
    "id": "37",
    "image": "downloaded_images/Cartoon/Sword_Art_Online/image_20241106_155945_12.jpg",
    "conversations": [
      {
        "from": "human",
        "value": "<image>\nWho are the main characters in this cartoon?"
      },
      {
        "from": "gpt",
        "value": "The main characters in \"Sword Art Online\" include Kirito (Kazuto Kirigaya), Asuna (Asuna Yuuki), and several others such as Klein, Sinon, and Leafa."
      }
    ]
  },
  {
    "id": "38",
    "image": "downloaded_images/Cartoon/Sword_Art_Online/image_20241106_160017_15.jpg",
    "conversations": [
      {
        "from": "human",
        "value": "<image>\nWho are the main characters in this cartoon?"
      },
      {
        "from": "gpt",
        "value": "The main characters in \"Sword Art Online\" include Kirito (Kazuto Kirigaya), Asuna (Asuna Yuuki), and several others such as Klein, Sinon, and Leafa."
      }
    ]
  },
  {
    "id": "39",
    "image": "downloaded_images/Cartoon/Sword_Art_Online/image_20241106_155833_4.jpg",
    "conversations": [
      {
        "from": "human",
        "value": "<image>\nWho are the main characters in this cartoon?"
      },
      {
        "from": "gpt",
        "value": "The main characters in \"Sword Art Online\" include Kirito (Kazuto Kirigaya), Asuna (Asuna Yuuki), and several others such as Klein, Sinon, and Leafa."
      }
    ]
  },
  {
    "id": "40",
    "image": "downloaded_images/Cartoon/Sword_Art_Online/image_20241106_160119_22.jpg",
    "conversations": [
      {
        "from": "human",
        "value": "<image>\nWho are the main characters in this cartoon?"
      },
      {
        "from": "gpt",
        "value": "The main characters in \"Sword Art Online\" include Kirito (Kazuto Kirigaya), Asuna (Asuna Yuuki), and several others such as Klein, Sinon, and Leafa."
      }
    ]
  },
  {
    "id": "41",
    "image": "downloaded_images/Cartoon/Sword_Art_Online/image_20241106_155850_6.jpg",
    "conversations": [
      {
        "from": "human",
        "value": "<image>\nWhat is the central storyline or premise of this cartoon?"
      },
      {
        "from": "gpt",
        "value": "The central storyline of \"Sword Art Online\" revolves around players who become trapped in a virtual reality MMORPG (Massively Multiplayer Online Role-Playing Game) called Sword Art Online. If they die in the game, they die in real life. The protagonist, Kirito, must navigate this dangerous world, form alliances, and find a way to escape while uncovering the mysteries of the game and its creator."
      }
    ]
  },
  {
    "id": "42",
    "image": "downloaded_images/Cartoon/Sword_Art_Online/image_20241106_160226_27.jpg",
    "conversations": [
      {
        "from": "human",
        "value": "<image>\nWhat is the central storyline or premise of this cartoon?"
      },
      {
        "from": "gpt",
        "value": "The central storyline of \"Sword Art Online\" revolves around players who become trapped in a virtual reality MMORPG (Massively Multiplayer Online Role-Playing Game) called Sword Art Online. If they die in the game, they die in real life. The protagonist, Kirito, must navigate this dangerous world, form alliances, and find a way to escape while uncovering the mysteries of the game and its creator."
      }
    ]
  },
  {
    "id": "43",
    "image": "downloaded_images/Cartoon/Sword_Art_Online/image_20241018_105310_3.jpg",
    "conversations": [
      {
        "from": "human",
        "value": "<image>\nWhat is the central storyline or premise of this cartoon?"
      },
      {
        "from": "gpt",
        "value": "The central storyline of \"Sword Art Online\" revolves around players who become trapped in a virtual reality MMORPG (Massively Multiplayer Online Role-Playing Game) called Sword Art Online. If they die in the game, they die in real life. The protagonist, Kirito, must navigate this dangerous world, form alliances, and find a way to escape while uncovering the mysteries of the game and its creator."
      }
    ]
  },
  {
    "id": "44",
    "image": "downloaded_images/Cartoon/Sword_Art_Online/image_20241106_160054_19.jpg",
    "conversations": [
      {
        "from": "human",
        "value": "<image>\nWhat is the central storyline or premise of this cartoon?"
      },
      {
        "from": "gpt",
        "value": "The central storyline of \"Sword Art Online\" revolves around players who become trapped in a virtual reality MMORPG (Massively Multiplayer Online Role-Playing Game) called Sword Art Online. If they die in the game, they die in real life. The protagonist, Kirito, must navigate this dangerous world, form alliances, and find a way to escape while uncovering the mysteries of the game and its creator."
      }
    ]
  },
  {
    "id": "45",
    "image": "downloaded_images/Cartoon/Sword_Art_Online/image_20241106_160128_23.jpg",
    "conversations": [
      {
        "from": "human",
        "value": "<image>\nWhat is the central storyline or premise of this cartoon?"
      },
      {
        "from": "gpt",
        "value": "The central storyline of \"Sword Art Online\" revolves around players who become trapped in a virtual reality MMORPG (Massively Multiplayer Online Role-Playing Game) called Sword Art Online. If they die in the game, they die in real life. The protagonist, Kirito, must navigate this dangerous world, form alliances, and find a way to escape while uncovering the mysteries of the game and its creator."
      }
    ]
  },
  {
    "id": "100022",
    "image": "downloaded_images/Cartoon/Sword_Art_Online/image_20241018_105414_8.jpg",
    "conversations": [
      {
        "from": "human",
        "value": "<image>\nWhat is the name of this cartoon?"
      },
      {
        "from": "gpt",
        "value": "The title of this cartoon is \"Sword Art Online.\""
      }
    ]
  },
  {
    "id": "100023",
    "image": "downloaded_images/Cartoon/Sword_Art_Online/image_20241018_105414_8.jpg",
    "conversations": [
      {
        "from": "human",
        "value": "<image>\nWho is the creator or producer of this cartoon?"
      },
      {
        "from": "gpt",
        "value": "\"Sword Art Online\" was created by Reki Kawahara and produced by A-1 Pictures."
      }
    ]
  },
  {
    "id": "100024",
    "image": "downloaded_images/Cartoon/Sword_Art_Online/image_20241018_105406_7.jpg",
    "conversations": [
      {
        "from": "human",
        "value": "<image>\nWho are the primary characters in this cartoon?"
      },
      {
        "from": "gpt",
        "value": "The main characters in \"Sword Art Online\" include Kirito (Kazuto Kirigaya), Asuna (Asuna Yuuki), and several others such as Klein, Sinon, and Leafa."
      }
    ]
  },
  {
    "id": "100025",
    "image": "downloaded_images/Cartoon/Sword_Art_Online/image_20241018_105250_1.jpg",
    "conversations": [
      {
        "from": "human",
        "value": "<image>\nWhat is the main plot or premise of this cartoon?"
      },
      {
        "from": "gpt",
        "value": "The central storyline of \"Sword Art Online\" revolves around players who become trapped in a virtual reality MMORPG (Massively Multiplayer Online Role-Playing Game) called Sword Art Online. If they die in the game, they die in real life. The protagonist, Kirito, must navigate this dangerous world, form alliances, and find a way to escape while uncovering the mysteries of the game and its creator."
      }
    ]
  },
  {
    "id": "100026",
    "image": "downloaded_images/Cartoon/Sword_Art_Online/image_20241106_155816_2.jpg",
    "conversations": [
      {
        "from": "human",
        "value": "<image>\nWhat is the name of this cartoon?"
      },
      {
        "from": "gpt",
        "value": "The title of this cartoon is \"Sword Art Online.\""
      }
    ]
  },
  {
    "id": "100027",
    "image": "downloaded_images/Cartoon/Sword_Art_Online/image_20241106_160317_30.jpg",
    "conversations": [
      {
        "from": "human",
        "value": "<image>\nWhat is the name of this cartoon?"
      },
      {
        "from": "gpt",
        "value": "The title of this cartoon is \"Sword Art Online.\""
      }
    ]
  },
  {
    "id": "100028",
    "image": "downloaded_images/Cartoon/Sword_Art_Online/image_20241018_105606_19.jpg",
    "conversations": [
      {
        "from": "human",
        "value": "<image>\nWhat is the name of this cartoon?"
      },
      {
        "from": "gpt",
        "value": "The title of this cartoon is \"Sword Art Online.\""
      }
    ]
  },
  {
    "id": "100029",
    "image": "downloaded_images/Cartoon/Sword_Art_Online/image_20241106_155826_3.jpg",
    "conversations": [
      {
        "from": "human",
        "value": "<image>\nWhat is the name of this cartoon?"
      },
      {
        "from": "gpt",
        "value": "The title of this cartoon is \"Sword Art Online.\""
      }
    ]
  },
  {
    "id": "100030",
    "image": "downloaded_images/Cartoon/Sword_Art_Online/image_20241106_160054_19.jpg",
    "conversations": [
      {
        "from": "human",
        "value": "<image>\nWhat is the name of this cartoon?"
      },
      {
        "from": "gpt",
        "value": "The title of this cartoon is \"Sword Art Online.\""
      }
    ]
  },
  {
    "id": "100031",
    "image": "downloaded_images/Cartoon/Sword_Art_Online/image_20241106_160045_18.jpg",
    "conversations": [
      {
        "from": "human",
        "value": "<image>\nWho is the creator or producer of this cartoon?"
      },
      {
        "from": "gpt",
        "value": "\"Sword Art Online\" was created by Reki Kawahara and produced by A-1 Pictures."
      }
    ]
  },
  {
    "id": "100032",
    "image": "downloaded_images/Cartoon/Sword_Art_Online/image_20241106_155850_6.jpg",
    "conversations": [
      {
        "from": "human",
        "value": "<image>\nWho is the creator or producer of this cartoon?"
      },
      {
        "from": "gpt",
        "value": "\"Sword Art Online\" was created by Reki Kawahara and produced by A-1 Pictures."
      }
    ]
  },
  {
    "id": "100033",
    "image": "downloaded_images/Cartoon/Sword_Art_Online/image_20241106_155826_3.jpg",
    "conversations": [
      {
        "from": "human",
        "value": "<image>\nWho is the creator or producer of this cartoon?"
      },
      {
        "from": "gpt",
        "value": "\"Sword Art Online\" was created by Reki Kawahara and produced by A-1 Pictures."
      }
    ]
  },
  {
    "id": "100034",
    "image": "downloaded_images/Cartoon/Sword_Art_Online/image_20241106_160034_17.jpg",
    "conversations": [
      {
        "from": "human",
        "value": "<image>\nWho is the creator or producer of this cartoon?"
      },
      {
        "from": "gpt",
        "value": "\"Sword Art Online\" was created by Reki Kawahara and produced by A-1 Pictures."
      }
    ]
  },
  {
    "id": "100035",
    "image": "downloaded_images/Cartoon/Sword_Art_Online/image_20241106_155900_7.jpg",
    "conversations": [
      {
        "from": "human",
        "value": "<image>\nWho is the creator or producer of this cartoon?"
      },
      {
        "from": "gpt",
        "value": "\"Sword Art Online\" was created by Reki Kawahara and produced by A-1 Pictures."
      }
    ]
  },
  {
    "id": "100036",
    "image": "downloaded_images/Cartoon/Sword_Art_Online/image_20241018_105310_3.jpg",
    "conversations": [
      {
        "from": "human",
        "value": "<image>\nWho are the primary characters in this cartoon?"
      },
      {
        "from": "gpt",
        "value": "The main characters in \"Sword Art Online\" include Kirito (Kazuto Kirigaya), Asuna (Asuna Yuuki), and several others such as Klein, Sinon, and Leafa."
      }
    ]
  },
  {
    "id": "100037",
    "image": "downloaded_images/Cartoon/Sword_Art_Online/image_20241106_155945_12.jpg",
    "conversations": [
      {
        "from": "human",
        "value": "<image>\nWho are the primary characters in this cartoon?"
      },
      {
        "from": "gpt",
        "value": "The main characters in \"Sword Art Online\" include Kirito (Kazuto Kirigaya), Asuna (Asuna Yuuki), and several others such as Klein, Sinon, and Leafa."
      }
    ]
  },
  {
    "id": "100038",
    "image": "downloaded_images/Cartoon/Sword_Art_Online/image_20241106_160017_15.jpg",
    "conversations": [
      {
        "from": "human",
        "value": "<image>\nWho are the primary characters in this cartoon?"
      },
      {
        "from": "gpt",
        "value": "The main characters in \"Sword Art Online\" include Kirito (Kazuto Kirigaya), Asuna (Asuna Yuuki), and several others such as Klein, Sinon, and Leafa."
      }
    ]
  },
  {
    "id": "100039",
    "image": "downloaded_images/Cartoon/Sword_Art_Online/image_20241106_155833_4.jpg",
    "conversations": [
      {
        "from": "human",
        "value": "<image>\nWho are the primary characters in this cartoon?"
      },
      {
        "from": "gpt",
        "value": "The main characters in \"Sword Art Online\" include Kirito (Kazuto Kirigaya), Asuna (Asuna Yuuki), and several others such as Klein, Sinon, and Leafa."
      }
    ]
  },
  {
    "id": "100040",
    "image": "downloaded_images/Cartoon/Sword_Art_Online/image_20241106_160119_22.jpg",
    "conversations": [
      {
        "from": "human",
        "value": "<image>\nWho are the primary characters in this cartoon?"
      },
      {
        "from": "gpt",
        "value": "The main characters in \"Sword Art Online\" include Kirito (Kazuto Kirigaya), Asuna (Asuna Yuuki), and several others such as Klein, Sinon, and Leafa."
      }
    ]
  },
  {
    "id": "100041",
    "image": "downloaded_images/Cartoon/Sword_Art_Online/image_20241106_155850_6.jpg",
    "conversations": [
      {
        "from": "human",
        "value": "<image>\nWhat is the main plot or premise of this cartoon?"
      },
      {
        "from": "gpt",
        "value": "The central storyline of \"Sword Art Online\" revolves around players who become trapped in a virtual reality MMORPG (Massively Multiplayer Online Role-Playing Game) called Sword Art Online. If they die in the game, they die in real life. The protagonist, Kirito, must navigate this dangerous world, form alliances, and find a way to escape while uncovering the mysteries of the game and its creator."
      }
    ]
  },
  {
    "id": "100042",
    "image": "downloaded_images/Cartoon/Sword_Art_Online/image_20241106_160226_27.jpg",
    "conversations": [
      {
        "from": "human",
        "value": "<image>\nWhat is the main plot or premise of this cartoon?"
      },
      {
        "from": "gpt",
        "value": "The central storyline of \"Sword Art Online\" revolves around players who become trapped in a virtual reality MMORPG (Massively Multiplayer Online Role-Playing Game) called Sword Art Online. If they die in the game, they die in real life. The protagonist, Kirito, must navigate this dangerous world, form alliances, and find a way to escape while uncovering the mysteries of the game and its creator."
      }
    ]
  },
  {
    "id": "100043",
    "image": "downloaded_images/Cartoon/Sword_Art_Online/image_20241018_105310_3.jpg",
    "conversations": [
      {
        "from": "human",
        "value": "<image>\nWhat is the main plot or premise of this cartoon?"
      },
      {
        "from": "gpt",
        "value": "The central storyline of \"Sword Art Online\" revolves around players who become trapped in a virtual reality MMORPG (Massively Multiplayer Online Role-Playing Game) called Sword Art Online. If they die in the game, they die in real life. The protagonist, Kirito, must navigate this dangerous world, form alliances, and find a way to escape while uncovering the mysteries of the game and its creator."
      }
    ]
  },
  {
    "id": "100044",
    "image": "downloaded_images/Cartoon/Sword_Art_Online/image_20241106_160054_19.jpg",
    "conversations": [
      {
        "from": "human",
        "value": "<image>\nWhat is the main plot or premise of this cartoon?"
      },
      {
        "from": "gpt",
        "value": "The central storyline of \"Sword Art Online\" revolves around players who become trapped in a virtual reality MMORPG (Massively Multiplayer Online Role-Playing Game) called Sword Art Online. If they die in the game, they die in real life. The protagonist, Kirito, must navigate this dangerous world, form alliances, and find a way to escape while uncovering the mysteries of the game and its creator."
      }
    ]
  },
  {
    "id": "100045",
    "image": "downloaded_images/Cartoon/Sword_Art_Online/image_20241106_160128_23.jpg",
    "conversations": [
      {
        "from": "human",
        "value": "<image>\nWhat is the main plot or premise of this cartoon?"
      },
      {
        "from": "gpt",
        "value": "The central storyline of \"Sword Art Online\" revolves around players who become trapped in a virtual reality MMORPG (Massively Multiplayer Online Role-Playing Game) called Sword Art Online. If they die in the game, they die in real life. The protagonist, Kirito, must navigate this dangerous world, form alliances, and find a way to escape while uncovering the mysteries of the game and its creator."
      }
    ]
  },
  {
    "id": "200022",
    "image": "downloaded_images/Cartoon/Sword_Art_Online/image_20241018_105414_8.jpg",
    "conversations": [
      {
        "from": "human",
        "value": "<image>\nWhat is the title of this animated series?"
      },
      {
        "from": "gpt",
        "value": "The title of this cartoon is \"Sword Art Online.\""
      }
    ]
  },
  {
    "id": "200023",
    "image": "downloaded_images/Cartoon/Sword_Art_Online/image_20241018_105414_8.jpg",
    "conversations": [
      {
        "from": "human",
        "value": "<image>\nWho made or produced this animated show?"
      },
      {
        "from": "gpt",
        "value": "\"Sword Art Online\" was created by Reki Kawahara and produced by A-1 Pictures."
      }
    ]
  },
  {
    "id": "200024",
    "image": "downloaded_images/Cartoon/Sword_Art_Online/image_20241018_105406_7.jpg",
    "conversations": [
      {
        "from": "human",
        "value": "<image>\nWho are the main figures in this animated series?"
      },
      {
        "from": "gpt",
        "value": "The main characters in \"Sword Art Online\" include Kirito (Kazuto Kirigaya), Asuna (Asuna Yuuki), and several others such as Klein, Sinon, and Leafa."
      }
    ]
  },
  {
    "id": "200025",
    "image": "downloaded_images/Cartoon/Sword_Art_Online/image_20241018_105250_1.jpg",
    "conversations": [
      {
        "from": "human",
        "value": "<image>\nWhat is the central storyline of this animated series?"
      },
      {
        "from": "gpt",
        "value": "The central storyline of \"Sword Art Online\" revolves around players who become trapped in a virtual reality MMORPG (Massively Multiplayer Online Role-Playing Game) called Sword Art Online. If they die in the game, they die in real life. The protagonist, Kirito, must navigate this dangerous world, form alliances, and find a way to escape while uncovering the mysteries of the game and its creator."
      }
    ]
  },
  {
    "id": "200026",
    "image": "downloaded_images/Cartoon/Sword_Art_Online/image_20241106_155816_2.jpg",
    "conversations": [
      {
        "from": "human",
        "value": "<image>\nWhat is the title of this animated series?"
      },
      {
        "from": "gpt",
        "value": "The title of this cartoon is \"Sword Art Online.\""
      }
    ]
  },
  {
    "id": "200027",
    "image": "downloaded_images/Cartoon/Sword_Art_Online/image_20241106_160317_30.jpg",
    "conversations": [
      {
        "from": "human",
        "value": "<image>\nWhat is the title of this animated series?"
      },
      {
        "from": "gpt",
        "value": "The title of this cartoon is \"Sword Art Online.\""
      }
    ]
  },
  {
    "id": "200028",
    "image": "downloaded_images/Cartoon/Sword_Art_Online/image_20241018_105606_19.jpg",
    "conversations": [
      {
        "from": "human",
        "value": "<image>\nWhat is the title of this animated series?"
      },
      {
        "from": "gpt",
        "value": "The title of this cartoon is \"Sword Art Online.\""
      }
    ]
  },
  {
    "id": "200029",
    "image": "downloaded_images/Cartoon/Sword_Art_Online/image_20241106_155826_3.jpg",
    "conversations": [
      {
        "from": "human",
        "value": "<image>\nWhat is the title of this animated series?"
      },
      {
        "from": "gpt",
        "value": "The title of this cartoon is \"Sword Art Online.\""
      }
    ]
  },
  {
    "id": "200030",
    "image": "downloaded_images/Cartoon/Sword_Art_Online/image_20241106_160054_19.jpg",
    "conversations": [
      {
        "from": "human",
        "value": "<image>\nWhat is the title of this animated series?"
      },
      {
        "from": "gpt",
        "value": "The title of this cartoon is \"Sword Art Online.\""
      }
    ]
  },
  {
    "id": "200031",
    "image": "downloaded_images/Cartoon/Sword_Art_Online/image_20241106_160045_18.jpg",
    "conversations": [
      {
        "from": "human",
        "value": "<image>\nWho made or produced this animated show?"
      },
      {
        "from": "gpt",
        "value": "\"Sword Art Online\" was created by Reki Kawahara and produced by A-1 Pictures."
      }
    ]
  },
  {
    "id": "200032",
    "image": "downloaded_images/Cartoon/Sword_Art_Online/image_20241106_155850_6.jpg",
    "conversations": [
      {
        "from": "human",
        "value": "<image>\nWho made or produced this animated show?"
      },
      {
        "from": "gpt",
        "value": "\"Sword Art Online\" was created by Reki Kawahara and produced by A-1 Pictures."
      }
    ]
  },
  {
    "id": "200033",
    "image": "downloaded_images/Cartoon/Sword_Art_Online/image_20241106_155826_3.jpg",
    "conversations": [
      {
        "from": "human",
        "value": "<image>\nWho made or produced this animated show?"
      },
      {
        "from": "gpt",
        "value": "\"Sword Art Online\" was created by Reki Kawahara and produced by A-1 Pictures."
      }
    ]
  },
  {
    "id": "200034",
    "image": "downloaded_images/Cartoon/Sword_Art_Online/image_20241106_160034_17.jpg",
    "conversations": [
      {
        "from": "human",
        "value": "<image>\nWho made or produced this animated show?"
      },
      {
        "from": "gpt",
        "value": "\"Sword Art Online\" was created by Reki Kawahara and produced by A-1 Pictures."
      }
    ]
  },
  {
    "id": "200035",
    "image": "downloaded_images/Cartoon/Sword_Art_Online/image_20241106_155900_7.jpg",
    "conversations": [
      {
        "from": "human",
        "value": "<image>\nWho made or produced this animated show?"
      },
      {
        "from": "gpt",
        "value": "\"Sword Art Online\" was created by Reki Kawahara and produced by A-1 Pictures."
      }
    ]
  },
  {
    "id": "200036",
    "image": "downloaded_images/Cartoon/Sword_Art_Online/image_20241018_105310_3.jpg",
    "conversations": [
      {
        "from": "human",
        "value": "<image>\nWho are the main figures in this animated series?"
      },
      {
        "from": "gpt",
        "value": "The main characters in \"Sword Art Online\" include Kirito (Kazuto Kirigaya), Asuna (Asuna Yuuki), and several others such as Klein, Sinon, and Leafa."
      }
    ]
  },
  {
    "id": "200037",
    "image": "downloaded_images/Cartoon/Sword_Art_Online/image_20241106_155945_12.jpg",
    "conversations": [
      {
        "from": "human",
        "value": "<image>\nWho are the main figures in this animated series?"
      },
      {
        "from": "gpt",
        "value": "The main characters in \"Sword Art Online\" include Kirito (Kazuto Kirigaya), Asuna (Asuna Yuuki), and several others such as Klein, Sinon, and Leafa."
      }
    ]
  },
  {
    "id": "200038",
    "image": "downloaded_images/Cartoon/Sword_Art_Online/image_20241106_160017_15.jpg",
    "conversations": [
      {
        "from": "human",
        "value": "<image>\nWho are the main figures in this animated series?"
      },
      {
        "from": "gpt",
        "value": "The main characters in \"Sword Art Online\" include Kirito (Kazuto Kirigaya), Asuna (Asuna Yuuki), and several others such as Klein, Sinon, and Leafa."
      }
    ]
  },
  {
    "id": "200039",
    "image": "downloaded_images/Cartoon/Sword_Art_Online/image_20241106_155833_4.jpg",
    "conversations": [
      {
        "from": "human",
        "value": "<image>\nWho are the main figures in this animated series?"
      },
      {
        "from": "gpt",
        "value": "The main characters in \"Sword Art Online\" include Kirito (Kazuto Kirigaya), Asuna (Asuna Yuuki), and several others such as Klein, Sinon, and Leafa."
      }
    ]
  },
  {
    "id": "200040",
    "image": "downloaded_images/Cartoon/Sword_Art_Online/image_20241106_160119_22.jpg",
    "conversations": [
      {
        "from": "human",
        "value": "<image>\nWho are the main figures in this animated series?"
      },
      {
        "from": "gpt",
        "value": "The main characters in \"Sword Art Online\" include Kirito (Kazuto Kirigaya), Asuna (Asuna Yuuki), and several others such as Klein, Sinon, and Leafa."
      }
    ]
  },
  {
    "id": "200041",
    "image": "downloaded_images/Cartoon/Sword_Art_Online/image_20241106_155850_6.jpg",
    "conversations": [
      {
        "from": "human",
        "value": "<image>\nWhat is the central storyline of this animated series?"
      },
      {
        "from": "gpt",
        "value": "The central storyline of \"Sword Art Online\" revolves around players who become trapped in a virtual reality MMORPG (Massively Multiplayer Online Role-Playing Game) called Sword Art Online. If they die in the game, they die in real life. The protagonist, Kirito, must navigate this dangerous world, form alliances, and find a way to escape while uncovering the mysteries of the game and its creator."
      }
    ]
  },
  {
    "id": "200042",
    "image": "downloaded_images/Cartoon/Sword_Art_Online/image_20241106_160226_27.jpg",
    "conversations": [
      {
        "from": "human",
        "value": "<image>\nWhat is the central storyline of this animated series?"
      },
      {
        "from": "gpt",
        "value": "The central storyline of \"Sword Art Online\" revolves around players who become trapped in a virtual reality MMORPG (Massively Multiplayer Online Role-Playing Game) called Sword Art Online. If they die in the game, they die in real life. The protagonist, Kirito, must navigate this dangerous world, form alliances, and find a way to escape while uncovering the mysteries of the game and its creator."
      }
    ]
  },
  {
    "id": "200043",
    "image": "downloaded_images/Cartoon/Sword_Art_Online/image_20241018_105310_3.jpg",
    "conversations": [
      {
        "from": "human",
        "value": "<image>\nWhat is the central storyline of this animated series?"
      },
      {
        "from": "gpt",
        "value": "The central storyline of \"Sword Art Online\" revolves around players who become trapped in a virtual reality MMORPG (Massively Multiplayer Online Role-Playing Game) called Sword Art Online. If they die in the game, they die in real life. The protagonist, Kirito, must navigate this dangerous world, form alliances, and find a way to escape while uncovering the mysteries of the game and its creator."
      }
    ]
  },
  {
    "id": "200044",
    "image": "downloaded_images/Cartoon/Sword_Art_Online/image_20241106_160054_19.jpg",
    "conversations": [
      {
        "from": "human",
        "value": "<image>\nWhat is the central storyline of this animated series?"
      },
      {
        "from": "gpt",
        "value": "The central storyline of \"Sword Art Online\" revolves around players who become trapped in a virtual reality MMORPG (Massively Multiplayer Online Role-Playing Game) called Sword Art Online. If they die in the game, they die in real life. The protagonist, Kirito, must navigate this dangerous world, form alliances, and find a way to escape while uncovering the mysteries of the game and its creator."
      }
    ]
  },
  {
    "id": "200045",
    "image": "downloaded_images/Cartoon/Sword_Art_Online/image_20241106_160128_23.jpg",
    "conversations": [
      {
        "from": "human",
        "value": "<image>\nWhat is the central storyline of this animated series?"
      },
      {
        "from": "gpt",
        "value": "The central storyline of \"Sword Art Online\" revolves around players who become trapped in a virtual reality MMORPG (Massively Multiplayer Online Role-Playing Game) called Sword Art Online. If they die in the game, they die in real life. The protagonist, Kirito, must navigate this dangerous world, form alliances, and find a way to escape while uncovering the mysteries of the game and its creator."
      }
    ]
  },
  {
    "id": "300022",
    "image": "downloaded_images/Cartoon/Sword_Art_Online/image_20241018_105414_8.jpg",
    "conversations": [
      {
        "from": "human",
        "value": "<image>\nHow is this cartoon referred to?"
      },
      {
        "from": "gpt",
        "value": "The title of this cartoon is \"Sword Art Online.\""
      }
    ]
  },
  {
    "id": "300023",
    "image": "downloaded_images/Cartoon/Sword_Art_Online/image_20241018_105414_8.jpg",
    "conversations": [
      {
        "from": "human",
        "value": "<image>\nWho is responsible for creating this cartoon?"
      },
      {
        "from": "gpt",
        "value": "\"Sword Art Online\" was created by Reki Kawahara and produced by A-1 Pictures."
      }
    ]
  },
  {
    "id": "300024",
    "image": "downloaded_images/Cartoon/Sword_Art_Online/image_20241018_105406_7.jpg",
    "conversations": [
      {
        "from": "human",
        "value": "<image>\nWhat characters play central roles in this cartoon?"
      },
      {
        "from": "gpt",
        "value": "The main characters in \"Sword Art Online\" include Kirito (Kazuto Kirigaya), Asuna (Asuna Yuuki), and several others such as Klein, Sinon, and Leafa."
      }
    ]
  },
  {
    "id": "300025",
    "image": "downloaded_images/Cartoon/Sword_Art_Online/image_20241018_105250_1.jpg",
    "conversations": [
      {
        "from": "human",
        "value": "<image>\nWhat is the basic premise of this cartoon?"
      },
      {
        "from": "gpt",
        "value": "The central storyline of \"Sword Art Online\" revolves around players who become trapped in a virtual reality MMORPG (Massively Multiplayer Online Role-Playing Game) called Sword Art Online. If they die in the game, they die in real life. The protagonist, Kirito, must navigate this dangerous world, form alliances, and find a way to escape while uncovering the mysteries of the game and its creator."
      }
    ]
  },
  {
    "id": "300026",
    "image": "downloaded_images/Cartoon/Sword_Art_Online/image_20241106_155816_2.jpg",
    "conversations": [
      {
        "from": "human",
        "value": "<image>\nHow is this cartoon referred to?"
      },
      {
        "from": "gpt",
        "value": "The title of this cartoon is \"Sword Art Online.\""
      }
    ]
  },
  {
    "id": "300027",
    "image": "downloaded_images/Cartoon/Sword_Art_Online/image_20241106_160317_30.jpg",
    "conversations": [
      {
        "from": "human",
        "value": "<image>\nHow is this cartoon referred to?"
      },
      {
        "from": "gpt",
        "value": "The title of this cartoon is \"Sword Art Online.\""
      }
    ]
  },
  {
    "id": "300028",
    "image": "downloaded_images/Cartoon/Sword_Art_Online/image_20241018_105606_19.jpg",
    "conversations": [
      {
        "from": "human",
        "value": "<image>\nHow is this cartoon referred to?"
      },
      {
        "from": "gpt",
        "value": "The title of this cartoon is \"Sword Art Online.\""
      }
    ]
  },
  {
    "id": "300029",
    "image": "downloaded_images/Cartoon/Sword_Art_Online/image_20241106_155826_3.jpg",
    "conversations": [
      {
        "from": "human",
        "value": "<image>\nHow is this cartoon referred to?"
      },
      {
        "from": "gpt",
        "value": "The title of this cartoon is \"Sword Art Online.\""
      }
    ]
  },
  {
    "id": "300030",
    "image": "downloaded_images/Cartoon/Sword_Art_Online/image_20241106_160054_19.jpg",
    "conversations": [
      {
        "from": "human",
        "value": "<image>\nHow is this cartoon referred to?"
      },
      {
        "from": "gpt",
        "value": "The title of this cartoon is \"Sword Art Online.\""
      }
    ]
  },
  {
    "id": "300031",
    "image": "downloaded_images/Cartoon/Sword_Art_Online/image_20241106_160045_18.jpg",
    "conversations": [
      {
        "from": "human",
        "value": "<image>\nWho is responsible for creating this cartoon?"
      },
      {
        "from": "gpt",
        "value": "\"Sword Art Online\" was created by Reki Kawahara and produced by A-1 Pictures."
      }
    ]
  },
  {
    "id": "300032",
    "image": "downloaded_images/Cartoon/Sword_Art_Online/image_20241106_155850_6.jpg",
    "conversations": [
      {
        "from": "human",
        "value": "<image>\nWho is responsible for creating this cartoon?"
      },
      {
        "from": "gpt",
        "value": "\"Sword Art Online\" was created by Reki Kawahara and produced by A-1 Pictures."
      }
    ]
  },
  {
    "id": "300033",
    "image": "downloaded_images/Cartoon/Sword_Art_Online/image_20241106_155826_3.jpg",
    "conversations": [
      {
        "from": "human",
        "value": "<image>\nWho is responsible for creating this cartoon?"
      },
      {
        "from": "gpt",
        "value": "\"Sword Art Online\" was created by Reki Kawahara and produced by A-1 Pictures."
      }
    ]
  },
  {
    "id": "300034",
    "image": "downloaded_images/Cartoon/Sword_Art_Online/image_20241106_160034_17.jpg",
    "conversations": [
      {
        "from": "human",
        "value": "<image>\nWho is responsible for creating this cartoon?"
      },
      {
        "from": "gpt",
        "value": "\"Sword Art Online\" was created by Reki Kawahara and produced by A-1 Pictures."
      }
    ]
  },
  {
    "id": "300035",
    "image": "downloaded_images/Cartoon/Sword_Art_Online/image_20241106_155900_7.jpg",
    "conversations": [
      {
        "from": "human",
        "value": "<image>\nWho is responsible for creating this cartoon?"
      },
      {
        "from": "gpt",
        "value": "\"Sword Art Online\" was created by Reki Kawahara and produced by A-1 Pictures."
      }
    ]
  },
  {
    "id": "300036",
    "image": "downloaded_images/Cartoon/Sword_Art_Online/image_20241018_105310_3.jpg",
    "conversations": [
      {
        "from": "human",
        "value": "<image>\nWhat characters play central roles in this cartoon?"
      },
      {
        "from": "gpt",
        "value": "The main characters in \"Sword Art Online\" include Kirito (Kazuto Kirigaya), Asuna (Asuna Yuuki), and several others such as Klein, Sinon, and Leafa."
      }
    ]
  },
  {
    "id": "300037",
    "image": "downloaded_images/Cartoon/Sword_Art_Online/image_20241106_155945_12.jpg",
    "conversations": [
      {
        "from": "human",
        "value": "<image>\nWhat characters play central roles in this cartoon?"
      },
      {
        "from": "gpt",
        "value": "The main characters in \"Sword Art Online\" include Kirito (Kazuto Kirigaya), Asuna (Asuna Yuuki), and several others such as Klein, Sinon, and Leafa."
      }
    ]
  },
  {
    "id": "300038",
    "image": "downloaded_images/Cartoon/Sword_Art_Online/image_20241106_160017_15.jpg",
    "conversations": [
      {
        "from": "human",
        "value": "<image>\nWhat characters play central roles in this cartoon?"
      },
      {
        "from": "gpt",
        "value": "The main characters in \"Sword Art Online\" include Kirito (Kazuto Kirigaya), Asuna (Asuna Yuuki), and several others such as Klein, Sinon, and Leafa."
      }
    ]
  },
  {
    "id": "300039",
    "image": "downloaded_images/Cartoon/Sword_Art_Online/image_20241106_155833_4.jpg",
    "conversations": [
      {
        "from": "human",
        "value": "<image>\nWhat characters play central roles in this cartoon?"
      },
      {
        "from": "gpt",
        "value": "The main characters in \"Sword Art Online\" include Kirito (Kazuto Kirigaya), Asuna (Asuna Yuuki), and several others such as Klein, Sinon, and Leafa."
      }
    ]
  },
  {
    "id": "300040",
    "image": "downloaded_images/Cartoon/Sword_Art_Online/image_20241106_160119_22.jpg",
    "conversations": [
      {
        "from": "human",
        "value": "<image>\nWhat characters play central roles in this cartoon?"
      },
      {
        "from": "gpt",
        "value": "The main characters in \"Sword Art Online\" include Kirito (Kazuto Kirigaya), Asuna (Asuna Yuuki), and several others such as Klein, Sinon, and Leafa."
      }
    ]
  },
  {
    "id": "300041",
    "image": "downloaded_images/Cartoon/Sword_Art_Online/image_20241106_155850_6.jpg",
    "conversations": [
      {
        "from": "human",
        "value": "<image>\nWhat is the basic premise of this cartoon?"
      },
      {
        "from": "gpt",
        "value": "The central storyline of \"Sword Art Online\" revolves around players who become trapped in a virtual reality MMORPG (Massively Multiplayer Online Role-Playing Game) called Sword Art Online. If they die in the game, they die in real life. The protagonist, Kirito, must navigate this dangerous world, form alliances, and find a way to escape while uncovering the mysteries of the game and its creator."
      }
    ]
  },
  {
    "id": "300042",
    "image": "downloaded_images/Cartoon/Sword_Art_Online/image_20241106_160226_27.jpg",
    "conversations": [
      {
        "from": "human",
        "value": "<image>\nWhat is the basic premise of this cartoon?"
      },
      {
        "from": "gpt",
        "value": "The central storyline of \"Sword Art Online\" revolves around players who become trapped in a virtual reality MMORPG (Massively Multiplayer Online Role-Playing Game) called Sword Art Online. If they die in the game, they die in real life. The protagonist, Kirito, must navigate this dangerous world, form alliances, and find a way to escape while uncovering the mysteries of the game and its creator."
      }
    ]
  },
  {
    "id": "300043",
    "image": "downloaded_images/Cartoon/Sword_Art_Online/image_20241018_105310_3.jpg",
    "conversations": [
      {
        "from": "human",
        "value": "<image>\nWhat is the basic premise of this cartoon?"
      },
      {
        "from": "gpt",
        "value": "The central storyline of \"Sword Art Online\" revolves around players who become trapped in a virtual reality MMORPG (Massively Multiplayer Online Role-Playing Game) called Sword Art Online. If they die in the game, they die in real life. The protagonist, Kirito, must navigate this dangerous world, form alliances, and find a way to escape while uncovering the mysteries of the game and its creator."
      }
    ]
  },
  {
    "id": "300044",
    "image": "downloaded_images/Cartoon/Sword_Art_Online/image_20241106_160054_19.jpg",
    "conversations": [
      {
        "from": "human",
        "value": "<image>\nWhat is the basic premise of this cartoon?"
      },
      {
        "from": "gpt",
        "value": "The central storyline of \"Sword Art Online\" revolves around players who become trapped in a virtual reality MMORPG (Massively Multiplayer Online Role-Playing Game) called Sword Art Online. If they die in the game, they die in real life. The protagonist, Kirito, must navigate this dangerous world, form alliances, and find a way to escape while uncovering the mysteries of the game and its creator."
      }
    ]
  },
  {
    "id": "300045",
    "image": "downloaded_images/Cartoon/Sword_Art_Online/image_20241106_160128_23.jpg",
    "conversations": [
      {
        "from": "human",
        "value": "<image>\nWhat is the basic premise of this cartoon?"
      },
      {
        "from": "gpt",
        "value": "The central storyline of \"Sword Art Online\" revolves around players who become trapped in a virtual reality MMORPG (Massively Multiplayer Online Role-Playing Game) called Sword Art Online. If they die in the game, they die in real life. The protagonist, Kirito, must navigate this dangerous world, form alliances, and find a way to escape while uncovering the mysteries of the game and its creator."
      }
    ]
  },
  {
    "id": "400022",
    "image": "downloaded_images/Cartoon/Sword_Art_Online/image_20241018_105414_8.jpg",
    "conversations": [
      {
        "from": "human",
        "value": "<image>\nWhat do people call this cartoon?"
      },
      {
        "from": "gpt",
        "value": "The title of this cartoon is \"Sword Art Online.\""
      }
    ]
  },
  {
    "id": "400023",
    "image": "downloaded_images/Cartoon/Sword_Art_Online/image_20241018_105414_8.jpg",
    "conversations": [
      {
        "from": "human",
        "value": "<image>\nWho developed this animated series?"
      },
      {
        "from": "gpt",
        "value": "\"Sword Art Online\" was created by Reki Kawahara and produced by A-1 Pictures."
      }
    ]
  },
  {
    "id": "400024",
    "image": "downloaded_images/Cartoon/Sword_Art_Online/image_20241018_105406_7.jpg",
    "conversations": [
      {
        "from": "human",
        "value": "<image>\nWho are the key characters featured in this cartoon?"
      },
      {
        "from": "gpt",
        "value": "The main characters in \"Sword Art Online\" include Kirito (Kazuto Kirigaya), Asuna (Asuna Yuuki), and several others such as Klein, Sinon, and Leafa."
      }
    ]
  },
  {
    "id": "400025",
    "image": "downloaded_images/Cartoon/Sword_Art_Online/image_20241018_105250_1.jpg",
    "conversations": [
      {
        "from": "human",
        "value": "<image>\nCan you summarize the main storyline of this cartoon?"
      },
      {
        "from": "gpt",
        "value": "The central storyline of \"Sword Art Online\" revolves around players who become trapped in a virtual reality MMORPG (Massively Multiplayer Online Role-Playing Game) called Sword Art Online. If they die in the game, they die in real life. The protagonist, Kirito, must navigate this dangerous world, form alliances, and find a way to escape while uncovering the mysteries of the game and its creator."
      }
    ]
  },
  {
    "id": "400026",
    "image": "downloaded_images/Cartoon/Sword_Art_Online/image_20241106_155816_2.jpg",
    "conversations": [
      {
        "from": "human",
        "value": "<image>\nWhat do people call this cartoon?"
      },
      {
        "from": "gpt",
        "value": "The title of this cartoon is \"Sword Art Online.\""
      }
    ]
  },
  {
    "id": "400027",
    "image": "downloaded_images/Cartoon/Sword_Art_Online/image_20241106_160317_30.jpg",
    "conversations": [
      {
        "from": "human",
        "value": "<image>\nWhat do people call this cartoon?"
      },
      {
        "from": "gpt",
        "value": "The title of this cartoon is \"Sword Art Online.\""
      }
    ]
  },
  {
    "id": "400028",
    "image": "downloaded_images/Cartoon/Sword_Art_Online/image_20241018_105606_19.jpg",
    "conversations": [
      {
        "from": "human",
        "value": "<image>\nWhat do people call this cartoon?"
      },
      {
        "from": "gpt",
        "value": "The title of this cartoon is \"Sword Art Online.\""
      }
    ]
  },
  {
    "id": "400029",
    "image": "downloaded_images/Cartoon/Sword_Art_Online/image_20241106_155826_3.jpg",
    "conversations": [
      {
        "from": "human",
        "value": "<image>\nWhat do people call this cartoon?"
      },
      {
        "from": "gpt",
        "value": "The title of this cartoon is \"Sword Art Online.\""
      }
    ]
  },
  {
    "id": "400030",
    "image": "downloaded_images/Cartoon/Sword_Art_Online/image_20241106_160054_19.jpg",
    "conversations": [
      {
        "from": "human",
        "value": "<image>\nWhat do people call this cartoon?"
      },
      {
        "from": "gpt",
        "value": "The title of this cartoon is \"Sword Art Online.\""
      }
    ]
  },
  {
    "id": "400031",
    "image": "downloaded_images/Cartoon/Sword_Art_Online/image_20241106_160045_18.jpg",
    "conversations": [
      {
        "from": "human",
        "value": "<image>\nWho developed this animated series?"
      },
      {
        "from": "gpt",
        "value": "\"Sword Art Online\" was created by Reki Kawahara and produced by A-1 Pictures."
      }
    ]
  },
  {
    "id": "400032",
    "image": "downloaded_images/Cartoon/Sword_Art_Online/image_20241106_155850_6.jpg",
    "conversations": [
      {
        "from": "human",
        "value": "<image>\nWho developed this animated series?"
      },
      {
        "from": "gpt",
        "value": "\"Sword Art Online\" was created by Reki Kawahara and produced by A-1 Pictures."
      }
    ]
  },
  {
    "id": "400033",
    "image": "downloaded_images/Cartoon/Sword_Art_Online/image_20241106_155826_3.jpg",
    "conversations": [
      {
        "from": "human",
        "value": "<image>\nWho developed this animated series?"
      },
      {
        "from": "gpt",
        "value": "\"Sword Art Online\" was created by Reki Kawahara and produced by A-1 Pictures."
      }
    ]
  },
  {
    "id": "400034",
    "image": "downloaded_images/Cartoon/Sword_Art_Online/image_20241106_160034_17.jpg",
    "conversations": [
      {
        "from": "human",
        "value": "<image>\nWho developed this animated series?"
      },
      {
        "from": "gpt",
        "value": "\"Sword Art Online\" was created by Reki Kawahara and produced by A-1 Pictures."
      }
    ]
  },
  {
    "id": "400035",
    "image": "downloaded_images/Cartoon/Sword_Art_Online/image_20241106_155900_7.jpg",
    "conversations": [
      {
        "from": "human",
        "value": "<image>\nWho developed this animated series?"
      },
      {
        "from": "gpt",
        "value": "\"Sword Art Online\" was created by Reki Kawahara and produced by A-1 Pictures."
      }
    ]
  },
  {
    "id": "400036",
    "image": "downloaded_images/Cartoon/Sword_Art_Online/image_20241018_105310_3.jpg",
    "conversations": [
      {
        "from": "human",
        "value": "<image>\nWho are the key characters featured in this cartoon?"
      },
      {
        "from": "gpt",
        "value": "The main characters in \"Sword Art Online\" include Kirito (Kazuto Kirigaya), Asuna (Asuna Yuuki), and several others such as Klein, Sinon, and Leafa."
      }
    ]
  },
  {
    "id": "400037",
    "image": "downloaded_images/Cartoon/Sword_Art_Online/image_20241106_155945_12.jpg",
    "conversations": [
      {
        "from": "human",
        "value": "<image>\nWho are the key characters featured in this cartoon?"
      },
      {
        "from": "gpt",
        "value": "The main characters in \"Sword Art Online\" include Kirito (Kazuto Kirigaya), Asuna (Asuna Yuuki), and several others such as Klein, Sinon, and Leafa."
      }
    ]
  },
  {
    "id": "400038",
    "image": "downloaded_images/Cartoon/Sword_Art_Online/image_20241106_160017_15.jpg",
    "conversations": [
      {
        "from": "human",
        "value": "<image>\nWho are the key characters featured in this cartoon?"
      },
      {
        "from": "gpt",
        "value": "The main characters in \"Sword Art Online\" include Kirito (Kazuto Kirigaya), Asuna (Asuna Yuuki), and several others such as Klein, Sinon, and Leafa."
      }
    ]
  },
  {
    "id": "400039",
    "image": "downloaded_images/Cartoon/Sword_Art_Online/image_20241106_155833_4.jpg",
    "conversations": [
      {
        "from": "human",
        "value": "<image>\nWho are the key characters featured in this cartoon?"
      },
      {
        "from": "gpt",
        "value": "The main characters in \"Sword Art Online\" include Kirito (Kazuto Kirigaya), Asuna (Asuna Yuuki), and several others such as Klein, Sinon, and Leafa."
      }
    ]
  },
  {
    "id": "400040",
    "image": "downloaded_images/Cartoon/Sword_Art_Online/image_20241106_160119_22.jpg",
    "conversations": [
      {
        "from": "human",
        "value": "<image>\nWho are the key characters featured in this cartoon?"
      },
      {
        "from": "gpt",
        "value": "The main characters in \"Sword Art Online\" include Kirito (Kazuto Kirigaya), Asuna (Asuna Yuuki), and several others such as Klein, Sinon, and Leafa."
      }
    ]
  },
  {
    "id": "400041",
    "image": "downloaded_images/Cartoon/Sword_Art_Online/image_20241106_155850_6.jpg",
    "conversations": [
      {
        "from": "human",
        "value": "<image>\nCan you summarize the main storyline of this cartoon?"
      },
      {
        "from": "gpt",
        "value": "The central storyline of \"Sword Art Online\" revolves around players who become trapped in a virtual reality MMORPG (Massively Multiplayer Online Role-Playing Game) called Sword Art Online. If they die in the game, they die in real life. The protagonist, Kirito, must navigate this dangerous world, form alliances, and find a way to escape while uncovering the mysteries of the game and its creator."
      }
    ]
  },
  {
    "id": "400042",
    "image": "downloaded_images/Cartoon/Sword_Art_Online/image_20241106_160226_27.jpg",
    "conversations": [
      {
        "from": "human",
        "value": "<image>\nCan you summarize the main storyline of this cartoon?"
      },
      {
        "from": "gpt",
        "value": "The central storyline of \"Sword Art Online\" revolves around players who become trapped in a virtual reality MMORPG (Massively Multiplayer Online Role-Playing Game) called Sword Art Online. If they die in the game, they die in real life. The protagonist, Kirito, must navigate this dangerous world, form alliances, and find a way to escape while uncovering the mysteries of the game and its creator."
      }
    ]
  },
  {
    "id": "400043",
    "image": "downloaded_images/Cartoon/Sword_Art_Online/image_20241018_105310_3.jpg",
    "conversations": [
      {
        "from": "human",
        "value": "<image>\nCan you summarize the main storyline of this cartoon?"
      },
      {
        "from": "gpt",
        "value": "The central storyline of \"Sword Art Online\" revolves around players who become trapped in a virtual reality MMORPG (Massively Multiplayer Online Role-Playing Game) called Sword Art Online. If they die in the game, they die in real life. The protagonist, Kirito, must navigate this dangerous world, form alliances, and find a way to escape while uncovering the mysteries of the game and its creator."
      }
    ]
  },
  {
    "id": "400044",
    "image": "downloaded_images/Cartoon/Sword_Art_Online/image_20241106_160054_19.jpg",
    "conversations": [
      {
        "from": "human",
        "value": "<image>\nCan you summarize the main storyline of this cartoon?"
      },
      {
        "from": "gpt",
        "value": "The central storyline of \"Sword Art Online\" revolves around players who become trapped in a virtual reality MMORPG (Massively Multiplayer Online Role-Playing Game) called Sword Art Online. If they die in the game, they die in real life. The protagonist, Kirito, must navigate this dangerous world, form alliances, and find a way to escape while uncovering the mysteries of the game and its creator."
      }
    ]
  },
  {
    "id": "400045",
    "image": "downloaded_images/Cartoon/Sword_Art_Online/image_20241106_160128_23.jpg",
    "conversations": [
      {
        "from": "human",
        "value": "<image>\nCan you summarize the main storyline of this cartoon?"
      },
      {
        "from": "gpt",
        "value": "The central storyline of \"Sword Art Online\" revolves around players who become trapped in a virtual reality MMORPG (Massively Multiplayer Online Role-Playing Game) called Sword Art Online. If they die in the game, they die in real life. The protagonist, Kirito, must navigate this dangerous world, form alliances, and find a way to escape while uncovering the mysteries of the game and its creator."
      }
    ]
  }
]