[
  {
    "id": "1",
    "image": "downloaded_images/Movies/The_Shawshank_Redemption/image_20241018_125829_1.jpg",
    "conversations": [
      {
        "from": "human",
        "value": "<image>\nWhat is the title of this movie?"
      },
      {
        "from": "gpt",
        "value": "The Shawshank Redemption"
      }
    ]
  },
  {
    "id": "2",
    "image": "downloaded_images/Movies/The_Shawshank_Redemption/image_20241018_125829_1.jpg",
    "conversations": [
      {
        "from": "human",
        "value": "<image>\nWho directed this film?"
      },
      {
        "from": "gpt",
        "value": "Frank Darabont"
      }
    ]
  },
  {
    "id": "3",
    "image": "downloaded_images/Movies/The_Shawshank_Redemption/image_20241018_125856_4.jpg",
    "conversations": [
      {
        "from": "human",
        "value": "<image>\nWhen was this film released?"
      },
      {
        "from": "gpt",
        "value": "The film was released on September 23, 1994."
      }
    ]
  },
  {
    "id": "4",
    "image": "downloaded_images/Movies/The_Shawshank_Redemption/image_20241018_125856_4.jpg",
    "conversations": [
      {
        "from": "human",
        "value": "<image>\nWho are the main actors or actresses in this movie?"
      },
      {
        "from": "gpt",
        "value": "The main actors in this movie are Tim Robbins (as Andy Dufresne) and Morgan Freeman (as Ellis \"Red\" Redding)."
      }
    ]
  },
  {
    "id": "5",
    "image": "downloaded_images/Movies/The_Shawshank_Redemption/image_20241107_102733_7.jpg",
    "conversations": [
      {
        "from": "human",
        "value": "<image>\nWhat is the central plot or storyline of this movie?"
      },
      {
        "from": "gpt",
        "value": "The Shawshank Redemption follows the story of Andy Dufresne, a banker who is wrongfully convicted of murdering his wife and her lover. He is sentenced to life in Shawshank State Penitentiary, where he befriends fellow inmate Red. Throughout his time in prison, Andy maintains hope and dignity, using his skills to help the prison staff and improve the lives of his fellow inmates. The film explores themes of friendship, resilience, and the quest for freedom, culminating in Andy's daring escape and quest for a new life."
      }
    ]
  },
  {
    "id": "6",
    "image": "downloaded_images/Movies/The_Shawshank_Redemption/image_20241107_103004_24.jpg",
    "conversations": [
      {
        "from": "human",
        "value": "<image>\nWhat is the title of this movie?"
      },
      {
        "from": "gpt",
        "value": "The Shawshank Redemption"
      }
    ]
  },
  {
    "id": "7",
    "image": "downloaded_images/Movies/The_Shawshank_Redemption/image_20241107_102715_5.jpg",
    "conversations": [
      {
        "from": "human",
        "value": "<image>\nWhat is the title of this movie?"
      },
      {
        "from": "gpt",
        "value": "The Shawshank Redemption"
      }
    ]
  },
  {
    "id": "8",
    "image": "downloaded_images/Movies/The_Shawshank_Redemption/image_20241107_102911_18.jpg",
    "conversations": [
      {
        "from": "human",
        "value": "<image>\nWhat is the title of this movie?"
      },
      {
        "from": "gpt",
        "value": "The Shawshank Redemption"
      }
    ]
  },
  {
    "id": "9",
    "image": "downloaded_images/Movies/The_Shawshank_Redemption/image_20241107_102706_4.jpg",
    "conversations": [
      {
        "from": "human",
        "value": "<image>\nWhat is the title of this movie?"
      },
      {
        "from": "gpt",
        "value": "The Shawshank Redemption"
      }
    ]
  },
  {
    "id": "10",
    "image": "downloaded_images/Movies/The_Shawshank_Redemption/image_20241107_103013_25.jpg",
    "conversations": [
      {
        "from": "human",
        "value": "<image>\nWhat is the title of this movie?"
      },
      {
        "from": "gpt",
        "value": "The Shawshank Redemption"
      }
    ]
  },
  {
    "id": "11",
    "image": "downloaded_images/Movies/The_Shawshank_Redemption/image_20241107_102658_3.jpg",
    "conversations": [
      {
        "from": "human",
        "value": "<image>\nWho directed this film?"
      },
      {
        "from": "gpt",
        "value": "Frank Darabont"
      }
    ]
  },
  {
    "id": "12",
    "image": "downloaded_images/Movies/The_Shawshank_Redemption/image_20241018_130012_13.jpg",
    "conversations": [
      {
        "from": "human",
        "value": "<image>\nWho directed this film?"
      },
      {
        "from": "gpt",
        "value": "Frank Darabont"
      }
    ]
  },
  {
    "id": "13",
    "image": "downloaded_images/Movies/The_Shawshank_Redemption/image_20241107_102723_6.jpg",
    "conversations": [
      {
        "from": "human",
        "value": "<image>\nWho directed this film?"
      },
      {
        "from": "gpt",
        "value": "Frank Darabont"
      }
    ]
  },
  {
    "id": "14",
    "image": "downloaded_images/Movies/The_Shawshank_Redemption/image_20241107_102758_10.jpg",
    "conversations": [
      {
        "from": "human",
        "value": "<image>\nWho directed this film?"
      },
      {
        "from": "gpt",
        "value": "Frank Darabont"
      }
    ]
  },
  {
    "id": "15",
    "image": "downloaded_images/Movies/The_Shawshank_Redemption/image_20241018_125904_5.jpg",
    "conversations": [
      {
        "from": "human",
        "value": "<image>\nWho directed this film?"
      },
      {
        "from": "gpt",
        "value": "Frank Darabont"
      }
    ]
  },
  {
    "id": "16",
    "image": "downloaded_images/Movies/The_Shawshank_Redemption/image_20241107_103029_27.jpg",
    "conversations": [
      {
        "from": "human",
        "value": "<image>\nWhen was this film released?"
      },
      {
        "from": "gpt",
        "value": "The film was released on September 23, 1994."
      }
    ]
  },
  {
    "id": "17",
    "image": "downloaded_images/Movies/The_Shawshank_Redemption/image_20241107_102742_8.jpg",
    "conversations": [
      {
        "from": "human",
        "value": "<image>\nWhen was this film released?"
      },
      {
        "from": "gpt",
        "value": "The film was released on September 23, 1994."
      }
    ]
  },
  {
    "id": "18",
    "image": "downloaded_images/Movies/The_Shawshank_Redemption/image_20241107_102733_7.jpg",
    "conversations": [
      {
        "from": "human",
        "value": "<image>\nWhen was this film released?"
      },
      {
        "from": "gpt",
        "value": "The film was released on September 23, 1994."
      }
    ]
  },
  {
    "id": "19",
    "image": "downloaded_images/Movies/The_Shawshank_Redemption/image_20241107_102658_3.jpg",
    "conversations": [
      {
        "from": "human",
        "value": "<image>\nWhen was this film released?"
      },
      {
        "from": "gpt",
        "value": "The film was released on September 23, 1994."
      }
    ]
  },
  {
    "id": "20",
    "image": "downloaded_images/Movies/The_Shawshank_Redemption/image_20241107_103020_26.jpg",
    "conversations": [
      {
        "from": "human",
        "value": "<image>\nWhen was this film released?"
      },
      {
        "from": "gpt",
        "value": "The film was released on September 23, 1994."
      }
    ]
  },
  {
    "id": "21",
    "image": "downloaded_images/Movies/The_Shawshank_Redemption/image_20241107_102808_11.jpg",
    "conversations": [
      {
        "from": "human",
        "value": "<image>\nWho are the main actors or actresses in this movie?"
      },
      {
        "from": "gpt",
        "value": "The main actors in this movie are Tim Robbins (as Andy Dufresne) and Morgan Freeman (as Ellis \"Red\" Redding)."
      }
    ]
  },
  {
    "id": "22",
    "image": "downloaded_images/Movies/The_Shawshank_Redemption/image_20241107_102930_20.jpg",
    "conversations": [
      {
        "from": "human",
        "value": "<image>\nWho are the main actors or actresses in this movie?"
      },
      {
        "from": "gpt",
        "value": "The main actors in this movie are Tim Robbins (as Andy Dufresne) and Morgan Freeman (as Ellis \"Red\" Redding)."
      }
    ]
  },
  {
    "id": "23",
    "image": "downloaded_images/Movies/The_Shawshank_Redemption/image_20241107_102742_8.jpg",
    "conversations": [
      {
        "from": "human",
        "value": "<image>\nWho are the main actors or actresses in this movie?"
      },
      {
        "from": "gpt",
        "value": "The main actors in this movie are Tim Robbins (as Andy Dufresne) and Morgan Freeman (as Ellis \"Red\" Redding)."
      }
    ]
  },
  {
    "id": "24",
    "image": "downloaded_images/Movies/The_Shawshank_Redemption/image_20241018_125829_1.jpg",
    "conversations": [
      {
        "from": "human",
        "value": "<image>\nWho are the main actors or actresses in this movie?"
      },
      {
        "from": "gpt",
        "value": "The main actors in this movie are Tim Robbins (as Andy Dufresne) and Morgan Freeman (as Ellis \"Red\" Redding)."
      }
    ]
  },
  {
    "id": "25",
    "image": "downloaded_images/Movies/The_Shawshank_Redemption/image_20241107_102902_17.jpg",
    "conversations": [
      {
        "from": "human",
        "value": "<image>\nWho are the main actors or actresses in this movie?"
      },
      {
        "from": "gpt",
        "value": "The main actors in this movie are Tim Robbins (as Andy Dufresne) and Morgan Freeman (as Ellis \"Red\" Redding)."
      }
    ]
  },
  {
    "id": "26",
    "image": "downloaded_images/Movies/The_Shawshank_Redemption/image_20241107_102902_17.jpg",
    "conversations": [
      {
        "from": "human",
        "value": "<image>\nWhat is the central plot or storyline of this movie?"
      },
      {
        "from": "gpt",
        "value": "The Shawshank Redemption follows the story of Andy Dufresne, a banker who is wrongfully convicted of murdering his wife and her lover. He is sentenced to life in Shawshank State Penitentiary, where he befriends fellow inmate Red. Throughout his time in prison, Andy maintains hope and dignity, using his skills to help the prison staff and improve the lives of his fellow inmates. The film explores themes of friendship, resilience, and the quest for freedom, culminating in Andy's daring escape and quest for a new life."
      }
    ]
  },
  {
    "id": "27",
    "image": "downloaded_images/Movies/The_Shawshank_Redemption/image_20241107_102825_13.jpg",
    "conversations": [
      {
        "from": "human",
        "value": "<image>\nWhat is the central plot or storyline of this movie?"
      },
      {
        "from": "gpt",
        "value": "The Shawshank Redemption follows the story of Andy Dufresne, a banker who is wrongfully convicted of murdering his wife and her lover. He is sentenced to life in Shawshank State Penitentiary, where he befriends fellow inmate Red. Throughout his time in prison, Andy maintains hope and dignity, using his skills to help the prison staff and improve the lives of his fellow inmates. The film explores themes of friendship, resilience, and the quest for freedom, culminating in Andy's daring escape and quest for a new life."
      }
    ]
  },
  {
    "id": "28",
    "image": "downloaded_images/Movies/The_Shawshank_Redemption/image_20241018_125836_2.jpg",
    "conversations": [
      {
        "from": "human",
        "value": "<image>\nWhat is the central plot or storyline of this movie?"
      },
      {
        "from": "gpt",
        "value": "The Shawshank Redemption follows the story of Andy Dufresne, a banker who is wrongfully convicted of murdering his wife and her lover. He is sentenced to life in Shawshank State Penitentiary, where he befriends fellow inmate Red. Throughout his time in prison, Andy maintains hope and dignity, using his skills to help the prison staff and improve the lives of his fellow inmates. The film explores themes of friendship, resilience, and the quest for freedom, culminating in Andy's daring escape and quest for a new life."
      }
    ]
  },
  {
    "id": "29",
    "image": "downloaded_images/Movies/The_Shawshank_Redemption/image_20241107_102715_5.jpg",
    "conversations": [
      {
        "from": "human",
        "value": "<image>\nWhat is the central plot or storyline of this movie?"
      },
      {
        "from": "gpt",
        "value": "The Shawshank Redemption follows the story of Andy Dufresne, a banker who is wrongfully convicted of murdering his wife and her lover. He is sentenced to life in Shawshank State Penitentiary, where he befriends fellow inmate Red. Throughout his time in prison, Andy maintains hope and dignity, using his skills to help the prison staff and improve the lives of his fellow inmates. The film explores themes of friendship, resilience, and the quest for freedom, culminating in Andy's daring escape and quest for a new life."
      }
    ]
  },
  {
    "id": "30",
    "image": "downloaded_images/Movies/The_Shawshank_Redemption/image_20241107_102808_11.jpg",
    "conversations": [
      {
        "from": "human",
        "value": "<image>\nWhat is the central plot or storyline of this movie?"
      },
      {
        "from": "gpt",
        "value": "The Shawshank Redemption follows the story of Andy Dufresne, a banker who is wrongfully convicted of murdering his wife and her lover. He is sentenced to life in Shawshank State Penitentiary, where he befriends fellow inmate Red. Throughout his time in prison, Andy maintains hope and dignity, using his skills to help the prison staff and improve the lives of his fellow inmates. The film explores themes of friendship, resilience, and the quest for freedom, culminating in Andy's daring escape and quest for a new life."
      }
    ]
  },
  {
    "id": "100001",
    "image": "downloaded_images/Movies/The_Shawshank_Redemption/image_20241018_125829_1.jpg",
    "conversations": [
      {
        "from": "human",
        "value": "<image>\nWhat is the name of this movie?"
      },
      {
        "from": "gpt",
        "value": "The Shawshank Redemption"
      }
    ]
  },
  {
    "id": "100002",
    "image": "downloaded_images/Movies/The_Shawshank_Redemption/image_20241018_125829_1.jpg",
    "conversations": [
      {
        "from": "human",
        "value": "<image>\nWho is the director of this movie?"
      },
      {
        "from": "gpt",
        "value": "Frank Darabont"
      }
    ]
  },
  {
    "id": "100003",
    "image": "downloaded_images/Movies/The_Shawshank_Redemption/image_20241018_125856_4.jpg",
    "conversations": [
      {
        "from": "human",
        "value": "<image>\nWhen did this movie come out?"
      },
      {
        "from": "gpt",
        "value": "The film was released on September 23, 1994."
      }
    ]
  },
  {
    "id": "100004",
    "image": "downloaded_images/Movies/The_Shawshank_Redemption/image_20241018_125856_4.jpg",
    "conversations": [
      {
        "from": "human",
        "value": "<image>\nWho are the lead actors or actresses in this movie?"
      },
      {
        "from": "gpt",
        "value": "The main actors in this movie are Tim Robbins (as Andy Dufresne) and Morgan Freeman (as Ellis \"Red\" Redding)."
      }
    ]
  },
  {
    "id": "100005",
    "image": "downloaded_images/Movies/The_Shawshank_Redemption/image_20241107_102733_7.jpg",
    "conversations": [
      {
        "from": "human",
        "value": "<image>\nWhat is the main plot or storyline of this movie?"
      },
      {
        "from": "gpt",
        "value": "The Shawshank Redemption follows the story of Andy Dufresne, a banker who is wrongfully convicted of murdering his wife and her lover. He is sentenced to life in Shawshank State Penitentiary, where he befriends fellow inmate Red. Throughout his time in prison, Andy maintains hope and dignity, using his skills to help the prison staff and improve the lives of his fellow inmates. The film explores themes of friendship, resilience, and the quest for freedom, culminating in Andy's daring escape and quest for a new life."
      }
    ]
  },
  {
    "id": "100006",
    "image": "downloaded_images/Movies/The_Shawshank_Redemption/image_20241107_103004_24.jpg",
    "conversations": [
      {
        "from": "human",
        "value": "<image>\nWhat is the name of this movie?"
      },
      {
        "from": "gpt",
        "value": "The Shawshank Redemption"
      }
    ]
  },
  {
    "id": "100007",
    "image": "downloaded_images/Movies/The_Shawshank_Redemption/image_20241107_102715_5.jpg",
    "conversations": [
      {
        "from": "human",
        "value": "<image>\nWhat is the name of this movie?"
      },
      {
        "from": "gpt",
        "value": "The Shawshank Redemption"
      }
    ]
  },
  {
    "id": "100008",
    "image": "downloaded_images/Movies/The_Shawshank_Redemption/image_20241107_102911_18.jpg",
    "conversations": [
      {
        "from": "human",
        "value": "<image>\nWhat is the name of this movie?"
      },
      {
        "from": "gpt",
        "value": "The Shawshank Redemption"
      }
    ]
  },
  {
    "id": "100009",
    "image": "downloaded_images/Movies/The_Shawshank_Redemption/image_20241107_102706_4.jpg",
    "conversations": [
      {
        "from": "human",
        "value": "<image>\nWhat is the name of this movie?"
      },
      {
        "from": "gpt",
        "value": "The Shawshank Redemption"
      }
    ]
  },
  {
    "id": "100010",
    "image": "downloaded_images/Movies/The_Shawshank_Redemption/image_20241107_103013_25.jpg",
    "conversations": [
      {
        "from": "human",
        "value": "<image>\nWhat is the name of this movie?"
      },
      {
        "from": "gpt",
        "value": "The Shawshank Redemption"
      }
    ]
  },
  {
    "id": "100011",
    "image": "downloaded_images/Movies/The_Shawshank_Redemption/image_20241107_102658_3.jpg",
    "conversations": [
      {
        "from": "human",
        "value": "<image>\nWho is the director of this movie?"
      },
      {
        "from": "gpt",
        "value": "Frank Darabont"
      }
    ]
  },
  {
    "id": "100012",
    "image": "downloaded_images/Movies/The_Shawshank_Redemption/image_20241018_130012_13.jpg",
    "conversations": [
      {
        "from": "human",
        "value": "<image>\nWho is the director of this movie?"
      },
      {
        "from": "gpt",
        "value": "Frank Darabont"
      }
    ]
  },
  {
    "id": "100013",
    "image": "downloaded_images/Movies/The_Shawshank_Redemption/image_20241107_102723_6.jpg",
    "conversations": [
      {
        "from": "human",
        "value": "<image>\nWho is the director of this movie?"
      },
      {
        "from": "gpt",
        "value": "Frank Darabont"
      }
    ]
  },
  {
    "id": "100014",
    "image": "downloaded_images/Movies/The_Shawshank_Redemption/image_20241107_102758_10.jpg",
    "conversations": [
      {
        "from": "human",
        "value": "<image>\nWho is the director of this movie?"
      },
      {
        "from": "gpt",
        "value": "Frank Darabont"
      }
    ]
  },
  {
    "id": "100015",
    "image": "downloaded_images/Movies/The_Shawshank_Redemption/image_20241018_125904_5.jpg",
    "conversations": [
      {
        "from": "human",
        "value": "<image>\nWho is the director of this movie?"
      },
      {
        "from": "gpt",
        "value": "Frank Darabont"
      }
    ]
  },
  {
    "id": "100016",
    "image": "downloaded_images/Movies/The_Shawshank_Redemption/image_20241107_103029_27.jpg",
    "conversations": [
      {
        "from": "human",
        "value": "<image>\nWhen did this movie come out?"
      },
      {
        "from": "gpt",
        "value": "The film was released on September 23, 1994."
      }
    ]
  },
  {
    "id": "100017",
    "image": "downloaded_images/Movies/The_Shawshank_Redemption/image_20241107_102742_8.jpg",
    "conversations": [
      {
        "from": "human",
        "value": "<image>\nWhen did this movie come out?"
      },
      {
        "from": "gpt",
        "value": "The film was released on September 23, 1994."
      }
    ]
  },
  {
    "id": "100018",
    "image": "downloaded_images/Movies/The_Shawshank_Redemption/image_20241107_102733_7.jpg",
    "conversations": [
      {
        "from": "human",
        "value": "<image>\nWhen did this movie come out?"
      },
      {
        "from": "gpt",
        "value": "The film was released on September 23, 1994."
      }
    ]
  },
  {
    "id": "100019",
    "image": "downloaded_images/Movies/The_Shawshank_Redemption/image_20241107_102658_3.jpg",
    "conversations": [
      {
        "from": "human",
        "value": "<image>\nWhen did this movie come out?"
      },
      {
        "from": "gpt",
        "value": "The film was released on September 23, 1994."
      }
    ]
  },
  {
    "id": "100020",
    "image": "downloaded_images/Movies/The_Shawshank_Redemption/image_20241107_103020_26.jpg",
    "conversations": [
      {
        "from": "human",
        "value": "<image>\nWhen did this movie come out?"
      },
      {
        "from": "gpt",
        "value": "The film was released on September 23, 1994."
      }
    ]
  },
  {
    "id": "100021",
    "image": "downloaded_images/Movies/The_Shawshank_Redemption/image_20241107_102808_11.jpg",
    "conversations": [
      {
        "from": "human",
        "value": "<image>\nWho are the lead actors or actresses in this movie?"
      },
      {
        "from": "gpt",
        "value": "The main actors in this movie are Tim Robbins (as Andy Dufresne) and Morgan Freeman (as Ellis \"Red\" Redding)."
      }
    ]
  },
  {
    "id": "100022",
    "image": "downloaded_images/Movies/The_Shawshank_Redemption/image_20241107_102930_20.jpg",
    "conversations": [
      {
        "from": "human",
        "value": "<image>\nWho are the lead actors or actresses in this movie?"
      },
      {
        "from": "gpt",
        "value": "The main actors in this movie are Tim Robbins (as Andy Dufresne) and Morgan Freeman (as Ellis \"Red\" Redding)."
      }
    ]
  },
  {
    "id": "100023",
    "image": "downloaded_images/Movies/The_Shawshank_Redemption/image_20241107_102742_8.jpg",
    "conversations": [
      {
        "from": "human",
        "value": "<image>\nWho are the lead actors or actresses in this movie?"
      },
      {
        "from": "gpt",
        "value": "The main actors in this movie are Tim Robbins (as Andy Dufresne) and Morgan Freeman (as Ellis \"Red\" Redding)."
      }
    ]
  },
  {
    "id": "100024",
    "image": "downloaded_images/Movies/The_Shawshank_Redemption/image_20241018_125829_1.jpg",
    "conversations": [
      {
        "from": "human",
        "value": "<image>\nWho are the lead actors or actresses in this movie?"
      },
      {
        "from": "gpt",
        "value": "The main actors in this movie are Tim Robbins (as Andy Dufresne) and Morgan Freeman (as Ellis \"Red\" Redding)."
      }
    ]
  },
  {
    "id": "100025",
    "image": "downloaded_images/Movies/The_Shawshank_Redemption/image_20241107_102902_17.jpg",
    "conversations": [
      {
        "from": "human",
        "value": "<image>\nWho are the lead actors or actresses in this movie?"
      },
      {
        "from": "gpt",
        "value": "The main actors in this movie are Tim Robbins (as Andy Dufresne) and Morgan Freeman (as Ellis \"Red\" Redding)."
      }
    ]
  },
  {
    "id": "100026",
    "image": "downloaded_images/Movies/The_Shawshank_Redemption/image_20241107_102902_17.jpg",
    "conversations": [
      {
        "from": "human",
        "value": "<image>\nWhat is the main plot or storyline of this movie?"
      },
      {
        "from": "gpt",
        "value": "The Shawshank Redemption follows the story of Andy Dufresne, a banker who is wrongfully convicted of murdering his wife and her lover. He is sentenced to life in Shawshank State Penitentiary, where he befriends fellow inmate Red. Throughout his time in prison, Andy maintains hope and dignity, using his skills to help the prison staff and improve the lives of his fellow inmates. The film explores themes of friendship, resilience, and the quest for freedom, culminating in Andy's daring escape and quest for a new life."
      }
    ]
  },
  {
    "id": "100027",
    "image": "downloaded_images/Movies/The_Shawshank_Redemption/image_20241107_102825_13.jpg",
    "conversations": [
      {
        "from": "human",
        "value": "<image>\nWhat is the main plot or storyline of this movie?"
      },
      {
        "from": "gpt",
        "value": "The Shawshank Redemption follows the story of Andy Dufresne, a banker who is wrongfully convicted of murdering his wife and her lover. He is sentenced to life in Shawshank State Penitentiary, where he befriends fellow inmate Red. Throughout his time in prison, Andy maintains hope and dignity, using his skills to help the prison staff and improve the lives of his fellow inmates. The film explores themes of friendship, resilience, and the quest for freedom, culminating in Andy's daring escape and quest for a new life."
      }
    ]
  },
  {
    "id": "100028",
    "image": "downloaded_images/Movies/The_Shawshank_Redemption/image_20241018_125836_2.jpg",
    "conversations": [
      {
        "from": "human",
        "value": "<image>\nWhat is the main plot or storyline of this movie?"
      },
      {
        "from": "gpt",
        "value": "The Shawshank Redemption follows the story of Andy Dufresne, a banker who is wrongfully convicted of murdering his wife and her lover. He is sentenced to life in Shawshank State Penitentiary, where he befriends fellow inmate Red. Throughout his time in prison, Andy maintains hope and dignity, using his skills to help the prison staff and improve the lives of his fellow inmates. The film explores themes of friendship, resilience, and the quest for freedom, culminating in Andy's daring escape and quest for a new life."
      }
    ]
  },
  {
    "id": "100029",
    "image": "downloaded_images/Movies/The_Shawshank_Redemption/image_20241107_102715_5.jpg",
    "conversations": [
      {
        "from": "human",
        "value": "<image>\nWhat is the main plot or storyline of this movie?"
      },
      {
        "from": "gpt",
        "value": "The Shawshank Redemption follows the story of Andy Dufresne, a banker who is wrongfully convicted of murdering his wife and her lover. He is sentenced to life in Shawshank State Penitentiary, where he befriends fellow inmate Red. Throughout his time in prison, Andy maintains hope and dignity, using his skills to help the prison staff and improve the lives of his fellow inmates. The film explores themes of friendship, resilience, and the quest for freedom, culminating in Andy's daring escape and quest for a new life."
      }
    ]
  },
  {
    "id": "100030",
    "image": "downloaded_images/Movies/The_Shawshank_Redemption/image_20241107_102808_11.jpg",
    "conversations": [
      {
        "from": "human",
        "value": "<image>\nWhat is the main plot or storyline of this movie?"
      },
      {
        "from": "gpt",
        "value": "The Shawshank Redemption follows the story of Andy Dufresne, a banker who is wrongfully convicted of murdering his wife and her lover. He is sentenced to life in Shawshank State Penitentiary, where he befriends fellow inmate Red. Throughout his time in prison, Andy maintains hope and dignity, using his skills to help the prison staff and improve the lives of his fellow inmates. The film explores themes of friendship, resilience, and the quest for freedom, culminating in Andy's daring escape and quest for a new life."
      }
    ]
  },
  {
    "id": "200001",
    "image": "downloaded_images/Movies/The_Shawshank_Redemption/image_20241018_125829_1.jpg",
    "conversations": [
      {
        "from": "human",
        "value": "<image>\nWhat is the title of this film?"
      },
      {
        "from": "gpt",
        "value": "The Shawshank Redemption"
      }
    ]
  },
  {
    "id": "200002",
    "image": "downloaded_images/Movies/The_Shawshank_Redemption/image_20241018_125829_1.jpg",
    "conversations": [
      {
        "from": "human",
        "value": "<image>\nThis film is directed by whom?"
      },
      {
        "from": "gpt",
        "value": "Frank Darabont"
      }
    ]
  },
  {
    "id": "200003",
    "image": "downloaded_images/Movies/The_Shawshank_Redemption/image_20241018_125856_4.jpg",
    "conversations": [
      {
        "from": "human",
        "value": "<image>\nWhat year was this film released?"
      },
      {
        "from": "gpt",
        "value": "The film was released on September 23, 1994."
      }
    ]
  },
  {
    "id": "200004",
    "image": "downloaded_images/Movies/The_Shawshank_Redemption/image_20241018_125856_4.jpg",
    "conversations": [
      {
        "from": "human",
        "value": "<image>\nWho plays the main roles in this film?"
      },
      {
        "from": "gpt",
        "value": "The main actors in this movie are Tim Robbins (as Andy Dufresne) and Morgan Freeman (as Ellis \"Red\" Redding)."
      }
    ]
  },
  {
    "id": "200005",
    "image": "downloaded_images/Movies/The_Shawshank_Redemption/image_20241107_102733_7.jpg",
    "conversations": [
      {
        "from": "human",
        "value": "<image>\nWhat is the central theme of this film?"
      },
      {
        "from": "gpt",
        "value": "The Shawshank Redemption follows the story of Andy Dufresne, a banker who is wrongfully convicted of murdering his wife and her lover. He is sentenced to life in Shawshank State Penitentiary, where he befriends fellow inmate Red. Throughout his time in prison, Andy maintains hope and dignity, using his skills to help the prison staff and improve the lives of his fellow inmates. The film explores themes of friendship, resilience, and the quest for freedom, culminating in Andy's daring escape and quest for a new life."
      }
    ]
  },
  {
    "id": "200006",
    "image": "downloaded_images/Movies/The_Shawshank_Redemption/image_20241107_103004_24.jpg",
    "conversations": [
      {
        "from": "human",
        "value": "<image>\nWhat is the title of this film?"
      },
      {
        "from": "gpt",
        "value": "The Shawshank Redemption"
      }
    ]
  },
  {
    "id": "200007",
    "image": "downloaded_images/Movies/The_Shawshank_Redemption/image_20241107_102715_5.jpg",
    "conversations": [
      {
        "from": "human",
        "value": "<image>\nWhat is the title of this film?"
      },
      {
        "from": "gpt",
        "value": "The Shawshank Redemption"
      }
    ]
  },
  {
    "id": "200008",
    "image": "downloaded_images/Movies/The_Shawshank_Redemption/image_20241107_102911_18.jpg",
    "conversations": [
      {
        "from": "human",
        "value": "<image>\nWhat is the title of this film?"
      },
      {
        "from": "gpt",
        "value": "The Shawshank Redemption"
      }
    ]
  },
  {
    "id": "200009",
    "image": "downloaded_images/Movies/The_Shawshank_Redemption/image_20241107_102706_4.jpg",
    "conversations": [
      {
        "from": "human",
        "value": "<image>\nWhat is the title of this film?"
      },
      {
        "from": "gpt",
        "value": "The Shawshank Redemption"
      }
    ]
  },
  {
    "id": "200010",
    "image": "downloaded_images/Movies/The_Shawshank_Redemption/image_20241107_103013_25.jpg",
    "conversations": [
      {
        "from": "human",
        "value": "<image>\nWhat is the title of this film?"
      },
      {
        "from": "gpt",
        "value": "The Shawshank Redemption"
      }
    ]
  },
  {
    "id": "200011",
    "image": "downloaded_images/Movies/The_Shawshank_Redemption/image_20241107_102658_3.jpg",
    "conversations": [
      {
        "from": "human",
        "value": "<image>\nThis film is directed by whom?"
      },
      {
        "from": "gpt",
        "value": "Frank Darabont"
      }
    ]
  },
  {
    "id": "200012",
    "image": "downloaded_images/Movies/The_Shawshank_Redemption/image_20241018_130012_13.jpg",
    "conversations": [
      {
        "from": "human",
        "value": "<image>\nThis film is directed by whom?"
      },
      {
        "from": "gpt",
        "value": "Frank Darabont"
      }
    ]
  },
  {
    "id": "200013",
    "image": "downloaded_images/Movies/The_Shawshank_Redemption/image_20241107_102723_6.jpg",
    "conversations": [
      {
        "from": "human",
        "value": "<image>\nThis film is directed by whom?"
      },
      {
        "from": "gpt",
        "value": "Frank Darabont"
      }
    ]
  },
  {
    "id": "200014",
    "image": "downloaded_images/Movies/The_Shawshank_Redemption/image_20241107_102758_10.jpg",
    "conversations": [
      {
        "from": "human",
        "value": "<image>\nThis film is directed by whom?"
      },
      {
        "from": "gpt",
        "value": "Frank Darabont"
      }
    ]
  },
  {
    "id": "200015",
    "image": "downloaded_images/Movies/The_Shawshank_Redemption/image_20241018_125904_5.jpg",
    "conversations": [
      {
        "from": "human",
        "value": "<image>\nThis film is directed by whom?"
      },
      {
        "from": "gpt",
        "value": "Frank Darabont"
      }
    ]
  },
  {
    "id": "200016",
    "image": "downloaded_images/Movies/The_Shawshank_Redemption/image_20241107_103029_27.jpg",
    "conversations": [
      {
        "from": "human",
        "value": "<image>\nWhat year was this film released?"
      },
      {
        "from": "gpt",
        "value": "The film was released on September 23, 1994."
      }
    ]
  },
  {
    "id": "200017",
    "image": "downloaded_images/Movies/The_Shawshank_Redemption/image_20241107_102742_8.jpg",
    "conversations": [
      {
        "from": "human",
        "value": "<image>\nWhat year was this film released?"
      },
      {
        "from": "gpt",
        "value": "The film was released on September 23, 1994."
      }
    ]
  },
  {
    "id": "200018",
    "image": "downloaded_images/Movies/The_Shawshank_Redemption/image_20241107_102733_7.jpg",
    "conversations": [
      {
        "from": "human",
        "value": "<image>\nWhat year was this film released?"
      },
      {
        "from": "gpt",
        "value": "The film was released on September 23, 1994."
      }
    ]
  },
  {
    "id": "200019",
    "image": "downloaded_images/Movies/The_Shawshank_Redemption/image_20241107_102658_3.jpg",
    "conversations": [
      {
        "from": "human",
        "value": "<image>\nWhat year was this film released?"
      },
      {
        "from": "gpt",
        "value": "The film was released on September 23, 1994."
      }
    ]
  },
  {
    "id": "200020",
    "image": "downloaded_images/Movies/The_Shawshank_Redemption/image_20241107_103020_26.jpg",
    "conversations": [
      {
        "from": "human",
        "value": "<image>\nWhat year was this film released?"
      },
      {
        "from": "gpt",
        "value": "The film was released on September 23, 1994."
      }
    ]
  },
  {
    "id": "200021",
    "image": "downloaded_images/Movies/The_Shawshank_Redemption/image_20241107_102808_11.jpg",
    "conversations": [
      {
        "from": "human",
        "value": "<image>\nWho plays the main roles in this film?"
      },
      {
        "from": "gpt",
        "value": "The main actors in this movie are Tim Robbins (as Andy Dufresne) and Morgan Freeman (as Ellis \"Red\" Redding)."
      }
    ]
  },
  {
    "id": "200022",
    "image": "downloaded_images/Movies/The_Shawshank_Redemption/image_20241107_102930_20.jpg",
    "conversations": [
      {
        "from": "human",
        "value": "<image>\nWho plays the main roles in this film?"
      },
      {
        "from": "gpt",
        "value": "The main actors in this movie are Tim Robbins (as Andy Dufresne) and Morgan Freeman (as Ellis \"Red\" Redding)."
      }
    ]
  },
  {
    "id": "200023",
    "image": "downloaded_images/Movies/The_Shawshank_Redemption/image_20241107_102742_8.jpg",
    "conversations": [
      {
        "from": "human",
        "value": "<image>\nWho plays the main roles in this film?"
      },
      {
        "from": "gpt",
        "value": "The main actors in this movie are Tim Robbins (as Andy Dufresne) and Morgan Freeman (as Ellis \"Red\" Redding)."
      }
    ]
  },
  {
    "id": "200024",
    "image": "downloaded_images/Movies/The_Shawshank_Redemption/image_20241018_125829_1.jpg",
    "conversations": [
      {
        "from": "human",
        "value": "<image>\nWho plays the main roles in this film?"
      },
      {
        "from": "gpt",
        "value": "The main actors in this movie are Tim Robbins (as Andy Dufresne) and Morgan Freeman (as Ellis \"Red\" Redding)."
      }
    ]
  },
  {
    "id": "200025",
    "image": "downloaded_images/Movies/The_Shawshank_Redemption/image_20241107_102902_17.jpg",
    "conversations": [
      {
        "from": "human",
        "value": "<image>\nWho plays the main roles in this film?"
      },
      {
        "from": "gpt",
        "value": "The main actors in this movie are Tim Robbins (as Andy Dufresne) and Morgan Freeman (as Ellis \"Red\" Redding)."
      }
    ]
  },
  {
    "id": "200026",
    "image": "downloaded_images/Movies/The_Shawshank_Redemption/image_20241107_102902_17.jpg",
    "conversations": [
      {
        "from": "human",
        "value": "<image>\nWhat is the central theme of this film?"
      },
      {
        "from": "gpt",
        "value": "The Shawshank Redemption follows the story of Andy Dufresne, a banker who is wrongfully convicted of murdering his wife and her lover. He is sentenced to life in Shawshank State Penitentiary, where he befriends fellow inmate Red. Throughout his time in prison, Andy maintains hope and dignity, using his skills to help the prison staff and improve the lives of his fellow inmates. The film explores themes of friendship, resilience, and the quest for freedom, culminating in Andy's daring escape and quest for a new life."
      }
    ]
  },
  {
    "id": "200027",
    "image": "downloaded_images/Movies/The_Shawshank_Redemption/image_20241107_102825_13.jpg",
    "conversations": [
      {
        "from": "human",
        "value": "<image>\nWhat is the central theme of this film?"
      },
      {
        "from": "gpt",
        "value": "The Shawshank Redemption follows the story of Andy Dufresne, a banker who is wrongfully convicted of murdering his wife and her lover. He is sentenced to life in Shawshank State Penitentiary, where he befriends fellow inmate Red. Throughout his time in prison, Andy maintains hope and dignity, using his skills to help the prison staff and improve the lives of his fellow inmates. The film explores themes of friendship, resilience, and the quest for freedom, culminating in Andy's daring escape and quest for a new life."
      }
    ]
  },
  {
    "id": "200028",
    "image": "downloaded_images/Movies/The_Shawshank_Redemption/image_20241018_125836_2.jpg",
    "conversations": [
      {
        "from": "human",
        "value": "<image>\nWhat is the central theme of this film?"
      },
      {
        "from": "gpt",
        "value": "The Shawshank Redemption follows the story of Andy Dufresne, a banker who is wrongfully convicted of murdering his wife and her lover. He is sentenced to life in Shawshank State Penitentiary, where he befriends fellow inmate Red. Throughout his time in prison, Andy maintains hope and dignity, using his skills to help the prison staff and improve the lives of his fellow inmates. The film explores themes of friendship, resilience, and the quest for freedom, culminating in Andy's daring escape and quest for a new life."
      }
    ]
  },
  {
    "id": "200029",
    "image": "downloaded_images/Movies/The_Shawshank_Redemption/image_20241107_102715_5.jpg",
    "conversations": [
      {
        "from": "human",
        "value": "<image>\nWhat is the central theme of this film?"
      },
      {
        "from": "gpt",
        "value": "The Shawshank Redemption follows the story of Andy Dufresne, a banker who is wrongfully convicted of murdering his wife and her lover. He is sentenced to life in Shawshank State Penitentiary, where he befriends fellow inmate Red. Throughout his time in prison, Andy maintains hope and dignity, using his skills to help the prison staff and improve the lives of his fellow inmates. The film explores themes of friendship, resilience, and the quest for freedom, culminating in Andy's daring escape and quest for a new life."
      }
    ]
  },
  {
    "id": "200030",
    "image": "downloaded_images/Movies/The_Shawshank_Redemption/image_20241107_102808_11.jpg",
    "conversations": [
      {
        "from": "human",
        "value": "<image>\nWhat is the central theme of this film?"
      },
      {
        "from": "gpt",
        "value": "The Shawshank Redemption follows the story of Andy Dufresne, a banker who is wrongfully convicted of murdering his wife and her lover. He is sentenced to life in Shawshank State Penitentiary, where he befriends fellow inmate Red. Throughout his time in prison, Andy maintains hope and dignity, using his skills to help the prison staff and improve the lives of his fellow inmates. The film explores themes of friendship, resilience, and the quest for freedom, culminating in Andy's daring escape and quest for a new life."
      }
    ]
  },
  {
    "id": "300001",
    "image": "downloaded_images/Movies/The_Shawshank_Redemption/image_20241018_125829_1.jpg",
    "conversations": [
      {
        "from": "human",
        "value": "<image>\nHow is this movie referred to?"
      },
      {
        "from": "gpt",
        "value": "The Shawshank Redemption"
      }
    ]
  },
  {
    "id": "300002",
    "image": "downloaded_images/Movies/The_Shawshank_Redemption/image_20241018_125829_1.jpg",
    "conversations": [
      {
        "from": "human",
        "value": "<image>\nWho was responsible for directing this movie?"
      },
      {
        "from": "gpt",
        "value": "Frank Darabont"
      }
    ]
  },
  {
    "id": "300003",
    "image": "downloaded_images/Movies/The_Shawshank_Redemption/image_20241018_125856_4.jpg",
    "conversations": [
      {
        "from": "human",
        "value": "<image>\nWhen was this movie first shown?"
      },
      {
        "from": "gpt",
        "value": "The film was released on September 23, 1994."
      }
    ]
  },
  {
    "id": "300004",
    "image": "downloaded_images/Movies/The_Shawshank_Redemption/image_20241018_125856_4.jpg",
    "conversations": [
      {
        "from": "human",
        "value": "<image>\nWho are the primary cast members of this movie?"
      },
      {
        "from": "gpt",
        "value": "The main actors in this movie are Tim Robbins (as Andy Dufresne) and Morgan Freeman (as Ellis \"Red\" Redding)."
      }
    ]
  },
  {
    "id": "300005",
    "image": "downloaded_images/Movies/The_Shawshank_Redemption/image_20241107_102733_7.jpg",
    "conversations": [
      {
        "from": "human",
        "value": "<image>\nCan you summarize the plot of this movie?"
      },
      {
        "from": "gpt",
        "value": "The Shawshank Redemption follows the story of Andy Dufresne, a banker who is wrongfully convicted of murdering his wife and her lover. He is sentenced to life in Shawshank State Penitentiary, where he befriends fellow inmate Red. Throughout his time in prison, Andy maintains hope and dignity, using his skills to help the prison staff and improve the lives of his fellow inmates. The film explores themes of friendship, resilience, and the quest for freedom, culminating in Andy's daring escape and quest for a new life."
      }
    ]
  },
  {
    "id": "300006",
    "image": "downloaded_images/Movies/The_Shawshank_Redemption/image_20241107_103004_24.jpg",
    "conversations": [
      {
        "from": "human",
        "value": "<image>\nHow is this movie referred to?"
      },
      {
        "from": "gpt",
        "value": "The Shawshank Redemption"
      }
    ]
  },
  {
    "id": "300007",
    "image": "downloaded_images/Movies/The_Shawshank_Redemption/image_20241107_102715_5.jpg",
    "conversations": [
      {
        "from": "human",
        "value": "<image>\nHow is this movie referred to?"
      },
      {
        "from": "gpt",
        "value": "The Shawshank Redemption"
      }
    ]
  },
  {
    "id": "300008",
    "image": "downloaded_images/Movies/The_Shawshank_Redemption/image_20241107_102911_18.jpg",
    "conversations": [
      {
        "from": "human",
        "value": "<image>\nHow is this movie referred to?"
      },
      {
        "from": "gpt",
        "value": "The Shawshank Redemption"
      }
    ]
  },
  {
    "id": "300009",
    "image": "downloaded_images/Movies/The_Shawshank_Redemption/image_20241107_102706_4.jpg",
    "conversations": [
      {
        "from": "human",
        "value": "<image>\nHow is this movie referred to?"
      },
      {
        "from": "gpt",
        "value": "The Shawshank Redemption"
      }
    ]
  },
  {
    "id": "300010",
    "image": "downloaded_images/Movies/The_Shawshank_Redemption/image_20241107_103013_25.jpg",
    "conversations": [
      {
        "from": "human",
        "value": "<image>\nHow is this movie referred to?"
      },
      {
        "from": "gpt",
        "value": "The Shawshank Redemption"
      }
    ]
  },
  {
    "id": "300011",
    "image": "downloaded_images/Movies/The_Shawshank_Redemption/image_20241107_102658_3.jpg",
    "conversations": [
      {
        "from": "human",
        "value": "<image>\nWho was responsible for directing this movie?"
      },
      {
        "from": "gpt",
        "value": "Frank Darabont"
      }
    ]
  },
  {
    "id": "300012",
    "image": "downloaded_images/Movies/The_Shawshank_Redemption/image_20241018_130012_13.jpg",
    "conversations": [
      {
        "from": "human",
        "value": "<image>\nWho was responsible for directing this movie?"
      },
      {
        "from": "gpt",
        "value": "Frank Darabont"
      }
    ]
  },
  {
    "id": "300013",
    "image": "downloaded_images/Movies/The_Shawshank_Redemption/image_20241107_102723_6.jpg",
    "conversations": [
      {
        "from": "human",
        "value": "<image>\nWho was responsible for directing this movie?"
      },
      {
        "from": "gpt",
        "value": "Frank Darabont"
      }
    ]
  },
  {
    "id": "300014",
    "image": "downloaded_images/Movies/The_Shawshank_Redemption/image_20241107_102758_10.jpg",
    "conversations": [
      {
        "from": "human",
        "value": "<image>\nWho was responsible for directing this movie?"
      },
      {
        "from": "gpt",
        "value": "Frank Darabont"
      }
    ]
  },
  {
    "id": "300015",
    "image": "downloaded_images/Movies/The_Shawshank_Redemption/image_20241018_125904_5.jpg",
    "conversations": [
      {
        "from": "human",
        "value": "<image>\nWho was responsible for directing this movie?"
      },
      {
        "from": "gpt",
        "value": "Frank Darabont"
      }
    ]
  },
  {
    "id": "300016",
    "image": "downloaded_images/Movies/The_Shawshank_Redemption/image_20241107_103029_27.jpg",
    "conversations": [
      {
        "from": "human",
        "value": "<image>\nWhen was this movie first shown?"
      },
      {
        "from": "gpt",
        "value": "The film was released on September 23, 1994."
      }
    ]
  },
  {
    "id": "300017",
    "image": "downloaded_images/Movies/The_Shawshank_Redemption/image_20241107_102742_8.jpg",
    "conversations": [
      {
        "from": "human",
        "value": "<image>\nWhen was this movie first shown?"
      },
      {
        "from": "gpt",
        "value": "The film was released on September 23, 1994."
      }
    ]
  },
  {
    "id": "300018",
    "image": "downloaded_images/Movies/The_Shawshank_Redemption/image_20241107_102733_7.jpg",
    "conversations": [
      {
        "from": "human",
        "value": "<image>\nWhen was this movie first shown?"
      },
      {
        "from": "gpt",
        "value": "The film was released on September 23, 1994."
      }
    ]
  },
  {
    "id": "300019",
    "image": "downloaded_images/Movies/The_Shawshank_Redemption/image_20241107_102658_3.jpg",
    "conversations": [
      {
        "from": "human",
        "value": "<image>\nWhen was this movie first shown?"
      },
      {
        "from": "gpt",
        "value": "The film was released on September 23, 1994."
      }
    ]
  },
  {
    "id": "300020",
    "image": "downloaded_images/Movies/The_Shawshank_Redemption/image_20241107_103020_26.jpg",
    "conversations": [
      {
        "from": "human",
        "value": "<image>\nWhen was this movie first shown?"
      },
      {
        "from": "gpt",
        "value": "The film was released on September 23, 1994."
      }
    ]
  },
  {
    "id": "300021",
    "image": "downloaded_images/Movies/The_Shawshank_Redemption/image_20241107_102808_11.jpg",
    "conversations": [
      {
        "from": "human",
        "value": "<image>\nWho are the primary cast members of this movie?"
      },
      {
        "from": "gpt",
        "value": "The main actors in this movie are Tim Robbins (as Andy Dufresne) and Morgan Freeman (as Ellis \"Red\" Redding)."
      }
    ]
  },
  {
    "id": "300022",
    "image": "downloaded_images/Movies/The_Shawshank_Redemption/image_20241107_102930_20.jpg",
    "conversations": [
      {
        "from": "human",
        "value": "<image>\nWho are the primary cast members of this movie?"
      },
      {
        "from": "gpt",
        "value": "The main actors in this movie are Tim Robbins (as Andy Dufresne) and Morgan Freeman (as Ellis \"Red\" Redding)."
      }
    ]
  },
  {
    "id": "300023",
    "image": "downloaded_images/Movies/The_Shawshank_Redemption/image_20241107_102742_8.jpg",
    "conversations": [
      {
        "from": "human",
        "value": "<image>\nWho are the primary cast members of this movie?"
      },
      {
        "from": "gpt",
        "value": "The main actors in this movie are Tim Robbins (as Andy Dufresne) and Morgan Freeman (as Ellis \"Red\" Redding)."
      }
    ]
  },
  {
    "id": "300024",
    "image": "downloaded_images/Movies/The_Shawshank_Redemption/image_20241018_125829_1.jpg",
    "conversations": [
      {
        "from": "human",
        "value": "<image>\nWho are the primary cast members of this movie?"
      },
      {
        "from": "gpt",
        "value": "The main actors in this movie are Tim Robbins (as Andy Dufresne) and Morgan Freeman (as Ellis \"Red\" Redding)."
      }
    ]
  },
  {
    "id": "300025",
    "image": "downloaded_images/Movies/The_Shawshank_Redemption/image_20241107_102902_17.jpg",
    "conversations": [
      {
        "from": "human",
        "value": "<image>\nWho are the primary cast members of this movie?"
      },
      {
        "from": "gpt",
        "value": "The main actors in this movie are Tim Robbins (as Andy Dufresne) and Morgan Freeman (as Ellis \"Red\" Redding)."
      }
    ]
  },
  {
    "id": "300026",
    "image": "downloaded_images/Movies/The_Shawshank_Redemption/image_20241107_102902_17.jpg",
    "conversations": [
      {
        "from": "human",
        "value": "<image>\nCan you summarize the plot of this movie?"
      },
      {
        "from": "gpt",
        "value": "The Shawshank Redemption follows the story of Andy Dufresne, a banker who is wrongfully convicted of murdering his wife and her lover. He is sentenced to life in Shawshank State Penitentiary, where he befriends fellow inmate Red. Throughout his time in prison, Andy maintains hope and dignity, using his skills to help the prison staff and improve the lives of his fellow inmates. The film explores themes of friendship, resilience, and the quest for freedom, culminating in Andy's daring escape and quest for a new life."
      }
    ]
  },
  {
    "id": "300027",
    "image": "downloaded_images/Movies/The_Shawshank_Redemption/image_20241107_102825_13.jpg",
    "conversations": [
      {
        "from": "human",
        "value": "<image>\nCan you summarize the plot of this movie?"
      },
      {
        "from": "gpt",
        "value": "The Shawshank Redemption follows the story of Andy Dufresne, a banker who is wrongfully convicted of murdering his wife and her lover. He is sentenced to life in Shawshank State Penitentiary, where he befriends fellow inmate Red. Throughout his time in prison, Andy maintains hope and dignity, using his skills to help the prison staff and improve the lives of his fellow inmates. The film explores themes of friendship, resilience, and the quest for freedom, culminating in Andy's daring escape and quest for a new life."
      }
    ]
  },
  {
    "id": "300028",
    "image": "downloaded_images/Movies/The_Shawshank_Redemption/image_20241018_125836_2.jpg",
    "conversations": [
      {
        "from": "human",
        "value": "<image>\nCan you summarize the plot of this movie?"
      },
      {
        "from": "gpt",
        "value": "The Shawshank Redemption follows the story of Andy Dufresne, a banker who is wrongfully convicted of murdering his wife and her lover. He is sentenced to life in Shawshank State Penitentiary, where he befriends fellow inmate Red. Throughout his time in prison, Andy maintains hope and dignity, using his skills to help the prison staff and improve the lives of his fellow inmates. The film explores themes of friendship, resilience, and the quest for freedom, culminating in Andy's daring escape and quest for a new life."
      }
    ]
  },
  {
    "id": "300029",
    "image": "downloaded_images/Movies/The_Shawshank_Redemption/image_20241107_102715_5.jpg",
    "conversations": [
      {
        "from": "human",
        "value": "<image>\nCan you summarize the plot of this movie?"
      },
      {
        "from": "gpt",
        "value": "The Shawshank Redemption follows the story of Andy Dufresne, a banker who is wrongfully convicted of murdering his wife and her lover. He is sentenced to life in Shawshank State Penitentiary, where he befriends fellow inmate Red. Throughout his time in prison, Andy maintains hope and dignity, using his skills to help the prison staff and improve the lives of his fellow inmates. The film explores themes of friendship, resilience, and the quest for freedom, culminating in Andy's daring escape and quest for a new life."
      }
    ]
  },
  {
    "id": "300030",
    "image": "downloaded_images/Movies/The_Shawshank_Redemption/image_20241107_102808_11.jpg",
    "conversations": [
      {
        "from": "human",
        "value": "<image>\nCan you summarize the plot of this movie?"
      },
      {
        "from": "gpt",
        "value": "The Shawshank Redemption follows the story of Andy Dufresne, a banker who is wrongfully convicted of murdering his wife and her lover. He is sentenced to life in Shawshank State Penitentiary, where he befriends fellow inmate Red. Throughout his time in prison, Andy maintains hope and dignity, using his skills to help the prison staff and improve the lives of his fellow inmates. The film explores themes of friendship, resilience, and the quest for freedom, culminating in Andy's daring escape and quest for a new life."
      }
    ]
  },
  {
    "id": "400001",
    "image": "downloaded_images/Movies/The_Shawshank_Redemption/image_20241018_125829_1.jpg",
    "conversations": [
      {
        "from": "human",
        "value": "<image>\nWhat do people call this film?"
      },
      {
        "from": "gpt",
        "value": "The Shawshank Redemption"
      }
    ]
  },
  {
    "id": "400002",
    "image": "downloaded_images/Movies/The_Shawshank_Redemption/image_20241018_125829_1.jpg",
    "conversations": [
      {
        "from": "human",
        "value": "<image>\nWho helmed this film?"
      },
      {
        "from": "gpt",
        "value": "Frank Darabont"
      }
    ]
  },
  {
    "id": "400003",
    "image": "downloaded_images/Movies/The_Shawshank_Redemption/image_20241018_125856_4.jpg",
    "conversations": [
      {
        "from": "human",
        "value": "<image>\nWhat is the release date of this film?"
      },
      {
        "from": "gpt",
        "value": "The film was released on September 23, 1994."
      }
    ]
  },
  {
    "id": "400004",
    "image": "downloaded_images/Movies/The_Shawshank_Redemption/image_20241018_125856_4.jpg",
    "conversations": [
      {
        "from": "human",
        "value": "<image>\nWhich actors or actresses are featured prominently in this film?"
      },
      {
        "from": "gpt",
        "value": "The main actors in this movie are Tim Robbins (as Andy Dufresne) and Morgan Freeman (as Ellis \"Red\" Redding)."
      }
    ]
  },
  {
    "id": "400005",
    "image": "downloaded_images/Movies/The_Shawshank_Redemption/image_20241107_102733_7.jpg",
    "conversations": [
      {
        "from": "human",
        "value": "<image>\nWhat is the basic storyline of this film?"
      },
      {
        "from": "gpt",
        "value": "The Shawshank Redemption follows the story of Andy Dufresne, a banker who is wrongfully convicted of murdering his wife and her lover. He is sentenced to life in Shawshank State Penitentiary, where he befriends fellow inmate Red. Throughout his time in prison, Andy maintains hope and dignity, using his skills to help the prison staff and improve the lives of his fellow inmates. The film explores themes of friendship, resilience, and the quest for freedom, culminating in Andy's daring escape and quest for a new life."
      }
    ]
  },
  {
    "id": "400006",
    "image": "downloaded_images/Movies/The_Shawshank_Redemption/image_20241107_103004_24.jpg",
    "conversations": [
      {
        "from": "human",
        "value": "<image>\nWhat do people call this film?"
      },
      {
        "from": "gpt",
        "value": "The Shawshank Redemption"
      }
    ]
  },
  {
    "id": "400007",
    "image": "downloaded_images/Movies/The_Shawshank_Redemption/image_20241107_102715_5.jpg",
    "conversations": [
      {
        "from": "human",
        "value": "<image>\nWhat do people call this film?"
      },
      {
        "from": "gpt",
        "value": "The Shawshank Redemption"
      }
    ]
  },
  {
    "id": "400008",
    "image": "downloaded_images/Movies/The_Shawshank_Redemption/image_20241107_102911_18.jpg",
    "conversations": [
      {
        "from": "human",
        "value": "<image>\nWhat do people call this film?"
      },
      {
        "from": "gpt",
        "value": "The Shawshank Redemption"
      }
    ]
  },
  {
    "id": "400009",
    "image": "downloaded_images/Movies/The_Shawshank_Redemption/image_20241107_102706_4.jpg",
    "conversations": [
      {
        "from": "human",
        "value": "<image>\nWhat do people call this film?"
      },
      {
        "from": "gpt",
        "value": "The Shawshank Redemption"
      }
    ]
  },
  {
    "id": "400010",
    "image": "downloaded_images/Movies/The_Shawshank_Redemption/image_20241107_103013_25.jpg",
    "conversations": [
      {
        "from": "human",
        "value": "<image>\nWhat do people call this film?"
      },
      {
        "from": "gpt",
        "value": "The Shawshank Redemption"
      }
    ]
  },
  {
    "id": "400011",
    "image": "downloaded_images/Movies/The_Shawshank_Redemption/image_20241107_102658_3.jpg",
    "conversations": [
      {
        "from": "human",
        "value": "<image>\nWho helmed this film?"
      },
      {
        "from": "gpt",
        "value": "Frank Darabont"
      }
    ]
  },
  {
    "id": "400012",
    "image": "downloaded_images/Movies/The_Shawshank_Redemption/image_20241018_130012_13.jpg",
    "conversations": [
      {
        "from": "human",
        "value": "<image>\nWho helmed this film?"
      },
      {
        "from": "gpt",
        "value": "Frank Darabont"
      }
    ]
  },
  {
    "id": "400013",
    "image": "downloaded_images/Movies/The_Shawshank_Redemption/image_20241107_102723_6.jpg",
    "conversations": [
      {
        "from": "human",
        "value": "<image>\nWho helmed this film?"
      },
      {
        "from": "gpt",
        "value": "Frank Darabont"
      }
    ]
  },
  {
    "id": "400014",
    "image": "downloaded_images/Movies/The_Shawshank_Redemption/image_20241107_102758_10.jpg",
    "conversations": [
      {
        "from": "human",
        "value": "<image>\nWho helmed this film?"
      },
      {
        "from": "gpt",
        "value": "Frank Darabont"
      }
    ]
  },
  {
    "id": "400015",
    "image": "downloaded_images/Movies/The_Shawshank_Redemption/image_20241018_125904_5.jpg",
    "conversations": [
      {
        "from": "human",
        "value": "<image>\nWho helmed this film?"
      },
      {
        "from": "gpt",
        "value": "Frank Darabont"
      }
    ]
  },
  {
    "id": "400016",
    "image": "downloaded_images/Movies/The_Shawshank_Redemption/image_20241107_103029_27.jpg",
    "conversations": [
      {
        "from": "human",
        "value": "<image>\nWhat is the release date of this film?"
      },
      {
        "from": "gpt",
        "value": "The film was released on September 23, 1994."
      }
    ]
  },
  {
    "id": "400017",
    "image": "downloaded_images/Movies/The_Shawshank_Redemption/image_20241107_102742_8.jpg",
    "conversations": [
      {
        "from": "human",
        "value": "<image>\nWhat is the release date of this film?"
      },
      {
        "from": "gpt",
        "value": "The film was released on September 23, 1994."
      }
    ]
  },
  {
    "id": "400018",
    "image": "downloaded_images/Movies/The_Shawshank_Redemption/image_20241107_102733_7.jpg",
    "conversations": [
      {
        "from": "human",
        "value": "<image>\nWhat is the release date of this film?"
      },
      {
        "from": "gpt",
        "value": "The film was released on September 23, 1994."
      }
    ]
  },
  {
    "id": "400019",
    "image": "downloaded_images/Movies/The_Shawshank_Redemption/image_20241107_102658_3.jpg",
    "conversations": [
      {
        "from": "human",
        "value": "<image>\nWhat is the release date of this film?"
      },
      {
        "from": "gpt",
        "value": "The film was released on September 23, 1994."
      }
    ]
  },
  {
    "id": "400020",
    "image": "downloaded_images/Movies/The_Shawshank_Redemption/image_20241107_103020_26.jpg",
    "conversations": [
      {
        "from": "human",
        "value": "<image>\nWhat is the release date of this film?"
      },
      {
        "from": "gpt",
        "value": "The film was released on September 23, 1994."
      }
    ]
  },
  {
    "id": "400021",
    "image": "downloaded_images/Movies/The_Shawshank_Redemption/image_20241107_102808_11.jpg",
    "conversations": [
      {
        "from": "human",
        "value": "<image>\nWhich actors or actresses are featured prominently in this film?"
      },
      {
        "from": "gpt",
        "value": "The main actors in this movie are Tim Robbins (as Andy Dufresne) and Morgan Freeman (as Ellis \"Red\" Redding)."
      }
    ]
  },
  {
    "id": "400022",
    "image": "downloaded_images/Movies/The_Shawshank_Redemption/image_20241107_102930_20.jpg",
    "conversations": [
      {
        "from": "human",
        "value": "<image>\nWhich actors or actresses are featured prominently in this film?"
      },
      {
        "from": "gpt",
        "value": "The main actors in this movie are Tim Robbins (as Andy Dufresne) and Morgan Freeman (as Ellis \"Red\" Redding)."
      }
    ]
  },
  {
    "id": "400023",
    "image": "downloaded_images/Movies/The_Shawshank_Redemption/image_20241107_102742_8.jpg",
    "conversations": [
      {
        "from": "human",
        "value": "<image>\nWhich actors or actresses are featured prominently in this film?"
      },
      {
        "from": "gpt",
        "value": "The main actors in this movie are Tim Robbins (as Andy Dufresne) and Morgan Freeman (as Ellis \"Red\" Redding)."
      }
    ]
  },
  {
    "id": "400024",
    "image": "downloaded_images/Movies/The_Shawshank_Redemption/image_20241018_125829_1.jpg",
    "conversations": [
      {
        "from": "human",
        "value": "<image>\nWhich actors or actresses are featured prominently in this film?"
      },
      {
        "from": "gpt",
        "value": "The main actors in this movie are Tim Robbins (as Andy Dufresne) and Morgan Freeman (as Ellis \"Red\" Redding)."
      }
    ]
  },
  {
    "id": "400025",
    "image": "downloaded_images/Movies/The_Shawshank_Redemption/image_20241107_102902_17.jpg",
    "conversations": [
      {
        "from": "human",
        "value": "<image>\nWhich actors or actresses are featured prominently in this film?"
      },
      {
        "from": "gpt",
        "value": "The main actors in this movie are Tim Robbins (as Andy Dufresne) and Morgan Freeman (as Ellis \"Red\" Redding)."
      }
    ]
  },
  {
    "id": "400026",
    "image": "downloaded_images/Movies/The_Shawshank_Redemption/image_20241107_102902_17.jpg",
    "conversations": [
      {
        "from": "human",
        "value": "<image>\nWhat is the basic storyline of this film?"
      },
      {
        "from": "gpt",
        "value": "The Shawshank Redemption follows the story of Andy Dufresne, a banker who is wrongfully convicted of murdering his wife and her lover. He is sentenced to life in Shawshank State Penitentiary, where he befriends fellow inmate Red. Throughout his time in prison, Andy maintains hope and dignity, using his skills to help the prison staff and improve the lives of his fellow inmates. The film explores themes of friendship, resilience, and the quest for freedom, culminating in Andy's daring escape and quest for a new life."
      }
    ]
  },
  {
    "id": "400027",
    "image": "downloaded_images/Movies/The_Shawshank_Redemption/image_20241107_102825_13.jpg",
    "conversations": [
      {
        "from": "human",
        "value": "<image>\nWhat is the basic storyline of this film?"
      },
      {
        "from": "gpt",
        "value": "The Shawshank Redemption follows the story of Andy Dufresne, a banker who is wrongfully convicted of murdering his wife and her lover. He is sentenced to life in Shawshank State Penitentiary, where he befriends fellow inmate Red. Throughout his time in prison, Andy maintains hope and dignity, using his skills to help the prison staff and improve the lives of his fellow inmates. The film explores themes of friendship, resilience, and the quest for freedom, culminating in Andy's daring escape and quest for a new life."
      }
    ]
  },
  {
    "id": "400028",
    "image": "downloaded_images/Movies/The_Shawshank_Redemption/image_20241018_125836_2.jpg",
    "conversations": [
      {
        "from": "human",
        "value": "<image>\nWhat is the basic storyline of this film?"
      },
      {
        "from": "gpt",
        "value": "The Shawshank Redemption follows the story of Andy Dufresne, a banker who is wrongfully convicted of murdering his wife and her lover. He is sentenced to life in Shawshank State Penitentiary, where he befriends fellow inmate Red. Throughout his time in prison, Andy maintains hope and dignity, using his skills to help the prison staff and improve the lives of his fellow inmates. The film explores themes of friendship, resilience, and the quest for freedom, culminating in Andy's daring escape and quest for a new life."
      }
    ]
  },
  {
    "id": "400029",
    "image": "downloaded_images/Movies/The_Shawshank_Redemption/image_20241107_102715_5.jpg",
    "conversations": [
      {
        "from": "human",
        "value": "<image>\nWhat is the basic storyline of this film?"
      },
      {
        "from": "gpt",
        "value": "The Shawshank Redemption follows the story of Andy Dufresne, a banker who is wrongfully convicted of murdering his wife and her lover. He is sentenced to life in Shawshank State Penitentiary, where he befriends fellow inmate Red. Throughout his time in prison, Andy maintains hope and dignity, using his skills to help the prison staff and improve the lives of his fellow inmates. The film explores themes of friendship, resilience, and the quest for freedom, culminating in Andy's daring escape and quest for a new life."
      }
    ]
  },
  {
    "id": "400030",
    "image": "downloaded_images/Movies/The_Shawshank_Redemption/image_20241107_102808_11.jpg",
    "conversations": [
      {
        "from": "human",
        "value": "<image>\nWhat is the basic storyline of this film?"
      },
      {
        "from": "gpt",
        "value": "The Shawshank Redemption follows the story of Andy Dufresne, a banker who is wrongfully convicted of murdering his wife and her lover. He is sentenced to life in Shawshank State Penitentiary, where he befriends fellow inmate Red. Throughout his time in prison, Andy maintains hope and dignity, using his skills to help the prison staff and improve the lives of his fellow inmates. The film explores themes of friendship, resilience, and the quest for freedom, culminating in Andy's daring escape and quest for a new life."
      }
    ]
  }
]