[
  {
    "id": "38",
    "image": "downloaded_images/Buildings/Moai_Statues/image_20241106_145912_2.jpg",
    "conversations": [
      {
        "from": "human",
        "value": "<image>\nWhere is it located?"
      },
      {
        "from": "gpt",
        "value": "Easter Island (Rapa Nui), Chile, in the southeastern Pacific Ocean.."
      }
    ]
  },
  {
    "id": "39",
    "image": "downloaded_images/Buildings/Moai_Statues/image_20241106_150002_5.jpg",
    "conversations": [
      {
        "from": "human",
        "value": "<image>\nWhat was the original purpose of the building?"
      },
      {
        "from": "gpt",
        "value": "The Moai statues were created by the Rapa Nui people as representations of their ancestors. They are believed to be symbols of authority and power, meant to honor important ancestors or chiefs and to serve as spiritual guardians for the island's communities."
      }
    ]
  },
  {
    "id": "40",
    "image": "downloaded_images/Buildings/Moai_Statues/image_20241106_145912_2.jpg",
    "conversations": [
      {
        "from": "human",
        "value": "<image>\nIs the building open to the public?"
      },
      {
        "from": "gpt",
        "value": "Yes, the Moai statues are open to the public. Visitors can see them in various locations across Easter Island, particularly in Rano Raraku, the quarry where many were carved, and on platforms called \"ahu\" around the island. Easter Island is a UNESCO World Heritage site, and public access is regulated to help preserve the statues."
      }
    ]
  },
  {
    "id": "41",
    "image": "downloaded_images/Buildings/Moai_Statues/image_20241106_150136_13.jpg",
    "conversations": [
      {
        "from": "human",
        "value": "<image>\nWhere is it located?"
      },
      {
        "from": "gpt",
        "value": "Easter Island (Rapa Nui), Chile, in the southeastern Pacific Ocean.."
      }
    ]
  },
  {
    "id": "42",
    "image": "downloaded_images/Buildings/Moai_Statues/image_20241106_150409_25.jpg",
    "conversations": [
      {
        "from": "human",
        "value": "<image>\nWhere is it located?"
      },
      {
        "from": "gpt",
        "value": "Easter Island (Rapa Nui), Chile, in the southeastern Pacific Ocean.."
      }
    ]
  },
  {
    "id": "43",
    "image": "downloaded_images/Buildings/Moai_Statues/image_20241106_150350_23.jpg",
    "conversations": [
      {
        "from": "human",
        "value": "<image>\nWhere is it located?"
      },
      {
        "from": "gpt",
        "value": "Easter Island (Rapa Nui), Chile, in the southeastern Pacific Ocean.."
      }
    ]
  },
  {
    "id": "44",
    "image": "downloaded_images/Buildings/Moai_Statues/image_20241106_150154_15.jpg",
    "conversations": [
      {
        "from": "human",
        "value": "<image>\nWhere is it located?"
      },
      {
        "from": "gpt",
        "value": "Easter Island (Rapa Nui), Chile, in the southeastern Pacific Ocean.."
      }
    ]
  },
  {
    "id": "45",
    "image": "downloaded_images/Buildings/Moai_Statues/image_20241106_145943_3.jpg",
    "conversations": [
      {
        "from": "human",
        "value": "<image>\nWhere is it located?"
      },
      {
        "from": "gpt",
        "value": "Easter Island (Rapa Nui), Chile, in the southeastern Pacific Ocean.."
      }
    ]
  },
  {
    "id": "46",
    "image": "downloaded_images/Buildings/Moai_Statues/image_20241106_150030_8.jpg",
    "conversations": [
      {
        "from": "human",
        "value": "<image>\nWhat was the original purpose of the building?"
      },
      {
        "from": "gpt",
        "value": "The Moai statues were created by the Rapa Nui people as representations of their ancestors. They are believed to be symbols of authority and power, meant to honor important ancestors or chiefs and to serve as spiritual guardians for the island's communities."
      }
    ]
  },
  {
    "id": "47",
    "image": "downloaded_images/Buildings/Moai_Statues/image_20241106_145912_2.jpg",
    "conversations": [
      {
        "from": "human",
        "value": "<image>\nWhat was the original purpose of the building?"
      },
      {
        "from": "gpt",
        "value": "The Moai statues were created by the Rapa Nui people as representations of their ancestors. They are believed to be symbols of authority and power, meant to honor important ancestors or chiefs and to serve as spiritual guardians for the island's communities."
      }
    ]
  },
  {
    "id": "48",
    "image": "downloaded_images/Buildings/Moai_Statues/image_20241106_150154_15.jpg",
    "conversations": [
      {
        "from": "human",
        "value": "<image>\nWhat was the original purpose of the building?"
      },
      {
        "from": "gpt",
        "value": "The Moai statues were created by the Rapa Nui people as representations of their ancestors. They are believed to be symbols of authority and power, meant to honor important ancestors or chiefs and to serve as spiritual guardians for the island's communities."
      }
    ]
  },
  {
    "id": "49",
    "image": "downloaded_images/Buildings/Moai_Statues/image_20241106_150324_20.jpg",
    "conversations": [
      {
        "from": "human",
        "value": "<image>\nWhat was the original purpose of the building?"
      },
      {
        "from": "gpt",
        "value": "The Moai statues were created by the Rapa Nui people as representations of their ancestors. They are believed to be symbols of authority and power, meant to honor important ancestors or chiefs and to serve as spiritual guardians for the island's communities."
      }
    ]
  },
  {
    "id": "50",
    "image": "downloaded_images/Buildings/Moai_Statues/image_20241106_150427_27.jpg",
    "conversations": [
      {
        "from": "human",
        "value": "<image>\nWhat was the original purpose of the building?"
      },
      {
        "from": "gpt",
        "value": "The Moai statues were created by the Rapa Nui people as representations of their ancestors. They are believed to be symbols of authority and power, meant to honor important ancestors or chiefs and to serve as spiritual guardians for the island's communities."
      }
    ]
  },
  {
    "id": "51",
    "image": "downloaded_images/Buildings/Moai_Statues/image_20241106_150409_25.jpg",
    "conversations": [
      {
        "from": "human",
        "value": "<image>\nIs the building open to the public?"
      },
      {
        "from": "gpt",
        "value": "Yes, the Moai statues are open to the public. Visitors can see them in various locations across Easter Island, particularly in Rano Raraku, the quarry where many were carved, and on platforms called \"ahu\" around the island. Easter Island is a UNESCO World Heritage site, and public access is regulated to help preserve the statues."
      }
    ]
  },
  {
    "id": "52",
    "image": "downloaded_images/Buildings/Moai_Statues/image_20241106_150030_8.jpg",
    "conversations": [
      {
        "from": "human",
        "value": "<image>\nIs the building open to the public?"
      },
      {
        "from": "gpt",
        "value": "Yes, the Moai statues are open to the public. Visitors can see them in various locations across Easter Island, particularly in Rano Raraku, the quarry where many were carved, and on platforms called \"ahu\" around the island. Easter Island is a UNESCO World Heritage site, and public access is regulated to help preserve the statues."
      }
    ]
  },
  {
    "id": "53",
    "image": "downloaded_images/Buildings/Moai_Statues/image_20241106_150454_30.jpg",
    "conversations": [
      {
        "from": "human",
        "value": "<image>\nIs the building open to the public?"
      },
      {
        "from": "gpt",
        "value": "Yes, the Moai statues are open to the public. Visitors can see them in various locations across Easter Island, particularly in Rano Raraku, the quarry where many were carved, and on platforms called \"ahu\" around the island. Easter Island is a UNESCO World Heritage site, and public access is regulated to help preserve the statues."
      }
    ]
  },
  {
    "id": "54",
    "image": "downloaded_images/Buildings/Moai_Statues/image_20241106_150341_22.jpg",
    "conversations": [
      {
        "from": "human",
        "value": "<image>\nIs the building open to the public?"
      },
      {
        "from": "gpt",
        "value": "Yes, the Moai statues are open to the public. Visitors can see them in various locations across Easter Island, particularly in Rano Raraku, the quarry where many were carved, and on platforms called \"ahu\" around the island. Easter Island is a UNESCO World Heritage site, and public access is regulated to help preserve the statues."
      }
    ]
  },
  {
    "id": "55",
    "image": "downloaded_images/Buildings/Moai_Statues/image_20241106_150445_29.jpg",
    "conversations": [
      {
        "from": "human",
        "value": "<image>\nIs the building open to the public?"
      },
      {
        "from": "gpt",
        "value": "Yes, the Moai statues are open to the public. Visitors can see them in various locations across Easter Island, particularly in Rano Raraku, the quarry where many were carved, and on platforms called \"ahu\" around the island. Easter Island is a UNESCO World Heritage site, and public access is regulated to help preserve the statues."
      }
    ]
  },
  {
    "id": "100038",
    "image": "downloaded_images/Buildings/Moai_Statues/image_20241106_145912_2.jpg",
    "conversations": [
      {
        "from": "human",
        "value": "<image>\nWhere can it be found?"
      },
      {
        "from": "gpt",
        "value": "Easter Island (Rapa Nui), Chile, in the southeastern Pacific Ocean.."
      }
    ]
  },
  {
    "id": "100039",
    "image": "downloaded_images/Buildings/Moai_Statues/image_20241106_150002_5.jpg",
    "conversations": [
      {
        "from": "human",
        "value": "<image>\nWhat was the building originally designed for?"
      },
      {
        "from": "gpt",
        "value": "The Moai statues were created by the Rapa Nui people as representations of their ancestors. They are believed to be symbols of authority and power, meant to honor important ancestors or chiefs and to serve as spiritual guardians for the island's communities."
      }
    ]
  },
  {
    "id": "100040",
    "image": "downloaded_images/Buildings/Moai_Statues/image_20241106_145912_2.jpg",
    "conversations": [
      {
        "from": "human",
        "value": "<image>\nIs this building accessible to the public?"
      },
      {
        "from": "gpt",
        "value": "Yes, the Moai statues are open to the public. Visitors can see them in various locations across Easter Island, particularly in Rano Raraku, the quarry where many were carved, and on platforms called \"ahu\" around the island. Easter Island is a UNESCO World Heritage site, and public access is regulated to help preserve the statues."
      }
    ]
  },
  {
    "id": "100041",
    "image": "downloaded_images/Buildings/Moai_Statues/image_20241106_150136_13.jpg",
    "conversations": [
      {
        "from": "human",
        "value": "<image>\nWhere can it be found?"
      },
      {
        "from": "gpt",
        "value": "Easter Island (Rapa Nui), Chile, in the southeastern Pacific Ocean.."
      }
    ]
  },
  {
    "id": "100042",
    "image": "downloaded_images/Buildings/Moai_Statues/image_20241106_150409_25.jpg",
    "conversations": [
      {
        "from": "human",
        "value": "<image>\nWhere can it be found?"
      },
      {
        "from": "gpt",
        "value": "Easter Island (Rapa Nui), Chile, in the southeastern Pacific Ocean.."
      }
    ]
  },
  {
    "id": "100043",
    "image": "downloaded_images/Buildings/Moai_Statues/image_20241106_150350_23.jpg",
    "conversations": [
      {
        "from": "human",
        "value": "<image>\nWhere can it be found?"
      },
      {
        "from": "gpt",
        "value": "Easter Island (Rapa Nui), Chile, in the southeastern Pacific Ocean.."
      }
    ]
  },
  {
    "id": "100044",
    "image": "downloaded_images/Buildings/Moai_Statues/image_20241106_150154_15.jpg",
    "conversations": [
      {
        "from": "human",
        "value": "<image>\nWhere can it be found?"
      },
      {
        "from": "gpt",
        "value": "Easter Island (Rapa Nui), Chile, in the southeastern Pacific Ocean.."
      }
    ]
  },
  {
    "id": "100045",
    "image": "downloaded_images/Buildings/Moai_Statues/image_20241106_145943_3.jpg",
    "conversations": [
      {
        "from": "human",
        "value": "<image>\nWhere can it be found?"
      },
      {
        "from": "gpt",
        "value": "Easter Island (Rapa Nui), Chile, in the southeastern Pacific Ocean.."
      }
    ]
  },
  {
    "id": "100046",
    "image": "downloaded_images/Buildings/Moai_Statues/image_20241106_150030_8.jpg",
    "conversations": [
      {
        "from": "human",
        "value": "<image>\nWhat was the building originally designed for?"
      },
      {
        "from": "gpt",
        "value": "The Moai statues were created by the Rapa Nui people as representations of their ancestors. They are believed to be symbols of authority and power, meant to honor important ancestors or chiefs and to serve as spiritual guardians for the island's communities."
      }
    ]
  },
  {
    "id": "100047",
    "image": "downloaded_images/Buildings/Moai_Statues/image_20241106_145912_2.jpg",
    "conversations": [
      {
        "from": "human",
        "value": "<image>\nWhat was the building originally designed for?"
      },
      {
        "from": "gpt",
        "value": "The Moai statues were created by the Rapa Nui people as representations of their ancestors. They are believed to be symbols of authority and power, meant to honor important ancestors or chiefs and to serve as spiritual guardians for the island's communities."
      }
    ]
  },
  {
    "id": "100048",
    "image": "downloaded_images/Buildings/Moai_Statues/image_20241106_150154_15.jpg",
    "conversations": [
      {
        "from": "human",
        "value": "<image>\nWhat was the building originally designed for?"
      },
      {
        "from": "gpt",
        "value": "The Moai statues were created by the Rapa Nui people as representations of their ancestors. They are believed to be symbols of authority and power, meant to honor important ancestors or chiefs and to serve as spiritual guardians for the island's communities."
      }
    ]
  },
  {
    "id": "100049",
    "image": "downloaded_images/Buildings/Moai_Statues/image_20241106_150324_20.jpg",
    "conversations": [
      {
        "from": "human",
        "value": "<image>\nWhat was the building originally designed for?"
      },
      {
        "from": "gpt",
        "value": "The Moai statues were created by the Rapa Nui people as representations of their ancestors. They are believed to be symbols of authority and power, meant to honor important ancestors or chiefs and to serve as spiritual guardians for the island's communities."
      }
    ]
  },
  {
    "id": "100050",
    "image": "downloaded_images/Buildings/Moai_Statues/image_20241106_150427_27.jpg",
    "conversations": [
      {
        "from": "human",
        "value": "<image>\nWhat was the building originally designed for?"
      },
      {
        "from": "gpt",
        "value": "The Moai statues were created by the Rapa Nui people as representations of their ancestors. They are believed to be symbols of authority and power, meant to honor important ancestors or chiefs and to serve as spiritual guardians for the island's communities."
      }
    ]
  },
  {
    "id": "100051",
    "image": "downloaded_images/Buildings/Moai_Statues/image_20241106_150409_25.jpg",
    "conversations": [
      {
        "from": "human",
        "value": "<image>\nIs this building accessible to the public?"
      },
      {
        "from": "gpt",
        "value": "Yes, the Moai statues are open to the public. Visitors can see them in various locations across Easter Island, particularly in Rano Raraku, the quarry where many were carved, and on platforms called \"ahu\" around the island. Easter Island is a UNESCO World Heritage site, and public access is regulated to help preserve the statues."
      }
    ]
  },
  {
    "id": "100052",
    "image": "downloaded_images/Buildings/Moai_Statues/image_20241106_150030_8.jpg",
    "conversations": [
      {
        "from": "human",
        "value": "<image>\nIs this building accessible to the public?"
      },
      {
        "from": "gpt",
        "value": "Yes, the Moai statues are open to the public. Visitors can see them in various locations across Easter Island, particularly in Rano Raraku, the quarry where many were carved, and on platforms called \"ahu\" around the island. Easter Island is a UNESCO World Heritage site, and public access is regulated to help preserve the statues."
      }
    ]
  },
  {
    "id": "100053",
    "image": "downloaded_images/Buildings/Moai_Statues/image_20241106_150454_30.jpg",
    "conversations": [
      {
        "from": "human",
        "value": "<image>\nIs this building accessible to the public?"
      },
      {
        "from": "gpt",
        "value": "Yes, the Moai statues are open to the public. Visitors can see them in various locations across Easter Island, particularly in Rano Raraku, the quarry where many were carved, and on platforms called \"ahu\" around the island. Easter Island is a UNESCO World Heritage site, and public access is regulated to help preserve the statues."
      }
    ]
  },
  {
    "id": "100054",
    "image": "downloaded_images/Buildings/Moai_Statues/image_20241106_150341_22.jpg",
    "conversations": [
      {
        "from": "human",
        "value": "<image>\nIs this building accessible to the public?"
      },
      {
        "from": "gpt",
        "value": "Yes, the Moai statues are open to the public. Visitors can see them in various locations across Easter Island, particularly in Rano Raraku, the quarry where many were carved, and on platforms called \"ahu\" around the island. Easter Island is a UNESCO World Heritage site, and public access is regulated to help preserve the statues."
      }
    ]
  },
  {
    "id": "100055",
    "image": "downloaded_images/Buildings/Moai_Statues/image_20241106_150445_29.jpg",
    "conversations": [
      {
        "from": "human",
        "value": "<image>\nIs this building accessible to the public?"
      },
      {
        "from": "gpt",
        "value": "Yes, the Moai statues are open to the public. Visitors can see them in various locations across Easter Island, particularly in Rano Raraku, the quarry where many were carved, and on platforms called \"ahu\" around the island. Easter Island is a UNESCO World Heritage site, and public access is regulated to help preserve the statues."
      }
    ]
  },
  {
    "id": "200038",
    "image": "downloaded_images/Buildings/Moai_Statues/image_20241106_145912_2.jpg",
    "conversations": [
      {
        "from": "human",
        "value": "<image>\nWhat is the location of this building?"
      },
      {
        "from": "gpt",
        "value": "Easter Island (Rapa Nui), Chile, in the southeastern Pacific Ocean.."
      }
    ]
  },
  {
    "id": "200039",
    "image": "downloaded_images/Buildings/Moai_Statues/image_20241106_150002_5.jpg",
    "conversations": [
      {
        "from": "human",
        "value": "<image>\nWhat was the initial purpose of this building?"
      },
      {
        "from": "gpt",
        "value": "The Moai statues were created by the Rapa Nui people as representations of their ancestors. They are believed to be symbols of authority and power, meant to honor important ancestors or chiefs and to serve as spiritual guardians for the island's communities."
      }
    ]
  },
  {
    "id": "200040",
    "image": "downloaded_images/Buildings/Moai_Statues/image_20241106_145912_2.jpg",
    "conversations": [
      {
        "from": "human",
        "value": "<image>\nCan the public visit this building?"
      },
      {
        "from": "gpt",
        "value": "Yes, the Moai statues are open to the public. Visitors can see them in various locations across Easter Island, particularly in Rano Raraku, the quarry where many were carved, and on platforms called \"ahu\" around the island. Easter Island is a UNESCO World Heritage site, and public access is regulated to help preserve the statues."
      }
    ]
  },
  {
    "id": "200041",
    "image": "downloaded_images/Buildings/Moai_Statues/image_20241106_150136_13.jpg",
    "conversations": [
      {
        "from": "human",
        "value": "<image>\nWhat is the location of this building?"
      },
      {
        "from": "gpt",
        "value": "Easter Island (Rapa Nui), Chile, in the southeastern Pacific Ocean.."
      }
    ]
  },
  {
    "id": "200042",
    "image": "downloaded_images/Buildings/Moai_Statues/image_20241106_150409_25.jpg",
    "conversations": [
      {
        "from": "human",
        "value": "<image>\nWhat is the location of this building?"
      },
      {
        "from": "gpt",
        "value": "Easter Island (Rapa Nui), Chile, in the southeastern Pacific Ocean.."
      }
    ]
  },
  {
    "id": "200043",
    "image": "downloaded_images/Buildings/Moai_Statues/image_20241106_150350_23.jpg",
    "conversations": [
      {
        "from": "human",
        "value": "<image>\nWhat is the location of this building?"
      },
      {
        "from": "gpt",
        "value": "Easter Island (Rapa Nui), Chile, in the southeastern Pacific Ocean.."
      }
    ]
  },
  {
    "id": "200044",
    "image": "downloaded_images/Buildings/Moai_Statues/image_20241106_150154_15.jpg",
    "conversations": [
      {
        "from": "human",
        "value": "<image>\nWhat is the location of this building?"
      },
      {
        "from": "gpt",
        "value": "Easter Island (Rapa Nui), Chile, in the southeastern Pacific Ocean.."
      }
    ]
  },
  {
    "id": "200045",
    "image": "downloaded_images/Buildings/Moai_Statues/image_20241106_145943_3.jpg",
    "conversations": [
      {
        "from": "human",
        "value": "<image>\nWhat is the location of this building?"
      },
      {
        "from": "gpt",
        "value": "Easter Island (Rapa Nui), Chile, in the southeastern Pacific Ocean.."
      }
    ]
  },
  {
    "id": "200046",
    "image": "downloaded_images/Buildings/Moai_Statues/image_20241106_150030_8.jpg",
    "conversations": [
      {
        "from": "human",
        "value": "<image>\nWhat was the initial purpose of this building?"
      },
      {
        "from": "gpt",
        "value": "The Moai statues were created by the Rapa Nui people as representations of their ancestors. They are believed to be symbols of authority and power, meant to honor important ancestors or chiefs and to serve as spiritual guardians for the island's communities."
      }
    ]
  },
  {
    "id": "200047",
    "image": "downloaded_images/Buildings/Moai_Statues/image_20241106_145912_2.jpg",
    "conversations": [
      {
        "from": "human",
        "value": "<image>\nWhat was the initial purpose of this building?"
      },
      {
        "from": "gpt",
        "value": "The Moai statues were created by the Rapa Nui people as representations of their ancestors. They are believed to be symbols of authority and power, meant to honor important ancestors or chiefs and to serve as spiritual guardians for the island's communities."
      }
    ]
  },
  {
    "id": "200048",
    "image": "downloaded_images/Buildings/Moai_Statues/image_20241106_150154_15.jpg",
    "conversations": [
      {
        "from": "human",
        "value": "<image>\nWhat was the initial purpose of this building?"
      },
      {
        "from": "gpt",
        "value": "The Moai statues were created by the Rapa Nui people as representations of their ancestors. They are believed to be symbols of authority and power, meant to honor important ancestors or chiefs and to serve as spiritual guardians for the island's communities."
      }
    ]
  },
  {
    "id": "200049",
    "image": "downloaded_images/Buildings/Moai_Statues/image_20241106_150324_20.jpg",
    "conversations": [
      {
        "from": "human",
        "value": "<image>\nWhat was the initial purpose of this building?"
      },
      {
        "from": "gpt",
        "value": "The Moai statues were created by the Rapa Nui people as representations of their ancestors. They are believed to be symbols of authority and power, meant to honor important ancestors or chiefs and to serve as spiritual guardians for the island's communities."
      }
    ]
  },
  {
    "id": "200050",
    "image": "downloaded_images/Buildings/Moai_Statues/image_20241106_150427_27.jpg",
    "conversations": [
      {
        "from": "human",
        "value": "<image>\nWhat was the initial purpose of this building?"
      },
      {
        "from": "gpt",
        "value": "The Moai statues were created by the Rapa Nui people as representations of their ancestors. They are believed to be symbols of authority and power, meant to honor important ancestors or chiefs and to serve as spiritual guardians for the island's communities."
      }
    ]
  },
  {
    "id": "200051",
    "image": "downloaded_images/Buildings/Moai_Statues/image_20241106_150409_25.jpg",
    "conversations": [
      {
        "from": "human",
        "value": "<image>\nCan the public visit this building?"
      },
      {
        "from": "gpt",
        "value": "Yes, the Moai statues are open to the public. Visitors can see them in various locations across Easter Island, particularly in Rano Raraku, the quarry where many were carved, and on platforms called \"ahu\" around the island. Easter Island is a UNESCO World Heritage site, and public access is regulated to help preserve the statues."
      }
    ]
  },
  {
    "id": "200052",
    "image": "downloaded_images/Buildings/Moai_Statues/image_20241106_150030_8.jpg",
    "conversations": [
      {
        "from": "human",
        "value": "<image>\nCan the public visit this building?"
      },
      {
        "from": "gpt",
        "value": "Yes, the Moai statues are open to the public. Visitors can see them in various locations across Easter Island, particularly in Rano Raraku, the quarry where many were carved, and on platforms called \"ahu\" around the island. Easter Island is a UNESCO World Heritage site, and public access is regulated to help preserve the statues."
      }
    ]
  },
  {
    "id": "200053",
    "image": "downloaded_images/Buildings/Moai_Statues/image_20241106_150454_30.jpg",
    "conversations": [
      {
        "from": "human",
        "value": "<image>\nCan the public visit this building?"
      },
      {
        "from": "gpt",
        "value": "Yes, the Moai statues are open to the public. Visitors can see them in various locations across Easter Island, particularly in Rano Raraku, the quarry where many were carved, and on platforms called \"ahu\" around the island. Easter Island is a UNESCO World Heritage site, and public access is regulated to help preserve the statues."
      }
    ]
  },
  {
    "id": "200054",
    "image": "downloaded_images/Buildings/Moai_Statues/image_20241106_150341_22.jpg",
    "conversations": [
      {
        "from": "human",
        "value": "<image>\nCan the public visit this building?"
      },
      {
        "from": "gpt",
        "value": "Yes, the Moai statues are open to the public. Visitors can see them in various locations across Easter Island, particularly in Rano Raraku, the quarry where many were carved, and on platforms called \"ahu\" around the island. Easter Island is a UNESCO World Heritage site, and public access is regulated to help preserve the statues."
      }
    ]
  },
  {
    "id": "200055",
    "image": "downloaded_images/Buildings/Moai_Statues/image_20241106_150445_29.jpg",
    "conversations": [
      {
        "from": "human",
        "value": "<image>\nCan the public visit this building?"
      },
      {
        "from": "gpt",
        "value": "Yes, the Moai statues are open to the public. Visitors can see them in various locations across Easter Island, particularly in Rano Raraku, the quarry where many were carved, and on platforms called \"ahu\" around the island. Easter Island is a UNESCO World Heritage site, and public access is regulated to help preserve the statues."
      }
    ]
  },
  {
    "id": "300038",
    "image": "downloaded_images/Buildings/Moai_Statues/image_20241106_145912_2.jpg",
    "conversations": [
      {
        "from": "human",
        "value": "<image>\nIn which area is this building situated?"
      },
      {
        "from": "gpt",
        "value": "Easter Island (Rapa Nui), Chile, in the southeastern Pacific Ocean.."
      }
    ]
  },
  {
    "id": "300039",
    "image": "downloaded_images/Buildings/Moai_Statues/image_20241106_150002_5.jpg",
    "conversations": [
      {
        "from": "human",
        "value": "<image>\nWhat function did this building serve when it was first constructed?"
      },
      {
        "from": "gpt",
        "value": "The Moai statues were created by the Rapa Nui people as representations of their ancestors. They are believed to be symbols of authority and power, meant to honor important ancestors or chiefs and to serve as spiritual guardians for the island's communities."
      }
    ]
  },
  {
    "id": "300040",
    "image": "downloaded_images/Buildings/Moai_Statues/image_20241106_145912_2.jpg",
    "conversations": [
      {
        "from": "human",
        "value": "<image>\nIs the building open for public access?"
      },
      {
        "from": "gpt",
        "value": "Yes, the Moai statues are open to the public. Visitors can see them in various locations across Easter Island, particularly in Rano Raraku, the quarry where many were carved, and on platforms called \"ahu\" around the island. Easter Island is a UNESCO World Heritage site, and public access is regulated to help preserve the statues."
      }
    ]
  },
  {
    "id": "300041",
    "image": "downloaded_images/Buildings/Moai_Statues/image_20241106_150136_13.jpg",
    "conversations": [
      {
        "from": "human",
        "value": "<image>\nIn which area is this building situated?"
      },
      {
        "from": "gpt",
        "value": "Easter Island (Rapa Nui), Chile, in the southeastern Pacific Ocean.."
      }
    ]
  },
  {
    "id": "300042",
    "image": "downloaded_images/Buildings/Moai_Statues/image_20241106_150409_25.jpg",
    "conversations": [
      {
        "from": "human",
        "value": "<image>\nIn which area is this building situated?"
      },
      {
        "from": "gpt",
        "value": "Easter Island (Rapa Nui), Chile, in the southeastern Pacific Ocean.."
      }
    ]
  },
  {
    "id": "300043",
    "image": "downloaded_images/Buildings/Moai_Statues/image_20241106_150350_23.jpg",
    "conversations": [
      {
        "from": "human",
        "value": "<image>\nIn which area is this building situated?"
      },
      {
        "from": "gpt",
        "value": "Easter Island (Rapa Nui), Chile, in the southeastern Pacific Ocean.."
      }
    ]
  },
  {
    "id": "300044",
    "image": "downloaded_images/Buildings/Moai_Statues/image_20241106_150154_15.jpg",
    "conversations": [
      {
        "from": "human",
        "value": "<image>\nIn which area is this building situated?"
      },
      {
        "from": "gpt",
        "value": "Easter Island (Rapa Nui), Chile, in the southeastern Pacific Ocean.."
      }
    ]
  },
  {
    "id": "300045",
    "image": "downloaded_images/Buildings/Moai_Statues/image_20241106_145943_3.jpg",
    "conversations": [
      {
        "from": "human",
        "value": "<image>\nIn which area is this building situated?"
      },
      {
        "from": "gpt",
        "value": "Easter Island (Rapa Nui), Chile, in the southeastern Pacific Ocean.."
      }
    ]
  },
  {
    "id": "300046",
    "image": "downloaded_images/Buildings/Moai_Statues/image_20241106_150030_8.jpg",
    "conversations": [
      {
        "from": "human",
        "value": "<image>\nWhat function did this building serve when it was first constructed?"
      },
      {
        "from": "gpt",
        "value": "The Moai statues were created by the Rapa Nui people as representations of their ancestors. They are believed to be symbols of authority and power, meant to honor important ancestors or chiefs and to serve as spiritual guardians for the island's communities."
      }
    ]
  },
  {
    "id": "300047",
    "image": "downloaded_images/Buildings/Moai_Statues/image_20241106_145912_2.jpg",
    "conversations": [
      {
        "from": "human",
        "value": "<image>\nWhat function did this building serve when it was first constructed?"
      },
      {
        "from": "gpt",
        "value": "The Moai statues were created by the Rapa Nui people as representations of their ancestors. They are believed to be symbols of authority and power, meant to honor important ancestors or chiefs and to serve as spiritual guardians for the island's communities."
      }
    ]
  },
  {
    "id": "300048",
    "image": "downloaded_images/Buildings/Moai_Statues/image_20241106_150154_15.jpg",
    "conversations": [
      {
        "from": "human",
        "value": "<image>\nWhat function did this building serve when it was first constructed?"
      },
      {
        "from": "gpt",
        "value": "The Moai statues were created by the Rapa Nui people as representations of their ancestors. They are believed to be symbols of authority and power, meant to honor important ancestors or chiefs and to serve as spiritual guardians for the island's communities."
      }
    ]
  },
  {
    "id": "300049",
    "image": "downloaded_images/Buildings/Moai_Statues/image_20241106_150324_20.jpg",
    "conversations": [
      {
        "from": "human",
        "value": "<image>\nWhat function did this building serve when it was first constructed?"
      },
      {
        "from": "gpt",
        "value": "The Moai statues were created by the Rapa Nui people as representations of their ancestors. They are believed to be symbols of authority and power, meant to honor important ancestors or chiefs and to serve as spiritual guardians for the island's communities."
      }
    ]
  },
  {
    "id": "300050",
    "image": "downloaded_images/Buildings/Moai_Statues/image_20241106_150427_27.jpg",
    "conversations": [
      {
        "from": "human",
        "value": "<image>\nWhat function did this building serve when it was first constructed?"
      },
      {
        "from": "gpt",
        "value": "The Moai statues were created by the Rapa Nui people as representations of their ancestors. They are believed to be symbols of authority and power, meant to honor important ancestors or chiefs and to serve as spiritual guardians for the island's communities."
      }
    ]
  },
  {
    "id": "300051",
    "image": "downloaded_images/Buildings/Moai_Statues/image_20241106_150409_25.jpg",
    "conversations": [
      {
        "from": "human",
        "value": "<image>\nIs the building open for public access?"
      },
      {
        "from": "gpt",
        "value": "Yes, the Moai statues are open to the public. Visitors can see them in various locations across Easter Island, particularly in Rano Raraku, the quarry where many were carved, and on platforms called \"ahu\" around the island. Easter Island is a UNESCO World Heritage site, and public access is regulated to help preserve the statues."
      }
    ]
  },
  {
    "id": "300052",
    "image": "downloaded_images/Buildings/Moai_Statues/image_20241106_150030_8.jpg",
    "conversations": [
      {
        "from": "human",
        "value": "<image>\nIs the building open for public access?"
      },
      {
        "from": "gpt",
        "value": "Yes, the Moai statues are open to the public. Visitors can see them in various locations across Easter Island, particularly in Rano Raraku, the quarry where many were carved, and on platforms called \"ahu\" around the island. Easter Island is a UNESCO World Heritage site, and public access is regulated to help preserve the statues."
      }
    ]
  },
  {
    "id": "300053",
    "image": "downloaded_images/Buildings/Moai_Statues/image_20241106_150454_30.jpg",
    "conversations": [
      {
        "from": "human",
        "value": "<image>\nIs the building open for public access?"
      },
      {
        "from": "gpt",
        "value": "Yes, the Moai statues are open to the public. Visitors can see them in various locations across Easter Island, particularly in Rano Raraku, the quarry where many were carved, and on platforms called \"ahu\" around the island. Easter Island is a UNESCO World Heritage site, and public access is regulated to help preserve the statues."
      }
    ]
  },
  {
    "id": "300054",
    "image": "downloaded_images/Buildings/Moai_Statues/image_20241106_150341_22.jpg",
    "conversations": [
      {
        "from": "human",
        "value": "<image>\nIs the building open for public access?"
      },
      {
        "from": "gpt",
        "value": "Yes, the Moai statues are open to the public. Visitors can see them in various locations across Easter Island, particularly in Rano Raraku, the quarry where many were carved, and on platforms called \"ahu\" around the island. Easter Island is a UNESCO World Heritage site, and public access is regulated to help preserve the statues."
      }
    ]
  },
  {
    "id": "300055",
    "image": "downloaded_images/Buildings/Moai_Statues/image_20241106_150445_29.jpg",
    "conversations": [
      {
        "from": "human",
        "value": "<image>\nIs the building open for public access?"
      },
      {
        "from": "gpt",
        "value": "Yes, the Moai statues are open to the public. Visitors can see them in various locations across Easter Island, particularly in Rano Raraku, the quarry where many were carved, and on platforms called \"ahu\" around the island. Easter Island is a UNESCO World Heritage site, and public access is regulated to help preserve the statues."
      }
    ]
  },
  {
    "id": "400038",
    "image": "downloaded_images/Buildings/Moai_Statues/image_20241106_145912_2.jpg",
    "conversations": [
      {
        "from": "human",
        "value": "<image>\nWhere is this structure located?"
      },
      {
        "from": "gpt",
        "value": "Easter Island (Rapa Nui), Chile, in the southeastern Pacific Ocean.."
      }
    ]
  },
  {
    "id": "400039",
    "image": "downloaded_images/Buildings/Moai_Statues/image_20241106_150002_5.jpg",
    "conversations": [
      {
        "from": "human",
        "value": "<image>\nWhat was the original intent behind this structure?"
      },
      {
        "from": "gpt",
        "value": "The Moai statues were created by the Rapa Nui people as representations of their ancestors. They are believed to be symbols of authority and power, meant to honor important ancestors or chiefs and to serve as spiritual guardians for the island's communities."
      }
    ]
  },
  {
    "id": "400040",
    "image": "downloaded_images/Buildings/Moai_Statues/image_20241106_145912_2.jpg",
    "conversations": [
      {
        "from": "human",
        "value": "<image>\nAre visitors allowed in this building?"
      },
      {
        "from": "gpt",
        "value": "Yes, the Moai statues are open to the public. Visitors can see them in various locations across Easter Island, particularly in Rano Raraku, the quarry where many were carved, and on platforms called \"ahu\" around the island. Easter Island is a UNESCO World Heritage site, and public access is regulated to help preserve the statues."
      }
    ]
  },
  {
    "id": "400041",
    "image": "downloaded_images/Buildings/Moai_Statues/image_20241106_150136_13.jpg",
    "conversations": [
      {
        "from": "human",
        "value": "<image>\nWhere is this structure located?"
      },
      {
        "from": "gpt",
        "value": "Easter Island (Rapa Nui), Chile, in the southeastern Pacific Ocean.."
      }
    ]
  },
  {
    "id": "400042",
    "image": "downloaded_images/Buildings/Moai_Statues/image_20241106_150409_25.jpg",
    "conversations": [
      {
        "from": "human",
        "value": "<image>\nWhere is this structure located?"
      },
      {
        "from": "gpt",
        "value": "Easter Island (Rapa Nui), Chile, in the southeastern Pacific Ocean.."
      }
    ]
  },
  {
    "id": "400043",
    "image": "downloaded_images/Buildings/Moai_Statues/image_20241106_150350_23.jpg",
    "conversations": [
      {
        "from": "human",
        "value": "<image>\nWhere is this structure located?"
      },
      {
        "from": "gpt",
        "value": "Easter Island (Rapa Nui), Chile, in the southeastern Pacific Ocean.."
      }
    ]
  },
  {
    "id": "400044",
    "image": "downloaded_images/Buildings/Moai_Statues/image_20241106_150154_15.jpg",
    "conversations": [
      {
        "from": "human",
        "value": "<image>\nWhere is this structure located?"
      },
      {
        "from": "gpt",
        "value": "Easter Island (Rapa Nui), Chile, in the southeastern Pacific Ocean.."
      }
    ]
  },
  {
    "id": "400045",
    "image": "downloaded_images/Buildings/Moai_Statues/image_20241106_145943_3.jpg",
    "conversations": [
      {
        "from": "human",
        "value": "<image>\nWhere is this structure located?"
      },
      {
        "from": "gpt",
        "value": "Easter Island (Rapa Nui), Chile, in the southeastern Pacific Ocean.."
      }
    ]
  },
  {
    "id": "400046",
    "image": "downloaded_images/Buildings/Moai_Statues/image_20241106_150030_8.jpg",
    "conversations": [
      {
        "from": "human",
        "value": "<image>\nWhat was the original intent behind this structure?"
      },
      {
        "from": "gpt",
        "value": "The Moai statues were created by the Rapa Nui people as representations of their ancestors. They are believed to be symbols of authority and power, meant to honor important ancestors or chiefs and to serve as spiritual guardians for the island's communities."
      }
    ]
  },
  {
    "id": "400047",
    "image": "downloaded_images/Buildings/Moai_Statues/image_20241106_145912_2.jpg",
    "conversations": [
      {
        "from": "human",
        "value": "<image>\nWhat was the original intent behind this structure?"
      },
      {
        "from": "gpt",
        "value": "The Moai statues were created by the Rapa Nui people as representations of their ancestors. They are believed to be symbols of authority and power, meant to honor important ancestors or chiefs and to serve as spiritual guardians for the island's communities."
      }
    ]
  },
  {
    "id": "400048",
    "image": "downloaded_images/Buildings/Moai_Statues/image_20241106_150154_15.jpg",
    "conversations": [
      {
        "from": "human",
        "value": "<image>\nWhat was the original intent behind this structure?"
      },
      {
        "from": "gpt",
        "value": "The Moai statues were created by the Rapa Nui people as representations of their ancestors. They are believed to be symbols of authority and power, meant to honor important ancestors or chiefs and to serve as spiritual guardians for the island's communities."
      }
    ]
  },
  {
    "id": "400049",
    "image": "downloaded_images/Buildings/Moai_Statues/image_20241106_150324_20.jpg",
    "conversations": [
      {
        "from": "human",
        "value": "<image>\nWhat was the original intent behind this structure?"
      },
      {
        "from": "gpt",
        "value": "The Moai statues were created by the Rapa Nui people as representations of their ancestors. They are believed to be symbols of authority and power, meant to honor important ancestors or chiefs and to serve as spiritual guardians for the island's communities."
      }
    ]
  },
  {
    "id": "400050",
    "image": "downloaded_images/Buildings/Moai_Statues/image_20241106_150427_27.jpg",
    "conversations": [
      {
        "from": "human",
        "value": "<image>\nWhat was the original intent behind this structure?"
      },
      {
        "from": "gpt",
        "value": "The Moai statues were created by the Rapa Nui people as representations of their ancestors. They are believed to be symbols of authority and power, meant to honor important ancestors or chiefs and to serve as spiritual guardians for the island's communities."
      }
    ]
  },
  {
    "id": "400051",
    "image": "downloaded_images/Buildings/Moai_Statues/image_20241106_150409_25.jpg",
    "conversations": [
      {
        "from": "human",
        "value": "<image>\nAre visitors allowed in this building?"
      },
      {
        "from": "gpt",
        "value": "Yes, the Moai statues are open to the public. Visitors can see them in various locations across Easter Island, particularly in Rano Raraku, the quarry where many were carved, and on platforms called \"ahu\" around the island. Easter Island is a UNESCO World Heritage site, and public access is regulated to help preserve the statues."
      }
    ]
  },
  {
    "id": "400052",
    "image": "downloaded_images/Buildings/Moai_Statues/image_20241106_150030_8.jpg",
    "conversations": [
      {
        "from": "human",
        "value": "<image>\nAre visitors allowed in this building?"
      },
      {
        "from": "gpt",
        "value": "Yes, the Moai statues are open to the public. Visitors can see them in various locations across Easter Island, particularly in Rano Raraku, the quarry where many were carved, and on platforms called \"ahu\" around the island. Easter Island is a UNESCO World Heritage site, and public access is regulated to help preserve the statues."
      }
    ]
  },
  {
    "id": "400053",
    "image": "downloaded_images/Buildings/Moai_Statues/image_20241106_150454_30.jpg",
    "conversations": [
      {
        "from": "human",
        "value": "<image>\nAre visitors allowed in this building?"
      },
      {
        "from": "gpt",
        "value": "Yes, the Moai statues are open to the public. Visitors can see them in various locations across Easter Island, particularly in Rano Raraku, the quarry where many were carved, and on platforms called \"ahu\" around the island. Easter Island is a UNESCO World Heritage site, and public access is regulated to help preserve the statues."
      }
    ]
  },
  {
    "id": "400054",
    "image": "downloaded_images/Buildings/Moai_Statues/image_20241106_150341_22.jpg",
    "conversations": [
      {
        "from": "human",
        "value": "<image>\nAre visitors allowed in this building?"
      },
      {
        "from": "gpt",
        "value": "Yes, the Moai statues are open to the public. Visitors can see them in various locations across Easter Island, particularly in Rano Raraku, the quarry where many were carved, and on platforms called \"ahu\" around the island. Easter Island is a UNESCO World Heritage site, and public access is regulated to help preserve the statues."
      }
    ]
  },
  {
    "id": "400055",
    "image": "downloaded_images/Buildings/Moai_Statues/image_20241106_150445_29.jpg",
    "conversations": [
      {
        "from": "human",
        "value": "<image>\nAre visitors allowed in this building?"
      },
      {
        "from": "gpt",
        "value": "Yes, the Moai statues are open to the public. Visitors can see them in various locations across Easter Island, particularly in Rano Raraku, the quarry where many were carved, and on platforms called \"ahu\" around the island. Easter Island is a UNESCO World Heritage site, and public access is regulated to help preserve the statues."
      }
    ]
  }
]