[
  {
    "id": "39",
    "image": "downloaded_images/Cartoon/The_Garden_of_Words/image_20241018_112412_12.jpg",
    "conversations": [
      {
        "from": "human",
        "value": "<image>\nWhat is the title of this cartoon?"
      },
      {
        "from": "gpt",
        "value": "The title of this cartoon is \"The Garden of Words.\""
      }
    ]
  },
  {
    "id": "40",
    "image": "downloaded_images/Cartoon/The_Garden_of_Words/image_20241106_162740_4.jpg",
    "conversations": [
      {
        "from": "human",
        "value": "<image>\nWhat is the central storyline or premise of this cartoon?"
      },
      {
        "from": "gpt",
        "value": "The central storyline of \"The Garden of Words\" revolves around the chance meetings between Takao and Yukari in a beautiful garden during rainy days. As they share their thoughts and feelings, they develop a deep emotional connection, exploring themes of loneliness, love, and the complexities of human relationships."
      }
    ]
  },
  {
    "id": "41",
    "image": "downloaded_images/Cartoon/The_Garden_of_Words/image_20241106_162835_10.jpg",
    "conversations": [
      {
        "from": "human",
        "value": "<image>\nWhat is the title of this cartoon?"
      },
      {
        "from": "gpt",
        "value": "The title of this cartoon is \"The Garden of Words.\""
      }
    ]
  },
  {
    "id": "42",
    "image": "downloaded_images/Cartoon/The_Garden_of_Words/image_20241106_163056_26.jpg",
    "conversations": [
      {
        "from": "human",
        "value": "<image>\nWhat is the title of this cartoon?"
      },
      {
        "from": "gpt",
        "value": "The title of this cartoon is \"The Garden of Words.\""
      }
    ]
  },
  {
    "id": "43",
    "image": "downloaded_images/Cartoon/The_Garden_of_Words/image_20241106_162902_13.jpg",
    "conversations": [
      {
        "from": "human",
        "value": "<image>\nWhat is the title of this cartoon?"
      },
      {
        "from": "gpt",
        "value": "The title of this cartoon is \"The Garden of Words.\""
      }
    ]
  },
  {
    "id": "44",
    "image": "downloaded_images/Cartoon/The_Garden_of_Words/image_20241106_162844_11.jpg",
    "conversations": [
      {
        "from": "human",
        "value": "<image>\nWhat is the title of this cartoon?"
      },
      {
        "from": "gpt",
        "value": "The title of this cartoon is \"The Garden of Words.\""
      }
    ]
  },
  {
    "id": "45",
    "image": "downloaded_images/Cartoon/The_Garden_of_Words/image_20241018_112446_16.jpg",
    "conversations": [
      {
        "from": "human",
        "value": "<image>\nWhat is the title of this cartoon?"
      },
      {
        "from": "gpt",
        "value": "The title of this cartoon is \"The Garden of Words.\""
      }
    ]
  },
  {
    "id": "46",
    "image": "downloaded_images/Cartoon/The_Garden_of_Words/image_20241106_163013_21.jpg",
    "conversations": [
      {
        "from": "human",
        "value": "<image>\nWhat is the central storyline or premise of this cartoon?"
      },
      {
        "from": "gpt",
        "value": "The central storyline of \"The Garden of Words\" revolves around the chance meetings between Takao and Yukari in a beautiful garden during rainy days. As they share their thoughts and feelings, they develop a deep emotional connection, exploring themes of loneliness, love, and the complexities of human relationships."
      }
    ]
  },
  {
    "id": "47",
    "image": "downloaded_images/Cartoon/The_Garden_of_Words/image_20241106_163032_23.jpg",
    "conversations": [
      {
        "from": "human",
        "value": "<image>\nWhat is the central storyline or premise of this cartoon?"
      },
      {
        "from": "gpt",
        "value": "The central storyline of \"The Garden of Words\" revolves around the chance meetings between Takao and Yukari in a beautiful garden during rainy days. As they share their thoughts and feelings, they develop a deep emotional connection, exploring themes of loneliness, love, and the complexities of human relationships."
      }
    ]
  },
  {
    "id": "48",
    "image": "downloaded_images/Cartoon/The_Garden_of_Words/image_20241106_163005_20.jpg",
    "conversations": [
      {
        "from": "human",
        "value": "<image>\nWhat is the central storyline or premise of this cartoon?"
      },
      {
        "from": "gpt",
        "value": "The central storyline of \"The Garden of Words\" revolves around the chance meetings between Takao and Yukari in a beautiful garden during rainy days. As they share their thoughts and feelings, they develop a deep emotional connection, exploring themes of loneliness, love, and the complexities of human relationships."
      }
    ]
  },
  {
    "id": "49",
    "image": "downloaded_images/Cartoon/The_Garden_of_Words/image_20241106_162731_3.jpg",
    "conversations": [
      {
        "from": "human",
        "value": "<image>\nWhat is the central storyline or premise of this cartoon?"
      },
      {
        "from": "gpt",
        "value": "The central storyline of \"The Garden of Words\" revolves around the chance meetings between Takao and Yukari in a beautiful garden during rainy days. As they share their thoughts and feelings, they develop a deep emotional connection, exploring themes of loneliness, love, and the complexities of human relationships."
      }
    ]
  },
  {
    "id": "50",
    "image": "downloaded_images/Cartoon/The_Garden_of_Words/image_20241106_162835_10.jpg",
    "conversations": [
      {
        "from": "human",
        "value": "<image>\nWhat is the central storyline or premise of this cartoon?"
      },
      {
        "from": "gpt",
        "value": "The central storyline of \"The Garden of Words\" revolves around the chance meetings between Takao and Yukari in a beautiful garden during rainy days. As they share their thoughts and feelings, they develop a deep emotional connection, exploring themes of loneliness, love, and the complexities of human relationships."
      }
    ]
  },
  {
    "id": "100039",
    "image": "downloaded_images/Cartoon/The_Garden_of_Words/image_20241018_112412_12.jpg",
    "conversations": [
      {
        "from": "human",
        "value": "<image>\nWhat is the name of this cartoon?"
      },
      {
        "from": "gpt",
        "value": "The title of this cartoon is \"The Garden of Words.\""
      }
    ]
  },
  {
    "id": "100040",
    "image": "downloaded_images/Cartoon/The_Garden_of_Words/image_20241106_162740_4.jpg",
    "conversations": [
      {
        "from": "human",
        "value": "<image>\nWhat is the main plot or premise of this cartoon?"
      },
      {
        "from": "gpt",
        "value": "The central storyline of \"The Garden of Words\" revolves around the chance meetings between Takao and Yukari in a beautiful garden during rainy days. As they share their thoughts and feelings, they develop a deep emotional connection, exploring themes of loneliness, love, and the complexities of human relationships."
      }
    ]
  },
  {
    "id": "100041",
    "image": "downloaded_images/Cartoon/The_Garden_of_Words/image_20241106_162835_10.jpg",
    "conversations": [
      {
        "from": "human",
        "value": "<image>\nWhat is the name of this cartoon?"
      },
      {
        "from": "gpt",
        "value": "The title of this cartoon is \"The Garden of Words.\""
      }
    ]
  },
  {
    "id": "100042",
    "image": "downloaded_images/Cartoon/The_Garden_of_Words/image_20241106_163056_26.jpg",
    "conversations": [
      {
        "from": "human",
        "value": "<image>\nWhat is the name of this cartoon?"
      },
      {
        "from": "gpt",
        "value": "The title of this cartoon is \"The Garden of Words.\""
      }
    ]
  },
  {
    "id": "100043",
    "image": "downloaded_images/Cartoon/The_Garden_of_Words/image_20241106_162902_13.jpg",
    "conversations": [
      {
        "from": "human",
        "value": "<image>\nWhat is the name of this cartoon?"
      },
      {
        "from": "gpt",
        "value": "The title of this cartoon is \"The Garden of Words.\""
      }
    ]
  },
  {
    "id": "100044",
    "image": "downloaded_images/Cartoon/The_Garden_of_Words/image_20241106_162844_11.jpg",
    "conversations": [
      {
        "from": "human",
        "value": "<image>\nWhat is the name of this cartoon?"
      },
      {
        "from": "gpt",
        "value": "The title of this cartoon is \"The Garden of Words.\""
      }
    ]
  },
  {
    "id": "100045",
    "image": "downloaded_images/Cartoon/The_Garden_of_Words/image_20241018_112446_16.jpg",
    "conversations": [
      {
        "from": "human",
        "value": "<image>\nWhat is the name of this cartoon?"
      },
      {
        "from": "gpt",
        "value": "The title of this cartoon is \"The Garden of Words.\""
      }
    ]
  },
  {
    "id": "100046",
    "image": "downloaded_images/Cartoon/The_Garden_of_Words/image_20241106_163013_21.jpg",
    "conversations": [
      {
        "from": "human",
        "value": "<image>\nWhat is the main plot or premise of this cartoon?"
      },
      {
        "from": "gpt",
        "value": "The central storyline of \"The Garden of Words\" revolves around the chance meetings between Takao and Yukari in a beautiful garden during rainy days. As they share their thoughts and feelings, they develop a deep emotional connection, exploring themes of loneliness, love, and the complexities of human relationships."
      }
    ]
  },
  {
    "id": "100047",
    "image": "downloaded_images/Cartoon/The_Garden_of_Words/image_20241106_163032_23.jpg",
    "conversations": [
      {
        "from": "human",
        "value": "<image>\nWhat is the main plot or premise of this cartoon?"
      },
      {
        "from": "gpt",
        "value": "The central storyline of \"The Garden of Words\" revolves around the chance meetings between Takao and Yukari in a beautiful garden during rainy days. As they share their thoughts and feelings, they develop a deep emotional connection, exploring themes of loneliness, love, and the complexities of human relationships."
      }
    ]
  },
  {
    "id": "100048",
    "image": "downloaded_images/Cartoon/The_Garden_of_Words/image_20241106_163005_20.jpg",
    "conversations": [
      {
        "from": "human",
        "value": "<image>\nWhat is the main plot or premise of this cartoon?"
      },
      {
        "from": "gpt",
        "value": "The central storyline of \"The Garden of Words\" revolves around the chance meetings between Takao and Yukari in a beautiful garden during rainy days. As they share their thoughts and feelings, they develop a deep emotional connection, exploring themes of loneliness, love, and the complexities of human relationships."
      }
    ]
  },
  {
    "id": "100049",
    "image": "downloaded_images/Cartoon/The_Garden_of_Words/image_20241106_162731_3.jpg",
    "conversations": [
      {
        "from": "human",
        "value": "<image>\nWhat is the main plot or premise of this cartoon?"
      },
      {
        "from": "gpt",
        "value": "The central storyline of \"The Garden of Words\" revolves around the chance meetings between Takao and Yukari in a beautiful garden during rainy days. As they share their thoughts and feelings, they develop a deep emotional connection, exploring themes of loneliness, love, and the complexities of human relationships."
      }
    ]
  },
  {
    "id": "100050",
    "image": "downloaded_images/Cartoon/The_Garden_of_Words/image_20241106_162835_10.jpg",
    "conversations": [
      {
        "from": "human",
        "value": "<image>\nWhat is the main plot or premise of this cartoon?"
      },
      {
        "from": "gpt",
        "value": "The central storyline of \"The Garden of Words\" revolves around the chance meetings between Takao and Yukari in a beautiful garden during rainy days. As they share their thoughts and feelings, they develop a deep emotional connection, exploring themes of loneliness, love, and the complexities of human relationships."
      }
    ]
  },
  {
    "id": "200039",
    "image": "downloaded_images/Cartoon/The_Garden_of_Words/image_20241018_112412_12.jpg",
    "conversations": [
      {
        "from": "human",
        "value": "<image>\nWhat is the title of this animated series?"
      },
      {
        "from": "gpt",
        "value": "The title of this cartoon is \"The Garden of Words.\""
      }
    ]
  },
  {
    "id": "200040",
    "image": "downloaded_images/Cartoon/The_Garden_of_Words/image_20241106_162740_4.jpg",
    "conversations": [
      {
        "from": "human",
        "value": "<image>\nWhat is the central storyline of this animated series?"
      },
      {
        "from": "gpt",
        "value": "The central storyline of \"The Garden of Words\" revolves around the chance meetings between Takao and Yukari in a beautiful garden during rainy days. As they share their thoughts and feelings, they develop a deep emotional connection, exploring themes of loneliness, love, and the complexities of human relationships."
      }
    ]
  },
  {
    "id": "200041",
    "image": "downloaded_images/Cartoon/The_Garden_of_Words/image_20241106_162835_10.jpg",
    "conversations": [
      {
        "from": "human",
        "value": "<image>\nWhat is the title of this animated series?"
      },
      {
        "from": "gpt",
        "value": "The title of this cartoon is \"The Garden of Words.\""
      }
    ]
  },
  {
    "id": "200042",
    "image": "downloaded_images/Cartoon/The_Garden_of_Words/image_20241106_163056_26.jpg",
    "conversations": [
      {
        "from": "human",
        "value": "<image>\nWhat is the title of this animated series?"
      },
      {
        "from": "gpt",
        "value": "The title of this cartoon is \"The Garden of Words.\""
      }
    ]
  },
  {
    "id": "200043",
    "image": "downloaded_images/Cartoon/The_Garden_of_Words/image_20241106_162902_13.jpg",
    "conversations": [
      {
        "from": "human",
        "value": "<image>\nWhat is the title of this animated series?"
      },
      {
        "from": "gpt",
        "value": "The title of this cartoon is \"The Garden of Words.\""
      }
    ]
  },
  {
    "id": "200044",
    "image": "downloaded_images/Cartoon/The_Garden_of_Words/image_20241106_162844_11.jpg",
    "conversations": [
      {
        "from": "human",
        "value": "<image>\nWhat is the title of this animated series?"
      },
      {
        "from": "gpt",
        "value": "The title of this cartoon is \"The Garden of Words.\""
      }
    ]
  },
  {
    "id": "200045",
    "image": "downloaded_images/Cartoon/The_Garden_of_Words/image_20241018_112446_16.jpg",
    "conversations": [
      {
        "from": "human",
        "value": "<image>\nWhat is the title of this animated series?"
      },
      {
        "from": "gpt",
        "value": "The title of this cartoon is \"The Garden of Words.\""
      }
    ]
  },
  {
    "id": "200046",
    "image": "downloaded_images/Cartoon/The_Garden_of_Words/image_20241106_163013_21.jpg",
    "conversations": [
      {
        "from": "human",
        "value": "<image>\nWhat is the central storyline of this animated series?"
      },
      {
        "from": "gpt",
        "value": "The central storyline of \"The Garden of Words\" revolves around the chance meetings between Takao and Yukari in a beautiful garden during rainy days. As they share their thoughts and feelings, they develop a deep emotional connection, exploring themes of loneliness, love, and the complexities of human relationships."
      }
    ]
  },
  {
    "id": "200047",
    "image": "downloaded_images/Cartoon/The_Garden_of_Words/image_20241106_163032_23.jpg",
    "conversations": [
      {
        "from": "human",
        "value": "<image>\nWhat is the central storyline of this animated series?"
      },
      {
        "from": "gpt",
        "value": "The central storyline of \"The Garden of Words\" revolves around the chance meetings between Takao and Yukari in a beautiful garden during rainy days. As they share their thoughts and feelings, they develop a deep emotional connection, exploring themes of loneliness, love, and the complexities of human relationships."
      }
    ]
  },
  {
    "id": "200048",
    "image": "downloaded_images/Cartoon/The_Garden_of_Words/image_20241106_163005_20.jpg",
    "conversations": [
      {
        "from": "human",
        "value": "<image>\nWhat is the central storyline of this animated series?"
      },
      {
        "from": "gpt",
        "value": "The central storyline of \"The Garden of Words\" revolves around the chance meetings between Takao and Yukari in a beautiful garden during rainy days. As they share their thoughts and feelings, they develop a deep emotional connection, exploring themes of loneliness, love, and the complexities of human relationships."
      }
    ]
  },
  {
    "id": "200049",
    "image": "downloaded_images/Cartoon/The_Garden_of_Words/image_20241106_162731_3.jpg",
    "conversations": [
      {
        "from": "human",
        "value": "<image>\nWhat is the central storyline of this animated series?"
      },
      {
        "from": "gpt",
        "value": "The central storyline of \"The Garden of Words\" revolves around the chance meetings between Takao and Yukari in a beautiful garden during rainy days. As they share their thoughts and feelings, they develop a deep emotional connection, exploring themes of loneliness, love, and the complexities of human relationships."
      }
    ]
  },
  {
    "id": "200050",
    "image": "downloaded_images/Cartoon/The_Garden_of_Words/image_20241106_162835_10.jpg",
    "conversations": [
      {
        "from": "human",
        "value": "<image>\nWhat is the central storyline of this animated series?"
      },
      {
        "from": "gpt",
        "value": "The central storyline of \"The Garden of Words\" revolves around the chance meetings between Takao and Yukari in a beautiful garden during rainy days. As they share their thoughts and feelings, they develop a deep emotional connection, exploring themes of loneliness, love, and the complexities of human relationships."
      }
    ]
  },
  {
    "id": "300039",
    "image": "downloaded_images/Cartoon/The_Garden_of_Words/image_20241018_112412_12.jpg",
    "conversations": [
      {
        "from": "human",
        "value": "<image>\nHow is this cartoon referred to?"
      },
      {
        "from": "gpt",
        "value": "The title of this cartoon is \"The Garden of Words.\""
      }
    ]
  },
  {
    "id": "300040",
    "image": "downloaded_images/Cartoon/The_Garden_of_Words/image_20241106_162740_4.jpg",
    "conversations": [
      {
        "from": "human",
        "value": "<image>\nWhat is the basic premise of this cartoon?"
      },
      {
        "from": "gpt",
        "value": "The central storyline of \"The Garden of Words\" revolves around the chance meetings between Takao and Yukari in a beautiful garden during rainy days. As they share their thoughts and feelings, they develop a deep emotional connection, exploring themes of loneliness, love, and the complexities of human relationships."
      }
    ]
  },
  {
    "id": "300041",
    "image": "downloaded_images/Cartoon/The_Garden_of_Words/image_20241106_162835_10.jpg",
    "conversations": [
      {
        "from": "human",
        "value": "<image>\nHow is this cartoon referred to?"
      },
      {
        "from": "gpt",
        "value": "The title of this cartoon is \"The Garden of Words.\""
      }
    ]
  },
  {
    "id": "300042",
    "image": "downloaded_images/Cartoon/The_Garden_of_Words/image_20241106_163056_26.jpg",
    "conversations": [
      {
        "from": "human",
        "value": "<image>\nHow is this cartoon referred to?"
      },
      {
        "from": "gpt",
        "value": "The title of this cartoon is \"The Garden of Words.\""
      }
    ]
  },
  {
    "id": "300043",
    "image": "downloaded_images/Cartoon/The_Garden_of_Words/image_20241106_162902_13.jpg",
    "conversations": [
      {
        "from": "human",
        "value": "<image>\nHow is this cartoon referred to?"
      },
      {
        "from": "gpt",
        "value": "The title of this cartoon is \"The Garden of Words.\""
      }
    ]
  },
  {
    "id": "300044",
    "image": "downloaded_images/Cartoon/The_Garden_of_Words/image_20241106_162844_11.jpg",
    "conversations": [
      {
        "from": "human",
        "value": "<image>\nHow is this cartoon referred to?"
      },
      {
        "from": "gpt",
        "value": "The title of this cartoon is \"The Garden of Words.\""
      }
    ]
  },
  {
    "id": "300045",
    "image": "downloaded_images/Cartoon/The_Garden_of_Words/image_20241018_112446_16.jpg",
    "conversations": [
      {
        "from": "human",
        "value": "<image>\nHow is this cartoon referred to?"
      },
      {
        "from": "gpt",
        "value": "The title of this cartoon is \"The Garden of Words.\""
      }
    ]
  },
  {
    "id": "300046",
    "image": "downloaded_images/Cartoon/The_Garden_of_Words/image_20241106_163013_21.jpg",
    "conversations": [
      {
        "from": "human",
        "value": "<image>\nWhat is the basic premise of this cartoon?"
      },
      {
        "from": "gpt",
        "value": "The central storyline of \"The Garden of Words\" revolves around the chance meetings between Takao and Yukari in a beautiful garden during rainy days. As they share their thoughts and feelings, they develop a deep emotional connection, exploring themes of loneliness, love, and the complexities of human relationships."
      }
    ]
  },
  {
    "id": "300047",
    "image": "downloaded_images/Cartoon/The_Garden_of_Words/image_20241106_163032_23.jpg",
    "conversations": [
      {
        "from": "human",
        "value": "<image>\nWhat is the basic premise of this cartoon?"
      },
      {
        "from": "gpt",
        "value": "The central storyline of \"The Garden of Words\" revolves around the chance meetings between Takao and Yukari in a beautiful garden during rainy days. As they share their thoughts and feelings, they develop a deep emotional connection, exploring themes of loneliness, love, and the complexities of human relationships."
      }
    ]
  },
  {
    "id": "300048",
    "image": "downloaded_images/Cartoon/The_Garden_of_Words/image_20241106_163005_20.jpg",
    "conversations": [
      {
        "from": "human",
        "value": "<image>\nWhat is the basic premise of this cartoon?"
      },
      {
        "from": "gpt",
        "value": "The central storyline of \"The Garden of Words\" revolves around the chance meetings between Takao and Yukari in a beautiful garden during rainy days. As they share their thoughts and feelings, they develop a deep emotional connection, exploring themes of loneliness, love, and the complexities of human relationships."
      }
    ]
  },
  {
    "id": "300049",
    "image": "downloaded_images/Cartoon/The_Garden_of_Words/image_20241106_162731_3.jpg",
    "conversations": [
      {
        "from": "human",
        "value": "<image>\nWhat is the basic premise of this cartoon?"
      },
      {
        "from": "gpt",
        "value": "The central storyline of \"The Garden of Words\" revolves around the chance meetings between Takao and Yukari in a beautiful garden during rainy days. As they share their thoughts and feelings, they develop a deep emotional connection, exploring themes of loneliness, love, and the complexities of human relationships."
      }
    ]
  },
  {
    "id": "300050",
    "image": "downloaded_images/Cartoon/The_Garden_of_Words/image_20241106_162835_10.jpg",
    "conversations": [
      {
        "from": "human",
        "value": "<image>\nWhat is the basic premise of this cartoon?"
      },
      {
        "from": "gpt",
        "value": "The central storyline of \"The Garden of Words\" revolves around the chance meetings between Takao and Yukari in a beautiful garden during rainy days. As they share their thoughts and feelings, they develop a deep emotional connection, exploring themes of loneliness, love, and the complexities of human relationships."
      }
    ]
  },
  {
    "id": "400039",
    "image": "downloaded_images/Cartoon/The_Garden_of_Words/image_20241018_112412_12.jpg",
    "conversations": [
      {
        "from": "human",
        "value": "<image>\nWhat do people call this cartoon?"
      },
      {
        "from": "gpt",
        "value": "The title of this cartoon is \"The Garden of Words.\""
      }
    ]
  },
  {
    "id": "400040",
    "image": "downloaded_images/Cartoon/The_Garden_of_Words/image_20241106_162740_4.jpg",
    "conversations": [
      {
        "from": "human",
        "value": "<image>\nCan you summarize the main storyline of this cartoon?"
      },
      {
        "from": "gpt",
        "value": "The central storyline of \"The Garden of Words\" revolves around the chance meetings between Takao and Yukari in a beautiful garden during rainy days. As they share their thoughts and feelings, they develop a deep emotional connection, exploring themes of loneliness, love, and the complexities of human relationships."
      }
    ]
  },
  {
    "id": "400041",
    "image": "downloaded_images/Cartoon/The_Garden_of_Words/image_20241106_162835_10.jpg",
    "conversations": [
      {
        "from": "human",
        "value": "<image>\nWhat do people call this cartoon?"
      },
      {
        "from": "gpt",
        "value": "The title of this cartoon is \"The Garden of Words.\""
      }
    ]
  },
  {
    "id": "400042",
    "image": "downloaded_images/Cartoon/The_Garden_of_Words/image_20241106_163056_26.jpg",
    "conversations": [
      {
        "from": "human",
        "value": "<image>\nWhat do people call this cartoon?"
      },
      {
        "from": "gpt",
        "value": "The title of this cartoon is \"The Garden of Words.\""
      }
    ]
  },
  {
    "id": "400043",
    "image": "downloaded_images/Cartoon/The_Garden_of_Words/image_20241106_162902_13.jpg",
    "conversations": [
      {
        "from": "human",
        "value": "<image>\nWhat do people call this cartoon?"
      },
      {
        "from": "gpt",
        "value": "The title of this cartoon is \"The Garden of Words.\""
      }
    ]
  },
  {
    "id": "400044",
    "image": "downloaded_images/Cartoon/The_Garden_of_Words/image_20241106_162844_11.jpg",
    "conversations": [
      {
        "from": "human",
        "value": "<image>\nWhat do people call this cartoon?"
      },
      {
        "from": "gpt",
        "value": "The title of this cartoon is \"The Garden of Words.\""
      }
    ]
  },
  {
    "id": "400045",
    "image": "downloaded_images/Cartoon/The_Garden_of_Words/image_20241018_112446_16.jpg",
    "conversations": [
      {
        "from": "human",
        "value": "<image>\nWhat do people call this cartoon?"
      },
      {
        "from": "gpt",
        "value": "The title of this cartoon is \"The Garden of Words.\""
      }
    ]
  },
  {
    "id": "400046",
    "image": "downloaded_images/Cartoon/The_Garden_of_Words/image_20241106_163013_21.jpg",
    "conversations": [
      {
        "from": "human",
        "value": "<image>\nCan you summarize the main storyline of this cartoon?"
      },
      {
        "from": "gpt",
        "value": "The central storyline of \"The Garden of Words\" revolves around the chance meetings between Takao and Yukari in a beautiful garden during rainy days. As they share their thoughts and feelings, they develop a deep emotional connection, exploring themes of loneliness, love, and the complexities of human relationships."
      }
    ]
  },
  {
    "id": "400047",
    "image": "downloaded_images/Cartoon/The_Garden_of_Words/image_20241106_163032_23.jpg",
    "conversations": [
      {
        "from": "human",
        "value": "<image>\nCan you summarize the main storyline of this cartoon?"
      },
      {
        "from": "gpt",
        "value": "The central storyline of \"The Garden of Words\" revolves around the chance meetings between Takao and Yukari in a beautiful garden during rainy days. As they share their thoughts and feelings, they develop a deep emotional connection, exploring themes of loneliness, love, and the complexities of human relationships."
      }
    ]
  },
  {
    "id": "400048",
    "image": "downloaded_images/Cartoon/The_Garden_of_Words/image_20241106_163005_20.jpg",
    "conversations": [
      {
        "from": "human",
        "value": "<image>\nCan you summarize the main storyline of this cartoon?"
      },
      {
        "from": "gpt",
        "value": "The central storyline of \"The Garden of Words\" revolves around the chance meetings between Takao and Yukari in a beautiful garden during rainy days. As they share their thoughts and feelings, they develop a deep emotional connection, exploring themes of loneliness, love, and the complexities of human relationships."
      }
    ]
  },
  {
    "id": "400049",
    "image": "downloaded_images/Cartoon/The_Garden_of_Words/image_20241106_162731_3.jpg",
    "conversations": [
      {
        "from": "human",
        "value": "<image>\nCan you summarize the main storyline of this cartoon?"
      },
      {
        "from": "gpt",
        "value": "The central storyline of \"The Garden of Words\" revolves around the chance meetings between Takao and Yukari in a beautiful garden during rainy days. As they share their thoughts and feelings, they develop a deep emotional connection, exploring themes of loneliness, love, and the complexities of human relationships."
      }
    ]
  },
  {
    "id": "400050",
    "image": "downloaded_images/Cartoon/The_Garden_of_Words/image_20241106_162835_10.jpg",
    "conversations": [
      {
        "from": "human",
        "value": "<image>\nCan you summarize the main storyline of this cartoon?"
      },
      {
        "from": "gpt",
        "value": "The central storyline of \"The Garden of Words\" revolves around the chance meetings between Takao and Yukari in a beautiful garden during rainy days. As they share their thoughts and feelings, they develop a deep emotional connection, exploring themes of loneliness, love, and the complexities of human relationships."
      }
    ]
  }
]