[
  {
    "id": "1",
    "image": "downloaded_images/Movies/Interstellar/image_20241018_142946_2.jpg",
    "conversations": [
      {
        "from": "human",
        "value": "<image>\nWhat is the title of this movie?"
      },
      {
        "from": "gpt",
        "value": "The title of the movie is \"Interstellar.\""
      }
    ]
  },
  {
    "id": "2",
    "image": "downloaded_images/Movies/Interstellar/image_20241018_142957_3.jpg",
    "conversations": [
      {
        "from": "human",
        "value": "<image>\nWho directed this film?"
      },
      {
        "from": "gpt",
        "value": "The film was directed by Christopher Nolan."
      }
    ]
  },
  {
    "id": "3",
    "image": "downloaded_images/Movies/Interstellar/image_20241107_115225_1.jpg",
    "conversations": [
      {
        "from": "human",
        "value": "<image>\nWhen was this film released?"
      },
      {
        "from": "gpt",
        "value": "\"Interstellar\" was released on November 7, 2014."
      }
    ]
  },
  {
    "id": "4",
    "image": "downloaded_images/Movies/Interstellar/image_20241107_115225_1.jpg",
    "conversations": [
      {
        "from": "human",
        "value": "<image>\nWho are the main actors or actresses in this movie?"
      },
      {
        "from": "gpt",
        "value": "The main actors in \"Interstellar\" include Matthew McConaughey, Anne Hathaway, Jessica Chastain, Michael Caine, and Matt Damon."
      }
    ]
  },
  {
    "id": "5",
    "image": "downloaded_images/Movies/Interstellar/image_20241107_115225_1.jpg",
    "conversations": [
      {
        "from": "human",
        "value": "<image>\nWhat is the central plot or storyline of this movie?"
      },
      {
        "from": "gpt",
        "value": "\"Interstellar\" follows a group of astronauts who embark on a journey through a wormhole near Saturn in search of a new habitable planet for humanity, as Earth faces ecological collapse. The film explores themes of love, sacrifice, and the complexities of time and space, as the protagonist, Cooper, struggles to save humanity while also trying to maintain a connection with his daughter back on Earth."
      }
    ]
  },
  {
    "id": "6",
    "image": "downloaded_images/Movies/Interstellar/image_20241107_115430_15.jpg",
    "conversations": [
      {
        "from": "human",
        "value": "<image>\nWhat is the title of this movie?"
      },
      {
        "from": "gpt",
        "value": "The title of the movie is \"Interstellar.\""
      }
    ]
  },
  {
    "id": "7",
    "image": "downloaded_images/Movies/Interstellar/image_20241107_115356_11.jpg",
    "conversations": [
      {
        "from": "human",
        "value": "<image>\nWhat is the title of this movie?"
      },
      {
        "from": "gpt",
        "value": "The title of the movie is \"Interstellar.\""
      }
    ]
  },
  {
    "id": "8",
    "image": "downloaded_images/Movies/Interstellar/image_20241107_115257_4.jpg",
    "conversations": [
      {
        "from": "human",
        "value": "<image>\nWhat is the title of this movie?"
      },
      {
        "from": "gpt",
        "value": "The title of the movie is \"Interstellar.\""
      }
    ]
  },
  {
    "id": "9",
    "image": "downloaded_images/Movies/Interstellar/image_20241107_115323_7.jpg",
    "conversations": [
      {
        "from": "human",
        "value": "<image>\nWhat is the title of this movie?"
      },
      {
        "from": "gpt",
        "value": "The title of the movie is \"Interstellar.\""
      }
    ]
  },
  {
    "id": "10",
    "image": "downloaded_images/Movies/Interstellar/image_20241018_142957_3.jpg",
    "conversations": [
      {
        "from": "human",
        "value": "<image>\nWhat is the title of this movie?"
      },
      {
        "from": "gpt",
        "value": "The title of the movie is \"Interstellar.\""
      }
    ]
  },
  {
    "id": "11",
    "image": "downloaded_images/Movies/Interstellar/image_20241107_115356_11.jpg",
    "conversations": [
      {
        "from": "human",
        "value": "<image>\nWho directed this film?"
      },
      {
        "from": "gpt",
        "value": "The film was directed by Christopher Nolan."
      }
    ]
  },
  {
    "id": "12",
    "image": "downloaded_images/Movies/Interstellar/image_20241107_115514_20.jpg",
    "conversations": [
      {
        "from": "human",
        "value": "<image>\nWho directed this film?"
      },
      {
        "from": "gpt",
        "value": "The film was directed by Christopher Nolan."
      }
    ]
  },
  {
    "id": "13",
    "image": "downloaded_images/Movies/Interstellar/image_20241107_115404_12.jpg",
    "conversations": [
      {
        "from": "human",
        "value": "<image>\nWho directed this film?"
      },
      {
        "from": "gpt",
        "value": "The film was directed by Christopher Nolan."
      }
    ]
  },
  {
    "id": "14",
    "image": "downloaded_images/Movies/Interstellar/image_20241107_115247_3.jpg",
    "conversations": [
      {
        "from": "human",
        "value": "<image>\nWho directed this film?"
      },
      {
        "from": "gpt",
        "value": "The film was directed by Christopher Nolan."
      }
    ]
  },
  {
    "id": "15",
    "image": "downloaded_images/Movies/Interstellar/image_20241018_142936_1.jpg",
    "conversations": [
      {
        "from": "human",
        "value": "<image>\nWho directed this film?"
      },
      {
        "from": "gpt",
        "value": "The film was directed by Christopher Nolan."
      }
    ]
  },
  {
    "id": "16",
    "image": "downloaded_images/Movies/Interstellar/image_20241107_115412_13.jpg",
    "conversations": [
      {
        "from": "human",
        "value": "<image>\nWhen was this film released?"
      },
      {
        "from": "gpt",
        "value": "\"Interstellar\" was released on November 7, 2014."
      }
    ]
  },
  {
    "id": "17",
    "image": "downloaded_images/Movies/Interstellar/image_20241018_143245_23.jpg",
    "conversations": [
      {
        "from": "human",
        "value": "<image>\nWhen was this film released?"
      },
      {
        "from": "gpt",
        "value": "\"Interstellar\" was released on November 7, 2014."
      }
    ]
  },
  {
    "id": "18",
    "image": "downloaded_images/Movies/Interstellar/image_20241018_142957_3.jpg",
    "conversations": [
      {
        "from": "human",
        "value": "<image>\nWhen was this film released?"
      },
      {
        "from": "gpt",
        "value": "\"Interstellar\" was released on November 7, 2014."
      }
    ]
  },
  {
    "id": "19",
    "image": "downloaded_images/Movies/Interstellar/image_20241018_142936_1.jpg",
    "conversations": [
      {
        "from": "human",
        "value": "<image>\nWhen was this film released?"
      },
      {
        "from": "gpt",
        "value": "\"Interstellar\" was released on November 7, 2014."
      }
    ]
  },
  {
    "id": "20",
    "image": "downloaded_images/Movies/Interstellar/image_20241018_143014_5.jpg",
    "conversations": [
      {
        "from": "human",
        "value": "<image>\nWhen was this film released?"
      },
      {
        "from": "gpt",
        "value": "\"Interstellar\" was released on November 7, 2014."
      }
    ]
  },
  {
    "id": "21",
    "image": "downloaded_images/Movies/Interstellar/image_20241018_143245_23.jpg",
    "conversations": [
      {
        "from": "human",
        "value": "<image>\nWho are the main actors or actresses in this movie?"
      },
      {
        "from": "gpt",
        "value": "The main actors in \"Interstellar\" include Matthew McConaughey, Anne Hathaway, Jessica Chastain, Michael Caine, and Matt Damon."
      }
    ]
  },
  {
    "id": "22",
    "image": "downloaded_images/Movies/Interstellar/image_20241107_115404_12.jpg",
    "conversations": [
      {
        "from": "human",
        "value": "<image>\nWho are the main actors or actresses in this movie?"
      },
      {
        "from": "gpt",
        "value": "The main actors in \"Interstellar\" include Matthew McConaughey, Anne Hathaway, Jessica Chastain, Michael Caine, and Matt Damon."
      }
    ]
  },
  {
    "id": "23",
    "image": "downloaded_images/Movies/Interstellar/image_20241107_115430_15.jpg",
    "conversations": [
      {
        "from": "human",
        "value": "<image>\nWho are the main actors or actresses in this movie?"
      },
      {
        "from": "gpt",
        "value": "The main actors in \"Interstellar\" include Matthew McConaughey, Anne Hathaway, Jessica Chastain, Michael Caine, and Matt Damon."
      }
    ]
  },
  {
    "id": "24",
    "image": "downloaded_images/Movies/Interstellar/image_20241018_143119_13.jpg",
    "conversations": [
      {
        "from": "human",
        "value": "<image>\nWho are the main actors or actresses in this movie?"
      },
      {
        "from": "gpt",
        "value": "The main actors in \"Interstellar\" include Matthew McConaughey, Anne Hathaway, Jessica Chastain, Michael Caine, and Matt Damon."
      }
    ]
  },
  {
    "id": "25",
    "image": "downloaded_images/Movies/Interstellar/image_20241018_142957_3.jpg",
    "conversations": [
      {
        "from": "human",
        "value": "<image>\nWho are the main actors or actresses in this movie?"
      },
      {
        "from": "gpt",
        "value": "The main actors in \"Interstellar\" include Matthew McConaughey, Anne Hathaway, Jessica Chastain, Michael Caine, and Matt Damon."
      }
    ]
  },
  {
    "id": "26",
    "image": "downloaded_images/Movies/Interstellar/image_20241018_143119_13.jpg",
    "conversations": [
      {
        "from": "human",
        "value": "<image>\nWhat is the central plot or storyline of this movie?"
      },
      {
        "from": "gpt",
        "value": "\"Interstellar\" follows a group of astronauts who embark on a journey through a wormhole near Saturn in search of a new habitable planet for humanity, as Earth faces ecological collapse. The film explores themes of love, sacrifice, and the complexities of time and space, as the protagonist, Cooper, struggles to save humanity while also trying to maintain a connection with his daughter back on Earth."
      }
    ]
  },
  {
    "id": "27",
    "image": "downloaded_images/Movies/Interstellar/image_20241107_115404_12.jpg",
    "conversations": [
      {
        "from": "human",
        "value": "<image>\nWhat is the central plot or storyline of this movie?"
      },
      {
        "from": "gpt",
        "value": "\"Interstellar\" follows a group of astronauts who embark on a journey through a wormhole near Saturn in search of a new habitable planet for humanity, as Earth faces ecological collapse. The film explores themes of love, sacrifice, and the complexities of time and space, as the protagonist, Cooper, struggles to save humanity while also trying to maintain a connection with his daughter back on Earth."
      }
    ]
  },
  {
    "id": "28",
    "image": "downloaded_images/Movies/Interstellar/image_20241107_115306_5.jpg",
    "conversations": [
      {
        "from": "human",
        "value": "<image>\nWhat is the central plot or storyline of this movie?"
      },
      {
        "from": "gpt",
        "value": "\"Interstellar\" follows a group of astronauts who embark on a journey through a wormhole near Saturn in search of a new habitable planet for humanity, as Earth faces ecological collapse. The film explores themes of love, sacrifice, and the complexities of time and space, as the protagonist, Cooper, struggles to save humanity while also trying to maintain a connection with his daughter back on Earth."
      }
    ]
  },
  {
    "id": "29",
    "image": "downloaded_images/Movies/Interstellar/image_20241107_115631_29.jpg",
    "conversations": [
      {
        "from": "human",
        "value": "<image>\nWhat is the central plot or storyline of this movie?"
      },
      {
        "from": "gpt",
        "value": "\"Interstellar\" follows a group of astronauts who embark on a journey through a wormhole near Saturn in search of a new habitable planet for humanity, as Earth faces ecological collapse. The film explores themes of love, sacrifice, and the complexities of time and space, as the protagonist, Cooper, struggles to save humanity while also trying to maintain a connection with his daughter back on Earth."
      }
    ]
  },
  {
    "id": "30",
    "image": "downloaded_images/Movies/Interstellar/image_20241018_142946_2.jpg",
    "conversations": [
      {
        "from": "human",
        "value": "<image>\nWhat is the central plot or storyline of this movie?"
      },
      {
        "from": "gpt",
        "value": "\"Interstellar\" follows a group of astronauts who embark on a journey through a wormhole near Saturn in search of a new habitable planet for humanity, as Earth faces ecological collapse. The film explores themes of love, sacrifice, and the complexities of time and space, as the protagonist, Cooper, struggles to save humanity while also trying to maintain a connection with his daughter back on Earth."
      }
    ]
  },
  {
    "id": "100001",
    "image": "downloaded_images/Movies/Interstellar/image_20241018_142946_2.jpg",
    "conversations": [
      {
        "from": "human",
        "value": "<image>\nWhat is the name of this movie?"
      },
      {
        "from": "gpt",
        "value": "The title of the movie is \"Interstellar.\""
      }
    ]
  },
  {
    "id": "100002",
    "image": "downloaded_images/Movies/Interstellar/image_20241018_142957_3.jpg",
    "conversations": [
      {
        "from": "human",
        "value": "<image>\nWho is the director of this movie?"
      },
      {
        "from": "gpt",
        "value": "The film was directed by Christopher Nolan."
      }
    ]
  },
  {
    "id": "100003",
    "image": "downloaded_images/Movies/Interstellar/image_20241107_115225_1.jpg",
    "conversations": [
      {
        "from": "human",
        "value": "<image>\nWhen did this movie come out?"
      },
      {
        "from": "gpt",
        "value": "\"Interstellar\" was released on November 7, 2014."
      }
    ]
  },
  {
    "id": "100004",
    "image": "downloaded_images/Movies/Interstellar/image_20241107_115225_1.jpg",
    "conversations": [
      {
        "from": "human",
        "value": "<image>\nWho are the lead actors or actresses in this movie?"
      },
      {
        "from": "gpt",
        "value": "The main actors in \"Interstellar\" include Matthew McConaughey, Anne Hathaway, Jessica Chastain, Michael Caine, and Matt Damon."
      }
    ]
  },
  {
    "id": "100005",
    "image": "downloaded_images/Movies/Interstellar/image_20241107_115225_1.jpg",
    "conversations": [
      {
        "from": "human",
        "value": "<image>\nWhat is the main plot or storyline of this movie?"
      },
      {
        "from": "gpt",
        "value": "\"Interstellar\" follows a group of astronauts who embark on a journey through a wormhole near Saturn in search of a new habitable planet for humanity, as Earth faces ecological collapse. The film explores themes of love, sacrifice, and the complexities of time and space, as the protagonist, Cooper, struggles to save humanity while also trying to maintain a connection with his daughter back on Earth."
      }
    ]
  },
  {
    "id": "100006",
    "image": "downloaded_images/Movies/Interstellar/image_20241107_115430_15.jpg",
    "conversations": [
      {
        "from": "human",
        "value": "<image>\nWhat is the name of this movie?"
      },
      {
        "from": "gpt",
        "value": "The title of the movie is \"Interstellar.\""
      }
    ]
  },
  {
    "id": "100007",
    "image": "downloaded_images/Movies/Interstellar/image_20241107_115356_11.jpg",
    "conversations": [
      {
        "from": "human",
        "value": "<image>\nWhat is the name of this movie?"
      },
      {
        "from": "gpt",
        "value": "The title of the movie is \"Interstellar.\""
      }
    ]
  },
  {
    "id": "100008",
    "image": "downloaded_images/Movies/Interstellar/image_20241107_115257_4.jpg",
    "conversations": [
      {
        "from": "human",
        "value": "<image>\nWhat is the name of this movie?"
      },
      {
        "from": "gpt",
        "value": "The title of the movie is \"Interstellar.\""
      }
    ]
  },
  {
    "id": "100009",
    "image": "downloaded_images/Movies/Interstellar/image_20241107_115323_7.jpg",
    "conversations": [
      {
        "from": "human",
        "value": "<image>\nWhat is the name of this movie?"
      },
      {
        "from": "gpt",
        "value": "The title of the movie is \"Interstellar.\""
      }
    ]
  },
  {
    "id": "100010",
    "image": "downloaded_images/Movies/Interstellar/image_20241018_142957_3.jpg",
    "conversations": [
      {
        "from": "human",
        "value": "<image>\nWhat is the name of this movie?"
      },
      {
        "from": "gpt",
        "value": "The title of the movie is \"Interstellar.\""
      }
    ]
  },
  {
    "id": "100011",
    "image": "downloaded_images/Movies/Interstellar/image_20241107_115356_11.jpg",
    "conversations": [
      {
        "from": "human",
        "value": "<image>\nWho is the director of this movie?"
      },
      {
        "from": "gpt",
        "value": "The film was directed by Christopher Nolan."
      }
    ]
  },
  {
    "id": "100012",
    "image": "downloaded_images/Movies/Interstellar/image_20241107_115514_20.jpg",
    "conversations": [
      {
        "from": "human",
        "value": "<image>\nWho is the director of this movie?"
      },
      {
        "from": "gpt",
        "value": "The film was directed by Christopher Nolan."
      }
    ]
  },
  {
    "id": "100013",
    "image": "downloaded_images/Movies/Interstellar/image_20241107_115404_12.jpg",
    "conversations": [
      {
        "from": "human",
        "value": "<image>\nWho is the director of this movie?"
      },
      {
        "from": "gpt",
        "value": "The film was directed by Christopher Nolan."
      }
    ]
  },
  {
    "id": "100014",
    "image": "downloaded_images/Movies/Interstellar/image_20241107_115247_3.jpg",
    "conversations": [
      {
        "from": "human",
        "value": "<image>\nWho is the director of this movie?"
      },
      {
        "from": "gpt",
        "value": "The film was directed by Christopher Nolan."
      }
    ]
  },
  {
    "id": "100015",
    "image": "downloaded_images/Movies/Interstellar/image_20241018_142936_1.jpg",
    "conversations": [
      {
        "from": "human",
        "value": "<image>\nWho is the director of this movie?"
      },
      {
        "from": "gpt",
        "value": "The film was directed by Christopher Nolan."
      }
    ]
  },
  {
    "id": "100016",
    "image": "downloaded_images/Movies/Interstellar/image_20241107_115412_13.jpg",
    "conversations": [
      {
        "from": "human",
        "value": "<image>\nWhen did this movie come out?"
      },
      {
        "from": "gpt",
        "value": "\"Interstellar\" was released on November 7, 2014."
      }
    ]
  },
  {
    "id": "100017",
    "image": "downloaded_images/Movies/Interstellar/image_20241018_143245_23.jpg",
    "conversations": [
      {
        "from": "human",
        "value": "<image>\nWhen did this movie come out?"
      },
      {
        "from": "gpt",
        "value": "\"Interstellar\" was released on November 7, 2014."
      }
    ]
  },
  {
    "id": "100018",
    "image": "downloaded_images/Movies/Interstellar/image_20241018_142957_3.jpg",
    "conversations": [
      {
        "from": "human",
        "value": "<image>\nWhen did this movie come out?"
      },
      {
        "from": "gpt",
        "value": "\"Interstellar\" was released on November 7, 2014."
      }
    ]
  },
  {
    "id": "100019",
    "image": "downloaded_images/Movies/Interstellar/image_20241018_142936_1.jpg",
    "conversations": [
      {
        "from": "human",
        "value": "<image>\nWhen did this movie come out?"
      },
      {
        "from": "gpt",
        "value": "\"Interstellar\" was released on November 7, 2014."
      }
    ]
  },
  {
    "id": "100020",
    "image": "downloaded_images/Movies/Interstellar/image_20241018_143014_5.jpg",
    "conversations": [
      {
        "from": "human",
        "value": "<image>\nWhen did this movie come out?"
      },
      {
        "from": "gpt",
        "value": "\"Interstellar\" was released on November 7, 2014."
      }
    ]
  },
  {
    "id": "100021",
    "image": "downloaded_images/Movies/Interstellar/image_20241018_143245_23.jpg",
    "conversations": [
      {
        "from": "human",
        "value": "<image>\nWho are the lead actors or actresses in this movie?"
      },
      {
        "from": "gpt",
        "value": "The main actors in \"Interstellar\" include Matthew McConaughey, Anne Hathaway, Jessica Chastain, Michael Caine, and Matt Damon."
      }
    ]
  },
  {
    "id": "100022",
    "image": "downloaded_images/Movies/Interstellar/image_20241107_115404_12.jpg",
    "conversations": [
      {
        "from": "human",
        "value": "<image>\nWho are the lead actors or actresses in this movie?"
      },
      {
        "from": "gpt",
        "value": "The main actors in \"Interstellar\" include Matthew McConaughey, Anne Hathaway, Jessica Chastain, Michael Caine, and Matt Damon."
      }
    ]
  },
  {
    "id": "100023",
    "image": "downloaded_images/Movies/Interstellar/image_20241107_115430_15.jpg",
    "conversations": [
      {
        "from": "human",
        "value": "<image>\nWho are the lead actors or actresses in this movie?"
      },
      {
        "from": "gpt",
        "value": "The main actors in \"Interstellar\" include Matthew McConaughey, Anne Hathaway, Jessica Chastain, Michael Caine, and Matt Damon."
      }
    ]
  },
  {
    "id": "100024",
    "image": "downloaded_images/Movies/Interstellar/image_20241018_143119_13.jpg",
    "conversations": [
      {
        "from": "human",
        "value": "<image>\nWho are the lead actors or actresses in this movie?"
      },
      {
        "from": "gpt",
        "value": "The main actors in \"Interstellar\" include Matthew McConaughey, Anne Hathaway, Jessica Chastain, Michael Caine, and Matt Damon."
      }
    ]
  },
  {
    "id": "100025",
    "image": "downloaded_images/Movies/Interstellar/image_20241018_142957_3.jpg",
    "conversations": [
      {
        "from": "human",
        "value": "<image>\nWho are the lead actors or actresses in this movie?"
      },
      {
        "from": "gpt",
        "value": "The main actors in \"Interstellar\" include Matthew McConaughey, Anne Hathaway, Jessica Chastain, Michael Caine, and Matt Damon."
      }
    ]
  },
  {
    "id": "100026",
    "image": "downloaded_images/Movies/Interstellar/image_20241018_143119_13.jpg",
    "conversations": [
      {
        "from": "human",
        "value": "<image>\nWhat is the main plot or storyline of this movie?"
      },
      {
        "from": "gpt",
        "value": "\"Interstellar\" follows a group of astronauts who embark on a journey through a wormhole near Saturn in search of a new habitable planet for humanity, as Earth faces ecological collapse. The film explores themes of love, sacrifice, and the complexities of time and space, as the protagonist, Cooper, struggles to save humanity while also trying to maintain a connection with his daughter back on Earth."
      }
    ]
  },
  {
    "id": "100027",
    "image": "downloaded_images/Movies/Interstellar/image_20241107_115404_12.jpg",
    "conversations": [
      {
        "from": "human",
        "value": "<image>\nWhat is the main plot or storyline of this movie?"
      },
      {
        "from": "gpt",
        "value": "\"Interstellar\" follows a group of astronauts who embark on a journey through a wormhole near Saturn in search of a new habitable planet for humanity, as Earth faces ecological collapse. The film explores themes of love, sacrifice, and the complexities of time and space, as the protagonist, Cooper, struggles to save humanity while also trying to maintain a connection with his daughter back on Earth."
      }
    ]
  },
  {
    "id": "100028",
    "image": "downloaded_images/Movies/Interstellar/image_20241107_115306_5.jpg",
    "conversations": [
      {
        "from": "human",
        "value": "<image>\nWhat is the main plot or storyline of this movie?"
      },
      {
        "from": "gpt",
        "value": "\"Interstellar\" follows a group of astronauts who embark on a journey through a wormhole near Saturn in search of a new habitable planet for humanity, as Earth faces ecological collapse. The film explores themes of love, sacrifice, and the complexities of time and space, as the protagonist, Cooper, struggles to save humanity while also trying to maintain a connection with his daughter back on Earth."
      }
    ]
  },
  {
    "id": "100029",
    "image": "downloaded_images/Movies/Interstellar/image_20241107_115631_29.jpg",
    "conversations": [
      {
        "from": "human",
        "value": "<image>\nWhat is the main plot or storyline of this movie?"
      },
      {
        "from": "gpt",
        "value": "\"Interstellar\" follows a group of astronauts who embark on a journey through a wormhole near Saturn in search of a new habitable planet for humanity, as Earth faces ecological collapse. The film explores themes of love, sacrifice, and the complexities of time and space, as the protagonist, Cooper, struggles to save humanity while also trying to maintain a connection with his daughter back on Earth."
      }
    ]
  },
  {
    "id": "100030",
    "image": "downloaded_images/Movies/Interstellar/image_20241018_142946_2.jpg",
    "conversations": [
      {
        "from": "human",
        "value": "<image>\nWhat is the main plot or storyline of this movie?"
      },
      {
        "from": "gpt",
        "value": "\"Interstellar\" follows a group of astronauts who embark on a journey through a wormhole near Saturn in search of a new habitable planet for humanity, as Earth faces ecological collapse. The film explores themes of love, sacrifice, and the complexities of time and space, as the protagonist, Cooper, struggles to save humanity while also trying to maintain a connection with his daughter back on Earth."
      }
    ]
  },
  {
    "id": "200001",
    "image": "downloaded_images/Movies/Interstellar/image_20241018_142946_2.jpg",
    "conversations": [
      {
        "from": "human",
        "value": "<image>\nWhat is the title of this film?"
      },
      {
        "from": "gpt",
        "value": "The title of the movie is \"Interstellar.\""
      }
    ]
  },
  {
    "id": "200002",
    "image": "downloaded_images/Movies/Interstellar/image_20241018_142957_3.jpg",
    "conversations": [
      {
        "from": "human",
        "value": "<image>\nThis film is directed by whom?"
      },
      {
        "from": "gpt",
        "value": "The film was directed by Christopher Nolan."
      }
    ]
  },
  {
    "id": "200003",
    "image": "downloaded_images/Movies/Interstellar/image_20241107_115225_1.jpg",
    "conversations": [
      {
        "from": "human",
        "value": "<image>\nWhat year was this film released?"
      },
      {
        "from": "gpt",
        "value": "\"Interstellar\" was released on November 7, 2014."
      }
    ]
  },
  {
    "id": "200004",
    "image": "downloaded_images/Movies/Interstellar/image_20241107_115225_1.jpg",
    "conversations": [
      {
        "from": "human",
        "value": "<image>\nWho plays the main roles in this film?"
      },
      {
        "from": "gpt",
        "value": "The main actors in \"Interstellar\" include Matthew McConaughey, Anne Hathaway, Jessica Chastain, Michael Caine, and Matt Damon."
      }
    ]
  },
  {
    "id": "200005",
    "image": "downloaded_images/Movies/Interstellar/image_20241107_115225_1.jpg",
    "conversations": [
      {
        "from": "human",
        "value": "<image>\nWhat is the central theme of this film?"
      },
      {
        "from": "gpt",
        "value": "\"Interstellar\" follows a group of astronauts who embark on a journey through a wormhole near Saturn in search of a new habitable planet for humanity, as Earth faces ecological collapse. The film explores themes of love, sacrifice, and the complexities of time and space, as the protagonist, Cooper, struggles to save humanity while also trying to maintain a connection with his daughter back on Earth."
      }
    ]
  },
  {
    "id": "200006",
    "image": "downloaded_images/Movies/Interstellar/image_20241107_115430_15.jpg",
    "conversations": [
      {
        "from": "human",
        "value": "<image>\nWhat is the title of this film?"
      },
      {
        "from": "gpt",
        "value": "The title of the movie is \"Interstellar.\""
      }
    ]
  },
  {
    "id": "200007",
    "image": "downloaded_images/Movies/Interstellar/image_20241107_115356_11.jpg",
    "conversations": [
      {
        "from": "human",
        "value": "<image>\nWhat is the title of this film?"
      },
      {
        "from": "gpt",
        "value": "The title of the movie is \"Interstellar.\""
      }
    ]
  },
  {
    "id": "200008",
    "image": "downloaded_images/Movies/Interstellar/image_20241107_115257_4.jpg",
    "conversations": [
      {
        "from": "human",
        "value": "<image>\nWhat is the title of this film?"
      },
      {
        "from": "gpt",
        "value": "The title of the movie is \"Interstellar.\""
      }
    ]
  },
  {
    "id": "200009",
    "image": "downloaded_images/Movies/Interstellar/image_20241107_115323_7.jpg",
    "conversations": [
      {
        "from": "human",
        "value": "<image>\nWhat is the title of this film?"
      },
      {
        "from": "gpt",
        "value": "The title of the movie is \"Interstellar.\""
      }
    ]
  },
  {
    "id": "200010",
    "image": "downloaded_images/Movies/Interstellar/image_20241018_142957_3.jpg",
    "conversations": [
      {
        "from": "human",
        "value": "<image>\nWhat is the title of this film?"
      },
      {
        "from": "gpt",
        "value": "The title of the movie is \"Interstellar.\""
      }
    ]
  },
  {
    "id": "200011",
    "image": "downloaded_images/Movies/Interstellar/image_20241107_115356_11.jpg",
    "conversations": [
      {
        "from": "human",
        "value": "<image>\nThis film is directed by whom?"
      },
      {
        "from": "gpt",
        "value": "The film was directed by Christopher Nolan."
      }
    ]
  },
  {
    "id": "200012",
    "image": "downloaded_images/Movies/Interstellar/image_20241107_115514_20.jpg",
    "conversations": [
      {
        "from": "human",
        "value": "<image>\nThis film is directed by whom?"
      },
      {
        "from": "gpt",
        "value": "The film was directed by Christopher Nolan."
      }
    ]
  },
  {
    "id": "200013",
    "image": "downloaded_images/Movies/Interstellar/image_20241107_115404_12.jpg",
    "conversations": [
      {
        "from": "human",
        "value": "<image>\nThis film is directed by whom?"
      },
      {
        "from": "gpt",
        "value": "The film was directed by Christopher Nolan."
      }
    ]
  },
  {
    "id": "200014",
    "image": "downloaded_images/Movies/Interstellar/image_20241107_115247_3.jpg",
    "conversations": [
      {
        "from": "human",
        "value": "<image>\nThis film is directed by whom?"
      },
      {
        "from": "gpt",
        "value": "The film was directed by Christopher Nolan."
      }
    ]
  },
  {
    "id": "200015",
    "image": "downloaded_images/Movies/Interstellar/image_20241018_142936_1.jpg",
    "conversations": [
      {
        "from": "human",
        "value": "<image>\nThis film is directed by whom?"
      },
      {
        "from": "gpt",
        "value": "The film was directed by Christopher Nolan."
      }
    ]
  },
  {
    "id": "200016",
    "image": "downloaded_images/Movies/Interstellar/image_20241107_115412_13.jpg",
    "conversations": [
      {
        "from": "human",
        "value": "<image>\nWhat year was this film released?"
      },
      {
        "from": "gpt",
        "value": "\"Interstellar\" was released on November 7, 2014."
      }
    ]
  },
  {
    "id": "200017",
    "image": "downloaded_images/Movies/Interstellar/image_20241018_143245_23.jpg",
    "conversations": [
      {
        "from": "human",
        "value": "<image>\nWhat year was this film released?"
      },
      {
        "from": "gpt",
        "value": "\"Interstellar\" was released on November 7, 2014."
      }
    ]
  },
  {
    "id": "200018",
    "image": "downloaded_images/Movies/Interstellar/image_20241018_142957_3.jpg",
    "conversations": [
      {
        "from": "human",
        "value": "<image>\nWhat year was this film released?"
      },
      {
        "from": "gpt",
        "value": "\"Interstellar\" was released on November 7, 2014."
      }
    ]
  },
  {
    "id": "200019",
    "image": "downloaded_images/Movies/Interstellar/image_20241018_142936_1.jpg",
    "conversations": [
      {
        "from": "human",
        "value": "<image>\nWhat year was this film released?"
      },
      {
        "from": "gpt",
        "value": "\"Interstellar\" was released on November 7, 2014."
      }
    ]
  },
  {
    "id": "200020",
    "image": "downloaded_images/Movies/Interstellar/image_20241018_143014_5.jpg",
    "conversations": [
      {
        "from": "human",
        "value": "<image>\nWhat year was this film released?"
      },
      {
        "from": "gpt",
        "value": "\"Interstellar\" was released on November 7, 2014."
      }
    ]
  },
  {
    "id": "200021",
    "image": "downloaded_images/Movies/Interstellar/image_20241018_143245_23.jpg",
    "conversations": [
      {
        "from": "human",
        "value": "<image>\nWho plays the main roles in this film?"
      },
      {
        "from": "gpt",
        "value": "The main actors in \"Interstellar\" include Matthew McConaughey, Anne Hathaway, Jessica Chastain, Michael Caine, and Matt Damon."
      }
    ]
  },
  {
    "id": "200022",
    "image": "downloaded_images/Movies/Interstellar/image_20241107_115404_12.jpg",
    "conversations": [
      {
        "from": "human",
        "value": "<image>\nWho plays the main roles in this film?"
      },
      {
        "from": "gpt",
        "value": "The main actors in \"Interstellar\" include Matthew McConaughey, Anne Hathaway, Jessica Chastain, Michael Caine, and Matt Damon."
      }
    ]
  },
  {
    "id": "200023",
    "image": "downloaded_images/Movies/Interstellar/image_20241107_115430_15.jpg",
    "conversations": [
      {
        "from": "human",
        "value": "<image>\nWho plays the main roles in this film?"
      },
      {
        "from": "gpt",
        "value": "The main actors in \"Interstellar\" include Matthew McConaughey, Anne Hathaway, Jessica Chastain, Michael Caine, and Matt Damon."
      }
    ]
  },
  {
    "id": "200024",
    "image": "downloaded_images/Movies/Interstellar/image_20241018_143119_13.jpg",
    "conversations": [
      {
        "from": "human",
        "value": "<image>\nWho plays the main roles in this film?"
      },
      {
        "from": "gpt",
        "value": "The main actors in \"Interstellar\" include Matthew McConaughey, Anne Hathaway, Jessica Chastain, Michael Caine, and Matt Damon."
      }
    ]
  },
  {
    "id": "200025",
    "image": "downloaded_images/Movies/Interstellar/image_20241018_142957_3.jpg",
    "conversations": [
      {
        "from": "human",
        "value": "<image>\nWho plays the main roles in this film?"
      },
      {
        "from": "gpt",
        "value": "The main actors in \"Interstellar\" include Matthew McConaughey, Anne Hathaway, Jessica Chastain, Michael Caine, and Matt Damon."
      }
    ]
  },
  {
    "id": "200026",
    "image": "downloaded_images/Movies/Interstellar/image_20241018_143119_13.jpg",
    "conversations": [
      {
        "from": "human",
        "value": "<image>\nWhat is the central theme of this film?"
      },
      {
        "from": "gpt",
        "value": "\"Interstellar\" follows a group of astronauts who embark on a journey through a wormhole near Saturn in search of a new habitable planet for humanity, as Earth faces ecological collapse. The film explores themes of love, sacrifice, and the complexities of time and space, as the protagonist, Cooper, struggles to save humanity while also trying to maintain a connection with his daughter back on Earth."
      }
    ]
  },
  {
    "id": "200027",
    "image": "downloaded_images/Movies/Interstellar/image_20241107_115404_12.jpg",
    "conversations": [
      {
        "from": "human",
        "value": "<image>\nWhat is the central theme of this film?"
      },
      {
        "from": "gpt",
        "value": "\"Interstellar\" follows a group of astronauts who embark on a journey through a wormhole near Saturn in search of a new habitable planet for humanity, as Earth faces ecological collapse. The film explores themes of love, sacrifice, and the complexities of time and space, as the protagonist, Cooper, struggles to save humanity while also trying to maintain a connection with his daughter back on Earth."
      }
    ]
  },
  {
    "id": "200028",
    "image": "downloaded_images/Movies/Interstellar/image_20241107_115306_5.jpg",
    "conversations": [
      {
        "from": "human",
        "value": "<image>\nWhat is the central theme of this film?"
      },
      {
        "from": "gpt",
        "value": "\"Interstellar\" follows a group of astronauts who embark on a journey through a wormhole near Saturn in search of a new habitable planet for humanity, as Earth faces ecological collapse. The film explores themes of love, sacrifice, and the complexities of time and space, as the protagonist, Cooper, struggles to save humanity while also trying to maintain a connection with his daughter back on Earth."
      }
    ]
  },
  {
    "id": "200029",
    "image": "downloaded_images/Movies/Interstellar/image_20241107_115631_29.jpg",
    "conversations": [
      {
        "from": "human",
        "value": "<image>\nWhat is the central theme of this film?"
      },
      {
        "from": "gpt",
        "value": "\"Interstellar\" follows a group of astronauts who embark on a journey through a wormhole near Saturn in search of a new habitable planet for humanity, as Earth faces ecological collapse. The film explores themes of love, sacrifice, and the complexities of time and space, as the protagonist, Cooper, struggles to save humanity while also trying to maintain a connection with his daughter back on Earth."
      }
    ]
  },
  {
    "id": "200030",
    "image": "downloaded_images/Movies/Interstellar/image_20241018_142946_2.jpg",
    "conversations": [
      {
        "from": "human",
        "value": "<image>\nWhat is the central theme of this film?"
      },
      {
        "from": "gpt",
        "value": "\"Interstellar\" follows a group of astronauts who embark on a journey through a wormhole near Saturn in search of a new habitable planet for humanity, as Earth faces ecological collapse. The film explores themes of love, sacrifice, and the complexities of time and space, as the protagonist, Cooper, struggles to save humanity while also trying to maintain a connection with his daughter back on Earth."
      }
    ]
  },
  {
    "id": "300001",
    "image": "downloaded_images/Movies/Interstellar/image_20241018_142946_2.jpg",
    "conversations": [
      {
        "from": "human",
        "value": "<image>\nHow is this movie referred to?"
      },
      {
        "from": "gpt",
        "value": "The title of the movie is \"Interstellar.\""
      }
    ]
  },
  {
    "id": "300002",
    "image": "downloaded_images/Movies/Interstellar/image_20241018_142957_3.jpg",
    "conversations": [
      {
        "from": "human",
        "value": "<image>\nWho was responsible for directing this movie?"
      },
      {
        "from": "gpt",
        "value": "The film was directed by Christopher Nolan."
      }
    ]
  },
  {
    "id": "300003",
    "image": "downloaded_images/Movies/Interstellar/image_20241107_115225_1.jpg",
    "conversations": [
      {
        "from": "human",
        "value": "<image>\nWhen was this movie first shown?"
      },
      {
        "from": "gpt",
        "value": "\"Interstellar\" was released on November 7, 2014."
      }
    ]
  },
  {
    "id": "300004",
    "image": "downloaded_images/Movies/Interstellar/image_20241107_115225_1.jpg",
    "conversations": [
      {
        "from": "human",
        "value": "<image>\nWho are the primary cast members of this movie?"
      },
      {
        "from": "gpt",
        "value": "The main actors in \"Interstellar\" include Matthew McConaughey, Anne Hathaway, Jessica Chastain, Michael Caine, and Matt Damon."
      }
    ]
  },
  {
    "id": "300005",
    "image": "downloaded_images/Movies/Interstellar/image_20241107_115225_1.jpg",
    "conversations": [
      {
        "from": "human",
        "value": "<image>\nCan you summarize the plot of this movie?"
      },
      {
        "from": "gpt",
        "value": "\"Interstellar\" follows a group of astronauts who embark on a journey through a wormhole near Saturn in search of a new habitable planet for humanity, as Earth faces ecological collapse. The film explores themes of love, sacrifice, and the complexities of time and space, as the protagonist, Cooper, struggles to save humanity while also trying to maintain a connection with his daughter back on Earth."
      }
    ]
  },
  {
    "id": "300006",
    "image": "downloaded_images/Movies/Interstellar/image_20241107_115430_15.jpg",
    "conversations": [
      {
        "from": "human",
        "value": "<image>\nHow is this movie referred to?"
      },
      {
        "from": "gpt",
        "value": "The title of the movie is \"Interstellar.\""
      }
    ]
  },
  {
    "id": "300007",
    "image": "downloaded_images/Movies/Interstellar/image_20241107_115356_11.jpg",
    "conversations": [
      {
        "from": "human",
        "value": "<image>\nHow is this movie referred to?"
      },
      {
        "from": "gpt",
        "value": "The title of the movie is \"Interstellar.\""
      }
    ]
  },
  {
    "id": "300008",
    "image": "downloaded_images/Movies/Interstellar/image_20241107_115257_4.jpg",
    "conversations": [
      {
        "from": "human",
        "value": "<image>\nHow is this movie referred to?"
      },
      {
        "from": "gpt",
        "value": "The title of the movie is \"Interstellar.\""
      }
    ]
  },
  {
    "id": "300009",
    "image": "downloaded_images/Movies/Interstellar/image_20241107_115323_7.jpg",
    "conversations": [
      {
        "from": "human",
        "value": "<image>\nHow is this movie referred to?"
      },
      {
        "from": "gpt",
        "value": "The title of the movie is \"Interstellar.\""
      }
    ]
  },
  {
    "id": "300010",
    "image": "downloaded_images/Movies/Interstellar/image_20241018_142957_3.jpg",
    "conversations": [
      {
        "from": "human",
        "value": "<image>\nHow is this movie referred to?"
      },
      {
        "from": "gpt",
        "value": "The title of the movie is \"Interstellar.\""
      }
    ]
  },
  {
    "id": "300011",
    "image": "downloaded_images/Movies/Interstellar/image_20241107_115356_11.jpg",
    "conversations": [
      {
        "from": "human",
        "value": "<image>\nWho was responsible for directing this movie?"
      },
      {
        "from": "gpt",
        "value": "The film was directed by Christopher Nolan."
      }
    ]
  },
  {
    "id": "300012",
    "image": "downloaded_images/Movies/Interstellar/image_20241107_115514_20.jpg",
    "conversations": [
      {
        "from": "human",
        "value": "<image>\nWho was responsible for directing this movie?"
      },
      {
        "from": "gpt",
        "value": "The film was directed by Christopher Nolan."
      }
    ]
  },
  {
    "id": "300013",
    "image": "downloaded_images/Movies/Interstellar/image_20241107_115404_12.jpg",
    "conversations": [
      {
        "from": "human",
        "value": "<image>\nWho was responsible for directing this movie?"
      },
      {
        "from": "gpt",
        "value": "The film was directed by Christopher Nolan."
      }
    ]
  },
  {
    "id": "300014",
    "image": "downloaded_images/Movies/Interstellar/image_20241107_115247_3.jpg",
    "conversations": [
      {
        "from": "human",
        "value": "<image>\nWho was responsible for directing this movie?"
      },
      {
        "from": "gpt",
        "value": "The film was directed by Christopher Nolan."
      }
    ]
  },
  {
    "id": "300015",
    "image": "downloaded_images/Movies/Interstellar/image_20241018_142936_1.jpg",
    "conversations": [
      {
        "from": "human",
        "value": "<image>\nWho was responsible for directing this movie?"
      },
      {
        "from": "gpt",
        "value": "The film was directed by Christopher Nolan."
      }
    ]
  },
  {
    "id": "300016",
    "image": "downloaded_images/Movies/Interstellar/image_20241107_115412_13.jpg",
    "conversations": [
      {
        "from": "human",
        "value": "<image>\nWhen was this movie first shown?"
      },
      {
        "from": "gpt",
        "value": "\"Interstellar\" was released on November 7, 2014."
      }
    ]
  },
  {
    "id": "300017",
    "image": "downloaded_images/Movies/Interstellar/image_20241018_143245_23.jpg",
    "conversations": [
      {
        "from": "human",
        "value": "<image>\nWhen was this movie first shown?"
      },
      {
        "from": "gpt",
        "value": "\"Interstellar\" was released on November 7, 2014."
      }
    ]
  },
  {
    "id": "300018",
    "image": "downloaded_images/Movies/Interstellar/image_20241018_142957_3.jpg",
    "conversations": [
      {
        "from": "human",
        "value": "<image>\nWhen was this movie first shown?"
      },
      {
        "from": "gpt",
        "value": "\"Interstellar\" was released on November 7, 2014."
      }
    ]
  },
  {
    "id": "300019",
    "image": "downloaded_images/Movies/Interstellar/image_20241018_142936_1.jpg",
    "conversations": [
      {
        "from": "human",
        "value": "<image>\nWhen was this movie first shown?"
      },
      {
        "from": "gpt",
        "value": "\"Interstellar\" was released on November 7, 2014."
      }
    ]
  },
  {
    "id": "300020",
    "image": "downloaded_images/Movies/Interstellar/image_20241018_143014_5.jpg",
    "conversations": [
      {
        "from": "human",
        "value": "<image>\nWhen was this movie first shown?"
      },
      {
        "from": "gpt",
        "value": "\"Interstellar\" was released on November 7, 2014."
      }
    ]
  },
  {
    "id": "300021",
    "image": "downloaded_images/Movies/Interstellar/image_20241018_143245_23.jpg",
    "conversations": [
      {
        "from": "human",
        "value": "<image>\nWho are the primary cast members of this movie?"
      },
      {
        "from": "gpt",
        "value": "The main actors in \"Interstellar\" include Matthew McConaughey, Anne Hathaway, Jessica Chastain, Michael Caine, and Matt Damon."
      }
    ]
  },
  {
    "id": "300022",
    "image": "downloaded_images/Movies/Interstellar/image_20241107_115404_12.jpg",
    "conversations": [
      {
        "from": "human",
        "value": "<image>\nWho are the primary cast members of this movie?"
      },
      {
        "from": "gpt",
        "value": "The main actors in \"Interstellar\" include Matthew McConaughey, Anne Hathaway, Jessica Chastain, Michael Caine, and Matt Damon."
      }
    ]
  },
  {
    "id": "300023",
    "image": "downloaded_images/Movies/Interstellar/image_20241107_115430_15.jpg",
    "conversations": [
      {
        "from": "human",
        "value": "<image>\nWho are the primary cast members of this movie?"
      },
      {
        "from": "gpt",
        "value": "The main actors in \"Interstellar\" include Matthew McConaughey, Anne Hathaway, Jessica Chastain, Michael Caine, and Matt Damon."
      }
    ]
  },
  {
    "id": "300024",
    "image": "downloaded_images/Movies/Interstellar/image_20241018_143119_13.jpg",
    "conversations": [
      {
        "from": "human",
        "value": "<image>\nWho are the primary cast members of this movie?"
      },
      {
        "from": "gpt",
        "value": "The main actors in \"Interstellar\" include Matthew McConaughey, Anne Hathaway, Jessica Chastain, Michael Caine, and Matt Damon."
      }
    ]
  },
  {
    "id": "300025",
    "image": "downloaded_images/Movies/Interstellar/image_20241018_142957_3.jpg",
    "conversations": [
      {
        "from": "human",
        "value": "<image>\nWho are the primary cast members of this movie?"
      },
      {
        "from": "gpt",
        "value": "The main actors in \"Interstellar\" include Matthew McConaughey, Anne Hathaway, Jessica Chastain, Michael Caine, and Matt Damon."
      }
    ]
  },
  {
    "id": "300026",
    "image": "downloaded_images/Movies/Interstellar/image_20241018_143119_13.jpg",
    "conversations": [
      {
        "from": "human",
        "value": "<image>\nCan you summarize the plot of this movie?"
      },
      {
        "from": "gpt",
        "value": "\"Interstellar\" follows a group of astronauts who embark on a journey through a wormhole near Saturn in search of a new habitable planet for humanity, as Earth faces ecological collapse. The film explores themes of love, sacrifice, and the complexities of time and space, as the protagonist, Cooper, struggles to save humanity while also trying to maintain a connection with his daughter back on Earth."
      }
    ]
  },
  {
    "id": "300027",
    "image": "downloaded_images/Movies/Interstellar/image_20241107_115404_12.jpg",
    "conversations": [
      {
        "from": "human",
        "value": "<image>\nCan you summarize the plot of this movie?"
      },
      {
        "from": "gpt",
        "value": "\"Interstellar\" follows a group of astronauts who embark on a journey through a wormhole near Saturn in search of a new habitable planet for humanity, as Earth faces ecological collapse. The film explores themes of love, sacrifice, and the complexities of time and space, as the protagonist, Cooper, struggles to save humanity while also trying to maintain a connection with his daughter back on Earth."
      }
    ]
  },
  {
    "id": "300028",
    "image": "downloaded_images/Movies/Interstellar/image_20241107_115306_5.jpg",
    "conversations": [
      {
        "from": "human",
        "value": "<image>\nCan you summarize the plot of this movie?"
      },
      {
        "from": "gpt",
        "value": "\"Interstellar\" follows a group of astronauts who embark on a journey through a wormhole near Saturn in search of a new habitable planet for humanity, as Earth faces ecological collapse. The film explores themes of love, sacrifice, and the complexities of time and space, as the protagonist, Cooper, struggles to save humanity while also trying to maintain a connection with his daughter back on Earth."
      }
    ]
  },
  {
    "id": "300029",
    "image": "downloaded_images/Movies/Interstellar/image_20241107_115631_29.jpg",
    "conversations": [
      {
        "from": "human",
        "value": "<image>\nCan you summarize the plot of this movie?"
      },
      {
        "from": "gpt",
        "value": "\"Interstellar\" follows a group of astronauts who embark on a journey through a wormhole near Saturn in search of a new habitable planet for humanity, as Earth faces ecological collapse. The film explores themes of love, sacrifice, and the complexities of time and space, as the protagonist, Cooper, struggles to save humanity while also trying to maintain a connection with his daughter back on Earth."
      }
    ]
  },
  {
    "id": "300030",
    "image": "downloaded_images/Movies/Interstellar/image_20241018_142946_2.jpg",
    "conversations": [
      {
        "from": "human",
        "value": "<image>\nCan you summarize the plot of this movie?"
      },
      {
        "from": "gpt",
        "value": "\"Interstellar\" follows a group of astronauts who embark on a journey through a wormhole near Saturn in search of a new habitable planet for humanity, as Earth faces ecological collapse. The film explores themes of love, sacrifice, and the complexities of time and space, as the protagonist, Cooper, struggles to save humanity while also trying to maintain a connection with his daughter back on Earth."
      }
    ]
  },
  {
    "id": "400001",
    "image": "downloaded_images/Movies/Interstellar/image_20241018_142946_2.jpg",
    "conversations": [
      {
        "from": "human",
        "value": "<image>\nWhat do people call this film?"
      },
      {
        "from": "gpt",
        "value": "The title of the movie is \"Interstellar.\""
      }
    ]
  },
  {
    "id": "400002",
    "image": "downloaded_images/Movies/Interstellar/image_20241018_142957_3.jpg",
    "conversations": [
      {
        "from": "human",
        "value": "<image>\nWho helmed this film?"
      },
      {
        "from": "gpt",
        "value": "The film was directed by Christopher Nolan."
      }
    ]
  },
  {
    "id": "400003",
    "image": "downloaded_images/Movies/Interstellar/image_20241107_115225_1.jpg",
    "conversations": [
      {
        "from": "human",
        "value": "<image>\nWhat is the release date of this film?"
      },
      {
        "from": "gpt",
        "value": "\"Interstellar\" was released on November 7, 2014."
      }
    ]
  },
  {
    "id": "400004",
    "image": "downloaded_images/Movies/Interstellar/image_20241107_115225_1.jpg",
    "conversations": [
      {
        "from": "human",
        "value": "<image>\nWhich actors or actresses are featured prominently in this film?"
      },
      {
        "from": "gpt",
        "value": "The main actors in \"Interstellar\" include Matthew McConaughey, Anne Hathaway, Jessica Chastain, Michael Caine, and Matt Damon."
      }
    ]
  },
  {
    "id": "400005",
    "image": "downloaded_images/Movies/Interstellar/image_20241107_115225_1.jpg",
    "conversations": [
      {
        "from": "human",
        "value": "<image>\nWhat is the basic storyline of this film?"
      },
      {
        "from": "gpt",
        "value": "\"Interstellar\" follows a group of astronauts who embark on a journey through a wormhole near Saturn in search of a new habitable planet for humanity, as Earth faces ecological collapse. The film explores themes of love, sacrifice, and the complexities of time and space, as the protagonist, Cooper, struggles to save humanity while also trying to maintain a connection with his daughter back on Earth."
      }
    ]
  },
  {
    "id": "400006",
    "image": "downloaded_images/Movies/Interstellar/image_20241107_115430_15.jpg",
    "conversations": [
      {
        "from": "human",
        "value": "<image>\nWhat do people call this film?"
      },
      {
        "from": "gpt",
        "value": "The title of the movie is \"Interstellar.\""
      }
    ]
  },
  {
    "id": "400007",
    "image": "downloaded_images/Movies/Interstellar/image_20241107_115356_11.jpg",
    "conversations": [
      {
        "from": "human",
        "value": "<image>\nWhat do people call this film?"
      },
      {
        "from": "gpt",
        "value": "The title of the movie is \"Interstellar.\""
      }
    ]
  },
  {
    "id": "400008",
    "image": "downloaded_images/Movies/Interstellar/image_20241107_115257_4.jpg",
    "conversations": [
      {
        "from": "human",
        "value": "<image>\nWhat do people call this film?"
      },
      {
        "from": "gpt",
        "value": "The title of the movie is \"Interstellar.\""
      }
    ]
  },
  {
    "id": "400009",
    "image": "downloaded_images/Movies/Interstellar/image_20241107_115323_7.jpg",
    "conversations": [
      {
        "from": "human",
        "value": "<image>\nWhat do people call this film?"
      },
      {
        "from": "gpt",
        "value": "The title of the movie is \"Interstellar.\""
      }
    ]
  },
  {
    "id": "400010",
    "image": "downloaded_images/Movies/Interstellar/image_20241018_142957_3.jpg",
    "conversations": [
      {
        "from": "human",
        "value": "<image>\nWhat do people call this film?"
      },
      {
        "from": "gpt",
        "value": "The title of the movie is \"Interstellar.\""
      }
    ]
  },
  {
    "id": "400011",
    "image": "downloaded_images/Movies/Interstellar/image_20241107_115356_11.jpg",
    "conversations": [
      {
        "from": "human",
        "value": "<image>\nWho helmed this film?"
      },
      {
        "from": "gpt",
        "value": "The film was directed by Christopher Nolan."
      }
    ]
  },
  {
    "id": "400012",
    "image": "downloaded_images/Movies/Interstellar/image_20241107_115514_20.jpg",
    "conversations": [
      {
        "from": "human",
        "value": "<image>\nWho helmed this film?"
      },
      {
        "from": "gpt",
        "value": "The film was directed by Christopher Nolan."
      }
    ]
  },
  {
    "id": "400013",
    "image": "downloaded_images/Movies/Interstellar/image_20241107_115404_12.jpg",
    "conversations": [
      {
        "from": "human",
        "value": "<image>\nWho helmed this film?"
      },
      {
        "from": "gpt",
        "value": "The film was directed by Christopher Nolan."
      }
    ]
  },
  {
    "id": "400014",
    "image": "downloaded_images/Movies/Interstellar/image_20241107_115247_3.jpg",
    "conversations": [
      {
        "from": "human",
        "value": "<image>\nWho helmed this film?"
      },
      {
        "from": "gpt",
        "value": "The film was directed by Christopher Nolan."
      }
    ]
  },
  {
    "id": "400015",
    "image": "downloaded_images/Movies/Interstellar/image_20241018_142936_1.jpg",
    "conversations": [
      {
        "from": "human",
        "value": "<image>\nWho helmed this film?"
      },
      {
        "from": "gpt",
        "value": "The film was directed by Christopher Nolan."
      }
    ]
  },
  {
    "id": "400016",
    "image": "downloaded_images/Movies/Interstellar/image_20241107_115412_13.jpg",
    "conversations": [
      {
        "from": "human",
        "value": "<image>\nWhat is the release date of this film?"
      },
      {
        "from": "gpt",
        "value": "\"Interstellar\" was released on November 7, 2014."
      }
    ]
  },
  {
    "id": "400017",
    "image": "downloaded_images/Movies/Interstellar/image_20241018_143245_23.jpg",
    "conversations": [
      {
        "from": "human",
        "value": "<image>\nWhat is the release date of this film?"
      },
      {
        "from": "gpt",
        "value": "\"Interstellar\" was released on November 7, 2014."
      }
    ]
  },
  {
    "id": "400018",
    "image": "downloaded_images/Movies/Interstellar/image_20241018_142957_3.jpg",
    "conversations": [
      {
        "from": "human",
        "value": "<image>\nWhat is the release date of this film?"
      },
      {
        "from": "gpt",
        "value": "\"Interstellar\" was released on November 7, 2014."
      }
    ]
  },
  {
    "id": "400019",
    "image": "downloaded_images/Movies/Interstellar/image_20241018_142936_1.jpg",
    "conversations": [
      {
        "from": "human",
        "value": "<image>\nWhat is the release date of this film?"
      },
      {
        "from": "gpt",
        "value": "\"Interstellar\" was released on November 7, 2014."
      }
    ]
  },
  {
    "id": "400020",
    "image": "downloaded_images/Movies/Interstellar/image_20241018_143014_5.jpg",
    "conversations": [
      {
        "from": "human",
        "value": "<image>\nWhat is the release date of this film?"
      },
      {
        "from": "gpt",
        "value": "\"Interstellar\" was released on November 7, 2014."
      }
    ]
  },
  {
    "id": "400021",
    "image": "downloaded_images/Movies/Interstellar/image_20241018_143245_23.jpg",
    "conversations": [
      {
        "from": "human",
        "value": "<image>\nWhich actors or actresses are featured prominently in this film?"
      },
      {
        "from": "gpt",
        "value": "The main actors in \"Interstellar\" include Matthew McConaughey, Anne Hathaway, Jessica Chastain, Michael Caine, and Matt Damon."
      }
    ]
  },
  {
    "id": "400022",
    "image": "downloaded_images/Movies/Interstellar/image_20241107_115404_12.jpg",
    "conversations": [
      {
        "from": "human",
        "value": "<image>\nWhich actors or actresses are featured prominently in this film?"
      },
      {
        "from": "gpt",
        "value": "The main actors in \"Interstellar\" include Matthew McConaughey, Anne Hathaway, Jessica Chastain, Michael Caine, and Matt Damon."
      }
    ]
  },
  {
    "id": "400023",
    "image": "downloaded_images/Movies/Interstellar/image_20241107_115430_15.jpg",
    "conversations": [
      {
        "from": "human",
        "value": "<image>\nWhich actors or actresses are featured prominently in this film?"
      },
      {
        "from": "gpt",
        "value": "The main actors in \"Interstellar\" include Matthew McConaughey, Anne Hathaway, Jessica Chastain, Michael Caine, and Matt Damon."
      }
    ]
  },
  {
    "id": "400024",
    "image": "downloaded_images/Movies/Interstellar/image_20241018_143119_13.jpg",
    "conversations": [
      {
        "from": "human",
        "value": "<image>\nWhich actors or actresses are featured prominently in this film?"
      },
      {
        "from": "gpt",
        "value": "The main actors in \"Interstellar\" include Matthew McConaughey, Anne Hathaway, Jessica Chastain, Michael Caine, and Matt Damon."
      }
    ]
  },
  {
    "id": "400025",
    "image": "downloaded_images/Movies/Interstellar/image_20241018_142957_3.jpg",
    "conversations": [
      {
        "from": "human",
        "value": "<image>\nWhich actors or actresses are featured prominently in this film?"
      },
      {
        "from": "gpt",
        "value": "The main actors in \"Interstellar\" include Matthew McConaughey, Anne Hathaway, Jessica Chastain, Michael Caine, and Matt Damon."
      }
    ]
  },
  {
    "id": "400026",
    "image": "downloaded_images/Movies/Interstellar/image_20241018_143119_13.jpg",
    "conversations": [
      {
        "from": "human",
        "value": "<image>\nWhat is the basic storyline of this film?"
      },
      {
        "from": "gpt",
        "value": "\"Interstellar\" follows a group of astronauts who embark on a journey through a wormhole near Saturn in search of a new habitable planet for humanity, as Earth faces ecological collapse. The film explores themes of love, sacrifice, and the complexities of time and space, as the protagonist, Cooper, struggles to save humanity while also trying to maintain a connection with his daughter back on Earth."
      }
    ]
  },
  {
    "id": "400027",
    "image": "downloaded_images/Movies/Interstellar/image_20241107_115404_12.jpg",
    "conversations": [
      {
        "from": "human",
        "value": "<image>\nWhat is the basic storyline of this film?"
      },
      {
        "from": "gpt",
        "value": "\"Interstellar\" follows a group of astronauts who embark on a journey through a wormhole near Saturn in search of a new habitable planet for humanity, as Earth faces ecological collapse. The film explores themes of love, sacrifice, and the complexities of time and space, as the protagonist, Cooper, struggles to save humanity while also trying to maintain a connection with his daughter back on Earth."
      }
    ]
  },
  {
    "id": "400028",
    "image": "downloaded_images/Movies/Interstellar/image_20241107_115306_5.jpg",
    "conversations": [
      {
        "from": "human",
        "value": "<image>\nWhat is the basic storyline of this film?"
      },
      {
        "from": "gpt",
        "value": "\"Interstellar\" follows a group of astronauts who embark on a journey through a wormhole near Saturn in search of a new habitable planet for humanity, as Earth faces ecological collapse. The film explores themes of love, sacrifice, and the complexities of time and space, as the protagonist, Cooper, struggles to save humanity while also trying to maintain a connection with his daughter back on Earth."
      }
    ]
  },
  {
    "id": "400029",
    "image": "downloaded_images/Movies/Interstellar/image_20241107_115631_29.jpg",
    "conversations": [
      {
        "from": "human",
        "value": "<image>\nWhat is the basic storyline of this film?"
      },
      {
        "from": "gpt",
        "value": "\"Interstellar\" follows a group of astronauts who embark on a journey through a wormhole near Saturn in search of a new habitable planet for humanity, as Earth faces ecological collapse. The film explores themes of love, sacrifice, and the complexities of time and space, as the protagonist, Cooper, struggles to save humanity while also trying to maintain a connection with his daughter back on Earth."
      }
    ]
  },
  {
    "id": "400030",
    "image": "downloaded_images/Movies/Interstellar/image_20241018_142946_2.jpg",
    "conversations": [
      {
        "from": "human",
        "value": "<image>\nWhat is the basic storyline of this film?"
      },
      {
        "from": "gpt",
        "value": "\"Interstellar\" follows a group of astronauts who embark on a journey through a wormhole near Saturn in search of a new habitable planet for humanity, as Earth faces ecological collapse. The film explores themes of love, sacrifice, and the complexities of time and space, as the protagonist, Cooper, struggles to save humanity while also trying to maintain a connection with his daughter back on Earth."
      }
    ]
  }
]