[
  {
    "id": "16",
    "image": "downloaded_images/Animals/Sheep/image_20241017_105843_9.jpg",
    "conversations": [
      {
        "from": "human",
        "value": "<image>\nWhat is the common name of this animal?"
      },
      {
        "from": "gpt",
        "value": "Sheep"
      }
    ]
  },
  {
    "id": "17",
    "image": "downloaded_images/Animals/Sheep/image_20241017_105751_3.jpg",
    "conversations": [
      {
        "from": "human",
        "value": "<image>\nWhat family or order does it belong to?"
      },
      {
        "from": "gpt",
        "value": "Sheep belong to the family Bovidae and the order Artiodactyla."
      }
    ]
  },
  {
    "id": "18",
    "image": "downloaded_images/Animals/Sheep/image_20241017_105843_9.jpg",
    "conversations": [
      {
        "from": "human",
        "value": "<image>\nWhat does this animal eat (herbivore, carnivore, omnivore)?"
      },
      {
        "from": "gpt",
        "value": "Sheep are herbivores, primarily grazing on grass, clover, and other vegetation."
      }
    ]
  },
  {
    "id": "19",
    "image": "downloaded_images/Animals/Sheep/image_20241017_105751_3.jpg",
    "conversations": [
      {
        "from": "human",
        "value": "<image>\nIs it native to a specific region or found globally?"
      },
      {
        "from": "gpt",
        "value": "Sheep are domesticated animals that are found globally, but they are believed to have originated in the Middle East and Central Asia."
      }
    ]
  },
  {
    "id": "20",
    "image": "downloaded_images/Animals/Sheep/image_20241017_105910_12.jpg",
    "conversations": [
      {
        "from": "human",
        "value": "<image>\nHow does this animal reproduce (mating habits, gestation period)?"
      },
      {
        "from": "gpt",
        "value": "Sheep typically mate in the fall, and the gestation period lasts about 5 months (approximately 147 days). Ewes (female sheep) usually give birth to one or two lambs at a time."
      }
    ]
  },
  {
    "id": "21",
    "image": "downloaded_images/Animals/Sheep/image_20241105_154736_14.jpg",
    "conversations": [
      {
        "from": "human",
        "value": "<image>\nWhat is the common name of this animal?"
      },
      {
        "from": "gpt",
        "value": "Sheep"
      }
    ]
  },
  {
    "id": "22",
    "image": "downloaded_images/Animals/Sheep/image_20241105_154531_1.jpg",
    "conversations": [
      {
        "from": "human",
        "value": "<image>\nWhat is the common name of this animal?"
      },
      {
        "from": "gpt",
        "value": "Sheep"
      }
    ]
  },
  {
    "id": "23",
    "image": "downloaded_images/Animals/Sheep/image_20241105_154815_18.jpg",
    "conversations": [
      {
        "from": "human",
        "value": "<image>\nWhat is the common name of this animal?"
      },
      {
        "from": "gpt",
        "value": "Sheep"
      }
    ]
  },
  {
    "id": "24",
    "image": "downloaded_images/Animals/Sheep/image_20241017_105918_13.jpg",
    "conversations": [
      {
        "from": "human",
        "value": "<image>\nWhat is the common name of this animal?"
      },
      {
        "from": "gpt",
        "value": "Sheep"
      }
    ]
  },
  {
    "id": "25",
    "image": "downloaded_images/Animals/Sheep/image_20241105_154859_23.jpg",
    "conversations": [
      {
        "from": "human",
        "value": "<image>\nWhat is the common name of this animal?"
      },
      {
        "from": "gpt",
        "value": "Sheep"
      }
    ]
  },
  {
    "id": "26",
    "image": "downloaded_images/Animals/Sheep/image_20241017_105843_9.jpg",
    "conversations": [
      {
        "from": "human",
        "value": "<image>\nWhat family or order does it belong to?"
      },
      {
        "from": "gpt",
        "value": "Sheep belong to the family Bovidae and the order Artiodactyla."
      }
    ]
  },
  {
    "id": "27",
    "image": "downloaded_images/Animals/Sheep/image_20241105_154642_8.jpg",
    "conversations": [
      {
        "from": "human",
        "value": "<image>\nWhat family or order does it belong to?"
      },
      {
        "from": "gpt",
        "value": "Sheep belong to the family Bovidae and the order Artiodactyla."
      }
    ]
  },
  {
    "id": "28",
    "image": "downloaded_images/Animals/Sheep/image_20241105_154815_18.jpg",
    "conversations": [
      {
        "from": "human",
        "value": "<image>\nWhat family or order does it belong to?"
      },
      {
        "from": "gpt",
        "value": "Sheep belong to the family Bovidae and the order Artiodactyla."
      }
    ]
  },
  {
    "id": "29",
    "image": "downloaded_images/Animals/Sheep/image_20241105_154944_28.jpg",
    "conversations": [
      {
        "from": "human",
        "value": "<image>\nWhat family or order does it belong to?"
      },
      {
        "from": "gpt",
        "value": "Sheep belong to the family Bovidae and the order Artiodactyla."
      }
    ]
  },
  {
    "id": "30",
    "image": "downloaded_images/Animals/Sheep/image_20241017_105819_6.jpg",
    "conversations": [
      {
        "from": "human",
        "value": "<image>\nWhat family or order does it belong to?"
      },
      {
        "from": "gpt",
        "value": "Sheep belong to the family Bovidae and the order Artiodactyla."
      }
    ]
  },
  {
    "id": "31",
    "image": "downloaded_images/Animals/Sheep/image_20241105_154652_9.jpg",
    "conversations": [
      {
        "from": "human",
        "value": "<image>\nWhat does this animal eat (herbivore, carnivore, omnivore)?"
      },
      {
        "from": "gpt",
        "value": "Sheep are herbivores, primarily grazing on grass, clover, and other vegetation."
      }
    ]
  },
  {
    "id": "32",
    "image": "downloaded_images/Animals/Sheep/image_20241017_105751_3.jpg",
    "conversations": [
      {
        "from": "human",
        "value": "<image>\nWhat does this animal eat (herbivore, carnivore, omnivore)?"
      },
      {
        "from": "gpt",
        "value": "Sheep are herbivores, primarily grazing on grass, clover, and other vegetation."
      }
    ]
  },
  {
    "id": "33",
    "image": "downloaded_images/Animals/Sheep/image_20241105_154709_11.jpg",
    "conversations": [
      {
        "from": "human",
        "value": "<image>\nWhat does this animal eat (herbivore, carnivore, omnivore)?"
      },
      {
        "from": "gpt",
        "value": "Sheep are herbivores, primarily grazing on grass, clover, and other vegetation."
      }
    ]
  },
  {
    "id": "34",
    "image": "downloaded_images/Animals/Sheep/image_20241017_105810_5.jpg",
    "conversations": [
      {
        "from": "human",
        "value": "<image>\nWhat does this animal eat (herbivore, carnivore, omnivore)?"
      },
      {
        "from": "gpt",
        "value": "Sheep are herbivores, primarily grazing on grass, clover, and other vegetation."
      }
    ]
  },
  {
    "id": "35",
    "image": "downloaded_images/Animals/Sheep/image_20241105_154551_3.jpg",
    "conversations": [
      {
        "from": "human",
        "value": "<image>\nWhat does this animal eat (herbivore, carnivore, omnivore)?"
      },
      {
        "from": "gpt",
        "value": "Sheep are herbivores, primarily grazing on grass, clover, and other vegetation."
      }
    ]
  },
  {
    "id": "36",
    "image": "downloaded_images/Animals/Sheep/image_20241017_105843_9.jpg",
    "conversations": [
      {
        "from": "human",
        "value": "<image>\nIs it native to a specific region or found globally?"
      },
      {
        "from": "gpt",
        "value": "Sheep are domesticated animals that are found globally, but they are believed to have originated in the Middle East and Central Asia."
      }
    ]
  },
  {
    "id": "37",
    "image": "downloaded_images/Animals/Sheep/image_20241105_154718_12.jpg",
    "conversations": [
      {
        "from": "human",
        "value": "<image>\nIs it native to a specific region or found globally?"
      },
      {
        "from": "gpt",
        "value": "Sheep are domesticated animals that are found globally, but they are believed to have originated in the Middle East and Central Asia."
      }
    ]
  },
  {
    "id": "38",
    "image": "downloaded_images/Animals/Sheep/image_20241105_154541_2.jpg",
    "conversations": [
      {
        "from": "human",
        "value": "<image>\nIs it native to a specific region or found globally?"
      },
      {
        "from": "gpt",
        "value": "Sheep are domesticated animals that are found globally, but they are believed to have originated in the Middle East and Central Asia."
      }
    ]
  },
  {
    "id": "39",
    "image": "downloaded_images/Animals/Sheep/image_20241017_105759_4.jpg",
    "conversations": [
      {
        "from": "human",
        "value": "<image>\nIs it native to a specific region or found globally?"
      },
      {
        "from": "gpt",
        "value": "Sheep are domesticated animals that are found globally, but they are believed to have originated in the Middle East and Central Asia."
      }
    ]
  },
  {
    "id": "40",
    "image": "downloaded_images/Animals/Sheep/image_20241105_154631_7.jpg",
    "conversations": [
      {
        "from": "human",
        "value": "<image>\nIs it native to a specific region or found globally?"
      },
      {
        "from": "gpt",
        "value": "Sheep are domesticated animals that are found globally, but they are believed to have originated in the Middle East and Central Asia."
      }
    ]
  },
  {
    "id": "41",
    "image": "downloaded_images/Animals/Sheep/image_20241105_154909_24.jpg",
    "conversations": [
      {
        "from": "human",
        "value": "<image>\nHow does this animal reproduce (mating habits, gestation period)?"
      },
      {
        "from": "gpt",
        "value": "Sheep typically mate in the fall, and the gestation period lasts about 5 months (approximately 147 days). Ewes (female sheep) usually give birth to one or two lambs at a time."
      }
    ]
  },
  {
    "id": "42",
    "image": "downloaded_images/Animals/Sheep/image_20241105_154859_23.jpg",
    "conversations": [
      {
        "from": "human",
        "value": "<image>\nHow does this animal reproduce (mating habits, gestation period)?"
      },
      {
        "from": "gpt",
        "value": "Sheep typically mate in the fall, and the gestation period lasts about 5 months (approximately 147 days). Ewes (female sheep) usually give birth to one or two lambs at a time."
      }
    ]
  },
  {
    "id": "43",
    "image": "downloaded_images/Animals/Sheep/image_20241105_154551_3.jpg",
    "conversations": [
      {
        "from": "human",
        "value": "<image>\nHow does this animal reproduce (mating habits, gestation period)?"
      },
      {
        "from": "gpt",
        "value": "Sheep typically mate in the fall, and the gestation period lasts about 5 months (approximately 147 days). Ewes (female sheep) usually give birth to one or two lambs at a time."
      }
    ]
  },
  {
    "id": "44",
    "image": "downloaded_images/Animals/Sheep/image_20241017_105759_4.jpg",
    "conversations": [
      {
        "from": "human",
        "value": "<image>\nHow does this animal reproduce (mating habits, gestation period)?"
      },
      {
        "from": "gpt",
        "value": "Sheep typically mate in the fall, and the gestation period lasts about 5 months (approximately 147 days). Ewes (female sheep) usually give birth to one or two lambs at a time."
      }
    ]
  },
  {
    "id": "45",
    "image": "downloaded_images/Animals/Sheep/image_20241017_105843_9.jpg",
    "conversations": [
      {
        "from": "human",
        "value": "<image>\nHow does this animal reproduce (mating habits, gestation period)?"
      },
      {
        "from": "gpt",
        "value": "Sheep typically mate in the fall, and the gestation period lasts about 5 months (approximately 147 days). Ewes (female sheep) usually give birth to one or two lambs at a time."
      }
    ]
  },
  {
    "id": "100016",
    "image": "downloaded_images/Animals/Sheep/image_20241017_105843_9.jpg",
    "conversations": [
      {
        "from": "human",
        "value": "<image>\nWhat is this animal commonly called?"
      },
      {
        "from": "gpt",
        "value": "Sheep"
      }
    ]
  },
  {
    "id": "100017",
    "image": "downloaded_images/Animals/Sheep/image_20241017_105751_3.jpg",
    "conversations": [
      {
        "from": "human",
        "value": "<image>\nTo which family or order does this animal belong?"
      },
      {
        "from": "gpt",
        "value": "Sheep belong to the family Bovidae and the order Artiodactyla."
      }
    ]
  },
  {
    "id": "100018",
    "image": "downloaded_images/Animals/Sheep/image_20241017_105843_9.jpg",
    "conversations": [
      {
        "from": "human",
        "value": "<image>\nWhat type of diet does this animal have (herbivore, carnivore, omnivore)?"
      },
      {
        "from": "gpt",
        "value": "Sheep are herbivores, primarily grazing on grass, clover, and other vegetation."
      }
    ]
  },
  {
    "id": "100019",
    "image": "downloaded_images/Animals/Sheep/image_20241017_105751_3.jpg",
    "conversations": [
      {
        "from": "human",
        "value": "<image>\nIs this animal indigenous to a particular region or is it found worldwide?"
      },
      {
        "from": "gpt",
        "value": "Sheep are domesticated animals that are found globally, but they are believed to have originated in the Middle East and Central Asia."
      }
    ]
  },
  {
    "id": "100020",
    "image": "downloaded_images/Animals/Sheep/image_20241017_105910_12.jpg",
    "conversations": [
      {
        "from": "human",
        "value": "<image>\nWhat are the reproductive habits of this animal (mating behaviors, gestation period)?"
      },
      {
        "from": "gpt",
        "value": "Sheep typically mate in the fall, and the gestation period lasts about 5 months (approximately 147 days). Ewes (female sheep) usually give birth to one or two lambs at a time."
      }
    ]
  },
  {
    "id": "100021",
    "image": "downloaded_images/Animals/Sheep/image_20241105_154736_14.jpg",
    "conversations": [
      {
        "from": "human",
        "value": "<image>\nWhat is this animal commonly called?"
      },
      {
        "from": "gpt",
        "value": "Sheep"
      }
    ]
  },
  {
    "id": "100022",
    "image": "downloaded_images/Animals/Sheep/image_20241105_154531_1.jpg",
    "conversations": [
      {
        "from": "human",
        "value": "<image>\nWhat is this animal commonly called?"
      },
      {
        "from": "gpt",
        "value": "Sheep"
      }
    ]
  },
  {
    "id": "100023",
    "image": "downloaded_images/Animals/Sheep/image_20241105_154815_18.jpg",
    "conversations": [
      {
        "from": "human",
        "value": "<image>\nWhat is this animal commonly called?"
      },
      {
        "from": "gpt",
        "value": "Sheep"
      }
    ]
  },
  {
    "id": "100024",
    "image": "downloaded_images/Animals/Sheep/image_20241017_105918_13.jpg",
    "conversations": [
      {
        "from": "human",
        "value": "<image>\nWhat is this animal commonly called?"
      },
      {
        "from": "gpt",
        "value": "Sheep"
      }
    ]
  },
  {
    "id": "100025",
    "image": "downloaded_images/Animals/Sheep/image_20241105_154859_23.jpg",
    "conversations": [
      {
        "from": "human",
        "value": "<image>\nWhat is this animal commonly called?"
      },
      {
        "from": "gpt",
        "value": "Sheep"
      }
    ]
  },
  {
    "id": "100026",
    "image": "downloaded_images/Animals/Sheep/image_20241017_105843_9.jpg",
    "conversations": [
      {
        "from": "human",
        "value": "<image>\nTo which family or order does this animal belong?"
      },
      {
        "from": "gpt",
        "value": "Sheep belong to the family Bovidae and the order Artiodactyla."
      }
    ]
  },
  {
    "id": "100027",
    "image": "downloaded_images/Animals/Sheep/image_20241105_154642_8.jpg",
    "conversations": [
      {
        "from": "human",
        "value": "<image>\nTo which family or order does this animal belong?"
      },
      {
        "from": "gpt",
        "value": "Sheep belong to the family Bovidae and the order Artiodactyla."
      }
    ]
  },
  {
    "id": "100028",
    "image": "downloaded_images/Animals/Sheep/image_20241105_154815_18.jpg",
    "conversations": [
      {
        "from": "human",
        "value": "<image>\nTo which family or order does this animal belong?"
      },
      {
        "from": "gpt",
        "value": "Sheep belong to the family Bovidae and the order Artiodactyla."
      }
    ]
  },
  {
    "id": "100029",
    "image": "downloaded_images/Animals/Sheep/image_20241105_154944_28.jpg",
    "conversations": [
      {
        "from": "human",
        "value": "<image>\nTo which family or order does this animal belong?"
      },
      {
        "from": "gpt",
        "value": "Sheep belong to the family Bovidae and the order Artiodactyla."
      }
    ]
  },
  {
    "id": "100030",
    "image": "downloaded_images/Animals/Sheep/image_20241017_105819_6.jpg",
    "conversations": [
      {
        "from": "human",
        "value": "<image>\nTo which family or order does this animal belong?"
      },
      {
        "from": "gpt",
        "value": "Sheep belong to the family Bovidae and the order Artiodactyla."
      }
    ]
  },
  {
    "id": "100031",
    "image": "downloaded_images/Animals/Sheep/image_20241105_154652_9.jpg",
    "conversations": [
      {
        "from": "human",
        "value": "<image>\nWhat type of diet does this animal have (herbivore, carnivore, omnivore)?"
      },
      {
        "from": "gpt",
        "value": "Sheep are herbivores, primarily grazing on grass, clover, and other vegetation."
      }
    ]
  },
  {
    "id": "100032",
    "image": "downloaded_images/Animals/Sheep/image_20241017_105751_3.jpg",
    "conversations": [
      {
        "from": "human",
        "value": "<image>\nWhat type of diet does this animal have (herbivore, carnivore, omnivore)?"
      },
      {
        "from": "gpt",
        "value": "Sheep are herbivores, primarily grazing on grass, clover, and other vegetation."
      }
    ]
  },
  {
    "id": "100033",
    "image": "downloaded_images/Animals/Sheep/image_20241105_154709_11.jpg",
    "conversations": [
      {
        "from": "human",
        "value": "<image>\nWhat type of diet does this animal have (herbivore, carnivore, omnivore)?"
      },
      {
        "from": "gpt",
        "value": "Sheep are herbivores, primarily grazing on grass, clover, and other vegetation."
      }
    ]
  },
  {
    "id": "100034",
    "image": "downloaded_images/Animals/Sheep/image_20241017_105810_5.jpg",
    "conversations": [
      {
        "from": "human",
        "value": "<image>\nWhat type of diet does this animal have (herbivore, carnivore, omnivore)?"
      },
      {
        "from": "gpt",
        "value": "Sheep are herbivores, primarily grazing on grass, clover, and other vegetation."
      }
    ]
  },
  {
    "id": "100035",
    "image": "downloaded_images/Animals/Sheep/image_20241105_154551_3.jpg",
    "conversations": [
      {
        "from": "human",
        "value": "<image>\nWhat type of diet does this animal have (herbivore, carnivore, omnivore)?"
      },
      {
        "from": "gpt",
        "value": "Sheep are herbivores, primarily grazing on grass, clover, and other vegetation."
      }
    ]
  },
  {
    "id": "100036",
    "image": "downloaded_images/Animals/Sheep/image_20241017_105843_9.jpg",
    "conversations": [
      {
        "from": "human",
        "value": "<image>\nIs this animal indigenous to a particular region or is it found worldwide?"
      },
      {
        "from": "gpt",
        "value": "Sheep are domesticated animals that are found globally, but they are believed to have originated in the Middle East and Central Asia."
      }
    ]
  },
  {
    "id": "100037",
    "image": "downloaded_images/Animals/Sheep/image_20241105_154718_12.jpg",
    "conversations": [
      {
        "from": "human",
        "value": "<image>\nIs this animal indigenous to a particular region or is it found worldwide?"
      },
      {
        "from": "gpt",
        "value": "Sheep are domesticated animals that are found globally, but they are believed to have originated in the Middle East and Central Asia."
      }
    ]
  },
  {
    "id": "100038",
    "image": "downloaded_images/Animals/Sheep/image_20241105_154541_2.jpg",
    "conversations": [
      {
        "from": "human",
        "value": "<image>\nIs this animal indigenous to a particular region or is it found worldwide?"
      },
      {
        "from": "gpt",
        "value": "Sheep are domesticated animals that are found globally, but they are believed to have originated in the Middle East and Central Asia."
      }
    ]
  },
  {
    "id": "100039",
    "image": "downloaded_images/Animals/Sheep/image_20241017_105759_4.jpg",
    "conversations": [
      {
        "from": "human",
        "value": "<image>\nIs this animal indigenous to a particular region or is it found worldwide?"
      },
      {
        "from": "gpt",
        "value": "Sheep are domesticated animals that are found globally, but they are believed to have originated in the Middle East and Central Asia."
      }
    ]
  },
  {
    "id": "100040",
    "image": "downloaded_images/Animals/Sheep/image_20241105_154631_7.jpg",
    "conversations": [
      {
        "from": "human",
        "value": "<image>\nIs this animal indigenous to a particular region or is it found worldwide?"
      },
      {
        "from": "gpt",
        "value": "Sheep are domesticated animals that are found globally, but they are believed to have originated in the Middle East and Central Asia."
      }
    ]
  },
  {
    "id": "100041",
    "image": "downloaded_images/Animals/Sheep/image_20241105_154909_24.jpg",
    "conversations": [
      {
        "from": "human",
        "value": "<image>\nWhat are the reproductive habits of this animal (mating behaviors, gestation period)?"
      },
      {
        "from": "gpt",
        "value": "Sheep typically mate in the fall, and the gestation period lasts about 5 months (approximately 147 days). Ewes (female sheep) usually give birth to one or two lambs at a time."
      }
    ]
  },
  {
    "id": "100042",
    "image": "downloaded_images/Animals/Sheep/image_20241105_154859_23.jpg",
    "conversations": [
      {
        "from": "human",
        "value": "<image>\nWhat are the reproductive habits of this animal (mating behaviors, gestation period)?"
      },
      {
        "from": "gpt",
        "value": "Sheep typically mate in the fall, and the gestation period lasts about 5 months (approximately 147 days). Ewes (female sheep) usually give birth to one or two lambs at a time."
      }
    ]
  },
  {
    "id": "100043",
    "image": "downloaded_images/Animals/Sheep/image_20241105_154551_3.jpg",
    "conversations": [
      {
        "from": "human",
        "value": "<image>\nWhat are the reproductive habits of this animal (mating behaviors, gestation period)?"
      },
      {
        "from": "gpt",
        "value": "Sheep typically mate in the fall, and the gestation period lasts about 5 months (approximately 147 days). Ewes (female sheep) usually give birth to one or two lambs at a time."
      }
    ]
  },
  {
    "id": "100044",
    "image": "downloaded_images/Animals/Sheep/image_20241017_105759_4.jpg",
    "conversations": [
      {
        "from": "human",
        "value": "<image>\nWhat are the reproductive habits of this animal (mating behaviors, gestation period)?"
      },
      {
        "from": "gpt",
        "value": "Sheep typically mate in the fall, and the gestation period lasts about 5 months (approximately 147 days). Ewes (female sheep) usually give birth to one or two lambs at a time."
      }
    ]
  },
  {
    "id": "100045",
    "image": "downloaded_images/Animals/Sheep/image_20241017_105843_9.jpg",
    "conversations": [
      {
        "from": "human",
        "value": "<image>\nWhat are the reproductive habits of this animal (mating behaviors, gestation period)?"
      },
      {
        "from": "gpt",
        "value": "Sheep typically mate in the fall, and the gestation period lasts about 5 months (approximately 147 days). Ewes (female sheep) usually give birth to one or two lambs at a time."
      }
    ]
  },
  {
    "id": "200016",
    "image": "downloaded_images/Animals/Sheep/image_20241017_105843_9.jpg",
    "conversations": [
      {
        "from": "human",
        "value": "<image>\nWhat is the usual name for this animal?"
      },
      {
        "from": "gpt",
        "value": "Sheep"
      }
    ]
  },
  {
    "id": "200017",
    "image": "downloaded_images/Animals/Sheep/image_20241017_105751_3.jpg",
    "conversations": [
      {
        "from": "human",
        "value": "<image>\nWhat family or order categorizes this animal?"
      },
      {
        "from": "gpt",
        "value": "Sheep belong to the family Bovidae and the order Artiodactyla."
      }
    ]
  },
  {
    "id": "200018",
    "image": "downloaded_images/Animals/Sheep/image_20241017_105843_9.jpg",
    "conversations": [
      {
        "from": "human",
        "value": "<image>\nIs this animal a herbivore, carnivore, or omnivore?"
      },
      {
        "from": "gpt",
        "value": "Sheep are herbivores, primarily grazing on grass, clover, and other vegetation."
      }
    ]
  },
  {
    "id": "200019",
    "image": "downloaded_images/Animals/Sheep/image_20241017_105751_3.jpg",
    "conversations": [
      {
        "from": "human",
        "value": "<image>\nDoes this species originate from a specific area, or is it found globally?"
      },
      {
        "from": "gpt",
        "value": "Sheep are domesticated animals that are found globally, but they are believed to have originated in the Middle East and Central Asia."
      }
    ]
  },
  {
    "id": "200020",
    "image": "downloaded_images/Animals/Sheep/image_20241017_105910_12.jpg",
    "conversations": [
      {
        "from": "human",
        "value": "<image>\nHow does this animal reproduce, including mating habits and gestation duration?"
      },
      {
        "from": "gpt",
        "value": "Sheep typically mate in the fall, and the gestation period lasts about 5 months (approximately 147 days). Ewes (female sheep) usually give birth to one or two lambs at a time."
      }
    ]
  },
  {
    "id": "200021",
    "image": "downloaded_images/Animals/Sheep/image_20241105_154736_14.jpg",
    "conversations": [
      {
        "from": "human",
        "value": "<image>\nWhat is the usual name for this animal?"
      },
      {
        "from": "gpt",
        "value": "Sheep"
      }
    ]
  },
  {
    "id": "200022",
    "image": "downloaded_images/Animals/Sheep/image_20241105_154531_1.jpg",
    "conversations": [
      {
        "from": "human",
        "value": "<image>\nWhat is the usual name for this animal?"
      },
      {
        "from": "gpt",
        "value": "Sheep"
      }
    ]
  },
  {
    "id": "200023",
    "image": "downloaded_images/Animals/Sheep/image_20241105_154815_18.jpg",
    "conversations": [
      {
        "from": "human",
        "value": "<image>\nWhat is the usual name for this animal?"
      },
      {
        "from": "gpt",
        "value": "Sheep"
      }
    ]
  },
  {
    "id": "200024",
    "image": "downloaded_images/Animals/Sheep/image_20241017_105918_13.jpg",
    "conversations": [
      {
        "from": "human",
        "value": "<image>\nWhat is the usual name for this animal?"
      },
      {
        "from": "gpt",
        "value": "Sheep"
      }
    ]
  },
  {
    "id": "200025",
    "image": "downloaded_images/Animals/Sheep/image_20241105_154859_23.jpg",
    "conversations": [
      {
        "from": "human",
        "value": "<image>\nWhat is the usual name for this animal?"
      },
      {
        "from": "gpt",
        "value": "Sheep"
      }
    ]
  },
  {
    "id": "200026",
    "image": "downloaded_images/Animals/Sheep/image_20241017_105843_9.jpg",
    "conversations": [
      {
        "from": "human",
        "value": "<image>\nWhat family or order categorizes this animal?"
      },
      {
        "from": "gpt",
        "value": "Sheep belong to the family Bovidae and the order Artiodactyla."
      }
    ]
  },
  {
    "id": "200027",
    "image": "downloaded_images/Animals/Sheep/image_20241105_154642_8.jpg",
    "conversations": [
      {
        "from": "human",
        "value": "<image>\nWhat family or order categorizes this animal?"
      },
      {
        "from": "gpt",
        "value": "Sheep belong to the family Bovidae and the order Artiodactyla."
      }
    ]
  },
  {
    "id": "200028",
    "image": "downloaded_images/Animals/Sheep/image_20241105_154815_18.jpg",
    "conversations": [
      {
        "from": "human",
        "value": "<image>\nWhat family or order categorizes this animal?"
      },
      {
        "from": "gpt",
        "value": "Sheep belong to the family Bovidae and the order Artiodactyla."
      }
    ]
  },
  {
    "id": "200029",
    "image": "downloaded_images/Animals/Sheep/image_20241105_154944_28.jpg",
    "conversations": [
      {
        "from": "human",
        "value": "<image>\nWhat family or order categorizes this animal?"
      },
      {
        "from": "gpt",
        "value": "Sheep belong to the family Bovidae and the order Artiodactyla."
      }
    ]
  },
  {
    "id": "200030",
    "image": "downloaded_images/Animals/Sheep/image_20241017_105819_6.jpg",
    "conversations": [
      {
        "from": "human",
        "value": "<image>\nWhat family or order categorizes this animal?"
      },
      {
        "from": "gpt",
        "value": "Sheep belong to the family Bovidae and the order Artiodactyla."
      }
    ]
  },
  {
    "id": "200031",
    "image": "downloaded_images/Animals/Sheep/image_20241105_154652_9.jpg",
    "conversations": [
      {
        "from": "human",
        "value": "<image>\nIs this animal a herbivore, carnivore, or omnivore?"
      },
      {
        "from": "gpt",
        "value": "Sheep are herbivores, primarily grazing on grass, clover, and other vegetation."
      }
    ]
  },
  {
    "id": "200032",
    "image": "downloaded_images/Animals/Sheep/image_20241017_105751_3.jpg",
    "conversations": [
      {
        "from": "human",
        "value": "<image>\nIs this animal a herbivore, carnivore, or omnivore?"
      },
      {
        "from": "gpt",
        "value": "Sheep are herbivores, primarily grazing on grass, clover, and other vegetation."
      }
    ]
  },
  {
    "id": "200033",
    "image": "downloaded_images/Animals/Sheep/image_20241105_154709_11.jpg",
    "conversations": [
      {
        "from": "human",
        "value": "<image>\nIs this animal a herbivore, carnivore, or omnivore?"
      },
      {
        "from": "gpt",
        "value": "Sheep are herbivores, primarily grazing on grass, clover, and other vegetation."
      }
    ]
  },
  {
    "id": "200034",
    "image": "downloaded_images/Animals/Sheep/image_20241017_105810_5.jpg",
    "conversations": [
      {
        "from": "human",
        "value": "<image>\nIs this animal a herbivore, carnivore, or omnivore?"
      },
      {
        "from": "gpt",
        "value": "Sheep are herbivores, primarily grazing on grass, clover, and other vegetation."
      }
    ]
  },
  {
    "id": "200035",
    "image": "downloaded_images/Animals/Sheep/image_20241105_154551_3.jpg",
    "conversations": [
      {
        "from": "human",
        "value": "<image>\nIs this animal a herbivore, carnivore, or omnivore?"
      },
      {
        "from": "gpt",
        "value": "Sheep are herbivores, primarily grazing on grass, clover, and other vegetation."
      }
    ]
  },
  {
    "id": "200036",
    "image": "downloaded_images/Animals/Sheep/image_20241017_105843_9.jpg",
    "conversations": [
      {
        "from": "human",
        "value": "<image>\nDoes this species originate from a specific area, or is it found globally?"
      },
      {
        "from": "gpt",
        "value": "Sheep are domesticated animals that are found globally, but they are believed to have originated in the Middle East and Central Asia."
      }
    ]
  },
  {
    "id": "200037",
    "image": "downloaded_images/Animals/Sheep/image_20241105_154718_12.jpg",
    "conversations": [
      {
        "from": "human",
        "value": "<image>\nDoes this species originate from a specific area, or is it found globally?"
      },
      {
        "from": "gpt",
        "value": "Sheep are domesticated animals that are found globally, but they are believed to have originated in the Middle East and Central Asia."
      }
    ]
  },
  {
    "id": "200038",
    "image": "downloaded_images/Animals/Sheep/image_20241105_154541_2.jpg",
    "conversations": [
      {
        "from": "human",
        "value": "<image>\nDoes this species originate from a specific area, or is it found globally?"
      },
      {
        "from": "gpt",
        "value": "Sheep are domesticated animals that are found globally, but they are believed to have originated in the Middle East and Central Asia."
      }
    ]
  },
  {
    "id": "200039",
    "image": "downloaded_images/Animals/Sheep/image_20241017_105759_4.jpg",
    "conversations": [
      {
        "from": "human",
        "value": "<image>\nDoes this species originate from a specific area, or is it found globally?"
      },
      {
        "from": "gpt",
        "value": "Sheep are domesticated animals that are found globally, but they are believed to have originated in the Middle East and Central Asia."
      }
    ]
  },
  {
    "id": "200040",
    "image": "downloaded_images/Animals/Sheep/image_20241105_154631_7.jpg",
    "conversations": [
      {
        "from": "human",
        "value": "<image>\nDoes this species originate from a specific area, or is it found globally?"
      },
      {
        "from": "gpt",
        "value": "Sheep are domesticated animals that are found globally, but they are believed to have originated in the Middle East and Central Asia."
      }
    ]
  },
  {
    "id": "200041",
    "image": "downloaded_images/Animals/Sheep/image_20241105_154909_24.jpg",
    "conversations": [
      {
        "from": "human",
        "value": "<image>\nHow does this animal reproduce, including mating habits and gestation duration?"
      },
      {
        "from": "gpt",
        "value": "Sheep typically mate in the fall, and the gestation period lasts about 5 months (approximately 147 days). Ewes (female sheep) usually give birth to one or two lambs at a time."
      }
    ]
  },
  {
    "id": "200042",
    "image": "downloaded_images/Animals/Sheep/image_20241105_154859_23.jpg",
    "conversations": [
      {
        "from": "human",
        "value": "<image>\nHow does this animal reproduce, including mating habits and gestation duration?"
      },
      {
        "from": "gpt",
        "value": "Sheep typically mate in the fall, and the gestation period lasts about 5 months (approximately 147 days). Ewes (female sheep) usually give birth to one or two lambs at a time."
      }
    ]
  },
  {
    "id": "200043",
    "image": "downloaded_images/Animals/Sheep/image_20241105_154551_3.jpg",
    "conversations": [
      {
        "from": "human",
        "value": "<image>\nHow does this animal reproduce, including mating habits and gestation duration?"
      },
      {
        "from": "gpt",
        "value": "Sheep typically mate in the fall, and the gestation period lasts about 5 months (approximately 147 days). Ewes (female sheep) usually give birth to one or two lambs at a time."
      }
    ]
  },
  {
    "id": "200044",
    "image": "downloaded_images/Animals/Sheep/image_20241017_105759_4.jpg",
    "conversations": [
      {
        "from": "human",
        "value": "<image>\nHow does this animal reproduce, including mating habits and gestation duration?"
      },
      {
        "from": "gpt",
        "value": "Sheep typically mate in the fall, and the gestation period lasts about 5 months (approximately 147 days). Ewes (female sheep) usually give birth to one or two lambs at a time."
      }
    ]
  },
  {
    "id": "200045",
    "image": "downloaded_images/Animals/Sheep/image_20241017_105843_9.jpg",
    "conversations": [
      {
        "from": "human",
        "value": "<image>\nHow does this animal reproduce, including mating habits and gestation duration?"
      },
      {
        "from": "gpt",
        "value": "Sheep typically mate in the fall, and the gestation period lasts about 5 months (approximately 147 days). Ewes (female sheep) usually give birth to one or two lambs at a time."
      }
    ]
  },
  {
    "id": "300016",
    "image": "downloaded_images/Animals/Sheep/image_20241017_105843_9.jpg",
    "conversations": [
      {
        "from": "human",
        "value": "<image>\nCan you tell me the common name of this species?"
      },
      {
        "from": "gpt",
        "value": "Sheep"
      }
    ]
  },
  {
    "id": "300017",
    "image": "downloaded_images/Animals/Sheep/image_20241017_105751_3.jpg",
    "conversations": [
      {
        "from": "human",
        "value": "<image>\nIn which family or order is this species classified?"
      },
      {
        "from": "gpt",
        "value": "Sheep belong to the family Bovidae and the order Artiodactyla."
      }
    ]
  },
  {
    "id": "300018",
    "image": "downloaded_images/Animals/Sheep/image_20241017_105843_9.jpg",
    "conversations": [
      {
        "from": "human",
        "value": "<image>\nWhat kind of foods does this animal consume?"
      },
      {
        "from": "gpt",
        "value": "Sheep are herbivores, primarily grazing on grass, clover, and other vegetation."
      }
    ]
  },
  {
    "id": "300019",
    "image": "downloaded_images/Animals/Sheep/image_20241017_105751_3.jpg",
    "conversations": [
      {
        "from": "human",
        "value": "<image>\nIs this animal native to any specific region, or is it distributed all over the world?"
      },
      {
        "from": "gpt",
        "value": "Sheep are domesticated animals that are found globally, but they are believed to have originated in the Middle East and Central Asia."
      }
    ]
  },
  {
    "id": "300020",
    "image": "downloaded_images/Animals/Sheep/image_20241017_105910_12.jpg",
    "conversations": [
      {
        "from": "human",
        "value": "<image>\nCan you explain the reproduction process of this species (mating habits and gestation)?"
      },
      {
        "from": "gpt",
        "value": "Sheep typically mate in the fall, and the gestation period lasts about 5 months (approximately 147 days). Ewes (female sheep) usually give birth to one or two lambs at a time."
      }
    ]
  },
  {
    "id": "300021",
    "image": "downloaded_images/Animals/Sheep/image_20241105_154736_14.jpg",
    "conversations": [
      {
        "from": "human",
        "value": "<image>\nCan you tell me the common name of this species?"
      },
      {
        "from": "gpt",
        "value": "Sheep"
      }
    ]
  },
  {
    "id": "300022",
    "image": "downloaded_images/Animals/Sheep/image_20241105_154531_1.jpg",
    "conversations": [
      {
        "from": "human",
        "value": "<image>\nCan you tell me the common name of this species?"
      },
      {
        "from": "gpt",
        "value": "Sheep"
      }
    ]
  },
  {
    "id": "300023",
    "image": "downloaded_images/Animals/Sheep/image_20241105_154815_18.jpg",
    "conversations": [
      {
        "from": "human",
        "value": "<image>\nCan you tell me the common name of this species?"
      },
      {
        "from": "gpt",
        "value": "Sheep"
      }
    ]
  },
  {
    "id": "300024",
    "image": "downloaded_images/Animals/Sheep/image_20241017_105918_13.jpg",
    "conversations": [
      {
        "from": "human",
        "value": "<image>\nCan you tell me the common name of this species?"
      },
      {
        "from": "gpt",
        "value": "Sheep"
      }
    ]
  },
  {
    "id": "300025",
    "image": "downloaded_images/Animals/Sheep/image_20241105_154859_23.jpg",
    "conversations": [
      {
        "from": "human",
        "value": "<image>\nCan you tell me the common name of this species?"
      },
      {
        "from": "gpt",
        "value": "Sheep"
      }
    ]
  },
  {
    "id": "300026",
    "image": "downloaded_images/Animals/Sheep/image_20241017_105843_9.jpg",
    "conversations": [
      {
        "from": "human",
        "value": "<image>\nIn which family or order is this species classified?"
      },
      {
        "from": "gpt",
        "value": "Sheep belong to the family Bovidae and the order Artiodactyla."
      }
    ]
  },
  {
    "id": "300027",
    "image": "downloaded_images/Animals/Sheep/image_20241105_154642_8.jpg",
    "conversations": [
      {
        "from": "human",
        "value": "<image>\nIn which family or order is this species classified?"
      },
      {
        "from": "gpt",
        "value": "Sheep belong to the family Bovidae and the order Artiodactyla."
      }
    ]
  },
  {
    "id": "300028",
    "image": "downloaded_images/Animals/Sheep/image_20241105_154815_18.jpg",
    "conversations": [
      {
        "from": "human",
        "value": "<image>\nIn which family or order is this species classified?"
      },
      {
        "from": "gpt",
        "value": "Sheep belong to the family Bovidae and the order Artiodactyla."
      }
    ]
  },
  {
    "id": "300029",
    "image": "downloaded_images/Animals/Sheep/image_20241105_154944_28.jpg",
    "conversations": [
      {
        "from": "human",
        "value": "<image>\nIn which family or order is this species classified?"
      },
      {
        "from": "gpt",
        "value": "Sheep belong to the family Bovidae and the order Artiodactyla."
      }
    ]
  },
  {
    "id": "300030",
    "image": "downloaded_images/Animals/Sheep/image_20241017_105819_6.jpg",
    "conversations": [
      {
        "from": "human",
        "value": "<image>\nIn which family or order is this species classified?"
      },
      {
        "from": "gpt",
        "value": "Sheep belong to the family Bovidae and the order Artiodactyla."
      }
    ]
  },
  {
    "id": "300031",
    "image": "downloaded_images/Animals/Sheep/image_20241105_154652_9.jpg",
    "conversations": [
      {
        "from": "human",
        "value": "<image>\nWhat kind of foods does this animal consume?"
      },
      {
        "from": "gpt",
        "value": "Sheep are herbivores, primarily grazing on grass, clover, and other vegetation."
      }
    ]
  },
  {
    "id": "300032",
    "image": "downloaded_images/Animals/Sheep/image_20241017_105751_3.jpg",
    "conversations": [
      {
        "from": "human",
        "value": "<image>\nWhat kind of foods does this animal consume?"
      },
      {
        "from": "gpt",
        "value": "Sheep are herbivores, primarily grazing on grass, clover, and other vegetation."
      }
    ]
  },
  {
    "id": "300033",
    "image": "downloaded_images/Animals/Sheep/image_20241105_154709_11.jpg",
    "conversations": [
      {
        "from": "human",
        "value": "<image>\nWhat kind of foods does this animal consume?"
      },
      {
        "from": "gpt",
        "value": "Sheep are herbivores, primarily grazing on grass, clover, and other vegetation."
      }
    ]
  },
  {
    "id": "300034",
    "image": "downloaded_images/Animals/Sheep/image_20241017_105810_5.jpg",
    "conversations": [
      {
        "from": "human",
        "value": "<image>\nWhat kind of foods does this animal consume?"
      },
      {
        "from": "gpt",
        "value": "Sheep are herbivores, primarily grazing on grass, clover, and other vegetation."
      }
    ]
  },
  {
    "id": "300035",
    "image": "downloaded_images/Animals/Sheep/image_20241105_154551_3.jpg",
    "conversations": [
      {
        "from": "human",
        "value": "<image>\nWhat kind of foods does this animal consume?"
      },
      {
        "from": "gpt",
        "value": "Sheep are herbivores, primarily grazing on grass, clover, and other vegetation."
      }
    ]
  },
  {
    "id": "300036",
    "image": "downloaded_images/Animals/Sheep/image_20241017_105843_9.jpg",
    "conversations": [
      {
        "from": "human",
        "value": "<image>\nIs this animal native to any specific region, or is it distributed all over the world?"
      },
      {
        "from": "gpt",
        "value": "Sheep are domesticated animals that are found globally, but they are believed to have originated in the Middle East and Central Asia."
      }
    ]
  },
  {
    "id": "300037",
    "image": "downloaded_images/Animals/Sheep/image_20241105_154718_12.jpg",
    "conversations": [
      {
        "from": "human",
        "value": "<image>\nIs this animal native to any specific region, or is it distributed all over the world?"
      },
      {
        "from": "gpt",
        "value": "Sheep are domesticated animals that are found globally, but they are believed to have originated in the Middle East and Central Asia."
      }
    ]
  },
  {
    "id": "300038",
    "image": "downloaded_images/Animals/Sheep/image_20241105_154541_2.jpg",
    "conversations": [
      {
        "from": "human",
        "value": "<image>\nIs this animal native to any specific region, or is it distributed all over the world?"
      },
      {
        "from": "gpt",
        "value": "Sheep are domesticated animals that are found globally, but they are believed to have originated in the Middle East and Central Asia."
      }
    ]
  },
  {
    "id": "300039",
    "image": "downloaded_images/Animals/Sheep/image_20241017_105759_4.jpg",
    "conversations": [
      {
        "from": "human",
        "value": "<image>\nIs this animal native to any specific region, or is it distributed all over the world?"
      },
      {
        "from": "gpt",
        "value": "Sheep are domesticated animals that are found globally, but they are believed to have originated in the Middle East and Central Asia."
      }
    ]
  },
  {
    "id": "300040",
    "image": "downloaded_images/Animals/Sheep/image_20241105_154631_7.jpg",
    "conversations": [
      {
        "from": "human",
        "value": "<image>\nIs this animal native to any specific region, or is it distributed all over the world?"
      },
      {
        "from": "gpt",
        "value": "Sheep are domesticated animals that are found globally, but they are believed to have originated in the Middle East and Central Asia."
      }
    ]
  },
  {
    "id": "300041",
    "image": "downloaded_images/Animals/Sheep/image_20241105_154909_24.jpg",
    "conversations": [
      {
        "from": "human",
        "value": "<image>\nCan you explain the reproduction process of this species (mating habits and gestation)?"
      },
      {
        "from": "gpt",
        "value": "Sheep typically mate in the fall, and the gestation period lasts about 5 months (approximately 147 days). Ewes (female sheep) usually give birth to one or two lambs at a time."
      }
    ]
  },
  {
    "id": "300042",
    "image": "downloaded_images/Animals/Sheep/image_20241105_154859_23.jpg",
    "conversations": [
      {
        "from": "human",
        "value": "<image>\nCan you explain the reproduction process of this species (mating habits and gestation)?"
      },
      {
        "from": "gpt",
        "value": "Sheep typically mate in the fall, and the gestation period lasts about 5 months (approximately 147 days). Ewes (female sheep) usually give birth to one or two lambs at a time."
      }
    ]
  },
  {
    "id": "300043",
    "image": "downloaded_images/Animals/Sheep/image_20241105_154551_3.jpg",
    "conversations": [
      {
        "from": "human",
        "value": "<image>\nCan you explain the reproduction process of this species (mating habits and gestation)?"
      },
      {
        "from": "gpt",
        "value": "Sheep typically mate in the fall, and the gestation period lasts about 5 months (approximately 147 days). Ewes (female sheep) usually give birth to one or two lambs at a time."
      }
    ]
  },
  {
    "id": "300044",
    "image": "downloaded_images/Animals/Sheep/image_20241017_105759_4.jpg",
    "conversations": [
      {
        "from": "human",
        "value": "<image>\nCan you explain the reproduction process of this species (mating habits and gestation)?"
      },
      {
        "from": "gpt",
        "value": "Sheep typically mate in the fall, and the gestation period lasts about 5 months (approximately 147 days). Ewes (female sheep) usually give birth to one or two lambs at a time."
      }
    ]
  },
  {
    "id": "300045",
    "image": "downloaded_images/Animals/Sheep/image_20241017_105843_9.jpg",
    "conversations": [
      {
        "from": "human",
        "value": "<image>\nCan you explain the reproduction process of this species (mating habits and gestation)?"
      },
      {
        "from": "gpt",
        "value": "Sheep typically mate in the fall, and the gestation period lasts about 5 months (approximately 147 days). Ewes (female sheep) usually give birth to one or two lambs at a time."
      }
    ]
  },
  {
    "id": "400016",
    "image": "downloaded_images/Animals/Sheep/image_20241017_105843_9.jpg",
    "conversations": [
      {
        "from": "human",
        "value": "<image>\nHow is this animal referred to in everyday language?"
      },
      {
        "from": "gpt",
        "value": "Sheep"
      }
    ]
  },
  {
    "id": "400017",
    "image": "downloaded_images/Animals/Sheep/image_20241017_105751_3.jpg",
    "conversations": [
      {
        "from": "human",
        "value": "<image>\nWhat is the taxonomic family or order of this animal?"
      },
      {
        "from": "gpt",
        "value": "Sheep belong to the family Bovidae and the order Artiodactyla."
      }
    ]
  },
  {
    "id": "400018",
    "image": "downloaded_images/Animals/Sheep/image_20241017_105843_9.jpg",
    "conversations": [
      {
        "from": "human",
        "value": "<image>\nHow would you classify this animal's eating habits?"
      },
      {
        "from": "gpt",
        "value": "Sheep are herbivores, primarily grazing on grass, clover, and other vegetation."
      }
    ]
  },
  {
    "id": "400019",
    "image": "downloaded_images/Animals/Sheep/image_20241017_105751_3.jpg",
    "conversations": [
      {
        "from": "human",
        "value": "<image>\nWhere is this animal primarily found—regionally or globally?"
      },
      {
        "from": "gpt",
        "value": "Sheep are domesticated animals that are found globally, but they are believed to have originated in the Middle East and Central Asia."
      }
    ]
  },
  {
    "id": "400020",
    "image": "downloaded_images/Animals/Sheep/image_20241017_105910_12.jpg",
    "conversations": [
      {
        "from": "human",
        "value": "<image>\nWhat are the details of this animal's reproduction, such as mating behaviors and how long it is pregnant?"
      },
      {
        "from": "gpt",
        "value": "Sheep typically mate in the fall, and the gestation period lasts about 5 months (approximately 147 days). Ewes (female sheep) usually give birth to one or two lambs at a time."
      }
    ]
  },
  {
    "id": "400021",
    "image": "downloaded_images/Animals/Sheep/image_20241105_154736_14.jpg",
    "conversations": [
      {
        "from": "human",
        "value": "<image>\nHow is this animal referred to in everyday language?"
      },
      {
        "from": "gpt",
        "value": "Sheep"
      }
    ]
  },
  {
    "id": "400022",
    "image": "downloaded_images/Animals/Sheep/image_20241105_154531_1.jpg",
    "conversations": [
      {
        "from": "human",
        "value": "<image>\nHow is this animal referred to in everyday language?"
      },
      {
        "from": "gpt",
        "value": "Sheep"
      }
    ]
  },
  {
    "id": "400023",
    "image": "downloaded_images/Animals/Sheep/image_20241105_154815_18.jpg",
    "conversations": [
      {
        "from": "human",
        "value": "<image>\nHow is this animal referred to in everyday language?"
      },
      {
        "from": "gpt",
        "value": "Sheep"
      }
    ]
  },
  {
    "id": "400024",
    "image": "downloaded_images/Animals/Sheep/image_20241017_105918_13.jpg",
    "conversations": [
      {
        "from": "human",
        "value": "<image>\nHow is this animal referred to in everyday language?"
      },
      {
        "from": "gpt",
        "value": "Sheep"
      }
    ]
  },
  {
    "id": "400025",
    "image": "downloaded_images/Animals/Sheep/image_20241105_154859_23.jpg",
    "conversations": [
      {
        "from": "human",
        "value": "<image>\nHow is this animal referred to in everyday language?"
      },
      {
        "from": "gpt",
        "value": "Sheep"
      }
    ]
  },
  {
    "id": "400026",
    "image": "downloaded_images/Animals/Sheep/image_20241017_105843_9.jpg",
    "conversations": [
      {
        "from": "human",
        "value": "<image>\nWhat is the taxonomic family or order of this animal?"
      },
      {
        "from": "gpt",
        "value": "Sheep belong to the family Bovidae and the order Artiodactyla."
      }
    ]
  },
  {
    "id": "400027",
    "image": "downloaded_images/Animals/Sheep/image_20241105_154642_8.jpg",
    "conversations": [
      {
        "from": "human",
        "value": "<image>\nWhat is the taxonomic family or order of this animal?"
      },
      {
        "from": "gpt",
        "value": "Sheep belong to the family Bovidae and the order Artiodactyla."
      }
    ]
  },
  {
    "id": "400028",
    "image": "downloaded_images/Animals/Sheep/image_20241105_154815_18.jpg",
    "conversations": [
      {
        "from": "human",
        "value": "<image>\nWhat is the taxonomic family or order of this animal?"
      },
      {
        "from": "gpt",
        "value": "Sheep belong to the family Bovidae and the order Artiodactyla."
      }
    ]
  },
  {
    "id": "400029",
    "image": "downloaded_images/Animals/Sheep/image_20241105_154944_28.jpg",
    "conversations": [
      {
        "from": "human",
        "value": "<image>\nWhat is the taxonomic family or order of this animal?"
      },
      {
        "from": "gpt",
        "value": "Sheep belong to the family Bovidae and the order Artiodactyla."
      }
    ]
  },
  {
    "id": "400030",
    "image": "downloaded_images/Animals/Sheep/image_20241017_105819_6.jpg",
    "conversations": [
      {
        "from": "human",
        "value": "<image>\nWhat is the taxonomic family or order of this animal?"
      },
      {
        "from": "gpt",
        "value": "Sheep belong to the family Bovidae and the order Artiodactyla."
      }
    ]
  },
  {
    "id": "400031",
    "image": "downloaded_images/Animals/Sheep/image_20241105_154652_9.jpg",
    "conversations": [
      {
        "from": "human",
        "value": "<image>\nHow would you classify this animal's eating habits?"
      },
      {
        "from": "gpt",
        "value": "Sheep are herbivores, primarily grazing on grass, clover, and other vegetation."
      }
    ]
  },
  {
    "id": "400032",
    "image": "downloaded_images/Animals/Sheep/image_20241017_105751_3.jpg",
    "conversations": [
      {
        "from": "human",
        "value": "<image>\nHow would you classify this animal's eating habits?"
      },
      {
        "from": "gpt",
        "value": "Sheep are herbivores, primarily grazing on grass, clover, and other vegetation."
      }
    ]
  },
  {
    "id": "400033",
    "image": "downloaded_images/Animals/Sheep/image_20241105_154709_11.jpg",
    "conversations": [
      {
        "from": "human",
        "value": "<image>\nHow would you classify this animal's eating habits?"
      },
      {
        "from": "gpt",
        "value": "Sheep are herbivores, primarily grazing on grass, clover, and other vegetation."
      }
    ]
  },
  {
    "id": "400034",
    "image": "downloaded_images/Animals/Sheep/image_20241017_105810_5.jpg",
    "conversations": [
      {
        "from": "human",
        "value": "<image>\nHow would you classify this animal's eating habits?"
      },
      {
        "from": "gpt",
        "value": "Sheep are herbivores, primarily grazing on grass, clover, and other vegetation."
      }
    ]
  },
  {
    "id": "400035",
    "image": "downloaded_images/Animals/Sheep/image_20241105_154551_3.jpg",
    "conversations": [
      {
        "from": "human",
        "value": "<image>\nHow would you classify this animal's eating habits?"
      },
      {
        "from": "gpt",
        "value": "Sheep are herbivores, primarily grazing on grass, clover, and other vegetation."
      }
    ]
  },
  {
    "id": "400036",
    "image": "downloaded_images/Animals/Sheep/image_20241017_105843_9.jpg",
    "conversations": [
      {
        "from": "human",
        "value": "<image>\nWhere is this animal primarily found—regionally or globally?"
      },
      {
        "from": "gpt",
        "value": "Sheep are domesticated animals that are found globally, but they are believed to have originated in the Middle East and Central Asia."
      }
    ]
  },
  {
    "id": "400037",
    "image": "downloaded_images/Animals/Sheep/image_20241105_154718_12.jpg",
    "conversations": [
      {
        "from": "human",
        "value": "<image>\nWhere is this animal primarily found—regionally or globally?"
      },
      {
        "from": "gpt",
        "value": "Sheep are domesticated animals that are found globally, but they are believed to have originated in the Middle East and Central Asia."
      }
    ]
  },
  {
    "id": "400038",
    "image": "downloaded_images/Animals/Sheep/image_20241105_154541_2.jpg",
    "conversations": [
      {
        "from": "human",
        "value": "<image>\nWhere is this animal primarily found—regionally or globally?"
      },
      {
        "from": "gpt",
        "value": "Sheep are domesticated animals that are found globally, but they are believed to have originated in the Middle East and Central Asia."
      }
    ]
  },
  {
    "id": "400039",
    "image": "downloaded_images/Animals/Sheep/image_20241017_105759_4.jpg",
    "conversations": [
      {
        "from": "human",
        "value": "<image>\nWhere is this animal primarily found—regionally or globally?"
      },
      {
        "from": "gpt",
        "value": "Sheep are domesticated animals that are found globally, but they are believed to have originated in the Middle East and Central Asia."
      }
    ]
  },
  {
    "id": "400040",
    "image": "downloaded_images/Animals/Sheep/image_20241105_154631_7.jpg",
    "conversations": [
      {
        "from": "human",
        "value": "<image>\nWhere is this animal primarily found—regionally or globally?"
      },
      {
        "from": "gpt",
        "value": "Sheep are domesticated animals that are found globally, but they are believed to have originated in the Middle East and Central Asia."
      }
    ]
  },
  {
    "id": "400041",
    "image": "downloaded_images/Animals/Sheep/image_20241105_154909_24.jpg",
    "conversations": [
      {
        "from": "human",
        "value": "<image>\nWhat are the details of this animal's reproduction, such as mating behaviors and how long it is pregnant?"
      },
      {
        "from": "gpt",
        "value": "Sheep typically mate in the fall, and the gestation period lasts about 5 months (approximately 147 days). Ewes (female sheep) usually give birth to one or two lambs at a time."
      }
    ]
  },
  {
    "id": "400042",
    "image": "downloaded_images/Animals/Sheep/image_20241105_154859_23.jpg",
    "conversations": [
      {
        "from": "human",
        "value": "<image>\nWhat are the details of this animal's reproduction, such as mating behaviors and how long it is pregnant?"
      },
      {
        "from": "gpt",
        "value": "Sheep typically mate in the fall, and the gestation period lasts about 5 months (approximately 147 days). Ewes (female sheep) usually give birth to one or two lambs at a time."
      }
    ]
  },
  {
    "id": "400043",
    "image": "downloaded_images/Animals/Sheep/image_20241105_154551_3.jpg",
    "conversations": [
      {
        "from": "human",
        "value": "<image>\nWhat are the details of this animal's reproduction, such as mating behaviors and how long it is pregnant?"
      },
      {
        "from": "gpt",
        "value": "Sheep typically mate in the fall, and the gestation period lasts about 5 months (approximately 147 days). Ewes (female sheep) usually give birth to one or two lambs at a time."
      }
    ]
  },
  {
    "id": "400044",
    "image": "downloaded_images/Animals/Sheep/image_20241017_105759_4.jpg",
    "conversations": [
      {
        "from": "human",
        "value": "<image>\nWhat are the details of this animal's reproduction, such as mating behaviors and how long it is pregnant?"
      },
      {
        "from": "gpt",
        "value": "Sheep typically mate in the fall, and the gestation period lasts about 5 months (approximately 147 days). Ewes (female sheep) usually give birth to one or two lambs at a time."
      }
    ]
  },
  {
    "id": "400045",
    "image": "downloaded_images/Animals/Sheep/image_20241017_105843_9.jpg",
    "conversations": [
      {
        "from": "human",
        "value": "<image>\nWhat are the details of this animal's reproduction, such as mating behaviors and how long it is pregnant?"
      },
      {
        "from": "gpt",
        "value": "Sheep typically mate in the fall, and the gestation period lasts about 5 months (approximately 147 days). Ewes (female sheep) usually give birth to one or two lambs at a time."
      }
    ]
  }
]