[
  {
    "id": "51",
    "image": "downloaded_images/Corporation/SpaceX_Logo/image_20241018_124450_12.jpg",
    "conversations": [
      {
        "from": "human",
        "value": "<image>\nWhat is the name of this corporation?"
      },
      {
        "from": "gpt",
        "value": "The name of the corporation is SpaceX (Space Exploration Technologies Corp.)."
      }
    ]
  },
  {
    "id": "52",
    "image": "downloaded_images/Corporation/SpaceX_Logo/image_20241018_124459_13.jpg",
    "conversations": [
      {
        "from": "human",
        "value": "<image>\nWhen was this corporation founded, and by whom?"
      },
      {
        "from": "gpt",
        "value": "SpaceX was founded in March 2002 by Elon Musk."
      }
    ]
  },
  {
    "id": "53",
    "image": "downloaded_images/Corporation/SpaceX_Logo/image_20241018_124459_13.jpg",
    "conversations": [
      {
        "from": "human",
        "value": "<image>\nWhere is this corporation's headquarters located?"
      },
      {
        "from": "gpt",
        "value": "SpaceX's headquarters is located in Hawthorne, California, USA."
      }
    ]
  },
  {
    "id": "54",
    "image": "downloaded_images/Corporation/SpaceX_Logo/image_20241018_124433_10.jpg",
    "conversations": [
      {
        "from": "human",
        "value": "<image>\nWhat are this corporation's primary products or services?"
      },
      {
        "from": "gpt",
        "value": "SpaceX's primary products and services include the development and launch of rockets and spacecraft, satellite deployment, and space transportation services. Notable products include the Falcon 1, Falcon 9, Falcon Heavy rockets, and the Dragon spacecraft."
      }
    ]
  },
  {
    "id": "55",
    "image": "downloaded_images/Corporation/SpaceX_Logo/image_20241018_124517_15.jpg",
    "conversations": [
      {
        "from": "human",
        "value": "<image>\nWhat industry does this corporation operate in?"
      },
      {
        "from": "gpt",
        "value": "SpaceX operates in the aerospace industry, specifically focusing on space transportation and exploration."
      }
    ]
  },
  {
    "id": "56",
    "image": "downloaded_images/Corporation/SpaceX_Logo/image_20241018_124517_15.jpg",
    "conversations": [
      {
        "from": "human",
        "value": "<image>\nWhat is the name of this corporation?"
      },
      {
        "from": "gpt",
        "value": "The name of the corporation is SpaceX (Space Exploration Technologies Corp.)."
      }
    ]
  },
  {
    "id": "57",
    "image": "downloaded_images/Corporation/SpaceX_Logo/image_20241018_124320_3.jpg",
    "conversations": [
      {
        "from": "human",
        "value": "<image>\nWhat is the name of this corporation?"
      },
      {
        "from": "gpt",
        "value": "The name of the corporation is SpaceX (Space Exploration Technologies Corp.)."
      }
    ]
  },
  {
    "id": "58",
    "image": "downloaded_images/Corporation/SpaceX_Logo/image_20241018_124441_11.jpg",
    "conversations": [
      {
        "from": "human",
        "value": "<image>\nWhat is the name of this corporation?"
      },
      {
        "from": "gpt",
        "value": "The name of the corporation is SpaceX (Space Exploration Technologies Corp.)."
      }
    ]
  },
  {
    "id": "59",
    "image": "downloaded_images/Corporation/SpaceX_Logo/image_20241107_100919_14.jpg",
    "conversations": [
      {
        "from": "human",
        "value": "<image>\nWhat is the name of this corporation?"
      },
      {
        "from": "gpt",
        "value": "The name of the corporation is SpaceX (Space Exploration Technologies Corp.)."
      }
    ]
  },
  {
    "id": "60",
    "image": "downloaded_images/Corporation/SpaceX_Logo/image_20241107_100849_13.jpg",
    "conversations": [
      {
        "from": "human",
        "value": "<image>\nWhat is the name of this corporation?"
      },
      {
        "from": "gpt",
        "value": "The name of the corporation is SpaceX (Space Exploration Technologies Corp.)."
      }
    ]
  },
  {
    "id": "61",
    "image": "downloaded_images/Corporation/SpaceX_Logo/image_20241018_124450_12.jpg",
    "conversations": [
      {
        "from": "human",
        "value": "<image>\nWhen was this corporation founded, and by whom?"
      },
      {
        "from": "gpt",
        "value": "SpaceX was founded in March 2002 by Elon Musk."
      }
    ]
  },
  {
    "id": "62",
    "image": "downloaded_images/Corporation/SpaceX_Logo/image_20241107_100722_3.jpg",
    "conversations": [
      {
        "from": "human",
        "value": "<image>\nWhen was this corporation founded, and by whom?"
      },
      {
        "from": "gpt",
        "value": "SpaceX was founded in March 2002 by Elon Musk."
      }
    ]
  },
  {
    "id": "63",
    "image": "downloaded_images/Corporation/SpaceX_Logo/image_20241107_100753_7.jpg",
    "conversations": [
      {
        "from": "human",
        "value": "<image>\nWhen was this corporation founded, and by whom?"
      },
      {
        "from": "gpt",
        "value": "SpaceX was founded in March 2002 by Elon Musk."
      }
    ]
  },
  {
    "id": "64",
    "image": "downloaded_images/Corporation/SpaceX_Logo/image_20241107_100802_8.jpg",
    "conversations": [
      {
        "from": "human",
        "value": "<image>\nWhen was this corporation founded, and by whom?"
      },
      {
        "from": "gpt",
        "value": "SpaceX was founded in March 2002 by Elon Musk."
      }
    ]
  },
  {
    "id": "65",
    "image": "downloaded_images/Corporation/SpaceX_Logo/image_20241018_124546_18.jpg",
    "conversations": [
      {
        "from": "human",
        "value": "<image>\nWhen was this corporation founded, and by whom?"
      },
      {
        "from": "gpt",
        "value": "SpaceX was founded in March 2002 by Elon Musk."
      }
    ]
  },
  {
    "id": "66",
    "image": "downloaded_images/Corporation/SpaceX_Logo/image_20241107_100802_8.jpg",
    "conversations": [
      {
        "from": "human",
        "value": "<image>\nWhere is this corporation's headquarters located?"
      },
      {
        "from": "gpt",
        "value": "SpaceX's headquarters is located in Hawthorne, California, USA."
      }
    ]
  },
  {
    "id": "67",
    "image": "downloaded_images/Corporation/SpaceX_Logo/image_20241107_100738_5.jpg",
    "conversations": [
      {
        "from": "human",
        "value": "<image>\nWhere is this corporation's headquarters located?"
      },
      {
        "from": "gpt",
        "value": "SpaceX's headquarters is located in Hawthorne, California, USA."
      }
    ]
  },
  {
    "id": "68",
    "image": "downloaded_images/Corporation/SpaceX_Logo/image_20241107_101003_19.jpg",
    "conversations": [
      {
        "from": "human",
        "value": "<image>\nWhere is this corporation's headquarters located?"
      },
      {
        "from": "gpt",
        "value": "SpaceX's headquarters is located in Hawthorne, California, USA."
      }
    ]
  },
  {
    "id": "69",
    "image": "downloaded_images/Corporation/SpaceX_Logo/image_20241018_124433_10.jpg",
    "conversations": [
      {
        "from": "human",
        "value": "<image>\nWhere is this corporation's headquarters located?"
      },
      {
        "from": "gpt",
        "value": "SpaceX's headquarters is located in Hawthorne, California, USA."
      }
    ]
  },
  {
    "id": "70",
    "image": "downloaded_images/Corporation/SpaceX_Logo/image_20241107_100929_15.jpg",
    "conversations": [
      {
        "from": "human",
        "value": "<image>\nWhere is this corporation's headquarters located?"
      },
      {
        "from": "gpt",
        "value": "SpaceX's headquarters is located in Hawthorne, California, USA."
      }
    ]
  },
  {
    "id": "71",
    "image": "downloaded_images/Corporation/SpaceX_Logo/image_20241018_124320_3.jpg",
    "conversations": [
      {
        "from": "human",
        "value": "<image>\nWhat are this corporation's primary products or services?"
      },
      {
        "from": "gpt",
        "value": "SpaceX's primary products and services include the development and launch of rockets and spacecraft, satellite deployment, and space transportation services. Notable products include the Falcon 1, Falcon 9, Falcon Heavy rockets, and the Dragon spacecraft."
      }
    ]
  },
  {
    "id": "72",
    "image": "downloaded_images/Corporation/SpaceX_Logo/image_20241018_124450_12.jpg",
    "conversations": [
      {
        "from": "human",
        "value": "<image>\nWhat are this corporation's primary products or services?"
      },
      {
        "from": "gpt",
        "value": "SpaceX's primary products and services include the development and launch of rockets and spacecraft, satellite deployment, and space transportation services. Notable products include the Falcon 1, Falcon 9, Falcon Heavy rockets, and the Dragon spacecraft."
      }
    ]
  },
  {
    "id": "73",
    "image": "downloaded_images/Corporation/SpaceX_Logo/image_20241018_124335_5.jpg",
    "conversations": [
      {
        "from": "human",
        "value": "<image>\nWhat are this corporation's primary products or services?"
      },
      {
        "from": "gpt",
        "value": "SpaceX's primary products and services include the development and launch of rockets and spacecraft, satellite deployment, and space transportation services. Notable products include the Falcon 1, Falcon 9, Falcon Heavy rockets, and the Dragon spacecraft."
      }
    ]
  },
  {
    "id": "74",
    "image": "downloaded_images/Corporation/SpaceX_Logo/image_20241107_101137_30.jpg",
    "conversations": [
      {
        "from": "human",
        "value": "<image>\nWhat are this corporation's primary products or services?"
      },
      {
        "from": "gpt",
        "value": "SpaceX's primary products and services include the development and launch of rockets and spacecraft, satellite deployment, and space transportation services. Notable products include the Falcon 1, Falcon 9, Falcon Heavy rockets, and the Dragon spacecraft."
      }
    ]
  },
  {
    "id": "75",
    "image": "downloaded_images/Corporation/SpaceX_Logo/image_20241107_100938_16.jpg",
    "conversations": [
      {
        "from": "human",
        "value": "<image>\nWhat are this corporation's primary products or services?"
      },
      {
        "from": "gpt",
        "value": "SpaceX's primary products and services include the development and launch of rockets and spacecraft, satellite deployment, and space transportation services. Notable products include the Falcon 1, Falcon 9, Falcon Heavy rockets, and the Dragon spacecraft."
      }
    ]
  },
  {
    "id": "76",
    "image": "downloaded_images/Corporation/SpaceX_Logo/image_20241107_101111_27.jpg",
    "conversations": [
      {
        "from": "human",
        "value": "<image>\nWhat industry does this corporation operate in?"
      },
      {
        "from": "gpt",
        "value": "SpaceX operates in the aerospace industry, specifically focusing on space transportation and exploration."
      }
    ]
  },
  {
    "id": "77",
    "image": "downloaded_images/Corporation/SpaceX_Logo/image_20241107_100947_17.jpg",
    "conversations": [
      {
        "from": "human",
        "value": "<image>\nWhat industry does this corporation operate in?"
      },
      {
        "from": "gpt",
        "value": "SpaceX operates in the aerospace industry, specifically focusing on space transportation and exploration."
      }
    ]
  },
  {
    "id": "78",
    "image": "downloaded_images/Corporation/SpaceX_Logo/image_20241107_101120_28.jpg",
    "conversations": [
      {
        "from": "human",
        "value": "<image>\nWhat industry does this corporation operate in?"
      },
      {
        "from": "gpt",
        "value": "SpaceX operates in the aerospace industry, specifically focusing on space transportation and exploration."
      }
    ]
  },
  {
    "id": "79",
    "image": "downloaded_images/Corporation/SpaceX_Logo/image_20241107_100738_5.jpg",
    "conversations": [
      {
        "from": "human",
        "value": "<image>\nWhat industry does this corporation operate in?"
      },
      {
        "from": "gpt",
        "value": "SpaceX operates in the aerospace industry, specifically focusing on space transportation and exploration."
      }
    ]
  },
  {
    "id": "80",
    "image": "downloaded_images/Corporation/SpaceX_Logo/image_20241107_101129_29.jpg",
    "conversations": [
      {
        "from": "human",
        "value": "<image>\nWhat industry does this corporation operate in?"
      },
      {
        "from": "gpt",
        "value": "SpaceX operates in the aerospace industry, specifically focusing on space transportation and exploration."
      }
    ]
  },
  {
    "id": "100051",
    "image": "downloaded_images/Corporation/SpaceX_Logo/image_20241018_124450_12.jpg",
    "conversations": [
      {
        "from": "human",
        "value": "<image>\nWhat is this corporation called?"
      },
      {
        "from": "gpt",
        "value": "The name of the corporation is SpaceX (Space Exploration Technologies Corp.)."
      }
    ]
  },
  {
    "id": "100052",
    "image": "downloaded_images/Corporation/SpaceX_Logo/image_20241018_124459_13.jpg",
    "conversations": [
      {
        "from": "human",
        "value": "<image>\nWhen was this corporation established, and who founded it?"
      },
      {
        "from": "gpt",
        "value": "SpaceX was founded in March 2002 by Elon Musk."
      }
    ]
  },
  {
    "id": "100053",
    "image": "downloaded_images/Corporation/SpaceX_Logo/image_20241018_124459_13.jpg",
    "conversations": [
      {
        "from": "human",
        "value": "<image>\nWhere is the headquarters of this corporation situated?"
      },
      {
        "from": "gpt",
        "value": "SpaceX's headquarters is located in Hawthorne, California, USA."
      }
    ]
  },
  {
    "id": "100054",
    "image": "downloaded_images/Corporation/SpaceX_Logo/image_20241018_124433_10.jpg",
    "conversations": [
      {
        "from": "human",
        "value": "<image>\nWhat are the main products or services offered by this corporation?"
      },
      {
        "from": "gpt",
        "value": "SpaceX's primary products and services include the development and launch of rockets and spacecraft, satellite deployment, and space transportation services. Notable products include the Falcon 1, Falcon 9, Falcon Heavy rockets, and the Dragon spacecraft."
      }
    ]
  },
  {
    "id": "100055",
    "image": "downloaded_images/Corporation/SpaceX_Logo/image_20241018_124517_15.jpg",
    "conversations": [
      {
        "from": "human",
        "value": "<image>\nIn which industry does this corporation operate?"
      },
      {
        "from": "gpt",
        "value": "SpaceX operates in the aerospace industry, specifically focusing on space transportation and exploration."
      }
    ]
  },
  {
    "id": "100056",
    "image": "downloaded_images/Corporation/SpaceX_Logo/image_20241018_124517_15.jpg",
    "conversations": [
      {
        "from": "human",
        "value": "<image>\nWhat is this corporation called?"
      },
      {
        "from": "gpt",
        "value": "The name of the corporation is SpaceX (Space Exploration Technologies Corp.)."
      }
    ]
  },
  {
    "id": "100057",
    "image": "downloaded_images/Corporation/SpaceX_Logo/image_20241018_124320_3.jpg",
    "conversations": [
      {
        "from": "human",
        "value": "<image>\nWhat is this corporation called?"
      },
      {
        "from": "gpt",
        "value": "The name of the corporation is SpaceX (Space Exploration Technologies Corp.)."
      }
    ]
  },
  {
    "id": "100058",
    "image": "downloaded_images/Corporation/SpaceX_Logo/image_20241018_124441_11.jpg",
    "conversations": [
      {
        "from": "human",
        "value": "<image>\nWhat is this corporation called?"
      },
      {
        "from": "gpt",
        "value": "The name of the corporation is SpaceX (Space Exploration Technologies Corp.)."
      }
    ]
  },
  {
    "id": "100059",
    "image": "downloaded_images/Corporation/SpaceX_Logo/image_20241107_100919_14.jpg",
    "conversations": [
      {
        "from": "human",
        "value": "<image>\nWhat is this corporation called?"
      },
      {
        "from": "gpt",
        "value": "The name of the corporation is SpaceX (Space Exploration Technologies Corp.)."
      }
    ]
  },
  {
    "id": "100060",
    "image": "downloaded_images/Corporation/SpaceX_Logo/image_20241107_100849_13.jpg",
    "conversations": [
      {
        "from": "human",
        "value": "<image>\nWhat is this corporation called?"
      },
      {
        "from": "gpt",
        "value": "The name of the corporation is SpaceX (Space Exploration Technologies Corp.)."
      }
    ]
  },
  {
    "id": "100061",
    "image": "downloaded_images/Corporation/SpaceX_Logo/image_20241018_124450_12.jpg",
    "conversations": [
      {
        "from": "human",
        "value": "<image>\nWhen was this corporation established, and who founded it?"
      },
      {
        "from": "gpt",
        "value": "SpaceX was founded in March 2002 by Elon Musk."
      }
    ]
  },
  {
    "id": "100062",
    "image": "downloaded_images/Corporation/SpaceX_Logo/image_20241107_100722_3.jpg",
    "conversations": [
      {
        "from": "human",
        "value": "<image>\nWhen was this corporation established, and who founded it?"
      },
      {
        "from": "gpt",
        "value": "SpaceX was founded in March 2002 by Elon Musk."
      }
    ]
  },
  {
    "id": "100063",
    "image": "downloaded_images/Corporation/SpaceX_Logo/image_20241107_100753_7.jpg",
    "conversations": [
      {
        "from": "human",
        "value": "<image>\nWhen was this corporation established, and who founded it?"
      },
      {
        "from": "gpt",
        "value": "SpaceX was founded in March 2002 by Elon Musk."
      }
    ]
  },
  {
    "id": "100064",
    "image": "downloaded_images/Corporation/SpaceX_Logo/image_20241107_100802_8.jpg",
    "conversations": [
      {
        "from": "human",
        "value": "<image>\nWhen was this corporation established, and who founded it?"
      },
      {
        "from": "gpt",
        "value": "SpaceX was founded in March 2002 by Elon Musk."
      }
    ]
  },
  {
    "id": "100065",
    "image": "downloaded_images/Corporation/SpaceX_Logo/image_20241018_124546_18.jpg",
    "conversations": [
      {
        "from": "human",
        "value": "<image>\nWhen was this corporation established, and who founded it?"
      },
      {
        "from": "gpt",
        "value": "SpaceX was founded in March 2002 by Elon Musk."
      }
    ]
  },
  {
    "id": "100066",
    "image": "downloaded_images/Corporation/SpaceX_Logo/image_20241107_100802_8.jpg",
    "conversations": [
      {
        "from": "human",
        "value": "<image>\nWhere is the headquarters of this corporation situated?"
      },
      {
        "from": "gpt",
        "value": "SpaceX's headquarters is located in Hawthorne, California, USA."
      }
    ]
  },
  {
    "id": "100067",
    "image": "downloaded_images/Corporation/SpaceX_Logo/image_20241107_100738_5.jpg",
    "conversations": [
      {
        "from": "human",
        "value": "<image>\nWhere is the headquarters of this corporation situated?"
      },
      {
        "from": "gpt",
        "value": "SpaceX's headquarters is located in Hawthorne, California, USA."
      }
    ]
  },
  {
    "id": "100068",
    "image": "downloaded_images/Corporation/SpaceX_Logo/image_20241107_101003_19.jpg",
    "conversations": [
      {
        "from": "human",
        "value": "<image>\nWhere is the headquarters of this corporation situated?"
      },
      {
        "from": "gpt",
        "value": "SpaceX's headquarters is located in Hawthorne, California, USA."
      }
    ]
  },
  {
    "id": "100069",
    "image": "downloaded_images/Corporation/SpaceX_Logo/image_20241018_124433_10.jpg",
    "conversations": [
      {
        "from": "human",
        "value": "<image>\nWhere is the headquarters of this corporation situated?"
      },
      {
        "from": "gpt",
        "value": "SpaceX's headquarters is located in Hawthorne, California, USA."
      }
    ]
  },
  {
    "id": "100070",
    "image": "downloaded_images/Corporation/SpaceX_Logo/image_20241107_100929_15.jpg",
    "conversations": [
      {
        "from": "human",
        "value": "<image>\nWhere is the headquarters of this corporation situated?"
      },
      {
        "from": "gpt",
        "value": "SpaceX's headquarters is located in Hawthorne, California, USA."
      }
    ]
  },
  {
    "id": "100071",
    "image": "downloaded_images/Corporation/SpaceX_Logo/image_20241018_124320_3.jpg",
    "conversations": [
      {
        "from": "human",
        "value": "<image>\nWhat are the main products or services offered by this corporation?"
      },
      {
        "from": "gpt",
        "value": "SpaceX's primary products and services include the development and launch of rockets and spacecraft, satellite deployment, and space transportation services. Notable products include the Falcon 1, Falcon 9, Falcon Heavy rockets, and the Dragon spacecraft."
      }
    ]
  },
  {
    "id": "100072",
    "image": "downloaded_images/Corporation/SpaceX_Logo/image_20241018_124450_12.jpg",
    "conversations": [
      {
        "from": "human",
        "value": "<image>\nWhat are the main products or services offered by this corporation?"
      },
      {
        "from": "gpt",
        "value": "SpaceX's primary products and services include the development and launch of rockets and spacecraft, satellite deployment, and space transportation services. Notable products include the Falcon 1, Falcon 9, Falcon Heavy rockets, and the Dragon spacecraft."
      }
    ]
  },
  {
    "id": "100073",
    "image": "downloaded_images/Corporation/SpaceX_Logo/image_20241018_124335_5.jpg",
    "conversations": [
      {
        "from": "human",
        "value": "<image>\nWhat are the main products or services offered by this corporation?"
      },
      {
        "from": "gpt",
        "value": "SpaceX's primary products and services include the development and launch of rockets and spacecraft, satellite deployment, and space transportation services. Notable products include the Falcon 1, Falcon 9, Falcon Heavy rockets, and the Dragon spacecraft."
      }
    ]
  },
  {
    "id": "100074",
    "image": "downloaded_images/Corporation/SpaceX_Logo/image_20241107_101137_30.jpg",
    "conversations": [
      {
        "from": "human",
        "value": "<image>\nWhat are the main products or services offered by this corporation?"
      },
      {
        "from": "gpt",
        "value": "SpaceX's primary products and services include the development and launch of rockets and spacecraft, satellite deployment, and space transportation services. Notable products include the Falcon 1, Falcon 9, Falcon Heavy rockets, and the Dragon spacecraft."
      }
    ]
  },
  {
    "id": "100075",
    "image": "downloaded_images/Corporation/SpaceX_Logo/image_20241107_100938_16.jpg",
    "conversations": [
      {
        "from": "human",
        "value": "<image>\nWhat are the main products or services offered by this corporation?"
      },
      {
        "from": "gpt",
        "value": "SpaceX's primary products and services include the development and launch of rockets and spacecraft, satellite deployment, and space transportation services. Notable products include the Falcon 1, Falcon 9, Falcon Heavy rockets, and the Dragon spacecraft."
      }
    ]
  },
  {
    "id": "100076",
    "image": "downloaded_images/Corporation/SpaceX_Logo/image_20241107_101111_27.jpg",
    "conversations": [
      {
        "from": "human",
        "value": "<image>\nIn which industry does this corporation operate?"
      },
      {
        "from": "gpt",
        "value": "SpaceX operates in the aerospace industry, specifically focusing on space transportation and exploration."
      }
    ]
  },
  {
    "id": "100077",
    "image": "downloaded_images/Corporation/SpaceX_Logo/image_20241107_100947_17.jpg",
    "conversations": [
      {
        "from": "human",
        "value": "<image>\nIn which industry does this corporation operate?"
      },
      {
        "from": "gpt",
        "value": "SpaceX operates in the aerospace industry, specifically focusing on space transportation and exploration."
      }
    ]
  },
  {
    "id": "100078",
    "image": "downloaded_images/Corporation/SpaceX_Logo/image_20241107_101120_28.jpg",
    "conversations": [
      {
        "from": "human",
        "value": "<image>\nIn which industry does this corporation operate?"
      },
      {
        "from": "gpt",
        "value": "SpaceX operates in the aerospace industry, specifically focusing on space transportation and exploration."
      }
    ]
  },
  {
    "id": "100079",
    "image": "downloaded_images/Corporation/SpaceX_Logo/image_20241107_100738_5.jpg",
    "conversations": [
      {
        "from": "human",
        "value": "<image>\nIn which industry does this corporation operate?"
      },
      {
        "from": "gpt",
        "value": "SpaceX operates in the aerospace industry, specifically focusing on space transportation and exploration."
      }
    ]
  },
  {
    "id": "100080",
    "image": "downloaded_images/Corporation/SpaceX_Logo/image_20241107_101129_29.jpg",
    "conversations": [
      {
        "from": "human",
        "value": "<image>\nIn which industry does this corporation operate?"
      },
      {
        "from": "gpt",
        "value": "SpaceX operates in the aerospace industry, specifically focusing on space transportation and exploration."
      }
    ]
  },
  {
    "id": "200051",
    "image": "downloaded_images/Corporation/SpaceX_Logo/image_20241018_124450_12.jpg",
    "conversations": [
      {
        "from": "human",
        "value": "<image>\nWhat is the name of this company?"
      },
      {
        "from": "gpt",
        "value": "The name of the corporation is SpaceX (Space Exploration Technologies Corp.)."
      }
    ]
  },
  {
    "id": "200052",
    "image": "downloaded_images/Corporation/SpaceX_Logo/image_20241018_124459_13.jpg",
    "conversations": [
      {
        "from": "human",
        "value": "<image>\nWho is the founder of this corporation, and when was it created?"
      },
      {
        "from": "gpt",
        "value": "SpaceX was founded in March 2002 by Elon Musk."
      }
    ]
  },
  {
    "id": "200053",
    "image": "downloaded_images/Corporation/SpaceX_Logo/image_20241018_124459_13.jpg",
    "conversations": [
      {
        "from": "human",
        "value": "<image>\nWhat is the location of this corporation's main office?"
      },
      {
        "from": "gpt",
        "value": "SpaceX's headquarters is located in Hawthorne, California, USA."
      }
    ]
  },
  {
    "id": "200054",
    "image": "downloaded_images/Corporation/SpaceX_Logo/image_20241018_124433_10.jpg",
    "conversations": [
      {
        "from": "human",
        "value": "<image>\nWhat does this corporation primarily sell or provide?"
      },
      {
        "from": "gpt",
        "value": "SpaceX's primary products and services include the development and launch of rockets and spacecraft, satellite deployment, and space transportation services. Notable products include the Falcon 1, Falcon 9, Falcon Heavy rockets, and the Dragon spacecraft."
      }
    ]
  },
  {
    "id": "200055",
    "image": "downloaded_images/Corporation/SpaceX_Logo/image_20241018_124517_15.jpg",
    "conversations": [
      {
        "from": "human",
        "value": "<image>\nWhat sector is this corporation involved in?"
      },
      {
        "from": "gpt",
        "value": "SpaceX operates in the aerospace industry, specifically focusing on space transportation and exploration."
      }
    ]
  },
  {
    "id": "200056",
    "image": "downloaded_images/Corporation/SpaceX_Logo/image_20241018_124517_15.jpg",
    "conversations": [
      {
        "from": "human",
        "value": "<image>\nWhat is the name of this company?"
      },
      {
        "from": "gpt",
        "value": "The name of the corporation is SpaceX (Space Exploration Technologies Corp.)."
      }
    ]
  },
  {
    "id": "200057",
    "image": "downloaded_images/Corporation/SpaceX_Logo/image_20241018_124320_3.jpg",
    "conversations": [
      {
        "from": "human",
        "value": "<image>\nWhat is the name of this company?"
      },
      {
        "from": "gpt",
        "value": "The name of the corporation is SpaceX (Space Exploration Technologies Corp.)."
      }
    ]
  },
  {
    "id": "200058",
    "image": "downloaded_images/Corporation/SpaceX_Logo/image_20241018_124441_11.jpg",
    "conversations": [
      {
        "from": "human",
        "value": "<image>\nWhat is the name of this company?"
      },
      {
        "from": "gpt",
        "value": "The name of the corporation is SpaceX (Space Exploration Technologies Corp.)."
      }
    ]
  },
  {
    "id": "200059",
    "image": "downloaded_images/Corporation/SpaceX_Logo/image_20241107_100919_14.jpg",
    "conversations": [
      {
        "from": "human",
        "value": "<image>\nWhat is the name of this company?"
      },
      {
        "from": "gpt",
        "value": "The name of the corporation is SpaceX (Space Exploration Technologies Corp.)."
      }
    ]
  },
  {
    "id": "200060",
    "image": "downloaded_images/Corporation/SpaceX_Logo/image_20241107_100849_13.jpg",
    "conversations": [
      {
        "from": "human",
        "value": "<image>\nWhat is the name of this company?"
      },
      {
        "from": "gpt",
        "value": "The name of the corporation is SpaceX (Space Exploration Technologies Corp.)."
      }
    ]
  },
  {
    "id": "200061",
    "image": "downloaded_images/Corporation/SpaceX_Logo/image_20241018_124450_12.jpg",
    "conversations": [
      {
        "from": "human",
        "value": "<image>\nWho is the founder of this corporation, and when was it created?"
      },
      {
        "from": "gpt",
        "value": "SpaceX was founded in March 2002 by Elon Musk."
      }
    ]
  },
  {
    "id": "200062",
    "image": "downloaded_images/Corporation/SpaceX_Logo/image_20241107_100722_3.jpg",
    "conversations": [
      {
        "from": "human",
        "value": "<image>\nWho is the founder of this corporation, and when was it created?"
      },
      {
        "from": "gpt",
        "value": "SpaceX was founded in March 2002 by Elon Musk."
      }
    ]
  },
  {
    "id": "200063",
    "image": "downloaded_images/Corporation/SpaceX_Logo/image_20241107_100753_7.jpg",
    "conversations": [
      {
        "from": "human",
        "value": "<image>\nWho is the founder of this corporation, and when was it created?"
      },
      {
        "from": "gpt",
        "value": "SpaceX was founded in March 2002 by Elon Musk."
      }
    ]
  },
  {
    "id": "200064",
    "image": "downloaded_images/Corporation/SpaceX_Logo/image_20241107_100802_8.jpg",
    "conversations": [
      {
        "from": "human",
        "value": "<image>\nWho is the founder of this corporation, and when was it created?"
      },
      {
        "from": "gpt",
        "value": "SpaceX was founded in March 2002 by Elon Musk."
      }
    ]
  },
  {
    "id": "200065",
    "image": "downloaded_images/Corporation/SpaceX_Logo/image_20241018_124546_18.jpg",
    "conversations": [
      {
        "from": "human",
        "value": "<image>\nWho is the founder of this corporation, and when was it created?"
      },
      {
        "from": "gpt",
        "value": "SpaceX was founded in March 2002 by Elon Musk."
      }
    ]
  },
  {
    "id": "200066",
    "image": "downloaded_images/Corporation/SpaceX_Logo/image_20241107_100802_8.jpg",
    "conversations": [
      {
        "from": "human",
        "value": "<image>\nWhat is the location of this corporation's main office?"
      },
      {
        "from": "gpt",
        "value": "SpaceX's headquarters is located in Hawthorne, California, USA."
      }
    ]
  },
  {
    "id": "200067",
    "image": "downloaded_images/Corporation/SpaceX_Logo/image_20241107_100738_5.jpg",
    "conversations": [
      {
        "from": "human",
        "value": "<image>\nWhat is the location of this corporation's main office?"
      },
      {
        "from": "gpt",
        "value": "SpaceX's headquarters is located in Hawthorne, California, USA."
      }
    ]
  },
  {
    "id": "200068",
    "image": "downloaded_images/Corporation/SpaceX_Logo/image_20241107_101003_19.jpg",
    "conversations": [
      {
        "from": "human",
        "value": "<image>\nWhat is the location of this corporation's main office?"
      },
      {
        "from": "gpt",
        "value": "SpaceX's headquarters is located in Hawthorne, California, USA."
      }
    ]
  },
  {
    "id": "200069",
    "image": "downloaded_images/Corporation/SpaceX_Logo/image_20241018_124433_10.jpg",
    "conversations": [
      {
        "from": "human",
        "value": "<image>\nWhat is the location of this corporation's main office?"
      },
      {
        "from": "gpt",
        "value": "SpaceX's headquarters is located in Hawthorne, California, USA."
      }
    ]
  },
  {
    "id": "200070",
    "image": "downloaded_images/Corporation/SpaceX_Logo/image_20241107_100929_15.jpg",
    "conversations": [
      {
        "from": "human",
        "value": "<image>\nWhat is the location of this corporation's main office?"
      },
      {
        "from": "gpt",
        "value": "SpaceX's headquarters is located in Hawthorne, California, USA."
      }
    ]
  },
  {
    "id": "200071",
    "image": "downloaded_images/Corporation/SpaceX_Logo/image_20241018_124320_3.jpg",
    "conversations": [
      {
        "from": "human",
        "value": "<image>\nWhat does this corporation primarily sell or provide?"
      },
      {
        "from": "gpt",
        "value": "SpaceX's primary products and services include the development and launch of rockets and spacecraft, satellite deployment, and space transportation services. Notable products include the Falcon 1, Falcon 9, Falcon Heavy rockets, and the Dragon spacecraft."
      }
    ]
  },
  {
    "id": "200072",
    "image": "downloaded_images/Corporation/SpaceX_Logo/image_20241018_124450_12.jpg",
    "conversations": [
      {
        "from": "human",
        "value": "<image>\nWhat does this corporation primarily sell or provide?"
      },
      {
        "from": "gpt",
        "value": "SpaceX's primary products and services include the development and launch of rockets and spacecraft, satellite deployment, and space transportation services. Notable products include the Falcon 1, Falcon 9, Falcon Heavy rockets, and the Dragon spacecraft."
      }
    ]
  },
  {
    "id": "200073",
    "image": "downloaded_images/Corporation/SpaceX_Logo/image_20241018_124335_5.jpg",
    "conversations": [
      {
        "from": "human",
        "value": "<image>\nWhat does this corporation primarily sell or provide?"
      },
      {
        "from": "gpt",
        "value": "SpaceX's primary products and services include the development and launch of rockets and spacecraft, satellite deployment, and space transportation services. Notable products include the Falcon 1, Falcon 9, Falcon Heavy rockets, and the Dragon spacecraft."
      }
    ]
  },
  {
    "id": "200074",
    "image": "downloaded_images/Corporation/SpaceX_Logo/image_20241107_101137_30.jpg",
    "conversations": [
      {
        "from": "human",
        "value": "<image>\nWhat does this corporation primarily sell or provide?"
      },
      {
        "from": "gpt",
        "value": "SpaceX's primary products and services include the development and launch of rockets and spacecraft, satellite deployment, and space transportation services. Notable products include the Falcon 1, Falcon 9, Falcon Heavy rockets, and the Dragon spacecraft."
      }
    ]
  },
  {
    "id": "200075",
    "image": "downloaded_images/Corporation/SpaceX_Logo/image_20241107_100938_16.jpg",
    "conversations": [
      {
        "from": "human",
        "value": "<image>\nWhat does this corporation primarily sell or provide?"
      },
      {
        "from": "gpt",
        "value": "SpaceX's primary products and services include the development and launch of rockets and spacecraft, satellite deployment, and space transportation services. Notable products include the Falcon 1, Falcon 9, Falcon Heavy rockets, and the Dragon spacecraft."
      }
    ]
  },
  {
    "id": "200076",
    "image": "downloaded_images/Corporation/SpaceX_Logo/image_20241107_101111_27.jpg",
    "conversations": [
      {
        "from": "human",
        "value": "<image>\nWhat sector is this corporation involved in?"
      },
      {
        "from": "gpt",
        "value": "SpaceX operates in the aerospace industry, specifically focusing on space transportation and exploration."
      }
    ]
  },
  {
    "id": "200077",
    "image": "downloaded_images/Corporation/SpaceX_Logo/image_20241107_100947_17.jpg",
    "conversations": [
      {
        "from": "human",
        "value": "<image>\nWhat sector is this corporation involved in?"
      },
      {
        "from": "gpt",
        "value": "SpaceX operates in the aerospace industry, specifically focusing on space transportation and exploration."
      }
    ]
  },
  {
    "id": "200078",
    "image": "downloaded_images/Corporation/SpaceX_Logo/image_20241107_101120_28.jpg",
    "conversations": [
      {
        "from": "human",
        "value": "<image>\nWhat sector is this corporation involved in?"
      },
      {
        "from": "gpt",
        "value": "SpaceX operates in the aerospace industry, specifically focusing on space transportation and exploration."
      }
    ]
  },
  {
    "id": "200079",
    "image": "downloaded_images/Corporation/SpaceX_Logo/image_20241107_100738_5.jpg",
    "conversations": [
      {
        "from": "human",
        "value": "<image>\nWhat sector is this corporation involved in?"
      },
      {
        "from": "gpt",
        "value": "SpaceX operates in the aerospace industry, specifically focusing on space transportation and exploration."
      }
    ]
  },
  {
    "id": "200080",
    "image": "downloaded_images/Corporation/SpaceX_Logo/image_20241107_101129_29.jpg",
    "conversations": [
      {
        "from": "human",
        "value": "<image>\nWhat sector is this corporation involved in?"
      },
      {
        "from": "gpt",
        "value": "SpaceX operates in the aerospace industry, specifically focusing on space transportation and exploration."
      }
    ]
  },
  {
    "id": "300051",
    "image": "downloaded_images/Corporation/SpaceX_Logo/image_20241018_124450_12.jpg",
    "conversations": [
      {
        "from": "human",
        "value": "<image>\nHow is this corporation referred to?"
      },
      {
        "from": "gpt",
        "value": "The name of the corporation is SpaceX (Space Exploration Technologies Corp.)."
      }
    ]
  },
  {
    "id": "300052",
    "image": "downloaded_images/Corporation/SpaceX_Logo/image_20241018_124459_13.jpg",
    "conversations": [
      {
        "from": "human",
        "value": "<image>\nWhat year was this corporation founded, and by whom?"
      },
      {
        "from": "gpt",
        "value": "SpaceX was founded in March 2002 by Elon Musk."
      }
    ]
  },
  {
    "id": "300053",
    "image": "downloaded_images/Corporation/SpaceX_Logo/image_20241018_124459_13.jpg",
    "conversations": [
      {
        "from": "human",
        "value": "<image>\nWhere can the headquarters of this company be found?"
      },
      {
        "from": "gpt",
        "value": "SpaceX's headquarters is located in Hawthorne, California, USA."
      }
    ]
  },
  {
    "id": "300054",
    "image": "downloaded_images/Corporation/SpaceX_Logo/image_20241018_124433_10.jpg",
    "conversations": [
      {
        "from": "human",
        "value": "<image>\nWhat products or services are central to this company's operations?"
      },
      {
        "from": "gpt",
        "value": "SpaceX's primary products and services include the development and launch of rockets and spacecraft, satellite deployment, and space transportation services. Notable products include the Falcon 1, Falcon 9, Falcon Heavy rockets, and the Dragon spacecraft."
      }
    ]
  },
  {
    "id": "300055",
    "image": "downloaded_images/Corporation/SpaceX_Logo/image_20241018_124517_15.jpg",
    "conversations": [
      {
        "from": "human",
        "value": "<image>\nWhat type of industry does this company belong to?"
      },
      {
        "from": "gpt",
        "value": "SpaceX operates in the aerospace industry, specifically focusing on space transportation and exploration."
      }
    ]
  },
  {
    "id": "300056",
    "image": "downloaded_images/Corporation/SpaceX_Logo/image_20241018_124517_15.jpg",
    "conversations": [
      {
        "from": "human",
        "value": "<image>\nHow is this corporation referred to?"
      },
      {
        "from": "gpt",
        "value": "The name of the corporation is SpaceX (Space Exploration Technologies Corp.)."
      }
    ]
  },
  {
    "id": "300057",
    "image": "downloaded_images/Corporation/SpaceX_Logo/image_20241018_124320_3.jpg",
    "conversations": [
      {
        "from": "human",
        "value": "<image>\nHow is this corporation referred to?"
      },
      {
        "from": "gpt",
        "value": "The name of the corporation is SpaceX (Space Exploration Technologies Corp.)."
      }
    ]
  },
  {
    "id": "300058",
    "image": "downloaded_images/Corporation/SpaceX_Logo/image_20241018_124441_11.jpg",
    "conversations": [
      {
        "from": "human",
        "value": "<image>\nHow is this corporation referred to?"
      },
      {
        "from": "gpt",
        "value": "The name of the corporation is SpaceX (Space Exploration Technologies Corp.)."
      }
    ]
  },
  {
    "id": "300059",
    "image": "downloaded_images/Corporation/SpaceX_Logo/image_20241107_100919_14.jpg",
    "conversations": [
      {
        "from": "human",
        "value": "<image>\nHow is this corporation referred to?"
      },
      {
        "from": "gpt",
        "value": "The name of the corporation is SpaceX (Space Exploration Technologies Corp.)."
      }
    ]
  },
  {
    "id": "300060",
    "image": "downloaded_images/Corporation/SpaceX_Logo/image_20241107_100849_13.jpg",
    "conversations": [
      {
        "from": "human",
        "value": "<image>\nHow is this corporation referred to?"
      },
      {
        "from": "gpt",
        "value": "The name of the corporation is SpaceX (Space Exploration Technologies Corp.)."
      }
    ]
  },
  {
    "id": "300061",
    "image": "downloaded_images/Corporation/SpaceX_Logo/image_20241018_124450_12.jpg",
    "conversations": [
      {
        "from": "human",
        "value": "<image>\nWhat year was this corporation founded, and by whom?"
      },
      {
        "from": "gpt",
        "value": "SpaceX was founded in March 2002 by Elon Musk."
      }
    ]
  },
  {
    "id": "300062",
    "image": "downloaded_images/Corporation/SpaceX_Logo/image_20241107_100722_3.jpg",
    "conversations": [
      {
        "from": "human",
        "value": "<image>\nWhat year was this corporation founded, and by whom?"
      },
      {
        "from": "gpt",
        "value": "SpaceX was founded in March 2002 by Elon Musk."
      }
    ]
  },
  {
    "id": "300063",
    "image": "downloaded_images/Corporation/SpaceX_Logo/image_20241107_100753_7.jpg",
    "conversations": [
      {
        "from": "human",
        "value": "<image>\nWhat year was this corporation founded, and by whom?"
      },
      {
        "from": "gpt",
        "value": "SpaceX was founded in March 2002 by Elon Musk."
      }
    ]
  },
  {
    "id": "300064",
    "image": "downloaded_images/Corporation/SpaceX_Logo/image_20241107_100802_8.jpg",
    "conversations": [
      {
        "from": "human",
        "value": "<image>\nWhat year was this corporation founded, and by whom?"
      },
      {
        "from": "gpt",
        "value": "SpaceX was founded in March 2002 by Elon Musk."
      }
    ]
  },
  {
    "id": "300065",
    "image": "downloaded_images/Corporation/SpaceX_Logo/image_20241018_124546_18.jpg",
    "conversations": [
      {
        "from": "human",
        "value": "<image>\nWhat year was this corporation founded, and by whom?"
      },
      {
        "from": "gpt",
        "value": "SpaceX was founded in March 2002 by Elon Musk."
      }
    ]
  },
  {
    "id": "300066",
    "image": "downloaded_images/Corporation/SpaceX_Logo/image_20241107_100802_8.jpg",
    "conversations": [
      {
        "from": "human",
        "value": "<image>\nWhere can the headquarters of this company be found?"
      },
      {
        "from": "gpt",
        "value": "SpaceX's headquarters is located in Hawthorne, California, USA."
      }
    ]
  },
  {
    "id": "300067",
    "image": "downloaded_images/Corporation/SpaceX_Logo/image_20241107_100738_5.jpg",
    "conversations": [
      {
        "from": "human",
        "value": "<image>\nWhere can the headquarters of this company be found?"
      },
      {
        "from": "gpt",
        "value": "SpaceX's headquarters is located in Hawthorne, California, USA."
      }
    ]
  },
  {
    "id": "300068",
    "image": "downloaded_images/Corporation/SpaceX_Logo/image_20241107_101003_19.jpg",
    "conversations": [
      {
        "from": "human",
        "value": "<image>\nWhere can the headquarters of this company be found?"
      },
      {
        "from": "gpt",
        "value": "SpaceX's headquarters is located in Hawthorne, California, USA."
      }
    ]
  },
  {
    "id": "300069",
    "image": "downloaded_images/Corporation/SpaceX_Logo/image_20241018_124433_10.jpg",
    "conversations": [
      {
        "from": "human",
        "value": "<image>\nWhere can the headquarters of this company be found?"
      },
      {
        "from": "gpt",
        "value": "SpaceX's headquarters is located in Hawthorne, California, USA."
      }
    ]
  },
  {
    "id": "300070",
    "image": "downloaded_images/Corporation/SpaceX_Logo/image_20241107_100929_15.jpg",
    "conversations": [
      {
        "from": "human",
        "value": "<image>\nWhere can the headquarters of this company be found?"
      },
      {
        "from": "gpt",
        "value": "SpaceX's headquarters is located in Hawthorne, California, USA."
      }
    ]
  },
  {
    "id": "300071",
    "image": "downloaded_images/Corporation/SpaceX_Logo/image_20241018_124320_3.jpg",
    "conversations": [
      {
        "from": "human",
        "value": "<image>\nWhat products or services are central to this company's operations?"
      },
      {
        "from": "gpt",
        "value": "SpaceX's primary products and services include the development and launch of rockets and spacecraft, satellite deployment, and space transportation services. Notable products include the Falcon 1, Falcon 9, Falcon Heavy rockets, and the Dragon spacecraft."
      }
    ]
  },
  {
    "id": "300072",
    "image": "downloaded_images/Corporation/SpaceX_Logo/image_20241018_124450_12.jpg",
    "conversations": [
      {
        "from": "human",
        "value": "<image>\nWhat products or services are central to this company's operations?"
      },
      {
        "from": "gpt",
        "value": "SpaceX's primary products and services include the development and launch of rockets and spacecraft, satellite deployment, and space transportation services. Notable products include the Falcon 1, Falcon 9, Falcon Heavy rockets, and the Dragon spacecraft."
      }
    ]
  },
  {
    "id": "300073",
    "image": "downloaded_images/Corporation/SpaceX_Logo/image_20241018_124335_5.jpg",
    "conversations": [
      {
        "from": "human",
        "value": "<image>\nWhat products or services are central to this company's operations?"
      },
      {
        "from": "gpt",
        "value": "SpaceX's primary products and services include the development and launch of rockets and spacecraft, satellite deployment, and space transportation services. Notable products include the Falcon 1, Falcon 9, Falcon Heavy rockets, and the Dragon spacecraft."
      }
    ]
  },
  {
    "id": "300074",
    "image": "downloaded_images/Corporation/SpaceX_Logo/image_20241107_101137_30.jpg",
    "conversations": [
      {
        "from": "human",
        "value": "<image>\nWhat products or services are central to this company's operations?"
      },
      {
        "from": "gpt",
        "value": "SpaceX's primary products and services include the development and launch of rockets and spacecraft, satellite deployment, and space transportation services. Notable products include the Falcon 1, Falcon 9, Falcon Heavy rockets, and the Dragon spacecraft."
      }
    ]
  },
  {
    "id": "300075",
    "image": "downloaded_images/Corporation/SpaceX_Logo/image_20241107_100938_16.jpg",
    "conversations": [
      {
        "from": "human",
        "value": "<image>\nWhat products or services are central to this company's operations?"
      },
      {
        "from": "gpt",
        "value": "SpaceX's primary products and services include the development and launch of rockets and spacecraft, satellite deployment, and space transportation services. Notable products include the Falcon 1, Falcon 9, Falcon Heavy rockets, and the Dragon spacecraft."
      }
    ]
  },
  {
    "id": "300076",
    "image": "downloaded_images/Corporation/SpaceX_Logo/image_20241107_101111_27.jpg",
    "conversations": [
      {
        "from": "human",
        "value": "<image>\nWhat type of industry does this company belong to?"
      },
      {
        "from": "gpt",
        "value": "SpaceX operates in the aerospace industry, specifically focusing on space transportation and exploration."
      }
    ]
  },
  {
    "id": "300077",
    "image": "downloaded_images/Corporation/SpaceX_Logo/image_20241107_100947_17.jpg",
    "conversations": [
      {
        "from": "human",
        "value": "<image>\nWhat type of industry does this company belong to?"
      },
      {
        "from": "gpt",
        "value": "SpaceX operates in the aerospace industry, specifically focusing on space transportation and exploration."
      }
    ]
  },
  {
    "id": "300078",
    "image": "downloaded_images/Corporation/SpaceX_Logo/image_20241107_101120_28.jpg",
    "conversations": [
      {
        "from": "human",
        "value": "<image>\nWhat type of industry does this company belong to?"
      },
      {
        "from": "gpt",
        "value": "SpaceX operates in the aerospace industry, specifically focusing on space transportation and exploration."
      }
    ]
  },
  {
    "id": "300079",
    "image": "downloaded_images/Corporation/SpaceX_Logo/image_20241107_100738_5.jpg",
    "conversations": [
      {
        "from": "human",
        "value": "<image>\nWhat type of industry does this company belong to?"
      },
      {
        "from": "gpt",
        "value": "SpaceX operates in the aerospace industry, specifically focusing on space transportation and exploration."
      }
    ]
  },
  {
    "id": "300080",
    "image": "downloaded_images/Corporation/SpaceX_Logo/image_20241107_101129_29.jpg",
    "conversations": [
      {
        "from": "human",
        "value": "<image>\nWhat type of industry does this company belong to?"
      },
      {
        "from": "gpt",
        "value": "SpaceX operates in the aerospace industry, specifically focusing on space transportation and exploration."
      }
    ]
  },
  {
    "id": "400051",
    "image": "downloaded_images/Corporation/SpaceX_Logo/image_20241018_124450_12.jpg",
    "conversations": [
      {
        "from": "human",
        "value": "<image>\nWhat do people call this business?"
      },
      {
        "from": "gpt",
        "value": "The name of the corporation is SpaceX (Space Exploration Technologies Corp.)."
      }
    ]
  },
  {
    "id": "400052",
    "image": "downloaded_images/Corporation/SpaceX_Logo/image_20241018_124459_13.jpg",
    "conversations": [
      {
        "from": "human",
        "value": "<image>\nWhen did this company start, and who started it?"
      },
      {
        "from": "gpt",
        "value": "SpaceX was founded in March 2002 by Elon Musk."
      }
    ]
  },
  {
    "id": "400053",
    "image": "downloaded_images/Corporation/SpaceX_Logo/image_20241018_124459_13.jpg",
    "conversations": [
      {
        "from": "human",
        "value": "<image>\nIn which city is this corporation's headquarters located?"
      },
      {
        "from": "gpt",
        "value": "SpaceX's headquarters is located in Hawthorne, California, USA."
      }
    ]
  },
  {
    "id": "400054",
    "image": "downloaded_images/Corporation/SpaceX_Logo/image_20241018_124433_10.jpg",
    "conversations": [
      {
        "from": "human",
        "value": "<image>\nWhat are the key offerings of this corporation?"
      },
      {
        "from": "gpt",
        "value": "SpaceX's primary products and services include the development and launch of rockets and spacecraft, satellite deployment, and space transportation services. Notable products include the Falcon 1, Falcon 9, Falcon Heavy rockets, and the Dragon spacecraft."
      }
    ]
  },
  {
    "id": "400055",
    "image": "downloaded_images/Corporation/SpaceX_Logo/image_20241018_124517_15.jpg",
    "conversations": [
      {
        "from": "human",
        "value": "<image>\nWhich industry does this corporation primarily serve?"
      },
      {
        "from": "gpt",
        "value": "SpaceX operates in the aerospace industry, specifically focusing on space transportation and exploration."
      }
    ]
  },
  {
    "id": "400056",
    "image": "downloaded_images/Corporation/SpaceX_Logo/image_20241018_124517_15.jpg",
    "conversations": [
      {
        "from": "human",
        "value": "<image>\nWhat do people call this business?"
      },
      {
        "from": "gpt",
        "value": "The name of the corporation is SpaceX (Space Exploration Technologies Corp.)."
      }
    ]
  },
  {
    "id": "400057",
    "image": "downloaded_images/Corporation/SpaceX_Logo/image_20241018_124320_3.jpg",
    "conversations": [
      {
        "from": "human",
        "value": "<image>\nWhat do people call this business?"
      },
      {
        "from": "gpt",
        "value": "The name of the corporation is SpaceX (Space Exploration Technologies Corp.)."
      }
    ]
  },
  {
    "id": "400058",
    "image": "downloaded_images/Corporation/SpaceX_Logo/image_20241018_124441_11.jpg",
    "conversations": [
      {
        "from": "human",
        "value": "<image>\nWhat do people call this business?"
      },
      {
        "from": "gpt",
        "value": "The name of the corporation is SpaceX (Space Exploration Technologies Corp.)."
      }
    ]
  },
  {
    "id": "400059",
    "image": "downloaded_images/Corporation/SpaceX_Logo/image_20241107_100919_14.jpg",
    "conversations": [
      {
        "from": "human",
        "value": "<image>\nWhat do people call this business?"
      },
      {
        "from": "gpt",
        "value": "The name of the corporation is SpaceX (Space Exploration Technologies Corp.)."
      }
    ]
  },
  {
    "id": "400060",
    "image": "downloaded_images/Corporation/SpaceX_Logo/image_20241107_100849_13.jpg",
    "conversations": [
      {
        "from": "human",
        "value": "<image>\nWhat do people call this business?"
      },
      {
        "from": "gpt",
        "value": "The name of the corporation is SpaceX (Space Exploration Technologies Corp.)."
      }
    ]
  },
  {
    "id": "400061",
    "image": "downloaded_images/Corporation/SpaceX_Logo/image_20241018_124450_12.jpg",
    "conversations": [
      {
        "from": "human",
        "value": "<image>\nWhen did this company start, and who started it?"
      },
      {
        "from": "gpt",
        "value": "SpaceX was founded in March 2002 by Elon Musk."
      }
    ]
  },
  {
    "id": "400062",
    "image": "downloaded_images/Corporation/SpaceX_Logo/image_20241107_100722_3.jpg",
    "conversations": [
      {
        "from": "human",
        "value": "<image>\nWhen did this company start, and who started it?"
      },
      {
        "from": "gpt",
        "value": "SpaceX was founded in March 2002 by Elon Musk."
      }
    ]
  },
  {
    "id": "400063",
    "image": "downloaded_images/Corporation/SpaceX_Logo/image_20241107_100753_7.jpg",
    "conversations": [
      {
        "from": "human",
        "value": "<image>\nWhen did this company start, and who started it?"
      },
      {
        "from": "gpt",
        "value": "SpaceX was founded in March 2002 by Elon Musk."
      }
    ]
  },
  {
    "id": "400064",
    "image": "downloaded_images/Corporation/SpaceX_Logo/image_20241107_100802_8.jpg",
    "conversations": [
      {
        "from": "human",
        "value": "<image>\nWhen did this company start, and who started it?"
      },
      {
        "from": "gpt",
        "value": "SpaceX was founded in March 2002 by Elon Musk."
      }
    ]
  },
  {
    "id": "400065",
    "image": "downloaded_images/Corporation/SpaceX_Logo/image_20241018_124546_18.jpg",
    "conversations": [
      {
        "from": "human",
        "value": "<image>\nWhen did this company start, and who started it?"
      },
      {
        "from": "gpt",
        "value": "SpaceX was founded in March 2002 by Elon Musk."
      }
    ]
  },
  {
    "id": "400066",
    "image": "downloaded_images/Corporation/SpaceX_Logo/image_20241107_100802_8.jpg",
    "conversations": [
      {
        "from": "human",
        "value": "<image>\nIn which city is this corporation's headquarters located?"
      },
      {
        "from": "gpt",
        "value": "SpaceX's headquarters is located in Hawthorne, California, USA."
      }
    ]
  },
  {
    "id": "400067",
    "image": "downloaded_images/Corporation/SpaceX_Logo/image_20241107_100738_5.jpg",
    "conversations": [
      {
        "from": "human",
        "value": "<image>\nIn which city is this corporation's headquarters located?"
      },
      {
        "from": "gpt",
        "value": "SpaceX's headquarters is located in Hawthorne, California, USA."
      }
    ]
  },
  {
    "id": "400068",
    "image": "downloaded_images/Corporation/SpaceX_Logo/image_20241107_101003_19.jpg",
    "conversations": [
      {
        "from": "human",
        "value": "<image>\nIn which city is this corporation's headquarters located?"
      },
      {
        "from": "gpt",
        "value": "SpaceX's headquarters is located in Hawthorne, California, USA."
      }
    ]
  },
  {
    "id": "400069",
    "image": "downloaded_images/Corporation/SpaceX_Logo/image_20241018_124433_10.jpg",
    "conversations": [
      {
        "from": "human",
        "value": "<image>\nIn which city is this corporation's headquarters located?"
      },
      {
        "from": "gpt",
        "value": "SpaceX's headquarters is located in Hawthorne, California, USA."
      }
    ]
  },
  {
    "id": "400070",
    "image": "downloaded_images/Corporation/SpaceX_Logo/image_20241107_100929_15.jpg",
    "conversations": [
      {
        "from": "human",
        "value": "<image>\nIn which city is this corporation's headquarters located?"
      },
      {
        "from": "gpt",
        "value": "SpaceX's headquarters is located in Hawthorne, California, USA."
      }
    ]
  },
  {
    "id": "400071",
    "image": "downloaded_images/Corporation/SpaceX_Logo/image_20241018_124320_3.jpg",
    "conversations": [
      {
        "from": "human",
        "value": "<image>\nWhat are the key offerings of this corporation?"
      },
      {
        "from": "gpt",
        "value": "SpaceX's primary products and services include the development and launch of rockets and spacecraft, satellite deployment, and space transportation services. Notable products include the Falcon 1, Falcon 9, Falcon Heavy rockets, and the Dragon spacecraft."
      }
    ]
  },
  {
    "id": "400072",
    "image": "downloaded_images/Corporation/SpaceX_Logo/image_20241018_124450_12.jpg",
    "conversations": [
      {
        "from": "human",
        "value": "<image>\nWhat are the key offerings of this corporation?"
      },
      {
        "from": "gpt",
        "value": "SpaceX's primary products and services include the development and launch of rockets and spacecraft, satellite deployment, and space transportation services. Notable products include the Falcon 1, Falcon 9, Falcon Heavy rockets, and the Dragon spacecraft."
      }
    ]
  },
  {
    "id": "400073",
    "image": "downloaded_images/Corporation/SpaceX_Logo/image_20241018_124335_5.jpg",
    "conversations": [
      {
        "from": "human",
        "value": "<image>\nWhat are the key offerings of this corporation?"
      },
      {
        "from": "gpt",
        "value": "SpaceX's primary products and services include the development and launch of rockets and spacecraft, satellite deployment, and space transportation services. Notable products include the Falcon 1, Falcon 9, Falcon Heavy rockets, and the Dragon spacecraft."
      }
    ]
  },
  {
    "id": "400074",
    "image": "downloaded_images/Corporation/SpaceX_Logo/image_20241107_101137_30.jpg",
    "conversations": [
      {
        "from": "human",
        "value": "<image>\nWhat are the key offerings of this corporation?"
      },
      {
        "from": "gpt",
        "value": "SpaceX's primary products and services include the development and launch of rockets and spacecraft, satellite deployment, and space transportation services. Notable products include the Falcon 1, Falcon 9, Falcon Heavy rockets, and the Dragon spacecraft."
      }
    ]
  },
  {
    "id": "400075",
    "image": "downloaded_images/Corporation/SpaceX_Logo/image_20241107_100938_16.jpg",
    "conversations": [
      {
        "from": "human",
        "value": "<image>\nWhat are the key offerings of this corporation?"
      },
      {
        "from": "gpt",
        "value": "SpaceX's primary products and services include the development and launch of rockets and spacecraft, satellite deployment, and space transportation services. Notable products include the Falcon 1, Falcon 9, Falcon Heavy rockets, and the Dragon spacecraft."
      }
    ]
  },
  {
    "id": "400076",
    "image": "downloaded_images/Corporation/SpaceX_Logo/image_20241107_101111_27.jpg",
    "conversations": [
      {
        "from": "human",
        "value": "<image>\nWhich industry does this corporation primarily serve?"
      },
      {
        "from": "gpt",
        "value": "SpaceX operates in the aerospace industry, specifically focusing on space transportation and exploration."
      }
    ]
  },
  {
    "id": "400077",
    "image": "downloaded_images/Corporation/SpaceX_Logo/image_20241107_100947_17.jpg",
    "conversations": [
      {
        "from": "human",
        "value": "<image>\nWhich industry does this corporation primarily serve?"
      },
      {
        "from": "gpt",
        "value": "SpaceX operates in the aerospace industry, specifically focusing on space transportation and exploration."
      }
    ]
  },
  {
    "id": "400078",
    "image": "downloaded_images/Corporation/SpaceX_Logo/image_20241107_101120_28.jpg",
    "conversations": [
      {
        "from": "human",
        "value": "<image>\nWhich industry does this corporation primarily serve?"
      },
      {
        "from": "gpt",
        "value": "SpaceX operates in the aerospace industry, specifically focusing on space transportation and exploration."
      }
    ]
  },
  {
    "id": "400079",
    "image": "downloaded_images/Corporation/SpaceX_Logo/image_20241107_100738_5.jpg",
    "conversations": [
      {
        "from": "human",
        "value": "<image>\nWhich industry does this corporation primarily serve?"
      },
      {
        "from": "gpt",
        "value": "SpaceX operates in the aerospace industry, specifically focusing on space transportation and exploration."
      }
    ]
  },
  {
    "id": "400080",
    "image": "downloaded_images/Corporation/SpaceX_Logo/image_20241107_101129_29.jpg",
    "conversations": [
      {
        "from": "human",
        "value": "<image>\nWhich industry does this corporation primarily serve?"
      },
      {
        "from": "gpt",
        "value": "SpaceX operates in the aerospace industry, specifically focusing on space transportation and exploration."
      }
    ]
  }
]