[
  {
    "id": "11",
    "image": "downloaded_images/Movies/Star_Wars/image_20241018_131306_1.jpg",
    "conversations": [
      {
        "from": "human",
        "value": "<image>\nWhat is the title of this movie?"
      },
      {
        "from": "gpt",
        "value": "**Star Wars**"
      }
    ]
  },
  {
    "id": "12",
    "image": "downloaded_images/Movies/Star_Wars/image_20241018_131315_2.jpg",
    "conversations": [
      {
        "from": "human",
        "value": "<image>\nWho directed this film?"
      },
      {
        "from": "gpt",
        "value": "**George Lucas**"
      }
    ]
  },
  {
    "id": "13",
    "image": "downloaded_images/Movies/Star_Wars/image_20241018_131315_2.jpg",
    "conversations": [
      {
        "from": "human",
        "value": "<image>\nWhen was this film released?"
      },
      {
        "from": "gpt",
        "value": "**May 25, 1977**"
      }
    ]
  },
  {
    "id": "14",
    "image": "downloaded_images/Movies/Star_Wars/image_20241018_131315_2.jpg",
    "conversations": [
      {
        "from": "human",
        "value": "<image>\nWho are the main actors or actresses in this movie?"
      },
      {
        "from": "gpt",
        "value": "**Mark Hamill (Luke Skywalker), Harrison Ford (Han Solo), Carrie Fisher (Princess Leia), Alec Guinness (Obi-Wan Kenobi), and Peter Cushing (Grand Moff Tarkin)**"
      }
    ]
  },
  {
    "id": "15",
    "image": "downloaded_images/Movies/Star_Wars/image_20241018_131315_2.jpg",
    "conversations": [
      {
        "from": "human",
        "value": "<image>\nWhat is the central plot or storyline of this movie?"
      },
      {
        "from": "gpt",
        "value": "**The central plot of \"Star Wars\" follows the Rebel Alliance's struggle against the oppressive Galactic Empire. The story centers on young Luke Skywalker, who embarks on a journey to rescue Princess Leia from the clutches of Darth Vader, a dark lord of the Sith. With the help of allies like Han Solo and Obi-Wan Kenobi, Luke learns about the Force and his destiny as a Jedi, ultimately leading to a climactic battle to destroy the Empire's superweapon, the Death Star.**"
      }
    ]
  },
  {
    "id": "16",
    "image": "downloaded_images/Movies/Star_Wars/image_20241107_104255_21.jpg",
    "conversations": [
      {
        "from": "human",
        "value": "<image>\nWhat is the title of this movie?"
      },
      {
        "from": "gpt",
        "value": "**Star Wars**"
      }
    ]
  },
  {
    "id": "17",
    "image": "downloaded_images/Movies/Star_Wars/image_20241107_104156_17.jpg",
    "conversations": [
      {
        "from": "human",
        "value": "<image>\nWhat is the title of this movie?"
      },
      {
        "from": "gpt",
        "value": "**Star Wars**"
      }
    ]
  },
  {
    "id": "18",
    "image": "downloaded_images/Movies/Star_Wars/image_20241107_104021_6.jpg",
    "conversations": [
      {
        "from": "human",
        "value": "<image>\nWhat is the title of this movie?"
      },
      {
        "from": "gpt",
        "value": "**Star Wars**"
      }
    ]
  },
  {
    "id": "19",
    "image": "downloaded_images/Movies/Star_Wars/image_20241018_131412_6.jpg",
    "conversations": [
      {
        "from": "human",
        "value": "<image>\nWhat is the title of this movie?"
      },
      {
        "from": "gpt",
        "value": "**Star Wars**"
      }
    ]
  },
  {
    "id": "20",
    "image": "downloaded_images/Movies/Star_Wars/image_20241107_104322_24.jpg",
    "conversations": [
      {
        "from": "human",
        "value": "<image>\nWhat is the title of this movie?"
      },
      {
        "from": "gpt",
        "value": "**Star Wars**"
      }
    ]
  },
  {
    "id": "21",
    "image": "downloaded_images/Movies/Star_Wars/image_20241107_104138_15.jpg",
    "conversations": [
      {
        "from": "human",
        "value": "<image>\nWho directed this film?"
      },
      {
        "from": "gpt",
        "value": "**George Lucas**"
      }
    ]
  },
  {
    "id": "22",
    "image": "downloaded_images/Movies/Star_Wars/image_20241107_104014_5.jpg",
    "conversations": [
      {
        "from": "human",
        "value": "<image>\nWho directed this film?"
      },
      {
        "from": "gpt",
        "value": "**George Lucas**"
      }
    ]
  },
  {
    "id": "23",
    "image": "downloaded_images/Movies/Star_Wars/image_20241107_104113_12.jpg",
    "conversations": [
      {
        "from": "human",
        "value": "<image>\nWho directed this film?"
      },
      {
        "from": "gpt",
        "value": "**George Lucas**"
      }
    ]
  },
  {
    "id": "24",
    "image": "downloaded_images/Movies/Star_Wars/image_20241107_104054_10.jpg",
    "conversations": [
      {
        "from": "human",
        "value": "<image>\nWho directed this film?"
      },
      {
        "from": "gpt",
        "value": "**George Lucas**"
      }
    ]
  },
  {
    "id": "25",
    "image": "downloaded_images/Movies/Star_Wars/image_20241107_104156_17.jpg",
    "conversations": [
      {
        "from": "human",
        "value": "<image>\nWho directed this film?"
      },
      {
        "from": "gpt",
        "value": "**George Lucas**"
      }
    ]
  },
  {
    "id": "26",
    "image": "downloaded_images/Movies/Star_Wars/image_20241107_104355_27.jpg",
    "conversations": [
      {
        "from": "human",
        "value": "<image>\nWhen was this film released?"
      },
      {
        "from": "gpt",
        "value": "**May 25, 1977**"
      }
    ]
  },
  {
    "id": "27",
    "image": "downloaded_images/Movies/Star_Wars/image_20241107_104138_15.jpg",
    "conversations": [
      {
        "from": "human",
        "value": "<image>\nWhen was this film released?"
      },
      {
        "from": "gpt",
        "value": "**May 25, 1977**"
      }
    ]
  },
  {
    "id": "28",
    "image": "downloaded_images/Movies/Star_Wars/image_20241107_104038_8.jpg",
    "conversations": [
      {
        "from": "human",
        "value": "<image>\nWhen was this film released?"
      },
      {
        "from": "gpt",
        "value": "**May 25, 1977**"
      }
    ]
  },
  {
    "id": "29",
    "image": "downloaded_images/Movies/Star_Wars/image_20241107_104322_24.jpg",
    "conversations": [
      {
        "from": "human",
        "value": "<image>\nWhen was this film released?"
      },
      {
        "from": "gpt",
        "value": "**May 25, 1977**"
      }
    ]
  },
  {
    "id": "30",
    "image": "downloaded_images/Movies/Star_Wars/image_20241107_104343_26.jpg",
    "conversations": [
      {
        "from": "human",
        "value": "<image>\nWhen was this film released?"
      },
      {
        "from": "gpt",
        "value": "**May 25, 1977**"
      }
    ]
  },
  {
    "id": "31",
    "image": "downloaded_images/Movies/Star_Wars/image_20241018_131412_6.jpg",
    "conversations": [
      {
        "from": "human",
        "value": "<image>\nWho are the main actors or actresses in this movie?"
      },
      {
        "from": "gpt",
        "value": "**Mark Hamill (Luke Skywalker), Harrison Ford (Han Solo), Carrie Fisher (Princess Leia), Alec Guinness (Obi-Wan Kenobi), and Peter Cushing (Grand Moff Tarkin)**"
      }
    ]
  },
  {
    "id": "32",
    "image": "downloaded_images/Movies/Star_Wars/image_20241107_103956_3.jpg",
    "conversations": [
      {
        "from": "human",
        "value": "<image>\nWho are the main actors or actresses in this movie?"
      },
      {
        "from": "gpt",
        "value": "**Mark Hamill (Luke Skywalker), Harrison Ford (Han Solo), Carrie Fisher (Princess Leia), Alec Guinness (Obi-Wan Kenobi), and Peter Cushing (Grand Moff Tarkin)**"
      }
    ]
  },
  {
    "id": "33",
    "image": "downloaded_images/Movies/Star_Wars/image_20241107_104054_10.jpg",
    "conversations": [
      {
        "from": "human",
        "value": "<image>\nWho are the main actors or actresses in this movie?"
      },
      {
        "from": "gpt",
        "value": "**Mark Hamill (Luke Skywalker), Harrison Ford (Han Solo), Carrie Fisher (Princess Leia), Alec Guinness (Obi-Wan Kenobi), and Peter Cushing (Grand Moff Tarkin)**"
      }
    ]
  },
  {
    "id": "34",
    "image": "downloaded_images/Movies/Star_Wars/image_20241018_131440_9.jpg",
    "conversations": [
      {
        "from": "human",
        "value": "<image>\nWho are the main actors or actresses in this movie?"
      },
      {
        "from": "gpt",
        "value": "**Mark Hamill (Luke Skywalker), Harrison Ford (Han Solo), Carrie Fisher (Princess Leia), Alec Guinness (Obi-Wan Kenobi), and Peter Cushing (Grand Moff Tarkin)**"
      }
    ]
  },
  {
    "id": "35",
    "image": "downloaded_images/Movies/Star_Wars/image_20241107_104138_15.jpg",
    "conversations": [
      {
        "from": "human",
        "value": "<image>\nWho are the main actors or actresses in this movie?"
      },
      {
        "from": "gpt",
        "value": "**Mark Hamill (Luke Skywalker), Harrison Ford (Han Solo), Carrie Fisher (Princess Leia), Alec Guinness (Obi-Wan Kenobi), and Peter Cushing (Grand Moff Tarkin)**"
      }
    ]
  },
  {
    "id": "36",
    "image": "downloaded_images/Movies/Star_Wars/image_20241107_104054_10.jpg",
    "conversations": [
      {
        "from": "human",
        "value": "<image>\nWhat is the central plot or storyline of this movie?"
      },
      {
        "from": "gpt",
        "value": "**The central plot of \"Star Wars\" follows the Rebel Alliance's struggle against the oppressive Galactic Empire. The story centers on young Luke Skywalker, who embarks on a journey to rescue Princess Leia from the clutches of Darth Vader, a dark lord of the Sith. With the help of allies like Han Solo and Obi-Wan Kenobi, Luke learns about the Force and his destiny as a Jedi, ultimately leading to a climactic battle to destroy the Empire's superweapon, the Death Star.**"
      }
    ]
  },
  {
    "id": "37",
    "image": "downloaded_images/Movies/Star_Wars/image_20241107_104331_25.jpg",
    "conversations": [
      {
        "from": "human",
        "value": "<image>\nWhat is the central plot or storyline of this movie?"
      },
      {
        "from": "gpt",
        "value": "**The central plot of \"Star Wars\" follows the Rebel Alliance's struggle against the oppressive Galactic Empire. The story centers on young Luke Skywalker, who embarks on a journey to rescue Princess Leia from the clutches of Darth Vader, a dark lord of the Sith. With the help of allies like Han Solo and Obi-Wan Kenobi, Luke learns about the Force and his destiny as a Jedi, ultimately leading to a climactic battle to destroy the Empire's superweapon, the Death Star.**"
      }
    ]
  },
  {
    "id": "38",
    "image": "downloaded_images/Movies/Star_Wars/image_20241018_131306_1.jpg",
    "conversations": [
      {
        "from": "human",
        "value": "<image>\nWhat is the central plot or storyline of this movie?"
      },
      {
        "from": "gpt",
        "value": "**The central plot of \"Star Wars\" follows the Rebel Alliance's struggle against the oppressive Galactic Empire. The story centers on young Luke Skywalker, who embarks on a journey to rescue Princess Leia from the clutches of Darth Vader, a dark lord of the Sith. With the help of allies like Han Solo and Obi-Wan Kenobi, Luke learns about the Force and his destiny as a Jedi, ultimately leading to a climactic battle to destroy the Empire's superweapon, the Death Star.**"
      }
    ]
  },
  {
    "id": "39",
    "image": "downloaded_images/Movies/Star_Wars/image_20241018_131440_9.jpg",
    "conversations": [
      {
        "from": "human",
        "value": "<image>\nWhat is the central plot or storyline of this movie?"
      },
      {
        "from": "gpt",
        "value": "**The central plot of \"Star Wars\" follows the Rebel Alliance's struggle against the oppressive Galactic Empire. The story centers on young Luke Skywalker, who embarks on a journey to rescue Princess Leia from the clutches of Darth Vader, a dark lord of the Sith. With the help of allies like Han Solo and Obi-Wan Kenobi, Luke learns about the Force and his destiny as a Jedi, ultimately leading to a climactic battle to destroy the Empire's superweapon, the Death Star.**"
      }
    ]
  },
  {
    "id": "40",
    "image": "downloaded_images/Movies/Star_Wars/image_20241107_104038_8.jpg",
    "conversations": [
      {
        "from": "human",
        "value": "<image>\nWhat is the central plot or storyline of this movie?"
      },
      {
        "from": "gpt",
        "value": "**The central plot of \"Star Wars\" follows the Rebel Alliance's struggle against the oppressive Galactic Empire. The story centers on young Luke Skywalker, who embarks on a journey to rescue Princess Leia from the clutches of Darth Vader, a dark lord of the Sith. With the help of allies like Han Solo and Obi-Wan Kenobi, Luke learns about the Force and his destiny as a Jedi, ultimately leading to a climactic battle to destroy the Empire's superweapon, the Death Star.**"
      }
    ]
  },
  {
    "id": "100011",
    "image": "downloaded_images/Movies/Star_Wars/image_20241018_131306_1.jpg",
    "conversations": [
      {
        "from": "human",
        "value": "<image>\nWhat is the name of this movie?"
      },
      {
        "from": "gpt",
        "value": "**Star Wars**"
      }
    ]
  },
  {
    "id": "100012",
    "image": "downloaded_images/Movies/Star_Wars/image_20241018_131315_2.jpg",
    "conversations": [
      {
        "from": "human",
        "value": "<image>\nWho is the director of this movie?"
      },
      {
        "from": "gpt",
        "value": "**George Lucas**"
      }
    ]
  },
  {
    "id": "100013",
    "image": "downloaded_images/Movies/Star_Wars/image_20241018_131315_2.jpg",
    "conversations": [
      {
        "from": "human",
        "value": "<image>\nWhen did this movie come out?"
      },
      {
        "from": "gpt",
        "value": "**May 25, 1977**"
      }
    ]
  },
  {
    "id": "100014",
    "image": "downloaded_images/Movies/Star_Wars/image_20241018_131315_2.jpg",
    "conversations": [
      {
        "from": "human",
        "value": "<image>\nWho are the lead actors or actresses in this movie?"
      },
      {
        "from": "gpt",
        "value": "**Mark Hamill (Luke Skywalker), Harrison Ford (Han Solo), Carrie Fisher (Princess Leia), Alec Guinness (Obi-Wan Kenobi), and Peter Cushing (Grand Moff Tarkin)**"
      }
    ]
  },
  {
    "id": "100015",
    "image": "downloaded_images/Movies/Star_Wars/image_20241018_131315_2.jpg",
    "conversations": [
      {
        "from": "human",
        "value": "<image>\nWhat is the main plot or storyline of this movie?"
      },
      {
        "from": "gpt",
        "value": "**The central plot of \"Star Wars\" follows the Rebel Alliance's struggle against the oppressive Galactic Empire. The story centers on young Luke Skywalker, who embarks on a journey to rescue Princess Leia from the clutches of Darth Vader, a dark lord of the Sith. With the help of allies like Han Solo and Obi-Wan Kenobi, Luke learns about the Force and his destiny as a Jedi, ultimately leading to a climactic battle to destroy the Empire's superweapon, the Death Star.**"
      }
    ]
  },
  {
    "id": "100016",
    "image": "downloaded_images/Movies/Star_Wars/image_20241107_104255_21.jpg",
    "conversations": [
      {
        "from": "human",
        "value": "<image>\nWhat is the name of this movie?"
      },
      {
        "from": "gpt",
        "value": "**Star Wars**"
      }
    ]
  },
  {
    "id": "100017",
    "image": "downloaded_images/Movies/Star_Wars/image_20241107_104156_17.jpg",
    "conversations": [
      {
        "from": "human",
        "value": "<image>\nWhat is the name of this movie?"
      },
      {
        "from": "gpt",
        "value": "**Star Wars**"
      }
    ]
  },
  {
    "id": "100018",
    "image": "downloaded_images/Movies/Star_Wars/image_20241107_104021_6.jpg",
    "conversations": [
      {
        "from": "human",
        "value": "<image>\nWhat is the name of this movie?"
      },
      {
        "from": "gpt",
        "value": "**Star Wars**"
      }
    ]
  },
  {
    "id": "100019",
    "image": "downloaded_images/Movies/Star_Wars/image_20241018_131412_6.jpg",
    "conversations": [
      {
        "from": "human",
        "value": "<image>\nWhat is the name of this movie?"
      },
      {
        "from": "gpt",
        "value": "**Star Wars**"
      }
    ]
  },
  {
    "id": "100020",
    "image": "downloaded_images/Movies/Star_Wars/image_20241107_104322_24.jpg",
    "conversations": [
      {
        "from": "human",
        "value": "<image>\nWhat is the name of this movie?"
      },
      {
        "from": "gpt",
        "value": "**Star Wars**"
      }
    ]
  },
  {
    "id": "100021",
    "image": "downloaded_images/Movies/Star_Wars/image_20241107_104138_15.jpg",
    "conversations": [
      {
        "from": "human",
        "value": "<image>\nWho is the director of this movie?"
      },
      {
        "from": "gpt",
        "value": "**George Lucas**"
      }
    ]
  },
  {
    "id": "100022",
    "image": "downloaded_images/Movies/Star_Wars/image_20241107_104014_5.jpg",
    "conversations": [
      {
        "from": "human",
        "value": "<image>\nWho is the director of this movie?"
      },
      {
        "from": "gpt",
        "value": "**George Lucas**"
      }
    ]
  },
  {
    "id": "100023",
    "image": "downloaded_images/Movies/Star_Wars/image_20241107_104113_12.jpg",
    "conversations": [
      {
        "from": "human",
        "value": "<image>\nWho is the director of this movie?"
      },
      {
        "from": "gpt",
        "value": "**George Lucas**"
      }
    ]
  },
  {
    "id": "100024",
    "image": "downloaded_images/Movies/Star_Wars/image_20241107_104054_10.jpg",
    "conversations": [
      {
        "from": "human",
        "value": "<image>\nWho is the director of this movie?"
      },
      {
        "from": "gpt",
        "value": "**George Lucas**"
      }
    ]
  },
  {
    "id": "100025",
    "image": "downloaded_images/Movies/Star_Wars/image_20241107_104156_17.jpg",
    "conversations": [
      {
        "from": "human",
        "value": "<image>\nWho is the director of this movie?"
      },
      {
        "from": "gpt",
        "value": "**George Lucas**"
      }
    ]
  },
  {
    "id": "100026",
    "image": "downloaded_images/Movies/Star_Wars/image_20241107_104355_27.jpg",
    "conversations": [
      {
        "from": "human",
        "value": "<image>\nWhen did this movie come out?"
      },
      {
        "from": "gpt",
        "value": "**May 25, 1977**"
      }
    ]
  },
  {
    "id": "100027",
    "image": "downloaded_images/Movies/Star_Wars/image_20241107_104138_15.jpg",
    "conversations": [
      {
        "from": "human",
        "value": "<image>\nWhen did this movie come out?"
      },
      {
        "from": "gpt",
        "value": "**May 25, 1977**"
      }
    ]
  },
  {
    "id": "100028",
    "image": "downloaded_images/Movies/Star_Wars/image_20241107_104038_8.jpg",
    "conversations": [
      {
        "from": "human",
        "value": "<image>\nWhen did this movie come out?"
      },
      {
        "from": "gpt",
        "value": "**May 25, 1977**"
      }
    ]
  },
  {
    "id": "100029",
    "image": "downloaded_images/Movies/Star_Wars/image_20241107_104322_24.jpg",
    "conversations": [
      {
        "from": "human",
        "value": "<image>\nWhen did this movie come out?"
      },
      {
        "from": "gpt",
        "value": "**May 25, 1977**"
      }
    ]
  },
  {
    "id": "100030",
    "image": "downloaded_images/Movies/Star_Wars/image_20241107_104343_26.jpg",
    "conversations": [
      {
        "from": "human",
        "value": "<image>\nWhen did this movie come out?"
      },
      {
        "from": "gpt",
        "value": "**May 25, 1977**"
      }
    ]
  },
  {
    "id": "100031",
    "image": "downloaded_images/Movies/Star_Wars/image_20241018_131412_6.jpg",
    "conversations": [
      {
        "from": "human",
        "value": "<image>\nWho are the lead actors or actresses in this movie?"
      },
      {
        "from": "gpt",
        "value": "**Mark Hamill (Luke Skywalker), Harrison Ford (Han Solo), Carrie Fisher (Princess Leia), Alec Guinness (Obi-Wan Kenobi), and Peter Cushing (Grand Moff Tarkin)**"
      }
    ]
  },
  {
    "id": "100032",
    "image": "downloaded_images/Movies/Star_Wars/image_20241107_103956_3.jpg",
    "conversations": [
      {
        "from": "human",
        "value": "<image>\nWho are the lead actors or actresses in this movie?"
      },
      {
        "from": "gpt",
        "value": "**Mark Hamill (Luke Skywalker), Harrison Ford (Han Solo), Carrie Fisher (Princess Leia), Alec Guinness (Obi-Wan Kenobi), and Peter Cushing (Grand Moff Tarkin)**"
      }
    ]
  },
  {
    "id": "100033",
    "image": "downloaded_images/Movies/Star_Wars/image_20241107_104054_10.jpg",
    "conversations": [
      {
        "from": "human",
        "value": "<image>\nWho are the lead actors or actresses in this movie?"
      },
      {
        "from": "gpt",
        "value": "**Mark Hamill (Luke Skywalker), Harrison Ford (Han Solo), Carrie Fisher (Princess Leia), Alec Guinness (Obi-Wan Kenobi), and Peter Cushing (Grand Moff Tarkin)**"
      }
    ]
  },
  {
    "id": "100034",
    "image": "downloaded_images/Movies/Star_Wars/image_20241018_131440_9.jpg",
    "conversations": [
      {
        "from": "human",
        "value": "<image>\nWho are the lead actors or actresses in this movie?"
      },
      {
        "from": "gpt",
        "value": "**Mark Hamill (Luke Skywalker), Harrison Ford (Han Solo), Carrie Fisher (Princess Leia), Alec Guinness (Obi-Wan Kenobi), and Peter Cushing (Grand Moff Tarkin)**"
      }
    ]
  },
  {
    "id": "100035",
    "image": "downloaded_images/Movies/Star_Wars/image_20241107_104138_15.jpg",
    "conversations": [
      {
        "from": "human",
        "value": "<image>\nWho are the lead actors or actresses in this movie?"
      },
      {
        "from": "gpt",
        "value": "**Mark Hamill (Luke Skywalker), Harrison Ford (Han Solo), Carrie Fisher (Princess Leia), Alec Guinness (Obi-Wan Kenobi), and Peter Cushing (Grand Moff Tarkin)**"
      }
    ]
  },
  {
    "id": "100036",
    "image": "downloaded_images/Movies/Star_Wars/image_20241107_104054_10.jpg",
    "conversations": [
      {
        "from": "human",
        "value": "<image>\nWhat is the main plot or storyline of this movie?"
      },
      {
        "from": "gpt",
        "value": "**The central plot of \"Star Wars\" follows the Rebel Alliance's struggle against the oppressive Galactic Empire. The story centers on young Luke Skywalker, who embarks on a journey to rescue Princess Leia from the clutches of Darth Vader, a dark lord of the Sith. With the help of allies like Han Solo and Obi-Wan Kenobi, Luke learns about the Force and his destiny as a Jedi, ultimately leading to a climactic battle to destroy the Empire's superweapon, the Death Star.**"
      }
    ]
  },
  {
    "id": "100037",
    "image": "downloaded_images/Movies/Star_Wars/image_20241107_104331_25.jpg",
    "conversations": [
      {
        "from": "human",
        "value": "<image>\nWhat is the main plot or storyline of this movie?"
      },
      {
        "from": "gpt",
        "value": "**The central plot of \"Star Wars\" follows the Rebel Alliance's struggle against the oppressive Galactic Empire. The story centers on young Luke Skywalker, who embarks on a journey to rescue Princess Leia from the clutches of Darth Vader, a dark lord of the Sith. With the help of allies like Han Solo and Obi-Wan Kenobi, Luke learns about the Force and his destiny as a Jedi, ultimately leading to a climactic battle to destroy the Empire's superweapon, the Death Star.**"
      }
    ]
  },
  {
    "id": "100038",
    "image": "downloaded_images/Movies/Star_Wars/image_20241018_131306_1.jpg",
    "conversations": [
      {
        "from": "human",
        "value": "<image>\nWhat is the main plot or storyline of this movie?"
      },
      {
        "from": "gpt",
        "value": "**The central plot of \"Star Wars\" follows the Rebel Alliance's struggle against the oppressive Galactic Empire. The story centers on young Luke Skywalker, who embarks on a journey to rescue Princess Leia from the clutches of Darth Vader, a dark lord of the Sith. With the help of allies like Han Solo and Obi-Wan Kenobi, Luke learns about the Force and his destiny as a Jedi, ultimately leading to a climactic battle to destroy the Empire's superweapon, the Death Star.**"
      }
    ]
  },
  {
    "id": "100039",
    "image": "downloaded_images/Movies/Star_Wars/image_20241018_131440_9.jpg",
    "conversations": [
      {
        "from": "human",
        "value": "<image>\nWhat is the main plot or storyline of this movie?"
      },
      {
        "from": "gpt",
        "value": "**The central plot of \"Star Wars\" follows the Rebel Alliance's struggle against the oppressive Galactic Empire. The story centers on young Luke Skywalker, who embarks on a journey to rescue Princess Leia from the clutches of Darth Vader, a dark lord of the Sith. With the help of allies like Han Solo and Obi-Wan Kenobi, Luke learns about the Force and his destiny as a Jedi, ultimately leading to a climactic battle to destroy the Empire's superweapon, the Death Star.**"
      }
    ]
  },
  {
    "id": "100040",
    "image": "downloaded_images/Movies/Star_Wars/image_20241107_104038_8.jpg",
    "conversations": [
      {
        "from": "human",
        "value": "<image>\nWhat is the main plot or storyline of this movie?"
      },
      {
        "from": "gpt",
        "value": "**The central plot of \"Star Wars\" follows the Rebel Alliance's struggle against the oppressive Galactic Empire. The story centers on young Luke Skywalker, who embarks on a journey to rescue Princess Leia from the clutches of Darth Vader, a dark lord of the Sith. With the help of allies like Han Solo and Obi-Wan Kenobi, Luke learns about the Force and his destiny as a Jedi, ultimately leading to a climactic battle to destroy the Empire's superweapon, the Death Star.**"
      }
    ]
  },
  {
    "id": "200011",
    "image": "downloaded_images/Movies/Star_Wars/image_20241018_131306_1.jpg",
    "conversations": [
      {
        "from": "human",
        "value": "<image>\nWhat is the title of this film?"
      },
      {
        "from": "gpt",
        "value": "**Star Wars**"
      }
    ]
  },
  {
    "id": "200012",
    "image": "downloaded_images/Movies/Star_Wars/image_20241018_131315_2.jpg",
    "conversations": [
      {
        "from": "human",
        "value": "<image>\nThis film is directed by whom?"
      },
      {
        "from": "gpt",
        "value": "**George Lucas**"
      }
    ]
  },
  {
    "id": "200013",
    "image": "downloaded_images/Movies/Star_Wars/image_20241018_131315_2.jpg",
    "conversations": [
      {
        "from": "human",
        "value": "<image>\nWhat year was this film released?"
      },
      {
        "from": "gpt",
        "value": "**May 25, 1977**"
      }
    ]
  },
  {
    "id": "200014",
    "image": "downloaded_images/Movies/Star_Wars/image_20241018_131315_2.jpg",
    "conversations": [
      {
        "from": "human",
        "value": "<image>\nWho plays the main roles in this film?"
      },
      {
        "from": "gpt",
        "value": "**Mark Hamill (Luke Skywalker), Harrison Ford (Han Solo), Carrie Fisher (Princess Leia), Alec Guinness (Obi-Wan Kenobi), and Peter Cushing (Grand Moff Tarkin)**"
      }
    ]
  },
  {
    "id": "200015",
    "image": "downloaded_images/Movies/Star_Wars/image_20241018_131315_2.jpg",
    "conversations": [
      {
        "from": "human",
        "value": "<image>\nWhat is the central theme of this film?"
      },
      {
        "from": "gpt",
        "value": "**The central plot of \"Star Wars\" follows the Rebel Alliance's struggle against the oppressive Galactic Empire. The story centers on young Luke Skywalker, who embarks on a journey to rescue Princess Leia from the clutches of Darth Vader, a dark lord of the Sith. With the help of allies like Han Solo and Obi-Wan Kenobi, Luke learns about the Force and his destiny as a Jedi, ultimately leading to a climactic battle to destroy the Empire's superweapon, the Death Star.**"
      }
    ]
  },
  {
    "id": "200016",
    "image": "downloaded_images/Movies/Star_Wars/image_20241107_104255_21.jpg",
    "conversations": [
      {
        "from": "human",
        "value": "<image>\nWhat is the title of this film?"
      },
      {
        "from": "gpt",
        "value": "**Star Wars**"
      }
    ]
  },
  {
    "id": "200017",
    "image": "downloaded_images/Movies/Star_Wars/image_20241107_104156_17.jpg",
    "conversations": [
      {
        "from": "human",
        "value": "<image>\nWhat is the title of this film?"
      },
      {
        "from": "gpt",
        "value": "**Star Wars**"
      }
    ]
  },
  {
    "id": "200018",
    "image": "downloaded_images/Movies/Star_Wars/image_20241107_104021_6.jpg",
    "conversations": [
      {
        "from": "human",
        "value": "<image>\nWhat is the title of this film?"
      },
      {
        "from": "gpt",
        "value": "**Star Wars**"
      }
    ]
  },
  {
    "id": "200019",
    "image": "downloaded_images/Movies/Star_Wars/image_20241018_131412_6.jpg",
    "conversations": [
      {
        "from": "human",
        "value": "<image>\nWhat is the title of this film?"
      },
      {
        "from": "gpt",
        "value": "**Star Wars**"
      }
    ]
  },
  {
    "id": "200020",
    "image": "downloaded_images/Movies/Star_Wars/image_20241107_104322_24.jpg",
    "conversations": [
      {
        "from": "human",
        "value": "<image>\nWhat is the title of this film?"
      },
      {
        "from": "gpt",
        "value": "**Star Wars**"
      }
    ]
  },
  {
    "id": "200021",
    "image": "downloaded_images/Movies/Star_Wars/image_20241107_104138_15.jpg",
    "conversations": [
      {
        "from": "human",
        "value": "<image>\nThis film is directed by whom?"
      },
      {
        "from": "gpt",
        "value": "**George Lucas**"
      }
    ]
  },
  {
    "id": "200022",
    "image": "downloaded_images/Movies/Star_Wars/image_20241107_104014_5.jpg",
    "conversations": [
      {
        "from": "human",
        "value": "<image>\nThis film is directed by whom?"
      },
      {
        "from": "gpt",
        "value": "**George Lucas**"
      }
    ]
  },
  {
    "id": "200023",
    "image": "downloaded_images/Movies/Star_Wars/image_20241107_104113_12.jpg",
    "conversations": [
      {
        "from": "human",
        "value": "<image>\nThis film is directed by whom?"
      },
      {
        "from": "gpt",
        "value": "**George Lucas**"
      }
    ]
  },
  {
    "id": "200024",
    "image": "downloaded_images/Movies/Star_Wars/image_20241107_104054_10.jpg",
    "conversations": [
      {
        "from": "human",
        "value": "<image>\nThis film is directed by whom?"
      },
      {
        "from": "gpt",
        "value": "**George Lucas**"
      }
    ]
  },
  {
    "id": "200025",
    "image": "downloaded_images/Movies/Star_Wars/image_20241107_104156_17.jpg",
    "conversations": [
      {
        "from": "human",
        "value": "<image>\nThis film is directed by whom?"
      },
      {
        "from": "gpt",
        "value": "**George Lucas**"
      }
    ]
  },
  {
    "id": "200026",
    "image": "downloaded_images/Movies/Star_Wars/image_20241107_104355_27.jpg",
    "conversations": [
      {
        "from": "human",
        "value": "<image>\nWhat year was this film released?"
      },
      {
        "from": "gpt",
        "value": "**May 25, 1977**"
      }
    ]
  },
  {
    "id": "200027",
    "image": "downloaded_images/Movies/Star_Wars/image_20241107_104138_15.jpg",
    "conversations": [
      {
        "from": "human",
        "value": "<image>\nWhat year was this film released?"
      },
      {
        "from": "gpt",
        "value": "**May 25, 1977**"
      }
    ]
  },
  {
    "id": "200028",
    "image": "downloaded_images/Movies/Star_Wars/image_20241107_104038_8.jpg",
    "conversations": [
      {
        "from": "human",
        "value": "<image>\nWhat year was this film released?"
      },
      {
        "from": "gpt",
        "value": "**May 25, 1977**"
      }
    ]
  },
  {
    "id": "200029",
    "image": "downloaded_images/Movies/Star_Wars/image_20241107_104322_24.jpg",
    "conversations": [
      {
        "from": "human",
        "value": "<image>\nWhat year was this film released?"
      },
      {
        "from": "gpt",
        "value": "**May 25, 1977**"
      }
    ]
  },
  {
    "id": "200030",
    "image": "downloaded_images/Movies/Star_Wars/image_20241107_104343_26.jpg",
    "conversations": [
      {
        "from": "human",
        "value": "<image>\nWhat year was this film released?"
      },
      {
        "from": "gpt",
        "value": "**May 25, 1977**"
      }
    ]
  },
  {
    "id": "200031",
    "image": "downloaded_images/Movies/Star_Wars/image_20241018_131412_6.jpg",
    "conversations": [
      {
        "from": "human",
        "value": "<image>\nWho plays the main roles in this film?"
      },
      {
        "from": "gpt",
        "value": "**Mark Hamill (Luke Skywalker), Harrison Ford (Han Solo), Carrie Fisher (Princess Leia), Alec Guinness (Obi-Wan Kenobi), and Peter Cushing (Grand Moff Tarkin)**"
      }
    ]
  },
  {
    "id": "200032",
    "image": "downloaded_images/Movies/Star_Wars/image_20241107_103956_3.jpg",
    "conversations": [
      {
        "from": "human",
        "value": "<image>\nWho plays the main roles in this film?"
      },
      {
        "from": "gpt",
        "value": "**Mark Hamill (Luke Skywalker), Harrison Ford (Han Solo), Carrie Fisher (Princess Leia), Alec Guinness (Obi-Wan Kenobi), and Peter Cushing (Grand Moff Tarkin)**"
      }
    ]
  },
  {
    "id": "200033",
    "image": "downloaded_images/Movies/Star_Wars/image_20241107_104054_10.jpg",
    "conversations": [
      {
        "from": "human",
        "value": "<image>\nWho plays the main roles in this film?"
      },
      {
        "from": "gpt",
        "value": "**Mark Hamill (Luke Skywalker), Harrison Ford (Han Solo), Carrie Fisher (Princess Leia), Alec Guinness (Obi-Wan Kenobi), and Peter Cushing (Grand Moff Tarkin)**"
      }
    ]
  },
  {
    "id": "200034",
    "image": "downloaded_images/Movies/Star_Wars/image_20241018_131440_9.jpg",
    "conversations": [
      {
        "from": "human",
        "value": "<image>\nWho plays the main roles in this film?"
      },
      {
        "from": "gpt",
        "value": "**Mark Hamill (Luke Skywalker), Harrison Ford (Han Solo), Carrie Fisher (Princess Leia), Alec Guinness (Obi-Wan Kenobi), and Peter Cushing (Grand Moff Tarkin)**"
      }
    ]
  },
  {
    "id": "200035",
    "image": "downloaded_images/Movies/Star_Wars/image_20241107_104138_15.jpg",
    "conversations": [
      {
        "from": "human",
        "value": "<image>\nWho plays the main roles in this film?"
      },
      {
        "from": "gpt",
        "value": "**Mark Hamill (Luke Skywalker), Harrison Ford (Han Solo), Carrie Fisher (Princess Leia), Alec Guinness (Obi-Wan Kenobi), and Peter Cushing (Grand Moff Tarkin)**"
      }
    ]
  },
  {
    "id": "200036",
    "image": "downloaded_images/Movies/Star_Wars/image_20241107_104054_10.jpg",
    "conversations": [
      {
        "from": "human",
        "value": "<image>\nWhat is the central theme of this film?"
      },
      {
        "from": "gpt",
        "value": "**The central plot of \"Star Wars\" follows the Rebel Alliance's struggle against the oppressive Galactic Empire. The story centers on young Luke Skywalker, who embarks on a journey to rescue Princess Leia from the clutches of Darth Vader, a dark lord of the Sith. With the help of allies like Han Solo and Obi-Wan Kenobi, Luke learns about the Force and his destiny as a Jedi, ultimately leading to a climactic battle to destroy the Empire's superweapon, the Death Star.**"
      }
    ]
  },
  {
    "id": "200037",
    "image": "downloaded_images/Movies/Star_Wars/image_20241107_104331_25.jpg",
    "conversations": [
      {
        "from": "human",
        "value": "<image>\nWhat is the central theme of this film?"
      },
      {
        "from": "gpt",
        "value": "**The central plot of \"Star Wars\" follows the Rebel Alliance's struggle against the oppressive Galactic Empire. The story centers on young Luke Skywalker, who embarks on a journey to rescue Princess Leia from the clutches of Darth Vader, a dark lord of the Sith. With the help of allies like Han Solo and Obi-Wan Kenobi, Luke learns about the Force and his destiny as a Jedi, ultimately leading to a climactic battle to destroy the Empire's superweapon, the Death Star.**"
      }
    ]
  },
  {
    "id": "200038",
    "image": "downloaded_images/Movies/Star_Wars/image_20241018_131306_1.jpg",
    "conversations": [
      {
        "from": "human",
        "value": "<image>\nWhat is the central theme of this film?"
      },
      {
        "from": "gpt",
        "value": "**The central plot of \"Star Wars\" follows the Rebel Alliance's struggle against the oppressive Galactic Empire. The story centers on young Luke Skywalker, who embarks on a journey to rescue Princess Leia from the clutches of Darth Vader, a dark lord of the Sith. With the help of allies like Han Solo and Obi-Wan Kenobi, Luke learns about the Force and his destiny as a Jedi, ultimately leading to a climactic battle to destroy the Empire's superweapon, the Death Star.**"
      }
    ]
  },
  {
    "id": "200039",
    "image": "downloaded_images/Movies/Star_Wars/image_20241018_131440_9.jpg",
    "conversations": [
      {
        "from": "human",
        "value": "<image>\nWhat is the central theme of this film?"
      },
      {
        "from": "gpt",
        "value": "**The central plot of \"Star Wars\" follows the Rebel Alliance's struggle against the oppressive Galactic Empire. The story centers on young Luke Skywalker, who embarks on a journey to rescue Princess Leia from the clutches of Darth Vader, a dark lord of the Sith. With the help of allies like Han Solo and Obi-Wan Kenobi, Luke learns about the Force and his destiny as a Jedi, ultimately leading to a climactic battle to destroy the Empire's superweapon, the Death Star.**"
      }
    ]
  },
  {
    "id": "200040",
    "image": "downloaded_images/Movies/Star_Wars/image_20241107_104038_8.jpg",
    "conversations": [
      {
        "from": "human",
        "value": "<image>\nWhat is the central theme of this film?"
      },
      {
        "from": "gpt",
        "value": "**The central plot of \"Star Wars\" follows the Rebel Alliance's struggle against the oppressive Galactic Empire. The story centers on young Luke Skywalker, who embarks on a journey to rescue Princess Leia from the clutches of Darth Vader, a dark lord of the Sith. With the help of allies like Han Solo and Obi-Wan Kenobi, Luke learns about the Force and his destiny as a Jedi, ultimately leading to a climactic battle to destroy the Empire's superweapon, the Death Star.**"
      }
    ]
  },
  {
    "id": "300011",
    "image": "downloaded_images/Movies/Star_Wars/image_20241018_131306_1.jpg",
    "conversations": [
      {
        "from": "human",
        "value": "<image>\nHow is this movie referred to?"
      },
      {
        "from": "gpt",
        "value": "**Star Wars**"
      }
    ]
  },
  {
    "id": "300012",
    "image": "downloaded_images/Movies/Star_Wars/image_20241018_131315_2.jpg",
    "conversations": [
      {
        "from": "human",
        "value": "<image>\nWho was responsible for directing this movie?"
      },
      {
        "from": "gpt",
        "value": "**George Lucas**"
      }
    ]
  },
  {
    "id": "300013",
    "image": "downloaded_images/Movies/Star_Wars/image_20241018_131315_2.jpg",
    "conversations": [
      {
        "from": "human",
        "value": "<image>\nWhen was this movie first shown?"
      },
      {
        "from": "gpt",
        "value": "**May 25, 1977**"
      }
    ]
  },
  {
    "id": "300014",
    "image": "downloaded_images/Movies/Star_Wars/image_20241018_131315_2.jpg",
    "conversations": [
      {
        "from": "human",
        "value": "<image>\nWho are the primary cast members of this movie?"
      },
      {
        "from": "gpt",
        "value": "**Mark Hamill (Luke Skywalker), Harrison Ford (Han Solo), Carrie Fisher (Princess Leia), Alec Guinness (Obi-Wan Kenobi), and Peter Cushing (Grand Moff Tarkin)**"
      }
    ]
  },
  {
    "id": "300015",
    "image": "downloaded_images/Movies/Star_Wars/image_20241018_131315_2.jpg",
    "conversations": [
      {
        "from": "human",
        "value": "<image>\nCan you summarize the plot of this movie?"
      },
      {
        "from": "gpt",
        "value": "**The central plot of \"Star Wars\" follows the Rebel Alliance's struggle against the oppressive Galactic Empire. The story centers on young Luke Skywalker, who embarks on a journey to rescue Princess Leia from the clutches of Darth Vader, a dark lord of the Sith. With the help of allies like Han Solo and Obi-Wan Kenobi, Luke learns about the Force and his destiny as a Jedi, ultimately leading to a climactic battle to destroy the Empire's superweapon, the Death Star.**"
      }
    ]
  },
  {
    "id": "300016",
    "image": "downloaded_images/Movies/Star_Wars/image_20241107_104255_21.jpg",
    "conversations": [
      {
        "from": "human",
        "value": "<image>\nHow is this movie referred to?"
      },
      {
        "from": "gpt",
        "value": "**Star Wars**"
      }
    ]
  },
  {
    "id": "300017",
    "image": "downloaded_images/Movies/Star_Wars/image_20241107_104156_17.jpg",
    "conversations": [
      {
        "from": "human",
        "value": "<image>\nHow is this movie referred to?"
      },
      {
        "from": "gpt",
        "value": "**Star Wars**"
      }
    ]
  },
  {
    "id": "300018",
    "image": "downloaded_images/Movies/Star_Wars/image_20241107_104021_6.jpg",
    "conversations": [
      {
        "from": "human",
        "value": "<image>\nHow is this movie referred to?"
      },
      {
        "from": "gpt",
        "value": "**Star Wars**"
      }
    ]
  },
  {
    "id": "300019",
    "image": "downloaded_images/Movies/Star_Wars/image_20241018_131412_6.jpg",
    "conversations": [
      {
        "from": "human",
        "value": "<image>\nHow is this movie referred to?"
      },
      {
        "from": "gpt",
        "value": "**Star Wars**"
      }
    ]
  },
  {
    "id": "300020",
    "image": "downloaded_images/Movies/Star_Wars/image_20241107_104322_24.jpg",
    "conversations": [
      {
        "from": "human",
        "value": "<image>\nHow is this movie referred to?"
      },
      {
        "from": "gpt",
        "value": "**Star Wars**"
      }
    ]
  },
  {
    "id": "300021",
    "image": "downloaded_images/Movies/Star_Wars/image_20241107_104138_15.jpg",
    "conversations": [
      {
        "from": "human",
        "value": "<image>\nWho was responsible for directing this movie?"
      },
      {
        "from": "gpt",
        "value": "**George Lucas**"
      }
    ]
  },
  {
    "id": "300022",
    "image": "downloaded_images/Movies/Star_Wars/image_20241107_104014_5.jpg",
    "conversations": [
      {
        "from": "human",
        "value": "<image>\nWho was responsible for directing this movie?"
      },
      {
        "from": "gpt",
        "value": "**George Lucas**"
      }
    ]
  },
  {
    "id": "300023",
    "image": "downloaded_images/Movies/Star_Wars/image_20241107_104113_12.jpg",
    "conversations": [
      {
        "from": "human",
        "value": "<image>\nWho was responsible for directing this movie?"
      },
      {
        "from": "gpt",
        "value": "**George Lucas**"
      }
    ]
  },
  {
    "id": "300024",
    "image": "downloaded_images/Movies/Star_Wars/image_20241107_104054_10.jpg",
    "conversations": [
      {
        "from": "human",
        "value": "<image>\nWho was responsible for directing this movie?"
      },
      {
        "from": "gpt",
        "value": "**George Lucas**"
      }
    ]
  },
  {
    "id": "300025",
    "image": "downloaded_images/Movies/Star_Wars/image_20241107_104156_17.jpg",
    "conversations": [
      {
        "from": "human",
        "value": "<image>\nWho was responsible for directing this movie?"
      },
      {
        "from": "gpt",
        "value": "**George Lucas**"
      }
    ]
  },
  {
    "id": "300026",
    "image": "downloaded_images/Movies/Star_Wars/image_20241107_104355_27.jpg",
    "conversations": [
      {
        "from": "human",
        "value": "<image>\nWhen was this movie first shown?"
      },
      {
        "from": "gpt",
        "value": "**May 25, 1977**"
      }
    ]
  },
  {
    "id": "300027",
    "image": "downloaded_images/Movies/Star_Wars/image_20241107_104138_15.jpg",
    "conversations": [
      {
        "from": "human",
        "value": "<image>\nWhen was this movie first shown?"
      },
      {
        "from": "gpt",
        "value": "**May 25, 1977**"
      }
    ]
  },
  {
    "id": "300028",
    "image": "downloaded_images/Movies/Star_Wars/image_20241107_104038_8.jpg",
    "conversations": [
      {
        "from": "human",
        "value": "<image>\nWhen was this movie first shown?"
      },
      {
        "from": "gpt",
        "value": "**May 25, 1977**"
      }
    ]
  },
  {
    "id": "300029",
    "image": "downloaded_images/Movies/Star_Wars/image_20241107_104322_24.jpg",
    "conversations": [
      {
        "from": "human",
        "value": "<image>\nWhen was this movie first shown?"
      },
      {
        "from": "gpt",
        "value": "**May 25, 1977**"
      }
    ]
  },
  {
    "id": "300030",
    "image": "downloaded_images/Movies/Star_Wars/image_20241107_104343_26.jpg",
    "conversations": [
      {
        "from": "human",
        "value": "<image>\nWhen was this movie first shown?"
      },
      {
        "from": "gpt",
        "value": "**May 25, 1977**"
      }
    ]
  },
  {
    "id": "300031",
    "image": "downloaded_images/Movies/Star_Wars/image_20241018_131412_6.jpg",
    "conversations": [
      {
        "from": "human",
        "value": "<image>\nWho are the primary cast members of this movie?"
      },
      {
        "from": "gpt",
        "value": "**Mark Hamill (Luke Skywalker), Harrison Ford (Han Solo), Carrie Fisher (Princess Leia), Alec Guinness (Obi-Wan Kenobi), and Peter Cushing (Grand Moff Tarkin)**"
      }
    ]
  },
  {
    "id": "300032",
    "image": "downloaded_images/Movies/Star_Wars/image_20241107_103956_3.jpg",
    "conversations": [
      {
        "from": "human",
        "value": "<image>\nWho are the primary cast members of this movie?"
      },
      {
        "from": "gpt",
        "value": "**Mark Hamill (Luke Skywalker), Harrison Ford (Han Solo), Carrie Fisher (Princess Leia), Alec Guinness (Obi-Wan Kenobi), and Peter Cushing (Grand Moff Tarkin)**"
      }
    ]
  },
  {
    "id": "300033",
    "image": "downloaded_images/Movies/Star_Wars/image_20241107_104054_10.jpg",
    "conversations": [
      {
        "from": "human",
        "value": "<image>\nWho are the primary cast members of this movie?"
      },
      {
        "from": "gpt",
        "value": "**Mark Hamill (Luke Skywalker), Harrison Ford (Han Solo), Carrie Fisher (Princess Leia), Alec Guinness (Obi-Wan Kenobi), and Peter Cushing (Grand Moff Tarkin)**"
      }
    ]
  },
  {
    "id": "300034",
    "image": "downloaded_images/Movies/Star_Wars/image_20241018_131440_9.jpg",
    "conversations": [
      {
        "from": "human",
        "value": "<image>\nWho are the primary cast members of this movie?"
      },
      {
        "from": "gpt",
        "value": "**Mark Hamill (Luke Skywalker), Harrison Ford (Han Solo), Carrie Fisher (Princess Leia), Alec Guinness (Obi-Wan Kenobi), and Peter Cushing (Grand Moff Tarkin)**"
      }
    ]
  },
  {
    "id": "300035",
    "image": "downloaded_images/Movies/Star_Wars/image_20241107_104138_15.jpg",
    "conversations": [
      {
        "from": "human",
        "value": "<image>\nWho are the primary cast members of this movie?"
      },
      {
        "from": "gpt",
        "value": "**Mark Hamill (Luke Skywalker), Harrison Ford (Han Solo), Carrie Fisher (Princess Leia), Alec Guinness (Obi-Wan Kenobi), and Peter Cushing (Grand Moff Tarkin)**"
      }
    ]
  },
  {
    "id": "300036",
    "image": "downloaded_images/Movies/Star_Wars/image_20241107_104054_10.jpg",
    "conversations": [
      {
        "from": "human",
        "value": "<image>\nCan you summarize the plot of this movie?"
      },
      {
        "from": "gpt",
        "value": "**The central plot of \"Star Wars\" follows the Rebel Alliance's struggle against the oppressive Galactic Empire. The story centers on young Luke Skywalker, who embarks on a journey to rescue Princess Leia from the clutches of Darth Vader, a dark lord of the Sith. With the help of allies like Han Solo and Obi-Wan Kenobi, Luke learns about the Force and his destiny as a Jedi, ultimately leading to a climactic battle to destroy the Empire's superweapon, the Death Star.**"
      }
    ]
  },
  {
    "id": "300037",
    "image": "downloaded_images/Movies/Star_Wars/image_20241107_104331_25.jpg",
    "conversations": [
      {
        "from": "human",
        "value": "<image>\nCan you summarize the plot of this movie?"
      },
      {
        "from": "gpt",
        "value": "**The central plot of \"Star Wars\" follows the Rebel Alliance's struggle against the oppressive Galactic Empire. The story centers on young Luke Skywalker, who embarks on a journey to rescue Princess Leia from the clutches of Darth Vader, a dark lord of the Sith. With the help of allies like Han Solo and Obi-Wan Kenobi, Luke learns about the Force and his destiny as a Jedi, ultimately leading to a climactic battle to destroy the Empire's superweapon, the Death Star.**"
      }
    ]
  },
  {
    "id": "300038",
    "image": "downloaded_images/Movies/Star_Wars/image_20241018_131306_1.jpg",
    "conversations": [
      {
        "from": "human",
        "value": "<image>\nCan you summarize the plot of this movie?"
      },
      {
        "from": "gpt",
        "value": "**The central plot of \"Star Wars\" follows the Rebel Alliance's struggle against the oppressive Galactic Empire. The story centers on young Luke Skywalker, who embarks on a journey to rescue Princess Leia from the clutches of Darth Vader, a dark lord of the Sith. With the help of allies like Han Solo and Obi-Wan Kenobi, Luke learns about the Force and his destiny as a Jedi, ultimately leading to a climactic battle to destroy the Empire's superweapon, the Death Star.**"
      }
    ]
  },
  {
    "id": "300039",
    "image": "downloaded_images/Movies/Star_Wars/image_20241018_131440_9.jpg",
    "conversations": [
      {
        "from": "human",
        "value": "<image>\nCan you summarize the plot of this movie?"
      },
      {
        "from": "gpt",
        "value": "**The central plot of \"Star Wars\" follows the Rebel Alliance's struggle against the oppressive Galactic Empire. The story centers on young Luke Skywalker, who embarks on a journey to rescue Princess Leia from the clutches of Darth Vader, a dark lord of the Sith. With the help of allies like Han Solo and Obi-Wan Kenobi, Luke learns about the Force and his destiny as a Jedi, ultimately leading to a climactic battle to destroy the Empire's superweapon, the Death Star.**"
      }
    ]
  },
  {
    "id": "300040",
    "image": "downloaded_images/Movies/Star_Wars/image_20241107_104038_8.jpg",
    "conversations": [
      {
        "from": "human",
        "value": "<image>\nCan you summarize the plot of this movie?"
      },
      {
        "from": "gpt",
        "value": "**The central plot of \"Star Wars\" follows the Rebel Alliance's struggle against the oppressive Galactic Empire. The story centers on young Luke Skywalker, who embarks on a journey to rescue Princess Leia from the clutches of Darth Vader, a dark lord of the Sith. With the help of allies like Han Solo and Obi-Wan Kenobi, Luke learns about the Force and his destiny as a Jedi, ultimately leading to a climactic battle to destroy the Empire's superweapon, the Death Star.**"
      }
    ]
  },
  {
    "id": "400011",
    "image": "downloaded_images/Movies/Star_Wars/image_20241018_131306_1.jpg",
    "conversations": [
      {
        "from": "human",
        "value": "<image>\nWhat do people call this film?"
      },
      {
        "from": "gpt",
        "value": "**Star Wars**"
      }
    ]
  },
  {
    "id": "400012",
    "image": "downloaded_images/Movies/Star_Wars/image_20241018_131315_2.jpg",
    "conversations": [
      {
        "from": "human",
        "value": "<image>\nWho helmed this film?"
      },
      {
        "from": "gpt",
        "value": "**George Lucas**"
      }
    ]
  },
  {
    "id": "400013",
    "image": "downloaded_images/Movies/Star_Wars/image_20241018_131315_2.jpg",
    "conversations": [
      {
        "from": "human",
        "value": "<image>\nWhat is the release date of this film?"
      },
      {
        "from": "gpt",
        "value": "**May 25, 1977**"
      }
    ]
  },
  {
    "id": "400014",
    "image": "downloaded_images/Movies/Star_Wars/image_20241018_131315_2.jpg",
    "conversations": [
      {
        "from": "human",
        "value": "<image>\nWhich actors or actresses are featured prominently in this film?"
      },
      {
        "from": "gpt",
        "value": "**Mark Hamill (Luke Skywalker), Harrison Ford (Han Solo), Carrie Fisher (Princess Leia), Alec Guinness (Obi-Wan Kenobi), and Peter Cushing (Grand Moff Tarkin)**"
      }
    ]
  },
  {
    "id": "400015",
    "image": "downloaded_images/Movies/Star_Wars/image_20241018_131315_2.jpg",
    "conversations": [
      {
        "from": "human",
        "value": "<image>\nWhat is the basic storyline of this film?"
      },
      {
        "from": "gpt",
        "value": "**The central plot of \"Star Wars\" follows the Rebel Alliance's struggle against the oppressive Galactic Empire. The story centers on young Luke Skywalker, who embarks on a journey to rescue Princess Leia from the clutches of Darth Vader, a dark lord of the Sith. With the help of allies like Han Solo and Obi-Wan Kenobi, Luke learns about the Force and his destiny as a Jedi, ultimately leading to a climactic battle to destroy the Empire's superweapon, the Death Star.**"
      }
    ]
  },
  {
    "id": "400016",
    "image": "downloaded_images/Movies/Star_Wars/image_20241107_104255_21.jpg",
    "conversations": [
      {
        "from": "human",
        "value": "<image>\nWhat do people call this film?"
      },
      {
        "from": "gpt",
        "value": "**Star Wars**"
      }
    ]
  },
  {
    "id": "400017",
    "image": "downloaded_images/Movies/Star_Wars/image_20241107_104156_17.jpg",
    "conversations": [
      {
        "from": "human",
        "value": "<image>\nWhat do people call this film?"
      },
      {
        "from": "gpt",
        "value": "**Star Wars**"
      }
    ]
  },
  {
    "id": "400018",
    "image": "downloaded_images/Movies/Star_Wars/image_20241107_104021_6.jpg",
    "conversations": [
      {
        "from": "human",
        "value": "<image>\nWhat do people call this film?"
      },
      {
        "from": "gpt",
        "value": "**Star Wars**"
      }
    ]
  },
  {
    "id": "400019",
    "image": "downloaded_images/Movies/Star_Wars/image_20241018_131412_6.jpg",
    "conversations": [
      {
        "from": "human",
        "value": "<image>\nWhat do people call this film?"
      },
      {
        "from": "gpt",
        "value": "**Star Wars**"
      }
    ]
  },
  {
    "id": "400020",
    "image": "downloaded_images/Movies/Star_Wars/image_20241107_104322_24.jpg",
    "conversations": [
      {
        "from": "human",
        "value": "<image>\nWhat do people call this film?"
      },
      {
        "from": "gpt",
        "value": "**Star Wars**"
      }
    ]
  },
  {
    "id": "400021",
    "image": "downloaded_images/Movies/Star_Wars/image_20241107_104138_15.jpg",
    "conversations": [
      {
        "from": "human",
        "value": "<image>\nWho helmed this film?"
      },
      {
        "from": "gpt",
        "value": "**George Lucas**"
      }
    ]
  },
  {
    "id": "400022",
    "image": "downloaded_images/Movies/Star_Wars/image_20241107_104014_5.jpg",
    "conversations": [
      {
        "from": "human",
        "value": "<image>\nWho helmed this film?"
      },
      {
        "from": "gpt",
        "value": "**George Lucas**"
      }
    ]
  },
  {
    "id": "400023",
    "image": "downloaded_images/Movies/Star_Wars/image_20241107_104113_12.jpg",
    "conversations": [
      {
        "from": "human",
        "value": "<image>\nWho helmed this film?"
      },
      {
        "from": "gpt",
        "value": "**George Lucas**"
      }
    ]
  },
  {
    "id": "400024",
    "image": "downloaded_images/Movies/Star_Wars/image_20241107_104054_10.jpg",
    "conversations": [
      {
        "from": "human",
        "value": "<image>\nWho helmed this film?"
      },
      {
        "from": "gpt",
        "value": "**George Lucas**"
      }
    ]
  },
  {
    "id": "400025",
    "image": "downloaded_images/Movies/Star_Wars/image_20241107_104156_17.jpg",
    "conversations": [
      {
        "from": "human",
        "value": "<image>\nWho helmed this film?"
      },
      {
        "from": "gpt",
        "value": "**George Lucas**"
      }
    ]
  },
  {
    "id": "400026",
    "image": "downloaded_images/Movies/Star_Wars/image_20241107_104355_27.jpg",
    "conversations": [
      {
        "from": "human",
        "value": "<image>\nWhat is the release date of this film?"
      },
      {
        "from": "gpt",
        "value": "**May 25, 1977**"
      }
    ]
  },
  {
    "id": "400027",
    "image": "downloaded_images/Movies/Star_Wars/image_20241107_104138_15.jpg",
    "conversations": [
      {
        "from": "human",
        "value": "<image>\nWhat is the release date of this film?"
      },
      {
        "from": "gpt",
        "value": "**May 25, 1977**"
      }
    ]
  },
  {
    "id": "400028",
    "image": "downloaded_images/Movies/Star_Wars/image_20241107_104038_8.jpg",
    "conversations": [
      {
        "from": "human",
        "value": "<image>\nWhat is the release date of this film?"
      },
      {
        "from": "gpt",
        "value": "**May 25, 1977**"
      }
    ]
  },
  {
    "id": "400029",
    "image": "downloaded_images/Movies/Star_Wars/image_20241107_104322_24.jpg",
    "conversations": [
      {
        "from": "human",
        "value": "<image>\nWhat is the release date of this film?"
      },
      {
        "from": "gpt",
        "value": "**May 25, 1977**"
      }
    ]
  },
  {
    "id": "400030",
    "image": "downloaded_images/Movies/Star_Wars/image_20241107_104343_26.jpg",
    "conversations": [
      {
        "from": "human",
        "value": "<image>\nWhat is the release date of this film?"
      },
      {
        "from": "gpt",
        "value": "**May 25, 1977**"
      }
    ]
  },
  {
    "id": "400031",
    "image": "downloaded_images/Movies/Star_Wars/image_20241018_131412_6.jpg",
    "conversations": [
      {
        "from": "human",
        "value": "<image>\nWhich actors or actresses are featured prominently in this film?"
      },
      {
        "from": "gpt",
        "value": "**Mark Hamill (Luke Skywalker), Harrison Ford (Han Solo), Carrie Fisher (Princess Leia), Alec Guinness (Obi-Wan Kenobi), and Peter Cushing (Grand Moff Tarkin)**"
      }
    ]
  },
  {
    "id": "400032",
    "image": "downloaded_images/Movies/Star_Wars/image_20241107_103956_3.jpg",
    "conversations": [
      {
        "from": "human",
        "value": "<image>\nWhich actors or actresses are featured prominently in this film?"
      },
      {
        "from": "gpt",
        "value": "**Mark Hamill (Luke Skywalker), Harrison Ford (Han Solo), Carrie Fisher (Princess Leia), Alec Guinness (Obi-Wan Kenobi), and Peter Cushing (Grand Moff Tarkin)**"
      }
    ]
  },
  {
    "id": "400033",
    "image": "downloaded_images/Movies/Star_Wars/image_20241107_104054_10.jpg",
    "conversations": [
      {
        "from": "human",
        "value": "<image>\nWhich actors or actresses are featured prominently in this film?"
      },
      {
        "from": "gpt",
        "value": "**Mark Hamill (Luke Skywalker), Harrison Ford (Han Solo), Carrie Fisher (Princess Leia), Alec Guinness (Obi-Wan Kenobi), and Peter Cushing (Grand Moff Tarkin)**"
      }
    ]
  },
  {
    "id": "400034",
    "image": "downloaded_images/Movies/Star_Wars/image_20241018_131440_9.jpg",
    "conversations": [
      {
        "from": "human",
        "value": "<image>\nWhich actors or actresses are featured prominently in this film?"
      },
      {
        "from": "gpt",
        "value": "**Mark Hamill (Luke Skywalker), Harrison Ford (Han Solo), Carrie Fisher (Princess Leia), Alec Guinness (Obi-Wan Kenobi), and Peter Cushing (Grand Moff Tarkin)**"
      }
    ]
  },
  {
    "id": "400035",
    "image": "downloaded_images/Movies/Star_Wars/image_20241107_104138_15.jpg",
    "conversations": [
      {
        "from": "human",
        "value": "<image>\nWhich actors or actresses are featured prominently in this film?"
      },
      {
        "from": "gpt",
        "value": "**Mark Hamill (Luke Skywalker), Harrison Ford (Han Solo), Carrie Fisher (Princess Leia), Alec Guinness (Obi-Wan Kenobi), and Peter Cushing (Grand Moff Tarkin)**"
      }
    ]
  },
  {
    "id": "400036",
    "image": "downloaded_images/Movies/Star_Wars/image_20241107_104054_10.jpg",
    "conversations": [
      {
        "from": "human",
        "value": "<image>\nWhat is the basic storyline of this film?"
      },
      {
        "from": "gpt",
        "value": "**The central plot of \"Star Wars\" follows the Rebel Alliance's struggle against the oppressive Galactic Empire. The story centers on young Luke Skywalker, who embarks on a journey to rescue Princess Leia from the clutches of Darth Vader, a dark lord of the Sith. With the help of allies like Han Solo and Obi-Wan Kenobi, Luke learns about the Force and his destiny as a Jedi, ultimately leading to a climactic battle to destroy the Empire's superweapon, the Death Star.**"
      }
    ]
  },
  {
    "id": "400037",
    "image": "downloaded_images/Movies/Star_Wars/image_20241107_104331_25.jpg",
    "conversations": [
      {
        "from": "human",
        "value": "<image>\nWhat is the basic storyline of this film?"
      },
      {
        "from": "gpt",
        "value": "**The central plot of \"Star Wars\" follows the Rebel Alliance's struggle against the oppressive Galactic Empire. The story centers on young Luke Skywalker, who embarks on a journey to rescue Princess Leia from the clutches of Darth Vader, a dark lord of the Sith. With the help of allies like Han Solo and Obi-Wan Kenobi, Luke learns about the Force and his destiny as a Jedi, ultimately leading to a climactic battle to destroy the Empire's superweapon, the Death Star.**"
      }
    ]
  },
  {
    "id": "400038",
    "image": "downloaded_images/Movies/Star_Wars/image_20241018_131306_1.jpg",
    "conversations": [
      {
        "from": "human",
        "value": "<image>\nWhat is the basic storyline of this film?"
      },
      {
        "from": "gpt",
        "value": "**The central plot of \"Star Wars\" follows the Rebel Alliance's struggle against the oppressive Galactic Empire. The story centers on young Luke Skywalker, who embarks on a journey to rescue Princess Leia from the clutches of Darth Vader, a dark lord of the Sith. With the help of allies like Han Solo and Obi-Wan Kenobi, Luke learns about the Force and his destiny as a Jedi, ultimately leading to a climactic battle to destroy the Empire's superweapon, the Death Star.**"
      }
    ]
  },
  {
    "id": "400039",
    "image": "downloaded_images/Movies/Star_Wars/image_20241018_131440_9.jpg",
    "conversations": [
      {
        "from": "human",
        "value": "<image>\nWhat is the basic storyline of this film?"
      },
      {
        "from": "gpt",
        "value": "**The central plot of \"Star Wars\" follows the Rebel Alliance's struggle against the oppressive Galactic Empire. The story centers on young Luke Skywalker, who embarks on a journey to rescue Princess Leia from the clutches of Darth Vader, a dark lord of the Sith. With the help of allies like Han Solo and Obi-Wan Kenobi, Luke learns about the Force and his destiny as a Jedi, ultimately leading to a climactic battle to destroy the Empire's superweapon, the Death Star.**"
      }
    ]
  },
  {
    "id": "400040",
    "image": "downloaded_images/Movies/Star_Wars/image_20241107_104038_8.jpg",
    "conversations": [
      {
        "from": "human",
        "value": "<image>\nWhat is the basic storyline of this film?"
      },
      {
        "from": "gpt",
        "value": "**The central plot of \"Star Wars\" follows the Rebel Alliance's struggle against the oppressive Galactic Empire. The story centers on young Luke Skywalker, who embarks on a journey to rescue Princess Leia from the clutches of Darth Vader, a dark lord of the Sith. With the help of allies like Han Solo and Obi-Wan Kenobi, Luke learns about the Force and his destiny as a Jedi, ultimately leading to a climactic battle to destroy the Empire's superweapon, the Death Star.**"
      }
    ]
  }
]