[
  {
    "id": "24",
    "image": "downloaded_images/Movies/Inception/image_20241018_133129_1.jpg",
    "conversations": [
      {
        "from": "human",
        "value": "<image>\nWhat is the title of this movie?"
      },
      {
        "from": "gpt",
        "value": "**Inception**"
      }
    ]
  },
  {
    "id": "25",
    "image": "downloaded_images/Movies/Inception/image_20241018_133129_1.jpg",
    "conversations": [
      {
        "from": "human",
        "value": "<image>\nWho directed this film?"
      },
      {
        "from": "gpt",
        "value": "**Christopher Nolan**"
      }
    ]
  },
  {
    "id": "26",
    "image": "downloaded_images/Movies/Inception/image_20241018_133139_2.jpg",
    "conversations": [
      {
        "from": "human",
        "value": "<image>\nWhen was this film released?"
      },
      {
        "from": "gpt",
        "value": "**July 16, 2010**"
      }
    ]
  },
  {
    "id": "27",
    "image": "downloaded_images/Movies/Inception/image_20241018_133139_2.jpg",
    "conversations": [
      {
        "from": "human",
        "value": "<image>\nWho are the main actors or actresses in this movie?"
      },
      {
        "from": "gpt",
        "value": "**Leonardo DiCaprio, Joseph Gordon-Levitt, Ellen Page, Tom Hardy, Ken Watanabe, Cillian Murphy, and Marion Cotillard.**"
      }
    ]
  },
  {
    "id": "28",
    "image": "downloaded_images/Movies/Inception/image_20241018_133150_3.jpg",
    "conversations": [
      {
        "from": "human",
        "value": "<image>\nWhat is the central plot or storyline of this movie?"
      },
      {
        "from": "gpt",
        "value": "**Inception follows Dom Cobb, a skilled thief who specializes in the art of extraction, stealing secrets from deep within the subconscious during the dream state. He is offered a chance to have his criminal history erased if he can successfully perform \"inception,\" the act of planting an idea into a target's mind. Cobb assembles a team to delve into layered dreams, facing various challenges and confrontations with his own past as they navigate the complexities of the dream world.**"
      }
    ]
  },
  {
    "id": "29",
    "image": "downloaded_images/Movies/Inception/image_20241107_110110_8.jpg",
    "conversations": [
      {
        "from": "human",
        "value": "<image>\nWhat is the title of this movie?"
      },
      {
        "from": "gpt",
        "value": "**Inception**"
      }
    ]
  },
  {
    "id": "30",
    "image": "downloaded_images/Movies/Inception/image_20241018_133353_16.jpg",
    "conversations": [
      {
        "from": "human",
        "value": "<image>\nWhat is the title of this movie?"
      },
      {
        "from": "gpt",
        "value": "**Inception**"
      }
    ]
  },
  {
    "id": "31",
    "image": "downloaded_images/Movies/Inception/image_20241107_110119_9.jpg",
    "conversations": [
      {
        "from": "human",
        "value": "<image>\nWhat is the title of this movie?"
      },
      {
        "from": "gpt",
        "value": "**Inception**"
      }
    ]
  },
  {
    "id": "32",
    "image": "downloaded_images/Movies/Inception/image_20241107_110015_2.jpg",
    "conversations": [
      {
        "from": "human",
        "value": "<image>\nWhat is the title of this movie?"
      },
      {
        "from": "gpt",
        "value": "**Inception**"
      }
    ]
  },
  {
    "id": "33",
    "image": "downloaded_images/Movies/Inception/image_20241107_110319_22.jpg",
    "conversations": [
      {
        "from": "human",
        "value": "<image>\nWhat is the title of this movie?"
      },
      {
        "from": "gpt",
        "value": "**Inception**"
      }
    ]
  },
  {
    "id": "34",
    "image": "downloaded_images/Movies/Inception/image_20241018_133223_7.jpg",
    "conversations": [
      {
        "from": "human",
        "value": "<image>\nWho directed this film?"
      },
      {
        "from": "gpt",
        "value": "**Christopher Nolan**"
      }
    ]
  },
  {
    "id": "35",
    "image": "downloaded_images/Movies/Inception/image_20241107_110402_27.jpg",
    "conversations": [
      {
        "from": "human",
        "value": "<image>\nWho directed this film?"
      },
      {
        "from": "gpt",
        "value": "**Christopher Nolan**"
      }
    ]
  },
  {
    "id": "36",
    "image": "downloaded_images/Movies/Inception/image_20241018_133159_4.jpg",
    "conversations": [
      {
        "from": "human",
        "value": "<image>\nWho directed this film?"
      },
      {
        "from": "gpt",
        "value": "**Christopher Nolan**"
      }
    ]
  },
  {
    "id": "37",
    "image": "downloaded_images/Movies/Inception/image_20241018_133232_8.jpg",
    "conversations": [
      {
        "from": "human",
        "value": "<image>\nWho directed this film?"
      },
      {
        "from": "gpt",
        "value": "**Christopher Nolan**"
      }
    ]
  },
  {
    "id": "38",
    "image": "downloaded_images/Movies/Inception/image_20241107_110420_29.jpg",
    "conversations": [
      {
        "from": "human",
        "value": "<image>\nWho directed this film?"
      },
      {
        "from": "gpt",
        "value": "**Christopher Nolan**"
      }
    ]
  },
  {
    "id": "39",
    "image": "downloaded_images/Movies/Inception/image_20241107_110420_29.jpg",
    "conversations": [
      {
        "from": "human",
        "value": "<image>\nWhen was this film released?"
      },
      {
        "from": "gpt",
        "value": "**July 16, 2010**"
      }
    ]
  },
  {
    "id": "40",
    "image": "downloaded_images/Movies/Inception/image_20241107_110301_20.jpg",
    "conversations": [
      {
        "from": "human",
        "value": "<image>\nWhen was this film released?"
      },
      {
        "from": "gpt",
        "value": "**July 16, 2010**"
      }
    ]
  },
  {
    "id": "41",
    "image": "downloaded_images/Movies/Inception/image_20241107_110033_4.jpg",
    "conversations": [
      {
        "from": "human",
        "value": "<image>\nWhen was this film released?"
      },
      {
        "from": "gpt",
        "value": "**July 16, 2010**"
      }
    ]
  },
  {
    "id": "42",
    "image": "downloaded_images/Movies/Inception/image_20241107_110402_27.jpg",
    "conversations": [
      {
        "from": "human",
        "value": "<image>\nWhen was this film released?"
      },
      {
        "from": "gpt",
        "value": "**July 16, 2010**"
      }
    ]
  },
  {
    "id": "43",
    "image": "downloaded_images/Movies/Inception/image_20241107_110015_2.jpg",
    "conversations": [
      {
        "from": "human",
        "value": "<image>\nWhen was this film released?"
      },
      {
        "from": "gpt",
        "value": "**July 16, 2010**"
      }
    ]
  },
  {
    "id": "44",
    "image": "downloaded_images/Movies/Inception/image_20241107_110042_5.jpg",
    "conversations": [
      {
        "from": "human",
        "value": "<image>\nWho are the main actors or actresses in this movie?"
      },
      {
        "from": "gpt",
        "value": "**Leonardo DiCaprio, Joseph Gordon-Levitt, Ellen Page, Tom Hardy, Ken Watanabe, Cillian Murphy, and Marion Cotillard.**"
      }
    ]
  },
  {
    "id": "45",
    "image": "downloaded_images/Movies/Inception/image_20241107_110101_7.jpg",
    "conversations": [
      {
        "from": "human",
        "value": "<image>\nWho are the main actors or actresses in this movie?"
      },
      {
        "from": "gpt",
        "value": "**Leonardo DiCaprio, Joseph Gordon-Levitt, Ellen Page, Tom Hardy, Ken Watanabe, Cillian Murphy, and Marion Cotillard.**"
      }
    ]
  },
  {
    "id": "46",
    "image": "downloaded_images/Movies/Inception/image_20241107_110119_9.jpg",
    "conversations": [
      {
        "from": "human",
        "value": "<image>\nWho are the main actors or actresses in this movie?"
      },
      {
        "from": "gpt",
        "value": "**Leonardo DiCaprio, Joseph Gordon-Levitt, Ellen Page, Tom Hardy, Ken Watanabe, Cillian Murphy, and Marion Cotillard.**"
      }
    ]
  },
  {
    "id": "47",
    "image": "downloaded_images/Movies/Inception/image_20241107_110319_22.jpg",
    "conversations": [
      {
        "from": "human",
        "value": "<image>\nWho are the main actors or actresses in this movie?"
      },
      {
        "from": "gpt",
        "value": "**Leonardo DiCaprio, Joseph Gordon-Levitt, Ellen Page, Tom Hardy, Ken Watanabe, Cillian Murphy, and Marion Cotillard.**"
      }
    ]
  },
  {
    "id": "48",
    "image": "downloaded_images/Movies/Inception/image_20241107_110344_25.jpg",
    "conversations": [
      {
        "from": "human",
        "value": "<image>\nWho are the main actors or actresses in this movie?"
      },
      {
        "from": "gpt",
        "value": "**Leonardo DiCaprio, Joseph Gordon-Levitt, Ellen Page, Tom Hardy, Ken Watanabe, Cillian Murphy, and Marion Cotillard.**"
      }
    ]
  },
  {
    "id": "49",
    "image": "downloaded_images/Movies/Inception/image_20241107_110150_12.jpg",
    "conversations": [
      {
        "from": "human",
        "value": "<image>\nWhat is the central plot or storyline of this movie?"
      },
      {
        "from": "gpt",
        "value": "**Inception follows Dom Cobb, a skilled thief who specializes in the art of extraction, stealing secrets from deep within the subconscious during the dream state. He is offered a chance to have his criminal history erased if he can successfully perform \"inception,\" the act of planting an idea into a target's mind. Cobb assembles a team to delve into layered dreams, facing various challenges and confrontations with his own past as they navigate the complexities of the dream world.**"
      }
    ]
  },
  {
    "id": "50",
    "image": "downloaded_images/Movies/Inception/image_20241107_110310_21.jpg",
    "conversations": [
      {
        "from": "human",
        "value": "<image>\nWhat is the central plot or storyline of this movie?"
      },
      {
        "from": "gpt",
        "value": "**Inception follows Dom Cobb, a skilled thief who specializes in the art of extraction, stealing secrets from deep within the subconscious during the dream state. He is offered a chance to have his criminal history erased if he can successfully perform \"inception,\" the act of planting an idea into a target's mind. Cobb assembles a team to delve into layered dreams, facing various challenges and confrontations with his own past as they navigate the complexities of the dream world.**"
      }
    ]
  },
  {
    "id": "51",
    "image": "downloaded_images/Movies/Inception/image_20241107_110140_11.jpg",
    "conversations": [
      {
        "from": "human",
        "value": "<image>\nWhat is the central plot or storyline of this movie?"
      },
      {
        "from": "gpt",
        "value": "**Inception follows Dom Cobb, a skilled thief who specializes in the art of extraction, stealing secrets from deep within the subconscious during the dream state. He is offered a chance to have his criminal history erased if he can successfully perform \"inception,\" the act of planting an idea into a target's mind. Cobb assembles a team to delve into layered dreams, facing various challenges and confrontations with his own past as they navigate the complexities of the dream world.**"
      }
    ]
  },
  {
    "id": "52",
    "image": "downloaded_images/Movies/Inception/image_20241107_110244_18.jpg",
    "conversations": [
      {
        "from": "human",
        "value": "<image>\nWhat is the central plot or storyline of this movie?"
      },
      {
        "from": "gpt",
        "value": "**Inception follows Dom Cobb, a skilled thief who specializes in the art of extraction, stealing secrets from deep within the subconscious during the dream state. He is offered a chance to have his criminal history erased if he can successfully perform \"inception,\" the act of planting an idea into a target's mind. Cobb assembles a team to delve into layered dreams, facing various challenges and confrontations with his own past as they navigate the complexities of the dream world.**"
      }
    ]
  },
  {
    "id": "53",
    "image": "downloaded_images/Movies/Inception/image_20241107_110344_25.jpg",
    "conversations": [
      {
        "from": "human",
        "value": "<image>\nWhat is the central plot or storyline of this movie?"
      },
      {
        "from": "gpt",
        "value": "**Inception follows Dom Cobb, a skilled thief who specializes in the art of extraction, stealing secrets from deep within the subconscious during the dream state. He is offered a chance to have his criminal history erased if he can successfully perform \"inception,\" the act of planting an idea into a target's mind. Cobb assembles a team to delve into layered dreams, facing various challenges and confrontations with his own past as they navigate the complexities of the dream world.**"
      }
    ]
  },
  {
    "id": "100024",
    "image": "downloaded_images/Movies/Inception/image_20241018_133129_1.jpg",
    "conversations": [
      {
        "from": "human",
        "value": "<image>\nWhat is the name of this movie?"
      },
      {
        "from": "gpt",
        "value": "**Inception**"
      }
    ]
  },
  {
    "id": "100025",
    "image": "downloaded_images/Movies/Inception/image_20241018_133129_1.jpg",
    "conversations": [
      {
        "from": "human",
        "value": "<image>\nWho is the director of this movie?"
      },
      {
        "from": "gpt",
        "value": "**Christopher Nolan**"
      }
    ]
  },
  {
    "id": "100026",
    "image": "downloaded_images/Movies/Inception/image_20241018_133139_2.jpg",
    "conversations": [
      {
        "from": "human",
        "value": "<image>\nWhen did this movie come out?"
      },
      {
        "from": "gpt",
        "value": "**July 16, 2010**"
      }
    ]
  },
  {
    "id": "100027",
    "image": "downloaded_images/Movies/Inception/image_20241018_133139_2.jpg",
    "conversations": [
      {
        "from": "human",
        "value": "<image>\nWho are the lead actors or actresses in this movie?"
      },
      {
        "from": "gpt",
        "value": "**Leonardo DiCaprio, Joseph Gordon-Levitt, Ellen Page, Tom Hardy, Ken Watanabe, Cillian Murphy, and Marion Cotillard.**"
      }
    ]
  },
  {
    "id": "100028",
    "image": "downloaded_images/Movies/Inception/image_20241018_133150_3.jpg",
    "conversations": [
      {
        "from": "human",
        "value": "<image>\nWhat is the main plot or storyline of this movie?"
      },
      {
        "from": "gpt",
        "value": "**Inception follows Dom Cobb, a skilled thief who specializes in the art of extraction, stealing secrets from deep within the subconscious during the dream state. He is offered a chance to have his criminal history erased if he can successfully perform \"inception,\" the act of planting an idea into a target's mind. Cobb assembles a team to delve into layered dreams, facing various challenges and confrontations with his own past as they navigate the complexities of the dream world.**"
      }
    ]
  },
  {
    "id": "100029",
    "image": "downloaded_images/Movies/Inception/image_20241107_110110_8.jpg",
    "conversations": [
      {
        "from": "human",
        "value": "<image>\nWhat is the name of this movie?"
      },
      {
        "from": "gpt",
        "value": "**Inception**"
      }
    ]
  },
  {
    "id": "100030",
    "image": "downloaded_images/Movies/Inception/image_20241018_133353_16.jpg",
    "conversations": [
      {
        "from": "human",
        "value": "<image>\nWhat is the name of this movie?"
      },
      {
        "from": "gpt",
        "value": "**Inception**"
      }
    ]
  },
  {
    "id": "100031",
    "image": "downloaded_images/Movies/Inception/image_20241107_110119_9.jpg",
    "conversations": [
      {
        "from": "human",
        "value": "<image>\nWhat is the name of this movie?"
      },
      {
        "from": "gpt",
        "value": "**Inception**"
      }
    ]
  },
  {
    "id": "100032",
    "image": "downloaded_images/Movies/Inception/image_20241107_110015_2.jpg",
    "conversations": [
      {
        "from": "human",
        "value": "<image>\nWhat is the name of this movie?"
      },
      {
        "from": "gpt",
        "value": "**Inception**"
      }
    ]
  },
  {
    "id": "100033",
    "image": "downloaded_images/Movies/Inception/image_20241107_110319_22.jpg",
    "conversations": [
      {
        "from": "human",
        "value": "<image>\nWhat is the name of this movie?"
      },
      {
        "from": "gpt",
        "value": "**Inception**"
      }
    ]
  },
  {
    "id": "100034",
    "image": "downloaded_images/Movies/Inception/image_20241018_133223_7.jpg",
    "conversations": [
      {
        "from": "human",
        "value": "<image>\nWho is the director of this movie?"
      },
      {
        "from": "gpt",
        "value": "**Christopher Nolan**"
      }
    ]
  },
  {
    "id": "100035",
    "image": "downloaded_images/Movies/Inception/image_20241107_110402_27.jpg",
    "conversations": [
      {
        "from": "human",
        "value": "<image>\nWho is the director of this movie?"
      },
      {
        "from": "gpt",
        "value": "**Christopher Nolan**"
      }
    ]
  },
  {
    "id": "100036",
    "image": "downloaded_images/Movies/Inception/image_20241018_133159_4.jpg",
    "conversations": [
      {
        "from": "human",
        "value": "<image>\nWho is the director of this movie?"
      },
      {
        "from": "gpt",
        "value": "**Christopher Nolan**"
      }
    ]
  },
  {
    "id": "100037",
    "image": "downloaded_images/Movies/Inception/image_20241018_133232_8.jpg",
    "conversations": [
      {
        "from": "human",
        "value": "<image>\nWho is the director of this movie?"
      },
      {
        "from": "gpt",
        "value": "**Christopher Nolan**"
      }
    ]
  },
  {
    "id": "100038",
    "image": "downloaded_images/Movies/Inception/image_20241107_110420_29.jpg",
    "conversations": [
      {
        "from": "human",
        "value": "<image>\nWho is the director of this movie?"
      },
      {
        "from": "gpt",
        "value": "**Christopher Nolan**"
      }
    ]
  },
  {
    "id": "100039",
    "image": "downloaded_images/Movies/Inception/image_20241107_110420_29.jpg",
    "conversations": [
      {
        "from": "human",
        "value": "<image>\nWhen did this movie come out?"
      },
      {
        "from": "gpt",
        "value": "**July 16, 2010**"
      }
    ]
  },
  {
    "id": "100040",
    "image": "downloaded_images/Movies/Inception/image_20241107_110301_20.jpg",
    "conversations": [
      {
        "from": "human",
        "value": "<image>\nWhen did this movie come out?"
      },
      {
        "from": "gpt",
        "value": "**July 16, 2010**"
      }
    ]
  },
  {
    "id": "100041",
    "image": "downloaded_images/Movies/Inception/image_20241107_110033_4.jpg",
    "conversations": [
      {
        "from": "human",
        "value": "<image>\nWhen did this movie come out?"
      },
      {
        "from": "gpt",
        "value": "**July 16, 2010**"
      }
    ]
  },
  {
    "id": "100042",
    "image": "downloaded_images/Movies/Inception/image_20241107_110402_27.jpg",
    "conversations": [
      {
        "from": "human",
        "value": "<image>\nWhen did this movie come out?"
      },
      {
        "from": "gpt",
        "value": "**July 16, 2010**"
      }
    ]
  },
  {
    "id": "100043",
    "image": "downloaded_images/Movies/Inception/image_20241107_110015_2.jpg",
    "conversations": [
      {
        "from": "human",
        "value": "<image>\nWhen did this movie come out?"
      },
      {
        "from": "gpt",
        "value": "**July 16, 2010**"
      }
    ]
  },
  {
    "id": "100044",
    "image": "downloaded_images/Movies/Inception/image_20241107_110042_5.jpg",
    "conversations": [
      {
        "from": "human",
        "value": "<image>\nWho are the lead actors or actresses in this movie?"
      },
      {
        "from": "gpt",
        "value": "**Leonardo DiCaprio, Joseph Gordon-Levitt, Ellen Page, Tom Hardy, Ken Watanabe, Cillian Murphy, and Marion Cotillard.**"
      }
    ]
  },
  {
    "id": "100045",
    "image": "downloaded_images/Movies/Inception/image_20241107_110101_7.jpg",
    "conversations": [
      {
        "from": "human",
        "value": "<image>\nWho are the lead actors or actresses in this movie?"
      },
      {
        "from": "gpt",
        "value": "**Leonardo DiCaprio, Joseph Gordon-Levitt, Ellen Page, Tom Hardy, Ken Watanabe, Cillian Murphy, and Marion Cotillard.**"
      }
    ]
  },
  {
    "id": "100046",
    "image": "downloaded_images/Movies/Inception/image_20241107_110119_9.jpg",
    "conversations": [
      {
        "from": "human",
        "value": "<image>\nWho are the lead actors or actresses in this movie?"
      },
      {
        "from": "gpt",
        "value": "**Leonardo DiCaprio, Joseph Gordon-Levitt, Ellen Page, Tom Hardy, Ken Watanabe, Cillian Murphy, and Marion Cotillard.**"
      }
    ]
  },
  {
    "id": "100047",
    "image": "downloaded_images/Movies/Inception/image_20241107_110319_22.jpg",
    "conversations": [
      {
        "from": "human",
        "value": "<image>\nWho are the lead actors or actresses in this movie?"
      },
      {
        "from": "gpt",
        "value": "**Leonardo DiCaprio, Joseph Gordon-Levitt, Ellen Page, Tom Hardy, Ken Watanabe, Cillian Murphy, and Marion Cotillard.**"
      }
    ]
  },
  {
    "id": "100048",
    "image": "downloaded_images/Movies/Inception/image_20241107_110344_25.jpg",
    "conversations": [
      {
        "from": "human",
        "value": "<image>\nWho are the lead actors or actresses in this movie?"
      },
      {
        "from": "gpt",
        "value": "**Leonardo DiCaprio, Joseph Gordon-Levitt, Ellen Page, Tom Hardy, Ken Watanabe, Cillian Murphy, and Marion Cotillard.**"
      }
    ]
  },
  {
    "id": "100049",
    "image": "downloaded_images/Movies/Inception/image_20241107_110150_12.jpg",
    "conversations": [
      {
        "from": "human",
        "value": "<image>\nWhat is the main plot or storyline of this movie?"
      },
      {
        "from": "gpt",
        "value": "**Inception follows Dom Cobb, a skilled thief who specializes in the art of extraction, stealing secrets from deep within the subconscious during the dream state. He is offered a chance to have his criminal history erased if he can successfully perform \"inception,\" the act of planting an idea into a target's mind. Cobb assembles a team to delve into layered dreams, facing various challenges and confrontations with his own past as they navigate the complexities of the dream world.**"
      }
    ]
  },
  {
    "id": "100050",
    "image": "downloaded_images/Movies/Inception/image_20241107_110310_21.jpg",
    "conversations": [
      {
        "from": "human",
        "value": "<image>\nWhat is the main plot or storyline of this movie?"
      },
      {
        "from": "gpt",
        "value": "**Inception follows Dom Cobb, a skilled thief who specializes in the art of extraction, stealing secrets from deep within the subconscious during the dream state. He is offered a chance to have his criminal history erased if he can successfully perform \"inception,\" the act of planting an idea into a target's mind. Cobb assembles a team to delve into layered dreams, facing various challenges and confrontations with his own past as they navigate the complexities of the dream world.**"
      }
    ]
  },
  {
    "id": "100051",
    "image": "downloaded_images/Movies/Inception/image_20241107_110140_11.jpg",
    "conversations": [
      {
        "from": "human",
        "value": "<image>\nWhat is the main plot or storyline of this movie?"
      },
      {
        "from": "gpt",
        "value": "**Inception follows Dom Cobb, a skilled thief who specializes in the art of extraction, stealing secrets from deep within the subconscious during the dream state. He is offered a chance to have his criminal history erased if he can successfully perform \"inception,\" the act of planting an idea into a target's mind. Cobb assembles a team to delve into layered dreams, facing various challenges and confrontations with his own past as they navigate the complexities of the dream world.**"
      }
    ]
  },
  {
    "id": "100052",
    "image": "downloaded_images/Movies/Inception/image_20241107_110244_18.jpg",
    "conversations": [
      {
        "from": "human",
        "value": "<image>\nWhat is the main plot or storyline of this movie?"
      },
      {
        "from": "gpt",
        "value": "**Inception follows Dom Cobb, a skilled thief who specializes in the art of extraction, stealing secrets from deep within the subconscious during the dream state. He is offered a chance to have his criminal history erased if he can successfully perform \"inception,\" the act of planting an idea into a target's mind. Cobb assembles a team to delve into layered dreams, facing various challenges and confrontations with his own past as they navigate the complexities of the dream world.**"
      }
    ]
  },
  {
    "id": "100053",
    "image": "downloaded_images/Movies/Inception/image_20241107_110344_25.jpg",
    "conversations": [
      {
        "from": "human",
        "value": "<image>\nWhat is the main plot or storyline of this movie?"
      },
      {
        "from": "gpt",
        "value": "**Inception follows Dom Cobb, a skilled thief who specializes in the art of extraction, stealing secrets from deep within the subconscious during the dream state. He is offered a chance to have his criminal history erased if he can successfully perform \"inception,\" the act of planting an idea into a target's mind. Cobb assembles a team to delve into layered dreams, facing various challenges and confrontations with his own past as they navigate the complexities of the dream world.**"
      }
    ]
  },
  {
    "id": "200024",
    "image": "downloaded_images/Movies/Inception/image_20241018_133129_1.jpg",
    "conversations": [
      {
        "from": "human",
        "value": "<image>\nWhat is the title of this film?"
      },
      {
        "from": "gpt",
        "value": "**Inception**"
      }
    ]
  },
  {
    "id": "200025",
    "image": "downloaded_images/Movies/Inception/image_20241018_133129_1.jpg",
    "conversations": [
      {
        "from": "human",
        "value": "<image>\nThis film is directed by whom?"
      },
      {
        "from": "gpt",
        "value": "**Christopher Nolan**"
      }
    ]
  },
  {
    "id": "200026",
    "image": "downloaded_images/Movies/Inception/image_20241018_133139_2.jpg",
    "conversations": [
      {
        "from": "human",
        "value": "<image>\nWhat year was this film released?"
      },
      {
        "from": "gpt",
        "value": "**July 16, 2010**"
      }
    ]
  },
  {
    "id": "200027",
    "image": "downloaded_images/Movies/Inception/image_20241018_133139_2.jpg",
    "conversations": [
      {
        "from": "human",
        "value": "<image>\nWho plays the main roles in this film?"
      },
      {
        "from": "gpt",
        "value": "**Leonardo DiCaprio, Joseph Gordon-Levitt, Ellen Page, Tom Hardy, Ken Watanabe, Cillian Murphy, and Marion Cotillard.**"
      }
    ]
  },
  {
    "id": "200028",
    "image": "downloaded_images/Movies/Inception/image_20241018_133150_3.jpg",
    "conversations": [
      {
        "from": "human",
        "value": "<image>\nWhat is the central theme of this film?"
      },
      {
        "from": "gpt",
        "value": "**Inception follows Dom Cobb, a skilled thief who specializes in the art of extraction, stealing secrets from deep within the subconscious during the dream state. He is offered a chance to have his criminal history erased if he can successfully perform \"inception,\" the act of planting an idea into a target's mind. Cobb assembles a team to delve into layered dreams, facing various challenges and confrontations with his own past as they navigate the complexities of the dream world.**"
      }
    ]
  },
  {
    "id": "200029",
    "image": "downloaded_images/Movies/Inception/image_20241107_110110_8.jpg",
    "conversations": [
      {
        "from": "human",
        "value": "<image>\nWhat is the title of this film?"
      },
      {
        "from": "gpt",
        "value": "**Inception**"
      }
    ]
  },
  {
    "id": "200030",
    "image": "downloaded_images/Movies/Inception/image_20241018_133353_16.jpg",
    "conversations": [
      {
        "from": "human",
        "value": "<image>\nWhat is the title of this film?"
      },
      {
        "from": "gpt",
        "value": "**Inception**"
      }
    ]
  },
  {
    "id": "200031",
    "image": "downloaded_images/Movies/Inception/image_20241107_110119_9.jpg",
    "conversations": [
      {
        "from": "human",
        "value": "<image>\nWhat is the title of this film?"
      },
      {
        "from": "gpt",
        "value": "**Inception**"
      }
    ]
  },
  {
    "id": "200032",
    "image": "downloaded_images/Movies/Inception/image_20241107_110015_2.jpg",
    "conversations": [
      {
        "from": "human",
        "value": "<image>\nWhat is the title of this film?"
      },
      {
        "from": "gpt",
        "value": "**Inception**"
      }
    ]
  },
  {
    "id": "200033",
    "image": "downloaded_images/Movies/Inception/image_20241107_110319_22.jpg",
    "conversations": [
      {
        "from": "human",
        "value": "<image>\nWhat is the title of this film?"
      },
      {
        "from": "gpt",
        "value": "**Inception**"
      }
    ]
  },
  {
    "id": "200034",
    "image": "downloaded_images/Movies/Inception/image_20241018_133223_7.jpg",
    "conversations": [
      {
        "from": "human",
        "value": "<image>\nThis film is directed by whom?"
      },
      {
        "from": "gpt",
        "value": "**Christopher Nolan**"
      }
    ]
  },
  {
    "id": "200035",
    "image": "downloaded_images/Movies/Inception/image_20241107_110402_27.jpg",
    "conversations": [
      {
        "from": "human",
        "value": "<image>\nThis film is directed by whom?"
      },
      {
        "from": "gpt",
        "value": "**Christopher Nolan**"
      }
    ]
  },
  {
    "id": "200036",
    "image": "downloaded_images/Movies/Inception/image_20241018_133159_4.jpg",
    "conversations": [
      {
        "from": "human",
        "value": "<image>\nThis film is directed by whom?"
      },
      {
        "from": "gpt",
        "value": "**Christopher Nolan**"
      }
    ]
  },
  {
    "id": "200037",
    "image": "downloaded_images/Movies/Inception/image_20241018_133232_8.jpg",
    "conversations": [
      {
        "from": "human",
        "value": "<image>\nThis film is directed by whom?"
      },
      {
        "from": "gpt",
        "value": "**Christopher Nolan**"
      }
    ]
  },
  {
    "id": "200038",
    "image": "downloaded_images/Movies/Inception/image_20241107_110420_29.jpg",
    "conversations": [
      {
        "from": "human",
        "value": "<image>\nThis film is directed by whom?"
      },
      {
        "from": "gpt",
        "value": "**Christopher Nolan**"
      }
    ]
  },
  {
    "id": "200039",
    "image": "downloaded_images/Movies/Inception/image_20241107_110420_29.jpg",
    "conversations": [
      {
        "from": "human",
        "value": "<image>\nWhat year was this film released?"
      },
      {
        "from": "gpt",
        "value": "**July 16, 2010**"
      }
    ]
  },
  {
    "id": "200040",
    "image": "downloaded_images/Movies/Inception/image_20241107_110301_20.jpg",
    "conversations": [
      {
        "from": "human",
        "value": "<image>\nWhat year was this film released?"
      },
      {
        "from": "gpt",
        "value": "**July 16, 2010**"
      }
    ]
  },
  {
    "id": "200041",
    "image": "downloaded_images/Movies/Inception/image_20241107_110033_4.jpg",
    "conversations": [
      {
        "from": "human",
        "value": "<image>\nWhat year was this film released?"
      },
      {
        "from": "gpt",
        "value": "**July 16, 2010**"
      }
    ]
  },
  {
    "id": "200042",
    "image": "downloaded_images/Movies/Inception/image_20241107_110402_27.jpg",
    "conversations": [
      {
        "from": "human",
        "value": "<image>\nWhat year was this film released?"
      },
      {
        "from": "gpt",
        "value": "**July 16, 2010**"
      }
    ]
  },
  {
    "id": "200043",
    "image": "downloaded_images/Movies/Inception/image_20241107_110015_2.jpg",
    "conversations": [
      {
        "from": "human",
        "value": "<image>\nWhat year was this film released?"
      },
      {
        "from": "gpt",
        "value": "**July 16, 2010**"
      }
    ]
  },
  {
    "id": "200044",
    "image": "downloaded_images/Movies/Inception/image_20241107_110042_5.jpg",
    "conversations": [
      {
        "from": "human",
        "value": "<image>\nWho plays the main roles in this film?"
      },
      {
        "from": "gpt",
        "value": "**Leonardo DiCaprio, Joseph Gordon-Levitt, Ellen Page, Tom Hardy, Ken Watanabe, Cillian Murphy, and Marion Cotillard.**"
      }
    ]
  },
  {
    "id": "200045",
    "image": "downloaded_images/Movies/Inception/image_20241107_110101_7.jpg",
    "conversations": [
      {
        "from": "human",
        "value": "<image>\nWho plays the main roles in this film?"
      },
      {
        "from": "gpt",
        "value": "**Leonardo DiCaprio, Joseph Gordon-Levitt, Ellen Page, Tom Hardy, Ken Watanabe, Cillian Murphy, and Marion Cotillard.**"
      }
    ]
  },
  {
    "id": "200046",
    "image": "downloaded_images/Movies/Inception/image_20241107_110119_9.jpg",
    "conversations": [
      {
        "from": "human",
        "value": "<image>\nWho plays the main roles in this film?"
      },
      {
        "from": "gpt",
        "value": "**Leonardo DiCaprio, Joseph Gordon-Levitt, Ellen Page, Tom Hardy, Ken Watanabe, Cillian Murphy, and Marion Cotillard.**"
      }
    ]
  },
  {
    "id": "200047",
    "image": "downloaded_images/Movies/Inception/image_20241107_110319_22.jpg",
    "conversations": [
      {
        "from": "human",
        "value": "<image>\nWho plays the main roles in this film?"
      },
      {
        "from": "gpt",
        "value": "**Leonardo DiCaprio, Joseph Gordon-Levitt, Ellen Page, Tom Hardy, Ken Watanabe, Cillian Murphy, and Marion Cotillard.**"
      }
    ]
  },
  {
    "id": "200048",
    "image": "downloaded_images/Movies/Inception/image_20241107_110344_25.jpg",
    "conversations": [
      {
        "from": "human",
        "value": "<image>\nWho plays the main roles in this film?"
      },
      {
        "from": "gpt",
        "value": "**Leonardo DiCaprio, Joseph Gordon-Levitt, Ellen Page, Tom Hardy, Ken Watanabe, Cillian Murphy, and Marion Cotillard.**"
      }
    ]
  },
  {
    "id": "200049",
    "image": "downloaded_images/Movies/Inception/image_20241107_110150_12.jpg",
    "conversations": [
      {
        "from": "human",
        "value": "<image>\nWhat is the central theme of this film?"
      },
      {
        "from": "gpt",
        "value": "**Inception follows Dom Cobb, a skilled thief who specializes in the art of extraction, stealing secrets from deep within the subconscious during the dream state. He is offered a chance to have his criminal history erased if he can successfully perform \"inception,\" the act of planting an idea into a target's mind. Cobb assembles a team to delve into layered dreams, facing various challenges and confrontations with his own past as they navigate the complexities of the dream world.**"
      }
    ]
  },
  {
    "id": "200050",
    "image": "downloaded_images/Movies/Inception/image_20241107_110310_21.jpg",
    "conversations": [
      {
        "from": "human",
        "value": "<image>\nWhat is the central theme of this film?"
      },
      {
        "from": "gpt",
        "value": "**Inception follows Dom Cobb, a skilled thief who specializes in the art of extraction, stealing secrets from deep within the subconscious during the dream state. He is offered a chance to have his criminal history erased if he can successfully perform \"inception,\" the act of planting an idea into a target's mind. Cobb assembles a team to delve into layered dreams, facing various challenges and confrontations with his own past as they navigate the complexities of the dream world.**"
      }
    ]
  },
  {
    "id": "200051",
    "image": "downloaded_images/Movies/Inception/image_20241107_110140_11.jpg",
    "conversations": [
      {
        "from": "human",
        "value": "<image>\nWhat is the central theme of this film?"
      },
      {
        "from": "gpt",
        "value": "**Inception follows Dom Cobb, a skilled thief who specializes in the art of extraction, stealing secrets from deep within the subconscious during the dream state. He is offered a chance to have his criminal history erased if he can successfully perform \"inception,\" the act of planting an idea into a target's mind. Cobb assembles a team to delve into layered dreams, facing various challenges and confrontations with his own past as they navigate the complexities of the dream world.**"
      }
    ]
  },
  {
    "id": "200052",
    "image": "downloaded_images/Movies/Inception/image_20241107_110244_18.jpg",
    "conversations": [
      {
        "from": "human",
        "value": "<image>\nWhat is the central theme of this film?"
      },
      {
        "from": "gpt",
        "value": "**Inception follows Dom Cobb, a skilled thief who specializes in the art of extraction, stealing secrets from deep within the subconscious during the dream state. He is offered a chance to have his criminal history erased if he can successfully perform \"inception,\" the act of planting an idea into a target's mind. Cobb assembles a team to delve into layered dreams, facing various challenges and confrontations with his own past as they navigate the complexities of the dream world.**"
      }
    ]
  },
  {
    "id": "200053",
    "image": "downloaded_images/Movies/Inception/image_20241107_110344_25.jpg",
    "conversations": [
      {
        "from": "human",
        "value": "<image>\nWhat is the central theme of this film?"
      },
      {
        "from": "gpt",
        "value": "**Inception follows Dom Cobb, a skilled thief who specializes in the art of extraction, stealing secrets from deep within the subconscious during the dream state. He is offered a chance to have his criminal history erased if he can successfully perform \"inception,\" the act of planting an idea into a target's mind. Cobb assembles a team to delve into layered dreams, facing various challenges and confrontations with his own past as they navigate the complexities of the dream world.**"
      }
    ]
  },
  {
    "id": "300024",
    "image": "downloaded_images/Movies/Inception/image_20241018_133129_1.jpg",
    "conversations": [
      {
        "from": "human",
        "value": "<image>\nHow is this movie referred to?"
      },
      {
        "from": "gpt",
        "value": "**Inception**"
      }
    ]
  },
  {
    "id": "300025",
    "image": "downloaded_images/Movies/Inception/image_20241018_133129_1.jpg",
    "conversations": [
      {
        "from": "human",
        "value": "<image>\nWho was responsible for directing this movie?"
      },
      {
        "from": "gpt",
        "value": "**Christopher Nolan**"
      }
    ]
  },
  {
    "id": "300026",
    "image": "downloaded_images/Movies/Inception/image_20241018_133139_2.jpg",
    "conversations": [
      {
        "from": "human",
        "value": "<image>\nWhen was this movie first shown?"
      },
      {
        "from": "gpt",
        "value": "**July 16, 2010**"
      }
    ]
  },
  {
    "id": "300027",
    "image": "downloaded_images/Movies/Inception/image_20241018_133139_2.jpg",
    "conversations": [
      {
        "from": "human",
        "value": "<image>\nWho are the primary cast members of this movie?"
      },
      {
        "from": "gpt",
        "value": "**Leonardo DiCaprio, Joseph Gordon-Levitt, Ellen Page, Tom Hardy, Ken Watanabe, Cillian Murphy, and Marion Cotillard.**"
      }
    ]
  },
  {
    "id": "300028",
    "image": "downloaded_images/Movies/Inception/image_20241018_133150_3.jpg",
    "conversations": [
      {
        "from": "human",
        "value": "<image>\nCan you summarize the plot of this movie?"
      },
      {
        "from": "gpt",
        "value": "**Inception follows Dom Cobb, a skilled thief who specializes in the art of extraction, stealing secrets from deep within the subconscious during the dream state. He is offered a chance to have his criminal history erased if he can successfully perform \"inception,\" the act of planting an idea into a target's mind. Cobb assembles a team to delve into layered dreams, facing various challenges and confrontations with his own past as they navigate the complexities of the dream world.**"
      }
    ]
  },
  {
    "id": "300029",
    "image": "downloaded_images/Movies/Inception/image_20241107_110110_8.jpg",
    "conversations": [
      {
        "from": "human",
        "value": "<image>\nHow is this movie referred to?"
      },
      {
        "from": "gpt",
        "value": "**Inception**"
      }
    ]
  },
  {
    "id": "300030",
    "image": "downloaded_images/Movies/Inception/image_20241018_133353_16.jpg",
    "conversations": [
      {
        "from": "human",
        "value": "<image>\nHow is this movie referred to?"
      },
      {
        "from": "gpt",
        "value": "**Inception**"
      }
    ]
  },
  {
    "id": "300031",
    "image": "downloaded_images/Movies/Inception/image_20241107_110119_9.jpg",
    "conversations": [
      {
        "from": "human",
        "value": "<image>\nHow is this movie referred to?"
      },
      {
        "from": "gpt",
        "value": "**Inception**"
      }
    ]
  },
  {
    "id": "300032",
    "image": "downloaded_images/Movies/Inception/image_20241107_110015_2.jpg",
    "conversations": [
      {
        "from": "human",
        "value": "<image>\nHow is this movie referred to?"
      },
      {
        "from": "gpt",
        "value": "**Inception**"
      }
    ]
  },
  {
    "id": "300033",
    "image": "downloaded_images/Movies/Inception/image_20241107_110319_22.jpg",
    "conversations": [
      {
        "from": "human",
        "value": "<image>\nHow is this movie referred to?"
      },
      {
        "from": "gpt",
        "value": "**Inception**"
      }
    ]
  },
  {
    "id": "300034",
    "image": "downloaded_images/Movies/Inception/image_20241018_133223_7.jpg",
    "conversations": [
      {
        "from": "human",
        "value": "<image>\nWho was responsible for directing this movie?"
      },
      {
        "from": "gpt",
        "value": "**Christopher Nolan**"
      }
    ]
  },
  {
    "id": "300035",
    "image": "downloaded_images/Movies/Inception/image_20241107_110402_27.jpg",
    "conversations": [
      {
        "from": "human",
        "value": "<image>\nWho was responsible for directing this movie?"
      },
      {
        "from": "gpt",
        "value": "**Christopher Nolan**"
      }
    ]
  },
  {
    "id": "300036",
    "image": "downloaded_images/Movies/Inception/image_20241018_133159_4.jpg",
    "conversations": [
      {
        "from": "human",
        "value": "<image>\nWho was responsible for directing this movie?"
      },
      {
        "from": "gpt",
        "value": "**Christopher Nolan**"
      }
    ]
  },
  {
    "id": "300037",
    "image": "downloaded_images/Movies/Inception/image_20241018_133232_8.jpg",
    "conversations": [
      {
        "from": "human",
        "value": "<image>\nWho was responsible for directing this movie?"
      },
      {
        "from": "gpt",
        "value": "**Christopher Nolan**"
      }
    ]
  },
  {
    "id": "300038",
    "image": "downloaded_images/Movies/Inception/image_20241107_110420_29.jpg",
    "conversations": [
      {
        "from": "human",
        "value": "<image>\nWho was responsible for directing this movie?"
      },
      {
        "from": "gpt",
        "value": "**Christopher Nolan**"
      }
    ]
  },
  {
    "id": "300039",
    "image": "downloaded_images/Movies/Inception/image_20241107_110420_29.jpg",
    "conversations": [
      {
        "from": "human",
        "value": "<image>\nWhen was this movie first shown?"
      },
      {
        "from": "gpt",
        "value": "**July 16, 2010**"
      }
    ]
  },
  {
    "id": "300040",
    "image": "downloaded_images/Movies/Inception/image_20241107_110301_20.jpg",
    "conversations": [
      {
        "from": "human",
        "value": "<image>\nWhen was this movie first shown?"
      },
      {
        "from": "gpt",
        "value": "**July 16, 2010**"
      }
    ]
  },
  {
    "id": "300041",
    "image": "downloaded_images/Movies/Inception/image_20241107_110033_4.jpg",
    "conversations": [
      {
        "from": "human",
        "value": "<image>\nWhen was this movie first shown?"
      },
      {
        "from": "gpt",
        "value": "**July 16, 2010**"
      }
    ]
  },
  {
    "id": "300042",
    "image": "downloaded_images/Movies/Inception/image_20241107_110402_27.jpg",
    "conversations": [
      {
        "from": "human",
        "value": "<image>\nWhen was this movie first shown?"
      },
      {
        "from": "gpt",
        "value": "**July 16, 2010**"
      }
    ]
  },
  {
    "id": "300043",
    "image": "downloaded_images/Movies/Inception/image_20241107_110015_2.jpg",
    "conversations": [
      {
        "from": "human",
        "value": "<image>\nWhen was this movie first shown?"
      },
      {
        "from": "gpt",
        "value": "**July 16, 2010**"
      }
    ]
  },
  {
    "id": "300044",
    "image": "downloaded_images/Movies/Inception/image_20241107_110042_5.jpg",
    "conversations": [
      {
        "from": "human",
        "value": "<image>\nWho are the primary cast members of this movie?"
      },
      {
        "from": "gpt",
        "value": "**Leonardo DiCaprio, Joseph Gordon-Levitt, Ellen Page, Tom Hardy, Ken Watanabe, Cillian Murphy, and Marion Cotillard.**"
      }
    ]
  },
  {
    "id": "300045",
    "image": "downloaded_images/Movies/Inception/image_20241107_110101_7.jpg",
    "conversations": [
      {
        "from": "human",
        "value": "<image>\nWho are the primary cast members of this movie?"
      },
      {
        "from": "gpt",
        "value": "**Leonardo DiCaprio, Joseph Gordon-Levitt, Ellen Page, Tom Hardy, Ken Watanabe, Cillian Murphy, and Marion Cotillard.**"
      }
    ]
  },
  {
    "id": "300046",
    "image": "downloaded_images/Movies/Inception/image_20241107_110119_9.jpg",
    "conversations": [
      {
        "from": "human",
        "value": "<image>\nWho are the primary cast members of this movie?"
      },
      {
        "from": "gpt",
        "value": "**Leonardo DiCaprio, Joseph Gordon-Levitt, Ellen Page, Tom Hardy, Ken Watanabe, Cillian Murphy, and Marion Cotillard.**"
      }
    ]
  },
  {
    "id": "300047",
    "image": "downloaded_images/Movies/Inception/image_20241107_110319_22.jpg",
    "conversations": [
      {
        "from": "human",
        "value": "<image>\nWho are the primary cast members of this movie?"
      },
      {
        "from": "gpt",
        "value": "**Leonardo DiCaprio, Joseph Gordon-Levitt, Ellen Page, Tom Hardy, Ken Watanabe, Cillian Murphy, and Marion Cotillard.**"
      }
    ]
  },
  {
    "id": "300048",
    "image": "downloaded_images/Movies/Inception/image_20241107_110344_25.jpg",
    "conversations": [
      {
        "from": "human",
        "value": "<image>\nWho are the primary cast members of this movie?"
      },
      {
        "from": "gpt",
        "value": "**Leonardo DiCaprio, Joseph Gordon-Levitt, Ellen Page, Tom Hardy, Ken Watanabe, Cillian Murphy, and Marion Cotillard.**"
      }
    ]
  },
  {
    "id": "300049",
    "image": "downloaded_images/Movies/Inception/image_20241107_110150_12.jpg",
    "conversations": [
      {
        "from": "human",
        "value": "<image>\nCan you summarize the plot of this movie?"
      },
      {
        "from": "gpt",
        "value": "**Inception follows Dom Cobb, a skilled thief who specializes in the art of extraction, stealing secrets from deep within the subconscious during the dream state. He is offered a chance to have his criminal history erased if he can successfully perform \"inception,\" the act of planting an idea into a target's mind. Cobb assembles a team to delve into layered dreams, facing various challenges and confrontations with his own past as they navigate the complexities of the dream world.**"
      }
    ]
  },
  {
    "id": "300050",
    "image": "downloaded_images/Movies/Inception/image_20241107_110310_21.jpg",
    "conversations": [
      {
        "from": "human",
        "value": "<image>\nCan you summarize the plot of this movie?"
      },
      {
        "from": "gpt",
        "value": "**Inception follows Dom Cobb, a skilled thief who specializes in the art of extraction, stealing secrets from deep within the subconscious during the dream state. He is offered a chance to have his criminal history erased if he can successfully perform \"inception,\" the act of planting an idea into a target's mind. Cobb assembles a team to delve into layered dreams, facing various challenges and confrontations with his own past as they navigate the complexities of the dream world.**"
      }
    ]
  },
  {
    "id": "300051",
    "image": "downloaded_images/Movies/Inception/image_20241107_110140_11.jpg",
    "conversations": [
      {
        "from": "human",
        "value": "<image>\nCan you summarize the plot of this movie?"
      },
      {
        "from": "gpt",
        "value": "**Inception follows Dom Cobb, a skilled thief who specializes in the art of extraction, stealing secrets from deep within the subconscious during the dream state. He is offered a chance to have his criminal history erased if he can successfully perform \"inception,\" the act of planting an idea into a target's mind. Cobb assembles a team to delve into layered dreams, facing various challenges and confrontations with his own past as they navigate the complexities of the dream world.**"
      }
    ]
  },
  {
    "id": "300052",
    "image": "downloaded_images/Movies/Inception/image_20241107_110244_18.jpg",
    "conversations": [
      {
        "from": "human",
        "value": "<image>\nCan you summarize the plot of this movie?"
      },
      {
        "from": "gpt",
        "value": "**Inception follows Dom Cobb, a skilled thief who specializes in the art of extraction, stealing secrets from deep within the subconscious during the dream state. He is offered a chance to have his criminal history erased if he can successfully perform \"inception,\" the act of planting an idea into a target's mind. Cobb assembles a team to delve into layered dreams, facing various challenges and confrontations with his own past as they navigate the complexities of the dream world.**"
      }
    ]
  },
  {
    "id": "300053",
    "image": "downloaded_images/Movies/Inception/image_20241107_110344_25.jpg",
    "conversations": [
      {
        "from": "human",
        "value": "<image>\nCan you summarize the plot of this movie?"
      },
      {
        "from": "gpt",
        "value": "**Inception follows Dom Cobb, a skilled thief who specializes in the art of extraction, stealing secrets from deep within the subconscious during the dream state. He is offered a chance to have his criminal history erased if he can successfully perform \"inception,\" the act of planting an idea into a target's mind. Cobb assembles a team to delve into layered dreams, facing various challenges and confrontations with his own past as they navigate the complexities of the dream world.**"
      }
    ]
  },
  {
    "id": "400024",
    "image": "downloaded_images/Movies/Inception/image_20241018_133129_1.jpg",
    "conversations": [
      {
        "from": "human",
        "value": "<image>\nWhat do people call this film?"
      },
      {
        "from": "gpt",
        "value": "**Inception**"
      }
    ]
  },
  {
    "id": "400025",
    "image": "downloaded_images/Movies/Inception/image_20241018_133129_1.jpg",
    "conversations": [
      {
        "from": "human",
        "value": "<image>\nWho helmed this film?"
      },
      {
        "from": "gpt",
        "value": "**Christopher Nolan**"
      }
    ]
  },
  {
    "id": "400026",
    "image": "downloaded_images/Movies/Inception/image_20241018_133139_2.jpg",
    "conversations": [
      {
        "from": "human",
        "value": "<image>\nWhat is the release date of this film?"
      },
      {
        "from": "gpt",
        "value": "**July 16, 2010**"
      }
    ]
  },
  {
    "id": "400027",
    "image": "downloaded_images/Movies/Inception/image_20241018_133139_2.jpg",
    "conversations": [
      {
        "from": "human",
        "value": "<image>\nWhich actors or actresses are featured prominently in this film?"
      },
      {
        "from": "gpt",
        "value": "**Leonardo DiCaprio, Joseph Gordon-Levitt, Ellen Page, Tom Hardy, Ken Watanabe, Cillian Murphy, and Marion Cotillard.**"
      }
    ]
  },
  {
    "id": "400028",
    "image": "downloaded_images/Movies/Inception/image_20241018_133150_3.jpg",
    "conversations": [
      {
        "from": "human",
        "value": "<image>\nWhat is the basic storyline of this film?"
      },
      {
        "from": "gpt",
        "value": "**Inception follows Dom Cobb, a skilled thief who specializes in the art of extraction, stealing secrets from deep within the subconscious during the dream state. He is offered a chance to have his criminal history erased if he can successfully perform \"inception,\" the act of planting an idea into a target's mind. Cobb assembles a team to delve into layered dreams, facing various challenges and confrontations with his own past as they navigate the complexities of the dream world.**"
      }
    ]
  },
  {
    "id": "400029",
    "image": "downloaded_images/Movies/Inception/image_20241107_110110_8.jpg",
    "conversations": [
      {
        "from": "human",
        "value": "<image>\nWhat do people call this film?"
      },
      {
        "from": "gpt",
        "value": "**Inception**"
      }
    ]
  },
  {
    "id": "400030",
    "image": "downloaded_images/Movies/Inception/image_20241018_133353_16.jpg",
    "conversations": [
      {
        "from": "human",
        "value": "<image>\nWhat do people call this film?"
      },
      {
        "from": "gpt",
        "value": "**Inception**"
      }
    ]
  },
  {
    "id": "400031",
    "image": "downloaded_images/Movies/Inception/image_20241107_110119_9.jpg",
    "conversations": [
      {
        "from": "human",
        "value": "<image>\nWhat do people call this film?"
      },
      {
        "from": "gpt",
        "value": "**Inception**"
      }
    ]
  },
  {
    "id": "400032",
    "image": "downloaded_images/Movies/Inception/image_20241107_110015_2.jpg",
    "conversations": [
      {
        "from": "human",
        "value": "<image>\nWhat do people call this film?"
      },
      {
        "from": "gpt",
        "value": "**Inception**"
      }
    ]
  },
  {
    "id": "400033",
    "image": "downloaded_images/Movies/Inception/image_20241107_110319_22.jpg",
    "conversations": [
      {
        "from": "human",
        "value": "<image>\nWhat do people call this film?"
      },
      {
        "from": "gpt",
        "value": "**Inception**"
      }
    ]
  },
  {
    "id": "400034",
    "image": "downloaded_images/Movies/Inception/image_20241018_133223_7.jpg",
    "conversations": [
      {
        "from": "human",
        "value": "<image>\nWho helmed this film?"
      },
      {
        "from": "gpt",
        "value": "**Christopher Nolan**"
      }
    ]
  },
  {
    "id": "400035",
    "image": "downloaded_images/Movies/Inception/image_20241107_110402_27.jpg",
    "conversations": [
      {
        "from": "human",
        "value": "<image>\nWho helmed this film?"
      },
      {
        "from": "gpt",
        "value": "**Christopher Nolan**"
      }
    ]
  },
  {
    "id": "400036",
    "image": "downloaded_images/Movies/Inception/image_20241018_133159_4.jpg",
    "conversations": [
      {
        "from": "human",
        "value": "<image>\nWho helmed this film?"
      },
      {
        "from": "gpt",
        "value": "**Christopher Nolan**"
      }
    ]
  },
  {
    "id": "400037",
    "image": "downloaded_images/Movies/Inception/image_20241018_133232_8.jpg",
    "conversations": [
      {
        "from": "human",
        "value": "<image>\nWho helmed this film?"
      },
      {
        "from": "gpt",
        "value": "**Christopher Nolan**"
      }
    ]
  },
  {
    "id": "400038",
    "image": "downloaded_images/Movies/Inception/image_20241107_110420_29.jpg",
    "conversations": [
      {
        "from": "human",
        "value": "<image>\nWho helmed this film?"
      },
      {
        "from": "gpt",
        "value": "**Christopher Nolan**"
      }
    ]
  },
  {
    "id": "400039",
    "image": "downloaded_images/Movies/Inception/image_20241107_110420_29.jpg",
    "conversations": [
      {
        "from": "human",
        "value": "<image>\nWhat is the release date of this film?"
      },
      {
        "from": "gpt",
        "value": "**July 16, 2010**"
      }
    ]
  },
  {
    "id": "400040",
    "image": "downloaded_images/Movies/Inception/image_20241107_110301_20.jpg",
    "conversations": [
      {
        "from": "human",
        "value": "<image>\nWhat is the release date of this film?"
      },
      {
        "from": "gpt",
        "value": "**July 16, 2010**"
      }
    ]
  },
  {
    "id": "400041",
    "image": "downloaded_images/Movies/Inception/image_20241107_110033_4.jpg",
    "conversations": [
      {
        "from": "human",
        "value": "<image>\nWhat is the release date of this film?"
      },
      {
        "from": "gpt",
        "value": "**July 16, 2010**"
      }
    ]
  },
  {
    "id": "400042",
    "image": "downloaded_images/Movies/Inception/image_20241107_110402_27.jpg",
    "conversations": [
      {
        "from": "human",
        "value": "<image>\nWhat is the release date of this film?"
      },
      {
        "from": "gpt",
        "value": "**July 16, 2010**"
      }
    ]
  },
  {
    "id": "400043",
    "image": "downloaded_images/Movies/Inception/image_20241107_110015_2.jpg",
    "conversations": [
      {
        "from": "human",
        "value": "<image>\nWhat is the release date of this film?"
      },
      {
        "from": "gpt",
        "value": "**July 16, 2010**"
      }
    ]
  },
  {
    "id": "400044",
    "image": "downloaded_images/Movies/Inception/image_20241107_110042_5.jpg",
    "conversations": [
      {
        "from": "human",
        "value": "<image>\nWhich actors or actresses are featured prominently in this film?"
      },
      {
        "from": "gpt",
        "value": "**Leonardo DiCaprio, Joseph Gordon-Levitt, Ellen Page, Tom Hardy, Ken Watanabe, Cillian Murphy, and Marion Cotillard.**"
      }
    ]
  },
  {
    "id": "400045",
    "image": "downloaded_images/Movies/Inception/image_20241107_110101_7.jpg",
    "conversations": [
      {
        "from": "human",
        "value": "<image>\nWhich actors or actresses are featured prominently in this film?"
      },
      {
        "from": "gpt",
        "value": "**Leonardo DiCaprio, Joseph Gordon-Levitt, Ellen Page, Tom Hardy, Ken Watanabe, Cillian Murphy, and Marion Cotillard.**"
      }
    ]
  },
  {
    "id": "400046",
    "image": "downloaded_images/Movies/Inception/image_20241107_110119_9.jpg",
    "conversations": [
      {
        "from": "human",
        "value": "<image>\nWhich actors or actresses are featured prominently in this film?"
      },
      {
        "from": "gpt",
        "value": "**Leonardo DiCaprio, Joseph Gordon-Levitt, Ellen Page, Tom Hardy, Ken Watanabe, Cillian Murphy, and Marion Cotillard.**"
      }
    ]
  },
  {
    "id": "400047",
    "image": "downloaded_images/Movies/Inception/image_20241107_110319_22.jpg",
    "conversations": [
      {
        "from": "human",
        "value": "<image>\nWhich actors or actresses are featured prominently in this film?"
      },
      {
        "from": "gpt",
        "value": "**Leonardo DiCaprio, Joseph Gordon-Levitt, Ellen Page, Tom Hardy, Ken Watanabe, Cillian Murphy, and Marion Cotillard.**"
      }
    ]
  },
  {
    "id": "400048",
    "image": "downloaded_images/Movies/Inception/image_20241107_110344_25.jpg",
    "conversations": [
      {
        "from": "human",
        "value": "<image>\nWhich actors or actresses are featured prominently in this film?"
      },
      {
        "from": "gpt",
        "value": "**Leonardo DiCaprio, Joseph Gordon-Levitt, Ellen Page, Tom Hardy, Ken Watanabe, Cillian Murphy, and Marion Cotillard.**"
      }
    ]
  },
  {
    "id": "400049",
    "image": "downloaded_images/Movies/Inception/image_20241107_110150_12.jpg",
    "conversations": [
      {
        "from": "human",
        "value": "<image>\nWhat is the basic storyline of this film?"
      },
      {
        "from": "gpt",
        "value": "**Inception follows Dom Cobb, a skilled thief who specializes in the art of extraction, stealing secrets from deep within the subconscious during the dream state. He is offered a chance to have his criminal history erased if he can successfully perform \"inception,\" the act of planting an idea into a target's mind. Cobb assembles a team to delve into layered dreams, facing various challenges and confrontations with his own past as they navigate the complexities of the dream world.**"
      }
    ]
  },
  {
    "id": "400050",
    "image": "downloaded_images/Movies/Inception/image_20241107_110310_21.jpg",
    "conversations": [
      {
        "from": "human",
        "value": "<image>\nWhat is the basic storyline of this film?"
      },
      {
        "from": "gpt",
        "value": "**Inception follows Dom Cobb, a skilled thief who specializes in the art of extraction, stealing secrets from deep within the subconscious during the dream state. He is offered a chance to have his criminal history erased if he can successfully perform \"inception,\" the act of planting an idea into a target's mind. Cobb assembles a team to delve into layered dreams, facing various challenges and confrontations with his own past as they navigate the complexities of the dream world.**"
      }
    ]
  },
  {
    "id": "400051",
    "image": "downloaded_images/Movies/Inception/image_20241107_110140_11.jpg",
    "conversations": [
      {
        "from": "human",
        "value": "<image>\nWhat is the basic storyline of this film?"
      },
      {
        "from": "gpt",
        "value": "**Inception follows Dom Cobb, a skilled thief who specializes in the art of extraction, stealing secrets from deep within the subconscious during the dream state. He is offered a chance to have his criminal history erased if he can successfully perform \"inception,\" the act of planting an idea into a target's mind. Cobb assembles a team to delve into layered dreams, facing various challenges and confrontations with his own past as they navigate the complexities of the dream world.**"
      }
    ]
  },
  {
    "id": "400052",
    "image": "downloaded_images/Movies/Inception/image_20241107_110244_18.jpg",
    "conversations": [
      {
        "from": "human",
        "value": "<image>\nWhat is the basic storyline of this film?"
      },
      {
        "from": "gpt",
        "value": "**Inception follows Dom Cobb, a skilled thief who specializes in the art of extraction, stealing secrets from deep within the subconscious during the dream state. He is offered a chance to have his criminal history erased if he can successfully perform \"inception,\" the act of planting an idea into a target's mind. Cobb assembles a team to delve into layered dreams, facing various challenges and confrontations with his own past as they navigate the complexities of the dream world.**"
      }
    ]
  },
  {
    "id": "400053",
    "image": "downloaded_images/Movies/Inception/image_20241107_110344_25.jpg",
    "conversations": [
      {
        "from": "human",
        "value": "<image>\nWhat is the basic storyline of this film?"
      },
      {
        "from": "gpt",
        "value": "**Inception follows Dom Cobb, a skilled thief who specializes in the art of extraction, stealing secrets from deep within the subconscious during the dream state. He is offered a chance to have his criminal history erased if he can successfully perform \"inception,\" the act of planting an idea into a target's mind. Cobb assembles a team to delve into layered dreams, facing various challenges and confrontations with his own past as they navigate the complexities of the dream world.**"
      }
    ]
  }
]