[
  {
    "id": "66",
    "image": "downloaded_images/Cartoon/Tom_and_Jerry/image_20241018_094054_2.jpg",
    "conversations": [
      {
        "from": "human",
        "value": "<image>\nWhat is the title of this cartoon?"
      },
      {
        "from": "gpt",
        "value": "The title of this cartoon is \"Tom and Jerry.\""
      }
    ]
  },
  {
    "id": "67",
    "image": "downloaded_images/Cartoon/Tom_and_Jerry/image_20241018_094117_5.jpg",
    "conversations": [
      {
        "from": "human",
        "value": "<image>\nWho created or produced this cartoon?"
      },
      {
        "from": "gpt",
        "value": "\"Tom and Jerry\" was created by William Hanna and Joseph Barbera and produced by Metro-Goldwyn-Mayer (MGM)."
      }
    ]
  },
  {
    "id": "68",
    "image": "downloaded_images/Cartoon/Tom_and_Jerry/image_20241018_094117_5.jpg",
    "conversations": [
      {
        "from": "human",
        "value": "<image>\nWhen was this cartoon first released or aired?"
      },
      {
        "from": "gpt",
        "value": "\"Tom and Jerry\" first premiered on February 10, 1940."
      }
    ]
  },
  {
    "id": "69",
    "image": "downloaded_images/Cartoon/Tom_and_Jerry/image_20241018_094117_5.jpg",
    "conversations": [
      {
        "from": "human",
        "value": "<image>\nWho are the main characters in this cartoon?"
      },
      {
        "from": "gpt",
        "value": "The main characters in \"Tom and Jerry\" are Tom, the cat, and Jerry, the mouse."
      }
    ]
  },
  {
    "id": "70",
    "image": "downloaded_images/Cartoon/Tom_and_Jerry/image_20241106_150706_2.jpg",
    "conversations": [
      {
        "from": "human",
        "value": "<image>\nWhat is the central storyline or premise of this cartoon?"
      },
      {
        "from": "gpt",
        "value": "The central storyline of \"Tom and Jerry\" revolves around the comedic rivalry between Tom, a house cat, and Jerry, a clever mouse. The series typically features Tom's attempts to catch Jerry, which often leads to humorous and chaotic situations, showcasing slapstick comedy and clever antics."
      }
    ]
  },
  {
    "id": "71",
    "image": "downloaded_images/Cartoon/Tom_and_Jerry/image_20241106_151150_27.jpg",
    "conversations": [
      {
        "from": "human",
        "value": "<image>\nWhat is the title of this cartoon?"
      },
      {
        "from": "gpt",
        "value": "The title of this cartoon is \"Tom and Jerry.\""
      }
    ]
  },
  {
    "id": "72",
    "image": "downloaded_images/Cartoon/Tom_and_Jerry/image_20241106_150835_12.jpg",
    "conversations": [
      {
        "from": "human",
        "value": "<image>\nWhat is the title of this cartoon?"
      },
      {
        "from": "gpt",
        "value": "The title of this cartoon is \"Tom and Jerry.\""
      }
    ]
  },
  {
    "id": "73",
    "image": "downloaded_images/Cartoon/Tom_and_Jerry/image_20241106_150942_20.jpg",
    "conversations": [
      {
        "from": "human",
        "value": "<image>\nWhat is the title of this cartoon?"
      },
      {
        "from": "gpt",
        "value": "The title of this cartoon is \"Tom and Jerry.\""
      }
    ]
  },
  {
    "id": "74",
    "image": "downloaded_images/Cartoon/Tom_and_Jerry/image_20241106_150706_2.jpg",
    "conversations": [
      {
        "from": "human",
        "value": "<image>\nWhat is the title of this cartoon?"
      },
      {
        "from": "gpt",
        "value": "The title of this cartoon is \"Tom and Jerry.\""
      }
    ]
  },
  {
    "id": "75",
    "image": "downloaded_images/Cartoon/Tom_and_Jerry/image_20241106_150742_6.jpg",
    "conversations": [
      {
        "from": "human",
        "value": "<image>\nWhat is the title of this cartoon?"
      },
      {
        "from": "gpt",
        "value": "The title of this cartoon is \"Tom and Jerry.\""
      }
    ]
  },
  {
    "id": "76",
    "image": "downloaded_images/Cartoon/Tom_and_Jerry/image_20241106_151159_28.jpg",
    "conversations": [
      {
        "from": "human",
        "value": "<image>\nWho created or produced this cartoon?"
      },
      {
        "from": "gpt",
        "value": "\"Tom and Jerry\" was created by William Hanna and Joseph Barbera and produced by Metro-Goldwyn-Mayer (MGM)."
      }
    ]
  },
  {
    "id": "77",
    "image": "downloaded_images/Cartoon/Tom_and_Jerry/image_20241018_094110_4.jpg",
    "conversations": [
      {
        "from": "human",
        "value": "<image>\nWho created or produced this cartoon?"
      },
      {
        "from": "gpt",
        "value": "\"Tom and Jerry\" was created by William Hanna and Joseph Barbera and produced by Metro-Goldwyn-Mayer (MGM)."
      }
    ]
  },
  {
    "id": "78",
    "image": "downloaded_images/Cartoon/Tom_and_Jerry/image_20241106_151207_29.jpg",
    "conversations": [
      {
        "from": "human",
        "value": "<image>\nWho created or produced this cartoon?"
      },
      {
        "from": "gpt",
        "value": "\"Tom and Jerry\" was created by William Hanna and Joseph Barbera and produced by Metro-Goldwyn-Mayer (MGM)."
      }
    ]
  },
  {
    "id": "79",
    "image": "downloaded_images/Cartoon/Tom_and_Jerry/image_20241106_151050_25.jpg",
    "conversations": [
      {
        "from": "human",
        "value": "<image>\nWho created or produced this cartoon?"
      },
      {
        "from": "gpt",
        "value": "\"Tom and Jerry\" was created by William Hanna and Joseph Barbera and produced by Metro-Goldwyn-Mayer (MGM)."
      }
    ]
  },
  {
    "id": "80",
    "image": "downloaded_images/Cartoon/Tom_and_Jerry/image_20241106_150656_1.jpg",
    "conversations": [
      {
        "from": "human",
        "value": "<image>\nWho created or produced this cartoon?"
      },
      {
        "from": "gpt",
        "value": "\"Tom and Jerry\" was created by William Hanna and Joseph Barbera and produced by Metro-Goldwyn-Mayer (MGM)."
      }
    ]
  },
  {
    "id": "81",
    "image": "downloaded_images/Cartoon/Tom_and_Jerry/image_20241106_150706_2.jpg",
    "conversations": [
      {
        "from": "human",
        "value": "<image>\nWhen was this cartoon first released or aired?"
      },
      {
        "from": "gpt",
        "value": "\"Tom and Jerry\" first premiered on February 10, 1940."
      }
    ]
  },
  {
    "id": "82",
    "image": "downloaded_images/Cartoon/Tom_and_Jerry/image_20241106_150835_12.jpg",
    "conversations": [
      {
        "from": "human",
        "value": "<image>\nWhen was this cartoon first released or aired?"
      },
      {
        "from": "gpt",
        "value": "\"Tom and Jerry\" first premiered on February 10, 1940."
      }
    ]
  },
  {
    "id": "83",
    "image": "downloaded_images/Cartoon/Tom_and_Jerry/image_20241106_150751_7.jpg",
    "conversations": [
      {
        "from": "human",
        "value": "<image>\nWhen was this cartoon first released or aired?"
      },
      {
        "from": "gpt",
        "value": "\"Tom and Jerry\" first premiered on February 10, 1940."
      }
    ]
  },
  {
    "id": "84",
    "image": "downloaded_images/Cartoon/Tom_and_Jerry/image_20241106_150942_20.jpg",
    "conversations": [
      {
        "from": "human",
        "value": "<image>\nWhen was this cartoon first released or aired?"
      },
      {
        "from": "gpt",
        "value": "\"Tom and Jerry\" first premiered on February 10, 1940."
      }
    ]
  },
  {
    "id": "85",
    "image": "downloaded_images/Cartoon/Tom_and_Jerry/image_20241018_094151_9.jpg",
    "conversations": [
      {
        "from": "human",
        "value": "<image>\nWhen was this cartoon first released or aired?"
      },
      {
        "from": "gpt",
        "value": "\"Tom and Jerry\" first premiered on February 10, 1940."
      }
    ]
  },
  {
    "id": "86",
    "image": "downloaded_images/Cartoon/Tom_and_Jerry/image_20241106_150924_18.jpg",
    "conversations": [
      {
        "from": "human",
        "value": "<image>\nWho are the main characters in this cartoon?"
      },
      {
        "from": "gpt",
        "value": "The main characters in \"Tom and Jerry\" are Tom, the cat, and Jerry, the mouse."
      }
    ]
  },
  {
    "id": "87",
    "image": "downloaded_images/Cartoon/Tom_and_Jerry/image_20241106_151010_23.jpg",
    "conversations": [
      {
        "from": "human",
        "value": "<image>\nWho are the main characters in this cartoon?"
      },
      {
        "from": "gpt",
        "value": "The main characters in \"Tom and Jerry\" are Tom, the cat, and Jerry, the mouse."
      }
    ]
  },
  {
    "id": "88",
    "image": "downloaded_images/Cartoon/Tom_and_Jerry/image_20241106_150656_1.jpg",
    "conversations": [
      {
        "from": "human",
        "value": "<image>\nWho are the main characters in this cartoon?"
      },
      {
        "from": "gpt",
        "value": "The main characters in \"Tom and Jerry\" are Tom, the cat, and Jerry, the mouse."
      }
    ]
  },
  {
    "id": "89",
    "image": "downloaded_images/Cartoon/Tom_and_Jerry/image_20241106_150942_20.jpg",
    "conversations": [
      {
        "from": "human",
        "value": "<image>\nWho are the main characters in this cartoon?"
      },
      {
        "from": "gpt",
        "value": "The main characters in \"Tom and Jerry\" are Tom, the cat, and Jerry, the mouse."
      }
    ]
  },
  {
    "id": "90",
    "image": "downloaded_images/Cartoon/Tom_and_Jerry/image_20241018_094101_3.jpg",
    "conversations": [
      {
        "from": "human",
        "value": "<image>\nWho are the main characters in this cartoon?"
      },
      {
        "from": "gpt",
        "value": "The main characters in \"Tom and Jerry\" are Tom, the cat, and Jerry, the mouse."
      }
    ]
  },
  {
    "id": "91",
    "image": "downloaded_images/Cartoon/Tom_and_Jerry/image_20241018_094126_6.jpg",
    "conversations": [
      {
        "from": "human",
        "value": "<image>\nWhat is the central storyline or premise of this cartoon?"
      },
      {
        "from": "gpt",
        "value": "The central storyline of \"Tom and Jerry\" revolves around the comedic rivalry between Tom, a house cat, and Jerry, a clever mouse. The series typically features Tom's attempts to catch Jerry, which often leads to humorous and chaotic situations, showcasing slapstick comedy and clever antics."
      }
    ]
  },
  {
    "id": "92",
    "image": "downloaded_images/Cartoon/Tom_and_Jerry/image_20241018_094045_1.jpg",
    "conversations": [
      {
        "from": "human",
        "value": "<image>\nWhat is the central storyline or premise of this cartoon?"
      },
      {
        "from": "gpt",
        "value": "The central storyline of \"Tom and Jerry\" revolves around the comedic rivalry between Tom, a house cat, and Jerry, a clever mouse. The series typically features Tom's attempts to catch Jerry, which often leads to humorous and chaotic situations, showcasing slapstick comedy and clever antics."
      }
    ]
  },
  {
    "id": "93",
    "image": "downloaded_images/Cartoon/Tom_and_Jerry/image_20241106_150808_9.jpg",
    "conversations": [
      {
        "from": "human",
        "value": "<image>\nWhat is the central storyline or premise of this cartoon?"
      },
      {
        "from": "gpt",
        "value": "The central storyline of \"Tom and Jerry\" revolves around the comedic rivalry between Tom, a house cat, and Jerry, a clever mouse. The series typically features Tom's attempts to catch Jerry, which often leads to humorous and chaotic situations, showcasing slapstick comedy and clever antics."
      }
    ]
  },
  {
    "id": "94",
    "image": "downloaded_images/Cartoon/Tom_and_Jerry/image_20241106_151207_29.jpg",
    "conversations": [
      {
        "from": "human",
        "value": "<image>\nWhat is the central storyline or premise of this cartoon?"
      },
      {
        "from": "gpt",
        "value": "The central storyline of \"Tom and Jerry\" revolves around the comedic rivalry between Tom, a house cat, and Jerry, a clever mouse. The series typically features Tom's attempts to catch Jerry, which often leads to humorous and chaotic situations, showcasing slapstick comedy and clever antics."
      }
    ]
  },
  {
    "id": "95",
    "image": "downloaded_images/Cartoon/Tom_and_Jerry/image_20241106_150742_6.jpg",
    "conversations": [
      {
        "from": "human",
        "value": "<image>\nWhat is the central storyline or premise of this cartoon?"
      },
      {
        "from": "gpt",
        "value": "The central storyline of \"Tom and Jerry\" revolves around the comedic rivalry between Tom, a house cat, and Jerry, a clever mouse. The series typically features Tom's attempts to catch Jerry, which often leads to humorous and chaotic situations, showcasing slapstick comedy and clever antics."
      }
    ]
  },
  {
    "id": "100066",
    "image": "downloaded_images/Cartoon/Tom_and_Jerry/image_20241018_094054_2.jpg",
    "conversations": [
      {
        "from": "human",
        "value": "<image>\nWhat is the name of this cartoon?"
      },
      {
        "from": "gpt",
        "value": "The title of this cartoon is \"Tom and Jerry.\""
      }
    ]
  },
  {
    "id": "100067",
    "image": "downloaded_images/Cartoon/Tom_and_Jerry/image_20241018_094117_5.jpg",
    "conversations": [
      {
        "from": "human",
        "value": "<image>\nWho is the creator or producer of this cartoon?"
      },
      {
        "from": "gpt",
        "value": "\"Tom and Jerry\" was created by William Hanna and Joseph Barbera and produced by Metro-Goldwyn-Mayer (MGM)."
      }
    ]
  },
  {
    "id": "100068",
    "image": "downloaded_images/Cartoon/Tom_and_Jerry/image_20241018_094117_5.jpg",
    "conversations": [
      {
        "from": "human",
        "value": "<image>\nWhen did this cartoon first debut or air?"
      },
      {
        "from": "gpt",
        "value": "\"Tom and Jerry\" first premiered on February 10, 1940."
      }
    ]
  },
  {
    "id": "100069",
    "image": "downloaded_images/Cartoon/Tom_and_Jerry/image_20241018_094117_5.jpg",
    "conversations": [
      {
        "from": "human",
        "value": "<image>\nWho are the primary characters in this cartoon?"
      },
      {
        "from": "gpt",
        "value": "The main characters in \"Tom and Jerry\" are Tom, the cat, and Jerry, the mouse."
      }
    ]
  },
  {
    "id": "100070",
    "image": "downloaded_images/Cartoon/Tom_and_Jerry/image_20241106_150706_2.jpg",
    "conversations": [
      {
        "from": "human",
        "value": "<image>\nWhat is the main plot or premise of this cartoon?"
      },
      {
        "from": "gpt",
        "value": "The central storyline of \"Tom and Jerry\" revolves around the comedic rivalry between Tom, a house cat, and Jerry, a clever mouse. The series typically features Tom's attempts to catch Jerry, which often leads to humorous and chaotic situations, showcasing slapstick comedy and clever antics."
      }
    ]
  },
  {
    "id": "100071",
    "image": "downloaded_images/Cartoon/Tom_and_Jerry/image_20241106_151150_27.jpg",
    "conversations": [
      {
        "from": "human",
        "value": "<image>\nWhat is the name of this cartoon?"
      },
      {
        "from": "gpt",
        "value": "The title of this cartoon is \"Tom and Jerry.\""
      }
    ]
  },
  {
    "id": "100072",
    "image": "downloaded_images/Cartoon/Tom_and_Jerry/image_20241106_150835_12.jpg",
    "conversations": [
      {
        "from": "human",
        "value": "<image>\nWhat is the name of this cartoon?"
      },
      {
        "from": "gpt",
        "value": "The title of this cartoon is \"Tom and Jerry.\""
      }
    ]
  },
  {
    "id": "100073",
    "image": "downloaded_images/Cartoon/Tom_and_Jerry/image_20241106_150942_20.jpg",
    "conversations": [
      {
        "from": "human",
        "value": "<image>\nWhat is the name of this cartoon?"
      },
      {
        "from": "gpt",
        "value": "The title of this cartoon is \"Tom and Jerry.\""
      }
    ]
  },
  {
    "id": "100074",
    "image": "downloaded_images/Cartoon/Tom_and_Jerry/image_20241106_150706_2.jpg",
    "conversations": [
      {
        "from": "human",
        "value": "<image>\nWhat is the name of this cartoon?"
      },
      {
        "from": "gpt",
        "value": "The title of this cartoon is \"Tom and Jerry.\""
      }
    ]
  },
  {
    "id": "100075",
    "image": "downloaded_images/Cartoon/Tom_and_Jerry/image_20241106_150742_6.jpg",
    "conversations": [
      {
        "from": "human",
        "value": "<image>\nWhat is the name of this cartoon?"
      },
      {
        "from": "gpt",
        "value": "The title of this cartoon is \"Tom and Jerry.\""
      }
    ]
  },
  {
    "id": "100076",
    "image": "downloaded_images/Cartoon/Tom_and_Jerry/image_20241106_151159_28.jpg",
    "conversations": [
      {
        "from": "human",
        "value": "<image>\nWho is the creator or producer of this cartoon?"
      },
      {
        "from": "gpt",
        "value": "\"Tom and Jerry\" was created by William Hanna and Joseph Barbera and produced by Metro-Goldwyn-Mayer (MGM)."
      }
    ]
  },
  {
    "id": "100077",
    "image": "downloaded_images/Cartoon/Tom_and_Jerry/image_20241018_094110_4.jpg",
    "conversations": [
      {
        "from": "human",
        "value": "<image>\nWho is the creator or producer of this cartoon?"
      },
      {
        "from": "gpt",
        "value": "\"Tom and Jerry\" was created by William Hanna and Joseph Barbera and produced by Metro-Goldwyn-Mayer (MGM)."
      }
    ]
  },
  {
    "id": "100078",
    "image": "downloaded_images/Cartoon/Tom_and_Jerry/image_20241106_151207_29.jpg",
    "conversations": [
      {
        "from": "human",
        "value": "<image>\nWho is the creator or producer of this cartoon?"
      },
      {
        "from": "gpt",
        "value": "\"Tom and Jerry\" was created by William Hanna and Joseph Barbera and produced by Metro-Goldwyn-Mayer (MGM)."
      }
    ]
  },
  {
    "id": "100079",
    "image": "downloaded_images/Cartoon/Tom_and_Jerry/image_20241106_151050_25.jpg",
    "conversations": [
      {
        "from": "human",
        "value": "<image>\nWho is the creator or producer of this cartoon?"
      },
      {
        "from": "gpt",
        "value": "\"Tom and Jerry\" was created by William Hanna and Joseph Barbera and produced by Metro-Goldwyn-Mayer (MGM)."
      }
    ]
  },
  {
    "id": "100080",
    "image": "downloaded_images/Cartoon/Tom_and_Jerry/image_20241106_150656_1.jpg",
    "conversations": [
      {
        "from": "human",
        "value": "<image>\nWho is the creator or producer of this cartoon?"
      },
      {
        "from": "gpt",
        "value": "\"Tom and Jerry\" was created by William Hanna and Joseph Barbera and produced by Metro-Goldwyn-Mayer (MGM)."
      }
    ]
  },
  {
    "id": "100081",
    "image": "downloaded_images/Cartoon/Tom_and_Jerry/image_20241106_150706_2.jpg",
    "conversations": [
      {
        "from": "human",
        "value": "<image>\nWhen did this cartoon first debut or air?"
      },
      {
        "from": "gpt",
        "value": "\"Tom and Jerry\" first premiered on February 10, 1940."
      }
    ]
  },
  {
    "id": "100082",
    "image": "downloaded_images/Cartoon/Tom_and_Jerry/image_20241106_150835_12.jpg",
    "conversations": [
      {
        "from": "human",
        "value": "<image>\nWhen did this cartoon first debut or air?"
      },
      {
        "from": "gpt",
        "value": "\"Tom and Jerry\" first premiered on February 10, 1940."
      }
    ]
  },
  {
    "id": "100083",
    "image": "downloaded_images/Cartoon/Tom_and_Jerry/image_20241106_150751_7.jpg",
    "conversations": [
      {
        "from": "human",
        "value": "<image>\nWhen did this cartoon first debut or air?"
      },
      {
        "from": "gpt",
        "value": "\"Tom and Jerry\" first premiered on February 10, 1940."
      }
    ]
  },
  {
    "id": "100084",
    "image": "downloaded_images/Cartoon/Tom_and_Jerry/image_20241106_150942_20.jpg",
    "conversations": [
      {
        "from": "human",
        "value": "<image>\nWhen did this cartoon first debut or air?"
      },
      {
        "from": "gpt",
        "value": "\"Tom and Jerry\" first premiered on February 10, 1940."
      }
    ]
  },
  {
    "id": "100085",
    "image": "downloaded_images/Cartoon/Tom_and_Jerry/image_20241018_094151_9.jpg",
    "conversations": [
      {
        "from": "human",
        "value": "<image>\nWhen did this cartoon first debut or air?"
      },
      {
        "from": "gpt",
        "value": "\"Tom and Jerry\" first premiered on February 10, 1940."
      }
    ]
  },
  {
    "id": "100086",
    "image": "downloaded_images/Cartoon/Tom_and_Jerry/image_20241106_150924_18.jpg",
    "conversations": [
      {
        "from": "human",
        "value": "<image>\nWho are the primary characters in this cartoon?"
      },
      {
        "from": "gpt",
        "value": "The main characters in \"Tom and Jerry\" are Tom, the cat, and Jerry, the mouse."
      }
    ]
  },
  {
    "id": "100087",
    "image": "downloaded_images/Cartoon/Tom_and_Jerry/image_20241106_151010_23.jpg",
    "conversations": [
      {
        "from": "human",
        "value": "<image>\nWho are the primary characters in this cartoon?"
      },
      {
        "from": "gpt",
        "value": "The main characters in \"Tom and Jerry\" are Tom, the cat, and Jerry, the mouse."
      }
    ]
  },
  {
    "id": "100088",
    "image": "downloaded_images/Cartoon/Tom_and_Jerry/image_20241106_150656_1.jpg",
    "conversations": [
      {
        "from": "human",
        "value": "<image>\nWho are the primary characters in this cartoon?"
      },
      {
        "from": "gpt",
        "value": "The main characters in \"Tom and Jerry\" are Tom, the cat, and Jerry, the mouse."
      }
    ]
  },
  {
    "id": "100089",
    "image": "downloaded_images/Cartoon/Tom_and_Jerry/image_20241106_150942_20.jpg",
    "conversations": [
      {
        "from": "human",
        "value": "<image>\nWho are the primary characters in this cartoon?"
      },
      {
        "from": "gpt",
        "value": "The main characters in \"Tom and Jerry\" are Tom, the cat, and Jerry, the mouse."
      }
    ]
  },
  {
    "id": "100090",
    "image": "downloaded_images/Cartoon/Tom_and_Jerry/image_20241018_094101_3.jpg",
    "conversations": [
      {
        "from": "human",
        "value": "<image>\nWho are the primary characters in this cartoon?"
      },
      {
        "from": "gpt",
        "value": "The main characters in \"Tom and Jerry\" are Tom, the cat, and Jerry, the mouse."
      }
    ]
  },
  {
    "id": "100091",
    "image": "downloaded_images/Cartoon/Tom_and_Jerry/image_20241018_094126_6.jpg",
    "conversations": [
      {
        "from": "human",
        "value": "<image>\nWhat is the main plot or premise of this cartoon?"
      },
      {
        "from": "gpt",
        "value": "The central storyline of \"Tom and Jerry\" revolves around the comedic rivalry between Tom, a house cat, and Jerry, a clever mouse. The series typically features Tom's attempts to catch Jerry, which often leads to humorous and chaotic situations, showcasing slapstick comedy and clever antics."
      }
    ]
  },
  {
    "id": "100092",
    "image": "downloaded_images/Cartoon/Tom_and_Jerry/image_20241018_094045_1.jpg",
    "conversations": [
      {
        "from": "human",
        "value": "<image>\nWhat is the main plot or premise of this cartoon?"
      },
      {
        "from": "gpt",
        "value": "The central storyline of \"Tom and Jerry\" revolves around the comedic rivalry between Tom, a house cat, and Jerry, a clever mouse. The series typically features Tom's attempts to catch Jerry, which often leads to humorous and chaotic situations, showcasing slapstick comedy and clever antics."
      }
    ]
  },
  {
    "id": "100093",
    "image": "downloaded_images/Cartoon/Tom_and_Jerry/image_20241106_150808_9.jpg",
    "conversations": [
      {
        "from": "human",
        "value": "<image>\nWhat is the main plot or premise of this cartoon?"
      },
      {
        "from": "gpt",
        "value": "The central storyline of \"Tom and Jerry\" revolves around the comedic rivalry between Tom, a house cat, and Jerry, a clever mouse. The series typically features Tom's attempts to catch Jerry, which often leads to humorous and chaotic situations, showcasing slapstick comedy and clever antics."
      }
    ]
  },
  {
    "id": "100094",
    "image": "downloaded_images/Cartoon/Tom_and_Jerry/image_20241106_151207_29.jpg",
    "conversations": [
      {
        "from": "human",
        "value": "<image>\nWhat is the main plot or premise of this cartoon?"
      },
      {
        "from": "gpt",
        "value": "The central storyline of \"Tom and Jerry\" revolves around the comedic rivalry between Tom, a house cat, and Jerry, a clever mouse. The series typically features Tom's attempts to catch Jerry, which often leads to humorous and chaotic situations, showcasing slapstick comedy and clever antics."
      }
    ]
  },
  {
    "id": "100095",
    "image": "downloaded_images/Cartoon/Tom_and_Jerry/image_20241106_150742_6.jpg",
    "conversations": [
      {
        "from": "human",
        "value": "<image>\nWhat is the main plot or premise of this cartoon?"
      },
      {
        "from": "gpt",
        "value": "The central storyline of \"Tom and Jerry\" revolves around the comedic rivalry between Tom, a house cat, and Jerry, a clever mouse. The series typically features Tom's attempts to catch Jerry, which often leads to humorous and chaotic situations, showcasing slapstick comedy and clever antics."
      }
    ]
  },
  {
    "id": "200066",
    "image": "downloaded_images/Cartoon/Tom_and_Jerry/image_20241018_094054_2.jpg",
    "conversations": [
      {
        "from": "human",
        "value": "<image>\nWhat is the title of this animated series?"
      },
      {
        "from": "gpt",
        "value": "The title of this cartoon is \"Tom and Jerry.\""
      }
    ]
  },
  {
    "id": "200067",
    "image": "downloaded_images/Cartoon/Tom_and_Jerry/image_20241018_094117_5.jpg",
    "conversations": [
      {
        "from": "human",
        "value": "<image>\nWho made or produced this animated show?"
      },
      {
        "from": "gpt",
        "value": "\"Tom and Jerry\" was created by William Hanna and Joseph Barbera and produced by Metro-Goldwyn-Mayer (MGM)."
      }
    ]
  },
  {
    "id": "200068",
    "image": "downloaded_images/Cartoon/Tom_and_Jerry/image_20241018_094117_5.jpg",
    "conversations": [
      {
        "from": "human",
        "value": "<image>\nWhat year was this cartoon released?"
      },
      {
        "from": "gpt",
        "value": "\"Tom and Jerry\" first premiered on February 10, 1940."
      }
    ]
  },
  {
    "id": "200069",
    "image": "downloaded_images/Cartoon/Tom_and_Jerry/image_20241018_094117_5.jpg",
    "conversations": [
      {
        "from": "human",
        "value": "<image>\nWho are the main figures in this animated series?"
      },
      {
        "from": "gpt",
        "value": "The main characters in \"Tom and Jerry\" are Tom, the cat, and Jerry, the mouse."
      }
    ]
  },
  {
    "id": "200070",
    "image": "downloaded_images/Cartoon/Tom_and_Jerry/image_20241106_150706_2.jpg",
    "conversations": [
      {
        "from": "human",
        "value": "<image>\nWhat is the central storyline of this animated series?"
      },
      {
        "from": "gpt",
        "value": "The central storyline of \"Tom and Jerry\" revolves around the comedic rivalry between Tom, a house cat, and Jerry, a clever mouse. The series typically features Tom's attempts to catch Jerry, which often leads to humorous and chaotic situations, showcasing slapstick comedy and clever antics."
      }
    ]
  },
  {
    "id": "200071",
    "image": "downloaded_images/Cartoon/Tom_and_Jerry/image_20241106_151150_27.jpg",
    "conversations": [
      {
        "from": "human",
        "value": "<image>\nWhat is the title of this animated series?"
      },
      {
        "from": "gpt",
        "value": "The title of this cartoon is \"Tom and Jerry.\""
      }
    ]
  },
  {
    "id": "200072",
    "image": "downloaded_images/Cartoon/Tom_and_Jerry/image_20241106_150835_12.jpg",
    "conversations": [
      {
        "from": "human",
        "value": "<image>\nWhat is the title of this animated series?"
      },
      {
        "from": "gpt",
        "value": "The title of this cartoon is \"Tom and Jerry.\""
      }
    ]
  },
  {
    "id": "200073",
    "image": "downloaded_images/Cartoon/Tom_and_Jerry/image_20241106_150942_20.jpg",
    "conversations": [
      {
        "from": "human",
        "value": "<image>\nWhat is the title of this animated series?"
      },
      {
        "from": "gpt",
        "value": "The title of this cartoon is \"Tom and Jerry.\""
      }
    ]
  },
  {
    "id": "200074",
    "image": "downloaded_images/Cartoon/Tom_and_Jerry/image_20241106_150706_2.jpg",
    "conversations": [
      {
        "from": "human",
        "value": "<image>\nWhat is the title of this animated series?"
      },
      {
        "from": "gpt",
        "value": "The title of this cartoon is \"Tom and Jerry.\""
      }
    ]
  },
  {
    "id": "200075",
    "image": "downloaded_images/Cartoon/Tom_and_Jerry/image_20241106_150742_6.jpg",
    "conversations": [
      {
        "from": "human",
        "value": "<image>\nWhat is the title of this animated series?"
      },
      {
        "from": "gpt",
        "value": "The title of this cartoon is \"Tom and Jerry.\""
      }
    ]
  },
  {
    "id": "200076",
    "image": "downloaded_images/Cartoon/Tom_and_Jerry/image_20241106_151159_28.jpg",
    "conversations": [
      {
        "from": "human",
        "value": "<image>\nWho made or produced this animated show?"
      },
      {
        "from": "gpt",
        "value": "\"Tom and Jerry\" was created by William Hanna and Joseph Barbera and produced by Metro-Goldwyn-Mayer (MGM)."
      }
    ]
  },
  {
    "id": "200077",
    "image": "downloaded_images/Cartoon/Tom_and_Jerry/image_20241018_094110_4.jpg",
    "conversations": [
      {
        "from": "human",
        "value": "<image>\nWho made or produced this animated show?"
      },
      {
        "from": "gpt",
        "value": "\"Tom and Jerry\" was created by William Hanna and Joseph Barbera and produced by Metro-Goldwyn-Mayer (MGM)."
      }
    ]
  },
  {
    "id": "200078",
    "image": "downloaded_images/Cartoon/Tom_and_Jerry/image_20241106_151207_29.jpg",
    "conversations": [
      {
        "from": "human",
        "value": "<image>\nWho made or produced this animated show?"
      },
      {
        "from": "gpt",
        "value": "\"Tom and Jerry\" was created by William Hanna and Joseph Barbera and produced by Metro-Goldwyn-Mayer (MGM)."
      }
    ]
  },
  {
    "id": "200079",
    "image": "downloaded_images/Cartoon/Tom_and_Jerry/image_20241106_151050_25.jpg",
    "conversations": [
      {
        "from": "human",
        "value": "<image>\nWho made or produced this animated show?"
      },
      {
        "from": "gpt",
        "value": "\"Tom and Jerry\" was created by William Hanna and Joseph Barbera and produced by Metro-Goldwyn-Mayer (MGM)."
      }
    ]
  },
  {
    "id": "200080",
    "image": "downloaded_images/Cartoon/Tom_and_Jerry/image_20241106_150656_1.jpg",
    "conversations": [
      {
        "from": "human",
        "value": "<image>\nWho made or produced this animated show?"
      },
      {
        "from": "gpt",
        "value": "\"Tom and Jerry\" was created by William Hanna and Joseph Barbera and produced by Metro-Goldwyn-Mayer (MGM)."
      }
    ]
  },
  {
    "id": "200081",
    "image": "downloaded_images/Cartoon/Tom_and_Jerry/image_20241106_150706_2.jpg",
    "conversations": [
      {
        "from": "human",
        "value": "<image>\nWhat year was this cartoon released?"
      },
      {
        "from": "gpt",
        "value": "\"Tom and Jerry\" first premiered on February 10, 1940."
      }
    ]
  },
  {
    "id": "200082",
    "image": "downloaded_images/Cartoon/Tom_and_Jerry/image_20241106_150835_12.jpg",
    "conversations": [
      {
        "from": "human",
        "value": "<image>\nWhat year was this cartoon released?"
      },
      {
        "from": "gpt",
        "value": "\"Tom and Jerry\" first premiered on February 10, 1940."
      }
    ]
  },
  {
    "id": "200083",
    "image": "downloaded_images/Cartoon/Tom_and_Jerry/image_20241106_150751_7.jpg",
    "conversations": [
      {
        "from": "human",
        "value": "<image>\nWhat year was this cartoon released?"
      },
      {
        "from": "gpt",
        "value": "\"Tom and Jerry\" first premiered on February 10, 1940."
      }
    ]
  },
  {
    "id": "200084",
    "image": "downloaded_images/Cartoon/Tom_and_Jerry/image_20241106_150942_20.jpg",
    "conversations": [
      {
        "from": "human",
        "value": "<image>\nWhat year was this cartoon released?"
      },
      {
        "from": "gpt",
        "value": "\"Tom and Jerry\" first premiered on February 10, 1940."
      }
    ]
  },
  {
    "id": "200085",
    "image": "downloaded_images/Cartoon/Tom_and_Jerry/image_20241018_094151_9.jpg",
    "conversations": [
      {
        "from": "human",
        "value": "<image>\nWhat year was this cartoon released?"
      },
      {
        "from": "gpt",
        "value": "\"Tom and Jerry\" first premiered on February 10, 1940."
      }
    ]
  },
  {
    "id": "200086",
    "image": "downloaded_images/Cartoon/Tom_and_Jerry/image_20241106_150924_18.jpg",
    "conversations": [
      {
        "from": "human",
        "value": "<image>\nWho are the main figures in this animated series?"
      },
      {
        "from": "gpt",
        "value": "The main characters in \"Tom and Jerry\" are Tom, the cat, and Jerry, the mouse."
      }
    ]
  },
  {
    "id": "200087",
    "image": "downloaded_images/Cartoon/Tom_and_Jerry/image_20241106_151010_23.jpg",
    "conversations": [
      {
        "from": "human",
        "value": "<image>\nWho are the main figures in this animated series?"
      },
      {
        "from": "gpt",
        "value": "The main characters in \"Tom and Jerry\" are Tom, the cat, and Jerry, the mouse."
      }
    ]
  },
  {
    "id": "200088",
    "image": "downloaded_images/Cartoon/Tom_and_Jerry/image_20241106_150656_1.jpg",
    "conversations": [
      {
        "from": "human",
        "value": "<image>\nWho are the main figures in this animated series?"
      },
      {
        "from": "gpt",
        "value": "The main characters in \"Tom and Jerry\" are Tom, the cat, and Jerry, the mouse."
      }
    ]
  },
  {
    "id": "200089",
    "image": "downloaded_images/Cartoon/Tom_and_Jerry/image_20241106_150942_20.jpg",
    "conversations": [
      {
        "from": "human",
        "value": "<image>\nWho are the main figures in this animated series?"
      },
      {
        "from": "gpt",
        "value": "The main characters in \"Tom and Jerry\" are Tom, the cat, and Jerry, the mouse."
      }
    ]
  },
  {
    "id": "200090",
    "image": "downloaded_images/Cartoon/Tom_and_Jerry/image_20241018_094101_3.jpg",
    "conversations": [
      {
        "from": "human",
        "value": "<image>\nWho are the main figures in this animated series?"
      },
      {
        "from": "gpt",
        "value": "The main characters in \"Tom and Jerry\" are Tom, the cat, and Jerry, the mouse."
      }
    ]
  },
  {
    "id": "200091",
    "image": "downloaded_images/Cartoon/Tom_and_Jerry/image_20241018_094126_6.jpg",
    "conversations": [
      {
        "from": "human",
        "value": "<image>\nWhat is the central storyline of this animated series?"
      },
      {
        "from": "gpt",
        "value": "The central storyline of \"Tom and Jerry\" revolves around the comedic rivalry between Tom, a house cat, and Jerry, a clever mouse. The series typically features Tom's attempts to catch Jerry, which often leads to humorous and chaotic situations, showcasing slapstick comedy and clever antics."
      }
    ]
  },
  {
    "id": "200092",
    "image": "downloaded_images/Cartoon/Tom_and_Jerry/image_20241018_094045_1.jpg",
    "conversations": [
      {
        "from": "human",
        "value": "<image>\nWhat is the central storyline of this animated series?"
      },
      {
        "from": "gpt",
        "value": "The central storyline of \"Tom and Jerry\" revolves around the comedic rivalry between Tom, a house cat, and Jerry, a clever mouse. The series typically features Tom's attempts to catch Jerry, which often leads to humorous and chaotic situations, showcasing slapstick comedy and clever antics."
      }
    ]
  },
  {
    "id": "200093",
    "image": "downloaded_images/Cartoon/Tom_and_Jerry/image_20241106_150808_9.jpg",
    "conversations": [
      {
        "from": "human",
        "value": "<image>\nWhat is the central storyline of this animated series?"
      },
      {
        "from": "gpt",
        "value": "The central storyline of \"Tom and Jerry\" revolves around the comedic rivalry between Tom, a house cat, and Jerry, a clever mouse. The series typically features Tom's attempts to catch Jerry, which often leads to humorous and chaotic situations, showcasing slapstick comedy and clever antics."
      }
    ]
  },
  {
    "id": "200094",
    "image": "downloaded_images/Cartoon/Tom_and_Jerry/image_20241106_151207_29.jpg",
    "conversations": [
      {
        "from": "human",
        "value": "<image>\nWhat is the central storyline of this animated series?"
      },
      {
        "from": "gpt",
        "value": "The central storyline of \"Tom and Jerry\" revolves around the comedic rivalry between Tom, a house cat, and Jerry, a clever mouse. The series typically features Tom's attempts to catch Jerry, which often leads to humorous and chaotic situations, showcasing slapstick comedy and clever antics."
      }
    ]
  },
  {
    "id": "200095",
    "image": "downloaded_images/Cartoon/Tom_and_Jerry/image_20241106_150742_6.jpg",
    "conversations": [
      {
        "from": "human",
        "value": "<image>\nWhat is the central storyline of this animated series?"
      },
      {
        "from": "gpt",
        "value": "The central storyline of \"Tom and Jerry\" revolves around the comedic rivalry between Tom, a house cat, and Jerry, a clever mouse. The series typically features Tom's attempts to catch Jerry, which often leads to humorous and chaotic situations, showcasing slapstick comedy and clever antics."
      }
    ]
  },
  {
    "id": "300066",
    "image": "downloaded_images/Cartoon/Tom_and_Jerry/image_20241018_094054_2.jpg",
    "conversations": [
      {
        "from": "human",
        "value": "<image>\nHow is this cartoon referred to?"
      },
      {
        "from": "gpt",
        "value": "The title of this cartoon is \"Tom and Jerry.\""
      }
    ]
  },
  {
    "id": "300067",
    "image": "downloaded_images/Cartoon/Tom_and_Jerry/image_20241018_094117_5.jpg",
    "conversations": [
      {
        "from": "human",
        "value": "<image>\nWho is responsible for creating this cartoon?"
      },
      {
        "from": "gpt",
        "value": "\"Tom and Jerry\" was created by William Hanna and Joseph Barbera and produced by Metro-Goldwyn-Mayer (MGM)."
      }
    ]
  },
  {
    "id": "300068",
    "image": "downloaded_images/Cartoon/Tom_and_Jerry/image_20241018_094117_5.jpg",
    "conversations": [
      {
        "from": "human",
        "value": "<image>\nWhen was the initial airing of this cartoon?"
      },
      {
        "from": "gpt",
        "value": "\"Tom and Jerry\" first premiered on February 10, 1940."
      }
    ]
  },
  {
    "id": "300069",
    "image": "downloaded_images/Cartoon/Tom_and_Jerry/image_20241018_094117_5.jpg",
    "conversations": [
      {
        "from": "human",
        "value": "<image>\nWhat characters play central roles in this cartoon?"
      },
      {
        "from": "gpt",
        "value": "The main characters in \"Tom and Jerry\" are Tom, the cat, and Jerry, the mouse."
      }
    ]
  },
  {
    "id": "300070",
    "image": "downloaded_images/Cartoon/Tom_and_Jerry/image_20241106_150706_2.jpg",
    "conversations": [
      {
        "from": "human",
        "value": "<image>\nWhat is the basic premise of this cartoon?"
      },
      {
        "from": "gpt",
        "value": "The central storyline of \"Tom and Jerry\" revolves around the comedic rivalry between Tom, a house cat, and Jerry, a clever mouse. The series typically features Tom's attempts to catch Jerry, which often leads to humorous and chaotic situations, showcasing slapstick comedy and clever antics."
      }
    ]
  },
  {
    "id": "300071",
    "image": "downloaded_images/Cartoon/Tom_and_Jerry/image_20241106_151150_27.jpg",
    "conversations": [
      {
        "from": "human",
        "value": "<image>\nHow is this cartoon referred to?"
      },
      {
        "from": "gpt",
        "value": "The title of this cartoon is \"Tom and Jerry.\""
      }
    ]
  },
  {
    "id": "300072",
    "image": "downloaded_images/Cartoon/Tom_and_Jerry/image_20241106_150835_12.jpg",
    "conversations": [
      {
        "from": "human",
        "value": "<image>\nHow is this cartoon referred to?"
      },
      {
        "from": "gpt",
        "value": "The title of this cartoon is \"Tom and Jerry.\""
      }
    ]
  },
  {
    "id": "300073",
    "image": "downloaded_images/Cartoon/Tom_and_Jerry/image_20241106_150942_20.jpg",
    "conversations": [
      {
        "from": "human",
        "value": "<image>\nHow is this cartoon referred to?"
      },
      {
        "from": "gpt",
        "value": "The title of this cartoon is \"Tom and Jerry.\""
      }
    ]
  },
  {
    "id": "300074",
    "image": "downloaded_images/Cartoon/Tom_and_Jerry/image_20241106_150706_2.jpg",
    "conversations": [
      {
        "from": "human",
        "value": "<image>\nHow is this cartoon referred to?"
      },
      {
        "from": "gpt",
        "value": "The title of this cartoon is \"Tom and Jerry.\""
      }
    ]
  },
  {
    "id": "300075",
    "image": "downloaded_images/Cartoon/Tom_and_Jerry/image_20241106_150742_6.jpg",
    "conversations": [
      {
        "from": "human",
        "value": "<image>\nHow is this cartoon referred to?"
      },
      {
        "from": "gpt",
        "value": "The title of this cartoon is \"Tom and Jerry.\""
      }
    ]
  },
  {
    "id": "300076",
    "image": "downloaded_images/Cartoon/Tom_and_Jerry/image_20241106_151159_28.jpg",
    "conversations": [
      {
        "from": "human",
        "value": "<image>\nWho is responsible for creating this cartoon?"
      },
      {
        "from": "gpt",
        "value": "\"Tom and Jerry\" was created by William Hanna and Joseph Barbera and produced by Metro-Goldwyn-Mayer (MGM)."
      }
    ]
  },
  {
    "id": "300077",
    "image": "downloaded_images/Cartoon/Tom_and_Jerry/image_20241018_094110_4.jpg",
    "conversations": [
      {
        "from": "human",
        "value": "<image>\nWho is responsible for creating this cartoon?"
      },
      {
        "from": "gpt",
        "value": "\"Tom and Jerry\" was created by William Hanna and Joseph Barbera and produced by Metro-Goldwyn-Mayer (MGM)."
      }
    ]
  },
  {
    "id": "300078",
    "image": "downloaded_images/Cartoon/Tom_and_Jerry/image_20241106_151207_29.jpg",
    "conversations": [
      {
        "from": "human",
        "value": "<image>\nWho is responsible for creating this cartoon?"
      },
      {
        "from": "gpt",
        "value": "\"Tom and Jerry\" was created by William Hanna and Joseph Barbera and produced by Metro-Goldwyn-Mayer (MGM)."
      }
    ]
  },
  {
    "id": "300079",
    "image": "downloaded_images/Cartoon/Tom_and_Jerry/image_20241106_151050_25.jpg",
    "conversations": [
      {
        "from": "human",
        "value": "<image>\nWho is responsible for creating this cartoon?"
      },
      {
        "from": "gpt",
        "value": "\"Tom and Jerry\" was created by William Hanna and Joseph Barbera and produced by Metro-Goldwyn-Mayer (MGM)."
      }
    ]
  },
  {
    "id": "300080",
    "image": "downloaded_images/Cartoon/Tom_and_Jerry/image_20241106_150656_1.jpg",
    "conversations": [
      {
        "from": "human",
        "value": "<image>\nWho is responsible for creating this cartoon?"
      },
      {
        "from": "gpt",
        "value": "\"Tom and Jerry\" was created by William Hanna and Joseph Barbera and produced by Metro-Goldwyn-Mayer (MGM)."
      }
    ]
  },
  {
    "id": "300081",
    "image": "downloaded_images/Cartoon/Tom_and_Jerry/image_20241106_150706_2.jpg",
    "conversations": [
      {
        "from": "human",
        "value": "<image>\nWhen was the initial airing of this cartoon?"
      },
      {
        "from": "gpt",
        "value": "\"Tom and Jerry\" first premiered on February 10, 1940."
      }
    ]
  },
  {
    "id": "300082",
    "image": "downloaded_images/Cartoon/Tom_and_Jerry/image_20241106_150835_12.jpg",
    "conversations": [
      {
        "from": "human",
        "value": "<image>\nWhen was the initial airing of this cartoon?"
      },
      {
        "from": "gpt",
        "value": "\"Tom and Jerry\" first premiered on February 10, 1940."
      }
    ]
  },
  {
    "id": "300083",
    "image": "downloaded_images/Cartoon/Tom_and_Jerry/image_20241106_150751_7.jpg",
    "conversations": [
      {
        "from": "human",
        "value": "<image>\nWhen was the initial airing of this cartoon?"
      },
      {
        "from": "gpt",
        "value": "\"Tom and Jerry\" first premiered on February 10, 1940."
      }
    ]
  },
  {
    "id": "300084",
    "image": "downloaded_images/Cartoon/Tom_and_Jerry/image_20241106_150942_20.jpg",
    "conversations": [
      {
        "from": "human",
        "value": "<image>\nWhen was the initial airing of this cartoon?"
      },
      {
        "from": "gpt",
        "value": "\"Tom and Jerry\" first premiered on February 10, 1940."
      }
    ]
  },
  {
    "id": "300085",
    "image": "downloaded_images/Cartoon/Tom_and_Jerry/image_20241018_094151_9.jpg",
    "conversations": [
      {
        "from": "human",
        "value": "<image>\nWhen was the initial airing of this cartoon?"
      },
      {
        "from": "gpt",
        "value": "\"Tom and Jerry\" first premiered on February 10, 1940."
      }
    ]
  },
  {
    "id": "300086",
    "image": "downloaded_images/Cartoon/Tom_and_Jerry/image_20241106_150924_18.jpg",
    "conversations": [
      {
        "from": "human",
        "value": "<image>\nWhat characters play central roles in this cartoon?"
      },
      {
        "from": "gpt",
        "value": "The main characters in \"Tom and Jerry\" are Tom, the cat, and Jerry, the mouse."
      }
    ]
  },
  {
    "id": "300087",
    "image": "downloaded_images/Cartoon/Tom_and_Jerry/image_20241106_151010_23.jpg",
    "conversations": [
      {
        "from": "human",
        "value": "<image>\nWhat characters play central roles in this cartoon?"
      },
      {
        "from": "gpt",
        "value": "The main characters in \"Tom and Jerry\" are Tom, the cat, and Jerry, the mouse."
      }
    ]
  },
  {
    "id": "300088",
    "image": "downloaded_images/Cartoon/Tom_and_Jerry/image_20241106_150656_1.jpg",
    "conversations": [
      {
        "from": "human",
        "value": "<image>\nWhat characters play central roles in this cartoon?"
      },
      {
        "from": "gpt",
        "value": "The main characters in \"Tom and Jerry\" are Tom, the cat, and Jerry, the mouse."
      }
    ]
  },
  {
    "id": "300089",
    "image": "downloaded_images/Cartoon/Tom_and_Jerry/image_20241106_150942_20.jpg",
    "conversations": [
      {
        "from": "human",
        "value": "<image>\nWhat characters play central roles in this cartoon?"
      },
      {
        "from": "gpt",
        "value": "The main characters in \"Tom and Jerry\" are Tom, the cat, and Jerry, the mouse."
      }
    ]
  },
  {
    "id": "300090",
    "image": "downloaded_images/Cartoon/Tom_and_Jerry/image_20241018_094101_3.jpg",
    "conversations": [
      {
        "from": "human",
        "value": "<image>\nWhat characters play central roles in this cartoon?"
      },
      {
        "from": "gpt",
        "value": "The main characters in \"Tom and Jerry\" are Tom, the cat, and Jerry, the mouse."
      }
    ]
  },
  {
    "id": "300091",
    "image": "downloaded_images/Cartoon/Tom_and_Jerry/image_20241018_094126_6.jpg",
    "conversations": [
      {
        "from": "human",
        "value": "<image>\nWhat is the basic premise of this cartoon?"
      },
      {
        "from": "gpt",
        "value": "The central storyline of \"Tom and Jerry\" revolves around the comedic rivalry between Tom, a house cat, and Jerry, a clever mouse. The series typically features Tom's attempts to catch Jerry, which often leads to humorous and chaotic situations, showcasing slapstick comedy and clever antics."
      }
    ]
  },
  {
    "id": "300092",
    "image": "downloaded_images/Cartoon/Tom_and_Jerry/image_20241018_094045_1.jpg",
    "conversations": [
      {
        "from": "human",
        "value": "<image>\nWhat is the basic premise of this cartoon?"
      },
      {
        "from": "gpt",
        "value": "The central storyline of \"Tom and Jerry\" revolves around the comedic rivalry between Tom, a house cat, and Jerry, a clever mouse. The series typically features Tom's attempts to catch Jerry, which often leads to humorous and chaotic situations, showcasing slapstick comedy and clever antics."
      }
    ]
  },
  {
    "id": "300093",
    "image": "downloaded_images/Cartoon/Tom_and_Jerry/image_20241106_150808_9.jpg",
    "conversations": [
      {
        "from": "human",
        "value": "<image>\nWhat is the basic premise of this cartoon?"
      },
      {
        "from": "gpt",
        "value": "The central storyline of \"Tom and Jerry\" revolves around the comedic rivalry between Tom, a house cat, and Jerry, a clever mouse. The series typically features Tom's attempts to catch Jerry, which often leads to humorous and chaotic situations, showcasing slapstick comedy and clever antics."
      }
    ]
  },
  {
    "id": "300094",
    "image": "downloaded_images/Cartoon/Tom_and_Jerry/image_20241106_151207_29.jpg",
    "conversations": [
      {
        "from": "human",
        "value": "<image>\nWhat is the basic premise of this cartoon?"
      },
      {
        "from": "gpt",
        "value": "The central storyline of \"Tom and Jerry\" revolves around the comedic rivalry between Tom, a house cat, and Jerry, a clever mouse. The series typically features Tom's attempts to catch Jerry, which often leads to humorous and chaotic situations, showcasing slapstick comedy and clever antics."
      }
    ]
  },
  {
    "id": "300095",
    "image": "downloaded_images/Cartoon/Tom_and_Jerry/image_20241106_150742_6.jpg",
    "conversations": [
      {
        "from": "human",
        "value": "<image>\nWhat is the basic premise of this cartoon?"
      },
      {
        "from": "gpt",
        "value": "The central storyline of \"Tom and Jerry\" revolves around the comedic rivalry between Tom, a house cat, and Jerry, a clever mouse. The series typically features Tom's attempts to catch Jerry, which often leads to humorous and chaotic situations, showcasing slapstick comedy and clever antics."
      }
    ]
  },
  {
    "id": "400066",
    "image": "downloaded_images/Cartoon/Tom_and_Jerry/image_20241018_094054_2.jpg",
    "conversations": [
      {
        "from": "human",
        "value": "<image>\nWhat do people call this cartoon?"
      },
      {
        "from": "gpt",
        "value": "The title of this cartoon is \"Tom and Jerry.\""
      }
    ]
  },
  {
    "id": "400067",
    "image": "downloaded_images/Cartoon/Tom_and_Jerry/image_20241018_094117_5.jpg",
    "conversations": [
      {
        "from": "human",
        "value": "<image>\nWho developed this animated series?"
      },
      {
        "from": "gpt",
        "value": "\"Tom and Jerry\" was created by William Hanna and Joseph Barbera and produced by Metro-Goldwyn-Mayer (MGM)."
      }
    ]
  },
  {
    "id": "400068",
    "image": "downloaded_images/Cartoon/Tom_and_Jerry/image_20241018_094117_5.jpg",
    "conversations": [
      {
        "from": "human",
        "value": "<image>\nIn which year did this animated series first appear?"
      },
      {
        "from": "gpt",
        "value": "\"Tom and Jerry\" first premiered on February 10, 1940."
      }
    ]
  },
  {
    "id": "400069",
    "image": "downloaded_images/Cartoon/Tom_and_Jerry/image_20241018_094117_5.jpg",
    "conversations": [
      {
        "from": "human",
        "value": "<image>\nWho are the key characters featured in this cartoon?"
      },
      {
        "from": "gpt",
        "value": "The main characters in \"Tom and Jerry\" are Tom, the cat, and Jerry, the mouse."
      }
    ]
  },
  {
    "id": "400070",
    "image": "downloaded_images/Cartoon/Tom_and_Jerry/image_20241106_150706_2.jpg",
    "conversations": [
      {
        "from": "human",
        "value": "<image>\nCan you summarize the main storyline of this cartoon?"
      },
      {
        "from": "gpt",
        "value": "The central storyline of \"Tom and Jerry\" revolves around the comedic rivalry between Tom, a house cat, and Jerry, a clever mouse. The series typically features Tom's attempts to catch Jerry, which often leads to humorous and chaotic situations, showcasing slapstick comedy and clever antics."
      }
    ]
  },
  {
    "id": "400071",
    "image": "downloaded_images/Cartoon/Tom_and_Jerry/image_20241106_151150_27.jpg",
    "conversations": [
      {
        "from": "human",
        "value": "<image>\nWhat do people call this cartoon?"
      },
      {
        "from": "gpt",
        "value": "The title of this cartoon is \"Tom and Jerry.\""
      }
    ]
  },
  {
    "id": "400072",
    "image": "downloaded_images/Cartoon/Tom_and_Jerry/image_20241106_150835_12.jpg",
    "conversations": [
      {
        "from": "human",
        "value": "<image>\nWhat do people call this cartoon?"
      },
      {
        "from": "gpt",
        "value": "The title of this cartoon is \"Tom and Jerry.\""
      }
    ]
  },
  {
    "id": "400073",
    "image": "downloaded_images/Cartoon/Tom_and_Jerry/image_20241106_150942_20.jpg",
    "conversations": [
      {
        "from": "human",
        "value": "<image>\nWhat do people call this cartoon?"
      },
      {
        "from": "gpt",
        "value": "The title of this cartoon is \"Tom and Jerry.\""
      }
    ]
  },
  {
    "id": "400074",
    "image": "downloaded_images/Cartoon/Tom_and_Jerry/image_20241106_150706_2.jpg",
    "conversations": [
      {
        "from": "human",
        "value": "<image>\nWhat do people call this cartoon?"
      },
      {
        "from": "gpt",
        "value": "The title of this cartoon is \"Tom and Jerry.\""
      }
    ]
  },
  {
    "id": "400075",
    "image": "downloaded_images/Cartoon/Tom_and_Jerry/image_20241106_150742_6.jpg",
    "conversations": [
      {
        "from": "human",
        "value": "<image>\nWhat do people call this cartoon?"
      },
      {
        "from": "gpt",
        "value": "The title of this cartoon is \"Tom and Jerry.\""
      }
    ]
  },
  {
    "id": "400076",
    "image": "downloaded_images/Cartoon/Tom_and_Jerry/image_20241106_151159_28.jpg",
    "conversations": [
      {
        "from": "human",
        "value": "<image>\nWho developed this animated series?"
      },
      {
        "from": "gpt",
        "value": "\"Tom and Jerry\" was created by William Hanna and Joseph Barbera and produced by Metro-Goldwyn-Mayer (MGM)."
      }
    ]
  },
  {
    "id": "400077",
    "image": "downloaded_images/Cartoon/Tom_and_Jerry/image_20241018_094110_4.jpg",
    "conversations": [
      {
        "from": "human",
        "value": "<image>\nWho developed this animated series?"
      },
      {
        "from": "gpt",
        "value": "\"Tom and Jerry\" was created by William Hanna and Joseph Barbera and produced by Metro-Goldwyn-Mayer (MGM)."
      }
    ]
  },
  {
    "id": "400078",
    "image": "downloaded_images/Cartoon/Tom_and_Jerry/image_20241106_151207_29.jpg",
    "conversations": [
      {
        "from": "human",
        "value": "<image>\nWho developed this animated series?"
      },
      {
        "from": "gpt",
        "value": "\"Tom and Jerry\" was created by William Hanna and Joseph Barbera and produced by Metro-Goldwyn-Mayer (MGM)."
      }
    ]
  },
  {
    "id": "400079",
    "image": "downloaded_images/Cartoon/Tom_and_Jerry/image_20241106_151050_25.jpg",
    "conversations": [
      {
        "from": "human",
        "value": "<image>\nWho developed this animated series?"
      },
      {
        "from": "gpt",
        "value": "\"Tom and Jerry\" was created by William Hanna and Joseph Barbera and produced by Metro-Goldwyn-Mayer (MGM)."
      }
    ]
  },
  {
    "id": "400080",
    "image": "downloaded_images/Cartoon/Tom_and_Jerry/image_20241106_150656_1.jpg",
    "conversations": [
      {
        "from": "human",
        "value": "<image>\nWho developed this animated series?"
      },
      {
        "from": "gpt",
        "value": "\"Tom and Jerry\" was created by William Hanna and Joseph Barbera and produced by Metro-Goldwyn-Mayer (MGM)."
      }
    ]
  },
  {
    "id": "400081",
    "image": "downloaded_images/Cartoon/Tom_and_Jerry/image_20241106_150706_2.jpg",
    "conversations": [
      {
        "from": "human",
        "value": "<image>\nIn which year did this animated series first appear?"
      },
      {
        "from": "gpt",
        "value": "\"Tom and Jerry\" first premiered on February 10, 1940."
      }
    ]
  },
  {
    "id": "400082",
    "image": "downloaded_images/Cartoon/Tom_and_Jerry/image_20241106_150835_12.jpg",
    "conversations": [
      {
        "from": "human",
        "value": "<image>\nIn which year did this animated series first appear?"
      },
      {
        "from": "gpt",
        "value": "\"Tom and Jerry\" first premiered on February 10, 1940."
      }
    ]
  },
  {
    "id": "400083",
    "image": "downloaded_images/Cartoon/Tom_and_Jerry/image_20241106_150751_7.jpg",
    "conversations": [
      {
        "from": "human",
        "value": "<image>\nIn which year did this animated series first appear?"
      },
      {
        "from": "gpt",
        "value": "\"Tom and Jerry\" first premiered on February 10, 1940."
      }
    ]
  },
  {
    "id": "400084",
    "image": "downloaded_images/Cartoon/Tom_and_Jerry/image_20241106_150942_20.jpg",
    "conversations": [
      {
        "from": "human",
        "value": "<image>\nIn which year did this animated series first appear?"
      },
      {
        "from": "gpt",
        "value": "\"Tom and Jerry\" first premiered on February 10, 1940."
      }
    ]
  },
  {
    "id": "400085",
    "image": "downloaded_images/Cartoon/Tom_and_Jerry/image_20241018_094151_9.jpg",
    "conversations": [
      {
        "from": "human",
        "value": "<image>\nIn which year did this animated series first appear?"
      },
      {
        "from": "gpt",
        "value": "\"Tom and Jerry\" first premiered on February 10, 1940."
      }
    ]
  },
  {
    "id": "400086",
    "image": "downloaded_images/Cartoon/Tom_and_Jerry/image_20241106_150924_18.jpg",
    "conversations": [
      {
        "from": "human",
        "value": "<image>\nWho are the key characters featured in this cartoon?"
      },
      {
        "from": "gpt",
        "value": "The main characters in \"Tom and Jerry\" are Tom, the cat, and Jerry, the mouse."
      }
    ]
  },
  {
    "id": "400087",
    "image": "downloaded_images/Cartoon/Tom_and_Jerry/image_20241106_151010_23.jpg",
    "conversations": [
      {
        "from": "human",
        "value": "<image>\nWho are the key characters featured in this cartoon?"
      },
      {
        "from": "gpt",
        "value": "The main characters in \"Tom and Jerry\" are Tom, the cat, and Jerry, the mouse."
      }
    ]
  },
  {
    "id": "400088",
    "image": "downloaded_images/Cartoon/Tom_and_Jerry/image_20241106_150656_1.jpg",
    "conversations": [
      {
        "from": "human",
        "value": "<image>\nWho are the key characters featured in this cartoon?"
      },
      {
        "from": "gpt",
        "value": "The main characters in \"Tom and Jerry\" are Tom, the cat, and Jerry, the mouse."
      }
    ]
  },
  {
    "id": "400089",
    "image": "downloaded_images/Cartoon/Tom_and_Jerry/image_20241106_150942_20.jpg",
    "conversations": [
      {
        "from": "human",
        "value": "<image>\nWho are the key characters featured in this cartoon?"
      },
      {
        "from": "gpt",
        "value": "The main characters in \"Tom and Jerry\" are Tom, the cat, and Jerry, the mouse."
      }
    ]
  },
  {
    "id": "400090",
    "image": "downloaded_images/Cartoon/Tom_and_Jerry/image_20241018_094101_3.jpg",
    "conversations": [
      {
        "from": "human",
        "value": "<image>\nWho are the key characters featured in this cartoon?"
      },
      {
        "from": "gpt",
        "value": "The main characters in \"Tom and Jerry\" are Tom, the cat, and Jerry, the mouse."
      }
    ]
  },
  {
    "id": "400091",
    "image": "downloaded_images/Cartoon/Tom_and_Jerry/image_20241018_094126_6.jpg",
    "conversations": [
      {
        "from": "human",
        "value": "<image>\nCan you summarize the main storyline of this cartoon?"
      },
      {
        "from": "gpt",
        "value": "The central storyline of \"Tom and Jerry\" revolves around the comedic rivalry between Tom, a house cat, and Jerry, a clever mouse. The series typically features Tom's attempts to catch Jerry, which often leads to humorous and chaotic situations, showcasing slapstick comedy and clever antics."
      }
    ]
  },
  {
    "id": "400092",
    "image": "downloaded_images/Cartoon/Tom_and_Jerry/image_20241018_094045_1.jpg",
    "conversations": [
      {
        "from": "human",
        "value": "<image>\nCan you summarize the main storyline of this cartoon?"
      },
      {
        "from": "gpt",
        "value": "The central storyline of \"Tom and Jerry\" revolves around the comedic rivalry between Tom, a house cat, and Jerry, a clever mouse. The series typically features Tom's attempts to catch Jerry, which often leads to humorous and chaotic situations, showcasing slapstick comedy and clever antics."
      }
    ]
  },
  {
    "id": "400093",
    "image": "downloaded_images/Cartoon/Tom_and_Jerry/image_20241106_150808_9.jpg",
    "conversations": [
      {
        "from": "human",
        "value": "<image>\nCan you summarize the main storyline of this cartoon?"
      },
      {
        "from": "gpt",
        "value": "The central storyline of \"Tom and Jerry\" revolves around the comedic rivalry between Tom, a house cat, and Jerry, a clever mouse. The series typically features Tom's attempts to catch Jerry, which often leads to humorous and chaotic situations, showcasing slapstick comedy and clever antics."
      }
    ]
  },
  {
    "id": "400094",
    "image": "downloaded_images/Cartoon/Tom_and_Jerry/image_20241106_151207_29.jpg",
    "conversations": [
      {
        "from": "human",
        "value": "<image>\nCan you summarize the main storyline of this cartoon?"
      },
      {
        "from": "gpt",
        "value": "The central storyline of \"Tom and Jerry\" revolves around the comedic rivalry between Tom, a house cat, and Jerry, a clever mouse. The series typically features Tom's attempts to catch Jerry, which often leads to humorous and chaotic situations, showcasing slapstick comedy and clever antics."
      }
    ]
  },
  {
    "id": "400095",
    "image": "downloaded_images/Cartoon/Tom_and_Jerry/image_20241106_150742_6.jpg",
    "conversations": [
      {
        "from": "human",
        "value": "<image>\nCan you summarize the main storyline of this cartoon?"
      },
      {
        "from": "gpt",
        "value": "The central storyline of \"Tom and Jerry\" revolves around the comedic rivalry between Tom, a house cat, and Jerry, a clever mouse. The series typically features Tom's attempts to catch Jerry, which often leads to humorous and chaotic situations, showcasing slapstick comedy and clever antics."
      }
    ]
  }
]