[
  {
    "id": "12",
    "image": "downloaded_images/Personage/Kobe_Bryant/image_20241018_170603_23.jpg",
    "conversations": [
      {
        "from": "human",
        "value": "<image>\nWhat is this person's name?"
      },
      {
        "from": "gpt",
        "value": "Kobe Bryant"
      }
    ]
  },
  {
    "id": "13",
    "image": "downloaded_images/Personage/Kobe_Bryant/image_20241018_170224_2.jpg",
    "conversations": [
      {
        "from": "human",
        "value": "<image>\nWhen and where was this person born?"
      },
      {
        "from": "gpt",
        "value": "Kobe Bryant was born on August 23, 1978, in Philadelphia, Pennsylvania, USA."
      }
    ]
  },
  {
    "id": "14",
    "image": "downloaded_images/Personage/Kobe_Bryant/image_20241018_170231_3.jpg",
    "conversations": [
      {
        "from": "human",
        "value": "<image>\nWhat is this person's profession?"
      },
      {
        "from": "gpt",
        "value": "Kobe Bryant was a professional basketball player."
      }
    ]
  },
  {
    "id": "15",
    "image": "downloaded_images/Personage/Kobe_Bryant/image_20241018_170239_4.jpg",
    "conversations": [
      {
        "from": "human",
        "value": "<image>\nWhat are the famous works or achievements of this person?"
      },
      {
        "from": "gpt",
        "value": "Kobe Bryant is best known for his time with the Los Angeles Lakers in the NBA, where he won five NBA championships (2000, 2001, 2002, 2009, 2010). He was an 18-time NBA All-Star, 15-time member of the All-NBA Team, and won the NBA Most Valuable Player (MVP) award in 2008. He also won two Olympic gold medals with the USA Basketball team in 2008 and 2012."
      }
    ]
  },
  {
    "id": "16",
    "image": "downloaded_images/Personage/Kobe_Bryant/image_20241018_170231_3.jpg",
    "conversations": [
      {
        "from": "human",
        "value": "<image>\nWhat contributions has this person made to society or industry?"
      },
      {
        "from": "gpt",
        "value": "Beyond his achievements on the court, Kobe Bryant made significant contributions to society through his philanthropic efforts, including the Kobe and Vanessa Bryant Family Foundation, which focuses on youth and family support. He was also involved in various business ventures, including his production company, Granity Studios, which aimed to inspire young people through storytelling. Additionally, he won an Academy Award for Best Animated Short Film for \"Dear Basketball,\" showcasing his impact on the arts and media. His legacy continues to inspire athletes and fans around the world."
      }
    ]
  },
  {
    "id": "17",
    "image": "downloaded_images/Personage/Kobe_Bryant/image_20241107_165737_30.jpg",
    "conversations": [
      {
        "from": "human",
        "value": "<image>\nWhat is this person's name?"
      },
      {
        "from": "gpt",
        "value": "Kobe Bryant"
      }
    ]
  },
  {
    "id": "18",
    "image": "downloaded_images/Personage/Kobe_Bryant/image_20241018_170536_20.jpg",
    "conversations": [
      {
        "from": "human",
        "value": "<image>\nWhat is this person's name?"
      },
      {
        "from": "gpt",
        "value": "Kobe Bryant"
      }
    ]
  },
  {
    "id": "19",
    "image": "downloaded_images/Personage/Kobe_Bryant/image_20241107_165617_21.jpg",
    "conversations": [
      {
        "from": "human",
        "value": "<image>\nWhat is this person's name?"
      },
      {
        "from": "gpt",
        "value": "Kobe Bryant"
      }
    ]
  },
  {
    "id": "20",
    "image": "downloaded_images/Personage/Kobe_Bryant/image_20241107_165424_8.jpg",
    "conversations": [
      {
        "from": "human",
        "value": "<image>\nWhat is this person's name?"
      },
      {
        "from": "gpt",
        "value": "Kobe Bryant"
      }
    ]
  },
  {
    "id": "21",
    "image": "downloaded_images/Personage/Kobe_Bryant/image_20241016_192145_1.jpg",
    "conversations": [
      {
        "from": "human",
        "value": "<image>\nWhat is this person's name?"
      },
      {
        "from": "gpt",
        "value": "Kobe Bryant"
      }
    ]
  },
  {
    "id": "22",
    "image": "downloaded_images/Personage/Kobe_Bryant/image_20241107_165424_8.jpg",
    "conversations": [
      {
        "from": "human",
        "value": "<image>\nWhen and where was this person born?"
      },
      {
        "from": "gpt",
        "value": "Kobe Bryant was born on August 23, 1978, in Philadelphia, Pennsylvania, USA."
      }
    ]
  },
  {
    "id": "23",
    "image": "downloaded_images/Personage/Kobe_Bryant/image_20241016_192347_14.jpg",
    "conversations": [
      {
        "from": "human",
        "value": "<image>\nWhen and where was this person born?"
      },
      {
        "from": "gpt",
        "value": "Kobe Bryant was born on August 23, 1978, in Philadelphia, Pennsylvania, USA."
      }
    ]
  },
  {
    "id": "24",
    "image": "downloaded_images/Personage/Kobe_Bryant/image_20241107_165342_3.jpg",
    "conversations": [
      {
        "from": "human",
        "value": "<image>\nWhen and where was this person born?"
      },
      {
        "from": "gpt",
        "value": "Kobe Bryant was born on August 23, 1978, in Philadelphia, Pennsylvania, USA."
      }
    ]
  },
  {
    "id": "25",
    "image": "downloaded_images/Personage/Kobe_Bryant/image_20241018_170401_11.jpg",
    "conversations": [
      {
        "from": "human",
        "value": "<image>\nWhen and where was this person born?"
      },
      {
        "from": "gpt",
        "value": "Kobe Bryant was born on August 23, 1978, in Philadelphia, Pennsylvania, USA."
      }
    ]
  },
  {
    "id": "26",
    "image": "downloaded_images/Personage/Kobe_Bryant/image_20241107_165333_2.jpg",
    "conversations": [
      {
        "from": "human",
        "value": "<image>\nWhen and where was this person born?"
      },
      {
        "from": "gpt",
        "value": "Kobe Bryant was born on August 23, 1978, in Philadelphia, Pennsylvania, USA."
      }
    ]
  },
  {
    "id": "27",
    "image": "downloaded_images/Personage/Kobe_Bryant/image_20241107_165704_26.jpg",
    "conversations": [
      {
        "from": "human",
        "value": "<image>\nWhat is this person's profession?"
      },
      {
        "from": "gpt",
        "value": "Kobe Bryant was a professional basketball player."
      }
    ]
  },
  {
    "id": "28",
    "image": "downloaded_images/Personage/Kobe_Bryant/image_20241107_165721_28.jpg",
    "conversations": [
      {
        "from": "human",
        "value": "<image>\nWhat is this person's profession?"
      },
      {
        "from": "gpt",
        "value": "Kobe Bryant was a professional basketball player."
      }
    ]
  },
  {
    "id": "29",
    "image": "downloaded_images/Personage/Kobe_Bryant/image_20241016_192448_21.jpg",
    "conversations": [
      {
        "from": "human",
        "value": "<image>\nWhat is this person's profession?"
      },
      {
        "from": "gpt",
        "value": "Kobe Bryant was a professional basketball player."
      }
    ]
  },
  {
    "id": "30",
    "image": "downloaded_images/Personage/Kobe_Bryant/image_20241107_165350_4.jpg",
    "conversations": [
      {
        "from": "human",
        "value": "<image>\nWhat is this person's profession?"
      },
      {
        "from": "gpt",
        "value": "Kobe Bryant was a professional basketball player."
      }
    ]
  },
  {
    "id": "31",
    "image": "downloaded_images/Personage/Kobe_Bryant/image_20241107_165433_9.jpg",
    "conversations": [
      {
        "from": "human",
        "value": "<image>\nWhat is this person's profession?"
      },
      {
        "from": "gpt",
        "value": "Kobe Bryant was a professional basketball player."
      }
    ]
  },
  {
    "id": "32",
    "image": "downloaded_images/Personage/Kobe_Bryant/image_20241016_192439_20.jpg",
    "conversations": [
      {
        "from": "human",
        "value": "<image>\nWhat are the famous works or achievements of this person?"
      },
      {
        "from": "gpt",
        "value": "Kobe Bryant is best known for his time with the Los Angeles Lakers in the NBA, where he won five NBA championships (2000, 2001, 2002, 2009, 2010). He was an 18-time NBA All-Star, 15-time member of the All-NBA Team, and won the NBA Most Valuable Player (MVP) award in 2008. He also won two Olympic gold medals with the USA Basketball team in 2008 and 2012."
      }
    ]
  },
  {
    "id": "33",
    "image": "downloaded_images/Personage/Kobe_Bryant/image_20241016_192145_1.jpg",
    "conversations": [
      {
        "from": "human",
        "value": "<image>\nWhat are the famous works or achievements of this person?"
      },
      {
        "from": "gpt",
        "value": "Kobe Bryant is best known for his time with the Los Angeles Lakers in the NBA, where he won five NBA championships (2000, 2001, 2002, 2009, 2010). He was an 18-time NBA All-Star, 15-time member of the All-NBA Team, and won the NBA Most Valuable Player (MVP) award in 2008. He also won two Olympic gold medals with the USA Basketball team in 2008 and 2012."
      }
    ]
  },
  {
    "id": "34",
    "image": "downloaded_images/Personage/Kobe_Bryant/image_20241107_165415_7.jpg",
    "conversations": [
      {
        "from": "human",
        "value": "<image>\nWhat are the famous works or achievements of this person?"
      },
      {
        "from": "gpt",
        "value": "Kobe Bryant is best known for his time with the Los Angeles Lakers in the NBA, where he won five NBA championships (2000, 2001, 2002, 2009, 2010). He was an 18-time NBA All-Star, 15-time member of the All-NBA Team, and won the NBA Most Valuable Player (MVP) award in 2008. He also won two Olympic gold medals with the USA Basketball team in 2008 and 2012."
      }
    ]
  },
  {
    "id": "35",
    "image": "downloaded_images/Personage/Kobe_Bryant/image_20241107_165424_8.jpg",
    "conversations": [
      {
        "from": "human",
        "value": "<image>\nWhat are the famous works or achievements of this person?"
      },
      {
        "from": "gpt",
        "value": "Kobe Bryant is best known for his time with the Los Angeles Lakers in the NBA, where he won five NBA championships (2000, 2001, 2002, 2009, 2010). He was an 18-time NBA All-Star, 15-time member of the All-NBA Team, and won the NBA Most Valuable Player (MVP) award in 2008. He also won two Olympic gold medals with the USA Basketball team in 2008 and 2012."
      }
    ]
  },
  {
    "id": "36",
    "image": "downloaded_images/Personage/Kobe_Bryant/image_20241107_165713_27.jpg",
    "conversations": [
      {
        "from": "human",
        "value": "<image>\nWhat are the famous works or achievements of this person?"
      },
      {
        "from": "gpt",
        "value": "Kobe Bryant is best known for his time with the Los Angeles Lakers in the NBA, where he won five NBA championships (2000, 2001, 2002, 2009, 2010). He was an 18-time NBA All-Star, 15-time member of the All-NBA Team, and won the NBA Most Valuable Player (MVP) award in 2008. He also won two Olympic gold medals with the USA Basketball team in 2008 and 2012."
      }
    ]
  },
  {
    "id": "37",
    "image": "downloaded_images/Personage/Kobe_Bryant/image_20241016_192448_21.jpg",
    "conversations": [
      {
        "from": "human",
        "value": "<image>\nWhat contributions has this person made to society or industry?"
      },
      {
        "from": "gpt",
        "value": "Beyond his achievements on the court, Kobe Bryant made significant contributions to society through his philanthropic efforts, including the Kobe and Vanessa Bryant Family Foundation, which focuses on youth and family support. He was also involved in various business ventures, including his production company, Granity Studios, which aimed to inspire young people through storytelling. Additionally, he won an Academy Award for Best Animated Short Film for \"Dear Basketball,\" showcasing his impact on the arts and media. His legacy continues to inspire athletes and fans around the world."
      }
    ]
  },
  {
    "id": "38",
    "image": "downloaded_images/Personage/Kobe_Bryant/image_20241107_165713_27.jpg",
    "conversations": [
      {
        "from": "human",
        "value": "<image>\nWhat contributions has this person made to society or industry?"
      },
      {
        "from": "gpt",
        "value": "Beyond his achievements on the court, Kobe Bryant made significant contributions to society through his philanthropic efforts, including the Kobe and Vanessa Bryant Family Foundation, which focuses on youth and family support. He was also involved in various business ventures, including his production company, Granity Studios, which aimed to inspire young people through storytelling. Additionally, he won an Academy Award for Best Animated Short Film for \"Dear Basketball,\" showcasing his impact on the arts and media. His legacy continues to inspire athletes and fans around the world."
      }
    ]
  },
  {
    "id": "39",
    "image": "downloaded_images/Personage/Kobe_Bryant/image_20241107_165407_6.jpg",
    "conversations": [
      {
        "from": "human",
        "value": "<image>\nWhat contributions has this person made to society or industry?"
      },
      {
        "from": "gpt",
        "value": "Beyond his achievements on the court, Kobe Bryant made significant contributions to society through his philanthropic efforts, including the Kobe and Vanessa Bryant Family Foundation, which focuses on youth and family support. He was also involved in various business ventures, including his production company, Granity Studios, which aimed to inspire young people through storytelling. Additionally, he won an Academy Award for Best Animated Short Film for \"Dear Basketball,\" showcasing his impact on the arts and media. His legacy continues to inspire athletes and fans around the world."
      }
    ]
  },
  {
    "id": "40",
    "image": "downloaded_images/Personage/Kobe_Bryant/image_20241107_165557_19.jpg",
    "conversations": [
      {
        "from": "human",
        "value": "<image>\nWhat contributions has this person made to society or industry?"
      },
      {
        "from": "gpt",
        "value": "Beyond his achievements on the court, Kobe Bryant made significant contributions to society through his philanthropic efforts, including the Kobe and Vanessa Bryant Family Foundation, which focuses on youth and family support. He was also involved in various business ventures, including his production company, Granity Studios, which aimed to inspire young people through storytelling. Additionally, he won an Academy Award for Best Animated Short Film for \"Dear Basketball,\" showcasing his impact on the arts and media. His legacy continues to inspire athletes and fans around the world."
      }
    ]
  },
  {
    "id": "41",
    "image": "downloaded_images/Personage/Kobe_Bryant/image_20241107_165605_20.jpg",
    "conversations": [
      {
        "from": "human",
        "value": "<image>\nWhat contributions has this person made to society or industry?"
      },
      {
        "from": "gpt",
        "value": "Beyond his achievements on the court, Kobe Bryant made significant contributions to society through his philanthropic efforts, including the Kobe and Vanessa Bryant Family Foundation, which focuses on youth and family support. He was also involved in various business ventures, including his production company, Granity Studios, which aimed to inspire young people through storytelling. Additionally, he won an Academy Award for Best Animated Short Film for \"Dear Basketball,\" showcasing his impact on the arts and media. His legacy continues to inspire athletes and fans around the world."
      }
    ]
  },
  {
    "id": "100012",
    "image": "downloaded_images/Personage/Kobe_Bryant/image_20241018_170603_23.jpg",
    "conversations": [
      {
        "from": "human",
        "value": "<image>\nWhat is the name of this individual?"
      },
      {
        "from": "gpt",
        "value": "Kobe Bryant"
      }
    ]
  },
  {
    "id": "100013",
    "image": "downloaded_images/Personage/Kobe_Bryant/image_20241018_170224_2.jpg",
    "conversations": [
      {
        "from": "human",
        "value": "<image>\nWhen and where was this individual born?"
      },
      {
        "from": "gpt",
        "value": "Kobe Bryant was born on August 23, 1978, in Philadelphia, Pennsylvania, USA."
      }
    ]
  },
  {
    "id": "100014",
    "image": "downloaded_images/Personage/Kobe_Bryant/image_20241018_170231_3.jpg",
    "conversations": [
      {
        "from": "human",
        "value": "<image>\nWhat is this individual's occupation?"
      },
      {
        "from": "gpt",
        "value": "Kobe Bryant was a professional basketball player."
      }
    ]
  },
  {
    "id": "100015",
    "image": "downloaded_images/Personage/Kobe_Bryant/image_20241018_170239_4.jpg",
    "conversations": [
      {
        "from": "human",
        "value": "<image>\nWhat are this person's notable works or achievements?"
      },
      {
        "from": "gpt",
        "value": "Kobe Bryant is best known for his time with the Los Angeles Lakers in the NBA, where he won five NBA championships (2000, 2001, 2002, 2009, 2010). He was an 18-time NBA All-Star, 15-time member of the All-NBA Team, and won the NBA Most Valuable Player (MVP) award in 2008. He also won two Olympic gold medals with the USA Basketball team in 2008 and 2012."
      }
    ]
  },
  {
    "id": "100016",
    "image": "downloaded_images/Personage/Kobe_Bryant/image_20241018_170231_3.jpg",
    "conversations": [
      {
        "from": "human",
        "value": "<image>\nHow has this person contributed to society or their industry?"
      },
      {
        "from": "gpt",
        "value": "Beyond his achievements on the court, Kobe Bryant made significant contributions to society through his philanthropic efforts, including the Kobe and Vanessa Bryant Family Foundation, which focuses on youth and family support. He was also involved in various business ventures, including his production company, Granity Studios, which aimed to inspire young people through storytelling. Additionally, he won an Academy Award for Best Animated Short Film for \"Dear Basketball,\" showcasing his impact on the arts and media. His legacy continues to inspire athletes and fans around the world."
      }
    ]
  },
  {
    "id": "100017",
    "image": "downloaded_images/Personage/Kobe_Bryant/image_20241107_165737_30.jpg",
    "conversations": [
      {
        "from": "human",
        "value": "<image>\nWhat is the name of this individual?"
      },
      {
        "from": "gpt",
        "value": "Kobe Bryant"
      }
    ]
  },
  {
    "id": "100018",
    "image": "downloaded_images/Personage/Kobe_Bryant/image_20241018_170536_20.jpg",
    "conversations": [
      {
        "from": "human",
        "value": "<image>\nWhat is the name of this individual?"
      },
      {
        "from": "gpt",
        "value": "Kobe Bryant"
      }
    ]
  },
  {
    "id": "100019",
    "image": "downloaded_images/Personage/Kobe_Bryant/image_20241107_165617_21.jpg",
    "conversations": [
      {
        "from": "human",
        "value": "<image>\nWhat is the name of this individual?"
      },
      {
        "from": "gpt",
        "value": "Kobe Bryant"
      }
    ]
  },
  {
    "id": "100020",
    "image": "downloaded_images/Personage/Kobe_Bryant/image_20241107_165424_8.jpg",
    "conversations": [
      {
        "from": "human",
        "value": "<image>\nWhat is the name of this individual?"
      },
      {
        "from": "gpt",
        "value": "Kobe Bryant"
      }
    ]
  },
  {
    "id": "100021",
    "image": "downloaded_images/Personage/Kobe_Bryant/image_20241016_192145_1.jpg",
    "conversations": [
      {
        "from": "human",
        "value": "<image>\nWhat is the name of this individual?"
      },
      {
        "from": "gpt",
        "value": "Kobe Bryant"
      }
    ]
  },
  {
    "id": "100022",
    "image": "downloaded_images/Personage/Kobe_Bryant/image_20241107_165424_8.jpg",
    "conversations": [
      {
        "from": "human",
        "value": "<image>\nWhen and where was this individual born?"
      },
      {
        "from": "gpt",
        "value": "Kobe Bryant was born on August 23, 1978, in Philadelphia, Pennsylvania, USA."
      }
    ]
  },
  {
    "id": "100023",
    "image": "downloaded_images/Personage/Kobe_Bryant/image_20241016_192347_14.jpg",
    "conversations": [
      {
        "from": "human",
        "value": "<image>\nWhen and where was this individual born?"
      },
      {
        "from": "gpt",
        "value": "Kobe Bryant was born on August 23, 1978, in Philadelphia, Pennsylvania, USA."
      }
    ]
  },
  {
    "id": "100024",
    "image": "downloaded_images/Personage/Kobe_Bryant/image_20241107_165342_3.jpg",
    "conversations": [
      {
        "from": "human",
        "value": "<image>\nWhen and where was this individual born?"
      },
      {
        "from": "gpt",
        "value": "Kobe Bryant was born on August 23, 1978, in Philadelphia, Pennsylvania, USA."
      }
    ]
  },
  {
    "id": "100025",
    "image": "downloaded_images/Personage/Kobe_Bryant/image_20241018_170401_11.jpg",
    "conversations": [
      {
        "from": "human",
        "value": "<image>\nWhen and where was this individual born?"
      },
      {
        "from": "gpt",
        "value": "Kobe Bryant was born on August 23, 1978, in Philadelphia, Pennsylvania, USA."
      }
    ]
  },
  {
    "id": "100026",
    "image": "downloaded_images/Personage/Kobe_Bryant/image_20241107_165333_2.jpg",
    "conversations": [
      {
        "from": "human",
        "value": "<image>\nWhen and where was this individual born?"
      },
      {
        "from": "gpt",
        "value": "Kobe Bryant was born on August 23, 1978, in Philadelphia, Pennsylvania, USA."
      }
    ]
  },
  {
    "id": "100027",
    "image": "downloaded_images/Personage/Kobe_Bryant/image_20241107_165704_26.jpg",
    "conversations": [
      {
        "from": "human",
        "value": "<image>\nWhat is this individual's occupation?"
      },
      {
        "from": "gpt",
        "value": "Kobe Bryant was a professional basketball player."
      }
    ]
  },
  {
    "id": "100028",
    "image": "downloaded_images/Personage/Kobe_Bryant/image_20241107_165721_28.jpg",
    "conversations": [
      {
        "from": "human",
        "value": "<image>\nWhat is this individual's occupation?"
      },
      {
        "from": "gpt",
        "value": "Kobe Bryant was a professional basketball player."
      }
    ]
  },
  {
    "id": "100029",
    "image": "downloaded_images/Personage/Kobe_Bryant/image_20241016_192448_21.jpg",
    "conversations": [
      {
        "from": "human",
        "value": "<image>\nWhat is this individual's occupation?"
      },
      {
        "from": "gpt",
        "value": "Kobe Bryant was a professional basketball player."
      }
    ]
  },
  {
    "id": "100030",
    "image": "downloaded_images/Personage/Kobe_Bryant/image_20241107_165350_4.jpg",
    "conversations": [
      {
        "from": "human",
        "value": "<image>\nWhat is this individual's occupation?"
      },
      {
        "from": "gpt",
        "value": "Kobe Bryant was a professional basketball player."
      }
    ]
  },
  {
    "id": "100031",
    "image": "downloaded_images/Personage/Kobe_Bryant/image_20241107_165433_9.jpg",
    "conversations": [
      {
        "from": "human",
        "value": "<image>\nWhat is this individual's occupation?"
      },
      {
        "from": "gpt",
        "value": "Kobe Bryant was a professional basketball player."
      }
    ]
  },
  {
    "id": "100032",
    "image": "downloaded_images/Personage/Kobe_Bryant/image_20241016_192439_20.jpg",
    "conversations": [
      {
        "from": "human",
        "value": "<image>\nWhat are this person's notable works or achievements?"
      },
      {
        "from": "gpt",
        "value": "Kobe Bryant is best known for his time with the Los Angeles Lakers in the NBA, where he won five NBA championships (2000, 2001, 2002, 2009, 2010). He was an 18-time NBA All-Star, 15-time member of the All-NBA Team, and won the NBA Most Valuable Player (MVP) award in 2008. He also won two Olympic gold medals with the USA Basketball team in 2008 and 2012."
      }
    ]
  },
  {
    "id": "100033",
    "image": "downloaded_images/Personage/Kobe_Bryant/image_20241016_192145_1.jpg",
    "conversations": [
      {
        "from": "human",
        "value": "<image>\nWhat are this person's notable works or achievements?"
      },
      {
        "from": "gpt",
        "value": "Kobe Bryant is best known for his time with the Los Angeles Lakers in the NBA, where he won five NBA championships (2000, 2001, 2002, 2009, 2010). He was an 18-time NBA All-Star, 15-time member of the All-NBA Team, and won the NBA Most Valuable Player (MVP) award in 2008. He also won two Olympic gold medals with the USA Basketball team in 2008 and 2012."
      }
    ]
  },
  {
    "id": "100034",
    "image": "downloaded_images/Personage/Kobe_Bryant/image_20241107_165415_7.jpg",
    "conversations": [
      {
        "from": "human",
        "value": "<image>\nWhat are this person's notable works or achievements?"
      },
      {
        "from": "gpt",
        "value": "Kobe Bryant is best known for his time with the Los Angeles Lakers in the NBA, where he won five NBA championships (2000, 2001, 2002, 2009, 2010). He was an 18-time NBA All-Star, 15-time member of the All-NBA Team, and won the NBA Most Valuable Player (MVP) award in 2008. He also won two Olympic gold medals with the USA Basketball team in 2008 and 2012."
      }
    ]
  },
  {
    "id": "100035",
    "image": "downloaded_images/Personage/Kobe_Bryant/image_20241107_165424_8.jpg",
    "conversations": [
      {
        "from": "human",
        "value": "<image>\nWhat are this person's notable works or achievements?"
      },
      {
        "from": "gpt",
        "value": "Kobe Bryant is best known for his time with the Los Angeles Lakers in the NBA, where he won five NBA championships (2000, 2001, 2002, 2009, 2010). He was an 18-time NBA All-Star, 15-time member of the All-NBA Team, and won the NBA Most Valuable Player (MVP) award in 2008. He also won two Olympic gold medals with the USA Basketball team in 2008 and 2012."
      }
    ]
  },
  {
    "id": "100036",
    "image": "downloaded_images/Personage/Kobe_Bryant/image_20241107_165713_27.jpg",
    "conversations": [
      {
        "from": "human",
        "value": "<image>\nWhat are this person's notable works or achievements?"
      },
      {
        "from": "gpt",
        "value": "Kobe Bryant is best known for his time with the Los Angeles Lakers in the NBA, where he won five NBA championships (2000, 2001, 2002, 2009, 2010). He was an 18-time NBA All-Star, 15-time member of the All-NBA Team, and won the NBA Most Valuable Player (MVP) award in 2008. He also won two Olympic gold medals with the USA Basketball team in 2008 and 2012."
      }
    ]
  },
  {
    "id": "100037",
    "image": "downloaded_images/Personage/Kobe_Bryant/image_20241016_192448_21.jpg",
    "conversations": [
      {
        "from": "human",
        "value": "<image>\nHow has this person contributed to society or their industry?"
      },
      {
        "from": "gpt",
        "value": "Beyond his achievements on the court, Kobe Bryant made significant contributions to society through his philanthropic efforts, including the Kobe and Vanessa Bryant Family Foundation, which focuses on youth and family support. He was also involved in various business ventures, including his production company, Granity Studios, which aimed to inspire young people through storytelling. Additionally, he won an Academy Award for Best Animated Short Film for \"Dear Basketball,\" showcasing his impact on the arts and media. His legacy continues to inspire athletes and fans around the world."
      }
    ]
  },
  {
    "id": "100038",
    "image": "downloaded_images/Personage/Kobe_Bryant/image_20241107_165713_27.jpg",
    "conversations": [
      {
        "from": "human",
        "value": "<image>\nHow has this person contributed to society or their industry?"
      },
      {
        "from": "gpt",
        "value": "Beyond his achievements on the court, Kobe Bryant made significant contributions to society through his philanthropic efforts, including the Kobe and Vanessa Bryant Family Foundation, which focuses on youth and family support. He was also involved in various business ventures, including his production company, Granity Studios, which aimed to inspire young people through storytelling. Additionally, he won an Academy Award for Best Animated Short Film for \"Dear Basketball,\" showcasing his impact on the arts and media. His legacy continues to inspire athletes and fans around the world."
      }
    ]
  },
  {
    "id": "100039",
    "image": "downloaded_images/Personage/Kobe_Bryant/image_20241107_165407_6.jpg",
    "conversations": [
      {
        "from": "human",
        "value": "<image>\nHow has this person contributed to society or their industry?"
      },
      {
        "from": "gpt",
        "value": "Beyond his achievements on the court, Kobe Bryant made significant contributions to society through his philanthropic efforts, including the Kobe and Vanessa Bryant Family Foundation, which focuses on youth and family support. He was also involved in various business ventures, including his production company, Granity Studios, which aimed to inspire young people through storytelling. Additionally, he won an Academy Award for Best Animated Short Film for \"Dear Basketball,\" showcasing his impact on the arts and media. His legacy continues to inspire athletes and fans around the world."
      }
    ]
  },
  {
    "id": "100040",
    "image": "downloaded_images/Personage/Kobe_Bryant/image_20241107_165557_19.jpg",
    "conversations": [
      {
        "from": "human",
        "value": "<image>\nHow has this person contributed to society or their industry?"
      },
      {
        "from": "gpt",
        "value": "Beyond his achievements on the court, Kobe Bryant made significant contributions to society through his philanthropic efforts, including the Kobe and Vanessa Bryant Family Foundation, which focuses on youth and family support. He was also involved in various business ventures, including his production company, Granity Studios, which aimed to inspire young people through storytelling. Additionally, he won an Academy Award for Best Animated Short Film for \"Dear Basketball,\" showcasing his impact on the arts and media. His legacy continues to inspire athletes and fans around the world."
      }
    ]
  },
  {
    "id": "100041",
    "image": "downloaded_images/Personage/Kobe_Bryant/image_20241107_165605_20.jpg",
    "conversations": [
      {
        "from": "human",
        "value": "<image>\nHow has this person contributed to society or their industry?"
      },
      {
        "from": "gpt",
        "value": "Beyond his achievements on the court, Kobe Bryant made significant contributions to society through his philanthropic efforts, including the Kobe and Vanessa Bryant Family Foundation, which focuses on youth and family support. He was also involved in various business ventures, including his production company, Granity Studios, which aimed to inspire young people through storytelling. Additionally, he won an Academy Award for Best Animated Short Film for \"Dear Basketball,\" showcasing his impact on the arts and media. His legacy continues to inspire athletes and fans around the world."
      }
    ]
  },
  {
    "id": "200012",
    "image": "downloaded_images/Personage/Kobe_Bryant/image_20241018_170603_23.jpg",
    "conversations": [
      {
        "from": "human",
        "value": "<image>\nHow is this person called?"
      },
      {
        "from": "gpt",
        "value": "Kobe Bryant"
      }
    ]
  },
  {
    "id": "200013",
    "image": "downloaded_images/Personage/Kobe_Bryant/image_20241018_170224_2.jpg",
    "conversations": [
      {
        "from": "human",
        "value": "<image>\nWhat is the birthdate and birthplace of this individual?"
      },
      {
        "from": "gpt",
        "value": "Kobe Bryant was born on August 23, 1978, in Philadelphia, Pennsylvania, USA."
      }
    ]
  },
  {
    "id": "200014",
    "image": "downloaded_images/Personage/Kobe_Bryant/image_20241018_170231_3.jpg",
    "conversations": [
      {
        "from": "human",
        "value": "<image>\nWhat profession does this person hold?"
      },
      {
        "from": "gpt",
        "value": "Kobe Bryant was a professional basketball player."
      }
    ]
  },
  {
    "id": "200015",
    "image": "downloaded_images/Personage/Kobe_Bryant/image_20241018_170239_4.jpg",
    "conversations": [
      {
        "from": "human",
        "value": "<image>\nWhat are the key accomplishments of this individual?"
      },
      {
        "from": "gpt",
        "value": "Kobe Bryant is best known for his time with the Los Angeles Lakers in the NBA, where he won five NBA championships (2000, 2001, 2002, 2009, 2010). He was an 18-time NBA All-Star, 15-time member of the All-NBA Team, and won the NBA Most Valuable Player (MVP) award in 2008. He also won two Olympic gold medals with the USA Basketball team in 2008 and 2012."
      }
    ]
  },
  {
    "id": "200016",
    "image": "downloaded_images/Personage/Kobe_Bryant/image_20241018_170231_3.jpg",
    "conversations": [
      {
        "from": "human",
        "value": "<image>\nWhat impact has this individual made in their field or community?"
      },
      {
        "from": "gpt",
        "value": "Beyond his achievements on the court, Kobe Bryant made significant contributions to society through his philanthropic efforts, including the Kobe and Vanessa Bryant Family Foundation, which focuses on youth and family support. He was also involved in various business ventures, including his production company, Granity Studios, which aimed to inspire young people through storytelling. Additionally, he won an Academy Award for Best Animated Short Film for \"Dear Basketball,\" showcasing his impact on the arts and media. His legacy continues to inspire athletes and fans around the world."
      }
    ]
  },
  {
    "id": "200017",
    "image": "downloaded_images/Personage/Kobe_Bryant/image_20241107_165737_30.jpg",
    "conversations": [
      {
        "from": "human",
        "value": "<image>\nHow is this person called?"
      },
      {
        "from": "gpt",
        "value": "Kobe Bryant"
      }
    ]
  },
  {
    "id": "200018",
    "image": "downloaded_images/Personage/Kobe_Bryant/image_20241018_170536_20.jpg",
    "conversations": [
      {
        "from": "human",
        "value": "<image>\nHow is this person called?"
      },
      {
        "from": "gpt",
        "value": "Kobe Bryant"
      }
    ]
  },
  {
    "id": "200019",
    "image": "downloaded_images/Personage/Kobe_Bryant/image_20241107_165617_21.jpg",
    "conversations": [
      {
        "from": "human",
        "value": "<image>\nHow is this person called?"
      },
      {
        "from": "gpt",
        "value": "Kobe Bryant"
      }
    ]
  },
  {
    "id": "200020",
    "image": "downloaded_images/Personage/Kobe_Bryant/image_20241107_165424_8.jpg",
    "conversations": [
      {
        "from": "human",
        "value": "<image>\nHow is this person called?"
      },
      {
        "from": "gpt",
        "value": "Kobe Bryant"
      }
    ]
  },
  {
    "id": "200021",
    "image": "downloaded_images/Personage/Kobe_Bryant/image_20241016_192145_1.jpg",
    "conversations": [
      {
        "from": "human",
        "value": "<image>\nHow is this person called?"
      },
      {
        "from": "gpt",
        "value": "Kobe Bryant"
      }
    ]
  },
  {
    "id": "200022",
    "image": "downloaded_images/Personage/Kobe_Bryant/image_20241107_165424_8.jpg",
    "conversations": [
      {
        "from": "human",
        "value": "<image>\nWhat is the birthdate and birthplace of this individual?"
      },
      {
        "from": "gpt",
        "value": "Kobe Bryant was born on August 23, 1978, in Philadelphia, Pennsylvania, USA."
      }
    ]
  },
  {
    "id": "200023",
    "image": "downloaded_images/Personage/Kobe_Bryant/image_20241016_192347_14.jpg",
    "conversations": [
      {
        "from": "human",
        "value": "<image>\nWhat is the birthdate and birthplace of this individual?"
      },
      {
        "from": "gpt",
        "value": "Kobe Bryant was born on August 23, 1978, in Philadelphia, Pennsylvania, USA."
      }
    ]
  },
  {
    "id": "200024",
    "image": "downloaded_images/Personage/Kobe_Bryant/image_20241107_165342_3.jpg",
    "conversations": [
      {
        "from": "human",
        "value": "<image>\nWhat is the birthdate and birthplace of this individual?"
      },
      {
        "from": "gpt",
        "value": "Kobe Bryant was born on August 23, 1978, in Philadelphia, Pennsylvania, USA."
      }
    ]
  },
  {
    "id": "200025",
    "image": "downloaded_images/Personage/Kobe_Bryant/image_20241018_170401_11.jpg",
    "conversations": [
      {
        "from": "human",
        "value": "<image>\nWhat is the birthdate and birthplace of this individual?"
      },
      {
        "from": "gpt",
        "value": "Kobe Bryant was born on August 23, 1978, in Philadelphia, Pennsylvania, USA."
      }
    ]
  },
  {
    "id": "200026",
    "image": "downloaded_images/Personage/Kobe_Bryant/image_20241107_165333_2.jpg",
    "conversations": [
      {
        "from": "human",
        "value": "<image>\nWhat is the birthdate and birthplace of this individual?"
      },
      {
        "from": "gpt",
        "value": "Kobe Bryant was born on August 23, 1978, in Philadelphia, Pennsylvania, USA."
      }
    ]
  },
  {
    "id": "200027",
    "image": "downloaded_images/Personage/Kobe_Bryant/image_20241107_165704_26.jpg",
    "conversations": [
      {
        "from": "human",
        "value": "<image>\nWhat profession does this person hold?"
      },
      {
        "from": "gpt",
        "value": "Kobe Bryant was a professional basketball player."
      }
    ]
  },
  {
    "id": "200028",
    "image": "downloaded_images/Personage/Kobe_Bryant/image_20241107_165721_28.jpg",
    "conversations": [
      {
        "from": "human",
        "value": "<image>\nWhat profession does this person hold?"
      },
      {
        "from": "gpt",
        "value": "Kobe Bryant was a professional basketball player."
      }
    ]
  },
  {
    "id": "200029",
    "image": "downloaded_images/Personage/Kobe_Bryant/image_20241016_192448_21.jpg",
    "conversations": [
      {
        "from": "human",
        "value": "<image>\nWhat profession does this person hold?"
      },
      {
        "from": "gpt",
        "value": "Kobe Bryant was a professional basketball player."
      }
    ]
  },
  {
    "id": "200030",
    "image": "downloaded_images/Personage/Kobe_Bryant/image_20241107_165350_4.jpg",
    "conversations": [
      {
        "from": "human",
        "value": "<image>\nWhat profession does this person hold?"
      },
      {
        "from": "gpt",
        "value": "Kobe Bryant was a professional basketball player."
      }
    ]
  },
  {
    "id": "200031",
    "image": "downloaded_images/Personage/Kobe_Bryant/image_20241107_165433_9.jpg",
    "conversations": [
      {
        "from": "human",
        "value": "<image>\nWhat profession does this person hold?"
      },
      {
        "from": "gpt",
        "value": "Kobe Bryant was a professional basketball player."
      }
    ]
  },
  {
    "id": "200032",
    "image": "downloaded_images/Personage/Kobe_Bryant/image_20241016_192439_20.jpg",
    "conversations": [
      {
        "from": "human",
        "value": "<image>\nWhat are the key accomplishments of this individual?"
      },
      {
        "from": "gpt",
        "value": "Kobe Bryant is best known for his time with the Los Angeles Lakers in the NBA, where he won five NBA championships (2000, 2001, 2002, 2009, 2010). He was an 18-time NBA All-Star, 15-time member of the All-NBA Team, and won the NBA Most Valuable Player (MVP) award in 2008. He also won two Olympic gold medals with the USA Basketball team in 2008 and 2012."
      }
    ]
  },
  {
    "id": "200033",
    "image": "downloaded_images/Personage/Kobe_Bryant/image_20241016_192145_1.jpg",
    "conversations": [
      {
        "from": "human",
        "value": "<image>\nWhat are the key accomplishments of this individual?"
      },
      {
        "from": "gpt",
        "value": "Kobe Bryant is best known for his time with the Los Angeles Lakers in the NBA, where he won five NBA championships (2000, 2001, 2002, 2009, 2010). He was an 18-time NBA All-Star, 15-time member of the All-NBA Team, and won the NBA Most Valuable Player (MVP) award in 2008. He also won two Olympic gold medals with the USA Basketball team in 2008 and 2012."
      }
    ]
  },
  {
    "id": "200034",
    "image": "downloaded_images/Personage/Kobe_Bryant/image_20241107_165415_7.jpg",
    "conversations": [
      {
        "from": "human",
        "value": "<image>\nWhat are the key accomplishments of this individual?"
      },
      {
        "from": "gpt",
        "value": "Kobe Bryant is best known for his time with the Los Angeles Lakers in the NBA, where he won five NBA championships (2000, 2001, 2002, 2009, 2010). He was an 18-time NBA All-Star, 15-time member of the All-NBA Team, and won the NBA Most Valuable Player (MVP) award in 2008. He also won two Olympic gold medals with the USA Basketball team in 2008 and 2012."
      }
    ]
  },
  {
    "id": "200035",
    "image": "downloaded_images/Personage/Kobe_Bryant/image_20241107_165424_8.jpg",
    "conversations": [
      {
        "from": "human",
        "value": "<image>\nWhat are the key accomplishments of this individual?"
      },
      {
        "from": "gpt",
        "value": "Kobe Bryant is best known for his time with the Los Angeles Lakers in the NBA, where he won five NBA championships (2000, 2001, 2002, 2009, 2010). He was an 18-time NBA All-Star, 15-time member of the All-NBA Team, and won the NBA Most Valuable Player (MVP) award in 2008. He also won two Olympic gold medals with the USA Basketball team in 2008 and 2012."
      }
    ]
  },
  {
    "id": "200036",
    "image": "downloaded_images/Personage/Kobe_Bryant/image_20241107_165713_27.jpg",
    "conversations": [
      {
        "from": "human",
        "value": "<image>\nWhat are the key accomplishments of this individual?"
      },
      {
        "from": "gpt",
        "value": "Kobe Bryant is best known for his time with the Los Angeles Lakers in the NBA, where he won five NBA championships (2000, 2001, 2002, 2009, 2010). He was an 18-time NBA All-Star, 15-time member of the All-NBA Team, and won the NBA Most Valuable Player (MVP) award in 2008. He also won two Olympic gold medals with the USA Basketball team in 2008 and 2012."
      }
    ]
  },
  {
    "id": "200037",
    "image": "downloaded_images/Personage/Kobe_Bryant/image_20241016_192448_21.jpg",
    "conversations": [
      {
        "from": "human",
        "value": "<image>\nWhat impact has this individual made in their field or community?"
      },
      {
        "from": "gpt",
        "value": "Beyond his achievements on the court, Kobe Bryant made significant contributions to society through his philanthropic efforts, including the Kobe and Vanessa Bryant Family Foundation, which focuses on youth and family support. He was also involved in various business ventures, including his production company, Granity Studios, which aimed to inspire young people through storytelling. Additionally, he won an Academy Award for Best Animated Short Film for \"Dear Basketball,\" showcasing his impact on the arts and media. His legacy continues to inspire athletes and fans around the world."
      }
    ]
  },
  {
    "id": "200038",
    "image": "downloaded_images/Personage/Kobe_Bryant/image_20241107_165713_27.jpg",
    "conversations": [
      {
        "from": "human",
        "value": "<image>\nWhat impact has this individual made in their field or community?"
      },
      {
        "from": "gpt",
        "value": "Beyond his achievements on the court, Kobe Bryant made significant contributions to society through his philanthropic efforts, including the Kobe and Vanessa Bryant Family Foundation, which focuses on youth and family support. He was also involved in various business ventures, including his production company, Granity Studios, which aimed to inspire young people through storytelling. Additionally, he won an Academy Award for Best Animated Short Film for \"Dear Basketball,\" showcasing his impact on the arts and media. His legacy continues to inspire athletes and fans around the world."
      }
    ]
  },
  {
    "id": "200039",
    "image": "downloaded_images/Personage/Kobe_Bryant/image_20241107_165407_6.jpg",
    "conversations": [
      {
        "from": "human",
        "value": "<image>\nWhat impact has this individual made in their field or community?"
      },
      {
        "from": "gpt",
        "value": "Beyond his achievements on the court, Kobe Bryant made significant contributions to society through his philanthropic efforts, including the Kobe and Vanessa Bryant Family Foundation, which focuses on youth and family support. He was also involved in various business ventures, including his production company, Granity Studios, which aimed to inspire young people through storytelling. Additionally, he won an Academy Award for Best Animated Short Film for \"Dear Basketball,\" showcasing his impact on the arts and media. His legacy continues to inspire athletes and fans around the world."
      }
    ]
  },
  {
    "id": "200040",
    "image": "downloaded_images/Personage/Kobe_Bryant/image_20241107_165557_19.jpg",
    "conversations": [
      {
        "from": "human",
        "value": "<image>\nWhat impact has this individual made in their field or community?"
      },
      {
        "from": "gpt",
        "value": "Beyond his achievements on the court, Kobe Bryant made significant contributions to society through his philanthropic efforts, including the Kobe and Vanessa Bryant Family Foundation, which focuses on youth and family support. He was also involved in various business ventures, including his production company, Granity Studios, which aimed to inspire young people through storytelling. Additionally, he won an Academy Award for Best Animated Short Film for \"Dear Basketball,\" showcasing his impact on the arts and media. His legacy continues to inspire athletes and fans around the world."
      }
    ]
  },
  {
    "id": "200041",
    "image": "downloaded_images/Personage/Kobe_Bryant/image_20241107_165605_20.jpg",
    "conversations": [
      {
        "from": "human",
        "value": "<image>\nWhat impact has this individual made in their field or community?"
      },
      {
        "from": "gpt",
        "value": "Beyond his achievements on the court, Kobe Bryant made significant contributions to society through his philanthropic efforts, including the Kobe and Vanessa Bryant Family Foundation, which focuses on youth and family support. He was also involved in various business ventures, including his production company, Granity Studios, which aimed to inspire young people through storytelling. Additionally, he won an Academy Award for Best Animated Short Film for \"Dear Basketball,\" showcasing his impact on the arts and media. His legacy continues to inspire athletes and fans around the world."
      }
    ]
  },
  {
    "id": "300012",
    "image": "downloaded_images/Personage/Kobe_Bryant/image_20241018_170603_23.jpg",
    "conversations": [
      {
        "from": "human",
        "value": "<image>\nHow is this person referred to?"
      },
      {
        "from": "gpt",
        "value": "Kobe Bryant"
      }
    ]
  },
  {
    "id": "300013",
    "image": "downloaded_images/Personage/Kobe_Bryant/image_20241018_170224_2.jpg",
    "conversations": [
      {
        "from": "human",
        "value": "<image>\nWhere and when did this person enter the world?"
      },
      {
        "from": "gpt",
        "value": "Kobe Bryant was born on August 23, 1978, in Philadelphia, Pennsylvania, USA."
      }
    ]
  },
  {
    "id": "300014",
    "image": "downloaded_images/Personage/Kobe_Bryant/image_20241018_170231_3.jpg",
    "conversations": [
      {
        "from": "human",
        "value": "<image>\nWhat job does this person do?"
      },
      {
        "from": "gpt",
        "value": "Kobe Bryant was a professional basketball player."
      }
    ]
  },
  {
    "id": "300015",
    "image": "downloaded_images/Personage/Kobe_Bryant/image_20241018_170239_4.jpg",
    "conversations": [
      {
        "from": "human",
        "value": "<image>\nWhat famous contributions has this person made?"
      },
      {
        "from": "gpt",
        "value": "Kobe Bryant is best known for his time with the Los Angeles Lakers in the NBA, where he won five NBA championships (2000, 2001, 2002, 2009, 2010). He was an 18-time NBA All-Star, 15-time member of the All-NBA Team, and won the NBA Most Valuable Player (MVP) award in 2008. He also won two Olympic gold medals with the USA Basketball team in 2008 and 2012."
      }
    ]
  },
  {
    "id": "300016",
    "image": "downloaded_images/Personage/Kobe_Bryant/image_20241018_170231_3.jpg",
    "conversations": [
      {
        "from": "human",
        "value": "<image>\nWhat contributions has this person offered to society or their profession?"
      },
      {
        "from": "gpt",
        "value": "Beyond his achievements on the court, Kobe Bryant made significant contributions to society through his philanthropic efforts, including the Kobe and Vanessa Bryant Family Foundation, which focuses on youth and family support. He was also involved in various business ventures, including his production company, Granity Studios, which aimed to inspire young people through storytelling. Additionally, he won an Academy Award for Best Animated Short Film for \"Dear Basketball,\" showcasing his impact on the arts and media. His legacy continues to inspire athletes and fans around the world."
      }
    ]
  },
  {
    "id": "300017",
    "image": "downloaded_images/Personage/Kobe_Bryant/image_20241107_165737_30.jpg",
    "conversations": [
      {
        "from": "human",
        "value": "<image>\nHow is this person referred to?"
      },
      {
        "from": "gpt",
        "value": "Kobe Bryant"
      }
    ]
  },
  {
    "id": "300018",
    "image": "downloaded_images/Personage/Kobe_Bryant/image_20241018_170536_20.jpg",
    "conversations": [
      {
        "from": "human",
        "value": "<image>\nHow is this person referred to?"
      },
      {
        "from": "gpt",
        "value": "Kobe Bryant"
      }
    ]
  },
  {
    "id": "300019",
    "image": "downloaded_images/Personage/Kobe_Bryant/image_20241107_165617_21.jpg",
    "conversations": [
      {
        "from": "human",
        "value": "<image>\nHow is this person referred to?"
      },
      {
        "from": "gpt",
        "value": "Kobe Bryant"
      }
    ]
  },
  {
    "id": "300020",
    "image": "downloaded_images/Personage/Kobe_Bryant/image_20241107_165424_8.jpg",
    "conversations": [
      {
        "from": "human",
        "value": "<image>\nHow is this person referred to?"
      },
      {
        "from": "gpt",
        "value": "Kobe Bryant"
      }
    ]
  },
  {
    "id": "300021",
    "image": "downloaded_images/Personage/Kobe_Bryant/image_20241016_192145_1.jpg",
    "conversations": [
      {
        "from": "human",
        "value": "<image>\nHow is this person referred to?"
      },
      {
        "from": "gpt",
        "value": "Kobe Bryant"
      }
    ]
  },
  {
    "id": "300022",
    "image": "downloaded_images/Personage/Kobe_Bryant/image_20241107_165424_8.jpg",
    "conversations": [
      {
        "from": "human",
        "value": "<image>\nWhere and when did this person enter the world?"
      },
      {
        "from": "gpt",
        "value": "Kobe Bryant was born on August 23, 1978, in Philadelphia, Pennsylvania, USA."
      }
    ]
  },
  {
    "id": "300023",
    "image": "downloaded_images/Personage/Kobe_Bryant/image_20241016_192347_14.jpg",
    "conversations": [
      {
        "from": "human",
        "value": "<image>\nWhere and when did this person enter the world?"
      },
      {
        "from": "gpt",
        "value": "Kobe Bryant was born on August 23, 1978, in Philadelphia, Pennsylvania, USA."
      }
    ]
  },
  {
    "id": "300024",
    "image": "downloaded_images/Personage/Kobe_Bryant/image_20241107_165342_3.jpg",
    "conversations": [
      {
        "from": "human",
        "value": "<image>\nWhere and when did this person enter the world?"
      },
      {
        "from": "gpt",
        "value": "Kobe Bryant was born on August 23, 1978, in Philadelphia, Pennsylvania, USA."
      }
    ]
  },
  {
    "id": "300025",
    "image": "downloaded_images/Personage/Kobe_Bryant/image_20241018_170401_11.jpg",
    "conversations": [
      {
        "from": "human",
        "value": "<image>\nWhere and when did this person enter the world?"
      },
      {
        "from": "gpt",
        "value": "Kobe Bryant was born on August 23, 1978, in Philadelphia, Pennsylvania, USA."
      }
    ]
  },
  {
    "id": "300026",
    "image": "downloaded_images/Personage/Kobe_Bryant/image_20241107_165333_2.jpg",
    "conversations": [
      {
        "from": "human",
        "value": "<image>\nWhere and when did this person enter the world?"
      },
      {
        "from": "gpt",
        "value": "Kobe Bryant was born on August 23, 1978, in Philadelphia, Pennsylvania, USA."
      }
    ]
  },
  {
    "id": "300027",
    "image": "downloaded_images/Personage/Kobe_Bryant/image_20241107_165704_26.jpg",
    "conversations": [
      {
        "from": "human",
        "value": "<image>\nWhat job does this person do?"
      },
      {
        "from": "gpt",
        "value": "Kobe Bryant was a professional basketball player."
      }
    ]
  },
  {
    "id": "300028",
    "image": "downloaded_images/Personage/Kobe_Bryant/image_20241107_165721_28.jpg",
    "conversations": [
      {
        "from": "human",
        "value": "<image>\nWhat job does this person do?"
      },
      {
        "from": "gpt",
        "value": "Kobe Bryant was a professional basketball player."
      }
    ]
  },
  {
    "id": "300029",
    "image": "downloaded_images/Personage/Kobe_Bryant/image_20241016_192448_21.jpg",
    "conversations": [
      {
        "from": "human",
        "value": "<image>\nWhat job does this person do?"
      },
      {
        "from": "gpt",
        "value": "Kobe Bryant was a professional basketball player."
      }
    ]
  },
  {
    "id": "300030",
    "image": "downloaded_images/Personage/Kobe_Bryant/image_20241107_165350_4.jpg",
    "conversations": [
      {
        "from": "human",
        "value": "<image>\nWhat job does this person do?"
      },
      {
        "from": "gpt",
        "value": "Kobe Bryant was a professional basketball player."
      }
    ]
  },
  {
    "id": "300031",
    "image": "downloaded_images/Personage/Kobe_Bryant/image_20241107_165433_9.jpg",
    "conversations": [
      {
        "from": "human",
        "value": "<image>\nWhat job does this person do?"
      },
      {
        "from": "gpt",
        "value": "Kobe Bryant was a professional basketball player."
      }
    ]
  },
  {
    "id": "300032",
    "image": "downloaded_images/Personage/Kobe_Bryant/image_20241016_192439_20.jpg",
    "conversations": [
      {
        "from": "human",
        "value": "<image>\nWhat famous contributions has this person made?"
      },
      {
        "from": "gpt",
        "value": "Kobe Bryant is best known for his time with the Los Angeles Lakers in the NBA, where he won five NBA championships (2000, 2001, 2002, 2009, 2010). He was an 18-time NBA All-Star, 15-time member of the All-NBA Team, and won the NBA Most Valuable Player (MVP) award in 2008. He also won two Olympic gold medals with the USA Basketball team in 2008 and 2012."
      }
    ]
  },
  {
    "id": "300033",
    "image": "downloaded_images/Personage/Kobe_Bryant/image_20241016_192145_1.jpg",
    "conversations": [
      {
        "from": "human",
        "value": "<image>\nWhat famous contributions has this person made?"
      },
      {
        "from": "gpt",
        "value": "Kobe Bryant is best known for his time with the Los Angeles Lakers in the NBA, where he won five NBA championships (2000, 2001, 2002, 2009, 2010). He was an 18-time NBA All-Star, 15-time member of the All-NBA Team, and won the NBA Most Valuable Player (MVP) award in 2008. He also won two Olympic gold medals with the USA Basketball team in 2008 and 2012."
      }
    ]
  },
  {
    "id": "300034",
    "image": "downloaded_images/Personage/Kobe_Bryant/image_20241107_165415_7.jpg",
    "conversations": [
      {
        "from": "human",
        "value": "<image>\nWhat famous contributions has this person made?"
      },
      {
        "from": "gpt",
        "value": "Kobe Bryant is best known for his time with the Los Angeles Lakers in the NBA, where he won five NBA championships (2000, 2001, 2002, 2009, 2010). He was an 18-time NBA All-Star, 15-time member of the All-NBA Team, and won the NBA Most Valuable Player (MVP) award in 2008. He also won two Olympic gold medals with the USA Basketball team in 2008 and 2012."
      }
    ]
  },
  {
    "id": "300035",
    "image": "downloaded_images/Personage/Kobe_Bryant/image_20241107_165424_8.jpg",
    "conversations": [
      {
        "from": "human",
        "value": "<image>\nWhat famous contributions has this person made?"
      },
      {
        "from": "gpt",
        "value": "Kobe Bryant is best known for his time with the Los Angeles Lakers in the NBA, where he won five NBA championships (2000, 2001, 2002, 2009, 2010). He was an 18-time NBA All-Star, 15-time member of the All-NBA Team, and won the NBA Most Valuable Player (MVP) award in 2008. He also won two Olympic gold medals with the USA Basketball team in 2008 and 2012."
      }
    ]
  },
  {
    "id": "300036",
    "image": "downloaded_images/Personage/Kobe_Bryant/image_20241107_165713_27.jpg",
    "conversations": [
      {
        "from": "human",
        "value": "<image>\nWhat famous contributions has this person made?"
      },
      {
        "from": "gpt",
        "value": "Kobe Bryant is best known for his time with the Los Angeles Lakers in the NBA, where he won five NBA championships (2000, 2001, 2002, 2009, 2010). He was an 18-time NBA All-Star, 15-time member of the All-NBA Team, and won the NBA Most Valuable Player (MVP) award in 2008. He also won two Olympic gold medals with the USA Basketball team in 2008 and 2012."
      }
    ]
  },
  {
    "id": "300037",
    "image": "downloaded_images/Personage/Kobe_Bryant/image_20241016_192448_21.jpg",
    "conversations": [
      {
        "from": "human",
        "value": "<image>\nWhat contributions has this person offered to society or their profession?"
      },
      {
        "from": "gpt",
        "value": "Beyond his achievements on the court, Kobe Bryant made significant contributions to society through his philanthropic efforts, including the Kobe and Vanessa Bryant Family Foundation, which focuses on youth and family support. He was also involved in various business ventures, including his production company, Granity Studios, which aimed to inspire young people through storytelling. Additionally, he won an Academy Award for Best Animated Short Film for \"Dear Basketball,\" showcasing his impact on the arts and media. His legacy continues to inspire athletes and fans around the world."
      }
    ]
  },
  {
    "id": "300038",
    "image": "downloaded_images/Personage/Kobe_Bryant/image_20241107_165713_27.jpg",
    "conversations": [
      {
        "from": "human",
        "value": "<image>\nWhat contributions has this person offered to society or their profession?"
      },
      {
        "from": "gpt",
        "value": "Beyond his achievements on the court, Kobe Bryant made significant contributions to society through his philanthropic efforts, including the Kobe and Vanessa Bryant Family Foundation, which focuses on youth and family support. He was also involved in various business ventures, including his production company, Granity Studios, which aimed to inspire young people through storytelling. Additionally, he won an Academy Award for Best Animated Short Film for \"Dear Basketball,\" showcasing his impact on the arts and media. His legacy continues to inspire athletes and fans around the world."
      }
    ]
  },
  {
    "id": "300039",
    "image": "downloaded_images/Personage/Kobe_Bryant/image_20241107_165407_6.jpg",
    "conversations": [
      {
        "from": "human",
        "value": "<image>\nWhat contributions has this person offered to society or their profession?"
      },
      {
        "from": "gpt",
        "value": "Beyond his achievements on the court, Kobe Bryant made significant contributions to society through his philanthropic efforts, including the Kobe and Vanessa Bryant Family Foundation, which focuses on youth and family support. He was also involved in various business ventures, including his production company, Granity Studios, which aimed to inspire young people through storytelling. Additionally, he won an Academy Award for Best Animated Short Film for \"Dear Basketball,\" showcasing his impact on the arts and media. His legacy continues to inspire athletes and fans around the world."
      }
    ]
  },
  {
    "id": "300040",
    "image": "downloaded_images/Personage/Kobe_Bryant/image_20241107_165557_19.jpg",
    "conversations": [
      {
        "from": "human",
        "value": "<image>\nWhat contributions has this person offered to society or their profession?"
      },
      {
        "from": "gpt",
        "value": "Beyond his achievements on the court, Kobe Bryant made significant contributions to society through his philanthropic efforts, including the Kobe and Vanessa Bryant Family Foundation, which focuses on youth and family support. He was also involved in various business ventures, including his production company, Granity Studios, which aimed to inspire young people through storytelling. Additionally, he won an Academy Award for Best Animated Short Film for \"Dear Basketball,\" showcasing his impact on the arts and media. His legacy continues to inspire athletes and fans around the world."
      }
    ]
  },
  {
    "id": "300041",
    "image": "downloaded_images/Personage/Kobe_Bryant/image_20241107_165605_20.jpg",
    "conversations": [
      {
        "from": "human",
        "value": "<image>\nWhat contributions has this person offered to society or their profession?"
      },
      {
        "from": "gpt",
        "value": "Beyond his achievements on the court, Kobe Bryant made significant contributions to society through his philanthropic efforts, including the Kobe and Vanessa Bryant Family Foundation, which focuses on youth and family support. He was also involved in various business ventures, including his production company, Granity Studios, which aimed to inspire young people through storytelling. Additionally, he won an Academy Award for Best Animated Short Film for \"Dear Basketball,\" showcasing his impact on the arts and media. His legacy continues to inspire athletes and fans around the world."
      }
    ]
  },
  {
    "id": "400012",
    "image": "downloaded_images/Personage/Kobe_Bryant/image_20241018_170603_23.jpg",
    "conversations": [
      {
        "from": "human",
        "value": "<image>\nWhat do people call this individual?"
      },
      {
        "from": "gpt",
        "value": "Kobe Bryant"
      }
    ]
  },
  {
    "id": "400013",
    "image": "downloaded_images/Personage/Kobe_Bryant/image_20241018_170224_2.jpg",
    "conversations": [
      {
        "from": "human",
        "value": "<image>\nCan you tell me the date and place of this person's birth?"
      },
      {
        "from": "gpt",
        "value": "Kobe Bryant was born on August 23, 1978, in Philadelphia, Pennsylvania, USA."
      }
    ]
  },
  {
    "id": "400014",
    "image": "downloaded_images/Personage/Kobe_Bryant/image_20241018_170231_3.jpg",
    "conversations": [
      {
        "from": "human",
        "value": "<image>\nWhat line of work is this individual in?"
      },
      {
        "from": "gpt",
        "value": "Kobe Bryant was a professional basketball player."
      }
    ]
  },
  {
    "id": "400015",
    "image": "downloaded_images/Personage/Kobe_Bryant/image_20241018_170239_4.jpg",
    "conversations": [
      {
        "from": "human",
        "value": "<image>\nCan you list some of this person's significant works?"
      },
      {
        "from": "gpt",
        "value": "Kobe Bryant is best known for his time with the Los Angeles Lakers in the NBA, where he won five NBA championships (2000, 2001, 2002, 2009, 2010). He was an 18-time NBA All-Star, 15-time member of the All-NBA Team, and won the NBA Most Valuable Player (MVP) award in 2008. He also won two Olympic gold medals with the USA Basketball team in 2008 and 2012."
      }
    ]
  },
  {
    "id": "400016",
    "image": "downloaded_images/Personage/Kobe_Bryant/image_20241018_170231_3.jpg",
    "conversations": [
      {
        "from": "human",
        "value": "<image>\nIn what ways has this individual influenced their industry or society?"
      },
      {
        "from": "gpt",
        "value": "Beyond his achievements on the court, Kobe Bryant made significant contributions to society through his philanthropic efforts, including the Kobe and Vanessa Bryant Family Foundation, which focuses on youth and family support. He was also involved in various business ventures, including his production company, Granity Studios, which aimed to inspire young people through storytelling. Additionally, he won an Academy Award for Best Animated Short Film for \"Dear Basketball,\" showcasing his impact on the arts and media. His legacy continues to inspire athletes and fans around the world."
      }
    ]
  },
  {
    "id": "400017",
    "image": "downloaded_images/Personage/Kobe_Bryant/image_20241107_165737_30.jpg",
    "conversations": [
      {
        "from": "human",
        "value": "<image>\nWhat do people call this individual?"
      },
      {
        "from": "gpt",
        "value": "Kobe Bryant"
      }
    ]
  },
  {
    "id": "400018",
    "image": "downloaded_images/Personage/Kobe_Bryant/image_20241018_170536_20.jpg",
    "conversations": [
      {
        "from": "human",
        "value": "<image>\nWhat do people call this individual?"
      },
      {
        "from": "gpt",
        "value": "Kobe Bryant"
      }
    ]
  },
  {
    "id": "400019",
    "image": "downloaded_images/Personage/Kobe_Bryant/image_20241107_165617_21.jpg",
    "conversations": [
      {
        "from": "human",
        "value": "<image>\nWhat do people call this individual?"
      },
      {
        "from": "gpt",
        "value": "Kobe Bryant"
      }
    ]
  },
  {
    "id": "400020",
    "image": "downloaded_images/Personage/Kobe_Bryant/image_20241107_165424_8.jpg",
    "conversations": [
      {
        "from": "human",
        "value": "<image>\nWhat do people call this individual?"
      },
      {
        "from": "gpt",
        "value": "Kobe Bryant"
      }
    ]
  },
  {
    "id": "400021",
    "image": "downloaded_images/Personage/Kobe_Bryant/image_20241016_192145_1.jpg",
    "conversations": [
      {
        "from": "human",
        "value": "<image>\nWhat do people call this individual?"
      },
      {
        "from": "gpt",
        "value": "Kobe Bryant"
      }
    ]
  },
  {
    "id": "400022",
    "image": "downloaded_images/Personage/Kobe_Bryant/image_20241107_165424_8.jpg",
    "conversations": [
      {
        "from": "human",
        "value": "<image>\nCan you tell me the date and place of this person's birth?"
      },
      {
        "from": "gpt",
        "value": "Kobe Bryant was born on August 23, 1978, in Philadelphia, Pennsylvania, USA."
      }
    ]
  },
  {
    "id": "400023",
    "image": "downloaded_images/Personage/Kobe_Bryant/image_20241016_192347_14.jpg",
    "conversations": [
      {
        "from": "human",
        "value": "<image>\nCan you tell me the date and place of this person's birth?"
      },
      {
        "from": "gpt",
        "value": "Kobe Bryant was born on August 23, 1978, in Philadelphia, Pennsylvania, USA."
      }
    ]
  },
  {
    "id": "400024",
    "image": "downloaded_images/Personage/Kobe_Bryant/image_20241107_165342_3.jpg",
    "conversations": [
      {
        "from": "human",
        "value": "<image>\nCan you tell me the date and place of this person's birth?"
      },
      {
        "from": "gpt",
        "value": "Kobe Bryant was born on August 23, 1978, in Philadelphia, Pennsylvania, USA."
      }
    ]
  },
  {
    "id": "400025",
    "image": "downloaded_images/Personage/Kobe_Bryant/image_20241018_170401_11.jpg",
    "conversations": [
      {
        "from": "human",
        "value": "<image>\nCan you tell me the date and place of this person's birth?"
      },
      {
        "from": "gpt",
        "value": "Kobe Bryant was born on August 23, 1978, in Philadelphia, Pennsylvania, USA."
      }
    ]
  },
  {
    "id": "400026",
    "image": "downloaded_images/Personage/Kobe_Bryant/image_20241107_165333_2.jpg",
    "conversations": [
      {
        "from": "human",
        "value": "<image>\nCan you tell me the date and place of this person's birth?"
      },
      {
        "from": "gpt",
        "value": "Kobe Bryant was born on August 23, 1978, in Philadelphia, Pennsylvania, USA."
      }
    ]
  },
  {
    "id": "400027",
    "image": "downloaded_images/Personage/Kobe_Bryant/image_20241107_165704_26.jpg",
    "conversations": [
      {
        "from": "human",
        "value": "<image>\nWhat line of work is this individual in?"
      },
      {
        "from": "gpt",
        "value": "Kobe Bryant was a professional basketball player."
      }
    ]
  },
  {
    "id": "400028",
    "image": "downloaded_images/Personage/Kobe_Bryant/image_20241107_165721_28.jpg",
    "conversations": [
      {
        "from": "human",
        "value": "<image>\nWhat line of work is this individual in?"
      },
      {
        "from": "gpt",
        "value": "Kobe Bryant was a professional basketball player."
      }
    ]
  },
  {
    "id": "400029",
    "image": "downloaded_images/Personage/Kobe_Bryant/image_20241016_192448_21.jpg",
    "conversations": [
      {
        "from": "human",
        "value": "<image>\nWhat line of work is this individual in?"
      },
      {
        "from": "gpt",
        "value": "Kobe Bryant was a professional basketball player."
      }
    ]
  },
  {
    "id": "400030",
    "image": "downloaded_images/Personage/Kobe_Bryant/image_20241107_165350_4.jpg",
    "conversations": [
      {
        "from": "human",
        "value": "<image>\nWhat line of work is this individual in?"
      },
      {
        "from": "gpt",
        "value": "Kobe Bryant was a professional basketball player."
      }
    ]
  },
  {
    "id": "400031",
    "image": "downloaded_images/Personage/Kobe_Bryant/image_20241107_165433_9.jpg",
    "conversations": [
      {
        "from": "human",
        "value": "<image>\nWhat line of work is this individual in?"
      },
      {
        "from": "gpt",
        "value": "Kobe Bryant was a professional basketball player."
      }
    ]
  },
  {
    "id": "400032",
    "image": "downloaded_images/Personage/Kobe_Bryant/image_20241016_192439_20.jpg",
    "conversations": [
      {
        "from": "human",
        "value": "<image>\nCan you list some of this person's significant works?"
      },
      {
        "from": "gpt",
        "value": "Kobe Bryant is best known for his time with the Los Angeles Lakers in the NBA, where he won five NBA championships (2000, 2001, 2002, 2009, 2010). He was an 18-time NBA All-Star, 15-time member of the All-NBA Team, and won the NBA Most Valuable Player (MVP) award in 2008. He also won two Olympic gold medals with the USA Basketball team in 2008 and 2012."
      }
    ]
  },
  {
    "id": "400033",
    "image": "downloaded_images/Personage/Kobe_Bryant/image_20241016_192145_1.jpg",
    "conversations": [
      {
        "from": "human",
        "value": "<image>\nCan you list some of this person's significant works?"
      },
      {
        "from": "gpt",
        "value": "Kobe Bryant is best known for his time with the Los Angeles Lakers in the NBA, where he won five NBA championships (2000, 2001, 2002, 2009, 2010). He was an 18-time NBA All-Star, 15-time member of the All-NBA Team, and won the NBA Most Valuable Player (MVP) award in 2008. He also won two Olympic gold medals with the USA Basketball team in 2008 and 2012."
      }
    ]
  },
  {
    "id": "400034",
    "image": "downloaded_images/Personage/Kobe_Bryant/image_20241107_165415_7.jpg",
    "conversations": [
      {
        "from": "human",
        "value": "<image>\nCan you list some of this person's significant works?"
      },
      {
        "from": "gpt",
        "value": "Kobe Bryant is best known for his time with the Los Angeles Lakers in the NBA, where he won five NBA championships (2000, 2001, 2002, 2009, 2010). He was an 18-time NBA All-Star, 15-time member of the All-NBA Team, and won the NBA Most Valuable Player (MVP) award in 2008. He also won two Olympic gold medals with the USA Basketball team in 2008 and 2012."
      }
    ]
  },
  {
    "id": "400035",
    "image": "downloaded_images/Personage/Kobe_Bryant/image_20241107_165424_8.jpg",
    "conversations": [
      {
        "from": "human",
        "value": "<image>\nCan you list some of this person's significant works?"
      },
      {
        "from": "gpt",
        "value": "Kobe Bryant is best known for his time with the Los Angeles Lakers in the NBA, where he won five NBA championships (2000, 2001, 2002, 2009, 2010). He was an 18-time NBA All-Star, 15-time member of the All-NBA Team, and won the NBA Most Valuable Player (MVP) award in 2008. He also won two Olympic gold medals with the USA Basketball team in 2008 and 2012."
      }
    ]
  },
  {
    "id": "400036",
    "image": "downloaded_images/Personage/Kobe_Bryant/image_20241107_165713_27.jpg",
    "conversations": [
      {
        "from": "human",
        "value": "<image>\nCan you list some of this person's significant works?"
      },
      {
        "from": "gpt",
        "value": "Kobe Bryant is best known for his time with the Los Angeles Lakers in the NBA, where he won five NBA championships (2000, 2001, 2002, 2009, 2010). He was an 18-time NBA All-Star, 15-time member of the All-NBA Team, and won the NBA Most Valuable Player (MVP) award in 2008. He also won two Olympic gold medals with the USA Basketball team in 2008 and 2012."
      }
    ]
  },
  {
    "id": "400037",
    "image": "downloaded_images/Personage/Kobe_Bryant/image_20241016_192448_21.jpg",
    "conversations": [
      {
        "from": "human",
        "value": "<image>\nIn what ways has this individual influenced their industry or society?"
      },
      {
        "from": "gpt",
        "value": "Beyond his achievements on the court, Kobe Bryant made significant contributions to society through his philanthropic efforts, including the Kobe and Vanessa Bryant Family Foundation, which focuses on youth and family support. He was also involved in various business ventures, including his production company, Granity Studios, which aimed to inspire young people through storytelling. Additionally, he won an Academy Award for Best Animated Short Film for \"Dear Basketball,\" showcasing his impact on the arts and media. His legacy continues to inspire athletes and fans around the world."
      }
    ]
  },
  {
    "id": "400038",
    "image": "downloaded_images/Personage/Kobe_Bryant/image_20241107_165713_27.jpg",
    "conversations": [
      {
        "from": "human",
        "value": "<image>\nIn what ways has this individual influenced their industry or society?"
      },
      {
        "from": "gpt",
        "value": "Beyond his achievements on the court, Kobe Bryant made significant contributions to society through his philanthropic efforts, including the Kobe and Vanessa Bryant Family Foundation, which focuses on youth and family support. He was also involved in various business ventures, including his production company, Granity Studios, which aimed to inspire young people through storytelling. Additionally, he won an Academy Award for Best Animated Short Film for \"Dear Basketball,\" showcasing his impact on the arts and media. His legacy continues to inspire athletes and fans around the world."
      }
    ]
  },
  {
    "id": "400039",
    "image": "downloaded_images/Personage/Kobe_Bryant/image_20241107_165407_6.jpg",
    "conversations": [
      {
        "from": "human",
        "value": "<image>\nIn what ways has this individual influenced their industry or society?"
      },
      {
        "from": "gpt",
        "value": "Beyond his achievements on the court, Kobe Bryant made significant contributions to society through his philanthropic efforts, including the Kobe and Vanessa Bryant Family Foundation, which focuses on youth and family support. He was also involved in various business ventures, including his production company, Granity Studios, which aimed to inspire young people through storytelling. Additionally, he won an Academy Award for Best Animated Short Film for \"Dear Basketball,\" showcasing his impact on the arts and media. His legacy continues to inspire athletes and fans around the world."
      }
    ]
  },
  {
    "id": "400040",
    "image": "downloaded_images/Personage/Kobe_Bryant/image_20241107_165557_19.jpg",
    "conversations": [
      {
        "from": "human",
        "value": "<image>\nIn what ways has this individual influenced their industry or society?"
      },
      {
        "from": "gpt",
        "value": "Beyond his achievements on the court, Kobe Bryant made significant contributions to society through his philanthropic efforts, including the Kobe and Vanessa Bryant Family Foundation, which focuses on youth and family support. He was also involved in various business ventures, including his production company, Granity Studios, which aimed to inspire young people through storytelling. Additionally, he won an Academy Award for Best Animated Short Film for \"Dear Basketball,\" showcasing his impact on the arts and media. His legacy continues to inspire athletes and fans around the world."
      }
    ]
  },
  {
    "id": "400041",
    "image": "downloaded_images/Personage/Kobe_Bryant/image_20241107_165605_20.jpg",
    "conversations": [
      {
        "from": "human",
        "value": "<image>\nIn what ways has this individual influenced their industry or society?"
      },
      {
        "from": "gpt",
        "value": "Beyond his achievements on the court, Kobe Bryant made significant contributions to society through his philanthropic efforts, including the Kobe and Vanessa Bryant Family Foundation, which focuses on youth and family support. He was also involved in various business ventures, including his production company, Granity Studios, which aimed to inspire young people through storytelling. Additionally, he won an Academy Award for Best Animated Short Film for \"Dear Basketball,\" showcasing his impact on the arts and media. His legacy continues to inspire athletes and fans around the world."
      }
    ]
  }
]