[
  {
    "id": "34",
    "image": "downloaded_images/Buildings/Parthenon/image_20241018_000415_7.jpg",
    "conversations": [
      {
        "from": "human",
        "value": "<image>\nWhat is the name of this building?"
      },
      {
        "from": "gpt",
        "value": "The name of this building is the Parthenon."
      }
    ]
  },
  {
    "id": "35",
    "image": "downloaded_images/Buildings/Parthenon/image_20241018_000517_12.jpg",
    "conversations": [
      {
        "from": "human",
        "value": "<image>\nWhere is it located?"
      },
      {
        "from": "gpt",
        "value": "The Parthenon is located on the Acropolis of Athens, Greece."
      }
    ]
  },
  {
    "id": "36",
    "image": "downloaded_images/Buildings/Parthenon/image_20241018_000403_6.jpg",
    "conversations": [
      {
        "from": "human",
        "value": "<image>\nWhat was the original purpose of the building?"
      },
      {
        "from": "gpt",
        "value": "The original purpose of the Parthenon was to serve as a temple dedicated to the goddess Athena, who was considered the patroness of the city of Athens."
      }
    ]
  },
  {
    "id": "37",
    "image": "downloaded_images/Buildings/Parthenon/image_20241018_000501_11.jpg",
    "conversations": [
      {
        "from": "human",
        "value": "<image>\nIs the building open to the public?"
      },
      {
        "from": "gpt",
        "value": "Yes, the Parthenon is open to the public, and visitors can explore the Acropolis site, which includes the Parthenon and other ancient structures. However, access may be subject to certain regulations and hours of operation."
      }
    ]
  },
  {
    "id": "38",
    "image": "downloaded_images/Buildings/Parthenon/image_20241106_145208_7.jpg",
    "conversations": [
      {
        "from": "human",
        "value": "<image>\nWhat is the name of this building?"
      },
      {
        "from": "gpt",
        "value": "The name of this building is the Parthenon."
      }
    ]
  },
  {
    "id": "39",
    "image": "downloaded_images/Buildings/Parthenon/image_20241106_145242_8.jpg",
    "conversations": [
      {
        "from": "human",
        "value": "<image>\nWhat is the name of this building?"
      },
      {
        "from": "gpt",
        "value": "The name of this building is the Parthenon."
      }
    ]
  },
  {
    "id": "40",
    "image": "downloaded_images/Buildings/Parthenon/image_20241106_145124_2.jpg",
    "conversations": [
      {
        "from": "human",
        "value": "<image>\nWhat is the name of this building?"
      },
      {
        "from": "gpt",
        "value": "The name of this building is the Parthenon."
      }
    ]
  },
  {
    "id": "41",
    "image": "downloaded_images/Buildings/Parthenon/image_20241106_145400_17.jpg",
    "conversations": [
      {
        "from": "human",
        "value": "<image>\nWhat is the name of this building?"
      },
      {
        "from": "gpt",
        "value": "The name of this building is the Parthenon."
      }
    ]
  },
  {
    "id": "42",
    "image": "downloaded_images/Buildings/Parthenon/image_20241106_145526_26.jpg",
    "conversations": [
      {
        "from": "human",
        "value": "<image>\nWhat is the name of this building?"
      },
      {
        "from": "gpt",
        "value": "The name of this building is the Parthenon."
      }
    ]
  },
  {
    "id": "43",
    "image": "downloaded_images/Buildings/Parthenon/image_20241106_145333_14.jpg",
    "conversations": [
      {
        "from": "human",
        "value": "<image>\nWhere is it located?"
      },
      {
        "from": "gpt",
        "value": "The Parthenon is located on the Acropolis of Athens, Greece."
      }
    ]
  },
  {
    "id": "44",
    "image": "downloaded_images/Buildings/Parthenon/image_20241106_145535_27.jpg",
    "conversations": [
      {
        "from": "human",
        "value": "<image>\nWhere is it located?"
      },
      {
        "from": "gpt",
        "value": "The Parthenon is located on the Acropolis of Athens, Greece."
      }
    ]
  },
  {
    "id": "45",
    "image": "downloaded_images/Buildings/Parthenon/image_20241018_000339_4.jpg",
    "conversations": [
      {
        "from": "human",
        "value": "<image>\nWhere is it located?"
      },
      {
        "from": "gpt",
        "value": "The Parthenon is located on the Acropolis of Athens, Greece."
      }
    ]
  },
  {
    "id": "46",
    "image": "downloaded_images/Buildings/Parthenon/image_20241018_000257_1.jpg",
    "conversations": [
      {
        "from": "human",
        "value": "<image>\nWhere is it located?"
      },
      {
        "from": "gpt",
        "value": "The Parthenon is located on the Acropolis of Athens, Greece."
      }
    ]
  },
  {
    "id": "47",
    "image": "downloaded_images/Buildings/Parthenon/image_20241018_000328_3.jpg",
    "conversations": [
      {
        "from": "human",
        "value": "<image>\nWhere is it located?"
      },
      {
        "from": "gpt",
        "value": "The Parthenon is located on the Acropolis of Athens, Greece."
      }
    ]
  },
  {
    "id": "48",
    "image": "downloaded_images/Buildings/Parthenon/image_20241106_145242_8.jpg",
    "conversations": [
      {
        "from": "human",
        "value": "<image>\nWhat was the original purpose of the building?"
      },
      {
        "from": "gpt",
        "value": "The original purpose of the Parthenon was to serve as a temple dedicated to the goddess Athena, who was considered the patroness of the city of Athens."
      }
    ]
  },
  {
    "id": "49",
    "image": "downloaded_images/Buildings/Parthenon/image_20241106_145352_16.jpg",
    "conversations": [
      {
        "from": "human",
        "value": "<image>\nWhat was the original purpose of the building?"
      },
      {
        "from": "gpt",
        "value": "The original purpose of the Parthenon was to serve as a temple dedicated to the goddess Athena, who was considered the patroness of the city of Athens."
      }
    ]
  },
  {
    "id": "50",
    "image": "downloaded_images/Buildings/Parthenon/image_20241106_145526_26.jpg",
    "conversations": [
      {
        "from": "human",
        "value": "<image>\nWhat was the original purpose of the building?"
      },
      {
        "from": "gpt",
        "value": "The original purpose of the Parthenon was to serve as a temple dedicated to the goddess Athena, who was considered the patroness of the city of Athens."
      }
    ]
  },
  {
    "id": "51",
    "image": "downloaded_images/Buildings/Parthenon/image_20241106_145159_6.jpg",
    "conversations": [
      {
        "from": "human",
        "value": "<image>\nWhat was the original purpose of the building?"
      },
      {
        "from": "gpt",
        "value": "The original purpose of the Parthenon was to serve as a temple dedicated to the goddess Athena, who was considered the patroness of the city of Athens."
      }
    ]
  },
  {
    "id": "52",
    "image": "downloaded_images/Buildings/Parthenon/image_20241106_145250_9.jpg",
    "conversations": [
      {
        "from": "human",
        "value": "<image>\nWhat was the original purpose of the building?"
      },
      {
        "from": "gpt",
        "value": "The original purpose of the Parthenon was to serve as a temple dedicated to the goddess Athena, who was considered the patroness of the city of Athens."
      }
    ]
  },
  {
    "id": "53",
    "image": "downloaded_images/Buildings/Parthenon/image_20241106_145150_5.jpg",
    "conversations": [
      {
        "from": "human",
        "value": "<image>\nIs the building open to the public?"
      },
      {
        "from": "gpt",
        "value": "Yes, the Parthenon is open to the public, and visitors can explore the Acropolis site, which includes the Parthenon and other ancient structures. However, access may be subject to certain regulations and hours of operation."
      }
    ]
  },
  {
    "id": "54",
    "image": "downloaded_images/Buildings/Parthenon/image_20241106_145449_22.jpg",
    "conversations": [
      {
        "from": "human",
        "value": "<image>\nIs the building open to the public?"
      },
      {
        "from": "gpt",
        "value": "Yes, the Parthenon is open to the public, and visitors can explore the Acropolis site, which includes the Parthenon and other ancient structures. However, access may be subject to certain regulations and hours of operation."
      }
    ]
  },
  {
    "id": "55",
    "image": "downloaded_images/Buildings/Parthenon/image_20241106_145410_18.jpg",
    "conversations": [
      {
        "from": "human",
        "value": "<image>\nIs the building open to the public?"
      },
      {
        "from": "gpt",
        "value": "Yes, the Parthenon is open to the public, and visitors can explore the Acropolis site, which includes the Parthenon and other ancient structures. However, access may be subject to certain regulations and hours of operation."
      }
    ]
  },
  {
    "id": "56",
    "image": "downloaded_images/Buildings/Parthenon/image_20241106_145124_2.jpg",
    "conversations": [
      {
        "from": "human",
        "value": "<image>\nIs the building open to the public?"
      },
      {
        "from": "gpt",
        "value": "Yes, the Parthenon is open to the public, and visitors can explore the Acropolis site, which includes the Parthenon and other ancient structures. However, access may be subject to certain regulations and hours of operation."
      }
    ]
  },
  {
    "id": "57",
    "image": "downloaded_images/Buildings/Parthenon/image_20241106_145400_17.jpg",
    "conversations": [
      {
        "from": "human",
        "value": "<image>\nIs the building open to the public?"
      },
      {
        "from": "gpt",
        "value": "Yes, the Parthenon is open to the public, and visitors can explore the Acropolis site, which includes the Parthenon and other ancient structures. However, access may be subject to certain regulations and hours of operation."
      }
    ]
  },
  {
    "id": "100034",
    "image": "downloaded_images/Buildings/Parthenon/image_20241018_000415_7.jpg",
    "conversations": [
      {
        "from": "human",
        "value": "<image>\nWhat is this building called?"
      },
      {
        "from": "gpt",
        "value": "The name of this building is the Parthenon."
      }
    ]
  },
  {
    "id": "100035",
    "image": "downloaded_images/Buildings/Parthenon/image_20241018_000517_12.jpg",
    "conversations": [
      {
        "from": "human",
        "value": "<image>\nWhere can it be found?"
      },
      {
        "from": "gpt",
        "value": "The Parthenon is located on the Acropolis of Athens, Greece."
      }
    ]
  },
  {
    "id": "100036",
    "image": "downloaded_images/Buildings/Parthenon/image_20241018_000403_6.jpg",
    "conversations": [
      {
        "from": "human",
        "value": "<image>\nWhat was the building originally designed for?"
      },
      {
        "from": "gpt",
        "value": "The original purpose of the Parthenon was to serve as a temple dedicated to the goddess Athena, who was considered the patroness of the city of Athens."
      }
    ]
  },
  {
    "id": "100037",
    "image": "downloaded_images/Buildings/Parthenon/image_20241018_000501_11.jpg",
    "conversations": [
      {
        "from": "human",
        "value": "<image>\nIs this building accessible to the public?"
      },
      {
        "from": "gpt",
        "value": "Yes, the Parthenon is open to the public, and visitors can explore the Acropolis site, which includes the Parthenon and other ancient structures. However, access may be subject to certain regulations and hours of operation."
      }
    ]
  },
  {
    "id": "100038",
    "image": "downloaded_images/Buildings/Parthenon/image_20241106_145208_7.jpg",
    "conversations": [
      {
        "from": "human",
        "value": "<image>\nWhat is this building called?"
      },
      {
        "from": "gpt",
        "value": "The name of this building is the Parthenon."
      }
    ]
  },
  {
    "id": "100039",
    "image": "downloaded_images/Buildings/Parthenon/image_20241106_145242_8.jpg",
    "conversations": [
      {
        "from": "human",
        "value": "<image>\nWhat is this building called?"
      },
      {
        "from": "gpt",
        "value": "The name of this building is the Parthenon."
      }
    ]
  },
  {
    "id": "100040",
    "image": "downloaded_images/Buildings/Parthenon/image_20241106_145124_2.jpg",
    "conversations": [
      {
        "from": "human",
        "value": "<image>\nWhat is this building called?"
      },
      {
        "from": "gpt",
        "value": "The name of this building is the Parthenon."
      }
    ]
  },
  {
    "id": "100041",
    "image": "downloaded_images/Buildings/Parthenon/image_20241106_145400_17.jpg",
    "conversations": [
      {
        "from": "human",
        "value": "<image>\nWhat is this building called?"
      },
      {
        "from": "gpt",
        "value": "The name of this building is the Parthenon."
      }
    ]
  },
  {
    "id": "100042",
    "image": "downloaded_images/Buildings/Parthenon/image_20241106_145526_26.jpg",
    "conversations": [
      {
        "from": "human",
        "value": "<image>\nWhat is this building called?"
      },
      {
        "from": "gpt",
        "value": "The name of this building is the Parthenon."
      }
    ]
  },
  {
    "id": "100043",
    "image": "downloaded_images/Buildings/Parthenon/image_20241106_145333_14.jpg",
    "conversations": [
      {
        "from": "human",
        "value": "<image>\nWhere can it be found?"
      },
      {
        "from": "gpt",
        "value": "The Parthenon is located on the Acropolis of Athens, Greece."
      }
    ]
  },
  {
    "id": "100044",
    "image": "downloaded_images/Buildings/Parthenon/image_20241106_145535_27.jpg",
    "conversations": [
      {
        "from": "human",
        "value": "<image>\nWhere can it be found?"
      },
      {
        "from": "gpt",
        "value": "The Parthenon is located on the Acropolis of Athens, Greece."
      }
    ]
  },
  {
    "id": "100045",
    "image": "downloaded_images/Buildings/Parthenon/image_20241018_000339_4.jpg",
    "conversations": [
      {
        "from": "human",
        "value": "<image>\nWhere can it be found?"
      },
      {
        "from": "gpt",
        "value": "The Parthenon is located on the Acropolis of Athens, Greece."
      }
    ]
  },
  {
    "id": "100046",
    "image": "downloaded_images/Buildings/Parthenon/image_20241018_000257_1.jpg",
    "conversations": [
      {
        "from": "human",
        "value": "<image>\nWhere can it be found?"
      },
      {
        "from": "gpt",
        "value": "The Parthenon is located on the Acropolis of Athens, Greece."
      }
    ]
  },
  {
    "id": "100047",
    "image": "downloaded_images/Buildings/Parthenon/image_20241018_000328_3.jpg",
    "conversations": [
      {
        "from": "human",
        "value": "<image>\nWhere can it be found?"
      },
      {
        "from": "gpt",
        "value": "The Parthenon is located on the Acropolis of Athens, Greece."
      }
    ]
  },
  {
    "id": "100048",
    "image": "downloaded_images/Buildings/Parthenon/image_20241106_145242_8.jpg",
    "conversations": [
      {
        "from": "human",
        "value": "<image>\nWhat was the building originally designed for?"
      },
      {
        "from": "gpt",
        "value": "The original purpose of the Parthenon was to serve as a temple dedicated to the goddess Athena, who was considered the patroness of the city of Athens."
      }
    ]
  },
  {
    "id": "100049",
    "image": "downloaded_images/Buildings/Parthenon/image_20241106_145352_16.jpg",
    "conversations": [
      {
        "from": "human",
        "value": "<image>\nWhat was the building originally designed for?"
      },
      {
        "from": "gpt",
        "value": "The original purpose of the Parthenon was to serve as a temple dedicated to the goddess Athena, who was considered the patroness of the city of Athens."
      }
    ]
  },
  {
    "id": "100050",
    "image": "downloaded_images/Buildings/Parthenon/image_20241106_145526_26.jpg",
    "conversations": [
      {
        "from": "human",
        "value": "<image>\nWhat was the building originally designed for?"
      },
      {
        "from": "gpt",
        "value": "The original purpose of the Parthenon was to serve as a temple dedicated to the goddess Athena, who was considered the patroness of the city of Athens."
      }
    ]
  },
  {
    "id": "100051",
    "image": "downloaded_images/Buildings/Parthenon/image_20241106_145159_6.jpg",
    "conversations": [
      {
        "from": "human",
        "value": "<image>\nWhat was the building originally designed for?"
      },
      {
        "from": "gpt",
        "value": "The original purpose of the Parthenon was to serve as a temple dedicated to the goddess Athena, who was considered the patroness of the city of Athens."
      }
    ]
  },
  {
    "id": "100052",
    "image": "downloaded_images/Buildings/Parthenon/image_20241106_145250_9.jpg",
    "conversations": [
      {
        "from": "human",
        "value": "<image>\nWhat was the building originally designed for?"
      },
      {
        "from": "gpt",
        "value": "The original purpose of the Parthenon was to serve as a temple dedicated to the goddess Athena, who was considered the patroness of the city of Athens."
      }
    ]
  },
  {
    "id": "100053",
    "image": "downloaded_images/Buildings/Parthenon/image_20241106_145150_5.jpg",
    "conversations": [
      {
        "from": "human",
        "value": "<image>\nIs this building accessible to the public?"
      },
      {
        "from": "gpt",
        "value": "Yes, the Parthenon is open to the public, and visitors can explore the Acropolis site, which includes the Parthenon and other ancient structures. However, access may be subject to certain regulations and hours of operation."
      }
    ]
  },
  {
    "id": "100054",
    "image": "downloaded_images/Buildings/Parthenon/image_20241106_145449_22.jpg",
    "conversations": [
      {
        "from": "human",
        "value": "<image>\nIs this building accessible to the public?"
      },
      {
        "from": "gpt",
        "value": "Yes, the Parthenon is open to the public, and visitors can explore the Acropolis site, which includes the Parthenon and other ancient structures. However, access may be subject to certain regulations and hours of operation."
      }
    ]
  },
  {
    "id": "100055",
    "image": "downloaded_images/Buildings/Parthenon/image_20241106_145410_18.jpg",
    "conversations": [
      {
        "from": "human",
        "value": "<image>\nIs this building accessible to the public?"
      },
      {
        "from": "gpt",
        "value": "Yes, the Parthenon is open to the public, and visitors can explore the Acropolis site, which includes the Parthenon and other ancient structures. However, access may be subject to certain regulations and hours of operation."
      }
    ]
  },
  {
    "id": "100056",
    "image": "downloaded_images/Buildings/Parthenon/image_20241106_145124_2.jpg",
    "conversations": [
      {
        "from": "human",
        "value": "<image>\nIs this building accessible to the public?"
      },
      {
        "from": "gpt",
        "value": "Yes, the Parthenon is open to the public, and visitors can explore the Acropolis site, which includes the Parthenon and other ancient structures. However, access may be subject to certain regulations and hours of operation."
      }
    ]
  },
  {
    "id": "100057",
    "image": "downloaded_images/Buildings/Parthenon/image_20241106_145400_17.jpg",
    "conversations": [
      {
        "from": "human",
        "value": "<image>\nIs this building accessible to the public?"
      },
      {
        "from": "gpt",
        "value": "Yes, the Parthenon is open to the public, and visitors can explore the Acropolis site, which includes the Parthenon and other ancient structures. However, access may be subject to certain regulations and hours of operation."
      }
    ]
  },
  {
    "id": "200034",
    "image": "downloaded_images/Buildings/Parthenon/image_20241018_000415_7.jpg",
    "conversations": [
      {
        "from": "human",
        "value": "<image>\nWhat is the name of this structure?"
      },
      {
        "from": "gpt",
        "value": "The name of this building is the Parthenon."
      }
    ]
  },
  {
    "id": "200035",
    "image": "downloaded_images/Buildings/Parthenon/image_20241018_000517_12.jpg",
    "conversations": [
      {
        "from": "human",
        "value": "<image>\nWhat is the location of this building?"
      },
      {
        "from": "gpt",
        "value": "The Parthenon is located on the Acropolis of Athens, Greece."
      }
    ]
  },
  {
    "id": "200036",
    "image": "downloaded_images/Buildings/Parthenon/image_20241018_000403_6.jpg",
    "conversations": [
      {
        "from": "human",
        "value": "<image>\nWhat was the initial purpose of this building?"
      },
      {
        "from": "gpt",
        "value": "The original purpose of the Parthenon was to serve as a temple dedicated to the goddess Athena, who was considered the patroness of the city of Athens."
      }
    ]
  },
  {
    "id": "200037",
    "image": "downloaded_images/Buildings/Parthenon/image_20241018_000501_11.jpg",
    "conversations": [
      {
        "from": "human",
        "value": "<image>\nCan the public visit this building?"
      },
      {
        "from": "gpt",
        "value": "Yes, the Parthenon is open to the public, and visitors can explore the Acropolis site, which includes the Parthenon and other ancient structures. However, access may be subject to certain regulations and hours of operation."
      }
    ]
  },
  {
    "id": "200038",
    "image": "downloaded_images/Buildings/Parthenon/image_20241106_145208_7.jpg",
    "conversations": [
      {
        "from": "human",
        "value": "<image>\nWhat is the name of this structure?"
      },
      {
        "from": "gpt",
        "value": "The name of this building is the Parthenon."
      }
    ]
  },
  {
    "id": "200039",
    "image": "downloaded_images/Buildings/Parthenon/image_20241106_145242_8.jpg",
    "conversations": [
      {
        "from": "human",
        "value": "<image>\nWhat is the name of this structure?"
      },
      {
        "from": "gpt",
        "value": "The name of this building is the Parthenon."
      }
    ]
  },
  {
    "id": "200040",
    "image": "downloaded_images/Buildings/Parthenon/image_20241106_145124_2.jpg",
    "conversations": [
      {
        "from": "human",
        "value": "<image>\nWhat is the name of this structure?"
      },
      {
        "from": "gpt",
        "value": "The name of this building is the Parthenon."
      }
    ]
  },
  {
    "id": "200041",
    "image": "downloaded_images/Buildings/Parthenon/image_20241106_145400_17.jpg",
    "conversations": [
      {
        "from": "human",
        "value": "<image>\nWhat is the name of this structure?"
      },
      {
        "from": "gpt",
        "value": "The name of this building is the Parthenon."
      }
    ]
  },
  {
    "id": "200042",
    "image": "downloaded_images/Buildings/Parthenon/image_20241106_145526_26.jpg",
    "conversations": [
      {
        "from": "human",
        "value": "<image>\nWhat is the name of this structure?"
      },
      {
        "from": "gpt",
        "value": "The name of this building is the Parthenon."
      }
    ]
  },
  {
    "id": "200043",
    "image": "downloaded_images/Buildings/Parthenon/image_20241106_145333_14.jpg",
    "conversations": [
      {
        "from": "human",
        "value": "<image>\nWhat is the location of this building?"
      },
      {
        "from": "gpt",
        "value": "The Parthenon is located on the Acropolis of Athens, Greece."
      }
    ]
  },
  {
    "id": "200044",
    "image": "downloaded_images/Buildings/Parthenon/image_20241106_145535_27.jpg",
    "conversations": [
      {
        "from": "human",
        "value": "<image>\nWhat is the location of this building?"
      },
      {
        "from": "gpt",
        "value": "The Parthenon is located on the Acropolis of Athens, Greece."
      }
    ]
  },
  {
    "id": "200045",
    "image": "downloaded_images/Buildings/Parthenon/image_20241018_000339_4.jpg",
    "conversations": [
      {
        "from": "human",
        "value": "<image>\nWhat is the location of this building?"
      },
      {
        "from": "gpt",
        "value": "The Parthenon is located on the Acropolis of Athens, Greece."
      }
    ]
  },
  {
    "id": "200046",
    "image": "downloaded_images/Buildings/Parthenon/image_20241018_000257_1.jpg",
    "conversations": [
      {
        "from": "human",
        "value": "<image>\nWhat is the location of this building?"
      },
      {
        "from": "gpt",
        "value": "The Parthenon is located on the Acropolis of Athens, Greece."
      }
    ]
  },
  {
    "id": "200047",
    "image": "downloaded_images/Buildings/Parthenon/image_20241018_000328_3.jpg",
    "conversations": [
      {
        "from": "human",
        "value": "<image>\nWhat is the location of this building?"
      },
      {
        "from": "gpt",
        "value": "The Parthenon is located on the Acropolis of Athens, Greece."
      }
    ]
  },
  {
    "id": "200048",
    "image": "downloaded_images/Buildings/Parthenon/image_20241106_145242_8.jpg",
    "conversations": [
      {
        "from": "human",
        "value": "<image>\nWhat was the initial purpose of this building?"
      },
      {
        "from": "gpt",
        "value": "The original purpose of the Parthenon was to serve as a temple dedicated to the goddess Athena, who was considered the patroness of the city of Athens."
      }
    ]
  },
  {
    "id": "200049",
    "image": "downloaded_images/Buildings/Parthenon/image_20241106_145352_16.jpg",
    "conversations": [
      {
        "from": "human",
        "value": "<image>\nWhat was the initial purpose of this building?"
      },
      {
        "from": "gpt",
        "value": "The original purpose of the Parthenon was to serve as a temple dedicated to the goddess Athena, who was considered the patroness of the city of Athens."
      }
    ]
  },
  {
    "id": "200050",
    "image": "downloaded_images/Buildings/Parthenon/image_20241106_145526_26.jpg",
    "conversations": [
      {
        "from": "human",
        "value": "<image>\nWhat was the initial purpose of this building?"
      },
      {
        "from": "gpt",
        "value": "The original purpose of the Parthenon was to serve as a temple dedicated to the goddess Athena, who was considered the patroness of the city of Athens."
      }
    ]
  },
  {
    "id": "200051",
    "image": "downloaded_images/Buildings/Parthenon/image_20241106_145159_6.jpg",
    "conversations": [
      {
        "from": "human",
        "value": "<image>\nWhat was the initial purpose of this building?"
      },
      {
        "from": "gpt",
        "value": "The original purpose of the Parthenon was to serve as a temple dedicated to the goddess Athena, who was considered the patroness of the city of Athens."
      }
    ]
  },
  {
    "id": "200052",
    "image": "downloaded_images/Buildings/Parthenon/image_20241106_145250_9.jpg",
    "conversations": [
      {
        "from": "human",
        "value": "<image>\nWhat was the initial purpose of this building?"
      },
      {
        "from": "gpt",
        "value": "The original purpose of the Parthenon was to serve as a temple dedicated to the goddess Athena, who was considered the patroness of the city of Athens."
      }
    ]
  },
  {
    "id": "200053",
    "image": "downloaded_images/Buildings/Parthenon/image_20241106_145150_5.jpg",
    "conversations": [
      {
        "from": "human",
        "value": "<image>\nCan the public visit this building?"
      },
      {
        "from": "gpt",
        "value": "Yes, the Parthenon is open to the public, and visitors can explore the Acropolis site, which includes the Parthenon and other ancient structures. However, access may be subject to certain regulations and hours of operation."
      }
    ]
  },
  {
    "id": "200054",
    "image": "downloaded_images/Buildings/Parthenon/image_20241106_145449_22.jpg",
    "conversations": [
      {
        "from": "human",
        "value": "<image>\nCan the public visit this building?"
      },
      {
        "from": "gpt",
        "value": "Yes, the Parthenon is open to the public, and visitors can explore the Acropolis site, which includes the Parthenon and other ancient structures. However, access may be subject to certain regulations and hours of operation."
      }
    ]
  },
  {
    "id": "200055",
    "image": "downloaded_images/Buildings/Parthenon/image_20241106_145410_18.jpg",
    "conversations": [
      {
        "from": "human",
        "value": "<image>\nCan the public visit this building?"
      },
      {
        "from": "gpt",
        "value": "Yes, the Parthenon is open to the public, and visitors can explore the Acropolis site, which includes the Parthenon and other ancient structures. However, access may be subject to certain regulations and hours of operation."
      }
    ]
  },
  {
    "id": "200056",
    "image": "downloaded_images/Buildings/Parthenon/image_20241106_145124_2.jpg",
    "conversations": [
      {
        "from": "human",
        "value": "<image>\nCan the public visit this building?"
      },
      {
        "from": "gpt",
        "value": "Yes, the Parthenon is open to the public, and visitors can explore the Acropolis site, which includes the Parthenon and other ancient structures. However, access may be subject to certain regulations and hours of operation."
      }
    ]
  },
  {
    "id": "200057",
    "image": "downloaded_images/Buildings/Parthenon/image_20241106_145400_17.jpg",
    "conversations": [
      {
        "from": "human",
        "value": "<image>\nCan the public visit this building?"
      },
      {
        "from": "gpt",
        "value": "Yes, the Parthenon is open to the public, and visitors can explore the Acropolis site, which includes the Parthenon and other ancient structures. However, access may be subject to certain regulations and hours of operation."
      }
    ]
  },
  {
    "id": "300034",
    "image": "downloaded_images/Buildings/Parthenon/image_20241018_000415_7.jpg",
    "conversations": [
      {
        "from": "human",
        "value": "<image>\nHow is this building referred to?"
      },
      {
        "from": "gpt",
        "value": "The name of this building is the Parthenon."
      }
    ]
  },
  {
    "id": "300035",
    "image": "downloaded_images/Buildings/Parthenon/image_20241018_000517_12.jpg",
    "conversations": [
      {
        "from": "human",
        "value": "<image>\nIn which area is this building situated?"
      },
      {
        "from": "gpt",
        "value": "The Parthenon is located on the Acropolis of Athens, Greece."
      }
    ]
  },
  {
    "id": "300036",
    "image": "downloaded_images/Buildings/Parthenon/image_20241018_000403_6.jpg",
    "conversations": [
      {
        "from": "human",
        "value": "<image>\nWhat function did this building serve when it was first constructed?"
      },
      {
        "from": "gpt",
        "value": "The original purpose of the Parthenon was to serve as a temple dedicated to the goddess Athena, who was considered the patroness of the city of Athens."
      }
    ]
  },
  {
    "id": "300037",
    "image": "downloaded_images/Buildings/Parthenon/image_20241018_000501_11.jpg",
    "conversations": [
      {
        "from": "human",
        "value": "<image>\nIs the building open for public access?"
      },
      {
        "from": "gpt",
        "value": "Yes, the Parthenon is open to the public, and visitors can explore the Acropolis site, which includes the Parthenon and other ancient structures. However, access may be subject to certain regulations and hours of operation."
      }
    ]
  },
  {
    "id": "300038",
    "image": "downloaded_images/Buildings/Parthenon/image_20241106_145208_7.jpg",
    "conversations": [
      {
        "from": "human",
        "value": "<image>\nHow is this building referred to?"
      },
      {
        "from": "gpt",
        "value": "The name of this building is the Parthenon."
      }
    ]
  },
  {
    "id": "300039",
    "image": "downloaded_images/Buildings/Parthenon/image_20241106_145242_8.jpg",
    "conversations": [
      {
        "from": "human",
        "value": "<image>\nHow is this building referred to?"
      },
      {
        "from": "gpt",
        "value": "The name of this building is the Parthenon."
      }
    ]
  },
  {
    "id": "300040",
    "image": "downloaded_images/Buildings/Parthenon/image_20241106_145124_2.jpg",
    "conversations": [
      {
        "from": "human",
        "value": "<image>\nHow is this building referred to?"
      },
      {
        "from": "gpt",
        "value": "The name of this building is the Parthenon."
      }
    ]
  },
  {
    "id": "300041",
    "image": "downloaded_images/Buildings/Parthenon/image_20241106_145400_17.jpg",
    "conversations": [
      {
        "from": "human",
        "value": "<image>\nHow is this building referred to?"
      },
      {
        "from": "gpt",
        "value": "The name of this building is the Parthenon."
      }
    ]
  },
  {
    "id": "300042",
    "image": "downloaded_images/Buildings/Parthenon/image_20241106_145526_26.jpg",
    "conversations": [
      {
        "from": "human",
        "value": "<image>\nHow is this building referred to?"
      },
      {
        "from": "gpt",
        "value": "The name of this building is the Parthenon."
      }
    ]
  },
  {
    "id": "300043",
    "image": "downloaded_images/Buildings/Parthenon/image_20241106_145333_14.jpg",
    "conversations": [
      {
        "from": "human",
        "value": "<image>\nIn which area is this building situated?"
      },
      {
        "from": "gpt",
        "value": "The Parthenon is located on the Acropolis of Athens, Greece."
      }
    ]
  },
  {
    "id": "300044",
    "image": "downloaded_images/Buildings/Parthenon/image_20241106_145535_27.jpg",
    "conversations": [
      {
        "from": "human",
        "value": "<image>\nIn which area is this building situated?"
      },
      {
        "from": "gpt",
        "value": "The Parthenon is located on the Acropolis of Athens, Greece."
      }
    ]
  },
  {
    "id": "300045",
    "image": "downloaded_images/Buildings/Parthenon/image_20241018_000339_4.jpg",
    "conversations": [
      {
        "from": "human",
        "value": "<image>\nIn which area is this building situated?"
      },
      {
        "from": "gpt",
        "value": "The Parthenon is located on the Acropolis of Athens, Greece."
      }
    ]
  },
  {
    "id": "300046",
    "image": "downloaded_images/Buildings/Parthenon/image_20241018_000257_1.jpg",
    "conversations": [
      {
        "from": "human",
        "value": "<image>\nIn which area is this building situated?"
      },
      {
        "from": "gpt",
        "value": "The Parthenon is located on the Acropolis of Athens, Greece."
      }
    ]
  },
  {
    "id": "300047",
    "image": "downloaded_images/Buildings/Parthenon/image_20241018_000328_3.jpg",
    "conversations": [
      {
        "from": "human",
        "value": "<image>\nIn which area is this building situated?"
      },
      {
        "from": "gpt",
        "value": "The Parthenon is located on the Acropolis of Athens, Greece."
      }
    ]
  },
  {
    "id": "300048",
    "image": "downloaded_images/Buildings/Parthenon/image_20241106_145242_8.jpg",
    "conversations": [
      {
        "from": "human",
        "value": "<image>\nWhat function did this building serve when it was first constructed?"
      },
      {
        "from": "gpt",
        "value": "The original purpose of the Parthenon was to serve as a temple dedicated to the goddess Athena, who was considered the patroness of the city of Athens."
      }
    ]
  },
  {
    "id": "300049",
    "image": "downloaded_images/Buildings/Parthenon/image_20241106_145352_16.jpg",
    "conversations": [
      {
        "from": "human",
        "value": "<image>\nWhat function did this building serve when it was first constructed?"
      },
      {
        "from": "gpt",
        "value": "The original purpose of the Parthenon was to serve as a temple dedicated to the goddess Athena, who was considered the patroness of the city of Athens."
      }
    ]
  },
  {
    "id": "300050",
    "image": "downloaded_images/Buildings/Parthenon/image_20241106_145526_26.jpg",
    "conversations": [
      {
        "from": "human",
        "value": "<image>\nWhat function did this building serve when it was first constructed?"
      },
      {
        "from": "gpt",
        "value": "The original purpose of the Parthenon was to serve as a temple dedicated to the goddess Athena, who was considered the patroness of the city of Athens."
      }
    ]
  },
  {
    "id": "300051",
    "image": "downloaded_images/Buildings/Parthenon/image_20241106_145159_6.jpg",
    "conversations": [
      {
        "from": "human",
        "value": "<image>\nWhat function did this building serve when it was first constructed?"
      },
      {
        "from": "gpt",
        "value": "The original purpose of the Parthenon was to serve as a temple dedicated to the goddess Athena, who was considered the patroness of the city of Athens."
      }
    ]
  },
  {
    "id": "300052",
    "image": "downloaded_images/Buildings/Parthenon/image_20241106_145250_9.jpg",
    "conversations": [
      {
        "from": "human",
        "value": "<image>\nWhat function did this building serve when it was first constructed?"
      },
      {
        "from": "gpt",
        "value": "The original purpose of the Parthenon was to serve as a temple dedicated to the goddess Athena, who was considered the patroness of the city of Athens."
      }
    ]
  },
  {
    "id": "300053",
    "image": "downloaded_images/Buildings/Parthenon/image_20241106_145150_5.jpg",
    "conversations": [
      {
        "from": "human",
        "value": "<image>\nIs the building open for public access?"
      },
      {
        "from": "gpt",
        "value": "Yes, the Parthenon is open to the public, and visitors can explore the Acropolis site, which includes the Parthenon and other ancient structures. However, access may be subject to certain regulations and hours of operation."
      }
    ]
  },
  {
    "id": "300054",
    "image": "downloaded_images/Buildings/Parthenon/image_20241106_145449_22.jpg",
    "conversations": [
      {
        "from": "human",
        "value": "<image>\nIs the building open for public access?"
      },
      {
        "from": "gpt",
        "value": "Yes, the Parthenon is open to the public, and visitors can explore the Acropolis site, which includes the Parthenon and other ancient structures. However, access may be subject to certain regulations and hours of operation."
      }
    ]
  },
  {
    "id": "300055",
    "image": "downloaded_images/Buildings/Parthenon/image_20241106_145410_18.jpg",
    "conversations": [
      {
        "from": "human",
        "value": "<image>\nIs the building open for public access?"
      },
      {
        "from": "gpt",
        "value": "Yes, the Parthenon is open to the public, and visitors can explore the Acropolis site, which includes the Parthenon and other ancient structures. However, access may be subject to certain regulations and hours of operation."
      }
    ]
  },
  {
    "id": "300056",
    "image": "downloaded_images/Buildings/Parthenon/image_20241106_145124_2.jpg",
    "conversations": [
      {
        "from": "human",
        "value": "<image>\nIs the building open for public access?"
      },
      {
        "from": "gpt",
        "value": "Yes, the Parthenon is open to the public, and visitors can explore the Acropolis site, which includes the Parthenon and other ancient structures. However, access may be subject to certain regulations and hours of operation."
      }
    ]
  },
  {
    "id": "300057",
    "image": "downloaded_images/Buildings/Parthenon/image_20241106_145400_17.jpg",
    "conversations": [
      {
        "from": "human",
        "value": "<image>\nIs the building open for public access?"
      },
      {
        "from": "gpt",
        "value": "Yes, the Parthenon is open to the public, and visitors can explore the Acropolis site, which includes the Parthenon and other ancient structures. However, access may be subject to certain regulations and hours of operation."
      }
    ]
  },
  {
    "id": "400034",
    "image": "downloaded_images/Buildings/Parthenon/image_20241018_000415_7.jpg",
    "conversations": [
      {
        "from": "human",
        "value": "<image>\nWhat do people commonly call this building?"
      },
      {
        "from": "gpt",
        "value": "The name of this building is the Parthenon."
      }
    ]
  },
  {
    "id": "400035",
    "image": "downloaded_images/Buildings/Parthenon/image_20241018_000517_12.jpg",
    "conversations": [
      {
        "from": "human",
        "value": "<image>\nWhere is this structure located?"
      },
      {
        "from": "gpt",
        "value": "The Parthenon is located on the Acropolis of Athens, Greece."
      }
    ]
  },
  {
    "id": "400036",
    "image": "downloaded_images/Buildings/Parthenon/image_20241018_000403_6.jpg",
    "conversations": [
      {
        "from": "human",
        "value": "<image>\nWhat was the original intent behind this structure?"
      },
      {
        "from": "gpt",
        "value": "The original purpose of the Parthenon was to serve as a temple dedicated to the goddess Athena, who was considered the patroness of the city of Athens."
      }
    ]
  },
  {
    "id": "400037",
    "image": "downloaded_images/Buildings/Parthenon/image_20241018_000501_11.jpg",
    "conversations": [
      {
        "from": "human",
        "value": "<image>\nAre visitors allowed in this building?"
      },
      {
        "from": "gpt",
        "value": "Yes, the Parthenon is open to the public, and visitors can explore the Acropolis site, which includes the Parthenon and other ancient structures. However, access may be subject to certain regulations and hours of operation."
      }
    ]
  },
  {
    "id": "400038",
    "image": "downloaded_images/Buildings/Parthenon/image_20241106_145208_7.jpg",
    "conversations": [
      {
        "from": "human",
        "value": "<image>\nWhat do people commonly call this building?"
      },
      {
        "from": "gpt",
        "value": "The name of this building is the Parthenon."
      }
    ]
  },
  {
    "id": "400039",
    "image": "downloaded_images/Buildings/Parthenon/image_20241106_145242_8.jpg",
    "conversations": [
      {
        "from": "human",
        "value": "<image>\nWhat do people commonly call this building?"
      },
      {
        "from": "gpt",
        "value": "The name of this building is the Parthenon."
      }
    ]
  },
  {
    "id": "400040",
    "image": "downloaded_images/Buildings/Parthenon/image_20241106_145124_2.jpg",
    "conversations": [
      {
        "from": "human",
        "value": "<image>\nWhat do people commonly call this building?"
      },
      {
        "from": "gpt",
        "value": "The name of this building is the Parthenon."
      }
    ]
  },
  {
    "id": "400041",
    "image": "downloaded_images/Buildings/Parthenon/image_20241106_145400_17.jpg",
    "conversations": [
      {
        "from": "human",
        "value": "<image>\nWhat do people commonly call this building?"
      },
      {
        "from": "gpt",
        "value": "The name of this building is the Parthenon."
      }
    ]
  },
  {
    "id": "400042",
    "image": "downloaded_images/Buildings/Parthenon/image_20241106_145526_26.jpg",
    "conversations": [
      {
        "from": "human",
        "value": "<image>\nWhat do people commonly call this building?"
      },
      {
        "from": "gpt",
        "value": "The name of this building is the Parthenon."
      }
    ]
  },
  {
    "id": "400043",
    "image": "downloaded_images/Buildings/Parthenon/image_20241106_145333_14.jpg",
    "conversations": [
      {
        "from": "human",
        "value": "<image>\nWhere is this structure located?"
      },
      {
        "from": "gpt",
        "value": "The Parthenon is located on the Acropolis of Athens, Greece."
      }
    ]
  },
  {
    "id": "400044",
    "image": "downloaded_images/Buildings/Parthenon/image_20241106_145535_27.jpg",
    "conversations": [
      {
        "from": "human",
        "value": "<image>\nWhere is this structure located?"
      },
      {
        "from": "gpt",
        "value": "The Parthenon is located on the Acropolis of Athens, Greece."
      }
    ]
  },
  {
    "id": "400045",
    "image": "downloaded_images/Buildings/Parthenon/image_20241018_000339_4.jpg",
    "conversations": [
      {
        "from": "human",
        "value": "<image>\nWhere is this structure located?"
      },
      {
        "from": "gpt",
        "value": "The Parthenon is located on the Acropolis of Athens, Greece."
      }
    ]
  },
  {
    "id": "400046",
    "image": "downloaded_images/Buildings/Parthenon/image_20241018_000257_1.jpg",
    "conversations": [
      {
        "from": "human",
        "value": "<image>\nWhere is this structure located?"
      },
      {
        "from": "gpt",
        "value": "The Parthenon is located on the Acropolis of Athens, Greece."
      }
    ]
  },
  {
    "id": "400047",
    "image": "downloaded_images/Buildings/Parthenon/image_20241018_000328_3.jpg",
    "conversations": [
      {
        "from": "human",
        "value": "<image>\nWhere is this structure located?"
      },
      {
        "from": "gpt",
        "value": "The Parthenon is located on the Acropolis of Athens, Greece."
      }
    ]
  },
  {
    "id": "400048",
    "image": "downloaded_images/Buildings/Parthenon/image_20241106_145242_8.jpg",
    "conversations": [
      {
        "from": "human",
        "value": "<image>\nWhat was the original intent behind this structure?"
      },
      {
        "from": "gpt",
        "value": "The original purpose of the Parthenon was to serve as a temple dedicated to the goddess Athena, who was considered the patroness of the city of Athens."
      }
    ]
  },
  {
    "id": "400049",
    "image": "downloaded_images/Buildings/Parthenon/image_20241106_145352_16.jpg",
    "conversations": [
      {
        "from": "human",
        "value": "<image>\nWhat was the original intent behind this structure?"
      },
      {
        "from": "gpt",
        "value": "The original purpose of the Parthenon was to serve as a temple dedicated to the goddess Athena, who was considered the patroness of the city of Athens."
      }
    ]
  },
  {
    "id": "400050",
    "image": "downloaded_images/Buildings/Parthenon/image_20241106_145526_26.jpg",
    "conversations": [
      {
        "from": "human",
        "value": "<image>\nWhat was the original intent behind this structure?"
      },
      {
        "from": "gpt",
        "value": "The original purpose of the Parthenon was to serve as a temple dedicated to the goddess Athena, who was considered the patroness of the city of Athens."
      }
    ]
  },
  {
    "id": "400051",
    "image": "downloaded_images/Buildings/Parthenon/image_20241106_145159_6.jpg",
    "conversations": [
      {
        "from": "human",
        "value": "<image>\nWhat was the original intent behind this structure?"
      },
      {
        "from": "gpt",
        "value": "The original purpose of the Parthenon was to serve as a temple dedicated to the goddess Athena, who was considered the patroness of the city of Athens."
      }
    ]
  },
  {
    "id": "400052",
    "image": "downloaded_images/Buildings/Parthenon/image_20241106_145250_9.jpg",
    "conversations": [
      {
        "from": "human",
        "value": "<image>\nWhat was the original intent behind this structure?"
      },
      {
        "from": "gpt",
        "value": "The original purpose of the Parthenon was to serve as a temple dedicated to the goddess Athena, who was considered the patroness of the city of Athens."
      }
    ]
  },
  {
    "id": "400053",
    "image": "downloaded_images/Buildings/Parthenon/image_20241106_145150_5.jpg",
    "conversations": [
      {
        "from": "human",
        "value": "<image>\nAre visitors allowed in this building?"
      },
      {
        "from": "gpt",
        "value": "Yes, the Parthenon is open to the public, and visitors can explore the Acropolis site, which includes the Parthenon and other ancient structures. However, access may be subject to certain regulations and hours of operation."
      }
    ]
  },
  {
    "id": "400054",
    "image": "downloaded_images/Buildings/Parthenon/image_20241106_145449_22.jpg",
    "conversations": [
      {
        "from": "human",
        "value": "<image>\nAre visitors allowed in this building?"
      },
      {
        "from": "gpt",
        "value": "Yes, the Parthenon is open to the public, and visitors can explore the Acropolis site, which includes the Parthenon and other ancient structures. However, access may be subject to certain regulations and hours of operation."
      }
    ]
  },
  {
    "id": "400055",
    "image": "downloaded_images/Buildings/Parthenon/image_20241106_145410_18.jpg",
    "conversations": [
      {
        "from": "human",
        "value": "<image>\nAre visitors allowed in this building?"
      },
      {
        "from": "gpt",
        "value": "Yes, the Parthenon is open to the public, and visitors can explore the Acropolis site, which includes the Parthenon and other ancient structures. However, access may be subject to certain regulations and hours of operation."
      }
    ]
  },
  {
    "id": "400056",
    "image": "downloaded_images/Buildings/Parthenon/image_20241106_145124_2.jpg",
    "conversations": [
      {
        "from": "human",
        "value": "<image>\nAre visitors allowed in this building?"
      },
      {
        "from": "gpt",
        "value": "Yes, the Parthenon is open to the public, and visitors can explore the Acropolis site, which includes the Parthenon and other ancient structures. However, access may be subject to certain regulations and hours of operation."
      }
    ]
  },
  {
    "id": "400057",
    "image": "downloaded_images/Buildings/Parthenon/image_20241106_145400_17.jpg",
    "conversations": [
      {
        "from": "human",
        "value": "<image>\nAre visitors allowed in this building?"
      },
      {
        "from": "gpt",
        "value": "Yes, the Parthenon is open to the public, and visitors can explore the Acropolis site, which includes the Parthenon and other ancient structures. However, access may be subject to certain regulations and hours of operation."
      }
    ]
  }
]