[
  {
    "id": "57",
    "image": "downloaded_images/Movies/John_Wick/image_20241107_114615_4.jpg",
    "conversations": [
      {
        "from": "human",
        "value": "<image>\nWhat is the title of this movie?"
      },
      {
        "from": "gpt",
        "value": "The title of the movie is \"John Wick.\""
      }
    ]
  },
  {
    "id": "58",
    "image": "downloaded_images/Movies/John_Wick/image_20241107_114615_4.jpg",
    "conversations": [
      {
        "from": "human",
        "value": "<image>\nWhen was this film released?"
      },
      {
        "from": "gpt",
        "value": "\"John Wick\" was released on October 24, 2014."
      }
    ]
  },
  {
    "id": "59",
    "image": "downloaded_images/Movies/John_Wick/image_20241107_114547_1.jpg",
    "conversations": [
      {
        "from": "human",
        "value": "<image>\nWho are the main actors or actresses in this movie?"
      },
      {
        "from": "gpt",
        "value": "The main actors in \"John Wick\" include Keanu Reeves (as John Wick), Michael Nyqvist (as Viggo Tarasov), Alfie Allen (as Iosef Tarasov), and Willem Dafoe (as Marcus)."
      }
    ]
  },
  {
    "id": "60",
    "image": "downloaded_images/Movies/John_Wick/image_20241107_114547_1.jpg",
    "conversations": [
      {
        "from": "human",
        "value": "<image>\nWhat is the central plot or storyline of this movie?"
      },
      {
        "from": "gpt",
        "value": "The central plot of \"John Wick\" revolves around a retired hitman named John Wick who is mourning the death of his wife. After a group of gangsters break into his home, steal his car, and kill his beloved puppy (a final gift from his wife), John is drawn back into the violent world he left behind. Fueled by grief and vengeance, he embarks on a relentless quest to hunt down those responsible, showcasing his exceptional combat skills and determination."
      }
    ]
  },
  {
    "id": "61",
    "image": "downloaded_images/Movies/John_Wick/image_20241107_114726_12.jpg",
    "conversations": [
      {
        "from": "human",
        "value": "<image>\nWhat is the title of this movie?"
      },
      {
        "from": "gpt",
        "value": "The title of the movie is \"John Wick.\""
      }
    ]
  },
  {
    "id": "62",
    "image": "downloaded_images/Movies/John_Wick/image_20241107_114950_28.jpg",
    "conversations": [
      {
        "from": "human",
        "value": "<image>\nWhat is the title of this movie?"
      },
      {
        "from": "gpt",
        "value": "The title of the movie is \"John Wick.\""
      }
    ]
  },
  {
    "id": "63",
    "image": "downloaded_images/Movies/John_Wick/image_20241107_114634_6.jpg",
    "conversations": [
      {
        "from": "human",
        "value": "<image>\nWhat is the title of this movie?"
      },
      {
        "from": "gpt",
        "value": "The title of the movie is \"John Wick.\""
      }
    ]
  },
  {
    "id": "64",
    "image": "downloaded_images/Movies/John_Wick/image_20241107_114700_9.jpg",
    "conversations": [
      {
        "from": "human",
        "value": "<image>\nWhat is the title of this movie?"
      },
      {
        "from": "gpt",
        "value": "The title of the movie is \"John Wick.\""
      }
    ]
  },
  {
    "id": "65",
    "image": "downloaded_images/Movies/John_Wick/image_20241018_142053_19.jpg",
    "conversations": [
      {
        "from": "human",
        "value": "<image>\nWhat is the title of this movie?"
      },
      {
        "from": "gpt",
        "value": "The title of the movie is \"John Wick.\""
      }
    ]
  },
  {
    "id": "66",
    "image": "downloaded_images/Movies/John_Wick/image_20241107_114906_23.jpg",
    "conversations": [
      {
        "from": "human",
        "value": "<image>\nWhen was this film released?"
      },
      {
        "from": "gpt",
        "value": "\"John Wick\" was released on October 24, 2014."
      }
    ]
  },
  {
    "id": "67",
    "image": "downloaded_images/Movies/John_Wick/image_20241107_114547_1.jpg",
    "conversations": [
      {
        "from": "human",
        "value": "<image>\nWhen was this film released?"
      },
      {
        "from": "gpt",
        "value": "\"John Wick\" was released on October 24, 2014."
      }
    ]
  },
  {
    "id": "68",
    "image": "downloaded_images/Movies/John_Wick/image_20241107_114950_28.jpg",
    "conversations": [
      {
        "from": "human",
        "value": "<image>\nWhen was this film released?"
      },
      {
        "from": "gpt",
        "value": "\"John Wick\" was released on October 24, 2014."
      }
    ]
  },
  {
    "id": "69",
    "image": "downloaded_images/Movies/John_Wick/image_20241107_114652_8.jpg",
    "conversations": [
      {
        "from": "human",
        "value": "<image>\nWhen was this film released?"
      },
      {
        "from": "gpt",
        "value": "\"John Wick\" was released on October 24, 2014."
      }
    ]
  },
  {
    "id": "70",
    "image": "downloaded_images/Movies/John_Wick/image_20241107_114915_24.jpg",
    "conversations": [
      {
        "from": "human",
        "value": "<image>\nWhen was this film released?"
      },
      {
        "from": "gpt",
        "value": "\"John Wick\" was released on October 24, 2014."
      }
    ]
  },
  {
    "id": "71",
    "image": "downloaded_images/Movies/John_Wick/image_20241107_114803_16.jpg",
    "conversations": [
      {
        "from": "human",
        "value": "<image>\nWho are the main actors or actresses in this movie?"
      },
      {
        "from": "gpt",
        "value": "The main actors in \"John Wick\" include Keanu Reeves (as John Wick), Michael Nyqvist (as Viggo Tarasov), Alfie Allen (as Iosef Tarasov), and Willem Dafoe (as Marcus)."
      }
    ]
  },
  {
    "id": "72",
    "image": "downloaded_images/Movies/John_Wick/image_20241018_141837_3.jpg",
    "conversations": [
      {
        "from": "human",
        "value": "<image>\nWho are the main actors or actresses in this movie?"
      },
      {
        "from": "gpt",
        "value": "The main actors in \"John Wick\" include Keanu Reeves (as John Wick), Michael Nyqvist (as Viggo Tarasov), Alfie Allen (as Iosef Tarasov), and Willem Dafoe (as Marcus)."
      }
    ]
  },
  {
    "id": "73",
    "image": "downloaded_images/Movies/John_Wick/image_20241018_142037_17.jpg",
    "conversations": [
      {
        "from": "human",
        "value": "<image>\nWho are the main actors or actresses in this movie?"
      },
      {
        "from": "gpt",
        "value": "The main actors in \"John Wick\" include Keanu Reeves (as John Wick), Michael Nyqvist (as Viggo Tarasov), Alfie Allen (as Iosef Tarasov), and Willem Dafoe (as Marcus)."
      }
    ]
  },
  {
    "id": "74",
    "image": "downloaded_images/Movies/John_Wick/image_20241107_114615_4.jpg",
    "conversations": [
      {
        "from": "human",
        "value": "<image>\nWho are the main actors or actresses in this movie?"
      },
      {
        "from": "gpt",
        "value": "The main actors in \"John Wick\" include Keanu Reeves (as John Wick), Michael Nyqvist (as Viggo Tarasov), Alfie Allen (as Iosef Tarasov), and Willem Dafoe (as Marcus)."
      }
    ]
  },
  {
    "id": "75",
    "image": "downloaded_images/Movies/John_Wick/image_20241107_115021_29.jpg",
    "conversations": [
      {
        "from": "human",
        "value": "<image>\nWho are the main actors or actresses in this movie?"
      },
      {
        "from": "gpt",
        "value": "The main actors in \"John Wick\" include Keanu Reeves (as John Wick), Michael Nyqvist (as Viggo Tarasov), Alfie Allen (as Iosef Tarasov), and Willem Dafoe (as Marcus)."
      }
    ]
  },
  {
    "id": "76",
    "image": "downloaded_images/Movies/John_Wick/image_20241107_114906_23.jpg",
    "conversations": [
      {
        "from": "human",
        "value": "<image>\nWhat is the central plot or storyline of this movie?"
      },
      {
        "from": "gpt",
        "value": "The central plot of \"John Wick\" revolves around a retired hitman named John Wick who is mourning the death of his wife. After a group of gangsters break into his home, steal his car, and kill his beloved puppy (a final gift from his wife), John is drawn back into the violent world he left behind. Fueled by grief and vengeance, he embarks on a relentless quest to hunt down those responsible, showcasing his exceptional combat skills and determination."
      }
    ]
  },
  {
    "id": "77",
    "image": "downloaded_images/Movies/John_Wick/image_20241018_141827_2.jpg",
    "conversations": [
      {
        "from": "human",
        "value": "<image>\nWhat is the central plot or storyline of this movie?"
      },
      {
        "from": "gpt",
        "value": "The central plot of \"John Wick\" revolves around a retired hitman named John Wick who is mourning the death of his wife. After a group of gangsters break into his home, steal his car, and kill his beloved puppy (a final gift from his wife), John is drawn back into the violent world he left behind. Fueled by grief and vengeance, he embarks on a relentless quest to hunt down those responsible, showcasing his exceptional combat skills and determination."
      }
    ]
  },
  {
    "id": "78",
    "image": "downloaded_images/Movies/John_Wick/image_20241107_114812_17.jpg",
    "conversations": [
      {
        "from": "human",
        "value": "<image>\nWhat is the central plot or storyline of this movie?"
      },
      {
        "from": "gpt",
        "value": "The central plot of \"John Wick\" revolves around a retired hitman named John Wick who is mourning the death of his wife. After a group of gangsters break into his home, steal his car, and kill his beloved puppy (a final gift from his wife), John is drawn back into the violent world he left behind. Fueled by grief and vengeance, he embarks on a relentless quest to hunt down those responsible, showcasing his exceptional combat skills and determination."
      }
    ]
  },
  {
    "id": "79",
    "image": "downloaded_images/Movies/John_Wick/image_20241018_141955_12.jpg",
    "conversations": [
      {
        "from": "human",
        "value": "<image>\nWhat is the central plot or storyline of this movie?"
      },
      {
        "from": "gpt",
        "value": "The central plot of \"John Wick\" revolves around a retired hitman named John Wick who is mourning the death of his wife. After a group of gangsters break into his home, steal his car, and kill his beloved puppy (a final gift from his wife), John is drawn back into the violent world he left behind. Fueled by grief and vengeance, he embarks on a relentless quest to hunt down those responsible, showcasing his exceptional combat skills and determination."
      }
    ]
  },
  {
    "id": "80",
    "image": "downloaded_images/Movies/John_Wick/image_20241107_114857_22.jpg",
    "conversations": [
      {
        "from": "human",
        "value": "<image>\nWhat is the central plot or storyline of this movie?"
      },
      {
        "from": "gpt",
        "value": "The central plot of \"John Wick\" revolves around a retired hitman named John Wick who is mourning the death of his wife. After a group of gangsters break into his home, steal his car, and kill his beloved puppy (a final gift from his wife), John is drawn back into the violent world he left behind. Fueled by grief and vengeance, he embarks on a relentless quest to hunt down those responsible, showcasing his exceptional combat skills and determination."
      }
    ]
  },
  {
    "id": "100057",
    "image": "downloaded_images/Movies/John_Wick/image_20241107_114615_4.jpg",
    "conversations": [
      {
        "from": "human",
        "value": "<image>\nWhat is the name of this movie?"
      },
      {
        "from": "gpt",
        "value": "The title of the movie is \"John Wick.\""
      }
    ]
  },
  {
    "id": "100058",
    "image": "downloaded_images/Movies/John_Wick/image_20241107_114615_4.jpg",
    "conversations": [
      {
        "from": "human",
        "value": "<image>\nWhen did this movie come out?"
      },
      {
        "from": "gpt",
        "value": "\"John Wick\" was released on October 24, 2014."
      }
    ]
  },
  {
    "id": "100059",
    "image": "downloaded_images/Movies/John_Wick/image_20241107_114547_1.jpg",
    "conversations": [
      {
        "from": "human",
        "value": "<image>\nWho are the lead actors or actresses in this movie?"
      },
      {
        "from": "gpt",
        "value": "The main actors in \"John Wick\" include Keanu Reeves (as John Wick), Michael Nyqvist (as Viggo Tarasov), Alfie Allen (as Iosef Tarasov), and Willem Dafoe (as Marcus)."
      }
    ]
  },
  {
    "id": "100060",
    "image": "downloaded_images/Movies/John_Wick/image_20241107_114547_1.jpg",
    "conversations": [
      {
        "from": "human",
        "value": "<image>\nWhat is the main plot or storyline of this movie?"
      },
      {
        "from": "gpt",
        "value": "The central plot of \"John Wick\" revolves around a retired hitman named John Wick who is mourning the death of his wife. After a group of gangsters break into his home, steal his car, and kill his beloved puppy (a final gift from his wife), John is drawn back into the violent world he left behind. Fueled by grief and vengeance, he embarks on a relentless quest to hunt down those responsible, showcasing his exceptional combat skills and determination."
      }
    ]
  },
  {
    "id": "100061",
    "image": "downloaded_images/Movies/John_Wick/image_20241107_114726_12.jpg",
    "conversations": [
      {
        "from": "human",
        "value": "<image>\nWhat is the name of this movie?"
      },
      {
        "from": "gpt",
        "value": "The title of the movie is \"John Wick.\""
      }
    ]
  },
  {
    "id": "100062",
    "image": "downloaded_images/Movies/John_Wick/image_20241107_114950_28.jpg",
    "conversations": [
      {
        "from": "human",
        "value": "<image>\nWhat is the name of this movie?"
      },
      {
        "from": "gpt",
        "value": "The title of the movie is \"John Wick.\""
      }
    ]
  },
  {
    "id": "100063",
    "image": "downloaded_images/Movies/John_Wick/image_20241107_114634_6.jpg",
    "conversations": [
      {
        "from": "human",
        "value": "<image>\nWhat is the name of this movie?"
      },
      {
        "from": "gpt",
        "value": "The title of the movie is \"John Wick.\""
      }
    ]
  },
  {
    "id": "100064",
    "image": "downloaded_images/Movies/John_Wick/image_20241107_114700_9.jpg",
    "conversations": [
      {
        "from": "human",
        "value": "<image>\nWhat is the name of this movie?"
      },
      {
        "from": "gpt",
        "value": "The title of the movie is \"John Wick.\""
      }
    ]
  },
  {
    "id": "100065",
    "image": "downloaded_images/Movies/John_Wick/image_20241018_142053_19.jpg",
    "conversations": [
      {
        "from": "human",
        "value": "<image>\nWhat is the name of this movie?"
      },
      {
        "from": "gpt",
        "value": "The title of the movie is \"John Wick.\""
      }
    ]
  },
  {
    "id": "100066",
    "image": "downloaded_images/Movies/John_Wick/image_20241107_114906_23.jpg",
    "conversations": [
      {
        "from": "human",
        "value": "<image>\nWhen did this movie come out?"
      },
      {
        "from": "gpt",
        "value": "\"John Wick\" was released on October 24, 2014."
      }
    ]
  },
  {
    "id": "100067",
    "image": "downloaded_images/Movies/John_Wick/image_20241107_114547_1.jpg",
    "conversations": [
      {
        "from": "human",
        "value": "<image>\nWhen did this movie come out?"
      },
      {
        "from": "gpt",
        "value": "\"John Wick\" was released on October 24, 2014."
      }
    ]
  },
  {
    "id": "100068",
    "image": "downloaded_images/Movies/John_Wick/image_20241107_114950_28.jpg",
    "conversations": [
      {
        "from": "human",
        "value": "<image>\nWhen did this movie come out?"
      },
      {
        "from": "gpt",
        "value": "\"John Wick\" was released on October 24, 2014."
      }
    ]
  },
  {
    "id": "100069",
    "image": "downloaded_images/Movies/John_Wick/image_20241107_114652_8.jpg",
    "conversations": [
      {
        "from": "human",
        "value": "<image>\nWhen did this movie come out?"
      },
      {
        "from": "gpt",
        "value": "\"John Wick\" was released on October 24, 2014."
      }
    ]
  },
  {
    "id": "100070",
    "image": "downloaded_images/Movies/John_Wick/image_20241107_114915_24.jpg",
    "conversations": [
      {
        "from": "human",
        "value": "<image>\nWhen did this movie come out?"
      },
      {
        "from": "gpt",
        "value": "\"John Wick\" was released on October 24, 2014."
      }
    ]
  },
  {
    "id": "100071",
    "image": "downloaded_images/Movies/John_Wick/image_20241107_114803_16.jpg",
    "conversations": [
      {
        "from": "human",
        "value": "<image>\nWho are the lead actors or actresses in this movie?"
      },
      {
        "from": "gpt",
        "value": "The main actors in \"John Wick\" include Keanu Reeves (as John Wick), Michael Nyqvist (as Viggo Tarasov), Alfie Allen (as Iosef Tarasov), and Willem Dafoe (as Marcus)."
      }
    ]
  },
  {
    "id": "100072",
    "image": "downloaded_images/Movies/John_Wick/image_20241018_141837_3.jpg",
    "conversations": [
      {
        "from": "human",
        "value": "<image>\nWho are the lead actors or actresses in this movie?"
      },
      {
        "from": "gpt",
        "value": "The main actors in \"John Wick\" include Keanu Reeves (as John Wick), Michael Nyqvist (as Viggo Tarasov), Alfie Allen (as Iosef Tarasov), and Willem Dafoe (as Marcus)."
      }
    ]
  },
  {
    "id": "100073",
    "image": "downloaded_images/Movies/John_Wick/image_20241018_142037_17.jpg",
    "conversations": [
      {
        "from": "human",
        "value": "<image>\nWho are the lead actors or actresses in this movie?"
      },
      {
        "from": "gpt",
        "value": "The main actors in \"John Wick\" include Keanu Reeves (as John Wick), Michael Nyqvist (as Viggo Tarasov), Alfie Allen (as Iosef Tarasov), and Willem Dafoe (as Marcus)."
      }
    ]
  },
  {
    "id": "100074",
    "image": "downloaded_images/Movies/John_Wick/image_20241107_114615_4.jpg",
    "conversations": [
      {
        "from": "human",
        "value": "<image>\nWho are the lead actors or actresses in this movie?"
      },
      {
        "from": "gpt",
        "value": "The main actors in \"John Wick\" include Keanu Reeves (as John Wick), Michael Nyqvist (as Viggo Tarasov), Alfie Allen (as Iosef Tarasov), and Willem Dafoe (as Marcus)."
      }
    ]
  },
  {
    "id": "100075",
    "image": "downloaded_images/Movies/John_Wick/image_20241107_115021_29.jpg",
    "conversations": [
      {
        "from": "human",
        "value": "<image>\nWho are the lead actors or actresses in this movie?"
      },
      {
        "from": "gpt",
        "value": "The main actors in \"John Wick\" include Keanu Reeves (as John Wick), Michael Nyqvist (as Viggo Tarasov), Alfie Allen (as Iosef Tarasov), and Willem Dafoe (as Marcus)."
      }
    ]
  },
  {
    "id": "100076",
    "image": "downloaded_images/Movies/John_Wick/image_20241107_114906_23.jpg",
    "conversations": [
      {
        "from": "human",
        "value": "<image>\nWhat is the main plot or storyline of this movie?"
      },
      {
        "from": "gpt",
        "value": "The central plot of \"John Wick\" revolves around a retired hitman named John Wick who is mourning the death of his wife. After a group of gangsters break into his home, steal his car, and kill his beloved puppy (a final gift from his wife), John is drawn back into the violent world he left behind. Fueled by grief and vengeance, he embarks on a relentless quest to hunt down those responsible, showcasing his exceptional combat skills and determination."
      }
    ]
  },
  {
    "id": "100077",
    "image": "downloaded_images/Movies/John_Wick/image_20241018_141827_2.jpg",
    "conversations": [
      {
        "from": "human",
        "value": "<image>\nWhat is the main plot or storyline of this movie?"
      },
      {
        "from": "gpt",
        "value": "The central plot of \"John Wick\" revolves around a retired hitman named John Wick who is mourning the death of his wife. After a group of gangsters break into his home, steal his car, and kill his beloved puppy (a final gift from his wife), John is drawn back into the violent world he left behind. Fueled by grief and vengeance, he embarks on a relentless quest to hunt down those responsible, showcasing his exceptional combat skills and determination."
      }
    ]
  },
  {
    "id": "100078",
    "image": "downloaded_images/Movies/John_Wick/image_20241107_114812_17.jpg",
    "conversations": [
      {
        "from": "human",
        "value": "<image>\nWhat is the main plot or storyline of this movie?"
      },
      {
        "from": "gpt",
        "value": "The central plot of \"John Wick\" revolves around a retired hitman named John Wick who is mourning the death of his wife. After a group of gangsters break into his home, steal his car, and kill his beloved puppy (a final gift from his wife), John is drawn back into the violent world he left behind. Fueled by grief and vengeance, he embarks on a relentless quest to hunt down those responsible, showcasing his exceptional combat skills and determination."
      }
    ]
  },
  {
    "id": "100079",
    "image": "downloaded_images/Movies/John_Wick/image_20241018_141955_12.jpg",
    "conversations": [
      {
        "from": "human",
        "value": "<image>\nWhat is the main plot or storyline of this movie?"
      },
      {
        "from": "gpt",
        "value": "The central plot of \"John Wick\" revolves around a retired hitman named John Wick who is mourning the death of his wife. After a group of gangsters break into his home, steal his car, and kill his beloved puppy (a final gift from his wife), John is drawn back into the violent world he left behind. Fueled by grief and vengeance, he embarks on a relentless quest to hunt down those responsible, showcasing his exceptional combat skills and determination."
      }
    ]
  },
  {
    "id": "100080",
    "image": "downloaded_images/Movies/John_Wick/image_20241107_114857_22.jpg",
    "conversations": [
      {
        "from": "human",
        "value": "<image>\nWhat is the main plot or storyline of this movie?"
      },
      {
        "from": "gpt",
        "value": "The central plot of \"John Wick\" revolves around a retired hitman named John Wick who is mourning the death of his wife. After a group of gangsters break into his home, steal his car, and kill his beloved puppy (a final gift from his wife), John is drawn back into the violent world he left behind. Fueled by grief and vengeance, he embarks on a relentless quest to hunt down those responsible, showcasing his exceptional combat skills and determination."
      }
    ]
  },
  {
    "id": "200057",
    "image": "downloaded_images/Movies/John_Wick/image_20241107_114615_4.jpg",
    "conversations": [
      {
        "from": "human",
        "value": "<image>\nWhat is the title of this film?"
      },
      {
        "from": "gpt",
        "value": "The title of the movie is \"John Wick.\""
      }
    ]
  },
  {
    "id": "200058",
    "image": "downloaded_images/Movies/John_Wick/image_20241107_114615_4.jpg",
    "conversations": [
      {
        "from": "human",
        "value": "<image>\nWhat year was this film released?"
      },
      {
        "from": "gpt",
        "value": "\"John Wick\" was released on October 24, 2014."
      }
    ]
  },
  {
    "id": "200059",
    "image": "downloaded_images/Movies/John_Wick/image_20241107_114547_1.jpg",
    "conversations": [
      {
        "from": "human",
        "value": "<image>\nWho plays the main roles in this film?"
      },
      {
        "from": "gpt",
        "value": "The main actors in \"John Wick\" include Keanu Reeves (as John Wick), Michael Nyqvist (as Viggo Tarasov), Alfie Allen (as Iosef Tarasov), and Willem Dafoe (as Marcus)."
      }
    ]
  },
  {
    "id": "200060",
    "image": "downloaded_images/Movies/John_Wick/image_20241107_114547_1.jpg",
    "conversations": [
      {
        "from": "human",
        "value": "<image>\nWhat is the central theme of this film?"
      },
      {
        "from": "gpt",
        "value": "The central plot of \"John Wick\" revolves around a retired hitman named John Wick who is mourning the death of his wife. After a group of gangsters break into his home, steal his car, and kill his beloved puppy (a final gift from his wife), John is drawn back into the violent world he left behind. Fueled by grief and vengeance, he embarks on a relentless quest to hunt down those responsible, showcasing his exceptional combat skills and determination."
      }
    ]
  },
  {
    "id": "200061",
    "image": "downloaded_images/Movies/John_Wick/image_20241107_114726_12.jpg",
    "conversations": [
      {
        "from": "human",
        "value": "<image>\nWhat is the title of this film?"
      },
      {
        "from": "gpt",
        "value": "The title of the movie is \"John Wick.\""
      }
    ]
  },
  {
    "id": "200062",
    "image": "downloaded_images/Movies/John_Wick/image_20241107_114950_28.jpg",
    "conversations": [
      {
        "from": "human",
        "value": "<image>\nWhat is the title of this film?"
      },
      {
        "from": "gpt",
        "value": "The title of the movie is \"John Wick.\""
      }
    ]
  },
  {
    "id": "200063",
    "image": "downloaded_images/Movies/John_Wick/image_20241107_114634_6.jpg",
    "conversations": [
      {
        "from": "human",
        "value": "<image>\nWhat is the title of this film?"
      },
      {
        "from": "gpt",
        "value": "The title of the movie is \"John Wick.\""
      }
    ]
  },
  {
    "id": "200064",
    "image": "downloaded_images/Movies/John_Wick/image_20241107_114700_9.jpg",
    "conversations": [
      {
        "from": "human",
        "value": "<image>\nWhat is the title of this film?"
      },
      {
        "from": "gpt",
        "value": "The title of the movie is \"John Wick.\""
      }
    ]
  },
  {
    "id": "200065",
    "image": "downloaded_images/Movies/John_Wick/image_20241018_142053_19.jpg",
    "conversations": [
      {
        "from": "human",
        "value": "<image>\nWhat is the title of this film?"
      },
      {
        "from": "gpt",
        "value": "The title of the movie is \"John Wick.\""
      }
    ]
  },
  {
    "id": "200066",
    "image": "downloaded_images/Movies/John_Wick/image_20241107_114906_23.jpg",
    "conversations": [
      {
        "from": "human",
        "value": "<image>\nWhat year was this film released?"
      },
      {
        "from": "gpt",
        "value": "\"John Wick\" was released on October 24, 2014."
      }
    ]
  },
  {
    "id": "200067",
    "image": "downloaded_images/Movies/John_Wick/image_20241107_114547_1.jpg",
    "conversations": [
      {
        "from": "human",
        "value": "<image>\nWhat year was this film released?"
      },
      {
        "from": "gpt",
        "value": "\"John Wick\" was released on October 24, 2014."
      }
    ]
  },
  {
    "id": "200068",
    "image": "downloaded_images/Movies/John_Wick/image_20241107_114950_28.jpg",
    "conversations": [
      {
        "from": "human",
        "value": "<image>\nWhat year was this film released?"
      },
      {
        "from": "gpt",
        "value": "\"John Wick\" was released on October 24, 2014."
      }
    ]
  },
  {
    "id": "200069",
    "image": "downloaded_images/Movies/John_Wick/image_20241107_114652_8.jpg",
    "conversations": [
      {
        "from": "human",
        "value": "<image>\nWhat year was this film released?"
      },
      {
        "from": "gpt",
        "value": "\"John Wick\" was released on October 24, 2014."
      }
    ]
  },
  {
    "id": "200070",
    "image": "downloaded_images/Movies/John_Wick/image_20241107_114915_24.jpg",
    "conversations": [
      {
        "from": "human",
        "value": "<image>\nWhat year was this film released?"
      },
      {
        "from": "gpt",
        "value": "\"John Wick\" was released on October 24, 2014."
      }
    ]
  },
  {
    "id": "200071",
    "image": "downloaded_images/Movies/John_Wick/image_20241107_114803_16.jpg",
    "conversations": [
      {
        "from": "human",
        "value": "<image>\nWho plays the main roles in this film?"
      },
      {
        "from": "gpt",
        "value": "The main actors in \"John Wick\" include Keanu Reeves (as John Wick), Michael Nyqvist (as Viggo Tarasov), Alfie Allen (as Iosef Tarasov), and Willem Dafoe (as Marcus)."
      }
    ]
  },
  {
    "id": "200072",
    "image": "downloaded_images/Movies/John_Wick/image_20241018_141837_3.jpg",
    "conversations": [
      {
        "from": "human",
        "value": "<image>\nWho plays the main roles in this film?"
      },
      {
        "from": "gpt",
        "value": "The main actors in \"John Wick\" include Keanu Reeves (as John Wick), Michael Nyqvist (as Viggo Tarasov), Alfie Allen (as Iosef Tarasov), and Willem Dafoe (as Marcus)."
      }
    ]
  },
  {
    "id": "200073",
    "image": "downloaded_images/Movies/John_Wick/image_20241018_142037_17.jpg",
    "conversations": [
      {
        "from": "human",
        "value": "<image>\nWho plays the main roles in this film?"
      },
      {
        "from": "gpt",
        "value": "The main actors in \"John Wick\" include Keanu Reeves (as John Wick), Michael Nyqvist (as Viggo Tarasov), Alfie Allen (as Iosef Tarasov), and Willem Dafoe (as Marcus)."
      }
    ]
  },
  {
    "id": "200074",
    "image": "downloaded_images/Movies/John_Wick/image_20241107_114615_4.jpg",
    "conversations": [
      {
        "from": "human",
        "value": "<image>\nWho plays the main roles in this film?"
      },
      {
        "from": "gpt",
        "value": "The main actors in \"John Wick\" include Keanu Reeves (as John Wick), Michael Nyqvist (as Viggo Tarasov), Alfie Allen (as Iosef Tarasov), and Willem Dafoe (as Marcus)."
      }
    ]
  },
  {
    "id": "200075",
    "image": "downloaded_images/Movies/John_Wick/image_20241107_115021_29.jpg",
    "conversations": [
      {
        "from": "human",
        "value": "<image>\nWho plays the main roles in this film?"
      },
      {
        "from": "gpt",
        "value": "The main actors in \"John Wick\" include Keanu Reeves (as John Wick), Michael Nyqvist (as Viggo Tarasov), Alfie Allen (as Iosef Tarasov), and Willem Dafoe (as Marcus)."
      }
    ]
  },
  {
    "id": "200076",
    "image": "downloaded_images/Movies/John_Wick/image_20241107_114906_23.jpg",
    "conversations": [
      {
        "from": "human",
        "value": "<image>\nWhat is the central theme of this film?"
      },
      {
        "from": "gpt",
        "value": "The central plot of \"John Wick\" revolves around a retired hitman named John Wick who is mourning the death of his wife. After a group of gangsters break into his home, steal his car, and kill his beloved puppy (a final gift from his wife), John is drawn back into the violent world he left behind. Fueled by grief and vengeance, he embarks on a relentless quest to hunt down those responsible, showcasing his exceptional combat skills and determination."
      }
    ]
  },
  {
    "id": "200077",
    "image": "downloaded_images/Movies/John_Wick/image_20241018_141827_2.jpg",
    "conversations": [
      {
        "from": "human",
        "value": "<image>\nWhat is the central theme of this film?"
      },
      {
        "from": "gpt",
        "value": "The central plot of \"John Wick\" revolves around a retired hitman named John Wick who is mourning the death of his wife. After a group of gangsters break into his home, steal his car, and kill his beloved puppy (a final gift from his wife), John is drawn back into the violent world he left behind. Fueled by grief and vengeance, he embarks on a relentless quest to hunt down those responsible, showcasing his exceptional combat skills and determination."
      }
    ]
  },
  {
    "id": "200078",
    "image": "downloaded_images/Movies/John_Wick/image_20241107_114812_17.jpg",
    "conversations": [
      {
        "from": "human",
        "value": "<image>\nWhat is the central theme of this film?"
      },
      {
        "from": "gpt",
        "value": "The central plot of \"John Wick\" revolves around a retired hitman named John Wick who is mourning the death of his wife. After a group of gangsters break into his home, steal his car, and kill his beloved puppy (a final gift from his wife), John is drawn back into the violent world he left behind. Fueled by grief and vengeance, he embarks on a relentless quest to hunt down those responsible, showcasing his exceptional combat skills and determination."
      }
    ]
  },
  {
    "id": "200079",
    "image": "downloaded_images/Movies/John_Wick/image_20241018_141955_12.jpg",
    "conversations": [
      {
        "from": "human",
        "value": "<image>\nWhat is the central theme of this film?"
      },
      {
        "from": "gpt",
        "value": "The central plot of \"John Wick\" revolves around a retired hitman named John Wick who is mourning the death of his wife. After a group of gangsters break into his home, steal his car, and kill his beloved puppy (a final gift from his wife), John is drawn back into the violent world he left behind. Fueled by grief and vengeance, he embarks on a relentless quest to hunt down those responsible, showcasing his exceptional combat skills and determination."
      }
    ]
  },
  {
    "id": "200080",
    "image": "downloaded_images/Movies/John_Wick/image_20241107_114857_22.jpg",
    "conversations": [
      {
        "from": "human",
        "value": "<image>\nWhat is the central theme of this film?"
      },
      {
        "from": "gpt",
        "value": "The central plot of \"John Wick\" revolves around a retired hitman named John Wick who is mourning the death of his wife. After a group of gangsters break into his home, steal his car, and kill his beloved puppy (a final gift from his wife), John is drawn back into the violent world he left behind. Fueled by grief and vengeance, he embarks on a relentless quest to hunt down those responsible, showcasing his exceptional combat skills and determination."
      }
    ]
  },
  {
    "id": "300057",
    "image": "downloaded_images/Movies/John_Wick/image_20241107_114615_4.jpg",
    "conversations": [
      {
        "from": "human",
        "value": "<image>\nHow is this movie referred to?"
      },
      {
        "from": "gpt",
        "value": "The title of the movie is \"John Wick.\""
      }
    ]
  },
  {
    "id": "300058",
    "image": "downloaded_images/Movies/John_Wick/image_20241107_114615_4.jpg",
    "conversations": [
      {
        "from": "human",
        "value": "<image>\nWhen was this movie first shown?"
      },
      {
        "from": "gpt",
        "value": "\"John Wick\" was released on October 24, 2014."
      }
    ]
  },
  {
    "id": "300059",
    "image": "downloaded_images/Movies/John_Wick/image_20241107_114547_1.jpg",
    "conversations": [
      {
        "from": "human",
        "value": "<image>\nWho are the primary cast members of this movie?"
      },
      {
        "from": "gpt",
        "value": "The main actors in \"John Wick\" include Keanu Reeves (as John Wick), Michael Nyqvist (as Viggo Tarasov), Alfie Allen (as Iosef Tarasov), and Willem Dafoe (as Marcus)."
      }
    ]
  },
  {
    "id": "300060",
    "image": "downloaded_images/Movies/John_Wick/image_20241107_114547_1.jpg",
    "conversations": [
      {
        "from": "human",
        "value": "<image>\nCan you summarize the plot of this movie?"
      },
      {
        "from": "gpt",
        "value": "The central plot of \"John Wick\" revolves around a retired hitman named John Wick who is mourning the death of his wife. After a group of gangsters break into his home, steal his car, and kill his beloved puppy (a final gift from his wife), John is drawn back into the violent world he left behind. Fueled by grief and vengeance, he embarks on a relentless quest to hunt down those responsible, showcasing his exceptional combat skills and determination."
      }
    ]
  },
  {
    "id": "300061",
    "image": "downloaded_images/Movies/John_Wick/image_20241107_114726_12.jpg",
    "conversations": [
      {
        "from": "human",
        "value": "<image>\nHow is this movie referred to?"
      },
      {
        "from": "gpt",
        "value": "The title of the movie is \"John Wick.\""
      }
    ]
  },
  {
    "id": "300062",
    "image": "downloaded_images/Movies/John_Wick/image_20241107_114950_28.jpg",
    "conversations": [
      {
        "from": "human",
        "value": "<image>\nHow is this movie referred to?"
      },
      {
        "from": "gpt",
        "value": "The title of the movie is \"John Wick.\""
      }
    ]
  },
  {
    "id": "300063",
    "image": "downloaded_images/Movies/John_Wick/image_20241107_114634_6.jpg",
    "conversations": [
      {
        "from": "human",
        "value": "<image>\nHow is this movie referred to?"
      },
      {
        "from": "gpt",
        "value": "The title of the movie is \"John Wick.\""
      }
    ]
  },
  {
    "id": "300064",
    "image": "downloaded_images/Movies/John_Wick/image_20241107_114700_9.jpg",
    "conversations": [
      {
        "from": "human",
        "value": "<image>\nHow is this movie referred to?"
      },
      {
        "from": "gpt",
        "value": "The title of the movie is \"John Wick.\""
      }
    ]
  },
  {
    "id": "300065",
    "image": "downloaded_images/Movies/John_Wick/image_20241018_142053_19.jpg",
    "conversations": [
      {
        "from": "human",
        "value": "<image>\nHow is this movie referred to?"
      },
      {
        "from": "gpt",
        "value": "The title of the movie is \"John Wick.\""
      }
    ]
  },
  {
    "id": "300066",
    "image": "downloaded_images/Movies/John_Wick/image_20241107_114906_23.jpg",
    "conversations": [
      {
        "from": "human",
        "value": "<image>\nWhen was this movie first shown?"
      },
      {
        "from": "gpt",
        "value": "\"John Wick\" was released on October 24, 2014."
      }
    ]
  },
  {
    "id": "300067",
    "image": "downloaded_images/Movies/John_Wick/image_20241107_114547_1.jpg",
    "conversations": [
      {
        "from": "human",
        "value": "<image>\nWhen was this movie first shown?"
      },
      {
        "from": "gpt",
        "value": "\"John Wick\" was released on October 24, 2014."
      }
    ]
  },
  {
    "id": "300068",
    "image": "downloaded_images/Movies/John_Wick/image_20241107_114950_28.jpg",
    "conversations": [
      {
        "from": "human",
        "value": "<image>\nWhen was this movie first shown?"
      },
      {
        "from": "gpt",
        "value": "\"John Wick\" was released on October 24, 2014."
      }
    ]
  },
  {
    "id": "300069",
    "image": "downloaded_images/Movies/John_Wick/image_20241107_114652_8.jpg",
    "conversations": [
      {
        "from": "human",
        "value": "<image>\nWhen was this movie first shown?"
      },
      {
        "from": "gpt",
        "value": "\"John Wick\" was released on October 24, 2014."
      }
    ]
  },
  {
    "id": "300070",
    "image": "downloaded_images/Movies/John_Wick/image_20241107_114915_24.jpg",
    "conversations": [
      {
        "from": "human",
        "value": "<image>\nWhen was this movie first shown?"
      },
      {
        "from": "gpt",
        "value": "\"John Wick\" was released on October 24, 2014."
      }
    ]
  },
  {
    "id": "300071",
    "image": "downloaded_images/Movies/John_Wick/image_20241107_114803_16.jpg",
    "conversations": [
      {
        "from": "human",
        "value": "<image>\nWho are the primary cast members of this movie?"
      },
      {
        "from": "gpt",
        "value": "The main actors in \"John Wick\" include Keanu Reeves (as John Wick), Michael Nyqvist (as Viggo Tarasov), Alfie Allen (as Iosef Tarasov), and Willem Dafoe (as Marcus)."
      }
    ]
  },
  {
    "id": "300072",
    "image": "downloaded_images/Movies/John_Wick/image_20241018_141837_3.jpg",
    "conversations": [
      {
        "from": "human",
        "value": "<image>\nWho are the primary cast members of this movie?"
      },
      {
        "from": "gpt",
        "value": "The main actors in \"John Wick\" include Keanu Reeves (as John Wick), Michael Nyqvist (as Viggo Tarasov), Alfie Allen (as Iosef Tarasov), and Willem Dafoe (as Marcus)."
      }
    ]
  },
  {
    "id": "300073",
    "image": "downloaded_images/Movies/John_Wick/image_20241018_142037_17.jpg",
    "conversations": [
      {
        "from": "human",
        "value": "<image>\nWho are the primary cast members of this movie?"
      },
      {
        "from": "gpt",
        "value": "The main actors in \"John Wick\" include Keanu Reeves (as John Wick), Michael Nyqvist (as Viggo Tarasov), Alfie Allen (as Iosef Tarasov), and Willem Dafoe (as Marcus)."
      }
    ]
  },
  {
    "id": "300074",
    "image": "downloaded_images/Movies/John_Wick/image_20241107_114615_4.jpg",
    "conversations": [
      {
        "from": "human",
        "value": "<image>\nWho are the primary cast members of this movie?"
      },
      {
        "from": "gpt",
        "value": "The main actors in \"John Wick\" include Keanu Reeves (as John Wick), Michael Nyqvist (as Viggo Tarasov), Alfie Allen (as Iosef Tarasov), and Willem Dafoe (as Marcus)."
      }
    ]
  },
  {
    "id": "300075",
    "image": "downloaded_images/Movies/John_Wick/image_20241107_115021_29.jpg",
    "conversations": [
      {
        "from": "human",
        "value": "<image>\nWho are the primary cast members of this movie?"
      },
      {
        "from": "gpt",
        "value": "The main actors in \"John Wick\" include Keanu Reeves (as John Wick), Michael Nyqvist (as Viggo Tarasov), Alfie Allen (as Iosef Tarasov), and Willem Dafoe (as Marcus)."
      }
    ]
  },
  {
    "id": "300076",
    "image": "downloaded_images/Movies/John_Wick/image_20241107_114906_23.jpg",
    "conversations": [
      {
        "from": "human",
        "value": "<image>\nCan you summarize the plot of this movie?"
      },
      {
        "from": "gpt",
        "value": "The central plot of \"John Wick\" revolves around a retired hitman named John Wick who is mourning the death of his wife. After a group of gangsters break into his home, steal his car, and kill his beloved puppy (a final gift from his wife), John is drawn back into the violent world he left behind. Fueled by grief and vengeance, he embarks on a relentless quest to hunt down those responsible, showcasing his exceptional combat skills and determination."
      }
    ]
  },
  {
    "id": "300077",
    "image": "downloaded_images/Movies/John_Wick/image_20241018_141827_2.jpg",
    "conversations": [
      {
        "from": "human",
        "value": "<image>\nCan you summarize the plot of this movie?"
      },
      {
        "from": "gpt",
        "value": "The central plot of \"John Wick\" revolves around a retired hitman named John Wick who is mourning the death of his wife. After a group of gangsters break into his home, steal his car, and kill his beloved puppy (a final gift from his wife), John is drawn back into the violent world he left behind. Fueled by grief and vengeance, he embarks on a relentless quest to hunt down those responsible, showcasing his exceptional combat skills and determination."
      }
    ]
  },
  {
    "id": "300078",
    "image": "downloaded_images/Movies/John_Wick/image_20241107_114812_17.jpg",
    "conversations": [
      {
        "from": "human",
        "value": "<image>\nCan you summarize the plot of this movie?"
      },
      {
        "from": "gpt",
        "value": "The central plot of \"John Wick\" revolves around a retired hitman named John Wick who is mourning the death of his wife. After a group of gangsters break into his home, steal his car, and kill his beloved puppy (a final gift from his wife), John is drawn back into the violent world he left behind. Fueled by grief and vengeance, he embarks on a relentless quest to hunt down those responsible, showcasing his exceptional combat skills and determination."
      }
    ]
  },
  {
    "id": "300079",
    "image": "downloaded_images/Movies/John_Wick/image_20241018_141955_12.jpg",
    "conversations": [
      {
        "from": "human",
        "value": "<image>\nCan you summarize the plot of this movie?"
      },
      {
        "from": "gpt",
        "value": "The central plot of \"John Wick\" revolves around a retired hitman named John Wick who is mourning the death of his wife. After a group of gangsters break into his home, steal his car, and kill his beloved puppy (a final gift from his wife), John is drawn back into the violent world he left behind. Fueled by grief and vengeance, he embarks on a relentless quest to hunt down those responsible, showcasing his exceptional combat skills and determination."
      }
    ]
  },
  {
    "id": "300080",
    "image": "downloaded_images/Movies/John_Wick/image_20241107_114857_22.jpg",
    "conversations": [
      {
        "from": "human",
        "value": "<image>\nCan you summarize the plot of this movie?"
      },
      {
        "from": "gpt",
        "value": "The central plot of \"John Wick\" revolves around a retired hitman named John Wick who is mourning the death of his wife. After a group of gangsters break into his home, steal his car, and kill his beloved puppy (a final gift from his wife), John is drawn back into the violent world he left behind. Fueled by grief and vengeance, he embarks on a relentless quest to hunt down those responsible, showcasing his exceptional combat skills and determination."
      }
    ]
  },
  {
    "id": "400057",
    "image": "downloaded_images/Movies/John_Wick/image_20241107_114615_4.jpg",
    "conversations": [
      {
        "from": "human",
        "value": "<image>\nWhat do people call this film?"
      },
      {
        "from": "gpt",
        "value": "The title of the movie is \"John Wick.\""
      }
    ]
  },
  {
    "id": "400058",
    "image": "downloaded_images/Movies/John_Wick/image_20241107_114615_4.jpg",
    "conversations": [
      {
        "from": "human",
        "value": "<image>\nWhat is the release date of this film?"
      },
      {
        "from": "gpt",
        "value": "\"John Wick\" was released on October 24, 2014."
      }
    ]
  },
  {
    "id": "400059",
    "image": "downloaded_images/Movies/John_Wick/image_20241107_114547_1.jpg",
    "conversations": [
      {
        "from": "human",
        "value": "<image>\nWhich actors or actresses are featured prominently in this film?"
      },
      {
        "from": "gpt",
        "value": "The main actors in \"John Wick\" include Keanu Reeves (as John Wick), Michael Nyqvist (as Viggo Tarasov), Alfie Allen (as Iosef Tarasov), and Willem Dafoe (as Marcus)."
      }
    ]
  },
  {
    "id": "400060",
    "image": "downloaded_images/Movies/John_Wick/image_20241107_114547_1.jpg",
    "conversations": [
      {
        "from": "human",
        "value": "<image>\nWhat is the basic storyline of this film?"
      },
      {
        "from": "gpt",
        "value": "The central plot of \"John Wick\" revolves around a retired hitman named John Wick who is mourning the death of his wife. After a group of gangsters break into his home, steal his car, and kill his beloved puppy (a final gift from his wife), John is drawn back into the violent world he left behind. Fueled by grief and vengeance, he embarks on a relentless quest to hunt down those responsible, showcasing his exceptional combat skills and determination."
      }
    ]
  },
  {
    "id": "400061",
    "image": "downloaded_images/Movies/John_Wick/image_20241107_114726_12.jpg",
    "conversations": [
      {
        "from": "human",
        "value": "<image>\nWhat do people call this film?"
      },
      {
        "from": "gpt",
        "value": "The title of the movie is \"John Wick.\""
      }
    ]
  },
  {
    "id": "400062",
    "image": "downloaded_images/Movies/John_Wick/image_20241107_114950_28.jpg",
    "conversations": [
      {
        "from": "human",
        "value": "<image>\nWhat do people call this film?"
      },
      {
        "from": "gpt",
        "value": "The title of the movie is \"John Wick.\""
      }
    ]
  },
  {
    "id": "400063",
    "image": "downloaded_images/Movies/John_Wick/image_20241107_114634_6.jpg",
    "conversations": [
      {
        "from": "human",
        "value": "<image>\nWhat do people call this film?"
      },
      {
        "from": "gpt",
        "value": "The title of the movie is \"John Wick.\""
      }
    ]
  },
  {
    "id": "400064",
    "image": "downloaded_images/Movies/John_Wick/image_20241107_114700_9.jpg",
    "conversations": [
      {
        "from": "human",
        "value": "<image>\nWhat do people call this film?"
      },
      {
        "from": "gpt",
        "value": "The title of the movie is \"John Wick.\""
      }
    ]
  },
  {
    "id": "400065",
    "image": "downloaded_images/Movies/John_Wick/image_20241018_142053_19.jpg",
    "conversations": [
      {
        "from": "human",
        "value": "<image>\nWhat do people call this film?"
      },
      {
        "from": "gpt",
        "value": "The title of the movie is \"John Wick.\""
      }
    ]
  },
  {
    "id": "400066",
    "image": "downloaded_images/Movies/John_Wick/image_20241107_114906_23.jpg",
    "conversations": [
      {
        "from": "human",
        "value": "<image>\nWhat is the release date of this film?"
      },
      {
        "from": "gpt",
        "value": "\"John Wick\" was released on October 24, 2014."
      }
    ]
  },
  {
    "id": "400067",
    "image": "downloaded_images/Movies/John_Wick/image_20241107_114547_1.jpg",
    "conversations": [
      {
        "from": "human",
        "value": "<image>\nWhat is the release date of this film?"
      },
      {
        "from": "gpt",
        "value": "\"John Wick\" was released on October 24, 2014."
      }
    ]
  },
  {
    "id": "400068",
    "image": "downloaded_images/Movies/John_Wick/image_20241107_114950_28.jpg",
    "conversations": [
      {
        "from": "human",
        "value": "<image>\nWhat is the release date of this film?"
      },
      {
        "from": "gpt",
        "value": "\"John Wick\" was released on October 24, 2014."
      }
    ]
  },
  {
    "id": "400069",
    "image": "downloaded_images/Movies/John_Wick/image_20241107_114652_8.jpg",
    "conversations": [
      {
        "from": "human",
        "value": "<image>\nWhat is the release date of this film?"
      },
      {
        "from": "gpt",
        "value": "\"John Wick\" was released on October 24, 2014."
      }
    ]
  },
  {
    "id": "400070",
    "image": "downloaded_images/Movies/John_Wick/image_20241107_114915_24.jpg",
    "conversations": [
      {
        "from": "human",
        "value": "<image>\nWhat is the release date of this film?"
      },
      {
        "from": "gpt",
        "value": "\"John Wick\" was released on October 24, 2014."
      }
    ]
  },
  {
    "id": "400071",
    "image": "downloaded_images/Movies/John_Wick/image_20241107_114803_16.jpg",
    "conversations": [
      {
        "from": "human",
        "value": "<image>\nWhich actors or actresses are featured prominently in this film?"
      },
      {
        "from": "gpt",
        "value": "The main actors in \"John Wick\" include Keanu Reeves (as John Wick), Michael Nyqvist (as Viggo Tarasov), Alfie Allen (as Iosef Tarasov), and Willem Dafoe (as Marcus)."
      }
    ]
  },
  {
    "id": "400072",
    "image": "downloaded_images/Movies/John_Wick/image_20241018_141837_3.jpg",
    "conversations": [
      {
        "from": "human",
        "value": "<image>\nWhich actors or actresses are featured prominently in this film?"
      },
      {
        "from": "gpt",
        "value": "The main actors in \"John Wick\" include Keanu Reeves (as John Wick), Michael Nyqvist (as Viggo Tarasov), Alfie Allen (as Iosef Tarasov), and Willem Dafoe (as Marcus)."
      }
    ]
  },
  {
    "id": "400073",
    "image": "downloaded_images/Movies/John_Wick/image_20241018_142037_17.jpg",
    "conversations": [
      {
        "from": "human",
        "value": "<image>\nWhich actors or actresses are featured prominently in this film?"
      },
      {
        "from": "gpt",
        "value": "The main actors in \"John Wick\" include Keanu Reeves (as John Wick), Michael Nyqvist (as Viggo Tarasov), Alfie Allen (as Iosef Tarasov), and Willem Dafoe (as Marcus)."
      }
    ]
  },
  {
    "id": "400074",
    "image": "downloaded_images/Movies/John_Wick/image_20241107_114615_4.jpg",
    "conversations": [
      {
        "from": "human",
        "value": "<image>\nWhich actors or actresses are featured prominently in this film?"
      },
      {
        "from": "gpt",
        "value": "The main actors in \"John Wick\" include Keanu Reeves (as John Wick), Michael Nyqvist (as Viggo Tarasov), Alfie Allen (as Iosef Tarasov), and Willem Dafoe (as Marcus)."
      }
    ]
  },
  {
    "id": "400075",
    "image": "downloaded_images/Movies/John_Wick/image_20241107_115021_29.jpg",
    "conversations": [
      {
        "from": "human",
        "value": "<image>\nWhich actors or actresses are featured prominently in this film?"
      },
      {
        "from": "gpt",
        "value": "The main actors in \"John Wick\" include Keanu Reeves (as John Wick), Michael Nyqvist (as Viggo Tarasov), Alfie Allen (as Iosef Tarasov), and Willem Dafoe (as Marcus)."
      }
    ]
  },
  {
    "id": "400076",
    "image": "downloaded_images/Movies/John_Wick/image_20241107_114906_23.jpg",
    "conversations": [
      {
        "from": "human",
        "value": "<image>\nWhat is the basic storyline of this film?"
      },
      {
        "from": "gpt",
        "value": "The central plot of \"John Wick\" revolves around a retired hitman named John Wick who is mourning the death of his wife. After a group of gangsters break into his home, steal his car, and kill his beloved puppy (a final gift from his wife), John is drawn back into the violent world he left behind. Fueled by grief and vengeance, he embarks on a relentless quest to hunt down those responsible, showcasing his exceptional combat skills and determination."
      }
    ]
  },
  {
    "id": "400077",
    "image": "downloaded_images/Movies/John_Wick/image_20241018_141827_2.jpg",
    "conversations": [
      {
        "from": "human",
        "value": "<image>\nWhat is the basic storyline of this film?"
      },
      {
        "from": "gpt",
        "value": "The central plot of \"John Wick\" revolves around a retired hitman named John Wick who is mourning the death of his wife. After a group of gangsters break into his home, steal his car, and kill his beloved puppy (a final gift from his wife), John is drawn back into the violent world he left behind. Fueled by grief and vengeance, he embarks on a relentless quest to hunt down those responsible, showcasing his exceptional combat skills and determination."
      }
    ]
  },
  {
    "id": "400078",
    "image": "downloaded_images/Movies/John_Wick/image_20241107_114812_17.jpg",
    "conversations": [
      {
        "from": "human",
        "value": "<image>\nWhat is the basic storyline of this film?"
      },
      {
        "from": "gpt",
        "value": "The central plot of \"John Wick\" revolves around a retired hitman named John Wick who is mourning the death of his wife. After a group of gangsters break into his home, steal his car, and kill his beloved puppy (a final gift from his wife), John is drawn back into the violent world he left behind. Fueled by grief and vengeance, he embarks on a relentless quest to hunt down those responsible, showcasing his exceptional combat skills and determination."
      }
    ]
  },
  {
    "id": "400079",
    "image": "downloaded_images/Movies/John_Wick/image_20241018_141955_12.jpg",
    "conversations": [
      {
        "from": "human",
        "value": "<image>\nWhat is the basic storyline of this film?"
      },
      {
        "from": "gpt",
        "value": "The central plot of \"John Wick\" revolves around a retired hitman named John Wick who is mourning the death of his wife. After a group of gangsters break into his home, steal his car, and kill his beloved puppy (a final gift from his wife), John is drawn back into the violent world he left behind. Fueled by grief and vengeance, he embarks on a relentless quest to hunt down those responsible, showcasing his exceptional combat skills and determination."
      }
    ]
  },
  {
    "id": "400080",
    "image": "downloaded_images/Movies/John_Wick/image_20241107_114857_22.jpg",
    "conversations": [
      {
        "from": "human",
        "value": "<image>\nWhat is the basic storyline of this film?"
      },
      {
        "from": "gpt",
        "value": "The central plot of \"John Wick\" revolves around a retired hitman named John Wick who is mourning the death of his wife. After a group of gangsters break into his home, steal his car, and kill his beloved puppy (a final gift from his wife), John is drawn back into the violent world he left behind. Fueled by grief and vengeance, he embarks on a relentless quest to hunt down those responsible, showcasing his exceptional combat skills and determination."
      }
    ]
  }
]