[
  {
    "id": "47",
    "image": "downloaded_images/Plants/Onion/image_20241018_183603_11.jpg",
    "conversations": [
      {
        "from": "human",
        "value": "<image>\nWhat is the common name of this plant?"
      },
      {
        "from": "gpt",
        "value": "The common name of this plant is Onion."
      }
    ]
  },
  {
    "id": "48",
    "image": "downloaded_images/Plants/Onion/image_20241018_183635_15.jpg",
    "conversations": [
      {
        "from": "human",
        "value": "<image>\nTo which family or genus does it belong?"
      },
      {
        "from": "gpt",
        "value": "The onion belongs to the genus Allium and is part of the Amaryllidaceae family."
      }
    ]
  },
  {
    "id": "49",
    "image": "downloaded_images/Plants/Onion/image_20241018_183603_11.jpg",
    "conversations": [
      {
        "from": "human",
        "value": "<image>\nHow does it reproduce (seeds, cuttings, runners)?"
      },
      {
        "from": "gpt",
        "value": "Onions primarily reproduce through seeds, but they can also be propagated through bulb division or sets (small bulbs)."
      }
    ]
  },
  {
    "id": "50",
    "image": "downloaded_images/Plants/Onion/image_20241018_183710_19.jpg",
    "conversations": [
      {
        "from": "human",
        "value": "<image>\nIs it native to a specific region or found globally?"
      },
      {
        "from": "gpt",
        "value": "Onions are believed to be native to Central Asia, particularly Iran and Pakistan, but they are now cultivated globally in many regions."
      }
    ]
  },
  {
    "id": "51",
    "image": "downloaded_images/Plants/Onion/image_20241018_183523_6.jpg",
    "conversations": [
      {
        "from": "human",
        "value": "<image>\nHow does it grow (e.g., tree, shrub, herb)?"
      },
      {
        "from": "gpt",
        "value": "The onion grows as a herbaceous plant, typically forming a bulb underground and producing green leaves above ground."
      }
    ]
  },
  {
    "id": "52",
    "image": "downloaded_images/Plants/Onion/image_20241018_183540_8.jpg",
    "conversations": [
      {
        "from": "human",
        "value": "<image>\nWhat is the common name of this plant?"
      },
      {
        "from": "gpt",
        "value": "The common name of this plant is Onion."
      }
    ]
  },
  {
    "id": "53",
    "image": "downloaded_images/Plants/Onion/image_20241107_194528_14.jpg",
    "conversations": [
      {
        "from": "human",
        "value": "<image>\nWhat is the common name of this plant?"
      },
      {
        "from": "gpt",
        "value": "The common name of this plant is Onion."
      }
    ]
  },
  {
    "id": "54",
    "image": "downloaded_images/Plants/Onion/image_20241107_194623_20.jpg",
    "conversations": [
      {
        "from": "human",
        "value": "<image>\nWhat is the common name of this plant?"
      },
      {
        "from": "gpt",
        "value": "The common name of this plant is Onion."
      }
    ]
  },
  {
    "id": "55",
    "image": "downloaded_images/Plants/Onion/image_20241107_194632_21.jpg",
    "conversations": [
      {
        "from": "human",
        "value": "<image>\nWhat is the common name of this plant?"
      },
      {
        "from": "gpt",
        "value": "The common name of this plant is Onion."
      }
    ]
  },
  {
    "id": "56",
    "image": "downloaded_images/Plants/Onion/image_20241107_194357_4.jpg",
    "conversations": [
      {
        "from": "human",
        "value": "<image>\nWhat is the common name of this plant?"
      },
      {
        "from": "gpt",
        "value": "The common name of this plant is Onion."
      }
    ]
  },
  {
    "id": "57",
    "image": "downloaded_images/Plants/Onion/image_20241107_194632_21.jpg",
    "conversations": [
      {
        "from": "human",
        "value": "<image>\nTo which family or genus does it belong?"
      },
      {
        "from": "gpt",
        "value": "The onion belongs to the genus Allium and is part of the Amaryllidaceae family."
      }
    ]
  },
  {
    "id": "58",
    "image": "downloaded_images/Plants/Onion/image_20241018_183515_5.jpg",
    "conversations": [
      {
        "from": "human",
        "value": "<image>\nTo which family or genus does it belong?"
      },
      {
        "from": "gpt",
        "value": "The onion belongs to the genus Allium and is part of the Amaryllidaceae family."
      }
    ]
  },
  {
    "id": "59",
    "image": "downloaded_images/Plants/Onion/image_20241018_183603_11.jpg",
    "conversations": [
      {
        "from": "human",
        "value": "<image>\nTo which family or genus does it belong?"
      },
      {
        "from": "gpt",
        "value": "The onion belongs to the genus Allium and is part of the Amaryllidaceae family."
      }
    ]
  },
  {
    "id": "60",
    "image": "downloaded_images/Plants/Onion/image_20241107_194459_11.jpg",
    "conversations": [
      {
        "from": "human",
        "value": "<image>\nTo which family or genus does it belong?"
      },
      {
        "from": "gpt",
        "value": "The onion belongs to the genus Allium and is part of the Amaryllidaceae family."
      }
    ]
  },
  {
    "id": "61",
    "image": "downloaded_images/Plants/Onion/image_20241107_194707_25.jpg",
    "conversations": [
      {
        "from": "human",
        "value": "<image>\nTo which family or genus does it belong?"
      },
      {
        "from": "gpt",
        "value": "The onion belongs to the genus Allium and is part of the Amaryllidaceae family."
      }
    ]
  },
  {
    "id": "62",
    "image": "downloaded_images/Plants/Onion/image_20241107_194623_20.jpg",
    "conversations": [
      {
        "from": "human",
        "value": "<image>\nHow does it reproduce (seeds, cuttings, runners)?"
      },
      {
        "from": "gpt",
        "value": "Onions primarily reproduce through seeds, but they can also be propagated through bulb division or sets (small bulbs)."
      }
    ]
  },
  {
    "id": "63",
    "image": "downloaded_images/Plants/Onion/image_20241018_183626_14.jpg",
    "conversations": [
      {
        "from": "human",
        "value": "<image>\nHow does it reproduce (seeds, cuttings, runners)?"
      },
      {
        "from": "gpt",
        "value": "Onions primarily reproduce through seeds, but they can also be propagated through bulb division or sets (small bulbs)."
      }
    ]
  },
  {
    "id": "64",
    "image": "downloaded_images/Plants/Onion/image_20241107_194649_23.jpg",
    "conversations": [
      {
        "from": "human",
        "value": "<image>\nHow does it reproduce (seeds, cuttings, runners)?"
      },
      {
        "from": "gpt",
        "value": "Onions primarily reproduce through seeds, but they can also be propagated through bulb division or sets (small bulbs)."
      }
    ]
  },
  {
    "id": "65",
    "image": "downloaded_images/Plants/Onion/image_20241107_194517_13.jpg",
    "conversations": [
      {
        "from": "human",
        "value": "<image>\nHow does it reproduce (seeds, cuttings, runners)?"
      },
      {
        "from": "gpt",
        "value": "Onions primarily reproduce through seeds, but they can also be propagated through bulb division or sets (small bulbs)."
      }
    ]
  },
  {
    "id": "66",
    "image": "downloaded_images/Plants/Onion/image_20241107_194338_2.jpg",
    "conversations": [
      {
        "from": "human",
        "value": "<image>\nHow does it reproduce (seeds, cuttings, runners)?"
      },
      {
        "from": "gpt",
        "value": "Onions primarily reproduce through seeds, but they can also be propagated through bulb division or sets (small bulbs)."
      }
    ]
  },
  {
    "id": "67",
    "image": "downloaded_images/Plants/Onion/image_20241107_194716_26.jpg",
    "conversations": [
      {
        "from": "human",
        "value": "<image>\nIs it native to a specific region or found globally?"
      },
      {
        "from": "gpt",
        "value": "Onions are believed to be native to Central Asia, particularly Iran and Pakistan, but they are now cultivated globally in many regions."
      }
    ]
  },
  {
    "id": "68",
    "image": "downloaded_images/Plants/Onion/image_20241018_183531_7.jpg",
    "conversations": [
      {
        "from": "human",
        "value": "<image>\nIs it native to a specific region or found globally?"
      },
      {
        "from": "gpt",
        "value": "Onions are believed to be native to Central Asia, particularly Iran and Pakistan, but they are now cultivated globally in many regions."
      }
    ]
  },
  {
    "id": "69",
    "image": "downloaded_images/Plants/Onion/image_20241018_183626_14.jpg",
    "conversations": [
      {
        "from": "human",
        "value": "<image>\nIs it native to a specific region or found globally?"
      },
      {
        "from": "gpt",
        "value": "Onions are believed to be native to Central Asia, particularly Iran and Pakistan, but they are now cultivated globally in many regions."
      }
    ]
  },
  {
    "id": "70",
    "image": "downloaded_images/Plants/Onion/image_20241107_194537_15.jpg",
    "conversations": [
      {
        "from": "human",
        "value": "<image>\nIs it native to a specific region or found globally?"
      },
      {
        "from": "gpt",
        "value": "Onions are believed to be native to Central Asia, particularly Iran and Pakistan, but they are now cultivated globally in many regions."
      }
    ]
  },
  {
    "id": "71",
    "image": "downloaded_images/Plants/Onion/image_20241107_194606_18.jpg",
    "conversations": [
      {
        "from": "human",
        "value": "<image>\nIs it native to a specific region or found globally?"
      },
      {
        "from": "gpt",
        "value": "Onions are believed to be native to Central Asia, particularly Iran and Pakistan, but they are now cultivated globally in many regions."
      }
    ]
  },
  {
    "id": "72",
    "image": "downloaded_images/Plants/Onion/image_20241107_194658_24.jpg",
    "conversations": [
      {
        "from": "human",
        "value": "<image>\nHow does it grow (e.g., tree, shrub, herb)?"
      },
      {
        "from": "gpt",
        "value": "The onion grows as a herbaceous plant, typically forming a bulb underground and producing green leaves above ground."
      }
    ]
  },
  {
    "id": "73",
    "image": "downloaded_images/Plants/Onion/image_20241107_194328_1.jpg",
    "conversations": [
      {
        "from": "human",
        "value": "<image>\nHow does it grow (e.g., tree, shrub, herb)?"
      },
      {
        "from": "gpt",
        "value": "The onion grows as a herbaceous plant, typically forming a bulb underground and producing green leaves above ground."
      }
    ]
  },
  {
    "id": "74",
    "image": "downloaded_images/Plants/Onion/image_20241107_194606_18.jpg",
    "conversations": [
      {
        "from": "human",
        "value": "<image>\nHow does it grow (e.g., tree, shrub, herb)?"
      },
      {
        "from": "gpt",
        "value": "The onion grows as a herbaceous plant, typically forming a bulb underground and producing green leaves above ground."
      }
    ]
  },
  {
    "id": "75",
    "image": "downloaded_images/Plants/Onion/image_20241107_194424_7.jpg",
    "conversations": [
      {
        "from": "human",
        "value": "<image>\nHow does it grow (e.g., tree, shrub, herb)?"
      },
      {
        "from": "gpt",
        "value": "The onion grows as a herbaceous plant, typically forming a bulb underground and producing green leaves above ground."
      }
    ]
  },
  {
    "id": "76",
    "image": "downloaded_images/Plants/Onion/image_20241107_194716_26.jpg",
    "conversations": [
      {
        "from": "human",
        "value": "<image>\nHow does it grow (e.g., tree, shrub, herb)?"
      },
      {
        "from": "gpt",
        "value": "The onion grows as a herbaceous plant, typically forming a bulb underground and producing green leaves above ground."
      }
    ]
  },
  {
    "id": "100047",
    "image": "downloaded_images/Plants/Onion/image_20241018_183603_11.jpg",
    "conversations": [
      {
        "from": "human",
        "value": "<image>\nWhat is the name of the plant in picture?"
      },
      {
        "from": "gpt",
        "value": "The common name of this plant is Onion."
      }
    ]
  },
  {
    "id": "100048",
    "image": "downloaded_images/Plants/Onion/image_20241018_183635_15.jpg",
    "conversations": [
      {
        "from": "human",
        "value": "<image>\nWhich family or genus does this plant belong to?"
      },
      {
        "from": "gpt",
        "value": "The onion belongs to the genus Allium and is part of the Amaryllidaceae family."
      }
    ]
  },
  {
    "id": "100049",
    "image": "downloaded_images/Plants/Onion/image_20241018_183603_11.jpg",
    "conversations": [
      {
        "from": "human",
        "value": "<image>\nHow does this plant reproduce?"
      },
      {
        "from": "gpt",
        "value": "Onions primarily reproduce through seeds, but they can also be propagated through bulb division or sets (small bulbs)."
      }
    ]
  },
  {
    "id": "100050",
    "image": "downloaded_images/Plants/Onion/image_20241018_183710_19.jpg",
    "conversations": [
      {
        "from": "human",
        "value": "<image>\nIs this plant indigenous to a specific region or is it found worldwide?"
      },
      {
        "from": "gpt",
        "value": "Onions are believed to be native to Central Asia, particularly Iran and Pakistan, but they are now cultivated globally in many regions."
      }
    ]
  },
  {
    "id": "100051",
    "image": "downloaded_images/Plants/Onion/image_20241018_183523_6.jpg",
    "conversations": [
      {
        "from": "human",
        "value": "<image>\nHow does this plant grow?"
      },
      {
        "from": "gpt",
        "value": "The onion grows as a herbaceous plant, typically forming a bulb underground and producing green leaves above ground."
      }
    ]
  },
  {
    "id": "100052",
    "image": "downloaded_images/Plants/Onion/image_20241018_183540_8.jpg",
    "conversations": [
      {
        "from": "human",
        "value": "<image>\nWhat is the name of the plant in picture?"
      },
      {
        "from": "gpt",
        "value": "The common name of this plant is Onion."
      }
    ]
  },
  {
    "id": "100053",
    "image": "downloaded_images/Plants/Onion/image_20241107_194528_14.jpg",
    "conversations": [
      {
        "from": "human",
        "value": "<image>\nWhat is the name of the plant in picture?"
      },
      {
        "from": "gpt",
        "value": "The common name of this plant is Onion."
      }
    ]
  },
  {
    "id": "100054",
    "image": "downloaded_images/Plants/Onion/image_20241107_194623_20.jpg",
    "conversations": [
      {
        "from": "human",
        "value": "<image>\nWhat is the name of the plant in picture?"
      },
      {
        "from": "gpt",
        "value": "The common name of this plant is Onion."
      }
    ]
  },
  {
    "id": "100055",
    "image": "downloaded_images/Plants/Onion/image_20241107_194632_21.jpg",
    "conversations": [
      {
        "from": "human",
        "value": "<image>\nWhat is the name of the plant in picture?"
      },
      {
        "from": "gpt",
        "value": "The common name of this plant is Onion."
      }
    ]
  },
  {
    "id": "100056",
    "image": "downloaded_images/Plants/Onion/image_20241107_194357_4.jpg",
    "conversations": [
      {
        "from": "human",
        "value": "<image>\nWhat is the name of the plant in picture?"
      },
      {
        "from": "gpt",
        "value": "The common name of this plant is Onion."
      }
    ]
  },
  {
    "id": "100057",
    "image": "downloaded_images/Plants/Onion/image_20241107_194632_21.jpg",
    "conversations": [
      {
        "from": "human",
        "value": "<image>\nWhich family or genus does this plant belong to?"
      },
      {
        "from": "gpt",
        "value": "The onion belongs to the genus Allium and is part of the Amaryllidaceae family."
      }
    ]
  },
  {
    "id": "100058",
    "image": "downloaded_images/Plants/Onion/image_20241018_183515_5.jpg",
    "conversations": [
      {
        "from": "human",
        "value": "<image>\nWhich family or genus does this plant belong to?"
      },
      {
        "from": "gpt",
        "value": "The onion belongs to the genus Allium and is part of the Amaryllidaceae family."
      }
    ]
  },
  {
    "id": "100059",
    "image": "downloaded_images/Plants/Onion/image_20241018_183603_11.jpg",
    "conversations": [
      {
        "from": "human",
        "value": "<image>\nWhich family or genus does this plant belong to?"
      },
      {
        "from": "gpt",
        "value": "The onion belongs to the genus Allium and is part of the Amaryllidaceae family."
      }
    ]
  },
  {
    "id": "100060",
    "image": "downloaded_images/Plants/Onion/image_20241107_194459_11.jpg",
    "conversations": [
      {
        "from": "human",
        "value": "<image>\nWhich family or genus does this plant belong to?"
      },
      {
        "from": "gpt",
        "value": "The onion belongs to the genus Allium and is part of the Amaryllidaceae family."
      }
    ]
  },
  {
    "id": "100061",
    "image": "downloaded_images/Plants/Onion/image_20241107_194707_25.jpg",
    "conversations": [
      {
        "from": "human",
        "value": "<image>\nWhich family or genus does this plant belong to?"
      },
      {
        "from": "gpt",
        "value": "The onion belongs to the genus Allium and is part of the Amaryllidaceae family."
      }
    ]
  },
  {
    "id": "100062",
    "image": "downloaded_images/Plants/Onion/image_20241107_194623_20.jpg",
    "conversations": [
      {
        "from": "human",
        "value": "<image>\nHow does this plant reproduce?"
      },
      {
        "from": "gpt",
        "value": "Onions primarily reproduce through seeds, but they can also be propagated through bulb division or sets (small bulbs)."
      }
    ]
  },
  {
    "id": "100063",
    "image": "downloaded_images/Plants/Onion/image_20241018_183626_14.jpg",
    "conversations": [
      {
        "from": "human",
        "value": "<image>\nHow does this plant reproduce?"
      },
      {
        "from": "gpt",
        "value": "Onions primarily reproduce through seeds, but they can also be propagated through bulb division or sets (small bulbs)."
      }
    ]
  },
  {
    "id": "100064",
    "image": "downloaded_images/Plants/Onion/image_20241107_194649_23.jpg",
    "conversations": [
      {
        "from": "human",
        "value": "<image>\nHow does this plant reproduce?"
      },
      {
        "from": "gpt",
        "value": "Onions primarily reproduce through seeds, but they can also be propagated through bulb division or sets (small bulbs)."
      }
    ]
  },
  {
    "id": "100065",
    "image": "downloaded_images/Plants/Onion/image_20241107_194517_13.jpg",
    "conversations": [
      {
        "from": "human",
        "value": "<image>\nHow does this plant reproduce?"
      },
      {
        "from": "gpt",
        "value": "Onions primarily reproduce through seeds, but they can also be propagated through bulb division or sets (small bulbs)."
      }
    ]
  },
  {
    "id": "100066",
    "image": "downloaded_images/Plants/Onion/image_20241107_194338_2.jpg",
    "conversations": [
      {
        "from": "human",
        "value": "<image>\nHow does this plant reproduce?"
      },
      {
        "from": "gpt",
        "value": "Onions primarily reproduce through seeds, but they can also be propagated through bulb division or sets (small bulbs)."
      }
    ]
  },
  {
    "id": "100067",
    "image": "downloaded_images/Plants/Onion/image_20241107_194716_26.jpg",
    "conversations": [
      {
        "from": "human",
        "value": "<image>\nIs this plant indigenous to a specific region or is it found worldwide?"
      },
      {
        "from": "gpt",
        "value": "Onions are believed to be native to Central Asia, particularly Iran and Pakistan, but they are now cultivated globally in many regions."
      }
    ]
  },
  {
    "id": "100068",
    "image": "downloaded_images/Plants/Onion/image_20241018_183531_7.jpg",
    "conversations": [
      {
        "from": "human",
        "value": "<image>\nIs this plant indigenous to a specific region or is it found worldwide?"
      },
      {
        "from": "gpt",
        "value": "Onions are believed to be native to Central Asia, particularly Iran and Pakistan, but they are now cultivated globally in many regions."
      }
    ]
  },
  {
    "id": "100069",
    "image": "downloaded_images/Plants/Onion/image_20241018_183626_14.jpg",
    "conversations": [
      {
        "from": "human",
        "value": "<image>\nIs this plant indigenous to a specific region or is it found worldwide?"
      },
      {
        "from": "gpt",
        "value": "Onions are believed to be native to Central Asia, particularly Iran and Pakistan, but they are now cultivated globally in many regions."
      }
    ]
  },
  {
    "id": "100070",
    "image": "downloaded_images/Plants/Onion/image_20241107_194537_15.jpg",
    "conversations": [
      {
        "from": "human",
        "value": "<image>\nIs this plant indigenous to a specific region or is it found worldwide?"
      },
      {
        "from": "gpt",
        "value": "Onions are believed to be native to Central Asia, particularly Iran and Pakistan, but they are now cultivated globally in many regions."
      }
    ]
  },
  {
    "id": "100071",
    "image": "downloaded_images/Plants/Onion/image_20241107_194606_18.jpg",
    "conversations": [
      {
        "from": "human",
        "value": "<image>\nIs this plant indigenous to a specific region or is it found worldwide?"
      },
      {
        "from": "gpt",
        "value": "Onions are believed to be native to Central Asia, particularly Iran and Pakistan, but they are now cultivated globally in many regions."
      }
    ]
  },
  {
    "id": "100072",
    "image": "downloaded_images/Plants/Onion/image_20241107_194658_24.jpg",
    "conversations": [
      {
        "from": "human",
        "value": "<image>\nHow does this plant grow?"
      },
      {
        "from": "gpt",
        "value": "The onion grows as a herbaceous plant, typically forming a bulb underground and producing green leaves above ground."
      }
    ]
  },
  {
    "id": "100073",
    "image": "downloaded_images/Plants/Onion/image_20241107_194328_1.jpg",
    "conversations": [
      {
        "from": "human",
        "value": "<image>\nHow does this plant grow?"
      },
      {
        "from": "gpt",
        "value": "The onion grows as a herbaceous plant, typically forming a bulb underground and producing green leaves above ground."
      }
    ]
  },
  {
    "id": "100074",
    "image": "downloaded_images/Plants/Onion/image_20241107_194606_18.jpg",
    "conversations": [
      {
        "from": "human",
        "value": "<image>\nHow does this plant grow?"
      },
      {
        "from": "gpt",
        "value": "The onion grows as a herbaceous plant, typically forming a bulb underground and producing green leaves above ground."
      }
    ]
  },
  {
    "id": "100075",
    "image": "downloaded_images/Plants/Onion/image_20241107_194424_7.jpg",
    "conversations": [
      {
        "from": "human",
        "value": "<image>\nHow does this plant grow?"
      },
      {
        "from": "gpt",
        "value": "The onion grows as a herbaceous plant, typically forming a bulb underground and producing green leaves above ground."
      }
    ]
  },
  {
    "id": "100076",
    "image": "downloaded_images/Plants/Onion/image_20241107_194716_26.jpg",
    "conversations": [
      {
        "from": "human",
        "value": "<image>\nHow does this plant grow?"
      },
      {
        "from": "gpt",
        "value": "The onion grows as a herbaceous plant, typically forming a bulb underground and producing green leaves above ground."
      }
    ]
  },
  {
    "id": "200047",
    "image": "downloaded_images/Plants/Onion/image_20241018_183603_11.jpg",
    "conversations": [
      {
        "from": "human",
        "value": "<image>\nWhat is this plant commonly called?"
      },
      {
        "from": "gpt",
        "value": "The common name of this plant is Onion."
      }
    ]
  },
  {
    "id": "200048",
    "image": "downloaded_images/Plants/Onion/image_20241018_183635_15.jpg",
    "conversations": [
      {
        "from": "human",
        "value": "<image>\nWhat is the taxonomic family or genus of this plant?"
      },
      {
        "from": "gpt",
        "value": "The onion belongs to the genus Allium and is part of the Amaryllidaceae family."
      }
    ]
  },
  {
    "id": "200049",
    "image": "downloaded_images/Plants/Onion/image_20241018_183603_11.jpg",
    "conversations": [
      {
        "from": "human",
        "value": "<image>\nWhat are the methods of reproduction for this plant (seeds, cuttings, runners)?"
      },
      {
        "from": "gpt",
        "value": "Onions primarily reproduce through seeds, but they can also be propagated through bulb division or sets (small bulbs)."
      }
    ]
  },
  {
    "id": "200050",
    "image": "downloaded_images/Plants/Onion/image_20241018_183710_19.jpg",
    "conversations": [
      {
        "from": "human",
        "value": "<image>\nIs this species native to any particular area, or is it globally distributed?"
      },
      {
        "from": "gpt",
        "value": "Onions are believed to be native to Central Asia, particularly Iran and Pakistan, but they are now cultivated globally in many regions."
      }
    ]
  },
  {
    "id": "200051",
    "image": "downloaded_images/Plants/Onion/image_20241018_183523_6.jpg",
    "conversations": [
      {
        "from": "human",
        "value": "<image>\nWhat is the growth form of this plant (e.g., tree, shrub, herb)?"
      },
      {
        "from": "gpt",
        "value": "The onion grows as a herbaceous plant, typically forming a bulb underground and producing green leaves above ground."
      }
    ]
  },
  {
    "id": "200052",
    "image": "downloaded_images/Plants/Onion/image_20241018_183540_8.jpg",
    "conversations": [
      {
        "from": "human",
        "value": "<image>\nWhat is this plant commonly called?"
      },
      {
        "from": "gpt",
        "value": "The common name of this plant is Onion."
      }
    ]
  },
  {
    "id": "200053",
    "image": "downloaded_images/Plants/Onion/image_20241107_194528_14.jpg",
    "conversations": [
      {
        "from": "human",
        "value": "<image>\nWhat is this plant commonly called?"
      },
      {
        "from": "gpt",
        "value": "The common name of this plant is Onion."
      }
    ]
  },
  {
    "id": "200054",
    "image": "downloaded_images/Plants/Onion/image_20241107_194623_20.jpg",
    "conversations": [
      {
        "from": "human",
        "value": "<image>\nWhat is this plant commonly called?"
      },
      {
        "from": "gpt",
        "value": "The common name of this plant is Onion."
      }
    ]
  },
  {
    "id": "200055",
    "image": "downloaded_images/Plants/Onion/image_20241107_194632_21.jpg",
    "conversations": [
      {
        "from": "human",
        "value": "<image>\nWhat is this plant commonly called?"
      },
      {
        "from": "gpt",
        "value": "The common name of this plant is Onion."
      }
    ]
  },
  {
    "id": "200056",
    "image": "downloaded_images/Plants/Onion/image_20241107_194357_4.jpg",
    "conversations": [
      {
        "from": "human",
        "value": "<image>\nWhat is this plant commonly called?"
      },
      {
        "from": "gpt",
        "value": "The common name of this plant is Onion."
      }
    ]
  },
  {
    "id": "200057",
    "image": "downloaded_images/Plants/Onion/image_20241107_194632_21.jpg",
    "conversations": [
      {
        "from": "human",
        "value": "<image>\nWhat is the taxonomic family or genus of this plant?"
      },
      {
        "from": "gpt",
        "value": "The onion belongs to the genus Allium and is part of the Amaryllidaceae family."
      }
    ]
  },
  {
    "id": "200058",
    "image": "downloaded_images/Plants/Onion/image_20241018_183515_5.jpg",
    "conversations": [
      {
        "from": "human",
        "value": "<image>\nWhat is the taxonomic family or genus of this plant?"
      },
      {
        "from": "gpt",
        "value": "The onion belongs to the genus Allium and is part of the Amaryllidaceae family."
      }
    ]
  },
  {
    "id": "200059",
    "image": "downloaded_images/Plants/Onion/image_20241018_183603_11.jpg",
    "conversations": [
      {
        "from": "human",
        "value": "<image>\nWhat is the taxonomic family or genus of this plant?"
      },
      {
        "from": "gpt",
        "value": "The onion belongs to the genus Allium and is part of the Amaryllidaceae family."
      }
    ]
  },
  {
    "id": "200060",
    "image": "downloaded_images/Plants/Onion/image_20241107_194459_11.jpg",
    "conversations": [
      {
        "from": "human",
        "value": "<image>\nWhat is the taxonomic family or genus of this plant?"
      },
      {
        "from": "gpt",
        "value": "The onion belongs to the genus Allium and is part of the Amaryllidaceae family."
      }
    ]
  },
  {
    "id": "200061",
    "image": "downloaded_images/Plants/Onion/image_20241107_194707_25.jpg",
    "conversations": [
      {
        "from": "human",
        "value": "<image>\nWhat is the taxonomic family or genus of this plant?"
      },
      {
        "from": "gpt",
        "value": "The onion belongs to the genus Allium and is part of the Amaryllidaceae family."
      }
    ]
  },
  {
    "id": "200062",
    "image": "downloaded_images/Plants/Onion/image_20241107_194623_20.jpg",
    "conversations": [
      {
        "from": "human",
        "value": "<image>\nWhat are the methods of reproduction for this plant (seeds, cuttings, runners)?"
      },
      {
        "from": "gpt",
        "value": "Onions primarily reproduce through seeds, but they can also be propagated through bulb division or sets (small bulbs)."
      }
    ]
  },
  {
    "id": "200063",
    "image": "downloaded_images/Plants/Onion/image_20241018_183626_14.jpg",
    "conversations": [
      {
        "from": "human",
        "value": "<image>\nWhat are the methods of reproduction for this plant (seeds, cuttings, runners)?"
      },
      {
        "from": "gpt",
        "value": "Onions primarily reproduce through seeds, but they can also be propagated through bulb division or sets (small bulbs)."
      }
    ]
  },
  {
    "id": "200064",
    "image": "downloaded_images/Plants/Onion/image_20241107_194649_23.jpg",
    "conversations": [
      {
        "from": "human",
        "value": "<image>\nWhat are the methods of reproduction for this plant (seeds, cuttings, runners)?"
      },
      {
        "from": "gpt",
        "value": "Onions primarily reproduce through seeds, but they can also be propagated through bulb division or sets (small bulbs)."
      }
    ]
  },
  {
    "id": "200065",
    "image": "downloaded_images/Plants/Onion/image_20241107_194517_13.jpg",
    "conversations": [
      {
        "from": "human",
        "value": "<image>\nWhat are the methods of reproduction for this plant (seeds, cuttings, runners)?"
      },
      {
        "from": "gpt",
        "value": "Onions primarily reproduce through seeds, but they can also be propagated through bulb division or sets (small bulbs)."
      }
    ]
  },
  {
    "id": "200066",
    "image": "downloaded_images/Plants/Onion/image_20241107_194338_2.jpg",
    "conversations": [
      {
        "from": "human",
        "value": "<image>\nWhat are the methods of reproduction for this plant (seeds, cuttings, runners)?"
      },
      {
        "from": "gpt",
        "value": "Onions primarily reproduce through seeds, but they can also be propagated through bulb division or sets (small bulbs)."
      }
    ]
  },
  {
    "id": "200067",
    "image": "downloaded_images/Plants/Onion/image_20241107_194716_26.jpg",
    "conversations": [
      {
        "from": "human",
        "value": "<image>\nIs this species native to any particular area, or is it globally distributed?"
      },
      {
        "from": "gpt",
        "value": "Onions are believed to be native to Central Asia, particularly Iran and Pakistan, but they are now cultivated globally in many regions."
      }
    ]
  },
  {
    "id": "200068",
    "image": "downloaded_images/Plants/Onion/image_20241018_183531_7.jpg",
    "conversations": [
      {
        "from": "human",
        "value": "<image>\nIs this species native to any particular area, or is it globally distributed?"
      },
      {
        "from": "gpt",
        "value": "Onions are believed to be native to Central Asia, particularly Iran and Pakistan, but they are now cultivated globally in many regions."
      }
    ]
  },
  {
    "id": "200069",
    "image": "downloaded_images/Plants/Onion/image_20241018_183626_14.jpg",
    "conversations": [
      {
        "from": "human",
        "value": "<image>\nIs this species native to any particular area, or is it globally distributed?"
      },
      {
        "from": "gpt",
        "value": "Onions are believed to be native to Central Asia, particularly Iran and Pakistan, but they are now cultivated globally in many regions."
      }
    ]
  },
  {
    "id": "200070",
    "image": "downloaded_images/Plants/Onion/image_20241107_194537_15.jpg",
    "conversations": [
      {
        "from": "human",
        "value": "<image>\nIs this species native to any particular area, or is it globally distributed?"
      },
      {
        "from": "gpt",
        "value": "Onions are believed to be native to Central Asia, particularly Iran and Pakistan, but they are now cultivated globally in many regions."
      }
    ]
  },
  {
    "id": "200071",
    "image": "downloaded_images/Plants/Onion/image_20241107_194606_18.jpg",
    "conversations": [
      {
        "from": "human",
        "value": "<image>\nIs this species native to any particular area, or is it globally distributed?"
      },
      {
        "from": "gpt",
        "value": "Onions are believed to be native to Central Asia, particularly Iran and Pakistan, but they are now cultivated globally in many regions."
      }
    ]
  },
  {
    "id": "200072",
    "image": "downloaded_images/Plants/Onion/image_20241107_194658_24.jpg",
    "conversations": [
      {
        "from": "human",
        "value": "<image>\nWhat is the growth form of this plant (e.g., tree, shrub, herb)?"
      },
      {
        "from": "gpt",
        "value": "The onion grows as a herbaceous plant, typically forming a bulb underground and producing green leaves above ground."
      }
    ]
  },
  {
    "id": "200073",
    "image": "downloaded_images/Plants/Onion/image_20241107_194328_1.jpg",
    "conversations": [
      {
        "from": "human",
        "value": "<image>\nWhat is the growth form of this plant (e.g., tree, shrub, herb)?"
      },
      {
        "from": "gpt",
        "value": "The onion grows as a herbaceous plant, typically forming a bulb underground and producing green leaves above ground."
      }
    ]
  },
  {
    "id": "200074",
    "image": "downloaded_images/Plants/Onion/image_20241107_194606_18.jpg",
    "conversations": [
      {
        "from": "human",
        "value": "<image>\nWhat is the growth form of this plant (e.g., tree, shrub, herb)?"
      },
      {
        "from": "gpt",
        "value": "The onion grows as a herbaceous plant, typically forming a bulb underground and producing green leaves above ground."
      }
    ]
  },
  {
    "id": "200075",
    "image": "downloaded_images/Plants/Onion/image_20241107_194424_7.jpg",
    "conversations": [
      {
        "from": "human",
        "value": "<image>\nWhat is the growth form of this plant (e.g., tree, shrub, herb)?"
      },
      {
        "from": "gpt",
        "value": "The onion grows as a herbaceous plant, typically forming a bulb underground and producing green leaves above ground."
      }
    ]
  },
  {
    "id": "200076",
    "image": "downloaded_images/Plants/Onion/image_20241107_194716_26.jpg",
    "conversations": [
      {
        "from": "human",
        "value": "<image>\nWhat is the growth form of this plant (e.g., tree, shrub, herb)?"
      },
      {
        "from": "gpt",
        "value": "The onion grows as a herbaceous plant, typically forming a bulb underground and producing green leaves above ground."
      }
    ]
  },
  {
    "id": "300047",
    "image": "downloaded_images/Plants/Onion/image_20241018_183603_11.jpg",
    "conversations": [
      {
        "from": "human",
        "value": "<image>\nHow is this plant referred to?"
      },
      {
        "from": "gpt",
        "value": "The common name of this plant is Onion."
      }
    ]
  },
  {
    "id": "300048",
    "image": "downloaded_images/Plants/Onion/image_20241018_183635_15.jpg",
    "conversations": [
      {
        "from": "human",
        "value": "<image>\nTo what family or genus is this species classified?"
      },
      {
        "from": "gpt",
        "value": "The onion belongs to the genus Allium and is part of the Amaryllidaceae family."
      }
    ]
  },
  {
    "id": "300049",
    "image": "downloaded_images/Plants/Onion/image_20241018_183603_11.jpg",
    "conversations": [
      {
        "from": "human",
        "value": "<image>\nHow does this plant propagate (through seeds, cuttings, or runners)?"
      },
      {
        "from": "gpt",
        "value": "Onions primarily reproduce through seeds, but they can also be propagated through bulb division or sets (small bulbs)."
      }
    ]
  },
  {
    "id": "300050",
    "image": "downloaded_images/Plants/Onion/image_20241018_183710_19.jpg",
    "conversations": [
      {
        "from": "human",
        "value": "<image>\nWhere is this plant originally from—regionally or worldwide?"
      },
      {
        "from": "gpt",
        "value": "Onions are believed to be native to Central Asia, particularly Iran and Pakistan, but they are now cultivated globally in many regions."
      }
    ]
  },
  {
    "id": "300051",
    "image": "downloaded_images/Plants/Onion/image_20241018_183523_6.jpg",
    "conversations": [
      {
        "from": "human",
        "value": "<image>\nIn what way does this plant develop (as a tree, shrub, or herb)?"
      },
      {
        "from": "gpt",
        "value": "The onion grows as a herbaceous plant, typically forming a bulb underground and producing green leaves above ground."
      }
    ]
  },
  {
    "id": "300052",
    "image": "downloaded_images/Plants/Onion/image_20241018_183540_8.jpg",
    "conversations": [
      {
        "from": "human",
        "value": "<image>\nHow is this plant referred to?"
      },
      {
        "from": "gpt",
        "value": "The common name of this plant is Onion."
      }
    ]
  },
  {
    "id": "300053",
    "image": "downloaded_images/Plants/Onion/image_20241107_194528_14.jpg",
    "conversations": [
      {
        "from": "human",
        "value": "<image>\nHow is this plant referred to?"
      },
      {
        "from": "gpt",
        "value": "The common name of this plant is Onion."
      }
    ]
  },
  {
    "id": "300054",
    "image": "downloaded_images/Plants/Onion/image_20241107_194623_20.jpg",
    "conversations": [
      {
        "from": "human",
        "value": "<image>\nHow is this plant referred to?"
      },
      {
        "from": "gpt",
        "value": "The common name of this plant is Onion."
      }
    ]
  },
  {
    "id": "300055",
    "image": "downloaded_images/Plants/Onion/image_20241107_194632_21.jpg",
    "conversations": [
      {
        "from": "human",
        "value": "<image>\nHow is this plant referred to?"
      },
      {
        "from": "gpt",
        "value": "The common name of this plant is Onion."
      }
    ]
  },
  {
    "id": "300056",
    "image": "downloaded_images/Plants/Onion/image_20241107_194357_4.jpg",
    "conversations": [
      {
        "from": "human",
        "value": "<image>\nHow is this plant referred to?"
      },
      {
        "from": "gpt",
        "value": "The common name of this plant is Onion."
      }
    ]
  },
  {
    "id": "300057",
    "image": "downloaded_images/Plants/Onion/image_20241107_194632_21.jpg",
    "conversations": [
      {
        "from": "human",
        "value": "<image>\nTo what family or genus is this species classified?"
      },
      {
        "from": "gpt",
        "value": "The onion belongs to the genus Allium and is part of the Amaryllidaceae family."
      }
    ]
  },
  {
    "id": "300058",
    "image": "downloaded_images/Plants/Onion/image_20241018_183515_5.jpg",
    "conversations": [
      {
        "from": "human",
        "value": "<image>\nTo what family or genus is this species classified?"
      },
      {
        "from": "gpt",
        "value": "The onion belongs to the genus Allium and is part of the Amaryllidaceae family."
      }
    ]
  },
  {
    "id": "300059",
    "image": "downloaded_images/Plants/Onion/image_20241018_183603_11.jpg",
    "conversations": [
      {
        "from": "human",
        "value": "<image>\nTo what family or genus is this species classified?"
      },
      {
        "from": "gpt",
        "value": "The onion belongs to the genus Allium and is part of the Amaryllidaceae family."
      }
    ]
  },
  {
    "id": "300060",
    "image": "downloaded_images/Plants/Onion/image_20241107_194459_11.jpg",
    "conversations": [
      {
        "from": "human",
        "value": "<image>\nTo what family or genus is this species classified?"
      },
      {
        "from": "gpt",
        "value": "The onion belongs to the genus Allium and is part of the Amaryllidaceae family."
      }
    ]
  },
  {
    "id": "300061",
    "image": "downloaded_images/Plants/Onion/image_20241107_194707_25.jpg",
    "conversations": [
      {
        "from": "human",
        "value": "<image>\nTo what family or genus is this species classified?"
      },
      {
        "from": "gpt",
        "value": "The onion belongs to the genus Allium and is part of the Amaryllidaceae family."
      }
    ]
  },
  {
    "id": "300062",
    "image": "downloaded_images/Plants/Onion/image_20241107_194623_20.jpg",
    "conversations": [
      {
        "from": "human",
        "value": "<image>\nHow does this plant propagate (through seeds, cuttings, or runners)?"
      },
      {
        "from": "gpt",
        "value": "Onions primarily reproduce through seeds, but they can also be propagated through bulb division or sets (small bulbs)."
      }
    ]
  },
  {
    "id": "300063",
    "image": "downloaded_images/Plants/Onion/image_20241018_183626_14.jpg",
    "conversations": [
      {
        "from": "human",
        "value": "<image>\nHow does this plant propagate (through seeds, cuttings, or runners)?"
      },
      {
        "from": "gpt",
        "value": "Onions primarily reproduce through seeds, but they can also be propagated through bulb division or sets (small bulbs)."
      }
    ]
  },
  {
    "id": "300064",
    "image": "downloaded_images/Plants/Onion/image_20241107_194649_23.jpg",
    "conversations": [
      {
        "from": "human",
        "value": "<image>\nHow does this plant propagate (through seeds, cuttings, or runners)?"
      },
      {
        "from": "gpt",
        "value": "Onions primarily reproduce through seeds, but they can also be propagated through bulb division or sets (small bulbs)."
      }
    ]
  },
  {
    "id": "300065",
    "image": "downloaded_images/Plants/Onion/image_20241107_194517_13.jpg",
    "conversations": [
      {
        "from": "human",
        "value": "<image>\nHow does this plant propagate (through seeds, cuttings, or runners)?"
      },
      {
        "from": "gpt",
        "value": "Onions primarily reproduce through seeds, but they can also be propagated through bulb division or sets (small bulbs)."
      }
    ]
  },
  {
    "id": "300066",
    "image": "downloaded_images/Plants/Onion/image_20241107_194338_2.jpg",
    "conversations": [
      {
        "from": "human",
        "value": "<image>\nHow does this plant propagate (through seeds, cuttings, or runners)?"
      },
      {
        "from": "gpt",
        "value": "Onions primarily reproduce through seeds, but they can also be propagated through bulb division or sets (small bulbs)."
      }
    ]
  },
  {
    "id": "300067",
    "image": "downloaded_images/Plants/Onion/image_20241107_194716_26.jpg",
    "conversations": [
      {
        "from": "human",
        "value": "<image>\nWhere is this plant originally from—regionally or worldwide?"
      },
      {
        "from": "gpt",
        "value": "Onions are believed to be native to Central Asia, particularly Iran and Pakistan, but they are now cultivated globally in many regions."
      }
    ]
  },
  {
    "id": "300068",
    "image": "downloaded_images/Plants/Onion/image_20241018_183531_7.jpg",
    "conversations": [
      {
        "from": "human",
        "value": "<image>\nWhere is this plant originally from—regionally or worldwide?"
      },
      {
        "from": "gpt",
        "value": "Onions are believed to be native to Central Asia, particularly Iran and Pakistan, but they are now cultivated globally in many regions."
      }
    ]
  },
  {
    "id": "300069",
    "image": "downloaded_images/Plants/Onion/image_20241018_183626_14.jpg",
    "conversations": [
      {
        "from": "human",
        "value": "<image>\nWhere is this plant originally from—regionally or worldwide?"
      },
      {
        "from": "gpt",
        "value": "Onions are believed to be native to Central Asia, particularly Iran and Pakistan, but they are now cultivated globally in many regions."
      }
    ]
  },
  {
    "id": "300070",
    "image": "downloaded_images/Plants/Onion/image_20241107_194537_15.jpg",
    "conversations": [
      {
        "from": "human",
        "value": "<image>\nWhere is this plant originally from—regionally or worldwide?"
      },
      {
        "from": "gpt",
        "value": "Onions are believed to be native to Central Asia, particularly Iran and Pakistan, but they are now cultivated globally in many regions."
      }
    ]
  },
  {
    "id": "300071",
    "image": "downloaded_images/Plants/Onion/image_20241107_194606_18.jpg",
    "conversations": [
      {
        "from": "human",
        "value": "<image>\nWhere is this plant originally from—regionally or worldwide?"
      },
      {
        "from": "gpt",
        "value": "Onions are believed to be native to Central Asia, particularly Iran and Pakistan, but they are now cultivated globally in many regions."
      }
    ]
  },
  {
    "id": "300072",
    "image": "downloaded_images/Plants/Onion/image_20241107_194658_24.jpg",
    "conversations": [
      {
        "from": "human",
        "value": "<image>\nIn what way does this plant develop (as a tree, shrub, or herb)?"
      },
      {
        "from": "gpt",
        "value": "The onion grows as a herbaceous plant, typically forming a bulb underground and producing green leaves above ground."
      }
    ]
  },
  {
    "id": "300073",
    "image": "downloaded_images/Plants/Onion/image_20241107_194328_1.jpg",
    "conversations": [
      {
        "from": "human",
        "value": "<image>\nIn what way does this plant develop (as a tree, shrub, or herb)?"
      },
      {
        "from": "gpt",
        "value": "The onion grows as a herbaceous plant, typically forming a bulb underground and producing green leaves above ground."
      }
    ]
  },
  {
    "id": "300074",
    "image": "downloaded_images/Plants/Onion/image_20241107_194606_18.jpg",
    "conversations": [
      {
        "from": "human",
        "value": "<image>\nIn what way does this plant develop (as a tree, shrub, or herb)?"
      },
      {
        "from": "gpt",
        "value": "The onion grows as a herbaceous plant, typically forming a bulb underground and producing green leaves above ground."
      }
    ]
  },
  {
    "id": "300075",
    "image": "downloaded_images/Plants/Onion/image_20241107_194424_7.jpg",
    "conversations": [
      {
        "from": "human",
        "value": "<image>\nIn what way does this plant develop (as a tree, shrub, or herb)?"
      },
      {
        "from": "gpt",
        "value": "The onion grows as a herbaceous plant, typically forming a bulb underground and producing green leaves above ground."
      }
    ]
  },
  {
    "id": "300076",
    "image": "downloaded_images/Plants/Onion/image_20241107_194716_26.jpg",
    "conversations": [
      {
        "from": "human",
        "value": "<image>\nIn what way does this plant develop (as a tree, shrub, or herb)?"
      },
      {
        "from": "gpt",
        "value": "The onion grows as a herbaceous plant, typically forming a bulb underground and producing green leaves above ground."
      }
    ]
  },
  {
    "id": "400047",
    "image": "downloaded_images/Plants/Onion/image_20241018_183603_11.jpg",
    "conversations": [
      {
        "from": "human",
        "value": "<image>\nWhat do people usually call this plant?"
      },
      {
        "from": "gpt",
        "value": "The common name of this plant is Onion."
      }
    ]
  },
  {
    "id": "400048",
    "image": "downloaded_images/Plants/Onion/image_20241018_183635_15.jpg",
    "conversations": [
      {
        "from": "human",
        "value": "<image>\nWhat family does this plant fall under?"
      },
      {
        "from": "gpt",
        "value": "The onion belongs to the genus Allium and is part of the Amaryllidaceae family."
      }
    ]
  },
  {
    "id": "400049",
    "image": "downloaded_images/Plants/Onion/image_20241018_183603_11.jpg",
    "conversations": [
      {
        "from": "human",
        "value": "<image>\nWhat is the reproductive process of this plant?"
      },
      {
        "from": "gpt",
        "value": "Onions primarily reproduce through seeds, but they can also be propagated through bulb division or sets (small bulbs)."
      }
    ]
  },
  {
    "id": "400050",
    "image": "downloaded_images/Plants/Onion/image_20241018_183710_19.jpg",
    "conversations": [
      {
        "from": "human",
        "value": "<image>\nDoes this plant grow in a specific region, or is it found everywhere?"
      },
      {
        "from": "gpt",
        "value": "Onions are believed to be native to Central Asia, particularly Iran and Pakistan, but they are now cultivated globally in many regions."
      }
    ]
  },
  {
    "id": "400051",
    "image": "downloaded_images/Plants/Onion/image_20241018_183523_6.jpg",
    "conversations": [
      {
        "from": "human",
        "value": "<image>\nWhat type of growth habit does this plant exhibit (e.g., tree, shrub, herb)?"
      },
      {
        "from": "gpt",
        "value": "The onion grows as a herbaceous plant, typically forming a bulb underground and producing green leaves above ground."
      }
    ]
  },
  {
    "id": "400052",
    "image": "downloaded_images/Plants/Onion/image_20241018_183540_8.jpg",
    "conversations": [
      {
        "from": "human",
        "value": "<image>\nWhat do people usually call this plant?"
      },
      {
        "from": "gpt",
        "value": "The common name of this plant is Onion."
      }
    ]
  },
  {
    "id": "400053",
    "image": "downloaded_images/Plants/Onion/image_20241107_194528_14.jpg",
    "conversations": [
      {
        "from": "human",
        "value": "<image>\nWhat do people usually call this plant?"
      },
      {
        "from": "gpt",
        "value": "The common name of this plant is Onion."
      }
    ]
  },
  {
    "id": "400054",
    "image": "downloaded_images/Plants/Onion/image_20241107_194623_20.jpg",
    "conversations": [
      {
        "from": "human",
        "value": "<image>\nWhat do people usually call this plant?"
      },
      {
        "from": "gpt",
        "value": "The common name of this plant is Onion."
      }
    ]
  },
  {
    "id": "400055",
    "image": "downloaded_images/Plants/Onion/image_20241107_194632_21.jpg",
    "conversations": [
      {
        "from": "human",
        "value": "<image>\nWhat do people usually call this plant?"
      },
      {
        "from": "gpt",
        "value": "The common name of this plant is Onion."
      }
    ]
  },
  {
    "id": "400056",
    "image": "downloaded_images/Plants/Onion/image_20241107_194357_4.jpg",
    "conversations": [
      {
        "from": "human",
        "value": "<image>\nWhat do people usually call this plant?"
      },
      {
        "from": "gpt",
        "value": "The common name of this plant is Onion."
      }
    ]
  },
  {
    "id": "400057",
    "image": "downloaded_images/Plants/Onion/image_20241107_194632_21.jpg",
    "conversations": [
      {
        "from": "human",
        "value": "<image>\nWhat family does this plant fall under?"
      },
      {
        "from": "gpt",
        "value": "The onion belongs to the genus Allium and is part of the Amaryllidaceae family."
      }
    ]
  },
  {
    "id": "400058",
    "image": "downloaded_images/Plants/Onion/image_20241018_183515_5.jpg",
    "conversations": [
      {
        "from": "human",
        "value": "<image>\nWhat family does this plant fall under?"
      },
      {
        "from": "gpt",
        "value": "The onion belongs to the genus Allium and is part of the Amaryllidaceae family."
      }
    ]
  },
  {
    "id": "400059",
    "image": "downloaded_images/Plants/Onion/image_20241018_183603_11.jpg",
    "conversations": [
      {
        "from": "human",
        "value": "<image>\nWhat family does this plant fall under?"
      },
      {
        "from": "gpt",
        "value": "The onion belongs to the genus Allium and is part of the Amaryllidaceae family."
      }
    ]
  },
  {
    "id": "400060",
    "image": "downloaded_images/Plants/Onion/image_20241107_194459_11.jpg",
    "conversations": [
      {
        "from": "human",
        "value": "<image>\nWhat family does this plant fall under?"
      },
      {
        "from": "gpt",
        "value": "The onion belongs to the genus Allium and is part of the Amaryllidaceae family."
      }
    ]
  },
  {
    "id": "400061",
    "image": "downloaded_images/Plants/Onion/image_20241107_194707_25.jpg",
    "conversations": [
      {
        "from": "human",
        "value": "<image>\nWhat family does this plant fall under?"
      },
      {
        "from": "gpt",
        "value": "The onion belongs to the genus Allium and is part of the Amaryllidaceae family."
      }
    ]
  },
  {
    "id": "400062",
    "image": "downloaded_images/Plants/Onion/image_20241107_194623_20.jpg",
    "conversations": [
      {
        "from": "human",
        "value": "<image>\nWhat is the reproductive process of this plant?"
      },
      {
        "from": "gpt",
        "value": "Onions primarily reproduce through seeds, but they can also be propagated through bulb division or sets (small bulbs)."
      }
    ]
  },
  {
    "id": "400063",
    "image": "downloaded_images/Plants/Onion/image_20241018_183626_14.jpg",
    "conversations": [
      {
        "from": "human",
        "value": "<image>\nWhat is the reproductive process of this plant?"
      },
      {
        "from": "gpt",
        "value": "Onions primarily reproduce through seeds, but they can also be propagated through bulb division or sets (small bulbs)."
      }
    ]
  },
  {
    "id": "400064",
    "image": "downloaded_images/Plants/Onion/image_20241107_194649_23.jpg",
    "conversations": [
      {
        "from": "human",
        "value": "<image>\nWhat is the reproductive process of this plant?"
      },
      {
        "from": "gpt",
        "value": "Onions primarily reproduce through seeds, but they can also be propagated through bulb division or sets (small bulbs)."
      }
    ]
  },
  {
    "id": "400065",
    "image": "downloaded_images/Plants/Onion/image_20241107_194517_13.jpg",
    "conversations": [
      {
        "from": "human",
        "value": "<image>\nWhat is the reproductive process of this plant?"
      },
      {
        "from": "gpt",
        "value": "Onions primarily reproduce through seeds, but they can also be propagated through bulb division or sets (small bulbs)."
      }
    ]
  },
  {
    "id": "400066",
    "image": "downloaded_images/Plants/Onion/image_20241107_194338_2.jpg",
    "conversations": [
      {
        "from": "human",
        "value": "<image>\nWhat is the reproductive process of this plant?"
      },
      {
        "from": "gpt",
        "value": "Onions primarily reproduce through seeds, but they can also be propagated through bulb division or sets (small bulbs)."
      }
    ]
  },
  {
    "id": "400067",
    "image": "downloaded_images/Plants/Onion/image_20241107_194716_26.jpg",
    "conversations": [
      {
        "from": "human",
        "value": "<image>\nDoes this plant grow in a specific region, or is it found everywhere?"
      },
      {
        "from": "gpt",
        "value": "Onions are believed to be native to Central Asia, particularly Iran and Pakistan, but they are now cultivated globally in many regions."
      }
    ]
  },
  {
    "id": "400068",
    "image": "downloaded_images/Plants/Onion/image_20241018_183531_7.jpg",
    "conversations": [
      {
        "from": "human",
        "value": "<image>\nDoes this plant grow in a specific region, or is it found everywhere?"
      },
      {
        "from": "gpt",
        "value": "Onions are believed to be native to Central Asia, particularly Iran and Pakistan, but they are now cultivated globally in many regions."
      }
    ]
  },
  {
    "id": "400069",
    "image": "downloaded_images/Plants/Onion/image_20241018_183626_14.jpg",
    "conversations": [
      {
        "from": "human",
        "value": "<image>\nDoes this plant grow in a specific region, or is it found everywhere?"
      },
      {
        "from": "gpt",
        "value": "Onions are believed to be native to Central Asia, particularly Iran and Pakistan, but they are now cultivated globally in many regions."
      }
    ]
  },
  {
    "id": "400070",
    "image": "downloaded_images/Plants/Onion/image_20241107_194537_15.jpg",
    "conversations": [
      {
        "from": "human",
        "value": "<image>\nDoes this plant grow in a specific region, or is it found everywhere?"
      },
      {
        "from": "gpt",
        "value": "Onions are believed to be native to Central Asia, particularly Iran and Pakistan, but they are now cultivated globally in many regions."
      }
    ]
  },
  {
    "id": "400071",
    "image": "downloaded_images/Plants/Onion/image_20241107_194606_18.jpg",
    "conversations": [
      {
        "from": "human",
        "value": "<image>\nDoes this plant grow in a specific region, or is it found everywhere?"
      },
      {
        "from": "gpt",
        "value": "Onions are believed to be native to Central Asia, particularly Iran and Pakistan, but they are now cultivated globally in many regions."
      }
    ]
  },
  {
    "id": "400072",
    "image": "downloaded_images/Plants/Onion/image_20241107_194658_24.jpg",
    "conversations": [
      {
        "from": "human",
        "value": "<image>\nWhat type of growth habit does this plant exhibit (e.g., tree, shrub, herb)?"
      },
      {
        "from": "gpt",
        "value": "The onion grows as a herbaceous plant, typically forming a bulb underground and producing green leaves above ground."
      }
    ]
  },
  {
    "id": "400073",
    "image": "downloaded_images/Plants/Onion/image_20241107_194328_1.jpg",
    "conversations": [
      {
        "from": "human",
        "value": "<image>\nWhat type of growth habit does this plant exhibit (e.g., tree, shrub, herb)?"
      },
      {
        "from": "gpt",
        "value": "The onion grows as a herbaceous plant, typically forming a bulb underground and producing green leaves above ground."
      }
    ]
  },
  {
    "id": "400074",
    "image": "downloaded_images/Plants/Onion/image_20241107_194606_18.jpg",
    "conversations": [
      {
        "from": "human",
        "value": "<image>\nWhat type of growth habit does this plant exhibit (e.g., tree, shrub, herb)?"
      },
      {
        "from": "gpt",
        "value": "The onion grows as a herbaceous plant, typically forming a bulb underground and producing green leaves above ground."
      }
    ]
  },
  {
    "id": "400075",
    "image": "downloaded_images/Plants/Onion/image_20241107_194424_7.jpg",
    "conversations": [
      {
        "from": "human",
        "value": "<image>\nWhat type of growth habit does this plant exhibit (e.g., tree, shrub, herb)?"
      },
      {
        "from": "gpt",
        "value": "The onion grows as a herbaceous plant, typically forming a bulb underground and producing green leaves above ground."
      }
    ]
  },
  {
    "id": "400076",
    "image": "downloaded_images/Plants/Onion/image_20241107_194716_26.jpg",
    "conversations": [
      {
        "from": "human",
        "value": "<image>\nWhat type of growth habit does this plant exhibit (e.g., tree, shrub, herb)?"
      },
      {
        "from": "gpt",
        "value": "The onion grows as a herbaceous plant, typically forming a bulb underground and producing green leaves above ground."
      }
    ]
  }
]