[
  {
    "id": "16",
    "image": "downloaded_images/Movies/Saving_Private_Ryan/image_20241018_145221_1.jpg",
    "conversations": [
      {
        "from": "human",
        "value": "<image>\nWhat is the title of this movie?"
      },
      {
        "from": "gpt",
        "value": "The title of the movie is \"Saving Private Ryan.\""
      }
    ]
  },
  {
    "id": "17",
    "image": "downloaded_images/Movies/Saving_Private_Ryan/image_20241018_145221_1.jpg",
    "conversations": [
      {
        "from": "human",
        "value": "<image>\nWho directed this film?"
      },
      {
        "from": "gpt",
        "value": "The film was directed by Steven Spielberg."
      }
    ]
  },
  {
    "id": "18",
    "image": "downloaded_images/Movies/Saving_Private_Ryan/image_20241107_122016_1.jpg",
    "conversations": [
      {
        "from": "human",
        "value": "<image>\nWhen was this film released?"
      },
      {
        "from": "gpt",
        "value": "\"Saving Private Ryan\" was released on July 24, 1998."
      }
    ]
  },
  {
    "id": "19",
    "image": "downloaded_images/Movies/Saving_Private_Ryan/image_20241107_122016_1.jpg",
    "conversations": [
      {
        "from": "human",
        "value": "<image>\nWho are the main actors or actresses in this movie?"
      },
      {
        "from": "gpt",
        "value": "The main actors in the film include Tom Hanks, Matt Damon, Tom Sizemore, Edward Burns, and Vin Diesel."
      }
    ]
  },
  {
    "id": "20",
    "image": "downloaded_images/Movies/Saving_Private_Ryan/image_20241018_145351_11.jpg",
    "conversations": [
      {
        "from": "human",
        "value": "<image>\nWhat is the central plot or storyline of this movie?"
      },
      {
        "from": "gpt",
        "value": "The central plot of \"Saving Private Ryan\" revolves around a group of U.S. soldiers during World War II who are tasked with finding and bringing home Private James Ryan, the last surviving brother of four servicemen. The film begins with the D-Day invasion of Normandy and follows Captain Miller (played by Tom Hanks) and his squad as they navigate the horrors of war to locate Ryan, who is paratrooping somewhere in France. The film is renowned for its realistic portrayal of combat and the sacrifices made by soldiers during the war."
      }
    ]
  },
  {
    "id": "21",
    "image": "downloaded_images/Movies/Saving_Private_Ryan/image_20241107_122236_16.jpg",
    "conversations": [
      {
        "from": "human",
        "value": "<image>\nWhat is the title of this movie?"
      },
      {
        "from": "gpt",
        "value": "The title of the movie is \"Saving Private Ryan.\""
      }
    ]
  },
  {
    "id": "22",
    "image": "downloaded_images/Movies/Saving_Private_Ryan/image_20241018_145351_11.jpg",
    "conversations": [
      {
        "from": "human",
        "value": "<image>\nWhat is the title of this movie?"
      },
      {
        "from": "gpt",
        "value": "The title of the movie is \"Saving Private Ryan.\""
      }
    ]
  },
  {
    "id": "23",
    "image": "downloaded_images/Movies/Saving_Private_Ryan/image_20241107_122115_7.jpg",
    "conversations": [
      {
        "from": "human",
        "value": "<image>\nWhat is the title of this movie?"
      },
      {
        "from": "gpt",
        "value": "The title of the movie is \"Saving Private Ryan.\""
      }
    ]
  },
  {
    "id": "24",
    "image": "downloaded_images/Movies/Saving_Private_Ryan/image_20241107_122403_26.jpg",
    "conversations": [
      {
        "from": "human",
        "value": "<image>\nWhat is the title of this movie?"
      },
      {
        "from": "gpt",
        "value": "The title of the movie is \"Saving Private Ryan.\""
      }
    ]
  },
  {
    "id": "25",
    "image": "downloaded_images/Movies/Saving_Private_Ryan/image_20241107_122328_22.jpg",
    "conversations": [
      {
        "from": "human",
        "value": "<image>\nWhat is the title of this movie?"
      },
      {
        "from": "gpt",
        "value": "The title of the movie is \"Saving Private Ryan.\""
      }
    ]
  },
  {
    "id": "26",
    "image": "downloaded_images/Movies/Saving_Private_Ryan/image_20241018_145409_13.jpg",
    "conversations": [
      {
        "from": "human",
        "value": "<image>\nWho directed this film?"
      },
      {
        "from": "gpt",
        "value": "The film was directed by Steven Spielberg."
      }
    ]
  },
  {
    "id": "27",
    "image": "downloaded_images/Movies/Saving_Private_Ryan/image_20241018_145516_21.jpg",
    "conversations": [
      {
        "from": "human",
        "value": "<image>\nWho directed this film?"
      },
      {
        "from": "gpt",
        "value": "The film was directed by Steven Spielberg."
      }
    ]
  },
  {
    "id": "28",
    "image": "downloaded_images/Movies/Saving_Private_Ryan/image_20241018_145400_12.jpg",
    "conversations": [
      {
        "from": "human",
        "value": "<image>\nWho directed this film?"
      },
      {
        "from": "gpt",
        "value": "The film was directed by Steven Spielberg."
      }
    ]
  },
  {
    "id": "29",
    "image": "downloaded_images/Movies/Saving_Private_Ryan/image_20241107_122115_7.jpg",
    "conversations": [
      {
        "from": "human",
        "value": "<image>\nWho directed this film?"
      },
      {
        "from": "gpt",
        "value": "The film was directed by Steven Spielberg."
      }
    ]
  },
  {
    "id": "30",
    "image": "downloaded_images/Movies/Saving_Private_Ryan/image_20241018_145351_11.jpg",
    "conversations": [
      {
        "from": "human",
        "value": "<image>\nWho directed this film?"
      },
      {
        "from": "gpt",
        "value": "The film was directed by Steven Spielberg."
      }
    ]
  },
  {
    "id": "31",
    "image": "downloaded_images/Movies/Saving_Private_Ryan/image_20241107_122451_29.jpg",
    "conversations": [
      {
        "from": "human",
        "value": "<image>\nWhen was this film released?"
      },
      {
        "from": "gpt",
        "value": "\"Saving Private Ryan\" was released on July 24, 1998."
      }
    ]
  },
  {
    "id": "32",
    "image": "downloaded_images/Movies/Saving_Private_Ryan/image_20241018_145340_10.jpg",
    "conversations": [
      {
        "from": "human",
        "value": "<image>\nWhen was this film released?"
      },
      {
        "from": "gpt",
        "value": "\"Saving Private Ryan\" was released on July 24, 1998."
      }
    ]
  },
  {
    "id": "33",
    "image": "downloaded_images/Movies/Saving_Private_Ryan/image_20241107_122420_28.jpg",
    "conversations": [
      {
        "from": "human",
        "value": "<image>\nWhen was this film released?"
      },
      {
        "from": "gpt",
        "value": "\"Saving Private Ryan\" was released on July 24, 1998."
      }
    ]
  },
  {
    "id": "34",
    "image": "downloaded_images/Movies/Saving_Private_Ryan/image_20241107_122500_30.jpg",
    "conversations": [
      {
        "from": "human",
        "value": "<image>\nWhen was this film released?"
      },
      {
        "from": "gpt",
        "value": "\"Saving Private Ryan\" was released on July 24, 1998."
      }
    ]
  },
  {
    "id": "35",
    "image": "downloaded_images/Movies/Saving_Private_Ryan/image_20241107_122215_14.jpg",
    "conversations": [
      {
        "from": "human",
        "value": "<image>\nWhen was this film released?"
      },
      {
        "from": "gpt",
        "value": "\"Saving Private Ryan\" was released on July 24, 1998."
      }
    ]
  },
  {
    "id": "36",
    "image": "downloaded_images/Movies/Saving_Private_Ryan/image_20241107_122403_26.jpg",
    "conversations": [
      {
        "from": "human",
        "value": "<image>\nWho are the main actors or actresses in this movie?"
      },
      {
        "from": "gpt",
        "value": "The main actors in the film include Tom Hanks, Matt Damon, Tom Sizemore, Edward Burns, and Vin Diesel."
      }
    ]
  },
  {
    "id": "37",
    "image": "downloaded_images/Movies/Saving_Private_Ryan/image_20241107_122149_11.jpg",
    "conversations": [
      {
        "from": "human",
        "value": "<image>\nWho are the main actors or actresses in this movie?"
      },
      {
        "from": "gpt",
        "value": "The main actors in the film include Tom Hanks, Matt Damon, Tom Sizemore, Edward Burns, and Vin Diesel."
      }
    ]
  },
  {
    "id": "38",
    "image": "downloaded_images/Movies/Saving_Private_Ryan/image_20241107_122311_20.jpg",
    "conversations": [
      {
        "from": "human",
        "value": "<image>\nWho are the main actors or actresses in this movie?"
      },
      {
        "from": "gpt",
        "value": "The main actors in the film include Tom Hanks, Matt Damon, Tom Sizemore, Edward Burns, and Vin Diesel."
      }
    ]
  },
  {
    "id": "39",
    "image": "downloaded_images/Movies/Saving_Private_Ryan/image_20241107_122140_10.jpg",
    "conversations": [
      {
        "from": "human",
        "value": "<image>\nWho are the main actors or actresses in this movie?"
      },
      {
        "from": "gpt",
        "value": "The main actors in the film include Tom Hanks, Matt Damon, Tom Sizemore, Edward Burns, and Vin Diesel."
      }
    ]
  },
  {
    "id": "40",
    "image": "downloaded_images/Movies/Saving_Private_Ryan/image_20241107_122123_8.jpg",
    "conversations": [
      {
        "from": "human",
        "value": "<image>\nWho are the main actors or actresses in this movie?"
      },
      {
        "from": "gpt",
        "value": "The main actors in the film include Tom Hanks, Matt Damon, Tom Sizemore, Edward Burns, and Vin Diesel."
      }
    ]
  },
  {
    "id": "41",
    "image": "downloaded_images/Movies/Saving_Private_Ryan/image_20241107_122346_24.jpg",
    "conversations": [
      {
        "from": "human",
        "value": "<image>\nWhat is the central plot or storyline of this movie?"
      },
      {
        "from": "gpt",
        "value": "The central plot of \"Saving Private Ryan\" revolves around a group of U.S. soldiers during World War II who are tasked with finding and bringing home Private James Ryan, the last surviving brother of four servicemen. The film begins with the D-Day invasion of Normandy and follows Captain Miller (played by Tom Hanks) and his squad as they navigate the horrors of war to locate Ryan, who is paratrooping somewhere in France. The film is renowned for its realistic portrayal of combat and the sacrifices made by soldiers during the war."
      }
    ]
  },
  {
    "id": "42",
    "image": "downloaded_images/Movies/Saving_Private_Ryan/image_20241107_122132_9.jpg",
    "conversations": [
      {
        "from": "human",
        "value": "<image>\nWhat is the central plot or storyline of this movie?"
      },
      {
        "from": "gpt",
        "value": "The central plot of \"Saving Private Ryan\" revolves around a group of U.S. soldiers during World War II who are tasked with finding and bringing home Private James Ryan, the last surviving brother of four servicemen. The film begins with the D-Day invasion of Normandy and follows Captain Miller (played by Tom Hanks) and his squad as they navigate the horrors of war to locate Ryan, who is paratrooping somewhere in France. The film is renowned for its realistic portrayal of combat and the sacrifices made by soldiers during the war."
      }
    ]
  },
  {
    "id": "43",
    "image": "downloaded_images/Movies/Saving_Private_Ryan/image_20241107_122140_10.jpg",
    "conversations": [
      {
        "from": "human",
        "value": "<image>\nWhat is the central plot or storyline of this movie?"
      },
      {
        "from": "gpt",
        "value": "The central plot of \"Saving Private Ryan\" revolves around a group of U.S. soldiers during World War II who are tasked with finding and bringing home Private James Ryan, the last surviving brother of four servicemen. The film begins with the D-Day invasion of Normandy and follows Captain Miller (played by Tom Hanks) and his squad as they navigate the horrors of war to locate Ryan, who is paratrooping somewhere in France. The film is renowned for its realistic portrayal of combat and the sacrifices made by soldiers during the war."
      }
    ]
  },
  {
    "id": "44",
    "image": "downloaded_images/Movies/Saving_Private_Ryan/image_20241107_122500_30.jpg",
    "conversations": [
      {
        "from": "human",
        "value": "<image>\nWhat is the central plot or storyline of this movie?"
      },
      {
        "from": "gpt",
        "value": "The central plot of \"Saving Private Ryan\" revolves around a group of U.S. soldiers during World War II who are tasked with finding and bringing home Private James Ryan, the last surviving brother of four servicemen. The film begins with the D-Day invasion of Normandy and follows Captain Miller (played by Tom Hanks) and his squad as they navigate the horrors of war to locate Ryan, who is paratrooping somewhere in France. The film is renowned for its realistic portrayal of combat and the sacrifices made by soldiers during the war."
      }
    ]
  },
  {
    "id": "45",
    "image": "downloaded_images/Movies/Saving_Private_Ryan/image_20241107_122048_5.jpg",
    "conversations": [
      {
        "from": "human",
        "value": "<image>\nWhat is the central plot or storyline of this movie?"
      },
      {
        "from": "gpt",
        "value": "The central plot of \"Saving Private Ryan\" revolves around a group of U.S. soldiers during World War II who are tasked with finding and bringing home Private James Ryan, the last surviving brother of four servicemen. The film begins with the D-Day invasion of Normandy and follows Captain Miller (played by Tom Hanks) and his squad as they navigate the horrors of war to locate Ryan, who is paratrooping somewhere in France. The film is renowned for its realistic portrayal of combat and the sacrifices made by soldiers during the war."
      }
    ]
  },
  {
    "id": "100016",
    "image": "downloaded_images/Movies/Saving_Private_Ryan/image_20241018_145221_1.jpg",
    "conversations": [
      {
        "from": "human",
        "value": "<image>\nWhat is the name of this movie?"
      },
      {
        "from": "gpt",
        "value": "The title of the movie is \"Saving Private Ryan.\""
      }
    ]
  },
  {
    "id": "100017",
    "image": "downloaded_images/Movies/Saving_Private_Ryan/image_20241018_145221_1.jpg",
    "conversations": [
      {
        "from": "human",
        "value": "<image>\nWho is the director of this movie?"
      },
      {
        "from": "gpt",
        "value": "The film was directed by Steven Spielberg."
      }
    ]
  },
  {
    "id": "100018",
    "image": "downloaded_images/Movies/Saving_Private_Ryan/image_20241107_122016_1.jpg",
    "conversations": [
      {
        "from": "human",
        "value": "<image>\nWhen did this movie come out?"
      },
      {
        "from": "gpt",
        "value": "\"Saving Private Ryan\" was released on July 24, 1998."
      }
    ]
  },
  {
    "id": "100019",
    "image": "downloaded_images/Movies/Saving_Private_Ryan/image_20241107_122016_1.jpg",
    "conversations": [
      {
        "from": "human",
        "value": "<image>\nWho are the lead actors or actresses in this movie?"
      },
      {
        "from": "gpt",
        "value": "The main actors in the film include Tom Hanks, Matt Damon, Tom Sizemore, Edward Burns, and Vin Diesel."
      }
    ]
  },
  {
    "id": "100020",
    "image": "downloaded_images/Movies/Saving_Private_Ryan/image_20241018_145351_11.jpg",
    "conversations": [
      {
        "from": "human",
        "value": "<image>\nWhat is the main plot or storyline of this movie?"
      },
      {
        "from": "gpt",
        "value": "The central plot of \"Saving Private Ryan\" revolves around a group of U.S. soldiers during World War II who are tasked with finding and bringing home Private James Ryan, the last surviving brother of four servicemen. The film begins with the D-Day invasion of Normandy and follows Captain Miller (played by Tom Hanks) and his squad as they navigate the horrors of war to locate Ryan, who is paratrooping somewhere in France. The film is renowned for its realistic portrayal of combat and the sacrifices made by soldiers during the war."
      }
    ]
  },
  {
    "id": "100021",
    "image": "downloaded_images/Movies/Saving_Private_Ryan/image_20241107_122236_16.jpg",
    "conversations": [
      {
        "from": "human",
        "value": "<image>\nWhat is the name of this movie?"
      },
      {
        "from": "gpt",
        "value": "The title of the movie is \"Saving Private Ryan.\""
      }
    ]
  },
  {
    "id": "100022",
    "image": "downloaded_images/Movies/Saving_Private_Ryan/image_20241018_145351_11.jpg",
    "conversations": [
      {
        "from": "human",
        "value": "<image>\nWhat is the name of this movie?"
      },
      {
        "from": "gpt",
        "value": "The title of the movie is \"Saving Private Ryan.\""
      }
    ]
  },
  {
    "id": "100023",
    "image": "downloaded_images/Movies/Saving_Private_Ryan/image_20241107_122115_7.jpg",
    "conversations": [
      {
        "from": "human",
        "value": "<image>\nWhat is the name of this movie?"
      },
      {
        "from": "gpt",
        "value": "The title of the movie is \"Saving Private Ryan.\""
      }
    ]
  },
  {
    "id": "100024",
    "image": "downloaded_images/Movies/Saving_Private_Ryan/image_20241107_122403_26.jpg",
    "conversations": [
      {
        "from": "human",
        "value": "<image>\nWhat is the name of this movie?"
      },
      {
        "from": "gpt",
        "value": "The title of the movie is \"Saving Private Ryan.\""
      }
    ]
  },
  {
    "id": "100025",
    "image": "downloaded_images/Movies/Saving_Private_Ryan/image_20241107_122328_22.jpg",
    "conversations": [
      {
        "from": "human",
        "value": "<image>\nWhat is the name of this movie?"
      },
      {
        "from": "gpt",
        "value": "The title of the movie is \"Saving Private Ryan.\""
      }
    ]
  },
  {
    "id": "100026",
    "image": "downloaded_images/Movies/Saving_Private_Ryan/image_20241018_145409_13.jpg",
    "conversations": [
      {
        "from": "human",
        "value": "<image>\nWho is the director of this movie?"
      },
      {
        "from": "gpt",
        "value": "The film was directed by Steven Spielberg."
      }
    ]
  },
  {
    "id": "100027",
    "image": "downloaded_images/Movies/Saving_Private_Ryan/image_20241018_145516_21.jpg",
    "conversations": [
      {
        "from": "human",
        "value": "<image>\nWho is the director of this movie?"
      },
      {
        "from": "gpt",
        "value": "The film was directed by Steven Spielberg."
      }
    ]
  },
  {
    "id": "100028",
    "image": "downloaded_images/Movies/Saving_Private_Ryan/image_20241018_145400_12.jpg",
    "conversations": [
      {
        "from": "human",
        "value": "<image>\nWho is the director of this movie?"
      },
      {
        "from": "gpt",
        "value": "The film was directed by Steven Spielberg."
      }
    ]
  },
  {
    "id": "100029",
    "image": "downloaded_images/Movies/Saving_Private_Ryan/image_20241107_122115_7.jpg",
    "conversations": [
      {
        "from": "human",
        "value": "<image>\nWho is the director of this movie?"
      },
      {
        "from": "gpt",
        "value": "The film was directed by Steven Spielberg."
      }
    ]
  },
  {
    "id": "100030",
    "image": "downloaded_images/Movies/Saving_Private_Ryan/image_20241018_145351_11.jpg",
    "conversations": [
      {
        "from": "human",
        "value": "<image>\nWho is the director of this movie?"
      },
      {
        "from": "gpt",
        "value": "The film was directed by Steven Spielberg."
      }
    ]
  },
  {
    "id": "100031",
    "image": "downloaded_images/Movies/Saving_Private_Ryan/image_20241107_122451_29.jpg",
    "conversations": [
      {
        "from": "human",
        "value": "<image>\nWhen did this movie come out?"
      },
      {
        "from": "gpt",
        "value": "\"Saving Private Ryan\" was released on July 24, 1998."
      }
    ]
  },
  {
    "id": "100032",
    "image": "downloaded_images/Movies/Saving_Private_Ryan/image_20241018_145340_10.jpg",
    "conversations": [
      {
        "from": "human",
        "value": "<image>\nWhen did this movie come out?"
      },
      {
        "from": "gpt",
        "value": "\"Saving Private Ryan\" was released on July 24, 1998."
      }
    ]
  },
  {
    "id": "100033",
    "image": "downloaded_images/Movies/Saving_Private_Ryan/image_20241107_122420_28.jpg",
    "conversations": [
      {
        "from": "human",
        "value": "<image>\nWhen did this movie come out?"
      },
      {
        "from": "gpt",
        "value": "\"Saving Private Ryan\" was released on July 24, 1998."
      }
    ]
  },
  {
    "id": "100034",
    "image": "downloaded_images/Movies/Saving_Private_Ryan/image_20241107_122500_30.jpg",
    "conversations": [
      {
        "from": "human",
        "value": "<image>\nWhen did this movie come out?"
      },
      {
        "from": "gpt",
        "value": "\"Saving Private Ryan\" was released on July 24, 1998."
      }
    ]
  },
  {
    "id": "100035",
    "image": "downloaded_images/Movies/Saving_Private_Ryan/image_20241107_122215_14.jpg",
    "conversations": [
      {
        "from": "human",
        "value": "<image>\nWhen did this movie come out?"
      },
      {
        "from": "gpt",
        "value": "\"Saving Private Ryan\" was released on July 24, 1998."
      }
    ]
  },
  {
    "id": "100036",
    "image": "downloaded_images/Movies/Saving_Private_Ryan/image_20241107_122403_26.jpg",
    "conversations": [
      {
        "from": "human",
        "value": "<image>\nWho are the lead actors or actresses in this movie?"
      },
      {
        "from": "gpt",
        "value": "The main actors in the film include Tom Hanks, Matt Damon, Tom Sizemore, Edward Burns, and Vin Diesel."
      }
    ]
  },
  {
    "id": "100037",
    "image": "downloaded_images/Movies/Saving_Private_Ryan/image_20241107_122149_11.jpg",
    "conversations": [
      {
        "from": "human",
        "value": "<image>\nWho are the lead actors or actresses in this movie?"
      },
      {
        "from": "gpt",
        "value": "The main actors in the film include Tom Hanks, Matt Damon, Tom Sizemore, Edward Burns, and Vin Diesel."
      }
    ]
  },
  {
    "id": "100038",
    "image": "downloaded_images/Movies/Saving_Private_Ryan/image_20241107_122311_20.jpg",
    "conversations": [
      {
        "from": "human",
        "value": "<image>\nWho are the lead actors or actresses in this movie?"
      },
      {
        "from": "gpt",
        "value": "The main actors in the film include Tom Hanks, Matt Damon, Tom Sizemore, Edward Burns, and Vin Diesel."
      }
    ]
  },
  {
    "id": "100039",
    "image": "downloaded_images/Movies/Saving_Private_Ryan/image_20241107_122140_10.jpg",
    "conversations": [
      {
        "from": "human",
        "value": "<image>\nWho are the lead actors or actresses in this movie?"
      },
      {
        "from": "gpt",
        "value": "The main actors in the film include Tom Hanks, Matt Damon, Tom Sizemore, Edward Burns, and Vin Diesel."
      }
    ]
  },
  {
    "id": "100040",
    "image": "downloaded_images/Movies/Saving_Private_Ryan/image_20241107_122123_8.jpg",
    "conversations": [
      {
        "from": "human",
        "value": "<image>\nWho are the lead actors or actresses in this movie?"
      },
      {
        "from": "gpt",
        "value": "The main actors in the film include Tom Hanks, Matt Damon, Tom Sizemore, Edward Burns, and Vin Diesel."
      }
    ]
  },
  {
    "id": "100041",
    "image": "downloaded_images/Movies/Saving_Private_Ryan/image_20241107_122346_24.jpg",
    "conversations": [
      {
        "from": "human",
        "value": "<image>\nWhat is the main plot or storyline of this movie?"
      },
      {
        "from": "gpt",
        "value": "The central plot of \"Saving Private Ryan\" revolves around a group of U.S. soldiers during World War II who are tasked with finding and bringing home Private James Ryan, the last surviving brother of four servicemen. The film begins with the D-Day invasion of Normandy and follows Captain Miller (played by Tom Hanks) and his squad as they navigate the horrors of war to locate Ryan, who is paratrooping somewhere in France. The film is renowned for its realistic portrayal of combat and the sacrifices made by soldiers during the war."
      }
    ]
  },
  {
    "id": "100042",
    "image": "downloaded_images/Movies/Saving_Private_Ryan/image_20241107_122132_9.jpg",
    "conversations": [
      {
        "from": "human",
        "value": "<image>\nWhat is the main plot or storyline of this movie?"
      },
      {
        "from": "gpt",
        "value": "The central plot of \"Saving Private Ryan\" revolves around a group of U.S. soldiers during World War II who are tasked with finding and bringing home Private James Ryan, the last surviving brother of four servicemen. The film begins with the D-Day invasion of Normandy and follows Captain Miller (played by Tom Hanks) and his squad as they navigate the horrors of war to locate Ryan, who is paratrooping somewhere in France. The film is renowned for its realistic portrayal of combat and the sacrifices made by soldiers during the war."
      }
    ]
  },
  {
    "id": "100043",
    "image": "downloaded_images/Movies/Saving_Private_Ryan/image_20241107_122140_10.jpg",
    "conversations": [
      {
        "from": "human",
        "value": "<image>\nWhat is the main plot or storyline of this movie?"
      },
      {
        "from": "gpt",
        "value": "The central plot of \"Saving Private Ryan\" revolves around a group of U.S. soldiers during World War II who are tasked with finding and bringing home Private James Ryan, the last surviving brother of four servicemen. The film begins with the D-Day invasion of Normandy and follows Captain Miller (played by Tom Hanks) and his squad as they navigate the horrors of war to locate Ryan, who is paratrooping somewhere in France. The film is renowned for its realistic portrayal of combat and the sacrifices made by soldiers during the war."
      }
    ]
  },
  {
    "id": "100044",
    "image": "downloaded_images/Movies/Saving_Private_Ryan/image_20241107_122500_30.jpg",
    "conversations": [
      {
        "from": "human",
        "value": "<image>\nWhat is the main plot or storyline of this movie?"
      },
      {
        "from": "gpt",
        "value": "The central plot of \"Saving Private Ryan\" revolves around a group of U.S. soldiers during World War II who are tasked with finding and bringing home Private James Ryan, the last surviving brother of four servicemen. The film begins with the D-Day invasion of Normandy and follows Captain Miller (played by Tom Hanks) and his squad as they navigate the horrors of war to locate Ryan, who is paratrooping somewhere in France. The film is renowned for its realistic portrayal of combat and the sacrifices made by soldiers during the war."
      }
    ]
  },
  {
    "id": "100045",
    "image": "downloaded_images/Movies/Saving_Private_Ryan/image_20241107_122048_5.jpg",
    "conversations": [
      {
        "from": "human",
        "value": "<image>\nWhat is the main plot or storyline of this movie?"
      },
      {
        "from": "gpt",
        "value": "The central plot of \"Saving Private Ryan\" revolves around a group of U.S. soldiers during World War II who are tasked with finding and bringing home Private James Ryan, the last surviving brother of four servicemen. The film begins with the D-Day invasion of Normandy and follows Captain Miller (played by Tom Hanks) and his squad as they navigate the horrors of war to locate Ryan, who is paratrooping somewhere in France. The film is renowned for its realistic portrayal of combat and the sacrifices made by soldiers during the war."
      }
    ]
  },
  {
    "id": "200016",
    "image": "downloaded_images/Movies/Saving_Private_Ryan/image_20241018_145221_1.jpg",
    "conversations": [
      {
        "from": "human",
        "value": "<image>\nWhat is the title of this film?"
      },
      {
        "from": "gpt",
        "value": "The title of the movie is \"Saving Private Ryan.\""
      }
    ]
  },
  {
    "id": "200017",
    "image": "downloaded_images/Movies/Saving_Private_Ryan/image_20241018_145221_1.jpg",
    "conversations": [
      {
        "from": "human",
        "value": "<image>\nThis film is directed by whom?"
      },
      {
        "from": "gpt",
        "value": "The film was directed by Steven Spielberg."
      }
    ]
  },
  {
    "id": "200018",
    "image": "downloaded_images/Movies/Saving_Private_Ryan/image_20241107_122016_1.jpg",
    "conversations": [
      {
        "from": "human",
        "value": "<image>\nWhat year was this film released?"
      },
      {
        "from": "gpt",
        "value": "\"Saving Private Ryan\" was released on July 24, 1998."
      }
    ]
  },
  {
    "id": "200019",
    "image": "downloaded_images/Movies/Saving_Private_Ryan/image_20241107_122016_1.jpg",
    "conversations": [
      {
        "from": "human",
        "value": "<image>\nWho plays the main roles in this film?"
      },
      {
        "from": "gpt",
        "value": "The main actors in the film include Tom Hanks, Matt Damon, Tom Sizemore, Edward Burns, and Vin Diesel."
      }
    ]
  },
  {
    "id": "200020",
    "image": "downloaded_images/Movies/Saving_Private_Ryan/image_20241018_145351_11.jpg",
    "conversations": [
      {
        "from": "human",
        "value": "<image>\nWhat is the central theme of this film?"
      },
      {
        "from": "gpt",
        "value": "The central plot of \"Saving Private Ryan\" revolves around a group of U.S. soldiers during World War II who are tasked with finding and bringing home Private James Ryan, the last surviving brother of four servicemen. The film begins with the D-Day invasion of Normandy and follows Captain Miller (played by Tom Hanks) and his squad as they navigate the horrors of war to locate Ryan, who is paratrooping somewhere in France. The film is renowned for its realistic portrayal of combat and the sacrifices made by soldiers during the war."
      }
    ]
  },
  {
    "id": "200021",
    "image": "downloaded_images/Movies/Saving_Private_Ryan/image_20241107_122236_16.jpg",
    "conversations": [
      {
        "from": "human",
        "value": "<image>\nWhat is the title of this film?"
      },
      {
        "from": "gpt",
        "value": "The title of the movie is \"Saving Private Ryan.\""
      }
    ]
  },
  {
    "id": "200022",
    "image": "downloaded_images/Movies/Saving_Private_Ryan/image_20241018_145351_11.jpg",
    "conversations": [
      {
        "from": "human",
        "value": "<image>\nWhat is the title of this film?"
      },
      {
        "from": "gpt",
        "value": "The title of the movie is \"Saving Private Ryan.\""
      }
    ]
  },
  {
    "id": "200023",
    "image": "downloaded_images/Movies/Saving_Private_Ryan/image_20241107_122115_7.jpg",
    "conversations": [
      {
        "from": "human",
        "value": "<image>\nWhat is the title of this film?"
      },
      {
        "from": "gpt",
        "value": "The title of the movie is \"Saving Private Ryan.\""
      }
    ]
  },
  {
    "id": "200024",
    "image": "downloaded_images/Movies/Saving_Private_Ryan/image_20241107_122403_26.jpg",
    "conversations": [
      {
        "from": "human",
        "value": "<image>\nWhat is the title of this film?"
      },
      {
        "from": "gpt",
        "value": "The title of the movie is \"Saving Private Ryan.\""
      }
    ]
  },
  {
    "id": "200025",
    "image": "downloaded_images/Movies/Saving_Private_Ryan/image_20241107_122328_22.jpg",
    "conversations": [
      {
        "from": "human",
        "value": "<image>\nWhat is the title of this film?"
      },
      {
        "from": "gpt",
        "value": "The title of the movie is \"Saving Private Ryan.\""
      }
    ]
  },
  {
    "id": "200026",
    "image": "downloaded_images/Movies/Saving_Private_Ryan/image_20241018_145409_13.jpg",
    "conversations": [
      {
        "from": "human",
        "value": "<image>\nThis film is directed by whom?"
      },
      {
        "from": "gpt",
        "value": "The film was directed by Steven Spielberg."
      }
    ]
  },
  {
    "id": "200027",
    "image": "downloaded_images/Movies/Saving_Private_Ryan/image_20241018_145516_21.jpg",
    "conversations": [
      {
        "from": "human",
        "value": "<image>\nThis film is directed by whom?"
      },
      {
        "from": "gpt",
        "value": "The film was directed by Steven Spielberg."
      }
    ]
  },
  {
    "id": "200028",
    "image": "downloaded_images/Movies/Saving_Private_Ryan/image_20241018_145400_12.jpg",
    "conversations": [
      {
        "from": "human",
        "value": "<image>\nThis film is directed by whom?"
      },
      {
        "from": "gpt",
        "value": "The film was directed by Steven Spielberg."
      }
    ]
  },
  {
    "id": "200029",
    "image": "downloaded_images/Movies/Saving_Private_Ryan/image_20241107_122115_7.jpg",
    "conversations": [
      {
        "from": "human",
        "value": "<image>\nThis film is directed by whom?"
      },
      {
        "from": "gpt",
        "value": "The film was directed by Steven Spielberg."
      }
    ]
  },
  {
    "id": "200030",
    "image": "downloaded_images/Movies/Saving_Private_Ryan/image_20241018_145351_11.jpg",
    "conversations": [
      {
        "from": "human",
        "value": "<image>\nThis film is directed by whom?"
      },
      {
        "from": "gpt",
        "value": "The film was directed by Steven Spielberg."
      }
    ]
  },
  {
    "id": "200031",
    "image": "downloaded_images/Movies/Saving_Private_Ryan/image_20241107_122451_29.jpg",
    "conversations": [
      {
        "from": "human",
        "value": "<image>\nWhat year was this film released?"
      },
      {
        "from": "gpt",
        "value": "\"Saving Private Ryan\" was released on July 24, 1998."
      }
    ]
  },
  {
    "id": "200032",
    "image": "downloaded_images/Movies/Saving_Private_Ryan/image_20241018_145340_10.jpg",
    "conversations": [
      {
        "from": "human",
        "value": "<image>\nWhat year was this film released?"
      },
      {
        "from": "gpt",
        "value": "\"Saving Private Ryan\" was released on July 24, 1998."
      }
    ]
  },
  {
    "id": "200033",
    "image": "downloaded_images/Movies/Saving_Private_Ryan/image_20241107_122420_28.jpg",
    "conversations": [
      {
        "from": "human",
        "value": "<image>\nWhat year was this film released?"
      },
      {
        "from": "gpt",
        "value": "\"Saving Private Ryan\" was released on July 24, 1998."
      }
    ]
  },
  {
    "id": "200034",
    "image": "downloaded_images/Movies/Saving_Private_Ryan/image_20241107_122500_30.jpg",
    "conversations": [
      {
        "from": "human",
        "value": "<image>\nWhat year was this film released?"
      },
      {
        "from": "gpt",
        "value": "\"Saving Private Ryan\" was released on July 24, 1998."
      }
    ]
  },
  {
    "id": "200035",
    "image": "downloaded_images/Movies/Saving_Private_Ryan/image_20241107_122215_14.jpg",
    "conversations": [
      {
        "from": "human",
        "value": "<image>\nWhat year was this film released?"
      },
      {
        "from": "gpt",
        "value": "\"Saving Private Ryan\" was released on July 24, 1998."
      }
    ]
  },
  {
    "id": "200036",
    "image": "downloaded_images/Movies/Saving_Private_Ryan/image_20241107_122403_26.jpg",
    "conversations": [
      {
        "from": "human",
        "value": "<image>\nWho plays the main roles in this film?"
      },
      {
        "from": "gpt",
        "value": "The main actors in the film include Tom Hanks, Matt Damon, Tom Sizemore, Edward Burns, and Vin Diesel."
      }
    ]
  },
  {
    "id": "200037",
    "image": "downloaded_images/Movies/Saving_Private_Ryan/image_20241107_122149_11.jpg",
    "conversations": [
      {
        "from": "human",
        "value": "<image>\nWho plays the main roles in this film?"
      },
      {
        "from": "gpt",
        "value": "The main actors in the film include Tom Hanks, Matt Damon, Tom Sizemore, Edward Burns, and Vin Diesel."
      }
    ]
  },
  {
    "id": "200038",
    "image": "downloaded_images/Movies/Saving_Private_Ryan/image_20241107_122311_20.jpg",
    "conversations": [
      {
        "from": "human",
        "value": "<image>\nWho plays the main roles in this film?"
      },
      {
        "from": "gpt",
        "value": "The main actors in the film include Tom Hanks, Matt Damon, Tom Sizemore, Edward Burns, and Vin Diesel."
      }
    ]
  },
  {
    "id": "200039",
    "image": "downloaded_images/Movies/Saving_Private_Ryan/image_20241107_122140_10.jpg",
    "conversations": [
      {
        "from": "human",
        "value": "<image>\nWho plays the main roles in this film?"
      },
      {
        "from": "gpt",
        "value": "The main actors in the film include Tom Hanks, Matt Damon, Tom Sizemore, Edward Burns, and Vin Diesel."
      }
    ]
  },
  {
    "id": "200040",
    "image": "downloaded_images/Movies/Saving_Private_Ryan/image_20241107_122123_8.jpg",
    "conversations": [
      {
        "from": "human",
        "value": "<image>\nWho plays the main roles in this film?"
      },
      {
        "from": "gpt",
        "value": "The main actors in the film include Tom Hanks, Matt Damon, Tom Sizemore, Edward Burns, and Vin Diesel."
      }
    ]
  },
  {
    "id": "200041",
    "image": "downloaded_images/Movies/Saving_Private_Ryan/image_20241107_122346_24.jpg",
    "conversations": [
      {
        "from": "human",
        "value": "<image>\nWhat is the central theme of this film?"
      },
      {
        "from": "gpt",
        "value": "The central plot of \"Saving Private Ryan\" revolves around a group of U.S. soldiers during World War II who are tasked with finding and bringing home Private James Ryan, the last surviving brother of four servicemen. The film begins with the D-Day invasion of Normandy and follows Captain Miller (played by Tom Hanks) and his squad as they navigate the horrors of war to locate Ryan, who is paratrooping somewhere in France. The film is renowned for its realistic portrayal of combat and the sacrifices made by soldiers during the war."
      }
    ]
  },
  {
    "id": "200042",
    "image": "downloaded_images/Movies/Saving_Private_Ryan/image_20241107_122132_9.jpg",
    "conversations": [
      {
        "from": "human",
        "value": "<image>\nWhat is the central theme of this film?"
      },
      {
        "from": "gpt",
        "value": "The central plot of \"Saving Private Ryan\" revolves around a group of U.S. soldiers during World War II who are tasked with finding and bringing home Private James Ryan, the last surviving brother of four servicemen. The film begins with the D-Day invasion of Normandy and follows Captain Miller (played by Tom Hanks) and his squad as they navigate the horrors of war to locate Ryan, who is paratrooping somewhere in France. The film is renowned for its realistic portrayal of combat and the sacrifices made by soldiers during the war."
      }
    ]
  },
  {
    "id": "200043",
    "image": "downloaded_images/Movies/Saving_Private_Ryan/image_20241107_122140_10.jpg",
    "conversations": [
      {
        "from": "human",
        "value": "<image>\nWhat is the central theme of this film?"
      },
      {
        "from": "gpt",
        "value": "The central plot of \"Saving Private Ryan\" revolves around a group of U.S. soldiers during World War II who are tasked with finding and bringing home Private James Ryan, the last surviving brother of four servicemen. The film begins with the D-Day invasion of Normandy and follows Captain Miller (played by Tom Hanks) and his squad as they navigate the horrors of war to locate Ryan, who is paratrooping somewhere in France. The film is renowned for its realistic portrayal of combat and the sacrifices made by soldiers during the war."
      }
    ]
  },
  {
    "id": "200044",
    "image": "downloaded_images/Movies/Saving_Private_Ryan/image_20241107_122500_30.jpg",
    "conversations": [
      {
        "from": "human",
        "value": "<image>\nWhat is the central theme of this film?"
      },
      {
        "from": "gpt",
        "value": "The central plot of \"Saving Private Ryan\" revolves around a group of U.S. soldiers during World War II who are tasked with finding and bringing home Private James Ryan, the last surviving brother of four servicemen. The film begins with the D-Day invasion of Normandy and follows Captain Miller (played by Tom Hanks) and his squad as they navigate the horrors of war to locate Ryan, who is paratrooping somewhere in France. The film is renowned for its realistic portrayal of combat and the sacrifices made by soldiers during the war."
      }
    ]
  },
  {
    "id": "200045",
    "image": "downloaded_images/Movies/Saving_Private_Ryan/image_20241107_122048_5.jpg",
    "conversations": [
      {
        "from": "human",
        "value": "<image>\nWhat is the central theme of this film?"
      },
      {
        "from": "gpt",
        "value": "The central plot of \"Saving Private Ryan\" revolves around a group of U.S. soldiers during World War II who are tasked with finding and bringing home Private James Ryan, the last surviving brother of four servicemen. The film begins with the D-Day invasion of Normandy and follows Captain Miller (played by Tom Hanks) and his squad as they navigate the horrors of war to locate Ryan, who is paratrooping somewhere in France. The film is renowned for its realistic portrayal of combat and the sacrifices made by soldiers during the war."
      }
    ]
  },
  {
    "id": "300016",
    "image": "downloaded_images/Movies/Saving_Private_Ryan/image_20241018_145221_1.jpg",
    "conversations": [
      {
        "from": "human",
        "value": "<image>\nHow is this movie referred to?"
      },
      {
        "from": "gpt",
        "value": "The title of the movie is \"Saving Private Ryan.\""
      }
    ]
  },
  {
    "id": "300017",
    "image": "downloaded_images/Movies/Saving_Private_Ryan/image_20241018_145221_1.jpg",
    "conversations": [
      {
        "from": "human",
        "value": "<image>\nWho was responsible for directing this movie?"
      },
      {
        "from": "gpt",
        "value": "The film was directed by Steven Spielberg."
      }
    ]
  },
  {
    "id": "300018",
    "image": "downloaded_images/Movies/Saving_Private_Ryan/image_20241107_122016_1.jpg",
    "conversations": [
      {
        "from": "human",
        "value": "<image>\nWhen was this movie first shown?"
      },
      {
        "from": "gpt",
        "value": "\"Saving Private Ryan\" was released on July 24, 1998."
      }
    ]
  },
  {
    "id": "300019",
    "image": "downloaded_images/Movies/Saving_Private_Ryan/image_20241107_122016_1.jpg",
    "conversations": [
      {
        "from": "human",
        "value": "<image>\nWho are the primary cast members of this movie?"
      },
      {
        "from": "gpt",
        "value": "The main actors in the film include Tom Hanks, Matt Damon, Tom Sizemore, Edward Burns, and Vin Diesel."
      }
    ]
  },
  {
    "id": "300020",
    "image": "downloaded_images/Movies/Saving_Private_Ryan/image_20241018_145351_11.jpg",
    "conversations": [
      {
        "from": "human",
        "value": "<image>\nCan you summarize the plot of this movie?"
      },
      {
        "from": "gpt",
        "value": "The central plot of \"Saving Private Ryan\" revolves around a group of U.S. soldiers during World War II who are tasked with finding and bringing home Private James Ryan, the last surviving brother of four servicemen. The film begins with the D-Day invasion of Normandy and follows Captain Miller (played by Tom Hanks) and his squad as they navigate the horrors of war to locate Ryan, who is paratrooping somewhere in France. The film is renowned for its realistic portrayal of combat and the sacrifices made by soldiers during the war."
      }
    ]
  },
  {
    "id": "300021",
    "image": "downloaded_images/Movies/Saving_Private_Ryan/image_20241107_122236_16.jpg",
    "conversations": [
      {
        "from": "human",
        "value": "<image>\nHow is this movie referred to?"
      },
      {
        "from": "gpt",
        "value": "The title of the movie is \"Saving Private Ryan.\""
      }
    ]
  },
  {
    "id": "300022",
    "image": "downloaded_images/Movies/Saving_Private_Ryan/image_20241018_145351_11.jpg",
    "conversations": [
      {
        "from": "human",
        "value": "<image>\nHow is this movie referred to?"
      },
      {
        "from": "gpt",
        "value": "The title of the movie is \"Saving Private Ryan.\""
      }
    ]
  },
  {
    "id": "300023",
    "image": "downloaded_images/Movies/Saving_Private_Ryan/image_20241107_122115_7.jpg",
    "conversations": [
      {
        "from": "human",
        "value": "<image>\nHow is this movie referred to?"
      },
      {
        "from": "gpt",
        "value": "The title of the movie is \"Saving Private Ryan.\""
      }
    ]
  },
  {
    "id": "300024",
    "image": "downloaded_images/Movies/Saving_Private_Ryan/image_20241107_122403_26.jpg",
    "conversations": [
      {
        "from": "human",
        "value": "<image>\nHow is this movie referred to?"
      },
      {
        "from": "gpt",
        "value": "The title of the movie is \"Saving Private Ryan.\""
      }
    ]
  },
  {
    "id": "300025",
    "image": "downloaded_images/Movies/Saving_Private_Ryan/image_20241107_122328_22.jpg",
    "conversations": [
      {
        "from": "human",
        "value": "<image>\nHow is this movie referred to?"
      },
      {
        "from": "gpt",
        "value": "The title of the movie is \"Saving Private Ryan.\""
      }
    ]
  },
  {
    "id": "300026",
    "image": "downloaded_images/Movies/Saving_Private_Ryan/image_20241018_145409_13.jpg",
    "conversations": [
      {
        "from": "human",
        "value": "<image>\nWho was responsible for directing this movie?"
      },
      {
        "from": "gpt",
        "value": "The film was directed by Steven Spielberg."
      }
    ]
  },
  {
    "id": "300027",
    "image": "downloaded_images/Movies/Saving_Private_Ryan/image_20241018_145516_21.jpg",
    "conversations": [
      {
        "from": "human",
        "value": "<image>\nWho was responsible for directing this movie?"
      },
      {
        "from": "gpt",
        "value": "The film was directed by Steven Spielberg."
      }
    ]
  },
  {
    "id": "300028",
    "image": "downloaded_images/Movies/Saving_Private_Ryan/image_20241018_145400_12.jpg",
    "conversations": [
      {
        "from": "human",
        "value": "<image>\nWho was responsible for directing this movie?"
      },
      {
        "from": "gpt",
        "value": "The film was directed by Steven Spielberg."
      }
    ]
  },
  {
    "id": "300029",
    "image": "downloaded_images/Movies/Saving_Private_Ryan/image_20241107_122115_7.jpg",
    "conversations": [
      {
        "from": "human",
        "value": "<image>\nWho was responsible for directing this movie?"
      },
      {
        "from": "gpt",
        "value": "The film was directed by Steven Spielberg."
      }
    ]
  },
  {
    "id": "300030",
    "image": "downloaded_images/Movies/Saving_Private_Ryan/image_20241018_145351_11.jpg",
    "conversations": [
      {
        "from": "human",
        "value": "<image>\nWho was responsible for directing this movie?"
      },
      {
        "from": "gpt",
        "value": "The film was directed by Steven Spielberg."
      }
    ]
  },
  {
    "id": "300031",
    "image": "downloaded_images/Movies/Saving_Private_Ryan/image_20241107_122451_29.jpg",
    "conversations": [
      {
        "from": "human",
        "value": "<image>\nWhen was this movie first shown?"
      },
      {
        "from": "gpt",
        "value": "\"Saving Private Ryan\" was released on July 24, 1998."
      }
    ]
  },
  {
    "id": "300032",
    "image": "downloaded_images/Movies/Saving_Private_Ryan/image_20241018_145340_10.jpg",
    "conversations": [
      {
        "from": "human",
        "value": "<image>\nWhen was this movie first shown?"
      },
      {
        "from": "gpt",
        "value": "\"Saving Private Ryan\" was released on July 24, 1998."
      }
    ]
  },
  {
    "id": "300033",
    "image": "downloaded_images/Movies/Saving_Private_Ryan/image_20241107_122420_28.jpg",
    "conversations": [
      {
        "from": "human",
        "value": "<image>\nWhen was this movie first shown?"
      },
      {
        "from": "gpt",
        "value": "\"Saving Private Ryan\" was released on July 24, 1998."
      }
    ]
  },
  {
    "id": "300034",
    "image": "downloaded_images/Movies/Saving_Private_Ryan/image_20241107_122500_30.jpg",
    "conversations": [
      {
        "from": "human",
        "value": "<image>\nWhen was this movie first shown?"
      },
      {
        "from": "gpt",
        "value": "\"Saving Private Ryan\" was released on July 24, 1998."
      }
    ]
  },
  {
    "id": "300035",
    "image": "downloaded_images/Movies/Saving_Private_Ryan/image_20241107_122215_14.jpg",
    "conversations": [
      {
        "from": "human",
        "value": "<image>\nWhen was this movie first shown?"
      },
      {
        "from": "gpt",
        "value": "\"Saving Private Ryan\" was released on July 24, 1998."
      }
    ]
  },
  {
    "id": "300036",
    "image": "downloaded_images/Movies/Saving_Private_Ryan/image_20241107_122403_26.jpg",
    "conversations": [
      {
        "from": "human",
        "value": "<image>\nWho are the primary cast members of this movie?"
      },
      {
        "from": "gpt",
        "value": "The main actors in the film include Tom Hanks, Matt Damon, Tom Sizemore, Edward Burns, and Vin Diesel."
      }
    ]
  },
  {
    "id": "300037",
    "image": "downloaded_images/Movies/Saving_Private_Ryan/image_20241107_122149_11.jpg",
    "conversations": [
      {
        "from": "human",
        "value": "<image>\nWho are the primary cast members of this movie?"
      },
      {
        "from": "gpt",
        "value": "The main actors in the film include Tom Hanks, Matt Damon, Tom Sizemore, Edward Burns, and Vin Diesel."
      }
    ]
  },
  {
    "id": "300038",
    "image": "downloaded_images/Movies/Saving_Private_Ryan/image_20241107_122311_20.jpg",
    "conversations": [
      {
        "from": "human",
        "value": "<image>\nWho are the primary cast members of this movie?"
      },
      {
        "from": "gpt",
        "value": "The main actors in the film include Tom Hanks, Matt Damon, Tom Sizemore, Edward Burns, and Vin Diesel."
      }
    ]
  },
  {
    "id": "300039",
    "image": "downloaded_images/Movies/Saving_Private_Ryan/image_20241107_122140_10.jpg",
    "conversations": [
      {
        "from": "human",
        "value": "<image>\nWho are the primary cast members of this movie?"
      },
      {
        "from": "gpt",
        "value": "The main actors in the film include Tom Hanks, Matt Damon, Tom Sizemore, Edward Burns, and Vin Diesel."
      }
    ]
  },
  {
    "id": "300040",
    "image": "downloaded_images/Movies/Saving_Private_Ryan/image_20241107_122123_8.jpg",
    "conversations": [
      {
        "from": "human",
        "value": "<image>\nWho are the primary cast members of this movie?"
      },
      {
        "from": "gpt",
        "value": "The main actors in the film include Tom Hanks, Matt Damon, Tom Sizemore, Edward Burns, and Vin Diesel."
      }
    ]
  },
  {
    "id": "300041",
    "image": "downloaded_images/Movies/Saving_Private_Ryan/image_20241107_122346_24.jpg",
    "conversations": [
      {
        "from": "human",
        "value": "<image>\nCan you summarize the plot of this movie?"
      },
      {
        "from": "gpt",
        "value": "The central plot of \"Saving Private Ryan\" revolves around a group of U.S. soldiers during World War II who are tasked with finding and bringing home Private James Ryan, the last surviving brother of four servicemen. The film begins with the D-Day invasion of Normandy and follows Captain Miller (played by Tom Hanks) and his squad as they navigate the horrors of war to locate Ryan, who is paratrooping somewhere in France. The film is renowned for its realistic portrayal of combat and the sacrifices made by soldiers during the war."
      }
    ]
  },
  {
    "id": "300042",
    "image": "downloaded_images/Movies/Saving_Private_Ryan/image_20241107_122132_9.jpg",
    "conversations": [
      {
        "from": "human",
        "value": "<image>\nCan you summarize the plot of this movie?"
      },
      {
        "from": "gpt",
        "value": "The central plot of \"Saving Private Ryan\" revolves around a group of U.S. soldiers during World War II who are tasked with finding and bringing home Private James Ryan, the last surviving brother of four servicemen. The film begins with the D-Day invasion of Normandy and follows Captain Miller (played by Tom Hanks) and his squad as they navigate the horrors of war to locate Ryan, who is paratrooping somewhere in France. The film is renowned for its realistic portrayal of combat and the sacrifices made by soldiers during the war."
      }
    ]
  },
  {
    "id": "300043",
    "image": "downloaded_images/Movies/Saving_Private_Ryan/image_20241107_122140_10.jpg",
    "conversations": [
      {
        "from": "human",
        "value": "<image>\nCan you summarize the plot of this movie?"
      },
      {
        "from": "gpt",
        "value": "The central plot of \"Saving Private Ryan\" revolves around a group of U.S. soldiers during World War II who are tasked with finding and bringing home Private James Ryan, the last surviving brother of four servicemen. The film begins with the D-Day invasion of Normandy and follows Captain Miller (played by Tom Hanks) and his squad as they navigate the horrors of war to locate Ryan, who is paratrooping somewhere in France. The film is renowned for its realistic portrayal of combat and the sacrifices made by soldiers during the war."
      }
    ]
  },
  {
    "id": "300044",
    "image": "downloaded_images/Movies/Saving_Private_Ryan/image_20241107_122500_30.jpg",
    "conversations": [
      {
        "from": "human",
        "value": "<image>\nCan you summarize the plot of this movie?"
      },
      {
        "from": "gpt",
        "value": "The central plot of \"Saving Private Ryan\" revolves around a group of U.S. soldiers during World War II who are tasked with finding and bringing home Private James Ryan, the last surviving brother of four servicemen. The film begins with the D-Day invasion of Normandy and follows Captain Miller (played by Tom Hanks) and his squad as they navigate the horrors of war to locate Ryan, who is paratrooping somewhere in France. The film is renowned for its realistic portrayal of combat and the sacrifices made by soldiers during the war."
      }
    ]
  },
  {
    "id": "300045",
    "image": "downloaded_images/Movies/Saving_Private_Ryan/image_20241107_122048_5.jpg",
    "conversations": [
      {
        "from": "human",
        "value": "<image>\nCan you summarize the plot of this movie?"
      },
      {
        "from": "gpt",
        "value": "The central plot of \"Saving Private Ryan\" revolves around a group of U.S. soldiers during World War II who are tasked with finding and bringing home Private James Ryan, the last surviving brother of four servicemen. The film begins with the D-Day invasion of Normandy and follows Captain Miller (played by Tom Hanks) and his squad as they navigate the horrors of war to locate Ryan, who is paratrooping somewhere in France. The film is renowned for its realistic portrayal of combat and the sacrifices made by soldiers during the war."
      }
    ]
  },
  {
    "id": "400016",
    "image": "downloaded_images/Movies/Saving_Private_Ryan/image_20241018_145221_1.jpg",
    "conversations": [
      {
        "from": "human",
        "value": "<image>\nWhat do people call this film?"
      },
      {
        "from": "gpt",
        "value": "The title of the movie is \"Saving Private Ryan.\""
      }
    ]
  },
  {
    "id": "400017",
    "image": "downloaded_images/Movies/Saving_Private_Ryan/image_20241018_145221_1.jpg",
    "conversations": [
      {
        "from": "human",
        "value": "<image>\nWho helmed this film?"
      },
      {
        "from": "gpt",
        "value": "The film was directed by Steven Spielberg."
      }
    ]
  },
  {
    "id": "400018",
    "image": "downloaded_images/Movies/Saving_Private_Ryan/image_20241107_122016_1.jpg",
    "conversations": [
      {
        "from": "human",
        "value": "<image>\nWhat is the release date of this film?"
      },
      {
        "from": "gpt",
        "value": "\"Saving Private Ryan\" was released on July 24, 1998."
      }
    ]
  },
  {
    "id": "400019",
    "image": "downloaded_images/Movies/Saving_Private_Ryan/image_20241107_122016_1.jpg",
    "conversations": [
      {
        "from": "human",
        "value": "<image>\nWhich actors or actresses are featured prominently in this film?"
      },
      {
        "from": "gpt",
        "value": "The main actors in the film include Tom Hanks, Matt Damon, Tom Sizemore, Edward Burns, and Vin Diesel."
      }
    ]
  },
  {
    "id": "400020",
    "image": "downloaded_images/Movies/Saving_Private_Ryan/image_20241018_145351_11.jpg",
    "conversations": [
      {
        "from": "human",
        "value": "<image>\nWhat is the basic storyline of this film?"
      },
      {
        "from": "gpt",
        "value": "The central plot of \"Saving Private Ryan\" revolves around a group of U.S. soldiers during World War II who are tasked with finding and bringing home Private James Ryan, the last surviving brother of four servicemen. The film begins with the D-Day invasion of Normandy and follows Captain Miller (played by Tom Hanks) and his squad as they navigate the horrors of war to locate Ryan, who is paratrooping somewhere in France. The film is renowned for its realistic portrayal of combat and the sacrifices made by soldiers during the war."
      }
    ]
  },
  {
    "id": "400021",
    "image": "downloaded_images/Movies/Saving_Private_Ryan/image_20241107_122236_16.jpg",
    "conversations": [
      {
        "from": "human",
        "value": "<image>\nWhat do people call this film?"
      },
      {
        "from": "gpt",
        "value": "The title of the movie is \"Saving Private Ryan.\""
      }
    ]
  },
  {
    "id": "400022",
    "image": "downloaded_images/Movies/Saving_Private_Ryan/image_20241018_145351_11.jpg",
    "conversations": [
      {
        "from": "human",
        "value": "<image>\nWhat do people call this film?"
      },
      {
        "from": "gpt",
        "value": "The title of the movie is \"Saving Private Ryan.\""
      }
    ]
  },
  {
    "id": "400023",
    "image": "downloaded_images/Movies/Saving_Private_Ryan/image_20241107_122115_7.jpg",
    "conversations": [
      {
        "from": "human",
        "value": "<image>\nWhat do people call this film?"
      },
      {
        "from": "gpt",
        "value": "The title of the movie is \"Saving Private Ryan.\""
      }
    ]
  },
  {
    "id": "400024",
    "image": "downloaded_images/Movies/Saving_Private_Ryan/image_20241107_122403_26.jpg",
    "conversations": [
      {
        "from": "human",
        "value": "<image>\nWhat do people call this film?"
      },
      {
        "from": "gpt",
        "value": "The title of the movie is \"Saving Private Ryan.\""
      }
    ]
  },
  {
    "id": "400025",
    "image": "downloaded_images/Movies/Saving_Private_Ryan/image_20241107_122328_22.jpg",
    "conversations": [
      {
        "from": "human",
        "value": "<image>\nWhat do people call this film?"
      },
      {
        "from": "gpt",
        "value": "The title of the movie is \"Saving Private Ryan.\""
      }
    ]
  },
  {
    "id": "400026",
    "image": "downloaded_images/Movies/Saving_Private_Ryan/image_20241018_145409_13.jpg",
    "conversations": [
      {
        "from": "human",
        "value": "<image>\nWho helmed this film?"
      },
      {
        "from": "gpt",
        "value": "The film was directed by Steven Spielberg."
      }
    ]
  },
  {
    "id": "400027",
    "image": "downloaded_images/Movies/Saving_Private_Ryan/image_20241018_145516_21.jpg",
    "conversations": [
      {
        "from": "human",
        "value": "<image>\nWho helmed this film?"
      },
      {
        "from": "gpt",
        "value": "The film was directed by Steven Spielberg."
      }
    ]
  },
  {
    "id": "400028",
    "image": "downloaded_images/Movies/Saving_Private_Ryan/image_20241018_145400_12.jpg",
    "conversations": [
      {
        "from": "human",
        "value": "<image>\nWho helmed this film?"
      },
      {
        "from": "gpt",
        "value": "The film was directed by Steven Spielberg."
      }
    ]
  },
  {
    "id": "400029",
    "image": "downloaded_images/Movies/Saving_Private_Ryan/image_20241107_122115_7.jpg",
    "conversations": [
      {
        "from": "human",
        "value": "<image>\nWho helmed this film?"
      },
      {
        "from": "gpt",
        "value": "The film was directed by Steven Spielberg."
      }
    ]
  },
  {
    "id": "400030",
    "image": "downloaded_images/Movies/Saving_Private_Ryan/image_20241018_145351_11.jpg",
    "conversations": [
      {
        "from": "human",
        "value": "<image>\nWho helmed this film?"
      },
      {
        "from": "gpt",
        "value": "The film was directed by Steven Spielberg."
      }
    ]
  },
  {
    "id": "400031",
    "image": "downloaded_images/Movies/Saving_Private_Ryan/image_20241107_122451_29.jpg",
    "conversations": [
      {
        "from": "human",
        "value": "<image>\nWhat is the release date of this film?"
      },
      {
        "from": "gpt",
        "value": "\"Saving Private Ryan\" was released on July 24, 1998."
      }
    ]
  },
  {
    "id": "400032",
    "image": "downloaded_images/Movies/Saving_Private_Ryan/image_20241018_145340_10.jpg",
    "conversations": [
      {
        "from": "human",
        "value": "<image>\nWhat is the release date of this film?"
      },
      {
        "from": "gpt",
        "value": "\"Saving Private Ryan\" was released on July 24, 1998."
      }
    ]
  },
  {
    "id": "400033",
    "image": "downloaded_images/Movies/Saving_Private_Ryan/image_20241107_122420_28.jpg",
    "conversations": [
      {
        "from": "human",
        "value": "<image>\nWhat is the release date of this film?"
      },
      {
        "from": "gpt",
        "value": "\"Saving Private Ryan\" was released on July 24, 1998."
      }
    ]
  },
  {
    "id": "400034",
    "image": "downloaded_images/Movies/Saving_Private_Ryan/image_20241107_122500_30.jpg",
    "conversations": [
      {
        "from": "human",
        "value": "<image>\nWhat is the release date of this film?"
      },
      {
        "from": "gpt",
        "value": "\"Saving Private Ryan\" was released on July 24, 1998."
      }
    ]
  },
  {
    "id": "400035",
    "image": "downloaded_images/Movies/Saving_Private_Ryan/image_20241107_122215_14.jpg",
    "conversations": [
      {
        "from": "human",
        "value": "<image>\nWhat is the release date of this film?"
      },
      {
        "from": "gpt",
        "value": "\"Saving Private Ryan\" was released on July 24, 1998."
      }
    ]
  },
  {
    "id": "400036",
    "image": "downloaded_images/Movies/Saving_Private_Ryan/image_20241107_122403_26.jpg",
    "conversations": [
      {
        "from": "human",
        "value": "<image>\nWhich actors or actresses are featured prominently in this film?"
      },
      {
        "from": "gpt",
        "value": "The main actors in the film include Tom Hanks, Matt Damon, Tom Sizemore, Edward Burns, and Vin Diesel."
      }
    ]
  },
  {
    "id": "400037",
    "image": "downloaded_images/Movies/Saving_Private_Ryan/image_20241107_122149_11.jpg",
    "conversations": [
      {
        "from": "human",
        "value": "<image>\nWhich actors or actresses are featured prominently in this film?"
      },
      {
        "from": "gpt",
        "value": "The main actors in the film include Tom Hanks, Matt Damon, Tom Sizemore, Edward Burns, and Vin Diesel."
      }
    ]
  },
  {
    "id": "400038",
    "image": "downloaded_images/Movies/Saving_Private_Ryan/image_20241107_122311_20.jpg",
    "conversations": [
      {
        "from": "human",
        "value": "<image>\nWhich actors or actresses are featured prominently in this film?"
      },
      {
        "from": "gpt",
        "value": "The main actors in the film include Tom Hanks, Matt Damon, Tom Sizemore, Edward Burns, and Vin Diesel."
      }
    ]
  },
  {
    "id": "400039",
    "image": "downloaded_images/Movies/Saving_Private_Ryan/image_20241107_122140_10.jpg",
    "conversations": [
      {
        "from": "human",
        "value": "<image>\nWhich actors or actresses are featured prominently in this film?"
      },
      {
        "from": "gpt",
        "value": "The main actors in the film include Tom Hanks, Matt Damon, Tom Sizemore, Edward Burns, and Vin Diesel."
      }
    ]
  },
  {
    "id": "400040",
    "image": "downloaded_images/Movies/Saving_Private_Ryan/image_20241107_122123_8.jpg",
    "conversations": [
      {
        "from": "human",
        "value": "<image>\nWhich actors or actresses are featured prominently in this film?"
      },
      {
        "from": "gpt",
        "value": "The main actors in the film include Tom Hanks, Matt Damon, Tom Sizemore, Edward Burns, and Vin Diesel."
      }
    ]
  },
  {
    "id": "400041",
    "image": "downloaded_images/Movies/Saving_Private_Ryan/image_20241107_122346_24.jpg",
    "conversations": [
      {
        "from": "human",
        "value": "<image>\nWhat is the basic storyline of this film?"
      },
      {
        "from": "gpt",
        "value": "The central plot of \"Saving Private Ryan\" revolves around a group of U.S. soldiers during World War II who are tasked with finding and bringing home Private James Ryan, the last surviving brother of four servicemen. The film begins with the D-Day invasion of Normandy and follows Captain Miller (played by Tom Hanks) and his squad as they navigate the horrors of war to locate Ryan, who is paratrooping somewhere in France. The film is renowned for its realistic portrayal of combat and the sacrifices made by soldiers during the war."
      }
    ]
  },
  {
    "id": "400042",
    "image": "downloaded_images/Movies/Saving_Private_Ryan/image_20241107_122132_9.jpg",
    "conversations": [
      {
        "from": "human",
        "value": "<image>\nWhat is the basic storyline of this film?"
      },
      {
        "from": "gpt",
        "value": "The central plot of \"Saving Private Ryan\" revolves around a group of U.S. soldiers during World War II who are tasked with finding and bringing home Private James Ryan, the last surviving brother of four servicemen. The film begins with the D-Day invasion of Normandy and follows Captain Miller (played by Tom Hanks) and his squad as they navigate the horrors of war to locate Ryan, who is paratrooping somewhere in France. The film is renowned for its realistic portrayal of combat and the sacrifices made by soldiers during the war."
      }
    ]
  },
  {
    "id": "400043",
    "image": "downloaded_images/Movies/Saving_Private_Ryan/image_20241107_122140_10.jpg",
    "conversations": [
      {
        "from": "human",
        "value": "<image>\nWhat is the basic storyline of this film?"
      },
      {
        "from": "gpt",
        "value": "The central plot of \"Saving Private Ryan\" revolves around a group of U.S. soldiers during World War II who are tasked with finding and bringing home Private James Ryan, the last surviving brother of four servicemen. The film begins with the D-Day invasion of Normandy and follows Captain Miller (played by Tom Hanks) and his squad as they navigate the horrors of war to locate Ryan, who is paratrooping somewhere in France. The film is renowned for its realistic portrayal of combat and the sacrifices made by soldiers during the war."
      }
    ]
  },
  {
    "id": "400044",
    "image": "downloaded_images/Movies/Saving_Private_Ryan/image_20241107_122500_30.jpg",
    "conversations": [
      {
        "from": "human",
        "value": "<image>\nWhat is the basic storyline of this film?"
      },
      {
        "from": "gpt",
        "value": "The central plot of \"Saving Private Ryan\" revolves around a group of U.S. soldiers during World War II who are tasked with finding and bringing home Private James Ryan, the last surviving brother of four servicemen. The film begins with the D-Day invasion of Normandy and follows Captain Miller (played by Tom Hanks) and his squad as they navigate the horrors of war to locate Ryan, who is paratrooping somewhere in France. The film is renowned for its realistic portrayal of combat and the sacrifices made by soldiers during the war."
      }
    ]
  },
  {
    "id": "400045",
    "image": "downloaded_images/Movies/Saving_Private_Ryan/image_20241107_122048_5.jpg",
    "conversations": [
      {
        "from": "human",
        "value": "<image>\nWhat is the basic storyline of this film?"
      },
      {
        "from": "gpt",
        "value": "The central plot of \"Saving Private Ryan\" revolves around a group of U.S. soldiers during World War II who are tasked with finding and bringing home Private James Ryan, the last surviving brother of four servicemen. The film begins with the D-Day invasion of Normandy and follows Captain Miller (played by Tom Hanks) and his squad as they navigate the horrors of war to locate Ryan, who is paratrooping somewhere in France. The film is renowned for its realistic portrayal of combat and the sacrifices made by soldiers during the war."
      }
    ]
  }
]