[
  {
    "id": "1",
    "image": "downloaded_images/Cartoon/One_Piece/image_20241018_100544_1.jpg",
    "conversations": [
      {
        "from": "human",
        "value": "<image>\nWhat is the title of this cartoon?"
      },
      {
        "from": "gpt",
        "value": "The title of this cartoon is \"One Piece.\""
      }
    ]
  },
  {
    "id": "2",
    "image": "downloaded_images/Cartoon/One_Piece/image_20241018_100714_12.jpg",
    "conversations": [
      {
        "from": "human",
        "value": "<image>\nWho created or produced this cartoon?"
      },
      {
        "from": "gpt",
        "value": "\"One Piece\" was created by Eiichiro Oda and is produced by Toei Animation."
      }
    ]
  },
  {
    "id": "3",
    "image": "downloaded_images/Cartoon/One_Piece/image_20241018_100651_9.jpg",
    "conversations": [
      {
        "from": "human",
        "value": "<image>\nWhen was this cartoon first released or aired?"
      },
      {
        "from": "gpt",
        "value": "\"One Piece\" first aired on October 20, 1999."
      }
    ]
  },
  {
    "id": "4",
    "image": "downloaded_images/Cartoon/One_Piece/image_20241018_100651_9.jpg",
    "conversations": [
      {
        "from": "human",
        "value": "<image>\nWho are the main characters in this cartoon?"
      },
      {
        "from": "gpt",
        "value": "The main characters include Monkey D. Luffy, Roronoa Zoro, Nami, Usopp, Sanji, Tony Tony Chopper, Nico Robin, Franky, Brook, and Jinbe, among others."
      }
    ]
  },
  {
    "id": "5",
    "image": "downloaded_images/Cartoon/One_Piece/image_20241018_100627_6.jpg",
    "conversations": [
      {
        "from": "human",
        "value": "<image>\nWhat is the central storyline or premise of this cartoon?"
      },
      {
        "from": "gpt",
        "value": "The central storyline of \"One Piece\" follows Monkey D. Luffy, a young pirate with the ability to stretch his body like rubber after eating a Devil Fruit. Luffy sets out on a grand adventure to find the legendary treasure known as \"One Piece\" and become the Pirate King. Along the way, he gathers a diverse crew known as the Straw Hat Pirates, faces powerful enemies, and explores various islands and seas in a world filled with pirates, marines, and fantastical creatures."
      }
    ]
  },
  {
    "id": "6",
    "image": "downloaded_images/Cartoon/One_Piece/image_20241106_152336_9.jpg",
    "conversations": [
      {
        "from": "human",
        "value": "<image>\nWhat is the title of this cartoon?"
      },
      {
        "from": "gpt",
        "value": "The title of this cartoon is \"One Piece.\""
      }
    ]
  },
  {
    "id": "7",
    "image": "downloaded_images/Cartoon/One_Piece/image_20241106_152719_30.jpg",
    "conversations": [
      {
        "from": "human",
        "value": "<image>\nWhat is the title of this cartoon?"
      },
      {
        "from": "gpt",
        "value": "The title of this cartoon is \"One Piece.\""
      }
    ]
  },
  {
    "id": "8",
    "image": "downloaded_images/Cartoon/One_Piece/image_20241106_152353_11.jpg",
    "conversations": [
      {
        "from": "human",
        "value": "<image>\nWhat is the title of this cartoon?"
      },
      {
        "from": "gpt",
        "value": "The title of this cartoon is \"One Piece.\""
      }
    ]
  },
  {
    "id": "9",
    "image": "downloaded_images/Cartoon/One_Piece/image_20241106_152633_26.jpg",
    "conversations": [
      {
        "from": "human",
        "value": "<image>\nWhat is the title of this cartoon?"
      },
      {
        "from": "gpt",
        "value": "The title of this cartoon is \"One Piece.\""
      }
    ]
  },
  {
    "id": "10",
    "image": "downloaded_images/Cartoon/One_Piece/image_20241106_152529_19.jpg",
    "conversations": [
      {
        "from": "human",
        "value": "<image>\nWhat is the title of this cartoon?"
      },
      {
        "from": "gpt",
        "value": "The title of this cartoon is \"One Piece.\""
      }
    ]
  },
  {
    "id": "11",
    "image": "downloaded_images/Cartoon/One_Piece/image_20241106_152353_11.jpg",
    "conversations": [
      {
        "from": "human",
        "value": "<image>\nWho created or produced this cartoon?"
      },
      {
        "from": "gpt",
        "value": "\"One Piece\" was created by Eiichiro Oda and is produced by Toei Animation."
      }
    ]
  },
  {
    "id": "12",
    "image": "downloaded_images/Cartoon/One_Piece/image_20241018_100641_8.jpg",
    "conversations": [
      {
        "from": "human",
        "value": "<image>\nWho created or produced this cartoon?"
      },
      {
        "from": "gpt",
        "value": "\"One Piece\" was created by Eiichiro Oda and is produced by Toei Animation."
      }
    ]
  },
  {
    "id": "13",
    "image": "downloaded_images/Cartoon/One_Piece/image_20241106_152501_16.jpg",
    "conversations": [
      {
        "from": "human",
        "value": "<image>\nWho created or produced this cartoon?"
      },
      {
        "from": "gpt",
        "value": "\"One Piece\" was created by Eiichiro Oda and is produced by Toei Animation."
      }
    ]
  },
  {
    "id": "14",
    "image": "downloaded_images/Cartoon/One_Piece/image_20241106_152443_14.jpg",
    "conversations": [
      {
        "from": "human",
        "value": "<image>\nWho created or produced this cartoon?"
      },
      {
        "from": "gpt",
        "value": "\"One Piece\" was created by Eiichiro Oda and is produced by Toei Animation."
      }
    ]
  },
  {
    "id": "15",
    "image": "downloaded_images/Cartoon/One_Piece/image_20241018_100617_5.jpg",
    "conversations": [
      {
        "from": "human",
        "value": "<image>\nWho created or produced this cartoon?"
      },
      {
        "from": "gpt",
        "value": "\"One Piece\" was created by Eiichiro Oda and is produced by Toei Animation."
      }
    ]
  },
  {
    "id": "16",
    "image": "downloaded_images/Cartoon/One_Piece/image_20241018_100627_6.jpg",
    "conversations": [
      {
        "from": "human",
        "value": "<image>\nWhen was this cartoon first released or aired?"
      },
      {
        "from": "gpt",
        "value": "\"One Piece\" first aired on October 20, 1999."
      }
    ]
  },
  {
    "id": "17",
    "image": "downloaded_images/Cartoon/One_Piece/image_20241106_152557_22.jpg",
    "conversations": [
      {
        "from": "human",
        "value": "<image>\nWhen was this cartoon first released or aired?"
      },
      {
        "from": "gpt",
        "value": "\"One Piece\" first aired on October 20, 1999."
      }
    ]
  },
  {
    "id": "18",
    "image": "downloaded_images/Cartoon/One_Piece/image_20241106_152336_9.jpg",
    "conversations": [
      {
        "from": "human",
        "value": "<image>\nWhen was this cartoon first released or aired?"
      },
      {
        "from": "gpt",
        "value": "\"One Piece\" first aired on October 20, 1999."
      }
    ]
  },
  {
    "id": "19",
    "image": "downloaded_images/Cartoon/One_Piece/image_20241106_152624_25.jpg",
    "conversations": [
      {
        "from": "human",
        "value": "<image>\nWhen was this cartoon first released or aired?"
      },
      {
        "from": "gpt",
        "value": "\"One Piece\" first aired on October 20, 1999."
      }
    ]
  },
  {
    "id": "20",
    "image": "downloaded_images/Cartoon/One_Piece/image_20241018_100658_10.jpg",
    "conversations": [
      {
        "from": "human",
        "value": "<image>\nWhen was this cartoon first released or aired?"
      },
      {
        "from": "gpt",
        "value": "\"One Piece\" first aired on October 20, 1999."
      }
    ]
  },
  {
    "id": "21",
    "image": "downloaded_images/Cartoon/One_Piece/image_20241106_152344_10.jpg",
    "conversations": [
      {
        "from": "human",
        "value": "<image>\nWho are the main characters in this cartoon?"
      },
      {
        "from": "gpt",
        "value": "The main characters include Monkey D. Luffy, Roronoa Zoro, Nami, Usopp, Sanji, Tony Tony Chopper, Nico Robin, Franky, Brook, and Jinbe, among others."
      }
    ]
  },
  {
    "id": "22",
    "image": "downloaded_images/Cartoon/One_Piece/image_20241106_152537_20.jpg",
    "conversations": [
      {
        "from": "human",
        "value": "<image>\nWho are the main characters in this cartoon?"
      },
      {
        "from": "gpt",
        "value": "The main characters include Monkey D. Luffy, Roronoa Zoro, Nami, Usopp, Sanji, Tony Tony Chopper, Nico Robin, Franky, Brook, and Jinbe, among others."
      }
    ]
  },
  {
    "id": "23",
    "image": "downloaded_images/Cartoon/One_Piece/image_20241018_100544_1.jpg",
    "conversations": [
      {
        "from": "human",
        "value": "<image>\nWho are the main characters in this cartoon?"
      },
      {
        "from": "gpt",
        "value": "The main characters include Monkey D. Luffy, Roronoa Zoro, Nami, Usopp, Sanji, Tony Tony Chopper, Nico Robin, Franky, Brook, and Jinbe, among others."
      }
    ]
  },
  {
    "id": "24",
    "image": "downloaded_images/Cartoon/One_Piece/image_20241106_152434_13.jpg",
    "conversations": [
      {
        "from": "human",
        "value": "<image>\nWho are the main characters in this cartoon?"
      },
      {
        "from": "gpt",
        "value": "The main characters include Monkey D. Luffy, Roronoa Zoro, Nami, Usopp, Sanji, Tony Tony Chopper, Nico Robin, Franky, Brook, and Jinbe, among others."
      }
    ]
  },
  {
    "id": "25",
    "image": "downloaded_images/Cartoon/One_Piece/image_20241106_152229_2.jpg",
    "conversations": [
      {
        "from": "human",
        "value": "<image>\nWho are the main characters in this cartoon?"
      },
      {
        "from": "gpt",
        "value": "The main characters include Monkey D. Luffy, Roronoa Zoro, Nami, Usopp, Sanji, Tony Tony Chopper, Nico Robin, Franky, Brook, and Jinbe, among others."
      }
    ]
  },
  {
    "id": "26",
    "image": "downloaded_images/Cartoon/One_Piece/image_20241018_100544_1.jpg",
    "conversations": [
      {
        "from": "human",
        "value": "<image>\nWhat is the central storyline or premise of this cartoon?"
      },
      {
        "from": "gpt",
        "value": "The central storyline of \"One Piece\" follows Monkey D. Luffy, a young pirate with the ability to stretch his body like rubber after eating a Devil Fruit. Luffy sets out on a grand adventure to find the legendary treasure known as \"One Piece\" and become the Pirate King. Along the way, he gathers a diverse crew known as the Straw Hat Pirates, faces powerful enemies, and explores various islands and seas in a world filled with pirates, marines, and fantastical creatures."
      }
    ]
  },
  {
    "id": "27",
    "image": "downloaded_images/Cartoon/One_Piece/image_20241106_152248_4.jpg",
    "conversations": [
      {
        "from": "human",
        "value": "<image>\nWhat is the central storyline or premise of this cartoon?"
      },
      {
        "from": "gpt",
        "value": "The central storyline of \"One Piece\" follows Monkey D. Luffy, a young pirate with the ability to stretch his body like rubber after eating a Devil Fruit. Luffy sets out on a grand adventure to find the legendary treasure known as \"One Piece\" and become the Pirate King. Along the way, he gathers a diverse crew known as the Straw Hat Pirates, faces powerful enemies, and explores various islands and seas in a world filled with pirates, marines, and fantastical creatures."
      }
    ]
  },
  {
    "id": "28",
    "image": "downloaded_images/Cartoon/One_Piece/image_20241106_152606_23.jpg",
    "conversations": [
      {
        "from": "human",
        "value": "<image>\nWhat is the central storyline or premise of this cartoon?"
      },
      {
        "from": "gpt",
        "value": "The central storyline of \"One Piece\" follows Monkey D. Luffy, a young pirate with the ability to stretch his body like rubber after eating a Devil Fruit. Luffy sets out on a grand adventure to find the legendary treasure known as \"One Piece\" and become the Pirate King. Along the way, he gathers a diverse crew known as the Straw Hat Pirates, faces powerful enemies, and explores various islands and seas in a world filled with pirates, marines, and fantastical creatures."
      }
    ]
  },
  {
    "id": "29",
    "image": "downloaded_images/Cartoon/One_Piece/image_20241106_152520_18.jpg",
    "conversations": [
      {
        "from": "human",
        "value": "<image>\nWhat is the central storyline or premise of this cartoon?"
      },
      {
        "from": "gpt",
        "value": "The central storyline of \"One Piece\" follows Monkey D. Luffy, a young pirate with the ability to stretch his body like rubber after eating a Devil Fruit. Luffy sets out on a grand adventure to find the legendary treasure known as \"One Piece\" and become the Pirate King. Along the way, he gathers a diverse crew known as the Straw Hat Pirates, faces powerful enemies, and explores various islands and seas in a world filled with pirates, marines, and fantastical creatures."
      }
    ]
  },
  {
    "id": "30",
    "image": "downloaded_images/Cartoon/One_Piece/image_20241106_152645_27.jpg",
    "conversations": [
      {
        "from": "human",
        "value": "<image>\nWhat is the central storyline or premise of this cartoon?"
      },
      {
        "from": "gpt",
        "value": "The central storyline of \"One Piece\" follows Monkey D. Luffy, a young pirate with the ability to stretch his body like rubber after eating a Devil Fruit. Luffy sets out on a grand adventure to find the legendary treasure known as \"One Piece\" and become the Pirate King. Along the way, he gathers a diverse crew known as the Straw Hat Pirates, faces powerful enemies, and explores various islands and seas in a world filled with pirates, marines, and fantastical creatures."
      }
    ]
  },
  {
    "id": "100001",
    "image": "downloaded_images/Cartoon/One_Piece/image_20241018_100544_1.jpg",
    "conversations": [
      {
        "from": "human",
        "value": "<image>\nWhat is the name of this cartoon?"
      },
      {
        "from": "gpt",
        "value": "The title of this cartoon is \"One Piece.\""
      }
    ]
  },
  {
    "id": "100002",
    "image": "downloaded_images/Cartoon/One_Piece/image_20241018_100714_12.jpg",
    "conversations": [
      {
        "from": "human",
        "value": "<image>\nWho is the creator or producer of this cartoon?"
      },
      {
        "from": "gpt",
        "value": "\"One Piece\" was created by Eiichiro Oda and is produced by Toei Animation."
      }
    ]
  },
  {
    "id": "100003",
    "image": "downloaded_images/Cartoon/One_Piece/image_20241018_100651_9.jpg",
    "conversations": [
      {
        "from": "human",
        "value": "<image>\nWhen did this cartoon first debut or air?"
      },
      {
        "from": "gpt",
        "value": "\"One Piece\" first aired on October 20, 1999."
      }
    ]
  },
  {
    "id": "100004",
    "image": "downloaded_images/Cartoon/One_Piece/image_20241018_100651_9.jpg",
    "conversations": [
      {
        "from": "human",
        "value": "<image>\nWho are the primary characters in this cartoon?"
      },
      {
        "from": "gpt",
        "value": "The main characters include Monkey D. Luffy, Roronoa Zoro, Nami, Usopp, Sanji, Tony Tony Chopper, Nico Robin, Franky, Brook, and Jinbe, among others."
      }
    ]
  },
  {
    "id": "100005",
    "image": "downloaded_images/Cartoon/One_Piece/image_20241018_100627_6.jpg",
    "conversations": [
      {
        "from": "human",
        "value": "<image>\nWhat is the main plot or premise of this cartoon?"
      },
      {
        "from": "gpt",
        "value": "The central storyline of \"One Piece\" follows Monkey D. Luffy, a young pirate with the ability to stretch his body like rubber after eating a Devil Fruit. Luffy sets out on a grand adventure to find the legendary treasure known as \"One Piece\" and become the Pirate King. Along the way, he gathers a diverse crew known as the Straw Hat Pirates, faces powerful enemies, and explores various islands and seas in a world filled with pirates, marines, and fantastical creatures."
      }
    ]
  },
  {
    "id": "100006",
    "image": "downloaded_images/Cartoon/One_Piece/image_20241106_152336_9.jpg",
    "conversations": [
      {
        "from": "human",
        "value": "<image>\nWhat is the name of this cartoon?"
      },
      {
        "from": "gpt",
        "value": "The title of this cartoon is \"One Piece.\""
      }
    ]
  },
  {
    "id": "100007",
    "image": "downloaded_images/Cartoon/One_Piece/image_20241106_152719_30.jpg",
    "conversations": [
      {
        "from": "human",
        "value": "<image>\nWhat is the name of this cartoon?"
      },
      {
        "from": "gpt",
        "value": "The title of this cartoon is \"One Piece.\""
      }
    ]
  },
  {
    "id": "100008",
    "image": "downloaded_images/Cartoon/One_Piece/image_20241106_152353_11.jpg",
    "conversations": [
      {
        "from": "human",
        "value": "<image>\nWhat is the name of this cartoon?"
      },
      {
        "from": "gpt",
        "value": "The title of this cartoon is \"One Piece.\""
      }
    ]
  },
  {
    "id": "100009",
    "image": "downloaded_images/Cartoon/One_Piece/image_20241106_152633_26.jpg",
    "conversations": [
      {
        "from": "human",
        "value": "<image>\nWhat is the name of this cartoon?"
      },
      {
        "from": "gpt",
        "value": "The title of this cartoon is \"One Piece.\""
      }
    ]
  },
  {
    "id": "100010",
    "image": "downloaded_images/Cartoon/One_Piece/image_20241106_152529_19.jpg",
    "conversations": [
      {
        "from": "human",
        "value": "<image>\nWhat is the name of this cartoon?"
      },
      {
        "from": "gpt",
        "value": "The title of this cartoon is \"One Piece.\""
      }
    ]
  },
  {
    "id": "100011",
    "image": "downloaded_images/Cartoon/One_Piece/image_20241106_152353_11.jpg",
    "conversations": [
      {
        "from": "human",
        "value": "<image>\nWho is the creator or producer of this cartoon?"
      },
      {
        "from": "gpt",
        "value": "\"One Piece\" was created by Eiichiro Oda and is produced by Toei Animation."
      }
    ]
  },
  {
    "id": "100012",
    "image": "downloaded_images/Cartoon/One_Piece/image_20241018_100641_8.jpg",
    "conversations": [
      {
        "from": "human",
        "value": "<image>\nWho is the creator or producer of this cartoon?"
      },
      {
        "from": "gpt",
        "value": "\"One Piece\" was created by Eiichiro Oda and is produced by Toei Animation."
      }
    ]
  },
  {
    "id": "100013",
    "image": "downloaded_images/Cartoon/One_Piece/image_20241106_152501_16.jpg",
    "conversations": [
      {
        "from": "human",
        "value": "<image>\nWho is the creator or producer of this cartoon?"
      },
      {
        "from": "gpt",
        "value": "\"One Piece\" was created by Eiichiro Oda and is produced by Toei Animation."
      }
    ]
  },
  {
    "id": "100014",
    "image": "downloaded_images/Cartoon/One_Piece/image_20241106_152443_14.jpg",
    "conversations": [
      {
        "from": "human",
        "value": "<image>\nWho is the creator or producer of this cartoon?"
      },
      {
        "from": "gpt",
        "value": "\"One Piece\" was created by Eiichiro Oda and is produced by Toei Animation."
      }
    ]
  },
  {
    "id": "100015",
    "image": "downloaded_images/Cartoon/One_Piece/image_20241018_100617_5.jpg",
    "conversations": [
      {
        "from": "human",
        "value": "<image>\nWho is the creator or producer of this cartoon?"
      },
      {
        "from": "gpt",
        "value": "\"One Piece\" was created by Eiichiro Oda and is produced by Toei Animation."
      }
    ]
  },
  {
    "id": "100016",
    "image": "downloaded_images/Cartoon/One_Piece/image_20241018_100627_6.jpg",
    "conversations": [
      {
        "from": "human",
        "value": "<image>\nWhen did this cartoon first debut or air?"
      },
      {
        "from": "gpt",
        "value": "\"One Piece\" first aired on October 20, 1999."
      }
    ]
  },
  {
    "id": "100017",
    "image": "downloaded_images/Cartoon/One_Piece/image_20241106_152557_22.jpg",
    "conversations": [
      {
        "from": "human",
        "value": "<image>\nWhen did this cartoon first debut or air?"
      },
      {
        "from": "gpt",
        "value": "\"One Piece\" first aired on October 20, 1999."
      }
    ]
  },
  {
    "id": "100018",
    "image": "downloaded_images/Cartoon/One_Piece/image_20241106_152336_9.jpg",
    "conversations": [
      {
        "from": "human",
        "value": "<image>\nWhen did this cartoon first debut or air?"
      },
      {
        "from": "gpt",
        "value": "\"One Piece\" first aired on October 20, 1999."
      }
    ]
  },
  {
    "id": "100019",
    "image": "downloaded_images/Cartoon/One_Piece/image_20241106_152624_25.jpg",
    "conversations": [
      {
        "from": "human",
        "value": "<image>\nWhen did this cartoon first debut or air?"
      },
      {
        "from": "gpt",
        "value": "\"One Piece\" first aired on October 20, 1999."
      }
    ]
  },
  {
    "id": "100020",
    "image": "downloaded_images/Cartoon/One_Piece/image_20241018_100658_10.jpg",
    "conversations": [
      {
        "from": "human",
        "value": "<image>\nWhen did this cartoon first debut or air?"
      },
      {
        "from": "gpt",
        "value": "\"One Piece\" first aired on October 20, 1999."
      }
    ]
  },
  {
    "id": "100021",
    "image": "downloaded_images/Cartoon/One_Piece/image_20241106_152344_10.jpg",
    "conversations": [
      {
        "from": "human",
        "value": "<image>\nWho are the primary characters in this cartoon?"
      },
      {
        "from": "gpt",
        "value": "The main characters include Monkey D. Luffy, Roronoa Zoro, Nami, Usopp, Sanji, Tony Tony Chopper, Nico Robin, Franky, Brook, and Jinbe, among others."
      }
    ]
  },
  {
    "id": "100022",
    "image": "downloaded_images/Cartoon/One_Piece/image_20241106_152537_20.jpg",
    "conversations": [
      {
        "from": "human",
        "value": "<image>\nWho are the primary characters in this cartoon?"
      },
      {
        "from": "gpt",
        "value": "The main characters include Monkey D. Luffy, Roronoa Zoro, Nami, Usopp, Sanji, Tony Tony Chopper, Nico Robin, Franky, Brook, and Jinbe, among others."
      }
    ]
  },
  {
    "id": "100023",
    "image": "downloaded_images/Cartoon/One_Piece/image_20241018_100544_1.jpg",
    "conversations": [
      {
        "from": "human",
        "value": "<image>\nWho are the primary characters in this cartoon?"
      },
      {
        "from": "gpt",
        "value": "The main characters include Monkey D. Luffy, Roronoa Zoro, Nami, Usopp, Sanji, Tony Tony Chopper, Nico Robin, Franky, Brook, and Jinbe, among others."
      }
    ]
  },
  {
    "id": "100024",
    "image": "downloaded_images/Cartoon/One_Piece/image_20241106_152434_13.jpg",
    "conversations": [
      {
        "from": "human",
        "value": "<image>\nWho are the primary characters in this cartoon?"
      },
      {
        "from": "gpt",
        "value": "The main characters include Monkey D. Luffy, Roronoa Zoro, Nami, Usopp, Sanji, Tony Tony Chopper, Nico Robin, Franky, Brook, and Jinbe, among others."
      }
    ]
  },
  {
    "id": "100025",
    "image": "downloaded_images/Cartoon/One_Piece/image_20241106_152229_2.jpg",
    "conversations": [
      {
        "from": "human",
        "value": "<image>\nWho are the primary characters in this cartoon?"
      },
      {
        "from": "gpt",
        "value": "The main characters include Monkey D. Luffy, Roronoa Zoro, Nami, Usopp, Sanji, Tony Tony Chopper, Nico Robin, Franky, Brook, and Jinbe, among others."
      }
    ]
  },
  {
    "id": "100026",
    "image": "downloaded_images/Cartoon/One_Piece/image_20241018_100544_1.jpg",
    "conversations": [
      {
        "from": "human",
        "value": "<image>\nWhat is the main plot or premise of this cartoon?"
      },
      {
        "from": "gpt",
        "value": "The central storyline of \"One Piece\" follows Monkey D. Luffy, a young pirate with the ability to stretch his body like rubber after eating a Devil Fruit. Luffy sets out on a grand adventure to find the legendary treasure known as \"One Piece\" and become the Pirate King. Along the way, he gathers a diverse crew known as the Straw Hat Pirates, faces powerful enemies, and explores various islands and seas in a world filled with pirates, marines, and fantastical creatures."
      }
    ]
  },
  {
    "id": "100027",
    "image": "downloaded_images/Cartoon/One_Piece/image_20241106_152248_4.jpg",
    "conversations": [
      {
        "from": "human",
        "value": "<image>\nWhat is the main plot or premise of this cartoon?"
      },
      {
        "from": "gpt",
        "value": "The central storyline of \"One Piece\" follows Monkey D. Luffy, a young pirate with the ability to stretch his body like rubber after eating a Devil Fruit. Luffy sets out on a grand adventure to find the legendary treasure known as \"One Piece\" and become the Pirate King. Along the way, he gathers a diverse crew known as the Straw Hat Pirates, faces powerful enemies, and explores various islands and seas in a world filled with pirates, marines, and fantastical creatures."
      }
    ]
  },
  {
    "id": "100028",
    "image": "downloaded_images/Cartoon/One_Piece/image_20241106_152606_23.jpg",
    "conversations": [
      {
        "from": "human",
        "value": "<image>\nWhat is the main plot or premise of this cartoon?"
      },
      {
        "from": "gpt",
        "value": "The central storyline of \"One Piece\" follows Monkey D. Luffy, a young pirate with the ability to stretch his body like rubber after eating a Devil Fruit. Luffy sets out on a grand adventure to find the legendary treasure known as \"One Piece\" and become the Pirate King. Along the way, he gathers a diverse crew known as the Straw Hat Pirates, faces powerful enemies, and explores various islands and seas in a world filled with pirates, marines, and fantastical creatures."
      }
    ]
  },
  {
    "id": "100029",
    "image": "downloaded_images/Cartoon/One_Piece/image_20241106_152520_18.jpg",
    "conversations": [
      {
        "from": "human",
        "value": "<image>\nWhat is the main plot or premise of this cartoon?"
      },
      {
        "from": "gpt",
        "value": "The central storyline of \"One Piece\" follows Monkey D. Luffy, a young pirate with the ability to stretch his body like rubber after eating a Devil Fruit. Luffy sets out on a grand adventure to find the legendary treasure known as \"One Piece\" and become the Pirate King. Along the way, he gathers a diverse crew known as the Straw Hat Pirates, faces powerful enemies, and explores various islands and seas in a world filled with pirates, marines, and fantastical creatures."
      }
    ]
  },
  {
    "id": "100030",
    "image": "downloaded_images/Cartoon/One_Piece/image_20241106_152645_27.jpg",
    "conversations": [
      {
        "from": "human",
        "value": "<image>\nWhat is the main plot or premise of this cartoon?"
      },
      {
        "from": "gpt",
        "value": "The central storyline of \"One Piece\" follows Monkey D. Luffy, a young pirate with the ability to stretch his body like rubber after eating a Devil Fruit. Luffy sets out on a grand adventure to find the legendary treasure known as \"One Piece\" and become the Pirate King. Along the way, he gathers a diverse crew known as the Straw Hat Pirates, faces powerful enemies, and explores various islands and seas in a world filled with pirates, marines, and fantastical creatures."
      }
    ]
  },
  {
    "id": "200001",
    "image": "downloaded_images/Cartoon/One_Piece/image_20241018_100544_1.jpg",
    "conversations": [
      {
        "from": "human",
        "value": "<image>\nWhat is the title of this animated series?"
      },
      {
        "from": "gpt",
        "value": "The title of this cartoon is \"One Piece.\""
      }
    ]
  },
  {
    "id": "200002",
    "image": "downloaded_images/Cartoon/One_Piece/image_20241018_100714_12.jpg",
    "conversations": [
      {
        "from": "human",
        "value": "<image>\nWho made or produced this animated show?"
      },
      {
        "from": "gpt",
        "value": "\"One Piece\" was created by Eiichiro Oda and is produced by Toei Animation."
      }
    ]
  },
  {
    "id": "200003",
    "image": "downloaded_images/Cartoon/One_Piece/image_20241018_100651_9.jpg",
    "conversations": [
      {
        "from": "human",
        "value": "<image>\nWhat year was this cartoon released?"
      },
      {
        "from": "gpt",
        "value": "\"One Piece\" first aired on October 20, 1999."
      }
    ]
  },
  {
    "id": "200004",
    "image": "downloaded_images/Cartoon/One_Piece/image_20241018_100651_9.jpg",
    "conversations": [
      {
        "from": "human",
        "value": "<image>\nWho are the main figures in this animated series?"
      },
      {
        "from": "gpt",
        "value": "The main characters include Monkey D. Luffy, Roronoa Zoro, Nami, Usopp, Sanji, Tony Tony Chopper, Nico Robin, Franky, Brook, and Jinbe, among others."
      }
    ]
  },
  {
    "id": "200005",
    "image": "downloaded_images/Cartoon/One_Piece/image_20241018_100627_6.jpg",
    "conversations": [
      {
        "from": "human",
        "value": "<image>\nWhat is the central storyline of this animated series?"
      },
      {
        "from": "gpt",
        "value": "The central storyline of \"One Piece\" follows Monkey D. Luffy, a young pirate with the ability to stretch his body like rubber after eating a Devil Fruit. Luffy sets out on a grand adventure to find the legendary treasure known as \"One Piece\" and become the Pirate King. Along the way, he gathers a diverse crew known as the Straw Hat Pirates, faces powerful enemies, and explores various islands and seas in a world filled with pirates, marines, and fantastical creatures."
      }
    ]
  },
  {
    "id": "200006",
    "image": "downloaded_images/Cartoon/One_Piece/image_20241106_152336_9.jpg",
    "conversations": [
      {
        "from": "human",
        "value": "<image>\nWhat is the title of this animated series?"
      },
      {
        "from": "gpt",
        "value": "The title of this cartoon is \"One Piece.\""
      }
    ]
  },
  {
    "id": "200007",
    "image": "downloaded_images/Cartoon/One_Piece/image_20241106_152719_30.jpg",
    "conversations": [
      {
        "from": "human",
        "value": "<image>\nWhat is the title of this animated series?"
      },
      {
        "from": "gpt",
        "value": "The title of this cartoon is \"One Piece.\""
      }
    ]
  },
  {
    "id": "200008",
    "image": "downloaded_images/Cartoon/One_Piece/image_20241106_152353_11.jpg",
    "conversations": [
      {
        "from": "human",
        "value": "<image>\nWhat is the title of this animated series?"
      },
      {
        "from": "gpt",
        "value": "The title of this cartoon is \"One Piece.\""
      }
    ]
  },
  {
    "id": "200009",
    "image": "downloaded_images/Cartoon/One_Piece/image_20241106_152633_26.jpg",
    "conversations": [
      {
        "from": "human",
        "value": "<image>\nWhat is the title of this animated series?"
      },
      {
        "from": "gpt",
        "value": "The title of this cartoon is \"One Piece.\""
      }
    ]
  },
  {
    "id": "200010",
    "image": "downloaded_images/Cartoon/One_Piece/image_20241106_152529_19.jpg",
    "conversations": [
      {
        "from": "human",
        "value": "<image>\nWhat is the title of this animated series?"
      },
      {
        "from": "gpt",
        "value": "The title of this cartoon is \"One Piece.\""
      }
    ]
  },
  {
    "id": "200011",
    "image": "downloaded_images/Cartoon/One_Piece/image_20241106_152353_11.jpg",
    "conversations": [
      {
        "from": "human",
        "value": "<image>\nWho made or produced this animated show?"
      },
      {
        "from": "gpt",
        "value": "\"One Piece\" was created by Eiichiro Oda and is produced by Toei Animation."
      }
    ]
  },
  {
    "id": "200012",
    "image": "downloaded_images/Cartoon/One_Piece/image_20241018_100641_8.jpg",
    "conversations": [
      {
        "from": "human",
        "value": "<image>\nWho made or produced this animated show?"
      },
      {
        "from": "gpt",
        "value": "\"One Piece\" was created by Eiichiro Oda and is produced by Toei Animation."
      }
    ]
  },
  {
    "id": "200013",
    "image": "downloaded_images/Cartoon/One_Piece/image_20241106_152501_16.jpg",
    "conversations": [
      {
        "from": "human",
        "value": "<image>\nWho made or produced this animated show?"
      },
      {
        "from": "gpt",
        "value": "\"One Piece\" was created by Eiichiro Oda and is produced by Toei Animation."
      }
    ]
  },
  {
    "id": "200014",
    "image": "downloaded_images/Cartoon/One_Piece/image_20241106_152443_14.jpg",
    "conversations": [
      {
        "from": "human",
        "value": "<image>\nWho made or produced this animated show?"
      },
      {
        "from": "gpt",
        "value": "\"One Piece\" was created by Eiichiro Oda and is produced by Toei Animation."
      }
    ]
  },
  {
    "id": "200015",
    "image": "downloaded_images/Cartoon/One_Piece/image_20241018_100617_5.jpg",
    "conversations": [
      {
        "from": "human",
        "value": "<image>\nWho made or produced this animated show?"
      },
      {
        "from": "gpt",
        "value": "\"One Piece\" was created by Eiichiro Oda and is produced by Toei Animation."
      }
    ]
  },
  {
    "id": "200016",
    "image": "downloaded_images/Cartoon/One_Piece/image_20241018_100627_6.jpg",
    "conversations": [
      {
        "from": "human",
        "value": "<image>\nWhat year was this cartoon released?"
      },
      {
        "from": "gpt",
        "value": "\"One Piece\" first aired on October 20, 1999."
      }
    ]
  },
  {
    "id": "200017",
    "image": "downloaded_images/Cartoon/One_Piece/image_20241106_152557_22.jpg",
    "conversations": [
      {
        "from": "human",
        "value": "<image>\nWhat year was this cartoon released?"
      },
      {
        "from": "gpt",
        "value": "\"One Piece\" first aired on October 20, 1999."
      }
    ]
  },
  {
    "id": "200018",
    "image": "downloaded_images/Cartoon/One_Piece/image_20241106_152336_9.jpg",
    "conversations": [
      {
        "from": "human",
        "value": "<image>\nWhat year was this cartoon released?"
      },
      {
        "from": "gpt",
        "value": "\"One Piece\" first aired on October 20, 1999."
      }
    ]
  },
  {
    "id": "200019",
    "image": "downloaded_images/Cartoon/One_Piece/image_20241106_152624_25.jpg",
    "conversations": [
      {
        "from": "human",
        "value": "<image>\nWhat year was this cartoon released?"
      },
      {
        "from": "gpt",
        "value": "\"One Piece\" first aired on October 20, 1999."
      }
    ]
  },
  {
    "id": "200020",
    "image": "downloaded_images/Cartoon/One_Piece/image_20241018_100658_10.jpg",
    "conversations": [
      {
        "from": "human",
        "value": "<image>\nWhat year was this cartoon released?"
      },
      {
        "from": "gpt",
        "value": "\"One Piece\" first aired on October 20, 1999."
      }
    ]
  },
  {
    "id": "200021",
    "image": "downloaded_images/Cartoon/One_Piece/image_20241106_152344_10.jpg",
    "conversations": [
      {
        "from": "human",
        "value": "<image>\nWho are the main figures in this animated series?"
      },
      {
        "from": "gpt",
        "value": "The main characters include Monkey D. Luffy, Roronoa Zoro, Nami, Usopp, Sanji, Tony Tony Chopper, Nico Robin, Franky, Brook, and Jinbe, among others."
      }
    ]
  },
  {
    "id": "200022",
    "image": "downloaded_images/Cartoon/One_Piece/image_20241106_152537_20.jpg",
    "conversations": [
      {
        "from": "human",
        "value": "<image>\nWho are the main figures in this animated series?"
      },
      {
        "from": "gpt",
        "value": "The main characters include Monkey D. Luffy, Roronoa Zoro, Nami, Usopp, Sanji, Tony Tony Chopper, Nico Robin, Franky, Brook, and Jinbe, among others."
      }
    ]
  },
  {
    "id": "200023",
    "image": "downloaded_images/Cartoon/One_Piece/image_20241018_100544_1.jpg",
    "conversations": [
      {
        "from": "human",
        "value": "<image>\nWho are the main figures in this animated series?"
      },
      {
        "from": "gpt",
        "value": "The main characters include Monkey D. Luffy, Roronoa Zoro, Nami, Usopp, Sanji, Tony Tony Chopper, Nico Robin, Franky, Brook, and Jinbe, among others."
      }
    ]
  },
  {
    "id": "200024",
    "image": "downloaded_images/Cartoon/One_Piece/image_20241106_152434_13.jpg",
    "conversations": [
      {
        "from": "human",
        "value": "<image>\nWho are the main figures in this animated series?"
      },
      {
        "from": "gpt",
        "value": "The main characters include Monkey D. Luffy, Roronoa Zoro, Nami, Usopp, Sanji, Tony Tony Chopper, Nico Robin, Franky, Brook, and Jinbe, among others."
      }
    ]
  },
  {
    "id": "200025",
    "image": "downloaded_images/Cartoon/One_Piece/image_20241106_152229_2.jpg",
    "conversations": [
      {
        "from": "human",
        "value": "<image>\nWho are the main figures in this animated series?"
      },
      {
        "from": "gpt",
        "value": "The main characters include Monkey D. Luffy, Roronoa Zoro, Nami, Usopp, Sanji, Tony Tony Chopper, Nico Robin, Franky, Brook, and Jinbe, among others."
      }
    ]
  },
  {
    "id": "200026",
    "image": "downloaded_images/Cartoon/One_Piece/image_20241018_100544_1.jpg",
    "conversations": [
      {
        "from": "human",
        "value": "<image>\nWhat is the central storyline of this animated series?"
      },
      {
        "from": "gpt",
        "value": "The central storyline of \"One Piece\" follows Monkey D. Luffy, a young pirate with the ability to stretch his body like rubber after eating a Devil Fruit. Luffy sets out on a grand adventure to find the legendary treasure known as \"One Piece\" and become the Pirate King. Along the way, he gathers a diverse crew known as the Straw Hat Pirates, faces powerful enemies, and explores various islands and seas in a world filled with pirates, marines, and fantastical creatures."
      }
    ]
  },
  {
    "id": "200027",
    "image": "downloaded_images/Cartoon/One_Piece/image_20241106_152248_4.jpg",
    "conversations": [
      {
        "from": "human",
        "value": "<image>\nWhat is the central storyline of this animated series?"
      },
      {
        "from": "gpt",
        "value": "The central storyline of \"One Piece\" follows Monkey D. Luffy, a young pirate with the ability to stretch his body like rubber after eating a Devil Fruit. Luffy sets out on a grand adventure to find the legendary treasure known as \"One Piece\" and become the Pirate King. Along the way, he gathers a diverse crew known as the Straw Hat Pirates, faces powerful enemies, and explores various islands and seas in a world filled with pirates, marines, and fantastical creatures."
      }
    ]
  },
  {
    "id": "200028",
    "image": "downloaded_images/Cartoon/One_Piece/image_20241106_152606_23.jpg",
    "conversations": [
      {
        "from": "human",
        "value": "<image>\nWhat is the central storyline of this animated series?"
      },
      {
        "from": "gpt",
        "value": "The central storyline of \"One Piece\" follows Monkey D. Luffy, a young pirate with the ability to stretch his body like rubber after eating a Devil Fruit. Luffy sets out on a grand adventure to find the legendary treasure known as \"One Piece\" and become the Pirate King. Along the way, he gathers a diverse crew known as the Straw Hat Pirates, faces powerful enemies, and explores various islands and seas in a world filled with pirates, marines, and fantastical creatures."
      }
    ]
  },
  {
    "id": "200029",
    "image": "downloaded_images/Cartoon/One_Piece/image_20241106_152520_18.jpg",
    "conversations": [
      {
        "from": "human",
        "value": "<image>\nWhat is the central storyline of this animated series?"
      },
      {
        "from": "gpt",
        "value": "The central storyline of \"One Piece\" follows Monkey D. Luffy, a young pirate with the ability to stretch his body like rubber after eating a Devil Fruit. Luffy sets out on a grand adventure to find the legendary treasure known as \"One Piece\" and become the Pirate King. Along the way, he gathers a diverse crew known as the Straw Hat Pirates, faces powerful enemies, and explores various islands and seas in a world filled with pirates, marines, and fantastical creatures."
      }
    ]
  },
  {
    "id": "200030",
    "image": "downloaded_images/Cartoon/One_Piece/image_20241106_152645_27.jpg",
    "conversations": [
      {
        "from": "human",
        "value": "<image>\nWhat is the central storyline of this animated series?"
      },
      {
        "from": "gpt",
        "value": "The central storyline of \"One Piece\" follows Monkey D. Luffy, a young pirate with the ability to stretch his body like rubber after eating a Devil Fruit. Luffy sets out on a grand adventure to find the legendary treasure known as \"One Piece\" and become the Pirate King. Along the way, he gathers a diverse crew known as the Straw Hat Pirates, faces powerful enemies, and explores various islands and seas in a world filled with pirates, marines, and fantastical creatures."
      }
    ]
  },
  {
    "id": "300001",
    "image": "downloaded_images/Cartoon/One_Piece/image_20241018_100544_1.jpg",
    "conversations": [
      {
        "from": "human",
        "value": "<image>\nHow is this cartoon referred to?"
      },
      {
        "from": "gpt",
        "value": "The title of this cartoon is \"One Piece.\""
      }
    ]
  },
  {
    "id": "300002",
    "image": "downloaded_images/Cartoon/One_Piece/image_20241018_100714_12.jpg",
    "conversations": [
      {
        "from": "human",
        "value": "<image>\nWho is responsible for creating this cartoon?"
      },
      {
        "from": "gpt",
        "value": "\"One Piece\" was created by Eiichiro Oda and is produced by Toei Animation."
      }
    ]
  },
  {
    "id": "300003",
    "image": "downloaded_images/Cartoon/One_Piece/image_20241018_100651_9.jpg",
    "conversations": [
      {
        "from": "human",
        "value": "<image>\nWhen was the initial airing of this cartoon?"
      },
      {
        "from": "gpt",
        "value": "\"One Piece\" first aired on October 20, 1999."
      }
    ]
  },
  {
    "id": "300004",
    "image": "downloaded_images/Cartoon/One_Piece/image_20241018_100651_9.jpg",
    "conversations": [
      {
        "from": "human",
        "value": "<image>\nWhat characters play central roles in this cartoon?"
      },
      {
        "from": "gpt",
        "value": "The main characters include Monkey D. Luffy, Roronoa Zoro, Nami, Usopp, Sanji, Tony Tony Chopper, Nico Robin, Franky, Brook, and Jinbe, among others."
      }
    ]
  },
  {
    "id": "300005",
    "image": "downloaded_images/Cartoon/One_Piece/image_20241018_100627_6.jpg",
    "conversations": [
      {
        "from": "human",
        "value": "<image>\nWhat is the basic premise of this cartoon?"
      },
      {
        "from": "gpt",
        "value": "The central storyline of \"One Piece\" follows Monkey D. Luffy, a young pirate with the ability to stretch his body like rubber after eating a Devil Fruit. Luffy sets out on a grand adventure to find the legendary treasure known as \"One Piece\" and become the Pirate King. Along the way, he gathers a diverse crew known as the Straw Hat Pirates, faces powerful enemies, and explores various islands and seas in a world filled with pirates, marines, and fantastical creatures."
      }
    ]
  },
  {
    "id": "300006",
    "image": "downloaded_images/Cartoon/One_Piece/image_20241106_152336_9.jpg",
    "conversations": [
      {
        "from": "human",
        "value": "<image>\nHow is this cartoon referred to?"
      },
      {
        "from": "gpt",
        "value": "The title of this cartoon is \"One Piece.\""
      }
    ]
  },
  {
    "id": "300007",
    "image": "downloaded_images/Cartoon/One_Piece/image_20241106_152719_30.jpg",
    "conversations": [
      {
        "from": "human",
        "value": "<image>\nHow is this cartoon referred to?"
      },
      {
        "from": "gpt",
        "value": "The title of this cartoon is \"One Piece.\""
      }
    ]
  },
  {
    "id": "300008",
    "image": "downloaded_images/Cartoon/One_Piece/image_20241106_152353_11.jpg",
    "conversations": [
      {
        "from": "human",
        "value": "<image>\nHow is this cartoon referred to?"
      },
      {
        "from": "gpt",
        "value": "The title of this cartoon is \"One Piece.\""
      }
    ]
  },
  {
    "id": "300009",
    "image": "downloaded_images/Cartoon/One_Piece/image_20241106_152633_26.jpg",
    "conversations": [
      {
        "from": "human",
        "value": "<image>\nHow is this cartoon referred to?"
      },
      {
        "from": "gpt",
        "value": "The title of this cartoon is \"One Piece.\""
      }
    ]
  },
  {
    "id": "300010",
    "image": "downloaded_images/Cartoon/One_Piece/image_20241106_152529_19.jpg",
    "conversations": [
      {
        "from": "human",
        "value": "<image>\nHow is this cartoon referred to?"
      },
      {
        "from": "gpt",
        "value": "The title of this cartoon is \"One Piece.\""
      }
    ]
  },
  {
    "id": "300011",
    "image": "downloaded_images/Cartoon/One_Piece/image_20241106_152353_11.jpg",
    "conversations": [
      {
        "from": "human",
        "value": "<image>\nWho is responsible for creating this cartoon?"
      },
      {
        "from": "gpt",
        "value": "\"One Piece\" was created by Eiichiro Oda and is produced by Toei Animation."
      }
    ]
  },
  {
    "id": "300012",
    "image": "downloaded_images/Cartoon/One_Piece/image_20241018_100641_8.jpg",
    "conversations": [
      {
        "from": "human",
        "value": "<image>\nWho is responsible for creating this cartoon?"
      },
      {
        "from": "gpt",
        "value": "\"One Piece\" was created by Eiichiro Oda and is produced by Toei Animation."
      }
    ]
  },
  {
    "id": "300013",
    "image": "downloaded_images/Cartoon/One_Piece/image_20241106_152501_16.jpg",
    "conversations": [
      {
        "from": "human",
        "value": "<image>\nWho is responsible for creating this cartoon?"
      },
      {
        "from": "gpt",
        "value": "\"One Piece\" was created by Eiichiro Oda and is produced by Toei Animation."
      }
    ]
  },
  {
    "id": "300014",
    "image": "downloaded_images/Cartoon/One_Piece/image_20241106_152443_14.jpg",
    "conversations": [
      {
        "from": "human",
        "value": "<image>\nWho is responsible for creating this cartoon?"
      },
      {
        "from": "gpt",
        "value": "\"One Piece\" was created by Eiichiro Oda and is produced by Toei Animation."
      }
    ]
  },
  {
    "id": "300015",
    "image": "downloaded_images/Cartoon/One_Piece/image_20241018_100617_5.jpg",
    "conversations": [
      {
        "from": "human",
        "value": "<image>\nWho is responsible for creating this cartoon?"
      },
      {
        "from": "gpt",
        "value": "\"One Piece\" was created by Eiichiro Oda and is produced by Toei Animation."
      }
    ]
  },
  {
    "id": "300016",
    "image": "downloaded_images/Cartoon/One_Piece/image_20241018_100627_6.jpg",
    "conversations": [
      {
        "from": "human",
        "value": "<image>\nWhen was the initial airing of this cartoon?"
      },
      {
        "from": "gpt",
        "value": "\"One Piece\" first aired on October 20, 1999."
      }
    ]
  },
  {
    "id": "300017",
    "image": "downloaded_images/Cartoon/One_Piece/image_20241106_152557_22.jpg",
    "conversations": [
      {
        "from": "human",
        "value": "<image>\nWhen was the initial airing of this cartoon?"
      },
      {
        "from": "gpt",
        "value": "\"One Piece\" first aired on October 20, 1999."
      }
    ]
  },
  {
    "id": "300018",
    "image": "downloaded_images/Cartoon/One_Piece/image_20241106_152336_9.jpg",
    "conversations": [
      {
        "from": "human",
        "value": "<image>\nWhen was the initial airing of this cartoon?"
      },
      {
        "from": "gpt",
        "value": "\"One Piece\" first aired on October 20, 1999."
      }
    ]
  },
  {
    "id": "300019",
    "image": "downloaded_images/Cartoon/One_Piece/image_20241106_152624_25.jpg",
    "conversations": [
      {
        "from": "human",
        "value": "<image>\nWhen was the initial airing of this cartoon?"
      },
      {
        "from": "gpt",
        "value": "\"One Piece\" first aired on October 20, 1999."
      }
    ]
  },
  {
    "id": "300020",
    "image": "downloaded_images/Cartoon/One_Piece/image_20241018_100658_10.jpg",
    "conversations": [
      {
        "from": "human",
        "value": "<image>\nWhen was the initial airing of this cartoon?"
      },
      {
        "from": "gpt",
        "value": "\"One Piece\" first aired on October 20, 1999."
      }
    ]
  },
  {
    "id": "300021",
    "image": "downloaded_images/Cartoon/One_Piece/image_20241106_152344_10.jpg",
    "conversations": [
      {
        "from": "human",
        "value": "<image>\nWhat characters play central roles in this cartoon?"
      },
      {
        "from": "gpt",
        "value": "The main characters include Monkey D. Luffy, Roronoa Zoro, Nami, Usopp, Sanji, Tony Tony Chopper, Nico Robin, Franky, Brook, and Jinbe, among others."
      }
    ]
  },
  {
    "id": "300022",
    "image": "downloaded_images/Cartoon/One_Piece/image_20241106_152537_20.jpg",
    "conversations": [
      {
        "from": "human",
        "value": "<image>\nWhat characters play central roles in this cartoon?"
      },
      {
        "from": "gpt",
        "value": "The main characters include Monkey D. Luffy, Roronoa Zoro, Nami, Usopp, Sanji, Tony Tony Chopper, Nico Robin, Franky, Brook, and Jinbe, among others."
      }
    ]
  },
  {
    "id": "300023",
    "image": "downloaded_images/Cartoon/One_Piece/image_20241018_100544_1.jpg",
    "conversations": [
      {
        "from": "human",
        "value": "<image>\nWhat characters play central roles in this cartoon?"
      },
      {
        "from": "gpt",
        "value": "The main characters include Monkey D. Luffy, Roronoa Zoro, Nami, Usopp, Sanji, Tony Tony Chopper, Nico Robin, Franky, Brook, and Jinbe, among others."
      }
    ]
  },
  {
    "id": "300024",
    "image": "downloaded_images/Cartoon/One_Piece/image_20241106_152434_13.jpg",
    "conversations": [
      {
        "from": "human",
        "value": "<image>\nWhat characters play central roles in this cartoon?"
      },
      {
        "from": "gpt",
        "value": "The main characters include Monkey D. Luffy, Roronoa Zoro, Nami, Usopp, Sanji, Tony Tony Chopper, Nico Robin, Franky, Brook, and Jinbe, among others."
      }
    ]
  },
  {
    "id": "300025",
    "image": "downloaded_images/Cartoon/One_Piece/image_20241106_152229_2.jpg",
    "conversations": [
      {
        "from": "human",
        "value": "<image>\nWhat characters play central roles in this cartoon?"
      },
      {
        "from": "gpt",
        "value": "The main characters include Monkey D. Luffy, Roronoa Zoro, Nami, Usopp, Sanji, Tony Tony Chopper, Nico Robin, Franky, Brook, and Jinbe, among others."
      }
    ]
  },
  {
    "id": "300026",
    "image": "downloaded_images/Cartoon/One_Piece/image_20241018_100544_1.jpg",
    "conversations": [
      {
        "from": "human",
        "value": "<image>\nWhat is the basic premise of this cartoon?"
      },
      {
        "from": "gpt",
        "value": "The central storyline of \"One Piece\" follows Monkey D. Luffy, a young pirate with the ability to stretch his body like rubber after eating a Devil Fruit. Luffy sets out on a grand adventure to find the legendary treasure known as \"One Piece\" and become the Pirate King. Along the way, he gathers a diverse crew known as the Straw Hat Pirates, faces powerful enemies, and explores various islands and seas in a world filled with pirates, marines, and fantastical creatures."
      }
    ]
  },
  {
    "id": "300027",
    "image": "downloaded_images/Cartoon/One_Piece/image_20241106_152248_4.jpg",
    "conversations": [
      {
        "from": "human",
        "value": "<image>\nWhat is the basic premise of this cartoon?"
      },
      {
        "from": "gpt",
        "value": "The central storyline of \"One Piece\" follows Monkey D. Luffy, a young pirate with the ability to stretch his body like rubber after eating a Devil Fruit. Luffy sets out on a grand adventure to find the legendary treasure known as \"One Piece\" and become the Pirate King. Along the way, he gathers a diverse crew known as the Straw Hat Pirates, faces powerful enemies, and explores various islands and seas in a world filled with pirates, marines, and fantastical creatures."
      }
    ]
  },
  {
    "id": "300028",
    "image": "downloaded_images/Cartoon/One_Piece/image_20241106_152606_23.jpg",
    "conversations": [
      {
        "from": "human",
        "value": "<image>\nWhat is the basic premise of this cartoon?"
      },
      {
        "from": "gpt",
        "value": "The central storyline of \"One Piece\" follows Monkey D. Luffy, a young pirate with the ability to stretch his body like rubber after eating a Devil Fruit. Luffy sets out on a grand adventure to find the legendary treasure known as \"One Piece\" and become the Pirate King. Along the way, he gathers a diverse crew known as the Straw Hat Pirates, faces powerful enemies, and explores various islands and seas in a world filled with pirates, marines, and fantastical creatures."
      }
    ]
  },
  {
    "id": "300029",
    "image": "downloaded_images/Cartoon/One_Piece/image_20241106_152520_18.jpg",
    "conversations": [
      {
        "from": "human",
        "value": "<image>\nWhat is the basic premise of this cartoon?"
      },
      {
        "from": "gpt",
        "value": "The central storyline of \"One Piece\" follows Monkey D. Luffy, a young pirate with the ability to stretch his body like rubber after eating a Devil Fruit. Luffy sets out on a grand adventure to find the legendary treasure known as \"One Piece\" and become the Pirate King. Along the way, he gathers a diverse crew known as the Straw Hat Pirates, faces powerful enemies, and explores various islands and seas in a world filled with pirates, marines, and fantastical creatures."
      }
    ]
  },
  {
    "id": "300030",
    "image": "downloaded_images/Cartoon/One_Piece/image_20241106_152645_27.jpg",
    "conversations": [
      {
        "from": "human",
        "value": "<image>\nWhat is the basic premise of this cartoon?"
      },
      {
        "from": "gpt",
        "value": "The central storyline of \"One Piece\" follows Monkey D. Luffy, a young pirate with the ability to stretch his body like rubber after eating a Devil Fruit. Luffy sets out on a grand adventure to find the legendary treasure known as \"One Piece\" and become the Pirate King. Along the way, he gathers a diverse crew known as the Straw Hat Pirates, faces powerful enemies, and explores various islands and seas in a world filled with pirates, marines, and fantastical creatures."
      }
    ]
  },
  {
    "id": "400001",
    "image": "downloaded_images/Cartoon/One_Piece/image_20241018_100544_1.jpg",
    "conversations": [
      {
        "from": "human",
        "value": "<image>\nWhat do people call this cartoon?"
      },
      {
        "from": "gpt",
        "value": "The title of this cartoon is \"One Piece.\""
      }
    ]
  },
  {
    "id": "400002",
    "image": "downloaded_images/Cartoon/One_Piece/image_20241018_100714_12.jpg",
    "conversations": [
      {
        "from": "human",
        "value": "<image>\nWho developed this animated series?"
      },
      {
        "from": "gpt",
        "value": "\"One Piece\" was created by Eiichiro Oda and is produced by Toei Animation."
      }
    ]
  },
  {
    "id": "400003",
    "image": "downloaded_images/Cartoon/One_Piece/image_20241018_100651_9.jpg",
    "conversations": [
      {
        "from": "human",
        "value": "<image>\nIn which year did this animated series first appear?"
      },
      {
        "from": "gpt",
        "value": "\"One Piece\" first aired on October 20, 1999."
      }
    ]
  },
  {
    "id": "400004",
    "image": "downloaded_images/Cartoon/One_Piece/image_20241018_100651_9.jpg",
    "conversations": [
      {
        "from": "human",
        "value": "<image>\nWho are the key characters featured in this cartoon?"
      },
      {
        "from": "gpt",
        "value": "The main characters include Monkey D. Luffy, Roronoa Zoro, Nami, Usopp, Sanji, Tony Tony Chopper, Nico Robin, Franky, Brook, and Jinbe, among others."
      }
    ]
  },
  {
    "id": "400005",
    "image": "downloaded_images/Cartoon/One_Piece/image_20241018_100627_6.jpg",
    "conversations": [
      {
        "from": "human",
        "value": "<image>\nCan you summarize the main storyline of this cartoon?"
      },
      {
        "from": "gpt",
        "value": "The central storyline of \"One Piece\" follows Monkey D. Luffy, a young pirate with the ability to stretch his body like rubber after eating a Devil Fruit. Luffy sets out on a grand adventure to find the legendary treasure known as \"One Piece\" and become the Pirate King. Along the way, he gathers a diverse crew known as the Straw Hat Pirates, faces powerful enemies, and explores various islands and seas in a world filled with pirates, marines, and fantastical creatures."
      }
    ]
  },
  {
    "id": "400006",
    "image": "downloaded_images/Cartoon/One_Piece/image_20241106_152336_9.jpg",
    "conversations": [
      {
        "from": "human",
        "value": "<image>\nWhat do people call this cartoon?"
      },
      {
        "from": "gpt",
        "value": "The title of this cartoon is \"One Piece.\""
      }
    ]
  },
  {
    "id": "400007",
    "image": "downloaded_images/Cartoon/One_Piece/image_20241106_152719_30.jpg",
    "conversations": [
      {
        "from": "human",
        "value": "<image>\nWhat do people call this cartoon?"
      },
      {
        "from": "gpt",
        "value": "The title of this cartoon is \"One Piece.\""
      }
    ]
  },
  {
    "id": "400008",
    "image": "downloaded_images/Cartoon/One_Piece/image_20241106_152353_11.jpg",
    "conversations": [
      {
        "from": "human",
        "value": "<image>\nWhat do people call this cartoon?"
      },
      {
        "from": "gpt",
        "value": "The title of this cartoon is \"One Piece.\""
      }
    ]
  },
  {
    "id": "400009",
    "image": "downloaded_images/Cartoon/One_Piece/image_20241106_152633_26.jpg",
    "conversations": [
      {
        "from": "human",
        "value": "<image>\nWhat do people call this cartoon?"
      },
      {
        "from": "gpt",
        "value": "The title of this cartoon is \"One Piece.\""
      }
    ]
  },
  {
    "id": "400010",
    "image": "downloaded_images/Cartoon/One_Piece/image_20241106_152529_19.jpg",
    "conversations": [
      {
        "from": "human",
        "value": "<image>\nWhat do people call this cartoon?"
      },
      {
        "from": "gpt",
        "value": "The title of this cartoon is \"One Piece.\""
      }
    ]
  },
  {
    "id": "400011",
    "image": "downloaded_images/Cartoon/One_Piece/image_20241106_152353_11.jpg",
    "conversations": [
      {
        "from": "human",
        "value": "<image>\nWho developed this animated series?"
      },
      {
        "from": "gpt",
        "value": "\"One Piece\" was created by Eiichiro Oda and is produced by Toei Animation."
      }
    ]
  },
  {
    "id": "400012",
    "image": "downloaded_images/Cartoon/One_Piece/image_20241018_100641_8.jpg",
    "conversations": [
      {
        "from": "human",
        "value": "<image>\nWho developed this animated series?"
      },
      {
        "from": "gpt",
        "value": "\"One Piece\" was created by Eiichiro Oda and is produced by Toei Animation."
      }
    ]
  },
  {
    "id": "400013",
    "image": "downloaded_images/Cartoon/One_Piece/image_20241106_152501_16.jpg",
    "conversations": [
      {
        "from": "human",
        "value": "<image>\nWho developed this animated series?"
      },
      {
        "from": "gpt",
        "value": "\"One Piece\" was created by Eiichiro Oda and is produced by Toei Animation."
      }
    ]
  },
  {
    "id": "400014",
    "image": "downloaded_images/Cartoon/One_Piece/image_20241106_152443_14.jpg",
    "conversations": [
      {
        "from": "human",
        "value": "<image>\nWho developed this animated series?"
      },
      {
        "from": "gpt",
        "value": "\"One Piece\" was created by Eiichiro Oda and is produced by Toei Animation."
      }
    ]
  },
  {
    "id": "400015",
    "image": "downloaded_images/Cartoon/One_Piece/image_20241018_100617_5.jpg",
    "conversations": [
      {
        "from": "human",
        "value": "<image>\nWho developed this animated series?"
      },
      {
        "from": "gpt",
        "value": "\"One Piece\" was created by Eiichiro Oda and is produced by Toei Animation."
      }
    ]
  },
  {
    "id": "400016",
    "image": "downloaded_images/Cartoon/One_Piece/image_20241018_100627_6.jpg",
    "conversations": [
      {
        "from": "human",
        "value": "<image>\nIn which year did this animated series first appear?"
      },
      {
        "from": "gpt",
        "value": "\"One Piece\" first aired on October 20, 1999."
      }
    ]
  },
  {
    "id": "400017",
    "image": "downloaded_images/Cartoon/One_Piece/image_20241106_152557_22.jpg",
    "conversations": [
      {
        "from": "human",
        "value": "<image>\nIn which year did this animated series first appear?"
      },
      {
        "from": "gpt",
        "value": "\"One Piece\" first aired on October 20, 1999."
      }
    ]
  },
  {
    "id": "400018",
    "image": "downloaded_images/Cartoon/One_Piece/image_20241106_152336_9.jpg",
    "conversations": [
      {
        "from": "human",
        "value": "<image>\nIn which year did this animated series first appear?"
      },
      {
        "from": "gpt",
        "value": "\"One Piece\" first aired on October 20, 1999."
      }
    ]
  },
  {
    "id": "400019",
    "image": "downloaded_images/Cartoon/One_Piece/image_20241106_152624_25.jpg",
    "conversations": [
      {
        "from": "human",
        "value": "<image>\nIn which year did this animated series first appear?"
      },
      {
        "from": "gpt",
        "value": "\"One Piece\" first aired on October 20, 1999."
      }
    ]
  },
  {
    "id": "400020",
    "image": "downloaded_images/Cartoon/One_Piece/image_20241018_100658_10.jpg",
    "conversations": [
      {
        "from": "human",
        "value": "<image>\nIn which year did this animated series first appear?"
      },
      {
        "from": "gpt",
        "value": "\"One Piece\" first aired on October 20, 1999."
      }
    ]
  },
  {
    "id": "400021",
    "image": "downloaded_images/Cartoon/One_Piece/image_20241106_152344_10.jpg",
    "conversations": [
      {
        "from": "human",
        "value": "<image>\nWho are the key characters featured in this cartoon?"
      },
      {
        "from": "gpt",
        "value": "The main characters include Monkey D. Luffy, Roronoa Zoro, Nami, Usopp, Sanji, Tony Tony Chopper, Nico Robin, Franky, Brook, and Jinbe, among others."
      }
    ]
  },
  {
    "id": "400022",
    "image": "downloaded_images/Cartoon/One_Piece/image_20241106_152537_20.jpg",
    "conversations": [
      {
        "from": "human",
        "value": "<image>\nWho are the key characters featured in this cartoon?"
      },
      {
        "from": "gpt",
        "value": "The main characters include Monkey D. Luffy, Roronoa Zoro, Nami, Usopp, Sanji, Tony Tony Chopper, Nico Robin, Franky, Brook, and Jinbe, among others."
      }
    ]
  },
  {
    "id": "400023",
    "image": "downloaded_images/Cartoon/One_Piece/image_20241018_100544_1.jpg",
    "conversations": [
      {
        "from": "human",
        "value": "<image>\nWho are the key characters featured in this cartoon?"
      },
      {
        "from": "gpt",
        "value": "The main characters include Monkey D. Luffy, Roronoa Zoro, Nami, Usopp, Sanji, Tony Tony Chopper, Nico Robin, Franky, Brook, and Jinbe, among others."
      }
    ]
  },
  {
    "id": "400024",
    "image": "downloaded_images/Cartoon/One_Piece/image_20241106_152434_13.jpg",
    "conversations": [
      {
        "from": "human",
        "value": "<image>\nWho are the key characters featured in this cartoon?"
      },
      {
        "from": "gpt",
        "value": "The main characters include Monkey D. Luffy, Roronoa Zoro, Nami, Usopp, Sanji, Tony Tony Chopper, Nico Robin, Franky, Brook, and Jinbe, among others."
      }
    ]
  },
  {
    "id": "400025",
    "image": "downloaded_images/Cartoon/One_Piece/image_20241106_152229_2.jpg",
    "conversations": [
      {
        "from": "human",
        "value": "<image>\nWho are the key characters featured in this cartoon?"
      },
      {
        "from": "gpt",
        "value": "The main characters include Monkey D. Luffy, Roronoa Zoro, Nami, Usopp, Sanji, Tony Tony Chopper, Nico Robin, Franky, Brook, and Jinbe, among others."
      }
    ]
  },
  {
    "id": "400026",
    "image": "downloaded_images/Cartoon/One_Piece/image_20241018_100544_1.jpg",
    "conversations": [
      {
        "from": "human",
        "value": "<image>\nCan you summarize the main storyline of this cartoon?"
      },
      {
        "from": "gpt",
        "value": "The central storyline of \"One Piece\" follows Monkey D. Luffy, a young pirate with the ability to stretch his body like rubber after eating a Devil Fruit. Luffy sets out on a grand adventure to find the legendary treasure known as \"One Piece\" and become the Pirate King. Along the way, he gathers a diverse crew known as the Straw Hat Pirates, faces powerful enemies, and explores various islands and seas in a world filled with pirates, marines, and fantastical creatures."
      }
    ]
  },
  {
    "id": "400027",
    "image": "downloaded_images/Cartoon/One_Piece/image_20241106_152248_4.jpg",
    "conversations": [
      {
        "from": "human",
        "value": "<image>\nCan you summarize the main storyline of this cartoon?"
      },
      {
        "from": "gpt",
        "value": "The central storyline of \"One Piece\" follows Monkey D. Luffy, a young pirate with the ability to stretch his body like rubber after eating a Devil Fruit. Luffy sets out on a grand adventure to find the legendary treasure known as \"One Piece\" and become the Pirate King. Along the way, he gathers a diverse crew known as the Straw Hat Pirates, faces powerful enemies, and explores various islands and seas in a world filled with pirates, marines, and fantastical creatures."
      }
    ]
  },
  {
    "id": "400028",
    "image": "downloaded_images/Cartoon/One_Piece/image_20241106_152606_23.jpg",
    "conversations": [
      {
        "from": "human",
        "value": "<image>\nCan you summarize the main storyline of this cartoon?"
      },
      {
        "from": "gpt",
        "value": "The central storyline of \"One Piece\" follows Monkey D. Luffy, a young pirate with the ability to stretch his body like rubber after eating a Devil Fruit. Luffy sets out on a grand adventure to find the legendary treasure known as \"One Piece\" and become the Pirate King. Along the way, he gathers a diverse crew known as the Straw Hat Pirates, faces powerful enemies, and explores various islands and seas in a world filled with pirates, marines, and fantastical creatures."
      }
    ]
  },
  {
    "id": "400029",
    "image": "downloaded_images/Cartoon/One_Piece/image_20241106_152520_18.jpg",
    "conversations": [
      {
        "from": "human",
        "value": "<image>\nCan you summarize the main storyline of this cartoon?"
      },
      {
        "from": "gpt",
        "value": "The central storyline of \"One Piece\" follows Monkey D. Luffy, a young pirate with the ability to stretch his body like rubber after eating a Devil Fruit. Luffy sets out on a grand adventure to find the legendary treasure known as \"One Piece\" and become the Pirate King. Along the way, he gathers a diverse crew known as the Straw Hat Pirates, faces powerful enemies, and explores various islands and seas in a world filled with pirates, marines, and fantastical creatures."
      }
    ]
  },
  {
    "id": "400030",
    "image": "downloaded_images/Cartoon/One_Piece/image_20241106_152645_27.jpg",
    "conversations": [
      {
        "from": "human",
        "value": "<image>\nCan you summarize the main storyline of this cartoon?"
      },
      {
        "from": "gpt",
        "value": "The central storyline of \"One Piece\" follows Monkey D. Luffy, a young pirate with the ability to stretch his body like rubber after eating a Devil Fruit. Luffy sets out on a grand adventure to find the legendary treasure known as \"One Piece\" and become the Pirate King. Along the way, he gathers a diverse crew known as the Straw Hat Pirates, faces powerful enemies, and explores various islands and seas in a world filled with pirates, marines, and fantastical creatures."
      }
    ]
  }
]