[
  {
    "id": "41",
    "image": "downloaded_images/Cartoon/The_Simpsons/image_20241018_112916_20.jpg",
    "conversations": [
      {
        "from": "human",
        "value": "<image>\nWhat is the title of this cartoon?"
      },
      {
        "from": "gpt",
        "value": "The title of this cartoon is \"The Simpsons.\""
      }
    ]
  },
  {
    "id": "42",
    "image": "downloaded_images/Cartoon/The_Simpsons/image_20241018_112636_1.jpg",
    "conversations": [
      {
        "from": "human",
        "value": "<image>\nWho created or produced this cartoon?"
      },
      {
        "from": "gpt",
        "value": "\"The Simpsons\" was created by Matt Groening and produced by Fox Broadcasting Company."
      }
    ]
  },
  {
    "id": "43",
    "image": "downloaded_images/Cartoon/The_Simpsons/image_20241018_112636_1.jpg",
    "conversations": [
      {
        "from": "human",
        "value": "<image>\nWhen was this cartoon first released or aired?"
      },
      {
        "from": "gpt",
        "value": "\"The Simpsons\" first aired on December 17, 1989."
      }
    ]
  },
  {
    "id": "44",
    "image": "downloaded_images/Cartoon/The_Simpsons/image_20241107_093356_1.jpg",
    "conversations": [
      {
        "from": "human",
        "value": "<image>\nWho are the main characters in this cartoon?"
      },
      {
        "from": "gpt",
        "value": "The main characters in \"The Simpsons\" include Homer Simpson, Marge Simpson, Bart Simpson, Lisa Simpson, and Maggie Simpson."
      }
    ]
  },
  {
    "id": "45",
    "image": "downloaded_images/Cartoon/The_Simpsons/image_20241107_093356_1.jpg",
    "conversations": [
      {
        "from": "human",
        "value": "<image>\nWhat is the central storyline or premise of this cartoon?"
      },
      {
        "from": "gpt",
        "value": "The central storyline of \"The Simpsons\" revolves around the Simpson family, a dysfunctional family living in the fictional town of Springfield. The show satirizes American culture, society, and television, often addressing various social issues through humor and parody. Each episode typically follows the family's misadventures and interactions with a wide array of supporting characters."
      }
    ]
  },
  {
    "id": "46",
    "image": "downloaded_images/Cartoon/The_Simpsons/image_20241107_093516_10.jpg",
    "conversations": [
      {
        "from": "human",
        "value": "<image>\nWhat is the title of this cartoon?"
      },
      {
        "from": "gpt",
        "value": "The title of this cartoon is \"The Simpsons.\""
      }
    ]
  },
  {
    "id": "47",
    "image": "downloaded_images/Cartoon/The_Simpsons/image_20241107_093628_18.jpg",
    "conversations": [
      {
        "from": "human",
        "value": "<image>\nWhat is the title of this cartoon?"
      },
      {
        "from": "gpt",
        "value": "The title of this cartoon is \"The Simpsons.\""
      }
    ]
  },
  {
    "id": "48",
    "image": "downloaded_images/Cartoon/The_Simpsons/image_20241107_093431_5.jpg",
    "conversations": [
      {
        "from": "human",
        "value": "<image>\nWhat is the title of this cartoon?"
      },
      {
        "from": "gpt",
        "value": "The title of this cartoon is \"The Simpsons.\""
      }
    ]
  },
  {
    "id": "49",
    "image": "downloaded_images/Cartoon/The_Simpsons/image_20241107_093440_6.jpg",
    "conversations": [
      {
        "from": "human",
        "value": "<image>\nWhat is the title of this cartoon?"
      },
      {
        "from": "gpt",
        "value": "The title of this cartoon is \"The Simpsons.\""
      }
    ]
  },
  {
    "id": "50",
    "image": "downloaded_images/Cartoon/The_Simpsons/image_20241018_112749_9.jpg",
    "conversations": [
      {
        "from": "human",
        "value": "<image>\nWhat is the title of this cartoon?"
      },
      {
        "from": "gpt",
        "value": "The title of this cartoon is \"The Simpsons.\""
      }
    ]
  },
  {
    "id": "51",
    "image": "downloaded_images/Cartoon/The_Simpsons/image_20241018_112916_20.jpg",
    "conversations": [
      {
        "from": "human",
        "value": "<image>\nWho created or produced this cartoon?"
      },
      {
        "from": "gpt",
        "value": "\"The Simpsons\" was created by Matt Groening and produced by Fox Broadcasting Company."
      }
    ]
  },
  {
    "id": "52",
    "image": "downloaded_images/Cartoon/The_Simpsons/image_20241107_093554_14.jpg",
    "conversations": [
      {
        "from": "human",
        "value": "<image>\nWho created or produced this cartoon?"
      },
      {
        "from": "gpt",
        "value": "\"The Simpsons\" was created by Matt Groening and produced by Fox Broadcasting Company."
      }
    ]
  },
  {
    "id": "53",
    "image": "downloaded_images/Cartoon/The_Simpsons/image_20241107_093431_5.jpg",
    "conversations": [
      {
        "from": "human",
        "value": "<image>\nWho created or produced this cartoon?"
      },
      {
        "from": "gpt",
        "value": "\"The Simpsons\" was created by Matt Groening and produced by Fox Broadcasting Company."
      }
    ]
  },
  {
    "id": "54",
    "image": "downloaded_images/Cartoon/The_Simpsons/image_20241018_112757_10.jpg",
    "conversations": [
      {
        "from": "human",
        "value": "<image>\nWho created or produced this cartoon?"
      },
      {
        "from": "gpt",
        "value": "\"The Simpsons\" was created by Matt Groening and produced by Fox Broadcasting Company."
      }
    ]
  },
  {
    "id": "55",
    "image": "downloaded_images/Cartoon/The_Simpsons/image_20241107_093525_11.jpg",
    "conversations": [
      {
        "from": "human",
        "value": "<image>\nWho created or produced this cartoon?"
      },
      {
        "from": "gpt",
        "value": "\"The Simpsons\" was created by Matt Groening and produced by Fox Broadcasting Company."
      }
    ]
  },
  {
    "id": "56",
    "image": "downloaded_images/Cartoon/The_Simpsons/image_20241018_112647_2.jpg",
    "conversations": [
      {
        "from": "human",
        "value": "<image>\nWhen was this cartoon first released or aired?"
      },
      {
        "from": "gpt",
        "value": "\"The Simpsons\" first aired on December 17, 1989."
      }
    ]
  },
  {
    "id": "57",
    "image": "downloaded_images/Cartoon/The_Simpsons/image_20241107_093516_10.jpg",
    "conversations": [
      {
        "from": "human",
        "value": "<image>\nWhen was this cartoon first released or aired?"
      },
      {
        "from": "gpt",
        "value": "\"The Simpsons\" first aired on December 17, 1989."
      }
    ]
  },
  {
    "id": "58",
    "image": "downloaded_images/Cartoon/The_Simpsons/image_20241107_093554_14.jpg",
    "conversations": [
      {
        "from": "human",
        "value": "<image>\nWhen was this cartoon first released or aired?"
      },
      {
        "from": "gpt",
        "value": "\"The Simpsons\" first aired on December 17, 1989."
      }
    ]
  },
  {
    "id": "59",
    "image": "downloaded_images/Cartoon/The_Simpsons/image_20241018_112749_9.jpg",
    "conversations": [
      {
        "from": "human",
        "value": "<image>\nWhen was this cartoon first released or aired?"
      },
      {
        "from": "gpt",
        "value": "\"The Simpsons\" first aired on December 17, 1989."
      }
    ]
  },
  {
    "id": "60",
    "image": "downloaded_images/Cartoon/The_Simpsons/image_20241107_093448_7.jpg",
    "conversations": [
      {
        "from": "human",
        "value": "<image>\nWhen was this cartoon first released or aired?"
      },
      {
        "from": "gpt",
        "value": "\"The Simpsons\" first aired on December 17, 1989."
      }
    ]
  },
  {
    "id": "61",
    "image": "downloaded_images/Cartoon/The_Simpsons/image_20241107_093730_23.jpg",
    "conversations": [
      {
        "from": "human",
        "value": "<image>\nWho are the main characters in this cartoon?"
      },
      {
        "from": "gpt",
        "value": "The main characters in \"The Simpsons\" include Homer Simpson, Marge Simpson, Bart Simpson, Lisa Simpson, and Maggie Simpson."
      }
    ]
  },
  {
    "id": "62",
    "image": "downloaded_images/Cartoon/The_Simpsons/image_20241107_093619_17.jpg",
    "conversations": [
      {
        "from": "human",
        "value": "<image>\nWho are the main characters in this cartoon?"
      },
      {
        "from": "gpt",
        "value": "The main characters in \"The Simpsons\" include Homer Simpson, Marge Simpson, Bart Simpson, Lisa Simpson, and Maggie Simpson."
      }
    ]
  },
  {
    "id": "63",
    "image": "downloaded_images/Cartoon/The_Simpsons/image_20241107_093612_16.jpg",
    "conversations": [
      {
        "from": "human",
        "value": "<image>\nWho are the main characters in this cartoon?"
      },
      {
        "from": "gpt",
        "value": "The main characters in \"The Simpsons\" include Homer Simpson, Marge Simpson, Bart Simpson, Lisa Simpson, and Maggie Simpson."
      }
    ]
  },
  {
    "id": "64",
    "image": "downloaded_images/Cartoon/The_Simpsons/image_20241107_093525_11.jpg",
    "conversations": [
      {
        "from": "human",
        "value": "<image>\nWho are the main characters in this cartoon?"
      },
      {
        "from": "gpt",
        "value": "The main characters in \"The Simpsons\" include Homer Simpson, Marge Simpson, Bart Simpson, Lisa Simpson, and Maggie Simpson."
      }
    ]
  },
  {
    "id": "65",
    "image": "downloaded_images/Cartoon/The_Simpsons/image_20241107_093544_13.jpg",
    "conversations": [
      {
        "from": "human",
        "value": "<image>\nWho are the main characters in this cartoon?"
      },
      {
        "from": "gpt",
        "value": "The main characters in \"The Simpsons\" include Homer Simpson, Marge Simpson, Bart Simpson, Lisa Simpson, and Maggie Simpson."
      }
    ]
  },
  {
    "id": "66",
    "image": "downloaded_images/Cartoon/The_Simpsons/image_20241107_093431_5.jpg",
    "conversations": [
      {
        "from": "human",
        "value": "<image>\nWhat is the central storyline or premise of this cartoon?"
      },
      {
        "from": "gpt",
        "value": "The central storyline of \"The Simpsons\" revolves around the Simpson family, a dysfunctional family living in the fictional town of Springfield. The show satirizes American culture, society, and television, often addressing various social issues through humor and parody. Each episode typically follows the family's misadventures and interactions with a wide array of supporting characters."
      }
    ]
  },
  {
    "id": "67",
    "image": "downloaded_images/Cartoon/The_Simpsons/image_20241018_112829_14.jpg",
    "conversations": [
      {
        "from": "human",
        "value": "<image>\nWhat is the central storyline or premise of this cartoon?"
      },
      {
        "from": "gpt",
        "value": "The central storyline of \"The Simpsons\" revolves around the Simpson family, a dysfunctional family living in the fictional town of Springfield. The show satirizes American culture, society, and television, often addressing various social issues through humor and parody. Each episode typically follows the family's misadventures and interactions with a wide array of supporting characters."
      }
    ]
  },
  {
    "id": "68",
    "image": "downloaded_images/Cartoon/The_Simpsons/image_20241107_093456_8.jpg",
    "conversations": [
      {
        "from": "human",
        "value": "<image>\nWhat is the central storyline or premise of this cartoon?"
      },
      {
        "from": "gpt",
        "value": "The central storyline of \"The Simpsons\" revolves around the Simpson family, a dysfunctional family living in the fictional town of Springfield. The show satirizes American culture, society, and television, often addressing various social issues through humor and parody. Each episode typically follows the family's misadventures and interactions with a wide array of supporting characters."
      }
    ]
  },
  {
    "id": "69",
    "image": "downloaded_images/Cartoon/The_Simpsons/image_20241107_093448_7.jpg",
    "conversations": [
      {
        "from": "human",
        "value": "<image>\nWhat is the central storyline or premise of this cartoon?"
      },
      {
        "from": "gpt",
        "value": "The central storyline of \"The Simpsons\" revolves around the Simpson family, a dysfunctional family living in the fictional town of Springfield. The show satirizes American culture, society, and television, often addressing various social issues through humor and parody. Each episode typically follows the family's misadventures and interactions with a wide array of supporting characters."
      }
    ]
  },
  {
    "id": "70",
    "image": "downloaded_images/Cartoon/The_Simpsons/image_20241018_112723_6.jpg",
    "conversations": [
      {
        "from": "human",
        "value": "<image>\nWhat is the central storyline or premise of this cartoon?"
      },
      {
        "from": "gpt",
        "value": "The central storyline of \"The Simpsons\" revolves around the Simpson family, a dysfunctional family living in the fictional town of Springfield. The show satirizes American culture, society, and television, often addressing various social issues through humor and parody. Each episode typically follows the family's misadventures and interactions with a wide array of supporting characters."
      }
    ]
  },
  {
    "id": "100041",
    "image": "downloaded_images/Cartoon/The_Simpsons/image_20241018_112916_20.jpg",
    "conversations": [
      {
        "from": "human",
        "value": "<image>\nWhat is the name of this cartoon?"
      },
      {
        "from": "gpt",
        "value": "The title of this cartoon is \"The Simpsons.\""
      }
    ]
  },
  {
    "id": "100042",
    "image": "downloaded_images/Cartoon/The_Simpsons/image_20241018_112636_1.jpg",
    "conversations": [
      {
        "from": "human",
        "value": "<image>\nWho is the creator or producer of this cartoon?"
      },
      {
        "from": "gpt",
        "value": "\"The Simpsons\" was created by Matt Groening and produced by Fox Broadcasting Company."
      }
    ]
  },
  {
    "id": "100043",
    "image": "downloaded_images/Cartoon/The_Simpsons/image_20241018_112636_1.jpg",
    "conversations": [
      {
        "from": "human",
        "value": "<image>\nWhen did this cartoon first debut or air?"
      },
      {
        "from": "gpt",
        "value": "\"The Simpsons\" first aired on December 17, 1989."
      }
    ]
  },
  {
    "id": "100044",
    "image": "downloaded_images/Cartoon/The_Simpsons/image_20241107_093356_1.jpg",
    "conversations": [
      {
        "from": "human",
        "value": "<image>\nWho are the primary characters in this cartoon?"
      },
      {
        "from": "gpt",
        "value": "The main characters in \"The Simpsons\" include Homer Simpson, Marge Simpson, Bart Simpson, Lisa Simpson, and Maggie Simpson."
      }
    ]
  },
  {
    "id": "100045",
    "image": "downloaded_images/Cartoon/The_Simpsons/image_20241107_093356_1.jpg",
    "conversations": [
      {
        "from": "human",
        "value": "<image>\nWhat is the main plot or premise of this cartoon?"
      },
      {
        "from": "gpt",
        "value": "The central storyline of \"The Simpsons\" revolves around the Simpson family, a dysfunctional family living in the fictional town of Springfield. The show satirizes American culture, society, and television, often addressing various social issues through humor and parody. Each episode typically follows the family's misadventures and interactions with a wide array of supporting characters."
      }
    ]
  },
  {
    "id": "100046",
    "image": "downloaded_images/Cartoon/The_Simpsons/image_20241107_093516_10.jpg",
    "conversations": [
      {
        "from": "human",
        "value": "<image>\nWhat is the name of this cartoon?"
      },
      {
        "from": "gpt",
        "value": "The title of this cartoon is \"The Simpsons.\""
      }
    ]
  },
  {
    "id": "100047",
    "image": "downloaded_images/Cartoon/The_Simpsons/image_20241107_093628_18.jpg",
    "conversations": [
      {
        "from": "human",
        "value": "<image>\nWhat is the name of this cartoon?"
      },
      {
        "from": "gpt",
        "value": "The title of this cartoon is \"The Simpsons.\""
      }
    ]
  },
  {
    "id": "100048",
    "image": "downloaded_images/Cartoon/The_Simpsons/image_20241107_093431_5.jpg",
    "conversations": [
      {
        "from": "human",
        "value": "<image>\nWhat is the name of this cartoon?"
      },
      {
        "from": "gpt",
        "value": "The title of this cartoon is \"The Simpsons.\""
      }
    ]
  },
  {
    "id": "100049",
    "image": "downloaded_images/Cartoon/The_Simpsons/image_20241107_093440_6.jpg",
    "conversations": [
      {
        "from": "human",
        "value": "<image>\nWhat is the name of this cartoon?"
      },
      {
        "from": "gpt",
        "value": "The title of this cartoon is \"The Simpsons.\""
      }
    ]
  },
  {
    "id": "100050",
    "image": "downloaded_images/Cartoon/The_Simpsons/image_20241018_112749_9.jpg",
    "conversations": [
      {
        "from": "human",
        "value": "<image>\nWhat is the name of this cartoon?"
      },
      {
        "from": "gpt",
        "value": "The title of this cartoon is \"The Simpsons.\""
      }
    ]
  },
  {
    "id": "100051",
    "image": "downloaded_images/Cartoon/The_Simpsons/image_20241018_112916_20.jpg",
    "conversations": [
      {
        "from": "human",
        "value": "<image>\nWho is the creator or producer of this cartoon?"
      },
      {
        "from": "gpt",
        "value": "\"The Simpsons\" was created by Matt Groening and produced by Fox Broadcasting Company."
      }
    ]
  },
  {
    "id": "100052",
    "image": "downloaded_images/Cartoon/The_Simpsons/image_20241107_093554_14.jpg",
    "conversations": [
      {
        "from": "human",
        "value": "<image>\nWho is the creator or producer of this cartoon?"
      },
      {
        "from": "gpt",
        "value": "\"The Simpsons\" was created by Matt Groening and produced by Fox Broadcasting Company."
      }
    ]
  },
  {
    "id": "100053",
    "image": "downloaded_images/Cartoon/The_Simpsons/image_20241107_093431_5.jpg",
    "conversations": [
      {
        "from": "human",
        "value": "<image>\nWho is the creator or producer of this cartoon?"
      },
      {
        "from": "gpt",
        "value": "\"The Simpsons\" was created by Matt Groening and produced by Fox Broadcasting Company."
      }
    ]
  },
  {
    "id": "100054",
    "image": "downloaded_images/Cartoon/The_Simpsons/image_20241018_112757_10.jpg",
    "conversations": [
      {
        "from": "human",
        "value": "<image>\nWho is the creator or producer of this cartoon?"
      },
      {
        "from": "gpt",
        "value": "\"The Simpsons\" was created by Matt Groening and produced by Fox Broadcasting Company."
      }
    ]
  },
  {
    "id": "100055",
    "image": "downloaded_images/Cartoon/The_Simpsons/image_20241107_093525_11.jpg",
    "conversations": [
      {
        "from": "human",
        "value": "<image>\nWho is the creator or producer of this cartoon?"
      },
      {
        "from": "gpt",
        "value": "\"The Simpsons\" was created by Matt Groening and produced by Fox Broadcasting Company."
      }
    ]
  },
  {
    "id": "100056",
    "image": "downloaded_images/Cartoon/The_Simpsons/image_20241018_112647_2.jpg",
    "conversations": [
      {
        "from": "human",
        "value": "<image>\nWhen did this cartoon first debut or air?"
      },
      {
        "from": "gpt",
        "value": "\"The Simpsons\" first aired on December 17, 1989."
      }
    ]
  },
  {
    "id": "100057",
    "image": "downloaded_images/Cartoon/The_Simpsons/image_20241107_093516_10.jpg",
    "conversations": [
      {
        "from": "human",
        "value": "<image>\nWhen did this cartoon first debut or air?"
      },
      {
        "from": "gpt",
        "value": "\"The Simpsons\" first aired on December 17, 1989."
      }
    ]
  },
  {
    "id": "100058",
    "image": "downloaded_images/Cartoon/The_Simpsons/image_20241107_093554_14.jpg",
    "conversations": [
      {
        "from": "human",
        "value": "<image>\nWhen did this cartoon first debut or air?"
      },
      {
        "from": "gpt",
        "value": "\"The Simpsons\" first aired on December 17, 1989."
      }
    ]
  },
  {
    "id": "100059",
    "image": "downloaded_images/Cartoon/The_Simpsons/image_20241018_112749_9.jpg",
    "conversations": [
      {
        "from": "human",
        "value": "<image>\nWhen did this cartoon first debut or air?"
      },
      {
        "from": "gpt",
        "value": "\"The Simpsons\" first aired on December 17, 1989."
      }
    ]
  },
  {
    "id": "100060",
    "image": "downloaded_images/Cartoon/The_Simpsons/image_20241107_093448_7.jpg",
    "conversations": [
      {
        "from": "human",
        "value": "<image>\nWhen did this cartoon first debut or air?"
      },
      {
        "from": "gpt",
        "value": "\"The Simpsons\" first aired on December 17, 1989."
      }
    ]
  },
  {
    "id": "100061",
    "image": "downloaded_images/Cartoon/The_Simpsons/image_20241107_093730_23.jpg",
    "conversations": [
      {
        "from": "human",
        "value": "<image>\nWho are the primary characters in this cartoon?"
      },
      {
        "from": "gpt",
        "value": "The main characters in \"The Simpsons\" include Homer Simpson, Marge Simpson, Bart Simpson, Lisa Simpson, and Maggie Simpson."
      }
    ]
  },
  {
    "id": "100062",
    "image": "downloaded_images/Cartoon/The_Simpsons/image_20241107_093619_17.jpg",
    "conversations": [
      {
        "from": "human",
        "value": "<image>\nWho are the primary characters in this cartoon?"
      },
      {
        "from": "gpt",
        "value": "The main characters in \"The Simpsons\" include Homer Simpson, Marge Simpson, Bart Simpson, Lisa Simpson, and Maggie Simpson."
      }
    ]
  },
  {
    "id": "100063",
    "image": "downloaded_images/Cartoon/The_Simpsons/image_20241107_093612_16.jpg",
    "conversations": [
      {
        "from": "human",
        "value": "<image>\nWho are the primary characters in this cartoon?"
      },
      {
        "from": "gpt",
        "value": "The main characters in \"The Simpsons\" include Homer Simpson, Marge Simpson, Bart Simpson, Lisa Simpson, and Maggie Simpson."
      }
    ]
  },
  {
    "id": "100064",
    "image": "downloaded_images/Cartoon/The_Simpsons/image_20241107_093525_11.jpg",
    "conversations": [
      {
        "from": "human",
        "value": "<image>\nWho are the primary characters in this cartoon?"
      },
      {
        "from": "gpt",
        "value": "The main characters in \"The Simpsons\" include Homer Simpson, Marge Simpson, Bart Simpson, Lisa Simpson, and Maggie Simpson."
      }
    ]
  },
  {
    "id": "100065",
    "image": "downloaded_images/Cartoon/The_Simpsons/image_20241107_093544_13.jpg",
    "conversations": [
      {
        "from": "human",
        "value": "<image>\nWho are the primary characters in this cartoon?"
      },
      {
        "from": "gpt",
        "value": "The main characters in \"The Simpsons\" include Homer Simpson, Marge Simpson, Bart Simpson, Lisa Simpson, and Maggie Simpson."
      }
    ]
  },
  {
    "id": "100066",
    "image": "downloaded_images/Cartoon/The_Simpsons/image_20241107_093431_5.jpg",
    "conversations": [
      {
        "from": "human",
        "value": "<image>\nWhat is the main plot or premise of this cartoon?"
      },
      {
        "from": "gpt",
        "value": "The central storyline of \"The Simpsons\" revolves around the Simpson family, a dysfunctional family living in the fictional town of Springfield. The show satirizes American culture, society, and television, often addressing various social issues through humor and parody. Each episode typically follows the family's misadventures and interactions with a wide array of supporting characters."
      }
    ]
  },
  {
    "id": "100067",
    "image": "downloaded_images/Cartoon/The_Simpsons/image_20241018_112829_14.jpg",
    "conversations": [
      {
        "from": "human",
        "value": "<image>\nWhat is the main plot or premise of this cartoon?"
      },
      {
        "from": "gpt",
        "value": "The central storyline of \"The Simpsons\" revolves around the Simpson family, a dysfunctional family living in the fictional town of Springfield. The show satirizes American culture, society, and television, often addressing various social issues through humor and parody. Each episode typically follows the family's misadventures and interactions with a wide array of supporting characters."
      }
    ]
  },
  {
    "id": "100068",
    "image": "downloaded_images/Cartoon/The_Simpsons/image_20241107_093456_8.jpg",
    "conversations": [
      {
        "from": "human",
        "value": "<image>\nWhat is the main plot or premise of this cartoon?"
      },
      {
        "from": "gpt",
        "value": "The central storyline of \"The Simpsons\" revolves around the Simpson family, a dysfunctional family living in the fictional town of Springfield. The show satirizes American culture, society, and television, often addressing various social issues through humor and parody. Each episode typically follows the family's misadventures and interactions with a wide array of supporting characters."
      }
    ]
  },
  {
    "id": "100069",
    "image": "downloaded_images/Cartoon/The_Simpsons/image_20241107_093448_7.jpg",
    "conversations": [
      {
        "from": "human",
        "value": "<image>\nWhat is the main plot or premise of this cartoon?"
      },
      {
        "from": "gpt",
        "value": "The central storyline of \"The Simpsons\" revolves around the Simpson family, a dysfunctional family living in the fictional town of Springfield. The show satirizes American culture, society, and television, often addressing various social issues through humor and parody. Each episode typically follows the family's misadventures and interactions with a wide array of supporting characters."
      }
    ]
  },
  {
    "id": "100070",
    "image": "downloaded_images/Cartoon/The_Simpsons/image_20241018_112723_6.jpg",
    "conversations": [
      {
        "from": "human",
        "value": "<image>\nWhat is the main plot or premise of this cartoon?"
      },
      {
        "from": "gpt",
        "value": "The central storyline of \"The Simpsons\" revolves around the Simpson family, a dysfunctional family living in the fictional town of Springfield. The show satirizes American culture, society, and television, often addressing various social issues through humor and parody. Each episode typically follows the family's misadventures and interactions with a wide array of supporting characters."
      }
    ]
  },
  {
    "id": "200041",
    "image": "downloaded_images/Cartoon/The_Simpsons/image_20241018_112916_20.jpg",
    "conversations": [
      {
        "from": "human",
        "value": "<image>\nWhat is the title of this animated series?"
      },
      {
        "from": "gpt",
        "value": "The title of this cartoon is \"The Simpsons.\""
      }
    ]
  },
  {
    "id": "200042",
    "image": "downloaded_images/Cartoon/The_Simpsons/image_20241018_112636_1.jpg",
    "conversations": [
      {
        "from": "human",
        "value": "<image>\nWho made or produced this animated show?"
      },
      {
        "from": "gpt",
        "value": "\"The Simpsons\" was created by Matt Groening and produced by Fox Broadcasting Company."
      }
    ]
  },
  {
    "id": "200043",
    "image": "downloaded_images/Cartoon/The_Simpsons/image_20241018_112636_1.jpg",
    "conversations": [
      {
        "from": "human",
        "value": "<image>\nWhat year was this cartoon released?"
      },
      {
        "from": "gpt",
        "value": "\"The Simpsons\" first aired on December 17, 1989."
      }
    ]
  },
  {
    "id": "200044",
    "image": "downloaded_images/Cartoon/The_Simpsons/image_20241107_093356_1.jpg",
    "conversations": [
      {
        "from": "human",
        "value": "<image>\nWho are the main figures in this animated series?"
      },
      {
        "from": "gpt",
        "value": "The main characters in \"The Simpsons\" include Homer Simpson, Marge Simpson, Bart Simpson, Lisa Simpson, and Maggie Simpson."
      }
    ]
  },
  {
    "id": "200045",
    "image": "downloaded_images/Cartoon/The_Simpsons/image_20241107_093356_1.jpg",
    "conversations": [
      {
        "from": "human",
        "value": "<image>\nWhat is the central storyline of this animated series?"
      },
      {
        "from": "gpt",
        "value": "The central storyline of \"The Simpsons\" revolves around the Simpson family, a dysfunctional family living in the fictional town of Springfield. The show satirizes American culture, society, and television, often addressing various social issues through humor and parody. Each episode typically follows the family's misadventures and interactions with a wide array of supporting characters."
      }
    ]
  },
  {
    "id": "200046",
    "image": "downloaded_images/Cartoon/The_Simpsons/image_20241107_093516_10.jpg",
    "conversations": [
      {
        "from": "human",
        "value": "<image>\nWhat is the title of this animated series?"
      },
      {
        "from": "gpt",
        "value": "The title of this cartoon is \"The Simpsons.\""
      }
    ]
  },
  {
    "id": "200047",
    "image": "downloaded_images/Cartoon/The_Simpsons/image_20241107_093628_18.jpg",
    "conversations": [
      {
        "from": "human",
        "value": "<image>\nWhat is the title of this animated series?"
      },
      {
        "from": "gpt",
        "value": "The title of this cartoon is \"The Simpsons.\""
      }
    ]
  },
  {
    "id": "200048",
    "image": "downloaded_images/Cartoon/The_Simpsons/image_20241107_093431_5.jpg",
    "conversations": [
      {
        "from": "human",
        "value": "<image>\nWhat is the title of this animated series?"
      },
      {
        "from": "gpt",
        "value": "The title of this cartoon is \"The Simpsons.\""
      }
    ]
  },
  {
    "id": "200049",
    "image": "downloaded_images/Cartoon/The_Simpsons/image_20241107_093440_6.jpg",
    "conversations": [
      {
        "from": "human",
        "value": "<image>\nWhat is the title of this animated series?"
      },
      {
        "from": "gpt",
        "value": "The title of this cartoon is \"The Simpsons.\""
      }
    ]
  },
  {
    "id": "200050",
    "image": "downloaded_images/Cartoon/The_Simpsons/image_20241018_112749_9.jpg",
    "conversations": [
      {
        "from": "human",
        "value": "<image>\nWhat is the title of this animated series?"
      },
      {
        "from": "gpt",
        "value": "The title of this cartoon is \"The Simpsons.\""
      }
    ]
  },
  {
    "id": "200051",
    "image": "downloaded_images/Cartoon/The_Simpsons/image_20241018_112916_20.jpg",
    "conversations": [
      {
        "from": "human",
        "value": "<image>\nWho made or produced this animated show?"
      },
      {
        "from": "gpt",
        "value": "\"The Simpsons\" was created by Matt Groening and produced by Fox Broadcasting Company."
      }
    ]
  },
  {
    "id": "200052",
    "image": "downloaded_images/Cartoon/The_Simpsons/image_20241107_093554_14.jpg",
    "conversations": [
      {
        "from": "human",
        "value": "<image>\nWho made or produced this animated show?"
      },
      {
        "from": "gpt",
        "value": "\"The Simpsons\" was created by Matt Groening and produced by Fox Broadcasting Company."
      }
    ]
  },
  {
    "id": "200053",
    "image": "downloaded_images/Cartoon/The_Simpsons/image_20241107_093431_5.jpg",
    "conversations": [
      {
        "from": "human",
        "value": "<image>\nWho made or produced this animated show?"
      },
      {
        "from": "gpt",
        "value": "\"The Simpsons\" was created by Matt Groening and produced by Fox Broadcasting Company."
      }
    ]
  },
  {
    "id": "200054",
    "image": "downloaded_images/Cartoon/The_Simpsons/image_20241018_112757_10.jpg",
    "conversations": [
      {
        "from": "human",
        "value": "<image>\nWho made or produced this animated show?"
      },
      {
        "from": "gpt",
        "value": "\"The Simpsons\" was created by Matt Groening and produced by Fox Broadcasting Company."
      }
    ]
  },
  {
    "id": "200055",
    "image": "downloaded_images/Cartoon/The_Simpsons/image_20241107_093525_11.jpg",
    "conversations": [
      {
        "from": "human",
        "value": "<image>\nWho made or produced this animated show?"
      },
      {
        "from": "gpt",
        "value": "\"The Simpsons\" was created by Matt Groening and produced by Fox Broadcasting Company."
      }
    ]
  },
  {
    "id": "200056",
    "image": "downloaded_images/Cartoon/The_Simpsons/image_20241018_112647_2.jpg",
    "conversations": [
      {
        "from": "human",
        "value": "<image>\nWhat year was this cartoon released?"
      },
      {
        "from": "gpt",
        "value": "\"The Simpsons\" first aired on December 17, 1989."
      }
    ]
  },
  {
    "id": "200057",
    "image": "downloaded_images/Cartoon/The_Simpsons/image_20241107_093516_10.jpg",
    "conversations": [
      {
        "from": "human",
        "value": "<image>\nWhat year was this cartoon released?"
      },
      {
        "from": "gpt",
        "value": "\"The Simpsons\" first aired on December 17, 1989."
      }
    ]
  },
  {
    "id": "200058",
    "image": "downloaded_images/Cartoon/The_Simpsons/image_20241107_093554_14.jpg",
    "conversations": [
      {
        "from": "human",
        "value": "<image>\nWhat year was this cartoon released?"
      },
      {
        "from": "gpt",
        "value": "\"The Simpsons\" first aired on December 17, 1989."
      }
    ]
  },
  {
    "id": "200059",
    "image": "downloaded_images/Cartoon/The_Simpsons/image_20241018_112749_9.jpg",
    "conversations": [
      {
        "from": "human",
        "value": "<image>\nWhat year was this cartoon released?"
      },
      {
        "from": "gpt",
        "value": "\"The Simpsons\" first aired on December 17, 1989."
      }
    ]
  },
  {
    "id": "200060",
    "image": "downloaded_images/Cartoon/The_Simpsons/image_20241107_093448_7.jpg",
    "conversations": [
      {
        "from": "human",
        "value": "<image>\nWhat year was this cartoon released?"
      },
      {
        "from": "gpt",
        "value": "\"The Simpsons\" first aired on December 17, 1989."
      }
    ]
  },
  {
    "id": "200061",
    "image": "downloaded_images/Cartoon/The_Simpsons/image_20241107_093730_23.jpg",
    "conversations": [
      {
        "from": "human",
        "value": "<image>\nWho are the main figures in this animated series?"
      },
      {
        "from": "gpt",
        "value": "The main characters in \"The Simpsons\" include Homer Simpson, Marge Simpson, Bart Simpson, Lisa Simpson, and Maggie Simpson."
      }
    ]
  },
  {
    "id": "200062",
    "image": "downloaded_images/Cartoon/The_Simpsons/image_20241107_093619_17.jpg",
    "conversations": [
      {
        "from": "human",
        "value": "<image>\nWho are the main figures in this animated series?"
      },
      {
        "from": "gpt",
        "value": "The main characters in \"The Simpsons\" include Homer Simpson, Marge Simpson, Bart Simpson, Lisa Simpson, and Maggie Simpson."
      }
    ]
  },
  {
    "id": "200063",
    "image": "downloaded_images/Cartoon/The_Simpsons/image_20241107_093612_16.jpg",
    "conversations": [
      {
        "from": "human",
        "value": "<image>\nWho are the main figures in this animated series?"
      },
      {
        "from": "gpt",
        "value": "The main characters in \"The Simpsons\" include Homer Simpson, Marge Simpson, Bart Simpson, Lisa Simpson, and Maggie Simpson."
      }
    ]
  },
  {
    "id": "200064",
    "image": "downloaded_images/Cartoon/The_Simpsons/image_20241107_093525_11.jpg",
    "conversations": [
      {
        "from": "human",
        "value": "<image>\nWho are the main figures in this animated series?"
      },
      {
        "from": "gpt",
        "value": "The main characters in \"The Simpsons\" include Homer Simpson, Marge Simpson, Bart Simpson, Lisa Simpson, and Maggie Simpson."
      }
    ]
  },
  {
    "id": "200065",
    "image": "downloaded_images/Cartoon/The_Simpsons/image_20241107_093544_13.jpg",
    "conversations": [
      {
        "from": "human",
        "value": "<image>\nWho are the main figures in this animated series?"
      },
      {
        "from": "gpt",
        "value": "The main characters in \"The Simpsons\" include Homer Simpson, Marge Simpson, Bart Simpson, Lisa Simpson, and Maggie Simpson."
      }
    ]
  },
  {
    "id": "200066",
    "image": "downloaded_images/Cartoon/The_Simpsons/image_20241107_093431_5.jpg",
    "conversations": [
      {
        "from": "human",
        "value": "<image>\nWhat is the central storyline of this animated series?"
      },
      {
        "from": "gpt",
        "value": "The central storyline of \"The Simpsons\" revolves around the Simpson family, a dysfunctional family living in the fictional town of Springfield. The show satirizes American culture, society, and television, often addressing various social issues through humor and parody. Each episode typically follows the family's misadventures and interactions with a wide array of supporting characters."
      }
    ]
  },
  {
    "id": "200067",
    "image": "downloaded_images/Cartoon/The_Simpsons/image_20241018_112829_14.jpg",
    "conversations": [
      {
        "from": "human",
        "value": "<image>\nWhat is the central storyline of this animated series?"
      },
      {
        "from": "gpt",
        "value": "The central storyline of \"The Simpsons\" revolves around the Simpson family, a dysfunctional family living in the fictional town of Springfield. The show satirizes American culture, society, and television, often addressing various social issues through humor and parody. Each episode typically follows the family's misadventures and interactions with a wide array of supporting characters."
      }
    ]
  },
  {
    "id": "200068",
    "image": "downloaded_images/Cartoon/The_Simpsons/image_20241107_093456_8.jpg",
    "conversations": [
      {
        "from": "human",
        "value": "<image>\nWhat is the central storyline of this animated series?"
      },
      {
        "from": "gpt",
        "value": "The central storyline of \"The Simpsons\" revolves around the Simpson family, a dysfunctional family living in the fictional town of Springfield. The show satirizes American culture, society, and television, often addressing various social issues through humor and parody. Each episode typically follows the family's misadventures and interactions with a wide array of supporting characters."
      }
    ]
  },
  {
    "id": "200069",
    "image": "downloaded_images/Cartoon/The_Simpsons/image_20241107_093448_7.jpg",
    "conversations": [
      {
        "from": "human",
        "value": "<image>\nWhat is the central storyline of this animated series?"
      },
      {
        "from": "gpt",
        "value": "The central storyline of \"The Simpsons\" revolves around the Simpson family, a dysfunctional family living in the fictional town of Springfield. The show satirizes American culture, society, and television, often addressing various social issues through humor and parody. Each episode typically follows the family's misadventures and interactions with a wide array of supporting characters."
      }
    ]
  },
  {
    "id": "200070",
    "image": "downloaded_images/Cartoon/The_Simpsons/image_20241018_112723_6.jpg",
    "conversations": [
      {
        "from": "human",
        "value": "<image>\nWhat is the central storyline of this animated series?"
      },
      {
        "from": "gpt",
        "value": "The central storyline of \"The Simpsons\" revolves around the Simpson family, a dysfunctional family living in the fictional town of Springfield. The show satirizes American culture, society, and television, often addressing various social issues through humor and parody. Each episode typically follows the family's misadventures and interactions with a wide array of supporting characters."
      }
    ]
  },
  {
    "id": "300041",
    "image": "downloaded_images/Cartoon/The_Simpsons/image_20241018_112916_20.jpg",
    "conversations": [
      {
        "from": "human",
        "value": "<image>\nHow is this cartoon referred to?"
      },
      {
        "from": "gpt",
        "value": "The title of this cartoon is \"The Simpsons.\""
      }
    ]
  },
  {
    "id": "300042",
    "image": "downloaded_images/Cartoon/The_Simpsons/image_20241018_112636_1.jpg",
    "conversations": [
      {
        "from": "human",
        "value": "<image>\nWho is responsible for creating this cartoon?"
      },
      {
        "from": "gpt",
        "value": "\"The Simpsons\" was created by Matt Groening and produced by Fox Broadcasting Company."
      }
    ]
  },
  {
    "id": "300043",
    "image": "downloaded_images/Cartoon/The_Simpsons/image_20241018_112636_1.jpg",
    "conversations": [
      {
        "from": "human",
        "value": "<image>\nWhen was the initial airing of this cartoon?"
      },
      {
        "from": "gpt",
        "value": "\"The Simpsons\" first aired on December 17, 1989."
      }
    ]
  },
  {
    "id": "300044",
    "image": "downloaded_images/Cartoon/The_Simpsons/image_20241107_093356_1.jpg",
    "conversations": [
      {
        "from": "human",
        "value": "<image>\nWhat characters play central roles in this cartoon?"
      },
      {
        "from": "gpt",
        "value": "The main characters in \"The Simpsons\" include Homer Simpson, Marge Simpson, Bart Simpson, Lisa Simpson, and Maggie Simpson."
      }
    ]
  },
  {
    "id": "300045",
    "image": "downloaded_images/Cartoon/The_Simpsons/image_20241107_093356_1.jpg",
    "conversations": [
      {
        "from": "human",
        "value": "<image>\nWhat is the basic premise of this cartoon?"
      },
      {
        "from": "gpt",
        "value": "The central storyline of \"The Simpsons\" revolves around the Simpson family, a dysfunctional family living in the fictional town of Springfield. The show satirizes American culture, society, and television, often addressing various social issues through humor and parody. Each episode typically follows the family's misadventures and interactions with a wide array of supporting characters."
      }
    ]
  },
  {
    "id": "300046",
    "image": "downloaded_images/Cartoon/The_Simpsons/image_20241107_093516_10.jpg",
    "conversations": [
      {
        "from": "human",
        "value": "<image>\nHow is this cartoon referred to?"
      },
      {
        "from": "gpt",
        "value": "The title of this cartoon is \"The Simpsons.\""
      }
    ]
  },
  {
    "id": "300047",
    "image": "downloaded_images/Cartoon/The_Simpsons/image_20241107_093628_18.jpg",
    "conversations": [
      {
        "from": "human",
        "value": "<image>\nHow is this cartoon referred to?"
      },
      {
        "from": "gpt",
        "value": "The title of this cartoon is \"The Simpsons.\""
      }
    ]
  },
  {
    "id": "300048",
    "image": "downloaded_images/Cartoon/The_Simpsons/image_20241107_093431_5.jpg",
    "conversations": [
      {
        "from": "human",
        "value": "<image>\nHow is this cartoon referred to?"
      },
      {
        "from": "gpt",
        "value": "The title of this cartoon is \"The Simpsons.\""
      }
    ]
  },
  {
    "id": "300049",
    "image": "downloaded_images/Cartoon/The_Simpsons/image_20241107_093440_6.jpg",
    "conversations": [
      {
        "from": "human",
        "value": "<image>\nHow is this cartoon referred to?"
      },
      {
        "from": "gpt",
        "value": "The title of this cartoon is \"The Simpsons.\""
      }
    ]
  },
  {
    "id": "300050",
    "image": "downloaded_images/Cartoon/The_Simpsons/image_20241018_112749_9.jpg",
    "conversations": [
      {
        "from": "human",
        "value": "<image>\nHow is this cartoon referred to?"
      },
      {
        "from": "gpt",
        "value": "The title of this cartoon is \"The Simpsons.\""
      }
    ]
  },
  {
    "id": "300051",
    "image": "downloaded_images/Cartoon/The_Simpsons/image_20241018_112916_20.jpg",
    "conversations": [
      {
        "from": "human",
        "value": "<image>\nWho is responsible for creating this cartoon?"
      },
      {
        "from": "gpt",
        "value": "\"The Simpsons\" was created by Matt Groening and produced by Fox Broadcasting Company."
      }
    ]
  },
  {
    "id": "300052",
    "image": "downloaded_images/Cartoon/The_Simpsons/image_20241107_093554_14.jpg",
    "conversations": [
      {
        "from": "human",
        "value": "<image>\nWho is responsible for creating this cartoon?"
      },
      {
        "from": "gpt",
        "value": "\"The Simpsons\" was created by Matt Groening and produced by Fox Broadcasting Company."
      }
    ]
  },
  {
    "id": "300053",
    "image": "downloaded_images/Cartoon/The_Simpsons/image_20241107_093431_5.jpg",
    "conversations": [
      {
        "from": "human",
        "value": "<image>\nWho is responsible for creating this cartoon?"
      },
      {
        "from": "gpt",
        "value": "\"The Simpsons\" was created by Matt Groening and produced by Fox Broadcasting Company."
      }
    ]
  },
  {
    "id": "300054",
    "image": "downloaded_images/Cartoon/The_Simpsons/image_20241018_112757_10.jpg",
    "conversations": [
      {
        "from": "human",
        "value": "<image>\nWho is responsible for creating this cartoon?"
      },
      {
        "from": "gpt",
        "value": "\"The Simpsons\" was created by Matt Groening and produced by Fox Broadcasting Company."
      }
    ]
  },
  {
    "id": "300055",
    "image": "downloaded_images/Cartoon/The_Simpsons/image_20241107_093525_11.jpg",
    "conversations": [
      {
        "from": "human",
        "value": "<image>\nWho is responsible for creating this cartoon?"
      },
      {
        "from": "gpt",
        "value": "\"The Simpsons\" was created by Matt Groening and produced by Fox Broadcasting Company."
      }
    ]
  },
  {
    "id": "300056",
    "image": "downloaded_images/Cartoon/The_Simpsons/image_20241018_112647_2.jpg",
    "conversations": [
      {
        "from": "human",
        "value": "<image>\nWhen was the initial airing of this cartoon?"
      },
      {
        "from": "gpt",
        "value": "\"The Simpsons\" first aired on December 17, 1989."
      }
    ]
  },
  {
    "id": "300057",
    "image": "downloaded_images/Cartoon/The_Simpsons/image_20241107_093516_10.jpg",
    "conversations": [
      {
        "from": "human",
        "value": "<image>\nWhen was the initial airing of this cartoon?"
      },
      {
        "from": "gpt",
        "value": "\"The Simpsons\" first aired on December 17, 1989."
      }
    ]
  },
  {
    "id": "300058",
    "image": "downloaded_images/Cartoon/The_Simpsons/image_20241107_093554_14.jpg",
    "conversations": [
      {
        "from": "human",
        "value": "<image>\nWhen was the initial airing of this cartoon?"
      },
      {
        "from": "gpt",
        "value": "\"The Simpsons\" first aired on December 17, 1989."
      }
    ]
  },
  {
    "id": "300059",
    "image": "downloaded_images/Cartoon/The_Simpsons/image_20241018_112749_9.jpg",
    "conversations": [
      {
        "from": "human",
        "value": "<image>\nWhen was the initial airing of this cartoon?"
      },
      {
        "from": "gpt",
        "value": "\"The Simpsons\" first aired on December 17, 1989."
      }
    ]
  },
  {
    "id": "300060",
    "image": "downloaded_images/Cartoon/The_Simpsons/image_20241107_093448_7.jpg",
    "conversations": [
      {
        "from": "human",
        "value": "<image>\nWhen was the initial airing of this cartoon?"
      },
      {
        "from": "gpt",
        "value": "\"The Simpsons\" first aired on December 17, 1989."
      }
    ]
  },
  {
    "id": "300061",
    "image": "downloaded_images/Cartoon/The_Simpsons/image_20241107_093730_23.jpg",
    "conversations": [
      {
        "from": "human",
        "value": "<image>\nWhat characters play central roles in this cartoon?"
      },
      {
        "from": "gpt",
        "value": "The main characters in \"The Simpsons\" include Homer Simpson, Marge Simpson, Bart Simpson, Lisa Simpson, and Maggie Simpson."
      }
    ]
  },
  {
    "id": "300062",
    "image": "downloaded_images/Cartoon/The_Simpsons/image_20241107_093619_17.jpg",
    "conversations": [
      {
        "from": "human",
        "value": "<image>\nWhat characters play central roles in this cartoon?"
      },
      {
        "from": "gpt",
        "value": "The main characters in \"The Simpsons\" include Homer Simpson, Marge Simpson, Bart Simpson, Lisa Simpson, and Maggie Simpson."
      }
    ]
  },
  {
    "id": "300063",
    "image": "downloaded_images/Cartoon/The_Simpsons/image_20241107_093612_16.jpg",
    "conversations": [
      {
        "from": "human",
        "value": "<image>\nWhat characters play central roles in this cartoon?"
      },
      {
        "from": "gpt",
        "value": "The main characters in \"The Simpsons\" include Homer Simpson, Marge Simpson, Bart Simpson, Lisa Simpson, and Maggie Simpson."
      }
    ]
  },
  {
    "id": "300064",
    "image": "downloaded_images/Cartoon/The_Simpsons/image_20241107_093525_11.jpg",
    "conversations": [
      {
        "from": "human",
        "value": "<image>\nWhat characters play central roles in this cartoon?"
      },
      {
        "from": "gpt",
        "value": "The main characters in \"The Simpsons\" include Homer Simpson, Marge Simpson, Bart Simpson, Lisa Simpson, and Maggie Simpson."
      }
    ]
  },
  {
    "id": "300065",
    "image": "downloaded_images/Cartoon/The_Simpsons/image_20241107_093544_13.jpg",
    "conversations": [
      {
        "from": "human",
        "value": "<image>\nWhat characters play central roles in this cartoon?"
      },
      {
        "from": "gpt",
        "value": "The main characters in \"The Simpsons\" include Homer Simpson, Marge Simpson, Bart Simpson, Lisa Simpson, and Maggie Simpson."
      }
    ]
  },
  {
    "id": "300066",
    "image": "downloaded_images/Cartoon/The_Simpsons/image_20241107_093431_5.jpg",
    "conversations": [
      {
        "from": "human",
        "value": "<image>\nWhat is the basic premise of this cartoon?"
      },
      {
        "from": "gpt",
        "value": "The central storyline of \"The Simpsons\" revolves around the Simpson family, a dysfunctional family living in the fictional town of Springfield. The show satirizes American culture, society, and television, often addressing various social issues through humor and parody. Each episode typically follows the family's misadventures and interactions with a wide array of supporting characters."
      }
    ]
  },
  {
    "id": "300067",
    "image": "downloaded_images/Cartoon/The_Simpsons/image_20241018_112829_14.jpg",
    "conversations": [
      {
        "from": "human",
        "value": "<image>\nWhat is the basic premise of this cartoon?"
      },
      {
        "from": "gpt",
        "value": "The central storyline of \"The Simpsons\" revolves around the Simpson family, a dysfunctional family living in the fictional town of Springfield. The show satirizes American culture, society, and television, often addressing various social issues through humor and parody. Each episode typically follows the family's misadventures and interactions with a wide array of supporting characters."
      }
    ]
  },
  {
    "id": "300068",
    "image": "downloaded_images/Cartoon/The_Simpsons/image_20241107_093456_8.jpg",
    "conversations": [
      {
        "from": "human",
        "value": "<image>\nWhat is the basic premise of this cartoon?"
      },
      {
        "from": "gpt",
        "value": "The central storyline of \"The Simpsons\" revolves around the Simpson family, a dysfunctional family living in the fictional town of Springfield. The show satirizes American culture, society, and television, often addressing various social issues through humor and parody. Each episode typically follows the family's misadventures and interactions with a wide array of supporting characters."
      }
    ]
  },
  {
    "id": "300069",
    "image": "downloaded_images/Cartoon/The_Simpsons/image_20241107_093448_7.jpg",
    "conversations": [
      {
        "from": "human",
        "value": "<image>\nWhat is the basic premise of this cartoon?"
      },
      {
        "from": "gpt",
        "value": "The central storyline of \"The Simpsons\" revolves around the Simpson family, a dysfunctional family living in the fictional town of Springfield. The show satirizes American culture, society, and television, often addressing various social issues through humor and parody. Each episode typically follows the family's misadventures and interactions with a wide array of supporting characters."
      }
    ]
  },
  {
    "id": "300070",
    "image": "downloaded_images/Cartoon/The_Simpsons/image_20241018_112723_6.jpg",
    "conversations": [
      {
        "from": "human",
        "value": "<image>\nWhat is the basic premise of this cartoon?"
      },
      {
        "from": "gpt",
        "value": "The central storyline of \"The Simpsons\" revolves around the Simpson family, a dysfunctional family living in the fictional town of Springfield. The show satirizes American culture, society, and television, often addressing various social issues through humor and parody. Each episode typically follows the family's misadventures and interactions with a wide array of supporting characters."
      }
    ]
  },
  {
    "id": "400041",
    "image": "downloaded_images/Cartoon/The_Simpsons/image_20241018_112916_20.jpg",
    "conversations": [
      {
        "from": "human",
        "value": "<image>\nWhat do people call this cartoon?"
      },
      {
        "from": "gpt",
        "value": "The title of this cartoon is \"The Simpsons.\""
      }
    ]
  },
  {
    "id": "400042",
    "image": "downloaded_images/Cartoon/The_Simpsons/image_20241018_112636_1.jpg",
    "conversations": [
      {
        "from": "human",
        "value": "<image>\nWho developed this animated series?"
      },
      {
        "from": "gpt",
        "value": "\"The Simpsons\" was created by Matt Groening and produced by Fox Broadcasting Company."
      }
    ]
  },
  {
    "id": "400043",
    "image": "downloaded_images/Cartoon/The_Simpsons/image_20241018_112636_1.jpg",
    "conversations": [
      {
        "from": "human",
        "value": "<image>\nIn which year did this animated series first appear?"
      },
      {
        "from": "gpt",
        "value": "\"The Simpsons\" first aired on December 17, 1989."
      }
    ]
  },
  {
    "id": "400044",
    "image": "downloaded_images/Cartoon/The_Simpsons/image_20241107_093356_1.jpg",
    "conversations": [
      {
        "from": "human",
        "value": "<image>\nWho are the key characters featured in this cartoon?"
      },
      {
        "from": "gpt",
        "value": "The main characters in \"The Simpsons\" include Homer Simpson, Marge Simpson, Bart Simpson, Lisa Simpson, and Maggie Simpson."
      }
    ]
  },
  {
    "id": "400045",
    "image": "downloaded_images/Cartoon/The_Simpsons/image_20241107_093356_1.jpg",
    "conversations": [
      {
        "from": "human",
        "value": "<image>\nCan you summarize the main storyline of this cartoon?"
      },
      {
        "from": "gpt",
        "value": "The central storyline of \"The Simpsons\" revolves around the Simpson family, a dysfunctional family living in the fictional town of Springfield. The show satirizes American culture, society, and television, often addressing various social issues through humor and parody. Each episode typically follows the family's misadventures and interactions with a wide array of supporting characters."
      }
    ]
  },
  {
    "id": "400046",
    "image": "downloaded_images/Cartoon/The_Simpsons/image_20241107_093516_10.jpg",
    "conversations": [
      {
        "from": "human",
        "value": "<image>\nWhat do people call this cartoon?"
      },
      {
        "from": "gpt",
        "value": "The title of this cartoon is \"The Simpsons.\""
      }
    ]
  },
  {
    "id": "400047",
    "image": "downloaded_images/Cartoon/The_Simpsons/image_20241107_093628_18.jpg",
    "conversations": [
      {
        "from": "human",
        "value": "<image>\nWhat do people call this cartoon?"
      },
      {
        "from": "gpt",
        "value": "The title of this cartoon is \"The Simpsons.\""
      }
    ]
  },
  {
    "id": "400048",
    "image": "downloaded_images/Cartoon/The_Simpsons/image_20241107_093431_5.jpg",
    "conversations": [
      {
        "from": "human",
        "value": "<image>\nWhat do people call this cartoon?"
      },
      {
        "from": "gpt",
        "value": "The title of this cartoon is \"The Simpsons.\""
      }
    ]
  },
  {
    "id": "400049",
    "image": "downloaded_images/Cartoon/The_Simpsons/image_20241107_093440_6.jpg",
    "conversations": [
      {
        "from": "human",
        "value": "<image>\nWhat do people call this cartoon?"
      },
      {
        "from": "gpt",
        "value": "The title of this cartoon is \"The Simpsons.\""
      }
    ]
  },
  {
    "id": "400050",
    "image": "downloaded_images/Cartoon/The_Simpsons/image_20241018_112749_9.jpg",
    "conversations": [
      {
        "from": "human",
        "value": "<image>\nWhat do people call this cartoon?"
      },
      {
        "from": "gpt",
        "value": "The title of this cartoon is \"The Simpsons.\""
      }
    ]
  },
  {
    "id": "400051",
    "image": "downloaded_images/Cartoon/The_Simpsons/image_20241018_112916_20.jpg",
    "conversations": [
      {
        "from": "human",
        "value": "<image>\nWho developed this animated series?"
      },
      {
        "from": "gpt",
        "value": "\"The Simpsons\" was created by Matt Groening and produced by Fox Broadcasting Company."
      }
    ]
  },
  {
    "id": "400052",
    "image": "downloaded_images/Cartoon/The_Simpsons/image_20241107_093554_14.jpg",
    "conversations": [
      {
        "from": "human",
        "value": "<image>\nWho developed this animated series?"
      },
      {
        "from": "gpt",
        "value": "\"The Simpsons\" was created by Matt Groening and produced by Fox Broadcasting Company."
      }
    ]
  },
  {
    "id": "400053",
    "image": "downloaded_images/Cartoon/The_Simpsons/image_20241107_093431_5.jpg",
    "conversations": [
      {
        "from": "human",
        "value": "<image>\nWho developed this animated series?"
      },
      {
        "from": "gpt",
        "value": "\"The Simpsons\" was created by Matt Groening and produced by Fox Broadcasting Company."
      }
    ]
  },
  {
    "id": "400054",
    "image": "downloaded_images/Cartoon/The_Simpsons/image_20241018_112757_10.jpg",
    "conversations": [
      {
        "from": "human",
        "value": "<image>\nWho developed this animated series?"
      },
      {
        "from": "gpt",
        "value": "\"The Simpsons\" was created by Matt Groening and produced by Fox Broadcasting Company."
      }
    ]
  },
  {
    "id": "400055",
    "image": "downloaded_images/Cartoon/The_Simpsons/image_20241107_093525_11.jpg",
    "conversations": [
      {
        "from": "human",
        "value": "<image>\nWho developed this animated series?"
      },
      {
        "from": "gpt",
        "value": "\"The Simpsons\" was created by Matt Groening and produced by Fox Broadcasting Company."
      }
    ]
  },
  {
    "id": "400056",
    "image": "downloaded_images/Cartoon/The_Simpsons/image_20241018_112647_2.jpg",
    "conversations": [
      {
        "from": "human",
        "value": "<image>\nIn which year did this animated series first appear?"
      },
      {
        "from": "gpt",
        "value": "\"The Simpsons\" first aired on December 17, 1989."
      }
    ]
  },
  {
    "id": "400057",
    "image": "downloaded_images/Cartoon/The_Simpsons/image_20241107_093516_10.jpg",
    "conversations": [
      {
        "from": "human",
        "value": "<image>\nIn which year did this animated series first appear?"
      },
      {
        "from": "gpt",
        "value": "\"The Simpsons\" first aired on December 17, 1989."
      }
    ]
  },
  {
    "id": "400058",
    "image": "downloaded_images/Cartoon/The_Simpsons/image_20241107_093554_14.jpg",
    "conversations": [
      {
        "from": "human",
        "value": "<image>\nIn which year did this animated series first appear?"
      },
      {
        "from": "gpt",
        "value": "\"The Simpsons\" first aired on December 17, 1989."
      }
    ]
  },
  {
    "id": "400059",
    "image": "downloaded_images/Cartoon/The_Simpsons/image_20241018_112749_9.jpg",
    "conversations": [
      {
        "from": "human",
        "value": "<image>\nIn which year did this animated series first appear?"
      },
      {
        "from": "gpt",
        "value": "\"The Simpsons\" first aired on December 17, 1989."
      }
    ]
  },
  {
    "id": "400060",
    "image": "downloaded_images/Cartoon/The_Simpsons/image_20241107_093448_7.jpg",
    "conversations": [
      {
        "from": "human",
        "value": "<image>\nIn which year did this animated series first appear?"
      },
      {
        "from": "gpt",
        "value": "\"The Simpsons\" first aired on December 17, 1989."
      }
    ]
  },
  {
    "id": "400061",
    "image": "downloaded_images/Cartoon/The_Simpsons/image_20241107_093730_23.jpg",
    "conversations": [
      {
        "from": "human",
        "value": "<image>\nWho are the key characters featured in this cartoon?"
      },
      {
        "from": "gpt",
        "value": "The main characters in \"The Simpsons\" include Homer Simpson, Marge Simpson, Bart Simpson, Lisa Simpson, and Maggie Simpson."
      }
    ]
  },
  {
    "id": "400062",
    "image": "downloaded_images/Cartoon/The_Simpsons/image_20241107_093619_17.jpg",
    "conversations": [
      {
        "from": "human",
        "value": "<image>\nWho are the key characters featured in this cartoon?"
      },
      {
        "from": "gpt",
        "value": "The main characters in \"The Simpsons\" include Homer Simpson, Marge Simpson, Bart Simpson, Lisa Simpson, and Maggie Simpson."
      }
    ]
  },
  {
    "id": "400063",
    "image": "downloaded_images/Cartoon/The_Simpsons/image_20241107_093612_16.jpg",
    "conversations": [
      {
        "from": "human",
        "value": "<image>\nWho are the key characters featured in this cartoon?"
      },
      {
        "from": "gpt",
        "value": "The main characters in \"The Simpsons\" include Homer Simpson, Marge Simpson, Bart Simpson, Lisa Simpson, and Maggie Simpson."
      }
    ]
  },
  {
    "id": "400064",
    "image": "downloaded_images/Cartoon/The_Simpsons/image_20241107_093525_11.jpg",
    "conversations": [
      {
        "from": "human",
        "value": "<image>\nWho are the key characters featured in this cartoon?"
      },
      {
        "from": "gpt",
        "value": "The main characters in \"The Simpsons\" include Homer Simpson, Marge Simpson, Bart Simpson, Lisa Simpson, and Maggie Simpson."
      }
    ]
  },
  {
    "id": "400065",
    "image": "downloaded_images/Cartoon/The_Simpsons/image_20241107_093544_13.jpg",
    "conversations": [
      {
        "from": "human",
        "value": "<image>\nWho are the key characters featured in this cartoon?"
      },
      {
        "from": "gpt",
        "value": "The main characters in \"The Simpsons\" include Homer Simpson, Marge Simpson, Bart Simpson, Lisa Simpson, and Maggie Simpson."
      }
    ]
  },
  {
    "id": "400066",
    "image": "downloaded_images/Cartoon/The_Simpsons/image_20241107_093431_5.jpg",
    "conversations": [
      {
        "from": "human",
        "value": "<image>\nCan you summarize the main storyline of this cartoon?"
      },
      {
        "from": "gpt",
        "value": "The central storyline of \"The Simpsons\" revolves around the Simpson family, a dysfunctional family living in the fictional town of Springfield. The show satirizes American culture, society, and television, often addressing various social issues through humor and parody. Each episode typically follows the family's misadventures and interactions with a wide array of supporting characters."
      }
    ]
  },
  {
    "id": "400067",
    "image": "downloaded_images/Cartoon/The_Simpsons/image_20241018_112829_14.jpg",
    "conversations": [
      {
        "from": "human",
        "value": "<image>\nCan you summarize the main storyline of this cartoon?"
      },
      {
        "from": "gpt",
        "value": "The central storyline of \"The Simpsons\" revolves around the Simpson family, a dysfunctional family living in the fictional town of Springfield. The show satirizes American culture, society, and television, often addressing various social issues through humor and parody. Each episode typically follows the family's misadventures and interactions with a wide array of supporting characters."
      }
    ]
  },
  {
    "id": "400068",
    "image": "downloaded_images/Cartoon/The_Simpsons/image_20241107_093456_8.jpg",
    "conversations": [
      {
        "from": "human",
        "value": "<image>\nCan you summarize the main storyline of this cartoon?"
      },
      {
        "from": "gpt",
        "value": "The central storyline of \"The Simpsons\" revolves around the Simpson family, a dysfunctional family living in the fictional town of Springfield. The show satirizes American culture, society, and television, often addressing various social issues through humor and parody. Each episode typically follows the family's misadventures and interactions with a wide array of supporting characters."
      }
    ]
  },
  {
    "id": "400069",
    "image": "downloaded_images/Cartoon/The_Simpsons/image_20241107_093448_7.jpg",
    "conversations": [
      {
        "from": "human",
        "value": "<image>\nCan you summarize the main storyline of this cartoon?"
      },
      {
        "from": "gpt",
        "value": "The central storyline of \"The Simpsons\" revolves around the Simpson family, a dysfunctional family living in the fictional town of Springfield. The show satirizes American culture, society, and television, often addressing various social issues through humor and parody. Each episode typically follows the family's misadventures and interactions with a wide array of supporting characters."
      }
    ]
  },
  {
    "id": "400070",
    "image": "downloaded_images/Cartoon/The_Simpsons/image_20241018_112723_6.jpg",
    "conversations": [
      {
        "from": "human",
        "value": "<image>\nCan you summarize the main storyline of this cartoon?"
      },
      {
        "from": "gpt",
        "value": "The central storyline of \"The Simpsons\" revolves around the Simpson family, a dysfunctional family living in the fictional town of Springfield. The show satirizes American culture, society, and television, often addressing various social issues through humor and parody. Each episode typically follows the family's misadventures and interactions with a wide array of supporting characters."
      }
    ]
  }
]