[
  {
    "id": "15",
    "image": "downloaded_images/Plants/Aloe_Vera/image_20241107_185657_19.jpg",
    "conversations": [
      {
        "from": "human",
        "value": "<image>\nWhat is the common name of this plant?"
      },
      {
        "from": "gpt",
        "value": "Common Name: Aloe Vera"
      }
    ]
  },
  {
    "id": "16",
    "image": "downloaded_images/Plants/Aloe_Vera/image_20241018_175026_11.jpg",
    "conversations": [
      {
        "from": "human",
        "value": "<image>\nHow does it reproduce (seeds, cuttings, runners)?"
      },
      {
        "from": "gpt",
        "value": "Aloe Vera reproduces through seeds and also through offshoots (pups), which grow from the base of the plant and can be separated to propagate new plants."
      }
    ]
  },
  {
    "id": "17",
    "image": "downloaded_images/Plants/Aloe_Vera/image_20241018_175128_18.jpg",
    "conversations": [
      {
        "from": "human",
        "value": "<image>\nIs it native to a specific region or found globally?"
      },
      {
        "from": "gpt",
        "value": "Native Region: Aloe Vera is believed to be native to the Arabian Peninsula, but it has naturalized in tropical and arid regions around the world and is widely cultivated."
      }
    ]
  },
  {
    "id": "18",
    "image": "downloaded_images/Plants/Aloe_Vera/image_20241018_174858_3.jpg",
    "conversations": [
      {
        "from": "human",
        "value": "<image>\nHow does it grow (e.g., tree, shrub, herb)?"
      },
      {
        "from": "gpt",
        "value": "Growth Form: Aloe Vera is a succulent herb, growing as a clumping, rosette-forming perennial with thick, fleshy leaves that store water, making it well-suited to dry environments."
      }
    ]
  },
  {
    "id": "19",
    "image": "downloaded_images/Plants/Aloe_Vera/image_20241018_175113_16.jpg",
    "conversations": [
      {
        "from": "human",
        "value": "<image>\nWhat is the common name of this plant?"
      },
      {
        "from": "gpt",
        "value": "Common Name: Aloe Vera"
      }
    ]
  },
  {
    "id": "20",
    "image": "downloaded_images/Plants/Aloe_Vera/image_20241107_185225_3.jpg",
    "conversations": [
      {
        "from": "human",
        "value": "<image>\nWhat is the common name of this plant?"
      },
      {
        "from": "gpt",
        "value": "Common Name: Aloe Vera"
      }
    ]
  },
  {
    "id": "21",
    "image": "downloaded_images/Plants/Aloe_Vera/image_20241107_185714_21.jpg",
    "conversations": [
      {
        "from": "human",
        "value": "<image>\nWhat is the common name of this plant?"
      },
      {
        "from": "gpt",
        "value": "Common Name: Aloe Vera"
      }
    ]
  },
  {
    "id": "22",
    "image": "downloaded_images/Plants/Aloe_Vera/image_20241107_185809_27.jpg",
    "conversations": [
      {
        "from": "human",
        "value": "<image>\nWhat is the common name of this plant?"
      },
      {
        "from": "gpt",
        "value": "Common Name: Aloe Vera"
      }
    ]
  },
  {
    "id": "23",
    "image": "downloaded_images/Plants/Aloe_Vera/image_20241107_185429_14.jpg",
    "conversations": [
      {
        "from": "human",
        "value": "<image>\nWhat is the common name of this plant?"
      },
      {
        "from": "gpt",
        "value": "Common Name: Aloe Vera"
      }
    ]
  },
  {
    "id": "24",
    "image": "downloaded_images/Plants/Aloe_Vera/image_20241018_174922_6.jpg",
    "conversations": [
      {
        "from": "human",
        "value": "<image>\nHow does it reproduce (seeds, cuttings, runners)?"
      },
      {
        "from": "gpt",
        "value": "Aloe Vera reproduces through seeds and also through offshoots (pups), which grow from the base of the plant and can be separated to propagate new plants."
      }
    ]
  },
  {
    "id": "25",
    "image": "downloaded_images/Plants/Aloe_Vera/image_20241107_185401_11.jpg",
    "conversations": [
      {
        "from": "human",
        "value": "<image>\nHow does it reproduce (seeds, cuttings, runners)?"
      },
      {
        "from": "gpt",
        "value": "Aloe Vera reproduces through seeds and also through offshoots (pups), which grow from the base of the plant and can be separated to propagate new plants."
      }
    ]
  },
  {
    "id": "26",
    "image": "downloaded_images/Plants/Aloe_Vera/image_20241018_175145_20.jpg",
    "conversations": [
      {
        "from": "human",
        "value": "<image>\nHow does it reproduce (seeds, cuttings, runners)?"
      },
      {
        "from": "gpt",
        "value": "Aloe Vera reproduces through seeds and also through offshoots (pups), which grow from the base of the plant and can be separated to propagate new plants."
      }
    ]
  },
  {
    "id": "27",
    "image": "downloaded_images/Plants/Aloe_Vera/image_20241107_185657_19.jpg",
    "conversations": [
      {
        "from": "human",
        "value": "<image>\nHow does it reproduce (seeds, cuttings, runners)?"
      },
      {
        "from": "gpt",
        "value": "Aloe Vera reproduces through seeds and also through offshoots (pups), which grow from the base of the plant and can be separated to propagate new plants."
      }
    ]
  },
  {
    "id": "28",
    "image": "downloaded_images/Plants/Aloe_Vera/image_20241107_185323_7.jpg",
    "conversations": [
      {
        "from": "human",
        "value": "<image>\nHow does it reproduce (seeds, cuttings, runners)?"
      },
      {
        "from": "gpt",
        "value": "Aloe Vera reproduces through seeds and also through offshoots (pups), which grow from the base of the plant and can be separated to propagate new plants."
      }
    ]
  },
  {
    "id": "29",
    "image": "downloaded_images/Plants/Aloe_Vera/image_20241018_175113_16.jpg",
    "conversations": [
      {
        "from": "human",
        "value": "<image>\nIs it native to a specific region or found globally?"
      },
      {
        "from": "gpt",
        "value": "Native Region: Aloe Vera is believed to be native to the Arabian Peninsula, but it has naturalized in tropical and arid regions around the world and is widely cultivated."
      }
    ]
  },
  {
    "id": "30",
    "image": "downloaded_images/Plants/Aloe_Vera/image_20241107_185409_12.jpg",
    "conversations": [
      {
        "from": "human",
        "value": "<image>\nIs it native to a specific region or found globally?"
      },
      {
        "from": "gpt",
        "value": "Native Region: Aloe Vera is believed to be native to the Arabian Peninsula, but it has naturalized in tropical and arid regions around the world and is widely cultivated."
      }
    ]
  },
  {
    "id": "31",
    "image": "downloaded_images/Plants/Aloe_Vera/image_20241107_185259_4.jpg",
    "conversations": [
      {
        "from": "human",
        "value": "<image>\nIs it native to a specific region or found globally?"
      },
      {
        "from": "gpt",
        "value": "Native Region: Aloe Vera is believed to be native to the Arabian Peninsula, but it has naturalized in tropical and arid regions around the world and is widely cultivated."
      }
    ]
  },
  {
    "id": "32",
    "image": "downloaded_images/Plants/Aloe_Vera/image_20241107_185809_27.jpg",
    "conversations": [
      {
        "from": "human",
        "value": "<image>\nIs it native to a specific region or found globally?"
      },
      {
        "from": "gpt",
        "value": "Native Region: Aloe Vera is believed to be native to the Arabian Peninsula, but it has naturalized in tropical and arid regions around the world and is widely cultivated."
      }
    ]
  },
  {
    "id": "33",
    "image": "downloaded_images/Plants/Aloe_Vera/image_20241107_185733_23.jpg",
    "conversations": [
      {
        "from": "human",
        "value": "<image>\nIs it native to a specific region or found globally?"
      },
      {
        "from": "gpt",
        "value": "Native Region: Aloe Vera is believed to be native to the Arabian Peninsula, but it has naturalized in tropical and arid regions around the world and is widely cultivated."
      }
    ]
  },
  {
    "id": "34",
    "image": "downloaded_images/Plants/Aloe_Vera/image_20241018_175145_20.jpg",
    "conversations": [
      {
        "from": "human",
        "value": "<image>\nHow does it grow (e.g., tree, shrub, herb)?"
      },
      {
        "from": "gpt",
        "value": "Growth Form: Aloe Vera is a succulent herb, growing as a clumping, rosette-forming perennial with thick, fleshy leaves that store water, making it well-suited to dry environments."
      }
    ]
  },
  {
    "id": "35",
    "image": "downloaded_images/Plants/Aloe_Vera/image_20241018_174906_4.jpg",
    "conversations": [
      {
        "from": "human",
        "value": "<image>\nHow does it grow (e.g., tree, shrub, herb)?"
      },
      {
        "from": "gpt",
        "value": "Growth Form: Aloe Vera is a succulent herb, growing as a clumping, rosette-forming perennial with thick, fleshy leaves that store water, making it well-suited to dry environments."
      }
    ]
  },
  {
    "id": "36",
    "image": "downloaded_images/Plants/Aloe_Vera/image_20241107_185705_20.jpg",
    "conversations": [
      {
        "from": "human",
        "value": "<image>\nHow does it grow (e.g., tree, shrub, herb)?"
      },
      {
        "from": "gpt",
        "value": "Growth Form: Aloe Vera is a succulent herb, growing as a clumping, rosette-forming perennial with thick, fleshy leaves that store water, making it well-suited to dry environments."
      }
    ]
  },
  {
    "id": "37",
    "image": "downloaded_images/Plants/Aloe_Vera/image_20241107_185657_19.jpg",
    "conversations": [
      {
        "from": "human",
        "value": "<image>\nHow does it grow (e.g., tree, shrub, herb)?"
      },
      {
        "from": "gpt",
        "value": "Growth Form: Aloe Vera is a succulent herb, growing as a clumping, rosette-forming perennial with thick, fleshy leaves that store water, making it well-suited to dry environments."
      }
    ]
  },
  {
    "id": "38",
    "image": "downloaded_images/Plants/Aloe_Vera/image_20241107_185801_26.jpg",
    "conversations": [
      {
        "from": "human",
        "value": "<image>\nHow does it grow (e.g., tree, shrub, herb)?"
      },
      {
        "from": "gpt",
        "value": "Growth Form: Aloe Vera is a succulent herb, growing as a clumping, rosette-forming perennial with thick, fleshy leaves that store water, making it well-suited to dry environments."
      }
    ]
  },
  {
    "id": "100015",
    "image": "downloaded_images/Plants/Aloe_Vera/image_20241107_185657_19.jpg",
    "conversations": [
      {
        "from": "human",
        "value": "<image>\nWhat is the name of the plant in picture?"
      },
      {
        "from": "gpt",
        "value": "Common Name: Aloe Vera"
      }
    ]
  },
  {
    "id": "100016",
    "image": "downloaded_images/Plants/Aloe_Vera/image_20241018_175026_11.jpg",
    "conversations": [
      {
        "from": "human",
        "value": "<image>\nHow does this plant reproduce?"
      },
      {
        "from": "gpt",
        "value": "Aloe Vera reproduces through seeds and also through offshoots (pups), which grow from the base of the plant and can be separated to propagate new plants."
      }
    ]
  },
  {
    "id": "100017",
    "image": "downloaded_images/Plants/Aloe_Vera/image_20241018_175128_18.jpg",
    "conversations": [
      {
        "from": "human",
        "value": "<image>\nIs this plant indigenous to a specific region or is it found worldwide?"
      },
      {
        "from": "gpt",
        "value": "Native Region: Aloe Vera is believed to be native to the Arabian Peninsula, but it has naturalized in tropical and arid regions around the world and is widely cultivated."
      }
    ]
  },
  {
    "id": "100018",
    "image": "downloaded_images/Plants/Aloe_Vera/image_20241018_174858_3.jpg",
    "conversations": [
      {
        "from": "human",
        "value": "<image>\nHow does this plant grow?"
      },
      {
        "from": "gpt",
        "value": "Growth Form: Aloe Vera is a succulent herb, growing as a clumping, rosette-forming perennial with thick, fleshy leaves that store water, making it well-suited to dry environments."
      }
    ]
  },
  {
    "id": "100019",
    "image": "downloaded_images/Plants/Aloe_Vera/image_20241018_175113_16.jpg",
    "conversations": [
      {
        "from": "human",
        "value": "<image>\nWhat is the name of the plant in picture?"
      },
      {
        "from": "gpt",
        "value": "Common Name: Aloe Vera"
      }
    ]
  },
  {
    "id": "100020",
    "image": "downloaded_images/Plants/Aloe_Vera/image_20241107_185225_3.jpg",
    "conversations": [
      {
        "from": "human",
        "value": "<image>\nWhat is the name of the plant in picture?"
      },
      {
        "from": "gpt",
        "value": "Common Name: Aloe Vera"
      }
    ]
  },
  {
    "id": "100021",
    "image": "downloaded_images/Plants/Aloe_Vera/image_20241107_185714_21.jpg",
    "conversations": [
      {
        "from": "human",
        "value": "<image>\nWhat is the name of the plant in picture?"
      },
      {
        "from": "gpt",
        "value": "Common Name: Aloe Vera"
      }
    ]
  },
  {
    "id": "100022",
    "image": "downloaded_images/Plants/Aloe_Vera/image_20241107_185809_27.jpg",
    "conversations": [
      {
        "from": "human",
        "value": "<image>\nWhat is the name of the plant in picture?"
      },
      {
        "from": "gpt",
        "value": "Common Name: Aloe Vera"
      }
    ]
  },
  {
    "id": "100023",
    "image": "downloaded_images/Plants/Aloe_Vera/image_20241107_185429_14.jpg",
    "conversations": [
      {
        "from": "human",
        "value": "<image>\nWhat is the name of the plant in picture?"
      },
      {
        "from": "gpt",
        "value": "Common Name: Aloe Vera"
      }
    ]
  },
  {
    "id": "100024",
    "image": "downloaded_images/Plants/Aloe_Vera/image_20241018_174922_6.jpg",
    "conversations": [
      {
        "from": "human",
        "value": "<image>\nHow does this plant reproduce?"
      },
      {
        "from": "gpt",
        "value": "Aloe Vera reproduces through seeds and also through offshoots (pups), which grow from the base of the plant and can be separated to propagate new plants."
      }
    ]
  },
  {
    "id": "100025",
    "image": "downloaded_images/Plants/Aloe_Vera/image_20241107_185401_11.jpg",
    "conversations": [
      {
        "from": "human",
        "value": "<image>\nHow does this plant reproduce?"
      },
      {
        "from": "gpt",
        "value": "Aloe Vera reproduces through seeds and also through offshoots (pups), which grow from the base of the plant and can be separated to propagate new plants."
      }
    ]
  },
  {
    "id": "100026",
    "image": "downloaded_images/Plants/Aloe_Vera/image_20241018_175145_20.jpg",
    "conversations": [
      {
        "from": "human",
        "value": "<image>\nHow does this plant reproduce?"
      },
      {
        "from": "gpt",
        "value": "Aloe Vera reproduces through seeds and also through offshoots (pups), which grow from the base of the plant and can be separated to propagate new plants."
      }
    ]
  },
  {
    "id": "100027",
    "image": "downloaded_images/Plants/Aloe_Vera/image_20241107_185657_19.jpg",
    "conversations": [
      {
        "from": "human",
        "value": "<image>\nHow does this plant reproduce?"
      },
      {
        "from": "gpt",
        "value": "Aloe Vera reproduces through seeds and also through offshoots (pups), which grow from the base of the plant and can be separated to propagate new plants."
      }
    ]
  },
  {
    "id": "100028",
    "image": "downloaded_images/Plants/Aloe_Vera/image_20241107_185323_7.jpg",
    "conversations": [
      {
        "from": "human",
        "value": "<image>\nHow does this plant reproduce?"
      },
      {
        "from": "gpt",
        "value": "Aloe Vera reproduces through seeds and also through offshoots (pups), which grow from the base of the plant and can be separated to propagate new plants."
      }
    ]
  },
  {
    "id": "100029",
    "image": "downloaded_images/Plants/Aloe_Vera/image_20241018_175113_16.jpg",
    "conversations": [
      {
        "from": "human",
        "value": "<image>\nIs this plant indigenous to a specific region or is it found worldwide?"
      },
      {
        "from": "gpt",
        "value": "Native Region: Aloe Vera is believed to be native to the Arabian Peninsula, but it has naturalized in tropical and arid regions around the world and is widely cultivated."
      }
    ]
  },
  {
    "id": "100030",
    "image": "downloaded_images/Plants/Aloe_Vera/image_20241107_185409_12.jpg",
    "conversations": [
      {
        "from": "human",
        "value": "<image>\nIs this plant indigenous to a specific region or is it found worldwide?"
      },
      {
        "from": "gpt",
        "value": "Native Region: Aloe Vera is believed to be native to the Arabian Peninsula, but it has naturalized in tropical and arid regions around the world and is widely cultivated."
      }
    ]
  },
  {
    "id": "100031",
    "image": "downloaded_images/Plants/Aloe_Vera/image_20241107_185259_4.jpg",
    "conversations": [
      {
        "from": "human",
        "value": "<image>\nIs this plant indigenous to a specific region or is it found worldwide?"
      },
      {
        "from": "gpt",
        "value": "Native Region: Aloe Vera is believed to be native to the Arabian Peninsula, but it has naturalized in tropical and arid regions around the world and is widely cultivated."
      }
    ]
  },
  {
    "id": "100032",
    "image": "downloaded_images/Plants/Aloe_Vera/image_20241107_185809_27.jpg",
    "conversations": [
      {
        "from": "human",
        "value": "<image>\nIs this plant indigenous to a specific region or is it found worldwide?"
      },
      {
        "from": "gpt",
        "value": "Native Region: Aloe Vera is believed to be native to the Arabian Peninsula, but it has naturalized in tropical and arid regions around the world and is widely cultivated."
      }
    ]
  },
  {
    "id": "100033",
    "image": "downloaded_images/Plants/Aloe_Vera/image_20241107_185733_23.jpg",
    "conversations": [
      {
        "from": "human",
        "value": "<image>\nIs this plant indigenous to a specific region or is it found worldwide?"
      },
      {
        "from": "gpt",
        "value": "Native Region: Aloe Vera is believed to be native to the Arabian Peninsula, but it has naturalized in tropical and arid regions around the world and is widely cultivated."
      }
    ]
  },
  {
    "id": "100034",
    "image": "downloaded_images/Plants/Aloe_Vera/image_20241018_175145_20.jpg",
    "conversations": [
      {
        "from": "human",
        "value": "<image>\nHow does this plant grow?"
      },
      {
        "from": "gpt",
        "value": "Growth Form: Aloe Vera is a succulent herb, growing as a clumping, rosette-forming perennial with thick, fleshy leaves that store water, making it well-suited to dry environments."
      }
    ]
  },
  {
    "id": "100035",
    "image": "downloaded_images/Plants/Aloe_Vera/image_20241018_174906_4.jpg",
    "conversations": [
      {
        "from": "human",
        "value": "<image>\nHow does this plant grow?"
      },
      {
        "from": "gpt",
        "value": "Growth Form: Aloe Vera is a succulent herb, growing as a clumping, rosette-forming perennial with thick, fleshy leaves that store water, making it well-suited to dry environments."
      }
    ]
  },
  {
    "id": "100036",
    "image": "downloaded_images/Plants/Aloe_Vera/image_20241107_185705_20.jpg",
    "conversations": [
      {
        "from": "human",
        "value": "<image>\nHow does this plant grow?"
      },
      {
        "from": "gpt",
        "value": "Growth Form: Aloe Vera is a succulent herb, growing as a clumping, rosette-forming perennial with thick, fleshy leaves that store water, making it well-suited to dry environments."
      }
    ]
  },
  {
    "id": "100037",
    "image": "downloaded_images/Plants/Aloe_Vera/image_20241107_185657_19.jpg",
    "conversations": [
      {
        "from": "human",
        "value": "<image>\nHow does this plant grow?"
      },
      {
        "from": "gpt",
        "value": "Growth Form: Aloe Vera is a succulent herb, growing as a clumping, rosette-forming perennial with thick, fleshy leaves that store water, making it well-suited to dry environments."
      }
    ]
  },
  {
    "id": "100038",
    "image": "downloaded_images/Plants/Aloe_Vera/image_20241107_185801_26.jpg",
    "conversations": [
      {
        "from": "human",
        "value": "<image>\nHow does this plant grow?"
      },
      {
        "from": "gpt",
        "value": "Growth Form: Aloe Vera is a succulent herb, growing as a clumping, rosette-forming perennial with thick, fleshy leaves that store water, making it well-suited to dry environments."
      }
    ]
  },
  {
    "id": "200015",
    "image": "downloaded_images/Plants/Aloe_Vera/image_20241107_185657_19.jpg",
    "conversations": [
      {
        "from": "human",
        "value": "<image>\nWhat is this plant commonly called?"
      },
      {
        "from": "gpt",
        "value": "Common Name: Aloe Vera"
      }
    ]
  },
  {
    "id": "200016",
    "image": "downloaded_images/Plants/Aloe_Vera/image_20241018_175026_11.jpg",
    "conversations": [
      {
        "from": "human",
        "value": "<image>\nWhat are the methods of reproduction for this plant (seeds, cuttings, runners)?"
      },
      {
        "from": "gpt",
        "value": "Aloe Vera reproduces through seeds and also through offshoots (pups), which grow from the base of the plant and can be separated to propagate new plants."
      }
    ]
  },
  {
    "id": "200017",
    "image": "downloaded_images/Plants/Aloe_Vera/image_20241018_175128_18.jpg",
    "conversations": [
      {
        "from": "human",
        "value": "<image>\nIs this species native to any particular area, or is it globally distributed?"
      },
      {
        "from": "gpt",
        "value": "Native Region: Aloe Vera is believed to be native to the Arabian Peninsula, but it has naturalized in tropical and arid regions around the world and is widely cultivated."
      }
    ]
  },
  {
    "id": "200018",
    "image": "downloaded_images/Plants/Aloe_Vera/image_20241018_174858_3.jpg",
    "conversations": [
      {
        "from": "human",
        "value": "<image>\nWhat is the growth form of this plant (e.g., tree, shrub, herb)?"
      },
      {
        "from": "gpt",
        "value": "Growth Form: Aloe Vera is a succulent herb, growing as a clumping, rosette-forming perennial with thick, fleshy leaves that store water, making it well-suited to dry environments."
      }
    ]
  },
  {
    "id": "200019",
    "image": "downloaded_images/Plants/Aloe_Vera/image_20241018_175113_16.jpg",
    "conversations": [
      {
        "from": "human",
        "value": "<image>\nWhat is this plant commonly called?"
      },
      {
        "from": "gpt",
        "value": "Common Name: Aloe Vera"
      }
    ]
  },
  {
    "id": "200020",
    "image": "downloaded_images/Plants/Aloe_Vera/image_20241107_185225_3.jpg",
    "conversations": [
      {
        "from": "human",
        "value": "<image>\nWhat is this plant commonly called?"
      },
      {
        "from": "gpt",
        "value": "Common Name: Aloe Vera"
      }
    ]
  },
  {
    "id": "200021",
    "image": "downloaded_images/Plants/Aloe_Vera/image_20241107_185714_21.jpg",
    "conversations": [
      {
        "from": "human",
        "value": "<image>\nWhat is this plant commonly called?"
      },
      {
        "from": "gpt",
        "value": "Common Name: Aloe Vera"
      }
    ]
  },
  {
    "id": "200022",
    "image": "downloaded_images/Plants/Aloe_Vera/image_20241107_185809_27.jpg",
    "conversations": [
      {
        "from": "human",
        "value": "<image>\nWhat is this plant commonly called?"
      },
      {
        "from": "gpt",
        "value": "Common Name: Aloe Vera"
      }
    ]
  },
  {
    "id": "200023",
    "image": "downloaded_images/Plants/Aloe_Vera/image_20241107_185429_14.jpg",
    "conversations": [
      {
        "from": "human",
        "value": "<image>\nWhat is this plant commonly called?"
      },
      {
        "from": "gpt",
        "value": "Common Name: Aloe Vera"
      }
    ]
  },
  {
    "id": "200024",
    "image": "downloaded_images/Plants/Aloe_Vera/image_20241018_174922_6.jpg",
    "conversations": [
      {
        "from": "human",
        "value": "<image>\nWhat are the methods of reproduction for this plant (seeds, cuttings, runners)?"
      },
      {
        "from": "gpt",
        "value": "Aloe Vera reproduces through seeds and also through offshoots (pups), which grow from the base of the plant and can be separated to propagate new plants."
      }
    ]
  },
  {
    "id": "200025",
    "image": "downloaded_images/Plants/Aloe_Vera/image_20241107_185401_11.jpg",
    "conversations": [
      {
        "from": "human",
        "value": "<image>\nWhat are the methods of reproduction for this plant (seeds, cuttings, runners)?"
      },
      {
        "from": "gpt",
        "value": "Aloe Vera reproduces through seeds and also through offshoots (pups), which grow from the base of the plant and can be separated to propagate new plants."
      }
    ]
  },
  {
    "id": "200026",
    "image": "downloaded_images/Plants/Aloe_Vera/image_20241018_175145_20.jpg",
    "conversations": [
      {
        "from": "human",
        "value": "<image>\nWhat are the methods of reproduction for this plant (seeds, cuttings, runners)?"
      },
      {
        "from": "gpt",
        "value": "Aloe Vera reproduces through seeds and also through offshoots (pups), which grow from the base of the plant and can be separated to propagate new plants."
      }
    ]
  },
  {
    "id": "200027",
    "image": "downloaded_images/Plants/Aloe_Vera/image_20241107_185657_19.jpg",
    "conversations": [
      {
        "from": "human",
        "value": "<image>\nWhat are the methods of reproduction for this plant (seeds, cuttings, runners)?"
      },
      {
        "from": "gpt",
        "value": "Aloe Vera reproduces through seeds and also through offshoots (pups), which grow from the base of the plant and can be separated to propagate new plants."
      }
    ]
  },
  {
    "id": "200028",
    "image": "downloaded_images/Plants/Aloe_Vera/image_20241107_185323_7.jpg",
    "conversations": [
      {
        "from": "human",
        "value": "<image>\nWhat are the methods of reproduction for this plant (seeds, cuttings, runners)?"
      },
      {
        "from": "gpt",
        "value": "Aloe Vera reproduces through seeds and also through offshoots (pups), which grow from the base of the plant and can be separated to propagate new plants."
      }
    ]
  },
  {
    "id": "200029",
    "image": "downloaded_images/Plants/Aloe_Vera/image_20241018_175113_16.jpg",
    "conversations": [
      {
        "from": "human",
        "value": "<image>\nIs this species native to any particular area, or is it globally distributed?"
      },
      {
        "from": "gpt",
        "value": "Native Region: Aloe Vera is believed to be native to the Arabian Peninsula, but it has naturalized in tropical and arid regions around the world and is widely cultivated."
      }
    ]
  },
  {
    "id": "200030",
    "image": "downloaded_images/Plants/Aloe_Vera/image_20241107_185409_12.jpg",
    "conversations": [
      {
        "from": "human",
        "value": "<image>\nIs this species native to any particular area, or is it globally distributed?"
      },
      {
        "from": "gpt",
        "value": "Native Region: Aloe Vera is believed to be native to the Arabian Peninsula, but it has naturalized in tropical and arid regions around the world and is widely cultivated."
      }
    ]
  },
  {
    "id": "200031",
    "image": "downloaded_images/Plants/Aloe_Vera/image_20241107_185259_4.jpg",
    "conversations": [
      {
        "from": "human",
        "value": "<image>\nIs this species native to any particular area, or is it globally distributed?"
      },
      {
        "from": "gpt",
        "value": "Native Region: Aloe Vera is believed to be native to the Arabian Peninsula, but it has naturalized in tropical and arid regions around the world and is widely cultivated."
      }
    ]
  },
  {
    "id": "200032",
    "image": "downloaded_images/Plants/Aloe_Vera/image_20241107_185809_27.jpg",
    "conversations": [
      {
        "from": "human",
        "value": "<image>\nIs this species native to any particular area, or is it globally distributed?"
      },
      {
        "from": "gpt",
        "value": "Native Region: Aloe Vera is believed to be native to the Arabian Peninsula, but it has naturalized in tropical and arid regions around the world and is widely cultivated."
      }
    ]
  },
  {
    "id": "200033",
    "image": "downloaded_images/Plants/Aloe_Vera/image_20241107_185733_23.jpg",
    "conversations": [
      {
        "from": "human",
        "value": "<image>\nIs this species native to any particular area, or is it globally distributed?"
      },
      {
        "from": "gpt",
        "value": "Native Region: Aloe Vera is believed to be native to the Arabian Peninsula, but it has naturalized in tropical and arid regions around the world and is widely cultivated."
      }
    ]
  },
  {
    "id": "200034",
    "image": "downloaded_images/Plants/Aloe_Vera/image_20241018_175145_20.jpg",
    "conversations": [
      {
        "from": "human",
        "value": "<image>\nWhat is the growth form of this plant (e.g., tree, shrub, herb)?"
      },
      {
        "from": "gpt",
        "value": "Growth Form: Aloe Vera is a succulent herb, growing as a clumping, rosette-forming perennial with thick, fleshy leaves that store water, making it well-suited to dry environments."
      }
    ]
  },
  {
    "id": "200035",
    "image": "downloaded_images/Plants/Aloe_Vera/image_20241018_174906_4.jpg",
    "conversations": [
      {
        "from": "human",
        "value": "<image>\nWhat is the growth form of this plant (e.g., tree, shrub, herb)?"
      },
      {
        "from": "gpt",
        "value": "Growth Form: Aloe Vera is a succulent herb, growing as a clumping, rosette-forming perennial with thick, fleshy leaves that store water, making it well-suited to dry environments."
      }
    ]
  },
  {
    "id": "200036",
    "image": "downloaded_images/Plants/Aloe_Vera/image_20241107_185705_20.jpg",
    "conversations": [
      {
        "from": "human",
        "value": "<image>\nWhat is the growth form of this plant (e.g., tree, shrub, herb)?"
      },
      {
        "from": "gpt",
        "value": "Growth Form: Aloe Vera is a succulent herb, growing as a clumping, rosette-forming perennial with thick, fleshy leaves that store water, making it well-suited to dry environments."
      }
    ]
  },
  {
    "id": "200037",
    "image": "downloaded_images/Plants/Aloe_Vera/image_20241107_185657_19.jpg",
    "conversations": [
      {
        "from": "human",
        "value": "<image>\nWhat is the growth form of this plant (e.g., tree, shrub, herb)?"
      },
      {
        "from": "gpt",
        "value": "Growth Form: Aloe Vera is a succulent herb, growing as a clumping, rosette-forming perennial with thick, fleshy leaves that store water, making it well-suited to dry environments."
      }
    ]
  },
  {
    "id": "200038",
    "image": "downloaded_images/Plants/Aloe_Vera/image_20241107_185801_26.jpg",
    "conversations": [
      {
        "from": "human",
        "value": "<image>\nWhat is the growth form of this plant (e.g., tree, shrub, herb)?"
      },
      {
        "from": "gpt",
        "value": "Growth Form: Aloe Vera is a succulent herb, growing as a clumping, rosette-forming perennial with thick, fleshy leaves that store water, making it well-suited to dry environments."
      }
    ]
  },
  {
    "id": "300015",
    "image": "downloaded_images/Plants/Aloe_Vera/image_20241107_185657_19.jpg",
    "conversations": [
      {
        "from": "human",
        "value": "<image>\nHow is this plant referred to?"
      },
      {
        "from": "gpt",
        "value": "Common Name: Aloe Vera"
      }
    ]
  },
  {
    "id": "300016",
    "image": "downloaded_images/Plants/Aloe_Vera/image_20241018_175026_11.jpg",
    "conversations": [
      {
        "from": "human",
        "value": "<image>\nHow does this plant propagate (through seeds, cuttings, or runners)?"
      },
      {
        "from": "gpt",
        "value": "Aloe Vera reproduces through seeds and also through offshoots (pups), which grow from the base of the plant and can be separated to propagate new plants."
      }
    ]
  },
  {
    "id": "300017",
    "image": "downloaded_images/Plants/Aloe_Vera/image_20241018_175128_18.jpg",
    "conversations": [
      {
        "from": "human",
        "value": "<image>\nWhere is this plant originally from—regionally or worldwide?"
      },
      {
        "from": "gpt",
        "value": "Native Region: Aloe Vera is believed to be native to the Arabian Peninsula, but it has naturalized in tropical and arid regions around the world and is widely cultivated."
      }
    ]
  },
  {
    "id": "300018",
    "image": "downloaded_images/Plants/Aloe_Vera/image_20241018_174858_3.jpg",
    "conversations": [
      {
        "from": "human",
        "value": "<image>\nIn what way does this plant develop (as a tree, shrub, or herb)?"
      },
      {
        "from": "gpt",
        "value": "Growth Form: Aloe Vera is a succulent herb, growing as a clumping, rosette-forming perennial with thick, fleshy leaves that store water, making it well-suited to dry environments."
      }
    ]
  },
  {
    "id": "300019",
    "image": "downloaded_images/Plants/Aloe_Vera/image_20241018_175113_16.jpg",
    "conversations": [
      {
        "from": "human",
        "value": "<image>\nHow is this plant referred to?"
      },
      {
        "from": "gpt",
        "value": "Common Name: Aloe Vera"
      }
    ]
  },
  {
    "id": "300020",
    "image": "downloaded_images/Plants/Aloe_Vera/image_20241107_185225_3.jpg",
    "conversations": [
      {
        "from": "human",
        "value": "<image>\nHow is this plant referred to?"
      },
      {
        "from": "gpt",
        "value": "Common Name: Aloe Vera"
      }
    ]
  },
  {
    "id": "300021",
    "image": "downloaded_images/Plants/Aloe_Vera/image_20241107_185714_21.jpg",
    "conversations": [
      {
        "from": "human",
        "value": "<image>\nHow is this plant referred to?"
      },
      {
        "from": "gpt",
        "value": "Common Name: Aloe Vera"
      }
    ]
  },
  {
    "id": "300022",
    "image": "downloaded_images/Plants/Aloe_Vera/image_20241107_185809_27.jpg",
    "conversations": [
      {
        "from": "human",
        "value": "<image>\nHow is this plant referred to?"
      },
      {
        "from": "gpt",
        "value": "Common Name: Aloe Vera"
      }
    ]
  },
  {
    "id": "300023",
    "image": "downloaded_images/Plants/Aloe_Vera/image_20241107_185429_14.jpg",
    "conversations": [
      {
        "from": "human",
        "value": "<image>\nHow is this plant referred to?"
      },
      {
        "from": "gpt",
        "value": "Common Name: Aloe Vera"
      }
    ]
  },
  {
    "id": "300024",
    "image": "downloaded_images/Plants/Aloe_Vera/image_20241018_174922_6.jpg",
    "conversations": [
      {
        "from": "human",
        "value": "<image>\nHow does this plant propagate (through seeds, cuttings, or runners)?"
      },
      {
        "from": "gpt",
        "value": "Aloe Vera reproduces through seeds and also through offshoots (pups), which grow from the base of the plant and can be separated to propagate new plants."
      }
    ]
  },
  {
    "id": "300025",
    "image": "downloaded_images/Plants/Aloe_Vera/image_20241107_185401_11.jpg",
    "conversations": [
      {
        "from": "human",
        "value": "<image>\nHow does this plant propagate (through seeds, cuttings, or runners)?"
      },
      {
        "from": "gpt",
        "value": "Aloe Vera reproduces through seeds and also through offshoots (pups), which grow from the base of the plant and can be separated to propagate new plants."
      }
    ]
  },
  {
    "id": "300026",
    "image": "downloaded_images/Plants/Aloe_Vera/image_20241018_175145_20.jpg",
    "conversations": [
      {
        "from": "human",
        "value": "<image>\nHow does this plant propagate (through seeds, cuttings, or runners)?"
      },
      {
        "from": "gpt",
        "value": "Aloe Vera reproduces through seeds and also through offshoots (pups), which grow from the base of the plant and can be separated to propagate new plants."
      }
    ]
  },
  {
    "id": "300027",
    "image": "downloaded_images/Plants/Aloe_Vera/image_20241107_185657_19.jpg",
    "conversations": [
      {
        "from": "human",
        "value": "<image>\nHow does this plant propagate (through seeds, cuttings, or runners)?"
      },
      {
        "from": "gpt",
        "value": "Aloe Vera reproduces through seeds and also through offshoots (pups), which grow from the base of the plant and can be separated to propagate new plants."
      }
    ]
  },
  {
    "id": "300028",
    "image": "downloaded_images/Plants/Aloe_Vera/image_20241107_185323_7.jpg",
    "conversations": [
      {
        "from": "human",
        "value": "<image>\nHow does this plant propagate (through seeds, cuttings, or runners)?"
      },
      {
        "from": "gpt",
        "value": "Aloe Vera reproduces through seeds and also through offshoots (pups), which grow from the base of the plant and can be separated to propagate new plants."
      }
    ]
  },
  {
    "id": "300029",
    "image": "downloaded_images/Plants/Aloe_Vera/image_20241018_175113_16.jpg",
    "conversations": [
      {
        "from": "human",
        "value": "<image>\nWhere is this plant originally from—regionally or worldwide?"
      },
      {
        "from": "gpt",
        "value": "Native Region: Aloe Vera is believed to be native to the Arabian Peninsula, but it has naturalized in tropical and arid regions around the world and is widely cultivated."
      }
    ]
  },
  {
    "id": "300030",
    "image": "downloaded_images/Plants/Aloe_Vera/image_20241107_185409_12.jpg",
    "conversations": [
      {
        "from": "human",
        "value": "<image>\nWhere is this plant originally from—regionally or worldwide?"
      },
      {
        "from": "gpt",
        "value": "Native Region: Aloe Vera is believed to be native to the Arabian Peninsula, but it has naturalized in tropical and arid regions around the world and is widely cultivated."
      }
    ]
  },
  {
    "id": "300031",
    "image": "downloaded_images/Plants/Aloe_Vera/image_20241107_185259_4.jpg",
    "conversations": [
      {
        "from": "human",
        "value": "<image>\nWhere is this plant originally from—regionally or worldwide?"
      },
      {
        "from": "gpt",
        "value": "Native Region: Aloe Vera is believed to be native to the Arabian Peninsula, but it has naturalized in tropical and arid regions around the world and is widely cultivated."
      }
    ]
  },
  {
    "id": "300032",
    "image": "downloaded_images/Plants/Aloe_Vera/image_20241107_185809_27.jpg",
    "conversations": [
      {
        "from": "human",
        "value": "<image>\nWhere is this plant originally from—regionally or worldwide?"
      },
      {
        "from": "gpt",
        "value": "Native Region: Aloe Vera is believed to be native to the Arabian Peninsula, but it has naturalized in tropical and arid regions around the world and is widely cultivated."
      }
    ]
  },
  {
    "id": "300033",
    "image": "downloaded_images/Plants/Aloe_Vera/image_20241107_185733_23.jpg",
    "conversations": [
      {
        "from": "human",
        "value": "<image>\nWhere is this plant originally from—regionally or worldwide?"
      },
      {
        "from": "gpt",
        "value": "Native Region: Aloe Vera is believed to be native to the Arabian Peninsula, but it has naturalized in tropical and arid regions around the world and is widely cultivated."
      }
    ]
  },
  {
    "id": "300034",
    "image": "downloaded_images/Plants/Aloe_Vera/image_20241018_175145_20.jpg",
    "conversations": [
      {
        "from": "human",
        "value": "<image>\nIn what way does this plant develop (as a tree, shrub, or herb)?"
      },
      {
        "from": "gpt",
        "value": "Growth Form: Aloe Vera is a succulent herb, growing as a clumping, rosette-forming perennial with thick, fleshy leaves that store water, making it well-suited to dry environments."
      }
    ]
  },
  {
    "id": "300035",
    "image": "downloaded_images/Plants/Aloe_Vera/image_20241018_174906_4.jpg",
    "conversations": [
      {
        "from": "human",
        "value": "<image>\nIn what way does this plant develop (as a tree, shrub, or herb)?"
      },
      {
        "from": "gpt",
        "value": "Growth Form: Aloe Vera is a succulent herb, growing as a clumping, rosette-forming perennial with thick, fleshy leaves that store water, making it well-suited to dry environments."
      }
    ]
  },
  {
    "id": "300036",
    "image": "downloaded_images/Plants/Aloe_Vera/image_20241107_185705_20.jpg",
    "conversations": [
      {
        "from": "human",
        "value": "<image>\nIn what way does this plant develop (as a tree, shrub, or herb)?"
      },
      {
        "from": "gpt",
        "value": "Growth Form: Aloe Vera is a succulent herb, growing as a clumping, rosette-forming perennial with thick, fleshy leaves that store water, making it well-suited to dry environments."
      }
    ]
  },
  {
    "id": "300037",
    "image": "downloaded_images/Plants/Aloe_Vera/image_20241107_185657_19.jpg",
    "conversations": [
      {
        "from": "human",
        "value": "<image>\nIn what way does this plant develop (as a tree, shrub, or herb)?"
      },
      {
        "from": "gpt",
        "value": "Growth Form: Aloe Vera is a succulent herb, growing as a clumping, rosette-forming perennial with thick, fleshy leaves that store water, making it well-suited to dry environments."
      }
    ]
  },
  {
    "id": "300038",
    "image": "downloaded_images/Plants/Aloe_Vera/image_20241107_185801_26.jpg",
    "conversations": [
      {
        "from": "human",
        "value": "<image>\nIn what way does this plant develop (as a tree, shrub, or herb)?"
      },
      {
        "from": "gpt",
        "value": "Growth Form: Aloe Vera is a succulent herb, growing as a clumping, rosette-forming perennial with thick, fleshy leaves that store water, making it well-suited to dry environments."
      }
    ]
  },
  {
    "id": "400015",
    "image": "downloaded_images/Plants/Aloe_Vera/image_20241107_185657_19.jpg",
    "conversations": [
      {
        "from": "human",
        "value": "<image>\nWhat do people usually call this plant?"
      },
      {
        "from": "gpt",
        "value": "Common Name: Aloe Vera"
      }
    ]
  },
  {
    "id": "400016",
    "image": "downloaded_images/Plants/Aloe_Vera/image_20241018_175026_11.jpg",
    "conversations": [
      {
        "from": "human",
        "value": "<image>\nWhat is the reproductive process of this plant?"
      },
      {
        "from": "gpt",
        "value": "Aloe Vera reproduces through seeds and also through offshoots (pups), which grow from the base of the plant and can be separated to propagate new plants."
      }
    ]
  },
  {
    "id": "400017",
    "image": "downloaded_images/Plants/Aloe_Vera/image_20241018_175128_18.jpg",
    "conversations": [
      {
        "from": "human",
        "value": "<image>\nDoes this plant grow in a specific region, or is it found everywhere?"
      },
      {
        "from": "gpt",
        "value": "Native Region: Aloe Vera is believed to be native to the Arabian Peninsula, but it has naturalized in tropical and arid regions around the world and is widely cultivated."
      }
    ]
  },
  {
    "id": "400018",
    "image": "downloaded_images/Plants/Aloe_Vera/image_20241018_174858_3.jpg",
    "conversations": [
      {
        "from": "human",
        "value": "<image>\nWhat type of growth habit does this plant exhibit (e.g., tree, shrub, herb)?"
      },
      {
        "from": "gpt",
        "value": "Growth Form: Aloe Vera is a succulent herb, growing as a clumping, rosette-forming perennial with thick, fleshy leaves that store water, making it well-suited to dry environments."
      }
    ]
  },
  {
    "id": "400019",
    "image": "downloaded_images/Plants/Aloe_Vera/image_20241018_175113_16.jpg",
    "conversations": [
      {
        "from": "human",
        "value": "<image>\nWhat do people usually call this plant?"
      },
      {
        "from": "gpt",
        "value": "Common Name: Aloe Vera"
      }
    ]
  },
  {
    "id": "400020",
    "image": "downloaded_images/Plants/Aloe_Vera/image_20241107_185225_3.jpg",
    "conversations": [
      {
        "from": "human",
        "value": "<image>\nWhat do people usually call this plant?"
      },
      {
        "from": "gpt",
        "value": "Common Name: Aloe Vera"
      }
    ]
  },
  {
    "id": "400021",
    "image": "downloaded_images/Plants/Aloe_Vera/image_20241107_185714_21.jpg",
    "conversations": [
      {
        "from": "human",
        "value": "<image>\nWhat do people usually call this plant?"
      },
      {
        "from": "gpt",
        "value": "Common Name: Aloe Vera"
      }
    ]
  },
  {
    "id": "400022",
    "image": "downloaded_images/Plants/Aloe_Vera/image_20241107_185809_27.jpg",
    "conversations": [
      {
        "from": "human",
        "value": "<image>\nWhat do people usually call this plant?"
      },
      {
        "from": "gpt",
        "value": "Common Name: Aloe Vera"
      }
    ]
  },
  {
    "id": "400023",
    "image": "downloaded_images/Plants/Aloe_Vera/image_20241107_185429_14.jpg",
    "conversations": [
      {
        "from": "human",
        "value": "<image>\nWhat do people usually call this plant?"
      },
      {
        "from": "gpt",
        "value": "Common Name: Aloe Vera"
      }
    ]
  },
  {
    "id": "400024",
    "image": "downloaded_images/Plants/Aloe_Vera/image_20241018_174922_6.jpg",
    "conversations": [
      {
        "from": "human",
        "value": "<image>\nWhat is the reproductive process of this plant?"
      },
      {
        "from": "gpt",
        "value": "Aloe Vera reproduces through seeds and also through offshoots (pups), which grow from the base of the plant and can be separated to propagate new plants."
      }
    ]
  },
  {
    "id": "400025",
    "image": "downloaded_images/Plants/Aloe_Vera/image_20241107_185401_11.jpg",
    "conversations": [
      {
        "from": "human",
        "value": "<image>\nWhat is the reproductive process of this plant?"
      },
      {
        "from": "gpt",
        "value": "Aloe Vera reproduces through seeds and also through offshoots (pups), which grow from the base of the plant and can be separated to propagate new plants."
      }
    ]
  },
  {
    "id": "400026",
    "image": "downloaded_images/Plants/Aloe_Vera/image_20241018_175145_20.jpg",
    "conversations": [
      {
        "from": "human",
        "value": "<image>\nWhat is the reproductive process of this plant?"
      },
      {
        "from": "gpt",
        "value": "Aloe Vera reproduces through seeds and also through offshoots (pups), which grow from the base of the plant and can be separated to propagate new plants."
      }
    ]
  },
  {
    "id": "400027",
    "image": "downloaded_images/Plants/Aloe_Vera/image_20241107_185657_19.jpg",
    "conversations": [
      {
        "from": "human",
        "value": "<image>\nWhat is the reproductive process of this plant?"
      },
      {
        "from": "gpt",
        "value": "Aloe Vera reproduces through seeds and also through offshoots (pups), which grow from the base of the plant and can be separated to propagate new plants."
      }
    ]
  },
  {
    "id": "400028",
    "image": "downloaded_images/Plants/Aloe_Vera/image_20241107_185323_7.jpg",
    "conversations": [
      {
        "from": "human",
        "value": "<image>\nWhat is the reproductive process of this plant?"
      },
      {
        "from": "gpt",
        "value": "Aloe Vera reproduces through seeds and also through offshoots (pups), which grow from the base of the plant and can be separated to propagate new plants."
      }
    ]
  },
  {
    "id": "400029",
    "image": "downloaded_images/Plants/Aloe_Vera/image_20241018_175113_16.jpg",
    "conversations": [
      {
        "from": "human",
        "value": "<image>\nDoes this plant grow in a specific region, or is it found everywhere?"
      },
      {
        "from": "gpt",
        "value": "Native Region: Aloe Vera is believed to be native to the Arabian Peninsula, but it has naturalized in tropical and arid regions around the world and is widely cultivated."
      }
    ]
  },
  {
    "id": "400030",
    "image": "downloaded_images/Plants/Aloe_Vera/image_20241107_185409_12.jpg",
    "conversations": [
      {
        "from": "human",
        "value": "<image>\nDoes this plant grow in a specific region, or is it found everywhere?"
      },
      {
        "from": "gpt",
        "value": "Native Region: Aloe Vera is believed to be native to the Arabian Peninsula, but it has naturalized in tropical and arid regions around the world and is widely cultivated."
      }
    ]
  },
  {
    "id": "400031",
    "image": "downloaded_images/Plants/Aloe_Vera/image_20241107_185259_4.jpg",
    "conversations": [
      {
        "from": "human",
        "value": "<image>\nDoes this plant grow in a specific region, or is it found everywhere?"
      },
      {
        "from": "gpt",
        "value": "Native Region: Aloe Vera is believed to be native to the Arabian Peninsula, but it has naturalized in tropical and arid regions around the world and is widely cultivated."
      }
    ]
  },
  {
    "id": "400032",
    "image": "downloaded_images/Plants/Aloe_Vera/image_20241107_185809_27.jpg",
    "conversations": [
      {
        "from": "human",
        "value": "<image>\nDoes this plant grow in a specific region, or is it found everywhere?"
      },
      {
        "from": "gpt",
        "value": "Native Region: Aloe Vera is believed to be native to the Arabian Peninsula, but it has naturalized in tropical and arid regions around the world and is widely cultivated."
      }
    ]
  },
  {
    "id": "400033",
    "image": "downloaded_images/Plants/Aloe_Vera/image_20241107_185733_23.jpg",
    "conversations": [
      {
        "from": "human",
        "value": "<image>\nDoes this plant grow in a specific region, or is it found everywhere?"
      },
      {
        "from": "gpt",
        "value": "Native Region: Aloe Vera is believed to be native to the Arabian Peninsula, but it has naturalized in tropical and arid regions around the world and is widely cultivated."
      }
    ]
  },
  {
    "id": "400034",
    "image": "downloaded_images/Plants/Aloe_Vera/image_20241018_175145_20.jpg",
    "conversations": [
      {
        "from": "human",
        "value": "<image>\nWhat type of growth habit does this plant exhibit (e.g., tree, shrub, herb)?"
      },
      {
        "from": "gpt",
        "value": "Growth Form: Aloe Vera is a succulent herb, growing as a clumping, rosette-forming perennial with thick, fleshy leaves that store water, making it well-suited to dry environments."
      }
    ]
  },
  {
    "id": "400035",
    "image": "downloaded_images/Plants/Aloe_Vera/image_20241018_174906_4.jpg",
    "conversations": [
      {
        "from": "human",
        "value": "<image>\nWhat type of growth habit does this plant exhibit (e.g., tree, shrub, herb)?"
      },
      {
        "from": "gpt",
        "value": "Growth Form: Aloe Vera is a succulent herb, growing as a clumping, rosette-forming perennial with thick, fleshy leaves that store water, making it well-suited to dry environments."
      }
    ]
  },
  {
    "id": "400036",
    "image": "downloaded_images/Plants/Aloe_Vera/image_20241107_185705_20.jpg",
    "conversations": [
      {
        "from": "human",
        "value": "<image>\nWhat type of growth habit does this plant exhibit (e.g., tree, shrub, herb)?"
      },
      {
        "from": "gpt",
        "value": "Growth Form: Aloe Vera is a succulent herb, growing as a clumping, rosette-forming perennial with thick, fleshy leaves that store water, making it well-suited to dry environments."
      }
    ]
  },
  {
    "id": "400037",
    "image": "downloaded_images/Plants/Aloe_Vera/image_20241107_185657_19.jpg",
    "conversations": [
      {
        "from": "human",
        "value": "<image>\nWhat type of growth habit does this plant exhibit (e.g., tree, shrub, herb)?"
      },
      {
        "from": "gpt",
        "value": "Growth Form: Aloe Vera is a succulent herb, growing as a clumping, rosette-forming perennial with thick, fleshy leaves that store water, making it well-suited to dry environments."
      }
    ]
  },
  {
    "id": "400038",
    "image": "downloaded_images/Plants/Aloe_Vera/image_20241107_185801_26.jpg",
    "conversations": [
      {
        "from": "human",
        "value": "<image>\nWhat type of growth habit does this plant exhibit (e.g., tree, shrub, herb)?"
      },
      {
        "from": "gpt",
        "value": "Growth Form: Aloe Vera is a succulent herb, growing as a clumping, rosette-forming perennial with thick, fleshy leaves that store water, making it well-suited to dry environments."
      }
    ]
  }
]