[
  {
    "id": "12",
    "image": "downloaded_images/Movies/The_Lion_King/image_20241018_144721_3.jpg",
    "conversations": [
      {
        "from": "human",
        "value": "<image>\nWhat is the title of this movie?"
      },
      {
        "from": "gpt",
        "value": "The Lion King"
      }
    ]
  },
  {
    "id": "13",
    "image": "downloaded_images/Movies/The_Lion_King/image_20241018_144721_3.jpg",
    "conversations": [
      {
        "from": "human",
        "value": "<image>\nWhen was this film released?"
      },
      {
        "from": "gpt",
        "value": "The Lion King was released on June 15, 1994."
      }
    ]
  },
  {
    "id": "14",
    "image": "downloaded_images/Movies/The_Lion_King/image_20241107_121254_3.jpg",
    "conversations": [
      {
        "from": "human",
        "value": "<image>\nWho are the main actors or actresses in this movie?"
      },
      {
        "from": "gpt",
        "value": "The main voice actors include Matthew Broderick (Simba), James Earl Jones (Mufasa), Jeremy Irons (Scar), Moira Kelly (Nala), and Whoopi Goldberg (Shenzi)."
      }
    ]
  },
  {
    "id": "15",
    "image": "downloaded_images/Movies/The_Lion_King/image_20241107_121303_4.jpg",
    "conversations": [
      {
        "from": "human",
        "value": "<image>\nWhat is the central plot or storyline of this movie?"
      },
      {
        "from": "gpt",
        "value": "The Lion King follows the journey of a young lion named Simba, who is the heir to the throne of the Pride Lands. After the death of his father, Mufasa, at the hands of his uncle Scar, Simba is manipulated into fleeing his home. As he grows up in exile, he learns about responsibility and courage. Eventually, he returns to reclaim his rightful place as king and confronts Scar, leading to a battle for the future of the Pride Lands. The film explores themes of identity, loss, and redemption."
      }
    ]
  },
  {
    "id": "16",
    "image": "downloaded_images/Movies/The_Lion_King/image_20241107_121411_12.jpg",
    "conversations": [
      {
        "from": "human",
        "value": "<image>\nWhat is the title of this movie?"
      },
      {
        "from": "gpt",
        "value": "The Lion King"
      }
    ]
  },
  {
    "id": "17",
    "image": "downloaded_images/Movies/The_Lion_King/image_20241107_121635_24.jpg",
    "conversations": [
      {
        "from": "human",
        "value": "<image>\nWhat is the title of this movie?"
      },
      {
        "from": "gpt",
        "value": "The Lion King"
      }
    ]
  },
  {
    "id": "18",
    "image": "downloaded_images/Movies/The_Lion_King/image_20241107_121402_11.jpg",
    "conversations": [
      {
        "from": "human",
        "value": "<image>\nWhat is the title of this movie?"
      },
      {
        "from": "gpt",
        "value": "The Lion King"
      }
    ]
  },
  {
    "id": "19",
    "image": "downloaded_images/Movies/The_Lion_King/image_20241018_144826_11.jpg",
    "conversations": [
      {
        "from": "human",
        "value": "<image>\nWhat is the title of this movie?"
      },
      {
        "from": "gpt",
        "value": "The Lion King"
      }
    ]
  },
  {
    "id": "20",
    "image": "downloaded_images/Movies/The_Lion_King/image_20241107_121626_23.jpg",
    "conversations": [
      {
        "from": "human",
        "value": "<image>\nWhat is the title of this movie?"
      },
      {
        "from": "gpt",
        "value": "The Lion King"
      }
    ]
  },
  {
    "id": "21",
    "image": "downloaded_images/Movies/The_Lion_King/image_20241107_121547_18.jpg",
    "conversations": [
      {
        "from": "human",
        "value": "<image>\nWhen was this film released?"
      },
      {
        "from": "gpt",
        "value": "The Lion King was released on June 15, 1994."
      }
    ]
  },
  {
    "id": "22",
    "image": "downloaded_images/Movies/The_Lion_King/image_20241107_121402_11.jpg",
    "conversations": [
      {
        "from": "human",
        "value": "<image>\nWhen was this film released?"
      },
      {
        "from": "gpt",
        "value": "The Lion King was released on June 15, 1994."
      }
    ]
  },
  {
    "id": "23",
    "image": "downloaded_images/Movies/The_Lion_King/image_20241107_121245_2.jpg",
    "conversations": [
      {
        "from": "human",
        "value": "<image>\nWhen was this film released?"
      },
      {
        "from": "gpt",
        "value": "The Lion King was released on June 15, 1994."
      }
    ]
  },
  {
    "id": "24",
    "image": "downloaded_images/Movies/The_Lion_King/image_20241107_121737_29.jpg",
    "conversations": [
      {
        "from": "human",
        "value": "<image>\nWhen was this film released?"
      },
      {
        "from": "gpt",
        "value": "The Lion King was released on June 15, 1994."
      }
    ]
  },
  {
    "id": "25",
    "image": "downloaded_images/Movies/The_Lion_King/image_20241107_121419_13.jpg",
    "conversations": [
      {
        "from": "human",
        "value": "<image>\nWhen was this film released?"
      },
      {
        "from": "gpt",
        "value": "The Lion King was released on June 15, 1994."
      }
    ]
  },
  {
    "id": "26",
    "image": "downloaded_images/Movies/The_Lion_King/image_20241107_121506_16.jpg",
    "conversations": [
      {
        "from": "human",
        "value": "<image>\nWho are the main actors or actresses in this movie?"
      },
      {
        "from": "gpt",
        "value": "The main voice actors include Matthew Broderick (Simba), James Earl Jones (Mufasa), Jeremy Irons (Scar), Moira Kelly (Nala), and Whoopi Goldberg (Shenzi)."
      }
    ]
  },
  {
    "id": "27",
    "image": "downloaded_images/Movies/The_Lion_King/image_20241107_121556_19.jpg",
    "conversations": [
      {
        "from": "human",
        "value": "<image>\nWho are the main actors or actresses in this movie?"
      },
      {
        "from": "gpt",
        "value": "The main voice actors include Matthew Broderick (Simba), James Earl Jones (Mufasa), Jeremy Irons (Scar), Moira Kelly (Nala), and Whoopi Goldberg (Shenzi)."
      }
    ]
  },
  {
    "id": "28",
    "image": "downloaded_images/Movies/The_Lion_King/image_20241107_121737_29.jpg",
    "conversations": [
      {
        "from": "human",
        "value": "<image>\nWho are the main actors or actresses in this movie?"
      },
      {
        "from": "gpt",
        "value": "The main voice actors include Matthew Broderick (Simba), James Earl Jones (Mufasa), Jeremy Irons (Scar), Moira Kelly (Nala), and Whoopi Goldberg (Shenzi)."
      }
    ]
  },
  {
    "id": "29",
    "image": "downloaded_images/Movies/The_Lion_King/image_20241018_144919_17.jpg",
    "conversations": [
      {
        "from": "human",
        "value": "<image>\nWho are the main actors or actresses in this movie?"
      },
      {
        "from": "gpt",
        "value": "The main voice actors include Matthew Broderick (Simba), James Earl Jones (Mufasa), Jeremy Irons (Scar), Moira Kelly (Nala), and Whoopi Goldberg (Shenzi)."
      }
    ]
  },
  {
    "id": "30",
    "image": "downloaded_images/Movies/The_Lion_King/image_20241107_121643_25.jpg",
    "conversations": [
      {
        "from": "human",
        "value": "<image>\nWho are the main actors or actresses in this movie?"
      },
      {
        "from": "gpt",
        "value": "The main voice actors include Matthew Broderick (Simba), James Earl Jones (Mufasa), Jeremy Irons (Scar), Moira Kelly (Nala), and Whoopi Goldberg (Shenzi)."
      }
    ]
  },
  {
    "id": "31",
    "image": "downloaded_images/Movies/The_Lion_King/image_20241107_121449_14.jpg",
    "conversations": [
      {
        "from": "human",
        "value": "<image>\nWhat is the central plot or storyline of this movie?"
      },
      {
        "from": "gpt",
        "value": "The Lion King follows the journey of a young lion named Simba, who is the heir to the throne of the Pride Lands. After the death of his father, Mufasa, at the hands of his uncle Scar, Simba is manipulated into fleeing his home. As he grows up in exile, he learns about responsibility and courage. Eventually, he returns to reclaim his rightful place as king and confronts Scar, leading to a battle for the future of the Pride Lands. The film explores themes of identity, loss, and redemption."
      }
    ]
  },
  {
    "id": "32",
    "image": "downloaded_images/Movies/The_Lion_King/image_20241018_144809_9.jpg",
    "conversations": [
      {
        "from": "human",
        "value": "<image>\nWhat is the central plot or storyline of this movie?"
      },
      {
        "from": "gpt",
        "value": "The Lion King follows the journey of a young lion named Simba, who is the heir to the throne of the Pride Lands. After the death of his father, Mufasa, at the hands of his uncle Scar, Simba is manipulated into fleeing his home. As he grows up in exile, he learns about responsibility and courage. Eventually, he returns to reclaim his rightful place as king and confronts Scar, leading to a battle for the future of the Pride Lands. The film explores themes of identity, loss, and redemption."
      }
    ]
  },
  {
    "id": "33",
    "image": "downloaded_images/Movies/The_Lion_King/image_20241018_144826_11.jpg",
    "conversations": [
      {
        "from": "human",
        "value": "<image>\nWhat is the central plot or storyline of this movie?"
      },
      {
        "from": "gpt",
        "value": "The Lion King follows the journey of a young lion named Simba, who is the heir to the throne of the Pride Lands. After the death of his father, Mufasa, at the hands of his uncle Scar, Simba is manipulated into fleeing his home. As he grows up in exile, he learns about responsibility and courage. Eventually, he returns to reclaim his rightful place as king and confronts Scar, leading to a battle for the future of the Pride Lands. The film explores themes of identity, loss, and redemption."
      }
    ]
  },
  {
    "id": "34",
    "image": "downloaded_images/Movies/The_Lion_King/image_20241107_121635_24.jpg",
    "conversations": [
      {
        "from": "human",
        "value": "<image>\nWhat is the central plot or storyline of this movie?"
      },
      {
        "from": "gpt",
        "value": "The Lion King follows the journey of a young lion named Simba, who is the heir to the throne of the Pride Lands. After the death of his father, Mufasa, at the hands of his uncle Scar, Simba is manipulated into fleeing his home. As he grows up in exile, he learns about responsibility and courage. Eventually, he returns to reclaim his rightful place as king and confronts Scar, leading to a battle for the future of the Pride Lands. The film explores themes of identity, loss, and redemption."
      }
    ]
  },
  {
    "id": "35",
    "image": "downloaded_images/Movies/The_Lion_King/image_20241107_121245_2.jpg",
    "conversations": [
      {
        "from": "human",
        "value": "<image>\nWhat is the central plot or storyline of this movie?"
      },
      {
        "from": "gpt",
        "value": "The Lion King follows the journey of a young lion named Simba, who is the heir to the throne of the Pride Lands. After the death of his father, Mufasa, at the hands of his uncle Scar, Simba is manipulated into fleeing his home. As he grows up in exile, he learns about responsibility and courage. Eventually, he returns to reclaim his rightful place as king and confronts Scar, leading to a battle for the future of the Pride Lands. The film explores themes of identity, loss, and redemption."
      }
    ]
  },
  {
    "id": "100012",
    "image": "downloaded_images/Movies/The_Lion_King/image_20241018_144721_3.jpg",
    "conversations": [
      {
        "from": "human",
        "value": "<image>\nWhat is the name of this movie?"
      },
      {
        "from": "gpt",
        "value": "The Lion King"
      }
    ]
  },
  {
    "id": "100013",
    "image": "downloaded_images/Movies/The_Lion_King/image_20241018_144721_3.jpg",
    "conversations": [
      {
        "from": "human",
        "value": "<image>\nWhen did this movie come out?"
      },
      {
        "from": "gpt",
        "value": "The Lion King was released on June 15, 1994."
      }
    ]
  },
  {
    "id": "100014",
    "image": "downloaded_images/Movies/The_Lion_King/image_20241107_121254_3.jpg",
    "conversations": [
      {
        "from": "human",
        "value": "<image>\nWho are the lead actors or actresses in this movie?"
      },
      {
        "from": "gpt",
        "value": "The main voice actors include Matthew Broderick (Simba), James Earl Jones (Mufasa), Jeremy Irons (Scar), Moira Kelly (Nala), and Whoopi Goldberg (Shenzi)."
      }
    ]
  },
  {
    "id": "100015",
    "image": "downloaded_images/Movies/The_Lion_King/image_20241107_121303_4.jpg",
    "conversations": [
      {
        "from": "human",
        "value": "<image>\nWhat is the main plot or storyline of this movie?"
      },
      {
        "from": "gpt",
        "value": "The Lion King follows the journey of a young lion named Simba, who is the heir to the throne of the Pride Lands. After the death of his father, Mufasa, at the hands of his uncle Scar, Simba is manipulated into fleeing his home. As he grows up in exile, he learns about responsibility and courage. Eventually, he returns to reclaim his rightful place as king and confronts Scar, leading to a battle for the future of the Pride Lands. The film explores themes of identity, loss, and redemption."
      }
    ]
  },
  {
    "id": "100016",
    "image": "downloaded_images/Movies/The_Lion_King/image_20241107_121411_12.jpg",
    "conversations": [
      {
        "from": "human",
        "value": "<image>\nWhat is the name of this movie?"
      },
      {
        "from": "gpt",
        "value": "The Lion King"
      }
    ]
  },
  {
    "id": "100017",
    "image": "downloaded_images/Movies/The_Lion_King/image_20241107_121635_24.jpg",
    "conversations": [
      {
        "from": "human",
        "value": "<image>\nWhat is the name of this movie?"
      },
      {
        "from": "gpt",
        "value": "The Lion King"
      }
    ]
  },
  {
    "id": "100018",
    "image": "downloaded_images/Movies/The_Lion_King/image_20241107_121402_11.jpg",
    "conversations": [
      {
        "from": "human",
        "value": "<image>\nWhat is the name of this movie?"
      },
      {
        "from": "gpt",
        "value": "The Lion King"
      }
    ]
  },
  {
    "id": "100019",
    "image": "downloaded_images/Movies/The_Lion_King/image_20241018_144826_11.jpg",
    "conversations": [
      {
        "from": "human",
        "value": "<image>\nWhat is the name of this movie?"
      },
      {
        "from": "gpt",
        "value": "The Lion King"
      }
    ]
  },
  {
    "id": "100020",
    "image": "downloaded_images/Movies/The_Lion_King/image_20241107_121626_23.jpg",
    "conversations": [
      {
        "from": "human",
        "value": "<image>\nWhat is the name of this movie?"
      },
      {
        "from": "gpt",
        "value": "The Lion King"
      }
    ]
  },
  {
    "id": "100021",
    "image": "downloaded_images/Movies/The_Lion_King/image_20241107_121547_18.jpg",
    "conversations": [
      {
        "from": "human",
        "value": "<image>\nWhen did this movie come out?"
      },
      {
        "from": "gpt",
        "value": "The Lion King was released on June 15, 1994."
      }
    ]
  },
  {
    "id": "100022",
    "image": "downloaded_images/Movies/The_Lion_King/image_20241107_121402_11.jpg",
    "conversations": [
      {
        "from": "human",
        "value": "<image>\nWhen did this movie come out?"
      },
      {
        "from": "gpt",
        "value": "The Lion King was released on June 15, 1994."
      }
    ]
  },
  {
    "id": "100023",
    "image": "downloaded_images/Movies/The_Lion_King/image_20241107_121245_2.jpg",
    "conversations": [
      {
        "from": "human",
        "value": "<image>\nWhen did this movie come out?"
      },
      {
        "from": "gpt",
        "value": "The Lion King was released on June 15, 1994."
      }
    ]
  },
  {
    "id": "100024",
    "image": "downloaded_images/Movies/The_Lion_King/image_20241107_121737_29.jpg",
    "conversations": [
      {
        "from": "human",
        "value": "<image>\nWhen did this movie come out?"
      },
      {
        "from": "gpt",
        "value": "The Lion King was released on June 15, 1994."
      }
    ]
  },
  {
    "id": "100025",
    "image": "downloaded_images/Movies/The_Lion_King/image_20241107_121419_13.jpg",
    "conversations": [
      {
        "from": "human",
        "value": "<image>\nWhen did this movie come out?"
      },
      {
        "from": "gpt",
        "value": "The Lion King was released on June 15, 1994."
      }
    ]
  },
  {
    "id": "100026",
    "image": "downloaded_images/Movies/The_Lion_King/image_20241107_121506_16.jpg",
    "conversations": [
      {
        "from": "human",
        "value": "<image>\nWho are the lead actors or actresses in this movie?"
      },
      {
        "from": "gpt",
        "value": "The main voice actors include Matthew Broderick (Simba), James Earl Jones (Mufasa), Jeremy Irons (Scar), Moira Kelly (Nala), and Whoopi Goldberg (Shenzi)."
      }
    ]
  },
  {
    "id": "100027",
    "image": "downloaded_images/Movies/The_Lion_King/image_20241107_121556_19.jpg",
    "conversations": [
      {
        "from": "human",
        "value": "<image>\nWho are the lead actors or actresses in this movie?"
      },
      {
        "from": "gpt",
        "value": "The main voice actors include Matthew Broderick (Simba), James Earl Jones (Mufasa), Jeremy Irons (Scar), Moira Kelly (Nala), and Whoopi Goldberg (Shenzi)."
      }
    ]
  },
  {
    "id": "100028",
    "image": "downloaded_images/Movies/The_Lion_King/image_20241107_121737_29.jpg",
    "conversations": [
      {
        "from": "human",
        "value": "<image>\nWho are the lead actors or actresses in this movie?"
      },
      {
        "from": "gpt",
        "value": "The main voice actors include Matthew Broderick (Simba), James Earl Jones (Mufasa), Jeremy Irons (Scar), Moira Kelly (Nala), and Whoopi Goldberg (Shenzi)."
      }
    ]
  },
  {
    "id": "100029",
    "image": "downloaded_images/Movies/The_Lion_King/image_20241018_144919_17.jpg",
    "conversations": [
      {
        "from": "human",
        "value": "<image>\nWho are the lead actors or actresses in this movie?"
      },
      {
        "from": "gpt",
        "value": "The main voice actors include Matthew Broderick (Simba), James Earl Jones (Mufasa), Jeremy Irons (Scar), Moira Kelly (Nala), and Whoopi Goldberg (Shenzi)."
      }
    ]
  },
  {
    "id": "100030",
    "image": "downloaded_images/Movies/The_Lion_King/image_20241107_121643_25.jpg",
    "conversations": [
      {
        "from": "human",
        "value": "<image>\nWho are the lead actors or actresses in this movie?"
      },
      {
        "from": "gpt",
        "value": "The main voice actors include Matthew Broderick (Simba), James Earl Jones (Mufasa), Jeremy Irons (Scar), Moira Kelly (Nala), and Whoopi Goldberg (Shenzi)."
      }
    ]
  },
  {
    "id": "100031",
    "image": "downloaded_images/Movies/The_Lion_King/image_20241107_121449_14.jpg",
    "conversations": [
      {
        "from": "human",
        "value": "<image>\nWhat is the main plot or storyline of this movie?"
      },
      {
        "from": "gpt",
        "value": "The Lion King follows the journey of a young lion named Simba, who is the heir to the throne of the Pride Lands. After the death of his father, Mufasa, at the hands of his uncle Scar, Simba is manipulated into fleeing his home. As he grows up in exile, he learns about responsibility and courage. Eventually, he returns to reclaim his rightful place as king and confronts Scar, leading to a battle for the future of the Pride Lands. The film explores themes of identity, loss, and redemption."
      }
    ]
  },
  {
    "id": "100032",
    "image": "downloaded_images/Movies/The_Lion_King/image_20241018_144809_9.jpg",
    "conversations": [
      {
        "from": "human",
        "value": "<image>\nWhat is the main plot or storyline of this movie?"
      },
      {
        "from": "gpt",
        "value": "The Lion King follows the journey of a young lion named Simba, who is the heir to the throne of the Pride Lands. After the death of his father, Mufasa, at the hands of his uncle Scar, Simba is manipulated into fleeing his home. As he grows up in exile, he learns about responsibility and courage. Eventually, he returns to reclaim his rightful place as king and confronts Scar, leading to a battle for the future of the Pride Lands. The film explores themes of identity, loss, and redemption."
      }
    ]
  },
  {
    "id": "100033",
    "image": "downloaded_images/Movies/The_Lion_King/image_20241018_144826_11.jpg",
    "conversations": [
      {
        "from": "human",
        "value": "<image>\nWhat is the main plot or storyline of this movie?"
      },
      {
        "from": "gpt",
        "value": "The Lion King follows the journey of a young lion named Simba, who is the heir to the throne of the Pride Lands. After the death of his father, Mufasa, at the hands of his uncle Scar, Simba is manipulated into fleeing his home. As he grows up in exile, he learns about responsibility and courage. Eventually, he returns to reclaim his rightful place as king and confronts Scar, leading to a battle for the future of the Pride Lands. The film explores themes of identity, loss, and redemption."
      }
    ]
  },
  {
    "id": "100034",
    "image": "downloaded_images/Movies/The_Lion_King/image_20241107_121635_24.jpg",
    "conversations": [
      {
        "from": "human",
        "value": "<image>\nWhat is the main plot or storyline of this movie?"
      },
      {
        "from": "gpt",
        "value": "The Lion King follows the journey of a young lion named Simba, who is the heir to the throne of the Pride Lands. After the death of his father, Mufasa, at the hands of his uncle Scar, Simba is manipulated into fleeing his home. As he grows up in exile, he learns about responsibility and courage. Eventually, he returns to reclaim his rightful place as king and confronts Scar, leading to a battle for the future of the Pride Lands. The film explores themes of identity, loss, and redemption."
      }
    ]
  },
  {
    "id": "100035",
    "image": "downloaded_images/Movies/The_Lion_King/image_20241107_121245_2.jpg",
    "conversations": [
      {
        "from": "human",
        "value": "<image>\nWhat is the main plot or storyline of this movie?"
      },
      {
        "from": "gpt",
        "value": "The Lion King follows the journey of a young lion named Simba, who is the heir to the throne of the Pride Lands. After the death of his father, Mufasa, at the hands of his uncle Scar, Simba is manipulated into fleeing his home. As he grows up in exile, he learns about responsibility and courage. Eventually, he returns to reclaim his rightful place as king and confronts Scar, leading to a battle for the future of the Pride Lands. The film explores themes of identity, loss, and redemption."
      }
    ]
  },
  {
    "id": "200012",
    "image": "downloaded_images/Movies/The_Lion_King/image_20241018_144721_3.jpg",
    "conversations": [
      {
        "from": "human",
        "value": "<image>\nWhat is the title of this film?"
      },
      {
        "from": "gpt",
        "value": "The Lion King"
      }
    ]
  },
  {
    "id": "200013",
    "image": "downloaded_images/Movies/The_Lion_King/image_20241018_144721_3.jpg",
    "conversations": [
      {
        "from": "human",
        "value": "<image>\nWhat year was this film released?"
      },
      {
        "from": "gpt",
        "value": "The Lion King was released on June 15, 1994."
      }
    ]
  },
  {
    "id": "200014",
    "image": "downloaded_images/Movies/The_Lion_King/image_20241107_121254_3.jpg",
    "conversations": [
      {
        "from": "human",
        "value": "<image>\nWho plays the main roles in this film?"
      },
      {
        "from": "gpt",
        "value": "The main voice actors include Matthew Broderick (Simba), James Earl Jones (Mufasa), Jeremy Irons (Scar), Moira Kelly (Nala), and Whoopi Goldberg (Shenzi)."
      }
    ]
  },
  {
    "id": "200015",
    "image": "downloaded_images/Movies/The_Lion_King/image_20241107_121303_4.jpg",
    "conversations": [
      {
        "from": "human",
        "value": "<image>\nWhat is the central theme of this film?"
      },
      {
        "from": "gpt",
        "value": "The Lion King follows the journey of a young lion named Simba, who is the heir to the throne of the Pride Lands. After the death of his father, Mufasa, at the hands of his uncle Scar, Simba is manipulated into fleeing his home. As he grows up in exile, he learns about responsibility and courage. Eventually, he returns to reclaim his rightful place as king and confronts Scar, leading to a battle for the future of the Pride Lands. The film explores themes of identity, loss, and redemption."
      }
    ]
  },
  {
    "id": "200016",
    "image": "downloaded_images/Movies/The_Lion_King/image_20241107_121411_12.jpg",
    "conversations": [
      {
        "from": "human",
        "value": "<image>\nWhat is the title of this film?"
      },
      {
        "from": "gpt",
        "value": "The Lion King"
      }
    ]
  },
  {
    "id": "200017",
    "image": "downloaded_images/Movies/The_Lion_King/image_20241107_121635_24.jpg",
    "conversations": [
      {
        "from": "human",
        "value": "<image>\nWhat is the title of this film?"
      },
      {
        "from": "gpt",
        "value": "The Lion King"
      }
    ]
  },
  {
    "id": "200018",
    "image": "downloaded_images/Movies/The_Lion_King/image_20241107_121402_11.jpg",
    "conversations": [
      {
        "from": "human",
        "value": "<image>\nWhat is the title of this film?"
      },
      {
        "from": "gpt",
        "value": "The Lion King"
      }
    ]
  },
  {
    "id": "200019",
    "image": "downloaded_images/Movies/The_Lion_King/image_20241018_144826_11.jpg",
    "conversations": [
      {
        "from": "human",
        "value": "<image>\nWhat is the title of this film?"
      },
      {
        "from": "gpt",
        "value": "The Lion King"
      }
    ]
  },
  {
    "id": "200020",
    "image": "downloaded_images/Movies/The_Lion_King/image_20241107_121626_23.jpg",
    "conversations": [
      {
        "from": "human",
        "value": "<image>\nWhat is the title of this film?"
      },
      {
        "from": "gpt",
        "value": "The Lion King"
      }
    ]
  },
  {
    "id": "200021",
    "image": "downloaded_images/Movies/The_Lion_King/image_20241107_121547_18.jpg",
    "conversations": [
      {
        "from": "human",
        "value": "<image>\nWhat year was this film released?"
      },
      {
        "from": "gpt",
        "value": "The Lion King was released on June 15, 1994."
      }
    ]
  },
  {
    "id": "200022",
    "image": "downloaded_images/Movies/The_Lion_King/image_20241107_121402_11.jpg",
    "conversations": [
      {
        "from": "human",
        "value": "<image>\nWhat year was this film released?"
      },
      {
        "from": "gpt",
        "value": "The Lion King was released on June 15, 1994."
      }
    ]
  },
  {
    "id": "200023",
    "image": "downloaded_images/Movies/The_Lion_King/image_20241107_121245_2.jpg",
    "conversations": [
      {
        "from": "human",
        "value": "<image>\nWhat year was this film released?"
      },
      {
        "from": "gpt",
        "value": "The Lion King was released on June 15, 1994."
      }
    ]
  },
  {
    "id": "200024",
    "image": "downloaded_images/Movies/The_Lion_King/image_20241107_121737_29.jpg",
    "conversations": [
      {
        "from": "human",
        "value": "<image>\nWhat year was this film released?"
      },
      {
        "from": "gpt",
        "value": "The Lion King was released on June 15, 1994."
      }
    ]
  },
  {
    "id": "200025",
    "image": "downloaded_images/Movies/The_Lion_King/image_20241107_121419_13.jpg",
    "conversations": [
      {
        "from": "human",
        "value": "<image>\nWhat year was this film released?"
      },
      {
        "from": "gpt",
        "value": "The Lion King was released on June 15, 1994."
      }
    ]
  },
  {
    "id": "200026",
    "image": "downloaded_images/Movies/The_Lion_King/image_20241107_121506_16.jpg",
    "conversations": [
      {
        "from": "human",
        "value": "<image>\nWho plays the main roles in this film?"
      },
      {
        "from": "gpt",
        "value": "The main voice actors include Matthew Broderick (Simba), James Earl Jones (Mufasa), Jeremy Irons (Scar), Moira Kelly (Nala), and Whoopi Goldberg (Shenzi)."
      }
    ]
  },
  {
    "id": "200027",
    "image": "downloaded_images/Movies/The_Lion_King/image_20241107_121556_19.jpg",
    "conversations": [
      {
        "from": "human",
        "value": "<image>\nWho plays the main roles in this film?"
      },
      {
        "from": "gpt",
        "value": "The main voice actors include Matthew Broderick (Simba), James Earl Jones (Mufasa), Jeremy Irons (Scar), Moira Kelly (Nala), and Whoopi Goldberg (Shenzi)."
      }
    ]
  },
  {
    "id": "200028",
    "image": "downloaded_images/Movies/The_Lion_King/image_20241107_121737_29.jpg",
    "conversations": [
      {
        "from": "human",
        "value": "<image>\nWho plays the main roles in this film?"
      },
      {
        "from": "gpt",
        "value": "The main voice actors include Matthew Broderick (Simba), James Earl Jones (Mufasa), Jeremy Irons (Scar), Moira Kelly (Nala), and Whoopi Goldberg (Shenzi)."
      }
    ]
  },
  {
    "id": "200029",
    "image": "downloaded_images/Movies/The_Lion_King/image_20241018_144919_17.jpg",
    "conversations": [
      {
        "from": "human",
        "value": "<image>\nWho plays the main roles in this film?"
      },
      {
        "from": "gpt",
        "value": "The main voice actors include Matthew Broderick (Simba), James Earl Jones (Mufasa), Jeremy Irons (Scar), Moira Kelly (Nala), and Whoopi Goldberg (Shenzi)."
      }
    ]
  },
  {
    "id": "200030",
    "image": "downloaded_images/Movies/The_Lion_King/image_20241107_121643_25.jpg",
    "conversations": [
      {
        "from": "human",
        "value": "<image>\nWho plays the main roles in this film?"
      },
      {
        "from": "gpt",
        "value": "The main voice actors include Matthew Broderick (Simba), James Earl Jones (Mufasa), Jeremy Irons (Scar), Moira Kelly (Nala), and Whoopi Goldberg (Shenzi)."
      }
    ]
  },
  {
    "id": "200031",
    "image": "downloaded_images/Movies/The_Lion_King/image_20241107_121449_14.jpg",
    "conversations": [
      {
        "from": "human",
        "value": "<image>\nWhat is the central theme of this film?"
      },
      {
        "from": "gpt",
        "value": "The Lion King follows the journey of a young lion named Simba, who is the heir to the throne of the Pride Lands. After the death of his father, Mufasa, at the hands of his uncle Scar, Simba is manipulated into fleeing his home. As he grows up in exile, he learns about responsibility and courage. Eventually, he returns to reclaim his rightful place as king and confronts Scar, leading to a battle for the future of the Pride Lands. The film explores themes of identity, loss, and redemption."
      }
    ]
  },
  {
    "id": "200032",
    "image": "downloaded_images/Movies/The_Lion_King/image_20241018_144809_9.jpg",
    "conversations": [
      {
        "from": "human",
        "value": "<image>\nWhat is the central theme of this film?"
      },
      {
        "from": "gpt",
        "value": "The Lion King follows the journey of a young lion named Simba, who is the heir to the throne of the Pride Lands. After the death of his father, Mufasa, at the hands of his uncle Scar, Simba is manipulated into fleeing his home. As he grows up in exile, he learns about responsibility and courage. Eventually, he returns to reclaim his rightful place as king and confronts Scar, leading to a battle for the future of the Pride Lands. The film explores themes of identity, loss, and redemption."
      }
    ]
  },
  {
    "id": "200033",
    "image": "downloaded_images/Movies/The_Lion_King/image_20241018_144826_11.jpg",
    "conversations": [
      {
        "from": "human",
        "value": "<image>\nWhat is the central theme of this film?"
      },
      {
        "from": "gpt",
        "value": "The Lion King follows the journey of a young lion named Simba, who is the heir to the throne of the Pride Lands. After the death of his father, Mufasa, at the hands of his uncle Scar, Simba is manipulated into fleeing his home. As he grows up in exile, he learns about responsibility and courage. Eventually, he returns to reclaim his rightful place as king and confronts Scar, leading to a battle for the future of the Pride Lands. The film explores themes of identity, loss, and redemption."
      }
    ]
  },
  {
    "id": "200034",
    "image": "downloaded_images/Movies/The_Lion_King/image_20241107_121635_24.jpg",
    "conversations": [
      {
        "from": "human",
        "value": "<image>\nWhat is the central theme of this film?"
      },
      {
        "from": "gpt",
        "value": "The Lion King follows the journey of a young lion named Simba, who is the heir to the throne of the Pride Lands. After the death of his father, Mufasa, at the hands of his uncle Scar, Simba is manipulated into fleeing his home. As he grows up in exile, he learns about responsibility and courage. Eventually, he returns to reclaim his rightful place as king and confronts Scar, leading to a battle for the future of the Pride Lands. The film explores themes of identity, loss, and redemption."
      }
    ]
  },
  {
    "id": "200035",
    "image": "downloaded_images/Movies/The_Lion_King/image_20241107_121245_2.jpg",
    "conversations": [
      {
        "from": "human",
        "value": "<image>\nWhat is the central theme of this film?"
      },
      {
        "from": "gpt",
        "value": "The Lion King follows the journey of a young lion named Simba, who is the heir to the throne of the Pride Lands. After the death of his father, Mufasa, at the hands of his uncle Scar, Simba is manipulated into fleeing his home. As he grows up in exile, he learns about responsibility and courage. Eventually, he returns to reclaim his rightful place as king and confronts Scar, leading to a battle for the future of the Pride Lands. The film explores themes of identity, loss, and redemption."
      }
    ]
  },
  {
    "id": "300012",
    "image": "downloaded_images/Movies/The_Lion_King/image_20241018_144721_3.jpg",
    "conversations": [
      {
        "from": "human",
        "value": "<image>\nHow is this movie referred to?"
      },
      {
        "from": "gpt",
        "value": "The Lion King"
      }
    ]
  },
  {
    "id": "300013",
    "image": "downloaded_images/Movies/The_Lion_King/image_20241018_144721_3.jpg",
    "conversations": [
      {
        "from": "human",
        "value": "<image>\nWhen was this movie first shown?"
      },
      {
        "from": "gpt",
        "value": "The Lion King was released on June 15, 1994."
      }
    ]
  },
  {
    "id": "300014",
    "image": "downloaded_images/Movies/The_Lion_King/image_20241107_121254_3.jpg",
    "conversations": [
      {
        "from": "human",
        "value": "<image>\nWho are the primary cast members of this movie?"
      },
      {
        "from": "gpt",
        "value": "The main voice actors include Matthew Broderick (Simba), James Earl Jones (Mufasa), Jeremy Irons (Scar), Moira Kelly (Nala), and Whoopi Goldberg (Shenzi)."
      }
    ]
  },
  {
    "id": "300015",
    "image": "downloaded_images/Movies/The_Lion_King/image_20241107_121303_4.jpg",
    "conversations": [
      {
        "from": "human",
        "value": "<image>\nCan you summarize the plot of this movie?"
      },
      {
        "from": "gpt",
        "value": "The Lion King follows the journey of a young lion named Simba, who is the heir to the throne of the Pride Lands. After the death of his father, Mufasa, at the hands of his uncle Scar, Simba is manipulated into fleeing his home. As he grows up in exile, he learns about responsibility and courage. Eventually, he returns to reclaim his rightful place as king and confronts Scar, leading to a battle for the future of the Pride Lands. The film explores themes of identity, loss, and redemption."
      }
    ]
  },
  {
    "id": "300016",
    "image": "downloaded_images/Movies/The_Lion_King/image_20241107_121411_12.jpg",
    "conversations": [
      {
        "from": "human",
        "value": "<image>\nHow is this movie referred to?"
      },
      {
        "from": "gpt",
        "value": "The Lion King"
      }
    ]
  },
  {
    "id": "300017",
    "image": "downloaded_images/Movies/The_Lion_King/image_20241107_121635_24.jpg",
    "conversations": [
      {
        "from": "human",
        "value": "<image>\nHow is this movie referred to?"
      },
      {
        "from": "gpt",
        "value": "The Lion King"
      }
    ]
  },
  {
    "id": "300018",
    "image": "downloaded_images/Movies/The_Lion_King/image_20241107_121402_11.jpg",
    "conversations": [
      {
        "from": "human",
        "value": "<image>\nHow is this movie referred to?"
      },
      {
        "from": "gpt",
        "value": "The Lion King"
      }
    ]
  },
  {
    "id": "300019",
    "image": "downloaded_images/Movies/The_Lion_King/image_20241018_144826_11.jpg",
    "conversations": [
      {
        "from": "human",
        "value": "<image>\nHow is this movie referred to?"
      },
      {
        "from": "gpt",
        "value": "The Lion King"
      }
    ]
  },
  {
    "id": "300020",
    "image": "downloaded_images/Movies/The_Lion_King/image_20241107_121626_23.jpg",
    "conversations": [
      {
        "from": "human",
        "value": "<image>\nHow is this movie referred to?"
      },
      {
        "from": "gpt",
        "value": "The Lion King"
      }
    ]
  },
  {
    "id": "300021",
    "image": "downloaded_images/Movies/The_Lion_King/image_20241107_121547_18.jpg",
    "conversations": [
      {
        "from": "human",
        "value": "<image>\nWhen was this movie first shown?"
      },
      {
        "from": "gpt",
        "value": "The Lion King was released on June 15, 1994."
      }
    ]
  },
  {
    "id": "300022",
    "image": "downloaded_images/Movies/The_Lion_King/image_20241107_121402_11.jpg",
    "conversations": [
      {
        "from": "human",
        "value": "<image>\nWhen was this movie first shown?"
      },
      {
        "from": "gpt",
        "value": "The Lion King was released on June 15, 1994."
      }
    ]
  },
  {
    "id": "300023",
    "image": "downloaded_images/Movies/The_Lion_King/image_20241107_121245_2.jpg",
    "conversations": [
      {
        "from": "human",
        "value": "<image>\nWhen was this movie first shown?"
      },
      {
        "from": "gpt",
        "value": "The Lion King was released on June 15, 1994."
      }
    ]
  },
  {
    "id": "300024",
    "image": "downloaded_images/Movies/The_Lion_King/image_20241107_121737_29.jpg",
    "conversations": [
      {
        "from": "human",
        "value": "<image>\nWhen was this movie first shown?"
      },
      {
        "from": "gpt",
        "value": "The Lion King was released on June 15, 1994."
      }
    ]
  },
  {
    "id": "300025",
    "image": "downloaded_images/Movies/The_Lion_King/image_20241107_121419_13.jpg",
    "conversations": [
      {
        "from": "human",
        "value": "<image>\nWhen was this movie first shown?"
      },
      {
        "from": "gpt",
        "value": "The Lion King was released on June 15, 1994."
      }
    ]
  },
  {
    "id": "300026",
    "image": "downloaded_images/Movies/The_Lion_King/image_20241107_121506_16.jpg",
    "conversations": [
      {
        "from": "human",
        "value": "<image>\nWho are the primary cast members of this movie?"
      },
      {
        "from": "gpt",
        "value": "The main voice actors include Matthew Broderick (Simba), James Earl Jones (Mufasa), Jeremy Irons (Scar), Moira Kelly (Nala), and Whoopi Goldberg (Shenzi)."
      }
    ]
  },
  {
    "id": "300027",
    "image": "downloaded_images/Movies/The_Lion_King/image_20241107_121556_19.jpg",
    "conversations": [
      {
        "from": "human",
        "value": "<image>\nWho are the primary cast members of this movie?"
      },
      {
        "from": "gpt",
        "value": "The main voice actors include Matthew Broderick (Simba), James Earl Jones (Mufasa), Jeremy Irons (Scar), Moira Kelly (Nala), and Whoopi Goldberg (Shenzi)."
      }
    ]
  },
  {
    "id": "300028",
    "image": "downloaded_images/Movies/The_Lion_King/image_20241107_121737_29.jpg",
    "conversations": [
      {
        "from": "human",
        "value": "<image>\nWho are the primary cast members of this movie?"
      },
      {
        "from": "gpt",
        "value": "The main voice actors include Matthew Broderick (Simba), James Earl Jones (Mufasa), Jeremy Irons (Scar), Moira Kelly (Nala), and Whoopi Goldberg (Shenzi)."
      }
    ]
  },
  {
    "id": "300029",
    "image": "downloaded_images/Movies/The_Lion_King/image_20241018_144919_17.jpg",
    "conversations": [
      {
        "from": "human",
        "value": "<image>\nWho are the primary cast members of this movie?"
      },
      {
        "from": "gpt",
        "value": "The main voice actors include Matthew Broderick (Simba), James Earl Jones (Mufasa), Jeremy Irons (Scar), Moira Kelly (Nala), and Whoopi Goldberg (Shenzi)."
      }
    ]
  },
  {
    "id": "300030",
    "image": "downloaded_images/Movies/The_Lion_King/image_20241107_121643_25.jpg",
    "conversations": [
      {
        "from": "human",
        "value": "<image>\nWho are the primary cast members of this movie?"
      },
      {
        "from": "gpt",
        "value": "The main voice actors include Matthew Broderick (Simba), James Earl Jones (Mufasa), Jeremy Irons (Scar), Moira Kelly (Nala), and Whoopi Goldberg (Shenzi)."
      }
    ]
  },
  {
    "id": "300031",
    "image": "downloaded_images/Movies/The_Lion_King/image_20241107_121449_14.jpg",
    "conversations": [
      {
        "from": "human",
        "value": "<image>\nCan you summarize the plot of this movie?"
      },
      {
        "from": "gpt",
        "value": "The Lion King follows the journey of a young lion named Simba, who is the heir to the throne of the Pride Lands. After the death of his father, Mufasa, at the hands of his uncle Scar, Simba is manipulated into fleeing his home. As he grows up in exile, he learns about responsibility and courage. Eventually, he returns to reclaim his rightful place as king and confronts Scar, leading to a battle for the future of the Pride Lands. The film explores themes of identity, loss, and redemption."
      }
    ]
  },
  {
    "id": "300032",
    "image": "downloaded_images/Movies/The_Lion_King/image_20241018_144809_9.jpg",
    "conversations": [
      {
        "from": "human",
        "value": "<image>\nCan you summarize the plot of this movie?"
      },
      {
        "from": "gpt",
        "value": "The Lion King follows the journey of a young lion named Simba, who is the heir to the throne of the Pride Lands. After the death of his father, Mufasa, at the hands of his uncle Scar, Simba is manipulated into fleeing his home. As he grows up in exile, he learns about responsibility and courage. Eventually, he returns to reclaim his rightful place as king and confronts Scar, leading to a battle for the future of the Pride Lands. The film explores themes of identity, loss, and redemption."
      }
    ]
  },
  {
    "id": "300033",
    "image": "downloaded_images/Movies/The_Lion_King/image_20241018_144826_11.jpg",
    "conversations": [
      {
        "from": "human",
        "value": "<image>\nCan you summarize the plot of this movie?"
      },
      {
        "from": "gpt",
        "value": "The Lion King follows the journey of a young lion named Simba, who is the heir to the throne of the Pride Lands. After the death of his father, Mufasa, at the hands of his uncle Scar, Simba is manipulated into fleeing his home. As he grows up in exile, he learns about responsibility and courage. Eventually, he returns to reclaim his rightful place as king and confronts Scar, leading to a battle for the future of the Pride Lands. The film explores themes of identity, loss, and redemption."
      }
    ]
  },
  {
    "id": "300034",
    "image": "downloaded_images/Movies/The_Lion_King/image_20241107_121635_24.jpg",
    "conversations": [
      {
        "from": "human",
        "value": "<image>\nCan you summarize the plot of this movie?"
      },
      {
        "from": "gpt",
        "value": "The Lion King follows the journey of a young lion named Simba, who is the heir to the throne of the Pride Lands. After the death of his father, Mufasa, at the hands of his uncle Scar, Simba is manipulated into fleeing his home. As he grows up in exile, he learns about responsibility and courage. Eventually, he returns to reclaim his rightful place as king and confronts Scar, leading to a battle for the future of the Pride Lands. The film explores themes of identity, loss, and redemption."
      }
    ]
  },
  {
    "id": "300035",
    "image": "downloaded_images/Movies/The_Lion_King/image_20241107_121245_2.jpg",
    "conversations": [
      {
        "from": "human",
        "value": "<image>\nCan you summarize the plot of this movie?"
      },
      {
        "from": "gpt",
        "value": "The Lion King follows the journey of a young lion named Simba, who is the heir to the throne of the Pride Lands. After the death of his father, Mufasa, at the hands of his uncle Scar, Simba is manipulated into fleeing his home. As he grows up in exile, he learns about responsibility and courage. Eventually, he returns to reclaim his rightful place as king and confronts Scar, leading to a battle for the future of the Pride Lands. The film explores themes of identity, loss, and redemption."
      }
    ]
  },
  {
    "id": "400012",
    "image": "downloaded_images/Movies/The_Lion_King/image_20241018_144721_3.jpg",
    "conversations": [
      {
        "from": "human",
        "value": "<image>\nWhat do people call this film?"
      },
      {
        "from": "gpt",
        "value": "The Lion King"
      }
    ]
  },
  {
    "id": "400013",
    "image": "downloaded_images/Movies/The_Lion_King/image_20241018_144721_3.jpg",
    "conversations": [
      {
        "from": "human",
        "value": "<image>\nWhat is the release date of this film?"
      },
      {
        "from": "gpt",
        "value": "The Lion King was released on June 15, 1994."
      }
    ]
  },
  {
    "id": "400014",
    "image": "downloaded_images/Movies/The_Lion_King/image_20241107_121254_3.jpg",
    "conversations": [
      {
        "from": "human",
        "value": "<image>\nWhich actors or actresses are featured prominently in this film?"
      },
      {
        "from": "gpt",
        "value": "The main voice actors include Matthew Broderick (Simba), James Earl Jones (Mufasa), Jeremy Irons (Scar), Moira Kelly (Nala), and Whoopi Goldberg (Shenzi)."
      }
    ]
  },
  {
    "id": "400015",
    "image": "downloaded_images/Movies/The_Lion_King/image_20241107_121303_4.jpg",
    "conversations": [
      {
        "from": "human",
        "value": "<image>\nWhat is the basic storyline of this film?"
      },
      {
        "from": "gpt",
        "value": "The Lion King follows the journey of a young lion named Simba, who is the heir to the throne of the Pride Lands. After the death of his father, Mufasa, at the hands of his uncle Scar, Simba is manipulated into fleeing his home. As he grows up in exile, he learns about responsibility and courage. Eventually, he returns to reclaim his rightful place as king and confronts Scar, leading to a battle for the future of the Pride Lands. The film explores themes of identity, loss, and redemption."
      }
    ]
  },
  {
    "id": "400016",
    "image": "downloaded_images/Movies/The_Lion_King/image_20241107_121411_12.jpg",
    "conversations": [
      {
        "from": "human",
        "value": "<image>\nWhat do people call this film?"
      },
      {
        "from": "gpt",
        "value": "The Lion King"
      }
    ]
  },
  {
    "id": "400017",
    "image": "downloaded_images/Movies/The_Lion_King/image_20241107_121635_24.jpg",
    "conversations": [
      {
        "from": "human",
        "value": "<image>\nWhat do people call this film?"
      },
      {
        "from": "gpt",
        "value": "The Lion King"
      }
    ]
  },
  {
    "id": "400018",
    "image": "downloaded_images/Movies/The_Lion_King/image_20241107_121402_11.jpg",
    "conversations": [
      {
        "from": "human",
        "value": "<image>\nWhat do people call this film?"
      },
      {
        "from": "gpt",
        "value": "The Lion King"
      }
    ]
  },
  {
    "id": "400019",
    "image": "downloaded_images/Movies/The_Lion_King/image_20241018_144826_11.jpg",
    "conversations": [
      {
        "from": "human",
        "value": "<image>\nWhat do people call this film?"
      },
      {
        "from": "gpt",
        "value": "The Lion King"
      }
    ]
  },
  {
    "id": "400020",
    "image": "downloaded_images/Movies/The_Lion_King/image_20241107_121626_23.jpg",
    "conversations": [
      {
        "from": "human",
        "value": "<image>\nWhat do people call this film?"
      },
      {
        "from": "gpt",
        "value": "The Lion King"
      }
    ]
  },
  {
    "id": "400021",
    "image": "downloaded_images/Movies/The_Lion_King/image_20241107_121547_18.jpg",
    "conversations": [
      {
        "from": "human",
        "value": "<image>\nWhat is the release date of this film?"
      },
      {
        "from": "gpt",
        "value": "The Lion King was released on June 15, 1994."
      }
    ]
  },
  {
    "id": "400022",
    "image": "downloaded_images/Movies/The_Lion_King/image_20241107_121402_11.jpg",
    "conversations": [
      {
        "from": "human",
        "value": "<image>\nWhat is the release date of this film?"
      },
      {
        "from": "gpt",
        "value": "The Lion King was released on June 15, 1994."
      }
    ]
  },
  {
    "id": "400023",
    "image": "downloaded_images/Movies/The_Lion_King/image_20241107_121245_2.jpg",
    "conversations": [
      {
        "from": "human",
        "value": "<image>\nWhat is the release date of this film?"
      },
      {
        "from": "gpt",
        "value": "The Lion King was released on June 15, 1994."
      }
    ]
  },
  {
    "id": "400024",
    "image": "downloaded_images/Movies/The_Lion_King/image_20241107_121737_29.jpg",
    "conversations": [
      {
        "from": "human",
        "value": "<image>\nWhat is the release date of this film?"
      },
      {
        "from": "gpt",
        "value": "The Lion King was released on June 15, 1994."
      }
    ]
  },
  {
    "id": "400025",
    "image": "downloaded_images/Movies/The_Lion_King/image_20241107_121419_13.jpg",
    "conversations": [
      {
        "from": "human",
        "value": "<image>\nWhat is the release date of this film?"
      },
      {
        "from": "gpt",
        "value": "The Lion King was released on June 15, 1994."
      }
    ]
  },
  {
    "id": "400026",
    "image": "downloaded_images/Movies/The_Lion_King/image_20241107_121506_16.jpg",
    "conversations": [
      {
        "from": "human",
        "value": "<image>\nWhich actors or actresses are featured prominently in this film?"
      },
      {
        "from": "gpt",
        "value": "The main voice actors include Matthew Broderick (Simba), James Earl Jones (Mufasa), Jeremy Irons (Scar), Moira Kelly (Nala), and Whoopi Goldberg (Shenzi)."
      }
    ]
  },
  {
    "id": "400027",
    "image": "downloaded_images/Movies/The_Lion_King/image_20241107_121556_19.jpg",
    "conversations": [
      {
        "from": "human",
        "value": "<image>\nWhich actors or actresses are featured prominently in this film?"
      },
      {
        "from": "gpt",
        "value": "The main voice actors include Matthew Broderick (Simba), James Earl Jones (Mufasa), Jeremy Irons (Scar), Moira Kelly (Nala), and Whoopi Goldberg (Shenzi)."
      }
    ]
  },
  {
    "id": "400028",
    "image": "downloaded_images/Movies/The_Lion_King/image_20241107_121737_29.jpg",
    "conversations": [
      {
        "from": "human",
        "value": "<image>\nWhich actors or actresses are featured prominently in this film?"
      },
      {
        "from": "gpt",
        "value": "The main voice actors include Matthew Broderick (Simba), James Earl Jones (Mufasa), Jeremy Irons (Scar), Moira Kelly (Nala), and Whoopi Goldberg (Shenzi)."
      }
    ]
  },
  {
    "id": "400029",
    "image": "downloaded_images/Movies/The_Lion_King/image_20241018_144919_17.jpg",
    "conversations": [
      {
        "from": "human",
        "value": "<image>\nWhich actors or actresses are featured prominently in this film?"
      },
      {
        "from": "gpt",
        "value": "The main voice actors include Matthew Broderick (Simba), James Earl Jones (Mufasa), Jeremy Irons (Scar), Moira Kelly (Nala), and Whoopi Goldberg (Shenzi)."
      }
    ]
  },
  {
    "id": "400030",
    "image": "downloaded_images/Movies/The_Lion_King/image_20241107_121643_25.jpg",
    "conversations": [
      {
        "from": "human",
        "value": "<image>\nWhich actors or actresses are featured prominently in this film?"
      },
      {
        "from": "gpt",
        "value": "The main voice actors include Matthew Broderick (Simba), James Earl Jones (Mufasa), Jeremy Irons (Scar), Moira Kelly (Nala), and Whoopi Goldberg (Shenzi)."
      }
    ]
  },
  {
    "id": "400031",
    "image": "downloaded_images/Movies/The_Lion_King/image_20241107_121449_14.jpg",
    "conversations": [
      {
        "from": "human",
        "value": "<image>\nWhat is the basic storyline of this film?"
      },
      {
        "from": "gpt",
        "value": "The Lion King follows the journey of a young lion named Simba, who is the heir to the throne of the Pride Lands. After the death of his father, Mufasa, at the hands of his uncle Scar, Simba is manipulated into fleeing his home. As he grows up in exile, he learns about responsibility and courage. Eventually, he returns to reclaim his rightful place as king and confronts Scar, leading to a battle for the future of the Pride Lands. The film explores themes of identity, loss, and redemption."
      }
    ]
  },
  {
    "id": "400032",
    "image": "downloaded_images/Movies/The_Lion_King/image_20241018_144809_9.jpg",
    "conversations": [
      {
        "from": "human",
        "value": "<image>\nWhat is the basic storyline of this film?"
      },
      {
        "from": "gpt",
        "value": "The Lion King follows the journey of a young lion named Simba, who is the heir to the throne of the Pride Lands. After the death of his father, Mufasa, at the hands of his uncle Scar, Simba is manipulated into fleeing his home. As he grows up in exile, he learns about responsibility and courage. Eventually, he returns to reclaim his rightful place as king and confronts Scar, leading to a battle for the future of the Pride Lands. The film explores themes of identity, loss, and redemption."
      }
    ]
  },
  {
    "id": "400033",
    "image": "downloaded_images/Movies/The_Lion_King/image_20241018_144826_11.jpg",
    "conversations": [
      {
        "from": "human",
        "value": "<image>\nWhat is the basic storyline of this film?"
      },
      {
        "from": "gpt",
        "value": "The Lion King follows the journey of a young lion named Simba, who is the heir to the throne of the Pride Lands. After the death of his father, Mufasa, at the hands of his uncle Scar, Simba is manipulated into fleeing his home. As he grows up in exile, he learns about responsibility and courage. Eventually, he returns to reclaim his rightful place as king and confronts Scar, leading to a battle for the future of the Pride Lands. The film explores themes of identity, loss, and redemption."
      }
    ]
  },
  {
    "id": "400034",
    "image": "downloaded_images/Movies/The_Lion_King/image_20241107_121635_24.jpg",
    "conversations": [
      {
        "from": "human",
        "value": "<image>\nWhat is the basic storyline of this film?"
      },
      {
        "from": "gpt",
        "value": "The Lion King follows the journey of a young lion named Simba, who is the heir to the throne of the Pride Lands. After the death of his father, Mufasa, at the hands of his uncle Scar, Simba is manipulated into fleeing his home. As he grows up in exile, he learns about responsibility and courage. Eventually, he returns to reclaim his rightful place as king and confronts Scar, leading to a battle for the future of the Pride Lands. The film explores themes of identity, loss, and redemption."
      }
    ]
  },
  {
    "id": "400035",
    "image": "downloaded_images/Movies/The_Lion_King/image_20241107_121245_2.jpg",
    "conversations": [
      {
        "from": "human",
        "value": "<image>\nWhat is the basic storyline of this film?"
      },
      {
        "from": "gpt",
        "value": "The Lion King follows the journey of a young lion named Simba, who is the heir to the throne of the Pride Lands. After the death of his father, Mufasa, at the hands of his uncle Scar, Simba is manipulated into fleeing his home. As he grows up in exile, he learns about responsibility and courage. Eventually, he returns to reclaim his rightful place as king and confronts Scar, leading to a battle for the future of the Pride Lands. The film explores themes of identity, loss, and redemption."
      }
    ]
  }
]