[
  {
    "id": "2",
    "image": "downloaded_images/Personage/马云/image_20241016_185302_8.jpg",
    "conversations": [
      {
        "from": "human",
        "value": "<image>\nWhat is this person's name?"
      },
      {
        "from": "gpt",
        "value": "马云 (Mǎ Yún), known as Jack Ma in English."
      }
    ]
  },
  {
    "id": "3",
    "image": "downloaded_images/Personage/马云/image_20241016_185302_8.jpg",
    "conversations": [
      {
        "from": "human",
        "value": "<image>\nWhen and where was this person born?"
      },
      {
        "from": "gpt",
        "value": "Jack Ma was born on September 10, 1964, in Hangzhou, Zhejiang Province, China."
      }
    ]
  },
  {
    "id": "4",
    "image": "downloaded_images/Personage/马云/image_20241018_164408_13.jpg",
    "conversations": [
      {
        "from": "human",
        "value": "<image>\nWhat is this person's profession?"
      },
      {
        "from": "gpt",
        "value": "Jack Ma is an entrepreneur, philanthropist, and former executive chairman of Alibaba Group, a multinational conglomerate specializing in e-commerce, retail, internet, and technology."
      }
    ]
  },
  {
    "id": "5",
    "image": "downloaded_images/Personage/马云/image_20241018_164313_6.jpg",
    "conversations": [
      {
        "from": "human",
        "value": "<image>\nWhat are the famous works or achievements of this person?"
      },
      {
        "from": "gpt",
        "value": "Jack Ma is best known for founding Alibaba Group in 1999, which has become one of the world's largest e-commerce platforms. He also played a significant role in the development of Alipay, a leading online payment platform. Under his leadership, Alibaba went public in 2014, raising a record $25 billion in its initial public offering (IPO)."
      }
    ]
  },
  {
    "id": "6",
    "image": "downloaded_images/Personage/马云/image_20241018_164424_15.jpg",
    "conversations": [
      {
        "from": "human",
        "value": "<image>\nWhat contributions has this person made to society or industry?"
      },
      {
        "from": "gpt",
        "value": "Jack Ma has made significant contributions to the growth of e-commerce and digital payments in China and globally, helping to transform the retail landscape. He has also been an advocate for small businesses, providing them with access to online markets. Additionally, through the Jack Ma Foundation, he has focused on education, entrepreneurship, and environmental sustainability, contributing to various philanthropic efforts in China and beyond."
      }
    ]
  },
  {
    "id": "7",
    "image": "downloaded_images/Personage/马云/image_20241107_163536_17.jpg",
    "conversations": [
      {
        "from": "human",
        "value": "<image>\nWhat is this person's name?"
      },
      {
        "from": "gpt",
        "value": "马云 (Mǎ Yún), known as Jack Ma in English."
      }
    ]
  },
  {
    "id": "8",
    "image": "downloaded_images/Personage/马云/image_20241018_164401_12.jpg",
    "conversations": [
      {
        "from": "human",
        "value": "<image>\nWhat is this person's name?"
      },
      {
        "from": "gpt",
        "value": "马云 (Mǎ Yún), known as Jack Ma in English."
      }
    ]
  },
  {
    "id": "9",
    "image": "downloaded_images/Personage/马云/image_20241018_164621_22.jpg",
    "conversations": [
      {
        "from": "human",
        "value": "<image>\nWhat is this person's name?"
      },
      {
        "from": "gpt",
        "value": "马云 (Mǎ Yún), known as Jack Ma in English."
      }
    ]
  },
  {
    "id": "10",
    "image": "downloaded_images/Personage/马云/image_20241018_164313_6.jpg",
    "conversations": [
      {
        "from": "human",
        "value": "<image>\nWhat is this person's name?"
      },
      {
        "from": "gpt",
        "value": "马云 (Mǎ Yún), known as Jack Ma in English."
      }
    ]
  },
  {
    "id": "11",
    "image": "downloaded_images/Personage/马云/image_20241108_095338_17.jpg",
    "conversations": [
      {
        "from": "human",
        "value": "<image>\nWhat is this person's name?"
      },
      {
        "from": "gpt",
        "value": "马云 (Mǎ Yún), known as Jack Ma in English."
      }
    ]
  },
  {
    "id": "12",
    "image": "downloaded_images/Personage/马云/image_20241107_163118_6.jpg",
    "conversations": [
      {
        "from": "human",
        "value": "<image>\nWhen and where was this person born?"
      },
      {
        "from": "gpt",
        "value": "Jack Ma was born on September 10, 1964, in Hangzhou, Zhejiang Province, China."
      }
    ]
  },
  {
    "id": "13",
    "image": "downloaded_images/Personage/马云/image_20241018_164313_6.jpg",
    "conversations": [
      {
        "from": "human",
        "value": "<image>\nWhen and where was this person born?"
      },
      {
        "from": "gpt",
        "value": "Jack Ma was born on September 10, 1964, in Hangzhou, Zhejiang Province, China."
      }
    ]
  },
  {
    "id": "14",
    "image": "downloaded_images/Personage/马云/image_20241108_095540_24.jpg",
    "conversations": [
      {
        "from": "human",
        "value": "<image>\nWhen and where was this person born?"
      },
      {
        "from": "gpt",
        "value": "Jack Ma was born on September 10, 1964, in Hangzhou, Zhejiang Province, China."
      }
    ]
  },
  {
    "id": "15",
    "image": "downloaded_images/Personage/马云/image_20241108_095227_11.jpg",
    "conversations": [
      {
        "from": "human",
        "value": "<image>\nWhen and where was this person born?"
      },
      {
        "from": "gpt",
        "value": "Jack Ma was born on September 10, 1964, in Hangzhou, Zhejiang Province, China."
      }
    ]
  },
  {
    "id": "16",
    "image": "downloaded_images/Personage/马云/image_20241107_163658_23.jpg",
    "conversations": [
      {
        "from": "human",
        "value": "<image>\nWhen and where was this person born?"
      },
      {
        "from": "gpt",
        "value": "Jack Ma was born on September 10, 1964, in Hangzhou, Zhejiang Province, China."
      }
    ]
  },
  {
    "id": "17",
    "image": "downloaded_images/Personage/马云/image_20241108_094927_1.jpg",
    "conversations": [
      {
        "from": "human",
        "value": "<image>\nWhat is this person's profession?"
      },
      {
        "from": "gpt",
        "value": "Jack Ma is an entrepreneur, philanthropist, and former executive chairman of Alibaba Group, a multinational conglomerate specializing in e-commerce, retail, internet, and technology."
      }
    ]
  },
  {
    "id": "18",
    "image": "downloaded_images/Personage/马云/image_20241108_095122_6.jpg",
    "conversations": [
      {
        "from": "human",
        "value": "<image>\nWhat is this person's profession?"
      },
      {
        "from": "gpt",
        "value": "Jack Ma is an entrepreneur, philanthropist, and former executive chairman of Alibaba Group, a multinational conglomerate specializing in e-commerce, retail, internet, and technology."
      }
    ]
  },
  {
    "id": "19",
    "image": "downloaded_images/Personage/马云/image_20241107_163350_14.jpg",
    "conversations": [
      {
        "from": "human",
        "value": "<image>\nWhat is this person's profession?"
      },
      {
        "from": "gpt",
        "value": "Jack Ma is an entrepreneur, philanthropist, and former executive chairman of Alibaba Group, a multinational conglomerate specializing in e-commerce, retail, internet, and technology."
      }
    ]
  },
  {
    "id": "20",
    "image": "downloaded_images/Personage/马云/image_20241107_163234_10.jpg",
    "conversations": [
      {
        "from": "human",
        "value": "<image>\nWhat is this person's profession?"
      },
      {
        "from": "gpt",
        "value": "Jack Ma is an entrepreneur, philanthropist, and former executive chairman of Alibaba Group, a multinational conglomerate specializing in e-commerce, retail, internet, and technology."
      }
    ]
  },
  {
    "id": "21",
    "image": "downloaded_images/Personage/马云/image_20241018_164313_6.jpg",
    "conversations": [
      {
        "from": "human",
        "value": "<image>\nWhat is this person's profession?"
      },
      {
        "from": "gpt",
        "value": "Jack Ma is an entrepreneur, philanthropist, and former executive chairman of Alibaba Group, a multinational conglomerate specializing in e-commerce, retail, internet, and technology."
      }
    ]
  },
  {
    "id": "22",
    "image": "downloaded_images/Personage/马云/image_20241107_163118_6.jpg",
    "conversations": [
      {
        "from": "human",
        "value": "<image>\nWhat are the famous works or achievements of this person?"
      },
      {
        "from": "gpt",
        "value": "Jack Ma is best known for founding Alibaba Group in 1999, which has become one of the world's largest e-commerce platforms. He also played a significant role in the development of Alipay, a leading online payment platform. Under his leadership, Alibaba went public in 2014, raising a record $25 billion in its initial public offering (IPO)."
      }
    ]
  },
  {
    "id": "23",
    "image": "downloaded_images/Personage/马云/image_20241018_164401_12.jpg",
    "conversations": [
      {
        "from": "human",
        "value": "<image>\nWhat are the famous works or achievements of this person?"
      },
      {
        "from": "gpt",
        "value": "Jack Ma is best known for founding Alibaba Group in 1999, which has become one of the world's largest e-commerce platforms. He also played a significant role in the development of Alipay, a leading online payment platform. Under his leadership, Alibaba went public in 2014, raising a record $25 billion in its initial public offering (IPO)."
      }
    ]
  },
  {
    "id": "24",
    "image": "downloaded_images/Personage/马云/image_20241108_095346_18.jpg",
    "conversations": [
      {
        "from": "human",
        "value": "<image>\nWhat are the famous works or achievements of this person?"
      },
      {
        "from": "gpt",
        "value": "Jack Ma is best known for founding Alibaba Group in 1999, which has become one of the world's largest e-commerce platforms. He also played a significant role in the development of Alipay, a leading online payment platform. Under his leadership, Alibaba went public in 2014, raising a record $25 billion in its initial public offering (IPO)."
      }
    ]
  },
  {
    "id": "25",
    "image": "downloaded_images/Personage/马云/image_20241107_163428_16.jpg",
    "conversations": [
      {
        "from": "human",
        "value": "<image>\nWhat are the famous works or achievements of this person?"
      },
      {
        "from": "gpt",
        "value": "Jack Ma is best known for founding Alibaba Group in 1999, which has become one of the world's largest e-commerce platforms. He also played a significant role in the development of Alipay, a leading online payment platform. Under his leadership, Alibaba went public in 2014, raising a record $25 billion in its initial public offering (IPO)."
      }
    ]
  },
  {
    "id": "26",
    "image": "downloaded_images/Personage/马云/image_20241107_163335_12.jpg",
    "conversations": [
      {
        "from": "human",
        "value": "<image>\nWhat are the famous works or achievements of this person?"
      },
      {
        "from": "gpt",
        "value": "Jack Ma is best known for founding Alibaba Group in 1999, which has become one of the world's largest e-commerce platforms. He also played a significant role in the development of Alipay, a leading online payment platform. Under his leadership, Alibaba went public in 2014, raising a record $25 billion in its initial public offering (IPO)."
      }
    ]
  },
  {
    "id": "27",
    "image": "downloaded_images/Personage/马云/image_20241107_163335_12.jpg",
    "conversations": [
      {
        "from": "human",
        "value": "<image>\nWhat contributions has this person made to society or industry?"
      },
      {
        "from": "gpt",
        "value": "Jack Ma has made significant contributions to the growth of e-commerce and digital payments in China and globally, helping to transform the retail landscape. He has also been an advocate for small businesses, providing them with access to online markets. Additionally, through the Jack Ma Foundation, he has focused on education, entrepreneurship, and environmental sustainability, contributing to various philanthropic efforts in China and beyond."
      }
    ]
  },
  {
    "id": "28",
    "image": "downloaded_images/Personage/马云/image_20241018_164239_2.jpg",
    "conversations": [
      {
        "from": "human",
        "value": "<image>\nWhat contributions has this person made to society or industry?"
      },
      {
        "from": "gpt",
        "value": "Jack Ma has made significant contributions to the growth of e-commerce and digital payments in China and globally, helping to transform the retail landscape. He has also been an advocate for small businesses, providing them with access to online markets. Additionally, through the Jack Ma Foundation, he has focused on education, entrepreneurship, and environmental sustainability, contributing to various philanthropic efforts in China and beyond."
      }
    ]
  },
  {
    "id": "29",
    "image": "downloaded_images/Personage/马云/image_20241108_095257_12.jpg",
    "conversations": [
      {
        "from": "human",
        "value": "<image>\nWhat contributions has this person made to society or industry?"
      },
      {
        "from": "gpt",
        "value": "Jack Ma has made significant contributions to the growth of e-commerce and digital payments in China and globally, helping to transform the retail landscape. He has also been an advocate for small businesses, providing them with access to online markets. Additionally, through the Jack Ma Foundation, he has focused on education, entrepreneurship, and environmental sustainability, contributing to various philanthropic efforts in China and beyond."
      }
    ]
  },
  {
    "id": "30",
    "image": "downloaded_images/Personage/马云/image_20241016_185319_10.jpg",
    "conversations": [
      {
        "from": "human",
        "value": "<image>\nWhat contributions has this person made to society or industry?"
      },
      {
        "from": "gpt",
        "value": "Jack Ma has made significant contributions to the growth of e-commerce and digital payments in China and globally, helping to transform the retail landscape. He has also been an advocate for small businesses, providing them with access to online markets. Additionally, through the Jack Ma Foundation, he has focused on education, entrepreneurship, and environmental sustainability, contributing to various philanthropic efforts in China and beyond."
      }
    ]
  },
  {
    "id": "31",
    "image": "downloaded_images/Personage/马云/image_20241108_095510_23.jpg",
    "conversations": [
      {
        "from": "human",
        "value": "<image>\nWhat contributions has this person made to society or industry?"
      },
      {
        "from": "gpt",
        "value": "Jack Ma has made significant contributions to the growth of e-commerce and digital payments in China and globally, helping to transform the retail landscape. He has also been an advocate for small businesses, providing them with access to online markets. Additionally, through the Jack Ma Foundation, he has focused on education, entrepreneurship, and environmental sustainability, contributing to various philanthropic efforts in China and beyond."
      }
    ]
  },
  {
    "id": "100002",
    "image": "downloaded_images/Personage/马云/image_20241016_185302_8.jpg",
    "conversations": [
      {
        "from": "human",
        "value": "<image>\nWhat is the name of this individual?"
      },
      {
        "from": "gpt",
        "value": "马云 (Mǎ Yún), known as Jack Ma in English."
      }
    ]
  },
  {
    "id": "100003",
    "image": "downloaded_images/Personage/马云/image_20241016_185302_8.jpg",
    "conversations": [
      {
        "from": "human",
        "value": "<image>\nWhen and where was this individual born?"
      },
      {
        "from": "gpt",
        "value": "Jack Ma was born on September 10, 1964, in Hangzhou, Zhejiang Province, China."
      }
    ]
  },
  {
    "id": "100004",
    "image": "downloaded_images/Personage/马云/image_20241018_164408_13.jpg",
    "conversations": [
      {
        "from": "human",
        "value": "<image>\nWhat is this individual's occupation?"
      },
      {
        "from": "gpt",
        "value": "Jack Ma is an entrepreneur, philanthropist, and former executive chairman of Alibaba Group, a multinational conglomerate specializing in e-commerce, retail, internet, and technology."
      }
    ]
  },
  {
    "id": "100005",
    "image": "downloaded_images/Personage/马云/image_20241018_164313_6.jpg",
    "conversations": [
      {
        "from": "human",
        "value": "<image>\nWhat are this person's notable works or achievements?"
      },
      {
        "from": "gpt",
        "value": "Jack Ma is best known for founding Alibaba Group in 1999, which has become one of the world's largest e-commerce platforms. He also played a significant role in the development of Alipay, a leading online payment platform. Under his leadership, Alibaba went public in 2014, raising a record $25 billion in its initial public offering (IPO)."
      }
    ]
  },
  {
    "id": "100006",
    "image": "downloaded_images/Personage/马云/image_20241018_164424_15.jpg",
    "conversations": [
      {
        "from": "human",
        "value": "<image>\nHow has this person contributed to society or their industry?"
      },
      {
        "from": "gpt",
        "value": "Jack Ma has made significant contributions to the growth of e-commerce and digital payments in China and globally, helping to transform the retail landscape. He has also been an advocate for small businesses, providing them with access to online markets. Additionally, through the Jack Ma Foundation, he has focused on education, entrepreneurship, and environmental sustainability, contributing to various philanthropic efforts in China and beyond."
      }
    ]
  },
  {
    "id": "100007",
    "image": "downloaded_images/Personage/马云/image_20241107_163536_17.jpg",
    "conversations": [
      {
        "from": "human",
        "value": "<image>\nWhat is the name of this individual?"
      },
      {
        "from": "gpt",
        "value": "马云 (Mǎ Yún), known as Jack Ma in English."
      }
    ]
  },
  {
    "id": "100008",
    "image": "downloaded_images/Personage/马云/image_20241018_164401_12.jpg",
    "conversations": [
      {
        "from": "human",
        "value": "<image>\nWhat is the name of this individual?"
      },
      {
        "from": "gpt",
        "value": "马云 (Mǎ Yún), known as Jack Ma in English."
      }
    ]
  },
  {
    "id": "100009",
    "image": "downloaded_images/Personage/马云/image_20241018_164621_22.jpg",
    "conversations": [
      {
        "from": "human",
        "value": "<image>\nWhat is the name of this individual?"
      },
      {
        "from": "gpt",
        "value": "马云 (Mǎ Yún), known as Jack Ma in English."
      }
    ]
  },
  {
    "id": "100010",
    "image": "downloaded_images/Personage/马云/image_20241018_164313_6.jpg",
    "conversations": [
      {
        "from": "human",
        "value": "<image>\nWhat is the name of this individual?"
      },
      {
        "from": "gpt",
        "value": "马云 (Mǎ Yún), known as Jack Ma in English."
      }
    ]
  },
  {
    "id": "100011",
    "image": "downloaded_images/Personage/马云/image_20241108_095338_17.jpg",
    "conversations": [
      {
        "from": "human",
        "value": "<image>\nWhat is the name of this individual?"
      },
      {
        "from": "gpt",
        "value": "马云 (Mǎ Yún), known as Jack Ma in English."
      }
    ]
  },
  {
    "id": "100012",
    "image": "downloaded_images/Personage/马云/image_20241107_163118_6.jpg",
    "conversations": [
      {
        "from": "human",
        "value": "<image>\nWhen and where was this individual born?"
      },
      {
        "from": "gpt",
        "value": "Jack Ma was born on September 10, 1964, in Hangzhou, Zhejiang Province, China."
      }
    ]
  },
  {
    "id": "100013",
    "image": "downloaded_images/Personage/马云/image_20241018_164313_6.jpg",
    "conversations": [
      {
        "from": "human",
        "value": "<image>\nWhen and where was this individual born?"
      },
      {
        "from": "gpt",
        "value": "Jack Ma was born on September 10, 1964, in Hangzhou, Zhejiang Province, China."
      }
    ]
  },
  {
    "id": "100014",
    "image": "downloaded_images/Personage/马云/image_20241108_095540_24.jpg",
    "conversations": [
      {
        "from": "human",
        "value": "<image>\nWhen and where was this individual born?"
      },
      {
        "from": "gpt",
        "value": "Jack Ma was born on September 10, 1964, in Hangzhou, Zhejiang Province, China."
      }
    ]
  },
  {
    "id": "100015",
    "image": "downloaded_images/Personage/马云/image_20241108_095227_11.jpg",
    "conversations": [
      {
        "from": "human",
        "value": "<image>\nWhen and where was this individual born?"
      },
      {
        "from": "gpt",
        "value": "Jack Ma was born on September 10, 1964, in Hangzhou, Zhejiang Province, China."
      }
    ]
  },
  {
    "id": "100016",
    "image": "downloaded_images/Personage/马云/image_20241107_163658_23.jpg",
    "conversations": [
      {
        "from": "human",
        "value": "<image>\nWhen and where was this individual born?"
      },
      {
        "from": "gpt",
        "value": "Jack Ma was born on September 10, 1964, in Hangzhou, Zhejiang Province, China."
      }
    ]
  },
  {
    "id": "100017",
    "image": "downloaded_images/Personage/马云/image_20241108_094927_1.jpg",
    "conversations": [
      {
        "from": "human",
        "value": "<image>\nWhat is this individual's occupation?"
      },
      {
        "from": "gpt",
        "value": "Jack Ma is an entrepreneur, philanthropist, and former executive chairman of Alibaba Group, a multinational conglomerate specializing in e-commerce, retail, internet, and technology."
      }
    ]
  },
  {
    "id": "100018",
    "image": "downloaded_images/Personage/马云/image_20241108_095122_6.jpg",
    "conversations": [
      {
        "from": "human",
        "value": "<image>\nWhat is this individual's occupation?"
      },
      {
        "from": "gpt",
        "value": "Jack Ma is an entrepreneur, philanthropist, and former executive chairman of Alibaba Group, a multinational conglomerate specializing in e-commerce, retail, internet, and technology."
      }
    ]
  },
  {
    "id": "100019",
    "image": "downloaded_images/Personage/马云/image_20241107_163350_14.jpg",
    "conversations": [
      {
        "from": "human",
        "value": "<image>\nWhat is this individual's occupation?"
      },
      {
        "from": "gpt",
        "value": "Jack Ma is an entrepreneur, philanthropist, and former executive chairman of Alibaba Group, a multinational conglomerate specializing in e-commerce, retail, internet, and technology."
      }
    ]
  },
  {
    "id": "100020",
    "image": "downloaded_images/Personage/马云/image_20241107_163234_10.jpg",
    "conversations": [
      {
        "from": "human",
        "value": "<image>\nWhat is this individual's occupation?"
      },
      {
        "from": "gpt",
        "value": "Jack Ma is an entrepreneur, philanthropist, and former executive chairman of Alibaba Group, a multinational conglomerate specializing in e-commerce, retail, internet, and technology."
      }
    ]
  },
  {
    "id": "100021",
    "image": "downloaded_images/Personage/马云/image_20241018_164313_6.jpg",
    "conversations": [
      {
        "from": "human",
        "value": "<image>\nWhat is this individual's occupation?"
      },
      {
        "from": "gpt",
        "value": "Jack Ma is an entrepreneur, philanthropist, and former executive chairman of Alibaba Group, a multinational conglomerate specializing in e-commerce, retail, internet, and technology."
      }
    ]
  },
  {
    "id": "100022",
    "image": "downloaded_images/Personage/马云/image_20241107_163118_6.jpg",
    "conversations": [
      {
        "from": "human",
        "value": "<image>\nWhat are this person's notable works or achievements?"
      },
      {
        "from": "gpt",
        "value": "Jack Ma is best known for founding Alibaba Group in 1999, which has become one of the world's largest e-commerce platforms. He also played a significant role in the development of Alipay, a leading online payment platform. Under his leadership, Alibaba went public in 2014, raising a record $25 billion in its initial public offering (IPO)."
      }
    ]
  },
  {
    "id": "100023",
    "image": "downloaded_images/Personage/马云/image_20241018_164401_12.jpg",
    "conversations": [
      {
        "from": "human",
        "value": "<image>\nWhat are this person's notable works or achievements?"
      },
      {
        "from": "gpt",
        "value": "Jack Ma is best known for founding Alibaba Group in 1999, which has become one of the world's largest e-commerce platforms. He also played a significant role in the development of Alipay, a leading online payment platform. Under his leadership, Alibaba went public in 2014, raising a record $25 billion in its initial public offering (IPO)."
      }
    ]
  },
  {
    "id": "100024",
    "image": "downloaded_images/Personage/马云/image_20241108_095346_18.jpg",
    "conversations": [
      {
        "from": "human",
        "value": "<image>\nWhat are this person's notable works or achievements?"
      },
      {
        "from": "gpt",
        "value": "Jack Ma is best known for founding Alibaba Group in 1999, which has become one of the world's largest e-commerce platforms. He also played a significant role in the development of Alipay, a leading online payment platform. Under his leadership, Alibaba went public in 2014, raising a record $25 billion in its initial public offering (IPO)."
      }
    ]
  },
  {
    "id": "100025",
    "image": "downloaded_images/Personage/马云/image_20241107_163428_16.jpg",
    "conversations": [
      {
        "from": "human",
        "value": "<image>\nWhat are this person's notable works or achievements?"
      },
      {
        "from": "gpt",
        "value": "Jack Ma is best known for founding Alibaba Group in 1999, which has become one of the world's largest e-commerce platforms. He also played a significant role in the development of Alipay, a leading online payment platform. Under his leadership, Alibaba went public in 2014, raising a record $25 billion in its initial public offering (IPO)."
      }
    ]
  },
  {
    "id": "100026",
    "image": "downloaded_images/Personage/马云/image_20241107_163335_12.jpg",
    "conversations": [
      {
        "from": "human",
        "value": "<image>\nWhat are this person's notable works or achievements?"
      },
      {
        "from": "gpt",
        "value": "Jack Ma is best known for founding Alibaba Group in 1999, which has become one of the world's largest e-commerce platforms. He also played a significant role in the development of Alipay, a leading online payment platform. Under his leadership, Alibaba went public in 2014, raising a record $25 billion in its initial public offering (IPO)."
      }
    ]
  },
  {
    "id": "100027",
    "image": "downloaded_images/Personage/马云/image_20241107_163335_12.jpg",
    "conversations": [
      {
        "from": "human",
        "value": "<image>\nHow has this person contributed to society or their industry?"
      },
      {
        "from": "gpt",
        "value": "Jack Ma has made significant contributions to the growth of e-commerce and digital payments in China and globally, helping to transform the retail landscape. He has also been an advocate for small businesses, providing them with access to online markets. Additionally, through the Jack Ma Foundation, he has focused on education, entrepreneurship, and environmental sustainability, contributing to various philanthropic efforts in China and beyond."
      }
    ]
  },
  {
    "id": "100028",
    "image": "downloaded_images/Personage/马云/image_20241018_164239_2.jpg",
    "conversations": [
      {
        "from": "human",
        "value": "<image>\nHow has this person contributed to society or their industry?"
      },
      {
        "from": "gpt",
        "value": "Jack Ma has made significant contributions to the growth of e-commerce and digital payments in China and globally, helping to transform the retail landscape. He has also been an advocate for small businesses, providing them with access to online markets. Additionally, through the Jack Ma Foundation, he has focused on education, entrepreneurship, and environmental sustainability, contributing to various philanthropic efforts in China and beyond."
      }
    ]
  },
  {
    "id": "100029",
    "image": "downloaded_images/Personage/马云/image_20241108_095257_12.jpg",
    "conversations": [
      {
        "from": "human",
        "value": "<image>\nHow has this person contributed to society or their industry?"
      },
      {
        "from": "gpt",
        "value": "Jack Ma has made significant contributions to the growth of e-commerce and digital payments in China and globally, helping to transform the retail landscape. He has also been an advocate for small businesses, providing them with access to online markets. Additionally, through the Jack Ma Foundation, he has focused on education, entrepreneurship, and environmental sustainability, contributing to various philanthropic efforts in China and beyond."
      }
    ]
  },
  {
    "id": "100030",
    "image": "downloaded_images/Personage/马云/image_20241016_185319_10.jpg",
    "conversations": [
      {
        "from": "human",
        "value": "<image>\nHow has this person contributed to society or their industry?"
      },
      {
        "from": "gpt",
        "value": "Jack Ma has made significant contributions to the growth of e-commerce and digital payments in China and globally, helping to transform the retail landscape. He has also been an advocate for small businesses, providing them with access to online markets. Additionally, through the Jack Ma Foundation, he has focused on education, entrepreneurship, and environmental sustainability, contributing to various philanthropic efforts in China and beyond."
      }
    ]
  },
  {
    "id": "100031",
    "image": "downloaded_images/Personage/马云/image_20241108_095510_23.jpg",
    "conversations": [
      {
        "from": "human",
        "value": "<image>\nHow has this person contributed to society or their industry?"
      },
      {
        "from": "gpt",
        "value": "Jack Ma has made significant contributions to the growth of e-commerce and digital payments in China and globally, helping to transform the retail landscape. He has also been an advocate for small businesses, providing them with access to online markets. Additionally, through the Jack Ma Foundation, he has focused on education, entrepreneurship, and environmental sustainability, contributing to various philanthropic efforts in China and beyond."
      }
    ]
  },
  {
    "id": "200002",
    "image": "downloaded_images/Personage/马云/image_20241016_185302_8.jpg",
    "conversations": [
      {
        "from": "human",
        "value": "<image>\nHow is this person called?"
      },
      {
        "from": "gpt",
        "value": "马云 (Mǎ Yún), known as Jack Ma in English."
      }
    ]
  },
  {
    "id": "200003",
    "image": "downloaded_images/Personage/马云/image_20241016_185302_8.jpg",
    "conversations": [
      {
        "from": "human",
        "value": "<image>\nWhat is the birthdate and birthplace of this individual?"
      },
      {
        "from": "gpt",
        "value": "Jack Ma was born on September 10, 1964, in Hangzhou, Zhejiang Province, China."
      }
    ]
  },
  {
    "id": "200004",
    "image": "downloaded_images/Personage/马云/image_20241018_164408_13.jpg",
    "conversations": [
      {
        "from": "human",
        "value": "<image>\nWhat profession does this person hold?"
      },
      {
        "from": "gpt",
        "value": "Jack Ma is an entrepreneur, philanthropist, and former executive chairman of Alibaba Group, a multinational conglomerate specializing in e-commerce, retail, internet, and technology."
      }
    ]
  },
  {
    "id": "200005",
    "image": "downloaded_images/Personage/马云/image_20241018_164313_6.jpg",
    "conversations": [
      {
        "from": "human",
        "value": "<image>\nWhat are the key accomplishments of this individual?"
      },
      {
        "from": "gpt",
        "value": "Jack Ma is best known for founding Alibaba Group in 1999, which has become one of the world's largest e-commerce platforms. He also played a significant role in the development of Alipay, a leading online payment platform. Under his leadership, Alibaba went public in 2014, raising a record $25 billion in its initial public offering (IPO)."
      }
    ]
  },
  {
    "id": "200006",
    "image": "downloaded_images/Personage/马云/image_20241018_164424_15.jpg",
    "conversations": [
      {
        "from": "human",
        "value": "<image>\nWhat impact has this individual made in their field or community?"
      },
      {
        "from": "gpt",
        "value": "Jack Ma has made significant contributions to the growth of e-commerce and digital payments in China and globally, helping to transform the retail landscape. He has also been an advocate for small businesses, providing them with access to online markets. Additionally, through the Jack Ma Foundation, he has focused on education, entrepreneurship, and environmental sustainability, contributing to various philanthropic efforts in China and beyond."
      }
    ]
  },
  {
    "id": "200007",
    "image": "downloaded_images/Personage/马云/image_20241107_163536_17.jpg",
    "conversations": [
      {
        "from": "human",
        "value": "<image>\nHow is this person called?"
      },
      {
        "from": "gpt",
        "value": "马云 (Mǎ Yún), known as Jack Ma in English."
      }
    ]
  },
  {
    "id": "200008",
    "image": "downloaded_images/Personage/马云/image_20241018_164401_12.jpg",
    "conversations": [
      {
        "from": "human",
        "value": "<image>\nHow is this person called?"
      },
      {
        "from": "gpt",
        "value": "马云 (Mǎ Yún), known as Jack Ma in English."
      }
    ]
  },
  {
    "id": "200009",
    "image": "downloaded_images/Personage/马云/image_20241018_164621_22.jpg",
    "conversations": [
      {
        "from": "human",
        "value": "<image>\nHow is this person called?"
      },
      {
        "from": "gpt",
        "value": "马云 (Mǎ Yún), known as Jack Ma in English."
      }
    ]
  },
  {
    "id": "200010",
    "image": "downloaded_images/Personage/马云/image_20241018_164313_6.jpg",
    "conversations": [
      {
        "from": "human",
        "value": "<image>\nHow is this person called?"
      },
      {
        "from": "gpt",
        "value": "马云 (Mǎ Yún), known as Jack Ma in English."
      }
    ]
  },
  {
    "id": "200011",
    "image": "downloaded_images/Personage/马云/image_20241108_095338_17.jpg",
    "conversations": [
      {
        "from": "human",
        "value": "<image>\nHow is this person called?"
      },
      {
        "from": "gpt",
        "value": "马云 (Mǎ Yún), known as Jack Ma in English."
      }
    ]
  },
  {
    "id": "200012",
    "image": "downloaded_images/Personage/马云/image_20241107_163118_6.jpg",
    "conversations": [
      {
        "from": "human",
        "value": "<image>\nWhat is the birthdate and birthplace of this individual?"
      },
      {
        "from": "gpt",
        "value": "Jack Ma was born on September 10, 1964, in Hangzhou, Zhejiang Province, China."
      }
    ]
  },
  {
    "id": "200013",
    "image": "downloaded_images/Personage/马云/image_20241018_164313_6.jpg",
    "conversations": [
      {
        "from": "human",
        "value": "<image>\nWhat is the birthdate and birthplace of this individual?"
      },
      {
        "from": "gpt",
        "value": "Jack Ma was born on September 10, 1964, in Hangzhou, Zhejiang Province, China."
      }
    ]
  },
  {
    "id": "200014",
    "image": "downloaded_images/Personage/马云/image_20241108_095540_24.jpg",
    "conversations": [
      {
        "from": "human",
        "value": "<image>\nWhat is the birthdate and birthplace of this individual?"
      },
      {
        "from": "gpt",
        "value": "Jack Ma was born on September 10, 1964, in Hangzhou, Zhejiang Province, China."
      }
    ]
  },
  {
    "id": "200015",
    "image": "downloaded_images/Personage/马云/image_20241108_095227_11.jpg",
    "conversations": [
      {
        "from": "human",
        "value": "<image>\nWhat is the birthdate and birthplace of this individual?"
      },
      {
        "from": "gpt",
        "value": "Jack Ma was born on September 10, 1964, in Hangzhou, Zhejiang Province, China."
      }
    ]
  },
  {
    "id": "200016",
    "image": "downloaded_images/Personage/马云/image_20241107_163658_23.jpg",
    "conversations": [
      {
        "from": "human",
        "value": "<image>\nWhat is the birthdate and birthplace of this individual?"
      },
      {
        "from": "gpt",
        "value": "Jack Ma was born on September 10, 1964, in Hangzhou, Zhejiang Province, China."
      }
    ]
  },
  {
    "id": "200017",
    "image": "downloaded_images/Personage/马云/image_20241108_094927_1.jpg",
    "conversations": [
      {
        "from": "human",
        "value": "<image>\nWhat profession does this person hold?"
      },
      {
        "from": "gpt",
        "value": "Jack Ma is an entrepreneur, philanthropist, and former executive chairman of Alibaba Group, a multinational conglomerate specializing in e-commerce, retail, internet, and technology."
      }
    ]
  },
  {
    "id": "200018",
    "image": "downloaded_images/Personage/马云/image_20241108_095122_6.jpg",
    "conversations": [
      {
        "from": "human",
        "value": "<image>\nWhat profession does this person hold?"
      },
      {
        "from": "gpt",
        "value": "Jack Ma is an entrepreneur, philanthropist, and former executive chairman of Alibaba Group, a multinational conglomerate specializing in e-commerce, retail, internet, and technology."
      }
    ]
  },
  {
    "id": "200019",
    "image": "downloaded_images/Personage/马云/image_20241107_163350_14.jpg",
    "conversations": [
      {
        "from": "human",
        "value": "<image>\nWhat profession does this person hold?"
      },
      {
        "from": "gpt",
        "value": "Jack Ma is an entrepreneur, philanthropist, and former executive chairman of Alibaba Group, a multinational conglomerate specializing in e-commerce, retail, internet, and technology."
      }
    ]
  },
  {
    "id": "200020",
    "image": "downloaded_images/Personage/马云/image_20241107_163234_10.jpg",
    "conversations": [
      {
        "from": "human",
        "value": "<image>\nWhat profession does this person hold?"
      },
      {
        "from": "gpt",
        "value": "Jack Ma is an entrepreneur, philanthropist, and former executive chairman of Alibaba Group, a multinational conglomerate specializing in e-commerce, retail, internet, and technology."
      }
    ]
  },
  {
    "id": "200021",
    "image": "downloaded_images/Personage/马云/image_20241018_164313_6.jpg",
    "conversations": [
      {
        "from": "human",
        "value": "<image>\nWhat profession does this person hold?"
      },
      {
        "from": "gpt",
        "value": "Jack Ma is an entrepreneur, philanthropist, and former executive chairman of Alibaba Group, a multinational conglomerate specializing in e-commerce, retail, internet, and technology."
      }
    ]
  },
  {
    "id": "200022",
    "image": "downloaded_images/Personage/马云/image_20241107_163118_6.jpg",
    "conversations": [
      {
        "from": "human",
        "value": "<image>\nWhat are the key accomplishments of this individual?"
      },
      {
        "from": "gpt",
        "value": "Jack Ma is best known for founding Alibaba Group in 1999, which has become one of the world's largest e-commerce platforms. He also played a significant role in the development of Alipay, a leading online payment platform. Under his leadership, Alibaba went public in 2014, raising a record $25 billion in its initial public offering (IPO)."
      }
    ]
  },
  {
    "id": "200023",
    "image": "downloaded_images/Personage/马云/image_20241018_164401_12.jpg",
    "conversations": [
      {
        "from": "human",
        "value": "<image>\nWhat are the key accomplishments of this individual?"
      },
      {
        "from": "gpt",
        "value": "Jack Ma is best known for founding Alibaba Group in 1999, which has become one of the world's largest e-commerce platforms. He also played a significant role in the development of Alipay, a leading online payment platform. Under his leadership, Alibaba went public in 2014, raising a record $25 billion in its initial public offering (IPO)."
      }
    ]
  },
  {
    "id": "200024",
    "image": "downloaded_images/Personage/马云/image_20241108_095346_18.jpg",
    "conversations": [
      {
        "from": "human",
        "value": "<image>\nWhat are the key accomplishments of this individual?"
      },
      {
        "from": "gpt",
        "value": "Jack Ma is best known for founding Alibaba Group in 1999, which has become one of the world's largest e-commerce platforms. He also played a significant role in the development of Alipay, a leading online payment platform. Under his leadership, Alibaba went public in 2014, raising a record $25 billion in its initial public offering (IPO)."
      }
    ]
  },
  {
    "id": "200025",
    "image": "downloaded_images/Personage/马云/image_20241107_163428_16.jpg",
    "conversations": [
      {
        "from": "human",
        "value": "<image>\nWhat are the key accomplishments of this individual?"
      },
      {
        "from": "gpt",
        "value": "Jack Ma is best known for founding Alibaba Group in 1999, which has become one of the world's largest e-commerce platforms. He also played a significant role in the development of Alipay, a leading online payment platform. Under his leadership, Alibaba went public in 2014, raising a record $25 billion in its initial public offering (IPO)."
      }
    ]
  },
  {
    "id": "200026",
    "image": "downloaded_images/Personage/马云/image_20241107_163335_12.jpg",
    "conversations": [
      {
        "from": "human",
        "value": "<image>\nWhat are the key accomplishments of this individual?"
      },
      {
        "from": "gpt",
        "value": "Jack Ma is best known for founding Alibaba Group in 1999, which has become one of the world's largest e-commerce platforms. He also played a significant role in the development of Alipay, a leading online payment platform. Under his leadership, Alibaba went public in 2014, raising a record $25 billion in its initial public offering (IPO)."
      }
    ]
  },
  {
    "id": "200027",
    "image": "downloaded_images/Personage/马云/image_20241107_163335_12.jpg",
    "conversations": [
      {
        "from": "human",
        "value": "<image>\nWhat impact has this individual made in their field or community?"
      },
      {
        "from": "gpt",
        "value": "Jack Ma has made significant contributions to the growth of e-commerce and digital payments in China and globally, helping to transform the retail landscape. He has also been an advocate for small businesses, providing them with access to online markets. Additionally, through the Jack Ma Foundation, he has focused on education, entrepreneurship, and environmental sustainability, contributing to various philanthropic efforts in China and beyond."
      }
    ]
  },
  {
    "id": "200028",
    "image": "downloaded_images/Personage/马云/image_20241018_164239_2.jpg",
    "conversations": [
      {
        "from": "human",
        "value": "<image>\nWhat impact has this individual made in their field or community?"
      },
      {
        "from": "gpt",
        "value": "Jack Ma has made significant contributions to the growth of e-commerce and digital payments in China and globally, helping to transform the retail landscape. He has also been an advocate for small businesses, providing them with access to online markets. Additionally, through the Jack Ma Foundation, he has focused on education, entrepreneurship, and environmental sustainability, contributing to various philanthropic efforts in China and beyond."
      }
    ]
  },
  {
    "id": "200029",
    "image": "downloaded_images/Personage/马云/image_20241108_095257_12.jpg",
    "conversations": [
      {
        "from": "human",
        "value": "<image>\nWhat impact has this individual made in their field or community?"
      },
      {
        "from": "gpt",
        "value": "Jack Ma has made significant contributions to the growth of e-commerce and digital payments in China and globally, helping to transform the retail landscape. He has also been an advocate for small businesses, providing them with access to online markets. Additionally, through the Jack Ma Foundation, he has focused on education, entrepreneurship, and environmental sustainability, contributing to various philanthropic efforts in China and beyond."
      }
    ]
  },
  {
    "id": "200030",
    "image": "downloaded_images/Personage/马云/image_20241016_185319_10.jpg",
    "conversations": [
      {
        "from": "human",
        "value": "<image>\nWhat impact has this individual made in their field or community?"
      },
      {
        "from": "gpt",
        "value": "Jack Ma has made significant contributions to the growth of e-commerce and digital payments in China and globally, helping to transform the retail landscape. He has also been an advocate for small businesses, providing them with access to online markets. Additionally, through the Jack Ma Foundation, he has focused on education, entrepreneurship, and environmental sustainability, contributing to various philanthropic efforts in China and beyond."
      }
    ]
  },
  {
    "id": "200031",
    "image": "downloaded_images/Personage/马云/image_20241108_095510_23.jpg",
    "conversations": [
      {
        "from": "human",
        "value": "<image>\nWhat impact has this individual made in their field or community?"
      },
      {
        "from": "gpt",
        "value": "Jack Ma has made significant contributions to the growth of e-commerce and digital payments in China and globally, helping to transform the retail landscape. He has also been an advocate for small businesses, providing them with access to online markets. Additionally, through the Jack Ma Foundation, he has focused on education, entrepreneurship, and environmental sustainability, contributing to various philanthropic efforts in China and beyond."
      }
    ]
  },
  {
    "id": "300002",
    "image": "downloaded_images/Personage/马云/image_20241016_185302_8.jpg",
    "conversations": [
      {
        "from": "human",
        "value": "<image>\nHow is this person referred to?"
      },
      {
        "from": "gpt",
        "value": "马云 (Mǎ Yún), known as Jack Ma in English."
      }
    ]
  },
  {
    "id": "300003",
    "image": "downloaded_images/Personage/马云/image_20241016_185302_8.jpg",
    "conversations": [
      {
        "from": "human",
        "value": "<image>\nWhere and when did this person enter the world?"
      },
      {
        "from": "gpt",
        "value": "Jack Ma was born on September 10, 1964, in Hangzhou, Zhejiang Province, China."
      }
    ]
  },
  {
    "id": "300004",
    "image": "downloaded_images/Personage/马云/image_20241018_164408_13.jpg",
    "conversations": [
      {
        "from": "human",
        "value": "<image>\nWhat job does this person do?"
      },
      {
        "from": "gpt",
        "value": "Jack Ma is an entrepreneur, philanthropist, and former executive chairman of Alibaba Group, a multinational conglomerate specializing in e-commerce, retail, internet, and technology."
      }
    ]
  },
  {
    "id": "300005",
    "image": "downloaded_images/Personage/马云/image_20241018_164313_6.jpg",
    "conversations": [
      {
        "from": "human",
        "value": "<image>\nWhat famous contributions has this person made?"
      },
      {
        "from": "gpt",
        "value": "Jack Ma is best known for founding Alibaba Group in 1999, which has become one of the world's largest e-commerce platforms. He also played a significant role in the development of Alipay, a leading online payment platform. Under his leadership, Alibaba went public in 2014, raising a record $25 billion in its initial public offering (IPO)."
      }
    ]
  },
  {
    "id": "300006",
    "image": "downloaded_images/Personage/马云/image_20241018_164424_15.jpg",
    "conversations": [
      {
        "from": "human",
        "value": "<image>\nWhat contributions has this person offered to society or their profession?"
      },
      {
        "from": "gpt",
        "value": "Jack Ma has made significant contributions to the growth of e-commerce and digital payments in China and globally, helping to transform the retail landscape. He has also been an advocate for small businesses, providing them with access to online markets. Additionally, through the Jack Ma Foundation, he has focused on education, entrepreneurship, and environmental sustainability, contributing to various philanthropic efforts in China and beyond."
      }
    ]
  },
  {
    "id": "300007",
    "image": "downloaded_images/Personage/马云/image_20241107_163536_17.jpg",
    "conversations": [
      {
        "from": "human",
        "value": "<image>\nHow is this person referred to?"
      },
      {
        "from": "gpt",
        "value": "马云 (Mǎ Yún), known as Jack Ma in English."
      }
    ]
  },
  {
    "id": "300008",
    "image": "downloaded_images/Personage/马云/image_20241018_164401_12.jpg",
    "conversations": [
      {
        "from": "human",
        "value": "<image>\nHow is this person referred to?"
      },
      {
        "from": "gpt",
        "value": "马云 (Mǎ Yún), known as Jack Ma in English."
      }
    ]
  },
  {
    "id": "300009",
    "image": "downloaded_images/Personage/马云/image_20241018_164621_22.jpg",
    "conversations": [
      {
        "from": "human",
        "value": "<image>\nHow is this person referred to?"
      },
      {
        "from": "gpt",
        "value": "马云 (Mǎ Yún), known as Jack Ma in English."
      }
    ]
  },
  {
    "id": "300010",
    "image": "downloaded_images/Personage/马云/image_20241018_164313_6.jpg",
    "conversations": [
      {
        "from": "human",
        "value": "<image>\nHow is this person referred to?"
      },
      {
        "from": "gpt",
        "value": "马云 (Mǎ Yún), known as Jack Ma in English."
      }
    ]
  },
  {
    "id": "300011",
    "image": "downloaded_images/Personage/马云/image_20241108_095338_17.jpg",
    "conversations": [
      {
        "from": "human",
        "value": "<image>\nHow is this person referred to?"
      },
      {
        "from": "gpt",
        "value": "马云 (Mǎ Yún), known as Jack Ma in English."
      }
    ]
  },
  {
    "id": "300012",
    "image": "downloaded_images/Personage/马云/image_20241107_163118_6.jpg",
    "conversations": [
      {
        "from": "human",
        "value": "<image>\nWhere and when did this person enter the world?"
      },
      {
        "from": "gpt",
        "value": "Jack Ma was born on September 10, 1964, in Hangzhou, Zhejiang Province, China."
      }
    ]
  },
  {
    "id": "300013",
    "image": "downloaded_images/Personage/马云/image_20241018_164313_6.jpg",
    "conversations": [
      {
        "from": "human",
        "value": "<image>\nWhere and when did this person enter the world?"
      },
      {
        "from": "gpt",
        "value": "Jack Ma was born on September 10, 1964, in Hangzhou, Zhejiang Province, China."
      }
    ]
  },
  {
    "id": "300014",
    "image": "downloaded_images/Personage/马云/image_20241108_095540_24.jpg",
    "conversations": [
      {
        "from": "human",
        "value": "<image>\nWhere and when did this person enter the world?"
      },
      {
        "from": "gpt",
        "value": "Jack Ma was born on September 10, 1964, in Hangzhou, Zhejiang Province, China."
      }
    ]
  },
  {
    "id": "300015",
    "image": "downloaded_images/Personage/马云/image_20241108_095227_11.jpg",
    "conversations": [
      {
        "from": "human",
        "value": "<image>\nWhere and when did this person enter the world?"
      },
      {
        "from": "gpt",
        "value": "Jack Ma was born on September 10, 1964, in Hangzhou, Zhejiang Province, China."
      }
    ]
  },
  {
    "id": "300016",
    "image": "downloaded_images/Personage/马云/image_20241107_163658_23.jpg",
    "conversations": [
      {
        "from": "human",
        "value": "<image>\nWhere and when did this person enter the world?"
      },
      {
        "from": "gpt",
        "value": "Jack Ma was born on September 10, 1964, in Hangzhou, Zhejiang Province, China."
      }
    ]
  },
  {
    "id": "300017",
    "image": "downloaded_images/Personage/马云/image_20241108_094927_1.jpg",
    "conversations": [
      {
        "from": "human",
        "value": "<image>\nWhat job does this person do?"
      },
      {
        "from": "gpt",
        "value": "Jack Ma is an entrepreneur, philanthropist, and former executive chairman of Alibaba Group, a multinational conglomerate specializing in e-commerce, retail, internet, and technology."
      }
    ]
  },
  {
    "id": "300018",
    "image": "downloaded_images/Personage/马云/image_20241108_095122_6.jpg",
    "conversations": [
      {
        "from": "human",
        "value": "<image>\nWhat job does this person do?"
      },
      {
        "from": "gpt",
        "value": "Jack Ma is an entrepreneur, philanthropist, and former executive chairman of Alibaba Group, a multinational conglomerate specializing in e-commerce, retail, internet, and technology."
      }
    ]
  },
  {
    "id": "300019",
    "image": "downloaded_images/Personage/马云/image_20241107_163350_14.jpg",
    "conversations": [
      {
        "from": "human",
        "value": "<image>\nWhat job does this person do?"
      },
      {
        "from": "gpt",
        "value": "Jack Ma is an entrepreneur, philanthropist, and former executive chairman of Alibaba Group, a multinational conglomerate specializing in e-commerce, retail, internet, and technology."
      }
    ]
  },
  {
    "id": "300020",
    "image": "downloaded_images/Personage/马云/image_20241107_163234_10.jpg",
    "conversations": [
      {
        "from": "human",
        "value": "<image>\nWhat job does this person do?"
      },
      {
        "from": "gpt",
        "value": "Jack Ma is an entrepreneur, philanthropist, and former executive chairman of Alibaba Group, a multinational conglomerate specializing in e-commerce, retail, internet, and technology."
      }
    ]
  },
  {
    "id": "300021",
    "image": "downloaded_images/Personage/马云/image_20241018_164313_6.jpg",
    "conversations": [
      {
        "from": "human",
        "value": "<image>\nWhat job does this person do?"
      },
      {
        "from": "gpt",
        "value": "Jack Ma is an entrepreneur, philanthropist, and former executive chairman of Alibaba Group, a multinational conglomerate specializing in e-commerce, retail, internet, and technology."
      }
    ]
  },
  {
    "id": "300022",
    "image": "downloaded_images/Personage/马云/image_20241107_163118_6.jpg",
    "conversations": [
      {
        "from": "human",
        "value": "<image>\nWhat famous contributions has this person made?"
      },
      {
        "from": "gpt",
        "value": "Jack Ma is best known for founding Alibaba Group in 1999, which has become one of the world's largest e-commerce platforms. He also played a significant role in the development of Alipay, a leading online payment platform. Under his leadership, Alibaba went public in 2014, raising a record $25 billion in its initial public offering (IPO)."
      }
    ]
  },
  {
    "id": "300023",
    "image": "downloaded_images/Personage/马云/image_20241018_164401_12.jpg",
    "conversations": [
      {
        "from": "human",
        "value": "<image>\nWhat famous contributions has this person made?"
      },
      {
        "from": "gpt",
        "value": "Jack Ma is best known for founding Alibaba Group in 1999, which has become one of the world's largest e-commerce platforms. He also played a significant role in the development of Alipay, a leading online payment platform. Under his leadership, Alibaba went public in 2014, raising a record $25 billion in its initial public offering (IPO)."
      }
    ]
  },
  {
    "id": "300024",
    "image": "downloaded_images/Personage/马云/image_20241108_095346_18.jpg",
    "conversations": [
      {
        "from": "human",
        "value": "<image>\nWhat famous contributions has this person made?"
      },
      {
        "from": "gpt",
        "value": "Jack Ma is best known for founding Alibaba Group in 1999, which has become one of the world's largest e-commerce platforms. He also played a significant role in the development of Alipay, a leading online payment platform. Under his leadership, Alibaba went public in 2014, raising a record $25 billion in its initial public offering (IPO)."
      }
    ]
  },
  {
    "id": "300025",
    "image": "downloaded_images/Personage/马云/image_20241107_163428_16.jpg",
    "conversations": [
      {
        "from": "human",
        "value": "<image>\nWhat famous contributions has this person made?"
      },
      {
        "from": "gpt",
        "value": "Jack Ma is best known for founding Alibaba Group in 1999, which has become one of the world's largest e-commerce platforms. He also played a significant role in the development of Alipay, a leading online payment platform. Under his leadership, Alibaba went public in 2014, raising a record $25 billion in its initial public offering (IPO)."
      }
    ]
  },
  {
    "id": "300026",
    "image": "downloaded_images/Personage/马云/image_20241107_163335_12.jpg",
    "conversations": [
      {
        "from": "human",
        "value": "<image>\nWhat famous contributions has this person made?"
      },
      {
        "from": "gpt",
        "value": "Jack Ma is best known for founding Alibaba Group in 1999, which has become one of the world's largest e-commerce platforms. He also played a significant role in the development of Alipay, a leading online payment platform. Under his leadership, Alibaba went public in 2014, raising a record $25 billion in its initial public offering (IPO)."
      }
    ]
  },
  {
    "id": "300027",
    "image": "downloaded_images/Personage/马云/image_20241107_163335_12.jpg",
    "conversations": [
      {
        "from": "human",
        "value": "<image>\nWhat contributions has this person offered to society or their profession?"
      },
      {
        "from": "gpt",
        "value": "Jack Ma has made significant contributions to the growth of e-commerce and digital payments in China and globally, helping to transform the retail landscape. He has also been an advocate for small businesses, providing them with access to online markets. Additionally, through the Jack Ma Foundation, he has focused on education, entrepreneurship, and environmental sustainability, contributing to various philanthropic efforts in China and beyond."
      }
    ]
  },
  {
    "id": "300028",
    "image": "downloaded_images/Personage/马云/image_20241018_164239_2.jpg",
    "conversations": [
      {
        "from": "human",
        "value": "<image>\nWhat contributions has this person offered to society or their profession?"
      },
      {
        "from": "gpt",
        "value": "Jack Ma has made significant contributions to the growth of e-commerce and digital payments in China and globally, helping to transform the retail landscape. He has also been an advocate for small businesses, providing them with access to online markets. Additionally, through the Jack Ma Foundation, he has focused on education, entrepreneurship, and environmental sustainability, contributing to various philanthropic efforts in China and beyond."
      }
    ]
  },
  {
    "id": "300029",
    "image": "downloaded_images/Personage/马云/image_20241108_095257_12.jpg",
    "conversations": [
      {
        "from": "human",
        "value": "<image>\nWhat contributions has this person offered to society or their profession?"
      },
      {
        "from": "gpt",
        "value": "Jack Ma has made significant contributions to the growth of e-commerce and digital payments in China and globally, helping to transform the retail landscape. He has also been an advocate for small businesses, providing them with access to online markets. Additionally, through the Jack Ma Foundation, he has focused on education, entrepreneurship, and environmental sustainability, contributing to various philanthropic efforts in China and beyond."
      }
    ]
  },
  {
    "id": "300030",
    "image": "downloaded_images/Personage/马云/image_20241016_185319_10.jpg",
    "conversations": [
      {
        "from": "human",
        "value": "<image>\nWhat contributions has this person offered to society or their profession?"
      },
      {
        "from": "gpt",
        "value": "Jack Ma has made significant contributions to the growth of e-commerce and digital payments in China and globally, helping to transform the retail landscape. He has also been an advocate for small businesses, providing them with access to online markets. Additionally, through the Jack Ma Foundation, he has focused on education, entrepreneurship, and environmental sustainability, contributing to various philanthropic efforts in China and beyond."
      }
    ]
  },
  {
    "id": "300031",
    "image": "downloaded_images/Personage/马云/image_20241108_095510_23.jpg",
    "conversations": [
      {
        "from": "human",
        "value": "<image>\nWhat contributions has this person offered to society or their profession?"
      },
      {
        "from": "gpt",
        "value": "Jack Ma has made significant contributions to the growth of e-commerce and digital payments in China and globally, helping to transform the retail landscape. He has also been an advocate for small businesses, providing them with access to online markets. Additionally, through the Jack Ma Foundation, he has focused on education, entrepreneurship, and environmental sustainability, contributing to various philanthropic efforts in China and beyond."
      }
    ]
  },
  {
    "id": "400002",
    "image": "downloaded_images/Personage/马云/image_20241016_185302_8.jpg",
    "conversations": [
      {
        "from": "human",
        "value": "<image>\nWhat do people call this individual?"
      },
      {
        "from": "gpt",
        "value": "马云 (Mǎ Yún), known as Jack Ma in English."
      }
    ]
  },
  {
    "id": "400003",
    "image": "downloaded_images/Personage/马云/image_20241016_185302_8.jpg",
    "conversations": [
      {
        "from": "human",
        "value": "<image>\nCan you tell me the date and place of this person's birth?"
      },
      {
        "from": "gpt",
        "value": "Jack Ma was born on September 10, 1964, in Hangzhou, Zhejiang Province, China."
      }
    ]
  },
  {
    "id": "400004",
    "image": "downloaded_images/Personage/马云/image_20241018_164408_13.jpg",
    "conversations": [
      {
        "from": "human",
        "value": "<image>\nWhat line of work is this individual in?"
      },
      {
        "from": "gpt",
        "value": "Jack Ma is an entrepreneur, philanthropist, and former executive chairman of Alibaba Group, a multinational conglomerate specializing in e-commerce, retail, internet, and technology."
      }
    ]
  },
  {
    "id": "400005",
    "image": "downloaded_images/Personage/马云/image_20241018_164313_6.jpg",
    "conversations": [
      {
        "from": "human",
        "value": "<image>\nCan you list some of this person's significant works?"
      },
      {
        "from": "gpt",
        "value": "Jack Ma is best known for founding Alibaba Group in 1999, which has become one of the world's largest e-commerce platforms. He also played a significant role in the development of Alipay, a leading online payment platform. Under his leadership, Alibaba went public in 2014, raising a record $25 billion in its initial public offering (IPO)."
      }
    ]
  },
  {
    "id": "400006",
    "image": "downloaded_images/Personage/马云/image_20241018_164424_15.jpg",
    "conversations": [
      {
        "from": "human",
        "value": "<image>\nIn what ways has this individual influenced their industry or society?"
      },
      {
        "from": "gpt",
        "value": "Jack Ma has made significant contributions to the growth of e-commerce and digital payments in China and globally, helping to transform the retail landscape. He has also been an advocate for small businesses, providing them with access to online markets. Additionally, through the Jack Ma Foundation, he has focused on education, entrepreneurship, and environmental sustainability, contributing to various philanthropic efforts in China and beyond."
      }
    ]
  },
  {
    "id": "400007",
    "image": "downloaded_images/Personage/马云/image_20241107_163536_17.jpg",
    "conversations": [
      {
        "from": "human",
        "value": "<image>\nWhat do people call this individual?"
      },
      {
        "from": "gpt",
        "value": "马云 (Mǎ Yún), known as Jack Ma in English."
      }
    ]
  },
  {
    "id": "400008",
    "image": "downloaded_images/Personage/马云/image_20241018_164401_12.jpg",
    "conversations": [
      {
        "from": "human",
        "value": "<image>\nWhat do people call this individual?"
      },
      {
        "from": "gpt",
        "value": "马云 (Mǎ Yún), known as Jack Ma in English."
      }
    ]
  },
  {
    "id": "400009",
    "image": "downloaded_images/Personage/马云/image_20241018_164621_22.jpg",
    "conversations": [
      {
        "from": "human",
        "value": "<image>\nWhat do people call this individual?"
      },
      {
        "from": "gpt",
        "value": "马云 (Mǎ Yún), known as Jack Ma in English."
      }
    ]
  },
  {
    "id": "400010",
    "image": "downloaded_images/Personage/马云/image_20241018_164313_6.jpg",
    "conversations": [
      {
        "from": "human",
        "value": "<image>\nWhat do people call this individual?"
      },
      {
        "from": "gpt",
        "value": "马云 (Mǎ Yún), known as Jack Ma in English."
      }
    ]
  },
  {
    "id": "400011",
    "image": "downloaded_images/Personage/马云/image_20241108_095338_17.jpg",
    "conversations": [
      {
        "from": "human",
        "value": "<image>\nWhat do people call this individual?"
      },
      {
        "from": "gpt",
        "value": "马云 (Mǎ Yún), known as Jack Ma in English."
      }
    ]
  },
  {
    "id": "400012",
    "image": "downloaded_images/Personage/马云/image_20241107_163118_6.jpg",
    "conversations": [
      {
        "from": "human",
        "value": "<image>\nCan you tell me the date and place of this person's birth?"
      },
      {
        "from": "gpt",
        "value": "Jack Ma was born on September 10, 1964, in Hangzhou, Zhejiang Province, China."
      }
    ]
  },
  {
    "id": "400013",
    "image": "downloaded_images/Personage/马云/image_20241018_164313_6.jpg",
    "conversations": [
      {
        "from": "human",
        "value": "<image>\nCan you tell me the date and place of this person's birth?"
      },
      {
        "from": "gpt",
        "value": "Jack Ma was born on September 10, 1964, in Hangzhou, Zhejiang Province, China."
      }
    ]
  },
  {
    "id": "400014",
    "image": "downloaded_images/Personage/马云/image_20241108_095540_24.jpg",
    "conversations": [
      {
        "from": "human",
        "value": "<image>\nCan you tell me the date and place of this person's birth?"
      },
      {
        "from": "gpt",
        "value": "Jack Ma was born on September 10, 1964, in Hangzhou, Zhejiang Province, China."
      }
    ]
  },
  {
    "id": "400015",
    "image": "downloaded_images/Personage/马云/image_20241108_095227_11.jpg",
    "conversations": [
      {
        "from": "human",
        "value": "<image>\nCan you tell me the date and place of this person's birth?"
      },
      {
        "from": "gpt",
        "value": "Jack Ma was born on September 10, 1964, in Hangzhou, Zhejiang Province, China."
      }
    ]
  },
  {
    "id": "400016",
    "image": "downloaded_images/Personage/马云/image_20241107_163658_23.jpg",
    "conversations": [
      {
        "from": "human",
        "value": "<image>\nCan you tell me the date and place of this person's birth?"
      },
      {
        "from": "gpt",
        "value": "Jack Ma was born on September 10, 1964, in Hangzhou, Zhejiang Province, China."
      }
    ]
  },
  {
    "id": "400017",
    "image": "downloaded_images/Personage/马云/image_20241108_094927_1.jpg",
    "conversations": [
      {
        "from": "human",
        "value": "<image>\nWhat line of work is this individual in?"
      },
      {
        "from": "gpt",
        "value": "Jack Ma is an entrepreneur, philanthropist, and former executive chairman of Alibaba Group, a multinational conglomerate specializing in e-commerce, retail, internet, and technology."
      }
    ]
  },
  {
    "id": "400018",
    "image": "downloaded_images/Personage/马云/image_20241108_095122_6.jpg",
    "conversations": [
      {
        "from": "human",
        "value": "<image>\nWhat line of work is this individual in?"
      },
      {
        "from": "gpt",
        "value": "Jack Ma is an entrepreneur, philanthropist, and former executive chairman of Alibaba Group, a multinational conglomerate specializing in e-commerce, retail, internet, and technology."
      }
    ]
  },
  {
    "id": "400019",
    "image": "downloaded_images/Personage/马云/image_20241107_163350_14.jpg",
    "conversations": [
      {
        "from": "human",
        "value": "<image>\nWhat line of work is this individual in?"
      },
      {
        "from": "gpt",
        "value": "Jack Ma is an entrepreneur, philanthropist, and former executive chairman of Alibaba Group, a multinational conglomerate specializing in e-commerce, retail, internet, and technology."
      }
    ]
  },
  {
    "id": "400020",
    "image": "downloaded_images/Personage/马云/image_20241107_163234_10.jpg",
    "conversations": [
      {
        "from": "human",
        "value": "<image>\nWhat line of work is this individual in?"
      },
      {
        "from": "gpt",
        "value": "Jack Ma is an entrepreneur, philanthropist, and former executive chairman of Alibaba Group, a multinational conglomerate specializing in e-commerce, retail, internet, and technology."
      }
    ]
  },
  {
    "id": "400021",
    "image": "downloaded_images/Personage/马云/image_20241018_164313_6.jpg",
    "conversations": [
      {
        "from": "human",
        "value": "<image>\nWhat line of work is this individual in?"
      },
      {
        "from": "gpt",
        "value": "Jack Ma is an entrepreneur, philanthropist, and former executive chairman of Alibaba Group, a multinational conglomerate specializing in e-commerce, retail, internet, and technology."
      }
    ]
  },
  {
    "id": "400022",
    "image": "downloaded_images/Personage/马云/image_20241107_163118_6.jpg",
    "conversations": [
      {
        "from": "human",
        "value": "<image>\nCan you list some of this person's significant works?"
      },
      {
        "from": "gpt",
        "value": "Jack Ma is best known for founding Alibaba Group in 1999, which has become one of the world's largest e-commerce platforms. He also played a significant role in the development of Alipay, a leading online payment platform. Under his leadership, Alibaba went public in 2014, raising a record $25 billion in its initial public offering (IPO)."
      }
    ]
  },
  {
    "id": "400023",
    "image": "downloaded_images/Personage/马云/image_20241018_164401_12.jpg",
    "conversations": [
      {
        "from": "human",
        "value": "<image>\nCan you list some of this person's significant works?"
      },
      {
        "from": "gpt",
        "value": "Jack Ma is best known for founding Alibaba Group in 1999, which has become one of the world's largest e-commerce platforms. He also played a significant role in the development of Alipay, a leading online payment platform. Under his leadership, Alibaba went public in 2014, raising a record $25 billion in its initial public offering (IPO)."
      }
    ]
  },
  {
    "id": "400024",
    "image": "downloaded_images/Personage/马云/image_20241108_095346_18.jpg",
    "conversations": [
      {
        "from": "human",
        "value": "<image>\nCan you list some of this person's significant works?"
      },
      {
        "from": "gpt",
        "value": "Jack Ma is best known for founding Alibaba Group in 1999, which has become one of the world's largest e-commerce platforms. He also played a significant role in the development of Alipay, a leading online payment platform. Under his leadership, Alibaba went public in 2014, raising a record $25 billion in its initial public offering (IPO)."
      }
    ]
  },
  {
    "id": "400025",
    "image": "downloaded_images/Personage/马云/image_20241107_163428_16.jpg",
    "conversations": [
      {
        "from": "human",
        "value": "<image>\nCan you list some of this person's significant works?"
      },
      {
        "from": "gpt",
        "value": "Jack Ma is best known for founding Alibaba Group in 1999, which has become one of the world's largest e-commerce platforms. He also played a significant role in the development of Alipay, a leading online payment platform. Under his leadership, Alibaba went public in 2014, raising a record $25 billion in its initial public offering (IPO)."
      }
    ]
  },
  {
    "id": "400026",
    "image": "downloaded_images/Personage/马云/image_20241107_163335_12.jpg",
    "conversations": [
      {
        "from": "human",
        "value": "<image>\nCan you list some of this person's significant works?"
      },
      {
        "from": "gpt",
        "value": "Jack Ma is best known for founding Alibaba Group in 1999, which has become one of the world's largest e-commerce platforms. He also played a significant role in the development of Alipay, a leading online payment platform. Under his leadership, Alibaba went public in 2014, raising a record $25 billion in its initial public offering (IPO)."
      }
    ]
  },
  {
    "id": "400027",
    "image": "downloaded_images/Personage/马云/image_20241107_163335_12.jpg",
    "conversations": [
      {
        "from": "human",
        "value": "<image>\nIn what ways has this individual influenced their industry or society?"
      },
      {
        "from": "gpt",
        "value": "Jack Ma has made significant contributions to the growth of e-commerce and digital payments in China and globally, helping to transform the retail landscape. He has also been an advocate for small businesses, providing them with access to online markets. Additionally, through the Jack Ma Foundation, he has focused on education, entrepreneurship, and environmental sustainability, contributing to various philanthropic efforts in China and beyond."
      }
    ]
  },
  {
    "id": "400028",
    "image": "downloaded_images/Personage/马云/image_20241018_164239_2.jpg",
    "conversations": [
      {
        "from": "human",
        "value": "<image>\nIn what ways has this individual influenced their industry or society?"
      },
      {
        "from": "gpt",
        "value": "Jack Ma has made significant contributions to the growth of e-commerce and digital payments in China and globally, helping to transform the retail landscape. He has also been an advocate for small businesses, providing them with access to online markets. Additionally, through the Jack Ma Foundation, he has focused on education, entrepreneurship, and environmental sustainability, contributing to various philanthropic efforts in China and beyond."
      }
    ]
  },
  {
    "id": "400029",
    "image": "downloaded_images/Personage/马云/image_20241108_095257_12.jpg",
    "conversations": [
      {
        "from": "human",
        "value": "<image>\nIn what ways has this individual influenced their industry or society?"
      },
      {
        "from": "gpt",
        "value": "Jack Ma has made significant contributions to the growth of e-commerce and digital payments in China and globally, helping to transform the retail landscape. He has also been an advocate for small businesses, providing them with access to online markets. Additionally, through the Jack Ma Foundation, he has focused on education, entrepreneurship, and environmental sustainability, contributing to various philanthropic efforts in China and beyond."
      }
    ]
  },
  {
    "id": "400030",
    "image": "downloaded_images/Personage/马云/image_20241016_185319_10.jpg",
    "conversations": [
      {
        "from": "human",
        "value": "<image>\nIn what ways has this individual influenced their industry or society?"
      },
      {
        "from": "gpt",
        "value": "Jack Ma has made significant contributions to the growth of e-commerce and digital payments in China and globally, helping to transform the retail landscape. He has also been an advocate for small businesses, providing them with access to online markets. Additionally, through the Jack Ma Foundation, he has focused on education, entrepreneurship, and environmental sustainability, contributing to various philanthropic efforts in China and beyond."
      }
    ]
  },
  {
    "id": "400031",
    "image": "downloaded_images/Personage/马云/image_20241108_095510_23.jpg",
    "conversations": [
      {
        "from": "human",
        "value": "<image>\nIn what ways has this individual influenced their industry or society?"
      },
      {
        "from": "gpt",
        "value": "Jack Ma has made significant contributions to the growth of e-commerce and digital payments in China and globally, helping to transform the retail landscape. He has also been an advocate for small businesses, providing them with access to online markets. Additionally, through the Jack Ma Foundation, he has focused on education, entrepreneurship, and environmental sustainability, contributing to various philanthropic efforts in China and beyond."
      }
    ]
  }
]