[
  {
    "id": "80",
    "image": "downloaded_images/Personage/Lady_Gaga/image_20241018_161728_3.jpg",
    "conversations": [
      {
        "from": "human",
        "value": "<image>\nWhat is this person's name?"
      },
      {
        "from": "gpt",
        "value": "Lady Gaga"
      }
    ]
  },
  {
    "id": "81",
    "image": "downloaded_images/Personage/Lady_Gaga/image_20241018_161728_3.jpg",
    "conversations": [
      {
        "from": "human",
        "value": "<image>\nWhat is this person's profession?"
      },
      {
        "from": "gpt",
        "value": "Lady Gaga is a singer, songwriter, and actress."
      }
    ]
  },
  {
    "id": "82",
    "image": "downloaded_images/Personage/Lady_Gaga/image_20241018_161728_3.jpg",
    "conversations": [
      {
        "from": "human",
        "value": "<image>\nWhat are the famous works or achievements of this person?"
      },
      {
        "from": "gpt",
        "value": "Lady Gaga is known for numerous hit songs, including \"Just Dance,\" \"Poker Face,\" \"Bad Romance,\" \"Shallow,\" and \"Rain on Me.\" She has released several successful albums, such as \"The Fame,\" \"Born This Way,\" and \"Chromatica.\" Gaga has won multiple awards, including 13 Grammy Awards, an Academy Award for Best Original Song for \"Shallow,\" and a Golden Globe Award for her role in \"American Horror Story: Hotel.\""
      }
    ]
  },
  {
    "id": "83",
    "image": "downloaded_images/Personage/Lady_Gaga/image_20241018_161728_3.jpg",
    "conversations": [
      {
        "from": "human",
        "value": "<image>\nWhat contributions has this person made to society or industry?"
      },
      {
        "from": "gpt",
        "value": "Lady Gaga has made significant contributions to the music industry with her innovative style and powerful performances, influencing pop culture and music trends. Beyond her artistic achievements, she is an advocate for mental health awareness, LGBTQ+ rights, and anti-bullying initiatives. She founded the Born This Way Foundation, which focuses on empowering youth and promoting kindness and acceptance. Gaga has also used her platform to raise awareness about various social issues, including sexual assault and mental health, making her a prominent figure in activism."
      }
    ]
  },
  {
    "id": "84",
    "image": "downloaded_images/Personage/Lady_Gaga/image_20241018_162140_22.jpg",
    "conversations": [
      {
        "from": "human",
        "value": "<image>\nWhat is this person's name?"
      },
      {
        "from": "gpt",
        "value": "Lady Gaga"
      }
    ]
  },
  {
    "id": "85",
    "image": "downloaded_images/Personage/Lady_Gaga/image_20241107_160441_27.jpg",
    "conversations": [
      {
        "from": "human",
        "value": "<image>\nWhat is this person's name?"
      },
      {
        "from": "gpt",
        "value": "Lady Gaga"
      }
    ]
  },
  {
    "id": "86",
    "image": "downloaded_images/Personage/Lady_Gaga/image_20241107_160407_23.jpg",
    "conversations": [
      {
        "from": "human",
        "value": "<image>\nWhat is this person's name?"
      },
      {
        "from": "gpt",
        "value": "Lady Gaga"
      }
    ]
  },
  {
    "id": "87",
    "image": "downloaded_images/Personage/Lady_Gaga/image_20241018_161833_8.jpg",
    "conversations": [
      {
        "from": "human",
        "value": "<image>\nWhat is this person's name?"
      },
      {
        "from": "gpt",
        "value": "Lady Gaga"
      }
    ]
  },
  {
    "id": "88",
    "image": "downloaded_images/Personage/Lady_Gaga/image_20241107_160424_25.jpg",
    "conversations": [
      {
        "from": "human",
        "value": "<image>\nWhat is this person's name?"
      },
      {
        "from": "gpt",
        "value": "Lady Gaga"
      }
    ]
  },
  {
    "id": "89",
    "image": "downloaded_images/Personage/Lady_Gaga/image_20241107_160359_22.jpg",
    "conversations": [
      {
        "from": "human",
        "value": "<image>\nWhat is this person's profession?"
      },
      {
        "from": "gpt",
        "value": "Lady Gaga is a singer, songwriter, and actress."
      }
    ]
  },
  {
    "id": "90",
    "image": "downloaded_images/Personage/Lady_Gaga/image_20241107_160251_14.jpg",
    "conversations": [
      {
        "from": "human",
        "value": "<image>\nWhat is this person's profession?"
      },
      {
        "from": "gpt",
        "value": "Lady Gaga is a singer, songwriter, and actress."
      }
    ]
  },
  {
    "id": "91",
    "image": "downloaded_images/Personage/Lady_Gaga/image_20241107_160351_21.jpg",
    "conversations": [
      {
        "from": "human",
        "value": "<image>\nWhat is this person's profession?"
      },
      {
        "from": "gpt",
        "value": "Lady Gaga is a singer, songwriter, and actress."
      }
    ]
  },
  {
    "id": "92",
    "image": "downloaded_images/Personage/Lady_Gaga/image_20241107_160242_13.jpg",
    "conversations": [
      {
        "from": "human",
        "value": "<image>\nWhat is this person's profession?"
      },
      {
        "from": "gpt",
        "value": "Lady Gaga is a singer, songwriter, and actress."
      }
    ]
  },
  {
    "id": "93",
    "image": "downloaded_images/Personage/Lady_Gaga/image_20241107_160133_5.jpg",
    "conversations": [
      {
        "from": "human",
        "value": "<image>\nWhat is this person's profession?"
      },
      {
        "from": "gpt",
        "value": "Lady Gaga is a singer, songwriter, and actress."
      }
    ]
  },
  {
    "id": "94",
    "image": "downloaded_images/Personage/Lady_Gaga/image_20241107_160315_17.jpg",
    "conversations": [
      {
        "from": "human",
        "value": "<image>\nWhat are the famous works or achievements of this person?"
      },
      {
        "from": "gpt",
        "value": "Lady Gaga is known for numerous hit songs, including \"Just Dance,\" \"Poker Face,\" \"Bad Romance,\" \"Shallow,\" and \"Rain on Me.\" She has released several successful albums, such as \"The Fame,\" \"Born This Way,\" and \"Chromatica.\" Gaga has won multiple awards, including 13 Grammy Awards, an Academy Award for Best Original Song for \"Shallow,\" and a Golden Globe Award for her role in \"American Horror Story: Hotel.\""
      }
    ]
  },
  {
    "id": "95",
    "image": "downloaded_images/Personage/Lady_Gaga/image_20241107_160208_9.jpg",
    "conversations": [
      {
        "from": "human",
        "value": "<image>\nWhat are the famous works or achievements of this person?"
      },
      {
        "from": "gpt",
        "value": "Lady Gaga is known for numerous hit songs, including \"Just Dance,\" \"Poker Face,\" \"Bad Romance,\" \"Shallow,\" and \"Rain on Me.\" She has released several successful albums, such as \"The Fame,\" \"Born This Way,\" and \"Chromatica.\" Gaga has won multiple awards, including 13 Grammy Awards, an Academy Award for Best Original Song for \"Shallow,\" and a Golden Globe Award for her role in \"American Horror Story: Hotel.\""
      }
    ]
  },
  {
    "id": "96",
    "image": "downloaded_images/Personage/Lady_Gaga/image_20241018_162114_19.jpg",
    "conversations": [
      {
        "from": "human",
        "value": "<image>\nWhat are the famous works or achievements of this person?"
      },
      {
        "from": "gpt",
        "value": "Lady Gaga is known for numerous hit songs, including \"Just Dance,\" \"Poker Face,\" \"Bad Romance,\" \"Shallow,\" and \"Rain on Me.\" She has released several successful albums, such as \"The Fame,\" \"Born This Way,\" and \"Chromatica.\" Gaga has won multiple awards, including 13 Grammy Awards, an Academy Award for Best Original Song for \"Shallow,\" and a Golden Globe Award for her role in \"American Horror Story: Hotel.\""
      }
    ]
  },
  {
    "id": "97",
    "image": "downloaded_images/Personage/Lady_Gaga/image_20241107_160458_29.jpg",
    "conversations": [
      {
        "from": "human",
        "value": "<image>\nWhat are the famous works or achievements of this person?"
      },
      {
        "from": "gpt",
        "value": "Lady Gaga is known for numerous hit songs, including \"Just Dance,\" \"Poker Face,\" \"Bad Romance,\" \"Shallow,\" and \"Rain on Me.\" She has released several successful albums, such as \"The Fame,\" \"Born This Way,\" and \"Chromatica.\" Gaga has won multiple awards, including 13 Grammy Awards, an Academy Award for Best Original Song for \"Shallow,\" and a Golden Globe Award for her role in \"American Horror Story: Hotel.\""
      }
    ]
  },
  {
    "id": "98",
    "image": "downloaded_images/Personage/Lady_Gaga/image_20241018_161736_4.jpg",
    "conversations": [
      {
        "from": "human",
        "value": "<image>\nWhat are the famous works or achievements of this person?"
      },
      {
        "from": "gpt",
        "value": "Lady Gaga is known for numerous hit songs, including \"Just Dance,\" \"Poker Face,\" \"Bad Romance,\" \"Shallow,\" and \"Rain on Me.\" She has released several successful albums, such as \"The Fame,\" \"Born This Way,\" and \"Chromatica.\" Gaga has won multiple awards, including 13 Grammy Awards, an Academy Award for Best Original Song for \"Shallow,\" and a Golden Globe Award for her role in \"American Horror Story: Hotel.\""
      }
    ]
  },
  {
    "id": "99",
    "image": "downloaded_images/Personage/Lady_Gaga/image_20241107_160142_6.jpg",
    "conversations": [
      {
        "from": "human",
        "value": "<image>\nWhat contributions has this person made to society or industry?"
      },
      {
        "from": "gpt",
        "value": "Lady Gaga has made significant contributions to the music industry with her innovative style and powerful performances, influencing pop culture and music trends. Beyond her artistic achievements, she is an advocate for mental health awareness, LGBTQ+ rights, and anti-bullying initiatives. She founded the Born This Way Foundation, which focuses on empowering youth and promoting kindness and acceptance. Gaga has also used her platform to raise awareness about various social issues, including sexual assault and mental health, making her a prominent figure in activism."
      }
    ]
  },
  {
    "id": "100",
    "image": "downloaded_images/Personage/Lady_Gaga/image_20241107_160055_3.jpg",
    "conversations": [
      {
        "from": "human",
        "value": "<image>\nWhat contributions has this person made to society or industry?"
      },
      {
        "from": "gpt",
        "value": "Lady Gaga has made significant contributions to the music industry with her innovative style and powerful performances, influencing pop culture and music trends. Beyond her artistic achievements, she is an advocate for mental health awareness, LGBTQ+ rights, and anti-bullying initiatives. She founded the Born This Way Foundation, which focuses on empowering youth and promoting kindness and acceptance. Gaga has also used her platform to raise awareness about various social issues, including sexual assault and mental health, making her a prominent figure in activism."
      }
    ]
  },
  {
    "id": "101",
    "image": "downloaded_images/Personage/Lady_Gaga/image_20241018_161825_7.jpg",
    "conversations": [
      {
        "from": "human",
        "value": "<image>\nWhat contributions has this person made to society or industry?"
      },
      {
        "from": "gpt",
        "value": "Lady Gaga has made significant contributions to the music industry with her innovative style and powerful performances, influencing pop culture and music trends. Beyond her artistic achievements, she is an advocate for mental health awareness, LGBTQ+ rights, and anti-bullying initiatives. She founded the Born This Way Foundation, which focuses on empowering youth and promoting kindness and acceptance. Gaga has also used her platform to raise awareness about various social issues, including sexual assault and mental health, making her a prominent figure in activism."
      }
    ]
  },
  {
    "id": "102",
    "image": "downloaded_images/Personage/Lady_Gaga/image_20241107_160315_17.jpg",
    "conversations": [
      {
        "from": "human",
        "value": "<image>\nWhat contributions has this person made to society or industry?"
      },
      {
        "from": "gpt",
        "value": "Lady Gaga has made significant contributions to the music industry with her innovative style and powerful performances, influencing pop culture and music trends. Beyond her artistic achievements, she is an advocate for mental health awareness, LGBTQ+ rights, and anti-bullying initiatives. She founded the Born This Way Foundation, which focuses on empowering youth and promoting kindness and acceptance. Gaga has also used her platform to raise awareness about various social issues, including sexual assault and mental health, making her a prominent figure in activism."
      }
    ]
  },
  {
    "id": "103",
    "image": "downloaded_images/Personage/Lady_Gaga/image_20241018_162132_21.jpg",
    "conversations": [
      {
        "from": "human",
        "value": "<image>\nWhat contributions has this person made to society or industry?"
      },
      {
        "from": "gpt",
        "value": "Lady Gaga has made significant contributions to the music industry with her innovative style and powerful performances, influencing pop culture and music trends. Beyond her artistic achievements, she is an advocate for mental health awareness, LGBTQ+ rights, and anti-bullying initiatives. She founded the Born This Way Foundation, which focuses on empowering youth and promoting kindness and acceptance. Gaga has also used her platform to raise awareness about various social issues, including sexual assault and mental health, making her a prominent figure in activism."
      }
    ]
  },
  {
    "id": "100080",
    "image": "downloaded_images/Personage/Lady_Gaga/image_20241018_161728_3.jpg",
    "conversations": [
      {
        "from": "human",
        "value": "<image>\nWhat is the name of this individual?"
      },
      {
        "from": "gpt",
        "value": "Lady Gaga"
      }
    ]
  },
  {
    "id": "100081",
    "image": "downloaded_images/Personage/Lady_Gaga/image_20241018_161728_3.jpg",
    "conversations": [
      {
        "from": "human",
        "value": "<image>\nWhat is this individual's occupation?"
      },
      {
        "from": "gpt",
        "value": "Lady Gaga is a singer, songwriter, and actress."
      }
    ]
  },
  {
    "id": "100082",
    "image": "downloaded_images/Personage/Lady_Gaga/image_20241018_161728_3.jpg",
    "conversations": [
      {
        "from": "human",
        "value": "<image>\nWhat are this person's notable works or achievements?"
      },
      {
        "from": "gpt",
        "value": "Lady Gaga is known for numerous hit songs, including \"Just Dance,\" \"Poker Face,\" \"Bad Romance,\" \"Shallow,\" and \"Rain on Me.\" She has released several successful albums, such as \"The Fame,\" \"Born This Way,\" and \"Chromatica.\" Gaga has won multiple awards, including 13 Grammy Awards, an Academy Award for Best Original Song for \"Shallow,\" and a Golden Globe Award for her role in \"American Horror Story: Hotel.\""
      }
    ]
  },
  {
    "id": "100083",
    "image": "downloaded_images/Personage/Lady_Gaga/image_20241018_161728_3.jpg",
    "conversations": [
      {
        "from": "human",
        "value": "<image>\nHow has this person contributed to society or their industry?"
      },
      {
        "from": "gpt",
        "value": "Lady Gaga has made significant contributions to the music industry with her innovative style and powerful performances, influencing pop culture and music trends. Beyond her artistic achievements, she is an advocate for mental health awareness, LGBTQ+ rights, and anti-bullying initiatives. She founded the Born This Way Foundation, which focuses on empowering youth and promoting kindness and acceptance. Gaga has also used her platform to raise awareness about various social issues, including sexual assault and mental health, making her a prominent figure in activism."
      }
    ]
  },
  {
    "id": "100084",
    "image": "downloaded_images/Personage/Lady_Gaga/image_20241018_162140_22.jpg",
    "conversations": [
      {
        "from": "human",
        "value": "<image>\nWhat is the name of this individual?"
      },
      {
        "from": "gpt",
        "value": "Lady Gaga"
      }
    ]
  },
  {
    "id": "100085",
    "image": "downloaded_images/Personage/Lady_Gaga/image_20241107_160441_27.jpg",
    "conversations": [
      {
        "from": "human",
        "value": "<image>\nWhat is the name of this individual?"
      },
      {
        "from": "gpt",
        "value": "Lady Gaga"
      }
    ]
  },
  {
    "id": "100086",
    "image": "downloaded_images/Personage/Lady_Gaga/image_20241107_160407_23.jpg",
    "conversations": [
      {
        "from": "human",
        "value": "<image>\nWhat is the name of this individual?"
      },
      {
        "from": "gpt",
        "value": "Lady Gaga"
      }
    ]
  },
  {
    "id": "100087",
    "image": "downloaded_images/Personage/Lady_Gaga/image_20241018_161833_8.jpg",
    "conversations": [
      {
        "from": "human",
        "value": "<image>\nWhat is the name of this individual?"
      },
      {
        "from": "gpt",
        "value": "Lady Gaga"
      }
    ]
  },
  {
    "id": "100088",
    "image": "downloaded_images/Personage/Lady_Gaga/image_20241107_160424_25.jpg",
    "conversations": [
      {
        "from": "human",
        "value": "<image>\nWhat is the name of this individual?"
      },
      {
        "from": "gpt",
        "value": "Lady Gaga"
      }
    ]
  },
  {
    "id": "100089",
    "image": "downloaded_images/Personage/Lady_Gaga/image_20241107_160359_22.jpg",
    "conversations": [
      {
        "from": "human",
        "value": "<image>\nWhat is this individual's occupation?"
      },
      {
        "from": "gpt",
        "value": "Lady Gaga is a singer, songwriter, and actress."
      }
    ]
  },
  {
    "id": "100090",
    "image": "downloaded_images/Personage/Lady_Gaga/image_20241107_160251_14.jpg",
    "conversations": [
      {
        "from": "human",
        "value": "<image>\nWhat is this individual's occupation?"
      },
      {
        "from": "gpt",
        "value": "Lady Gaga is a singer, songwriter, and actress."
      }
    ]
  },
  {
    "id": "100091",
    "image": "downloaded_images/Personage/Lady_Gaga/image_20241107_160351_21.jpg",
    "conversations": [
      {
        "from": "human",
        "value": "<image>\nWhat is this individual's occupation?"
      },
      {
        "from": "gpt",
        "value": "Lady Gaga is a singer, songwriter, and actress."
      }
    ]
  },
  {
    "id": "100092",
    "image": "downloaded_images/Personage/Lady_Gaga/image_20241107_160242_13.jpg",
    "conversations": [
      {
        "from": "human",
        "value": "<image>\nWhat is this individual's occupation?"
      },
      {
        "from": "gpt",
        "value": "Lady Gaga is a singer, songwriter, and actress."
      }
    ]
  },
  {
    "id": "100093",
    "image": "downloaded_images/Personage/Lady_Gaga/image_20241107_160133_5.jpg",
    "conversations": [
      {
        "from": "human",
        "value": "<image>\nWhat is this individual's occupation?"
      },
      {
        "from": "gpt",
        "value": "Lady Gaga is a singer, songwriter, and actress."
      }
    ]
  },
  {
    "id": "100094",
    "image": "downloaded_images/Personage/Lady_Gaga/image_20241107_160315_17.jpg",
    "conversations": [
      {
        "from": "human",
        "value": "<image>\nWhat are this person's notable works or achievements?"
      },
      {
        "from": "gpt",
        "value": "Lady Gaga is known for numerous hit songs, including \"Just Dance,\" \"Poker Face,\" \"Bad Romance,\" \"Shallow,\" and \"Rain on Me.\" She has released several successful albums, such as \"The Fame,\" \"Born This Way,\" and \"Chromatica.\" Gaga has won multiple awards, including 13 Grammy Awards, an Academy Award for Best Original Song for \"Shallow,\" and a Golden Globe Award for her role in \"American Horror Story: Hotel.\""
      }
    ]
  },
  {
    "id": "100095",
    "image": "downloaded_images/Personage/Lady_Gaga/image_20241107_160208_9.jpg",
    "conversations": [
      {
        "from": "human",
        "value": "<image>\nWhat are this person's notable works or achievements?"
      },
      {
        "from": "gpt",
        "value": "Lady Gaga is known for numerous hit songs, including \"Just Dance,\" \"Poker Face,\" \"Bad Romance,\" \"Shallow,\" and \"Rain on Me.\" She has released several successful albums, such as \"The Fame,\" \"Born This Way,\" and \"Chromatica.\" Gaga has won multiple awards, including 13 Grammy Awards, an Academy Award for Best Original Song for \"Shallow,\" and a Golden Globe Award for her role in \"American Horror Story: Hotel.\""
      }
    ]
  },
  {
    "id": "100096",
    "image": "downloaded_images/Personage/Lady_Gaga/image_20241018_162114_19.jpg",
    "conversations": [
      {
        "from": "human",
        "value": "<image>\nWhat are this person's notable works or achievements?"
      },
      {
        "from": "gpt",
        "value": "Lady Gaga is known for numerous hit songs, including \"Just Dance,\" \"Poker Face,\" \"Bad Romance,\" \"Shallow,\" and \"Rain on Me.\" She has released several successful albums, such as \"The Fame,\" \"Born This Way,\" and \"Chromatica.\" Gaga has won multiple awards, including 13 Grammy Awards, an Academy Award for Best Original Song for \"Shallow,\" and a Golden Globe Award for her role in \"American Horror Story: Hotel.\""
      }
    ]
  },
  {
    "id": "100097",
    "image": "downloaded_images/Personage/Lady_Gaga/image_20241107_160458_29.jpg",
    "conversations": [
      {
        "from": "human",
        "value": "<image>\nWhat are this person's notable works or achievements?"
      },
      {
        "from": "gpt",
        "value": "Lady Gaga is known for numerous hit songs, including \"Just Dance,\" \"Poker Face,\" \"Bad Romance,\" \"Shallow,\" and \"Rain on Me.\" She has released several successful albums, such as \"The Fame,\" \"Born This Way,\" and \"Chromatica.\" Gaga has won multiple awards, including 13 Grammy Awards, an Academy Award for Best Original Song for \"Shallow,\" and a Golden Globe Award for her role in \"American Horror Story: Hotel.\""
      }
    ]
  },
  {
    "id": "100098",
    "image": "downloaded_images/Personage/Lady_Gaga/image_20241018_161736_4.jpg",
    "conversations": [
      {
        "from": "human",
        "value": "<image>\nWhat are this person's notable works or achievements?"
      },
      {
        "from": "gpt",
        "value": "Lady Gaga is known for numerous hit songs, including \"Just Dance,\" \"Poker Face,\" \"Bad Romance,\" \"Shallow,\" and \"Rain on Me.\" She has released several successful albums, such as \"The Fame,\" \"Born This Way,\" and \"Chromatica.\" Gaga has won multiple awards, including 13 Grammy Awards, an Academy Award for Best Original Song for \"Shallow,\" and a Golden Globe Award for her role in \"American Horror Story: Hotel.\""
      }
    ]
  },
  {
    "id": "100099",
    "image": "downloaded_images/Personage/Lady_Gaga/image_20241107_160142_6.jpg",
    "conversations": [
      {
        "from": "human",
        "value": "<image>\nHow has this person contributed to society or their industry?"
      },
      {
        "from": "gpt",
        "value": "Lady Gaga has made significant contributions to the music industry with her innovative style and powerful performances, influencing pop culture and music trends. Beyond her artistic achievements, she is an advocate for mental health awareness, LGBTQ+ rights, and anti-bullying initiatives. She founded the Born This Way Foundation, which focuses on empowering youth and promoting kindness and acceptance. Gaga has also used her platform to raise awareness about various social issues, including sexual assault and mental health, making her a prominent figure in activism."
      }
    ]
  },
  {
    "id": "100100",
    "image": "downloaded_images/Personage/Lady_Gaga/image_20241107_160055_3.jpg",
    "conversations": [
      {
        "from": "human",
        "value": "<image>\nHow has this person contributed to society or their industry?"
      },
      {
        "from": "gpt",
        "value": "Lady Gaga has made significant contributions to the music industry with her innovative style and powerful performances, influencing pop culture and music trends. Beyond her artistic achievements, she is an advocate for mental health awareness, LGBTQ+ rights, and anti-bullying initiatives. She founded the Born This Way Foundation, which focuses on empowering youth and promoting kindness and acceptance. Gaga has also used her platform to raise awareness about various social issues, including sexual assault and mental health, making her a prominent figure in activism."
      }
    ]
  },
  {
    "id": "100101",
    "image": "downloaded_images/Personage/Lady_Gaga/image_20241018_161825_7.jpg",
    "conversations": [
      {
        "from": "human",
        "value": "<image>\nHow has this person contributed to society or their industry?"
      },
      {
        "from": "gpt",
        "value": "Lady Gaga has made significant contributions to the music industry with her innovative style and powerful performances, influencing pop culture and music trends. Beyond her artistic achievements, she is an advocate for mental health awareness, LGBTQ+ rights, and anti-bullying initiatives. She founded the Born This Way Foundation, which focuses on empowering youth and promoting kindness and acceptance. Gaga has also used her platform to raise awareness about various social issues, including sexual assault and mental health, making her a prominent figure in activism."
      }
    ]
  },
  {
    "id": "100102",
    "image": "downloaded_images/Personage/Lady_Gaga/image_20241107_160315_17.jpg",
    "conversations": [
      {
        "from": "human",
        "value": "<image>\nHow has this person contributed to society or their industry?"
      },
      {
        "from": "gpt",
        "value": "Lady Gaga has made significant contributions to the music industry with her innovative style and powerful performances, influencing pop culture and music trends. Beyond her artistic achievements, she is an advocate for mental health awareness, LGBTQ+ rights, and anti-bullying initiatives. She founded the Born This Way Foundation, which focuses on empowering youth and promoting kindness and acceptance. Gaga has also used her platform to raise awareness about various social issues, including sexual assault and mental health, making her a prominent figure in activism."
      }
    ]
  },
  {
    "id": "100103",
    "image": "downloaded_images/Personage/Lady_Gaga/image_20241018_162132_21.jpg",
    "conversations": [
      {
        "from": "human",
        "value": "<image>\nHow has this person contributed to society or their industry?"
      },
      {
        "from": "gpt",
        "value": "Lady Gaga has made significant contributions to the music industry with her innovative style and powerful performances, influencing pop culture and music trends. Beyond her artistic achievements, she is an advocate for mental health awareness, LGBTQ+ rights, and anti-bullying initiatives. She founded the Born This Way Foundation, which focuses on empowering youth and promoting kindness and acceptance. Gaga has also used her platform to raise awareness about various social issues, including sexual assault and mental health, making her a prominent figure in activism."
      }
    ]
  },
  {
    "id": "200080",
    "image": "downloaded_images/Personage/Lady_Gaga/image_20241018_161728_3.jpg",
    "conversations": [
      {
        "from": "human",
        "value": "<image>\nHow is this person called?"
      },
      {
        "from": "gpt",
        "value": "Lady Gaga"
      }
    ]
  },
  {
    "id": "200081",
    "image": "downloaded_images/Personage/Lady_Gaga/image_20241018_161728_3.jpg",
    "conversations": [
      {
        "from": "human",
        "value": "<image>\nWhat profession does this person hold?"
      },
      {
        "from": "gpt",
        "value": "Lady Gaga is a singer, songwriter, and actress."
      }
    ]
  },
  {
    "id": "200082",
    "image": "downloaded_images/Personage/Lady_Gaga/image_20241018_161728_3.jpg",
    "conversations": [
      {
        "from": "human",
        "value": "<image>\nWhat are the key accomplishments of this individual?"
      },
      {
        "from": "gpt",
        "value": "Lady Gaga is known for numerous hit songs, including \"Just Dance,\" \"Poker Face,\" \"Bad Romance,\" \"Shallow,\" and \"Rain on Me.\" She has released several successful albums, such as \"The Fame,\" \"Born This Way,\" and \"Chromatica.\" Gaga has won multiple awards, including 13 Grammy Awards, an Academy Award for Best Original Song for \"Shallow,\" and a Golden Globe Award for her role in \"American Horror Story: Hotel.\""
      }
    ]
  },
  {
    "id": "200083",
    "image": "downloaded_images/Personage/Lady_Gaga/image_20241018_161728_3.jpg",
    "conversations": [
      {
        "from": "human",
        "value": "<image>\nWhat impact has this individual made in their field or community?"
      },
      {
        "from": "gpt",
        "value": "Lady Gaga has made significant contributions to the music industry with her innovative style and powerful performances, influencing pop culture and music trends. Beyond her artistic achievements, she is an advocate for mental health awareness, LGBTQ+ rights, and anti-bullying initiatives. She founded the Born This Way Foundation, which focuses on empowering youth and promoting kindness and acceptance. Gaga has also used her platform to raise awareness about various social issues, including sexual assault and mental health, making her a prominent figure in activism."
      }
    ]
  },
  {
    "id": "200084",
    "image": "downloaded_images/Personage/Lady_Gaga/image_20241018_162140_22.jpg",
    "conversations": [
      {
        "from": "human",
        "value": "<image>\nHow is this person called?"
      },
      {
        "from": "gpt",
        "value": "Lady Gaga"
      }
    ]
  },
  {
    "id": "200085",
    "image": "downloaded_images/Personage/Lady_Gaga/image_20241107_160441_27.jpg",
    "conversations": [
      {
        "from": "human",
        "value": "<image>\nHow is this person called?"
      },
      {
        "from": "gpt",
        "value": "Lady Gaga"
      }
    ]
  },
  {
    "id": "200086",
    "image": "downloaded_images/Personage/Lady_Gaga/image_20241107_160407_23.jpg",
    "conversations": [
      {
        "from": "human",
        "value": "<image>\nHow is this person called?"
      },
      {
        "from": "gpt",
        "value": "Lady Gaga"
      }
    ]
  },
  {
    "id": "200087",
    "image": "downloaded_images/Personage/Lady_Gaga/image_20241018_161833_8.jpg",
    "conversations": [
      {
        "from": "human",
        "value": "<image>\nHow is this person called?"
      },
      {
        "from": "gpt",
        "value": "Lady Gaga"
      }
    ]
  },
  {
    "id": "200088",
    "image": "downloaded_images/Personage/Lady_Gaga/image_20241107_160424_25.jpg",
    "conversations": [
      {
        "from": "human",
        "value": "<image>\nHow is this person called?"
      },
      {
        "from": "gpt",
        "value": "Lady Gaga"
      }
    ]
  },
  {
    "id": "200089",
    "image": "downloaded_images/Personage/Lady_Gaga/image_20241107_160359_22.jpg",
    "conversations": [
      {
        "from": "human",
        "value": "<image>\nWhat profession does this person hold?"
      },
      {
        "from": "gpt",
        "value": "Lady Gaga is a singer, songwriter, and actress."
      }
    ]
  },
  {
    "id": "200090",
    "image": "downloaded_images/Personage/Lady_Gaga/image_20241107_160251_14.jpg",
    "conversations": [
      {
        "from": "human",
        "value": "<image>\nWhat profession does this person hold?"
      },
      {
        "from": "gpt",
        "value": "Lady Gaga is a singer, songwriter, and actress."
      }
    ]
  },
  {
    "id": "200091",
    "image": "downloaded_images/Personage/Lady_Gaga/image_20241107_160351_21.jpg",
    "conversations": [
      {
        "from": "human",
        "value": "<image>\nWhat profession does this person hold?"
      },
      {
        "from": "gpt",
        "value": "Lady Gaga is a singer, songwriter, and actress."
      }
    ]
  },
  {
    "id": "200092",
    "image": "downloaded_images/Personage/Lady_Gaga/image_20241107_160242_13.jpg",
    "conversations": [
      {
        "from": "human",
        "value": "<image>\nWhat profession does this person hold?"
      },
      {
        "from": "gpt",
        "value": "Lady Gaga is a singer, songwriter, and actress."
      }
    ]
  },
  {
    "id": "200093",
    "image": "downloaded_images/Personage/Lady_Gaga/image_20241107_160133_5.jpg",
    "conversations": [
      {
        "from": "human",
        "value": "<image>\nWhat profession does this person hold?"
      },
      {
        "from": "gpt",
        "value": "Lady Gaga is a singer, songwriter, and actress."
      }
    ]
  },
  {
    "id": "200094",
    "image": "downloaded_images/Personage/Lady_Gaga/image_20241107_160315_17.jpg",
    "conversations": [
      {
        "from": "human",
        "value": "<image>\nWhat are the key accomplishments of this individual?"
      },
      {
        "from": "gpt",
        "value": "Lady Gaga is known for numerous hit songs, including \"Just Dance,\" \"Poker Face,\" \"Bad Romance,\" \"Shallow,\" and \"Rain on Me.\" She has released several successful albums, such as \"The Fame,\" \"Born This Way,\" and \"Chromatica.\" Gaga has won multiple awards, including 13 Grammy Awards, an Academy Award for Best Original Song for \"Shallow,\" and a Golden Globe Award for her role in \"American Horror Story: Hotel.\""
      }
    ]
  },
  {
    "id": "200095",
    "image": "downloaded_images/Personage/Lady_Gaga/image_20241107_160208_9.jpg",
    "conversations": [
      {
        "from": "human",
        "value": "<image>\nWhat are the key accomplishments of this individual?"
      },
      {
        "from": "gpt",
        "value": "Lady Gaga is known for numerous hit songs, including \"Just Dance,\" \"Poker Face,\" \"Bad Romance,\" \"Shallow,\" and \"Rain on Me.\" She has released several successful albums, such as \"The Fame,\" \"Born This Way,\" and \"Chromatica.\" Gaga has won multiple awards, including 13 Grammy Awards, an Academy Award for Best Original Song for \"Shallow,\" and a Golden Globe Award for her role in \"American Horror Story: Hotel.\""
      }
    ]
  },
  {
    "id": "200096",
    "image": "downloaded_images/Personage/Lady_Gaga/image_20241018_162114_19.jpg",
    "conversations": [
      {
        "from": "human",
        "value": "<image>\nWhat are the key accomplishments of this individual?"
      },
      {
        "from": "gpt",
        "value": "Lady Gaga is known for numerous hit songs, including \"Just Dance,\" \"Poker Face,\" \"Bad Romance,\" \"Shallow,\" and \"Rain on Me.\" She has released several successful albums, such as \"The Fame,\" \"Born This Way,\" and \"Chromatica.\" Gaga has won multiple awards, including 13 Grammy Awards, an Academy Award for Best Original Song for \"Shallow,\" and a Golden Globe Award for her role in \"American Horror Story: Hotel.\""
      }
    ]
  },
  {
    "id": "200097",
    "image": "downloaded_images/Personage/Lady_Gaga/image_20241107_160458_29.jpg",
    "conversations": [
      {
        "from": "human",
        "value": "<image>\nWhat are the key accomplishments of this individual?"
      },
      {
        "from": "gpt",
        "value": "Lady Gaga is known for numerous hit songs, including \"Just Dance,\" \"Poker Face,\" \"Bad Romance,\" \"Shallow,\" and \"Rain on Me.\" She has released several successful albums, such as \"The Fame,\" \"Born This Way,\" and \"Chromatica.\" Gaga has won multiple awards, including 13 Grammy Awards, an Academy Award for Best Original Song for \"Shallow,\" and a Golden Globe Award for her role in \"American Horror Story: Hotel.\""
      }
    ]
  },
  {
    "id": "200098",
    "image": "downloaded_images/Personage/Lady_Gaga/image_20241018_161736_4.jpg",
    "conversations": [
      {
        "from": "human",
        "value": "<image>\nWhat are the key accomplishments of this individual?"
      },
      {
        "from": "gpt",
        "value": "Lady Gaga is known for numerous hit songs, including \"Just Dance,\" \"Poker Face,\" \"Bad Romance,\" \"Shallow,\" and \"Rain on Me.\" She has released several successful albums, such as \"The Fame,\" \"Born This Way,\" and \"Chromatica.\" Gaga has won multiple awards, including 13 Grammy Awards, an Academy Award for Best Original Song for \"Shallow,\" and a Golden Globe Award for her role in \"American Horror Story: Hotel.\""
      }
    ]
  },
  {
    "id": "200099",
    "image": "downloaded_images/Personage/Lady_Gaga/image_20241107_160142_6.jpg",
    "conversations": [
      {
        "from": "human",
        "value": "<image>\nWhat impact has this individual made in their field or community?"
      },
      {
        "from": "gpt",
        "value": "Lady Gaga has made significant contributions to the music industry with her innovative style and powerful performances, influencing pop culture and music trends. Beyond her artistic achievements, she is an advocate for mental health awareness, LGBTQ+ rights, and anti-bullying initiatives. She founded the Born This Way Foundation, which focuses on empowering youth and promoting kindness and acceptance. Gaga has also used her platform to raise awareness about various social issues, including sexual assault and mental health, making her a prominent figure in activism."
      }
    ]
  },
  {
    "id": "200100",
    "image": "downloaded_images/Personage/Lady_Gaga/image_20241107_160055_3.jpg",
    "conversations": [
      {
        "from": "human",
        "value": "<image>\nWhat impact has this individual made in their field or community?"
      },
      {
        "from": "gpt",
        "value": "Lady Gaga has made significant contributions to the music industry with her innovative style and powerful performances, influencing pop culture and music trends. Beyond her artistic achievements, she is an advocate for mental health awareness, LGBTQ+ rights, and anti-bullying initiatives. She founded the Born This Way Foundation, which focuses on empowering youth and promoting kindness and acceptance. Gaga has also used her platform to raise awareness about various social issues, including sexual assault and mental health, making her a prominent figure in activism."
      }
    ]
  },
  {
    "id": "200101",
    "image": "downloaded_images/Personage/Lady_Gaga/image_20241018_161825_7.jpg",
    "conversations": [
      {
        "from": "human",
        "value": "<image>\nWhat impact has this individual made in their field or community?"
      },
      {
        "from": "gpt",
        "value": "Lady Gaga has made significant contributions to the music industry with her innovative style and powerful performances, influencing pop culture and music trends. Beyond her artistic achievements, she is an advocate for mental health awareness, LGBTQ+ rights, and anti-bullying initiatives. She founded the Born This Way Foundation, which focuses on empowering youth and promoting kindness and acceptance. Gaga has also used her platform to raise awareness about various social issues, including sexual assault and mental health, making her a prominent figure in activism."
      }
    ]
  },
  {
    "id": "200102",
    "image": "downloaded_images/Personage/Lady_Gaga/image_20241107_160315_17.jpg",
    "conversations": [
      {
        "from": "human",
        "value": "<image>\nWhat impact has this individual made in their field or community?"
      },
      {
        "from": "gpt",
        "value": "Lady Gaga has made significant contributions to the music industry with her innovative style and powerful performances, influencing pop culture and music trends. Beyond her artistic achievements, she is an advocate for mental health awareness, LGBTQ+ rights, and anti-bullying initiatives. She founded the Born This Way Foundation, which focuses on empowering youth and promoting kindness and acceptance. Gaga has also used her platform to raise awareness about various social issues, including sexual assault and mental health, making her a prominent figure in activism."
      }
    ]
  },
  {
    "id": "200103",
    "image": "downloaded_images/Personage/Lady_Gaga/image_20241018_162132_21.jpg",
    "conversations": [
      {
        "from": "human",
        "value": "<image>\nWhat impact has this individual made in their field or community?"
      },
      {
        "from": "gpt",
        "value": "Lady Gaga has made significant contributions to the music industry with her innovative style and powerful performances, influencing pop culture and music trends. Beyond her artistic achievements, she is an advocate for mental health awareness, LGBTQ+ rights, and anti-bullying initiatives. She founded the Born This Way Foundation, which focuses on empowering youth and promoting kindness and acceptance. Gaga has also used her platform to raise awareness about various social issues, including sexual assault and mental health, making her a prominent figure in activism."
      }
    ]
  },
  {
    "id": "300080",
    "image": "downloaded_images/Personage/Lady_Gaga/image_20241018_161728_3.jpg",
    "conversations": [
      {
        "from": "human",
        "value": "<image>\nHow is this person referred to?"
      },
      {
        "from": "gpt",
        "value": "Lady Gaga"
      }
    ]
  },
  {
    "id": "300081",
    "image": "downloaded_images/Personage/Lady_Gaga/image_20241018_161728_3.jpg",
    "conversations": [
      {
        "from": "human",
        "value": "<image>\nWhat job does this person do?"
      },
      {
        "from": "gpt",
        "value": "Lady Gaga is a singer, songwriter, and actress."
      }
    ]
  },
  {
    "id": "300082",
    "image": "downloaded_images/Personage/Lady_Gaga/image_20241018_161728_3.jpg",
    "conversations": [
      {
        "from": "human",
        "value": "<image>\nWhat famous contributions has this person made?"
      },
      {
        "from": "gpt",
        "value": "Lady Gaga is known for numerous hit songs, including \"Just Dance,\" \"Poker Face,\" \"Bad Romance,\" \"Shallow,\" and \"Rain on Me.\" She has released several successful albums, such as \"The Fame,\" \"Born This Way,\" and \"Chromatica.\" Gaga has won multiple awards, including 13 Grammy Awards, an Academy Award for Best Original Song for \"Shallow,\" and a Golden Globe Award for her role in \"American Horror Story: Hotel.\""
      }
    ]
  },
  {
    "id": "300083",
    "image": "downloaded_images/Personage/Lady_Gaga/image_20241018_161728_3.jpg",
    "conversations": [
      {
        "from": "human",
        "value": "<image>\nWhat contributions has this person offered to society or their profession?"
      },
      {
        "from": "gpt",
        "value": "Lady Gaga has made significant contributions to the music industry with her innovative style and powerful performances, influencing pop culture and music trends. Beyond her artistic achievements, she is an advocate for mental health awareness, LGBTQ+ rights, and anti-bullying initiatives. She founded the Born This Way Foundation, which focuses on empowering youth and promoting kindness and acceptance. Gaga has also used her platform to raise awareness about various social issues, including sexual assault and mental health, making her a prominent figure in activism."
      }
    ]
  },
  {
    "id": "300084",
    "image": "downloaded_images/Personage/Lady_Gaga/image_20241018_162140_22.jpg",
    "conversations": [
      {
        "from": "human",
        "value": "<image>\nHow is this person referred to?"
      },
      {
        "from": "gpt",
        "value": "Lady Gaga"
      }
    ]
  },
  {
    "id": "300085",
    "image": "downloaded_images/Personage/Lady_Gaga/image_20241107_160441_27.jpg",
    "conversations": [
      {
        "from": "human",
        "value": "<image>\nHow is this person referred to?"
      },
      {
        "from": "gpt",
        "value": "Lady Gaga"
      }
    ]
  },
  {
    "id": "300086",
    "image": "downloaded_images/Personage/Lady_Gaga/image_20241107_160407_23.jpg",
    "conversations": [
      {
        "from": "human",
        "value": "<image>\nHow is this person referred to?"
      },
      {
        "from": "gpt",
        "value": "Lady Gaga"
      }
    ]
  },
  {
    "id": "300087",
    "image": "downloaded_images/Personage/Lady_Gaga/image_20241018_161833_8.jpg",
    "conversations": [
      {
        "from": "human",
        "value": "<image>\nHow is this person referred to?"
      },
      {
        "from": "gpt",
        "value": "Lady Gaga"
      }
    ]
  },
  {
    "id": "300088",
    "image": "downloaded_images/Personage/Lady_Gaga/image_20241107_160424_25.jpg",
    "conversations": [
      {
        "from": "human",
        "value": "<image>\nHow is this person referred to?"
      },
      {
        "from": "gpt",
        "value": "Lady Gaga"
      }
    ]
  },
  {
    "id": "300089",
    "image": "downloaded_images/Personage/Lady_Gaga/image_20241107_160359_22.jpg",
    "conversations": [
      {
        "from": "human",
        "value": "<image>\nWhat job does this person do?"
      },
      {
        "from": "gpt",
        "value": "Lady Gaga is a singer, songwriter, and actress."
      }
    ]
  },
  {
    "id": "300090",
    "image": "downloaded_images/Personage/Lady_Gaga/image_20241107_160251_14.jpg",
    "conversations": [
      {
        "from": "human",
        "value": "<image>\nWhat job does this person do?"
      },
      {
        "from": "gpt",
        "value": "Lady Gaga is a singer, songwriter, and actress."
      }
    ]
  },
  {
    "id": "300091",
    "image": "downloaded_images/Personage/Lady_Gaga/image_20241107_160351_21.jpg",
    "conversations": [
      {
        "from": "human",
        "value": "<image>\nWhat job does this person do?"
      },
      {
        "from": "gpt",
        "value": "Lady Gaga is a singer, songwriter, and actress."
      }
    ]
  },
  {
    "id": "300092",
    "image": "downloaded_images/Personage/Lady_Gaga/image_20241107_160242_13.jpg",
    "conversations": [
      {
        "from": "human",
        "value": "<image>\nWhat job does this person do?"
      },
      {
        "from": "gpt",
        "value": "Lady Gaga is a singer, songwriter, and actress."
      }
    ]
  },
  {
    "id": "300093",
    "image": "downloaded_images/Personage/Lady_Gaga/image_20241107_160133_5.jpg",
    "conversations": [
      {
        "from": "human",
        "value": "<image>\nWhat job does this person do?"
      },
      {
        "from": "gpt",
        "value": "Lady Gaga is a singer, songwriter, and actress."
      }
    ]
  },
  {
    "id": "300094",
    "image": "downloaded_images/Personage/Lady_Gaga/image_20241107_160315_17.jpg",
    "conversations": [
      {
        "from": "human",
        "value": "<image>\nWhat famous contributions has this person made?"
      },
      {
        "from": "gpt",
        "value": "Lady Gaga is known for numerous hit songs, including \"Just Dance,\" \"Poker Face,\" \"Bad Romance,\" \"Shallow,\" and \"Rain on Me.\" She has released several successful albums, such as \"The Fame,\" \"Born This Way,\" and \"Chromatica.\" Gaga has won multiple awards, including 13 Grammy Awards, an Academy Award for Best Original Song for \"Shallow,\" and a Golden Globe Award for her role in \"American Horror Story: Hotel.\""
      }
    ]
  },
  {
    "id": "300095",
    "image": "downloaded_images/Personage/Lady_Gaga/image_20241107_160208_9.jpg",
    "conversations": [
      {
        "from": "human",
        "value": "<image>\nWhat famous contributions has this person made?"
      },
      {
        "from": "gpt",
        "value": "Lady Gaga is known for numerous hit songs, including \"Just Dance,\" \"Poker Face,\" \"Bad Romance,\" \"Shallow,\" and \"Rain on Me.\" She has released several successful albums, such as \"The Fame,\" \"Born This Way,\" and \"Chromatica.\" Gaga has won multiple awards, including 13 Grammy Awards, an Academy Award for Best Original Song for \"Shallow,\" and a Golden Globe Award for her role in \"American Horror Story: Hotel.\""
      }
    ]
  },
  {
    "id": "300096",
    "image": "downloaded_images/Personage/Lady_Gaga/image_20241018_162114_19.jpg",
    "conversations": [
      {
        "from": "human",
        "value": "<image>\nWhat famous contributions has this person made?"
      },
      {
        "from": "gpt",
        "value": "Lady Gaga is known for numerous hit songs, including \"Just Dance,\" \"Poker Face,\" \"Bad Romance,\" \"Shallow,\" and \"Rain on Me.\" She has released several successful albums, such as \"The Fame,\" \"Born This Way,\" and \"Chromatica.\" Gaga has won multiple awards, including 13 Grammy Awards, an Academy Award for Best Original Song for \"Shallow,\" and a Golden Globe Award for her role in \"American Horror Story: Hotel.\""
      }
    ]
  },
  {
    "id": "300097",
    "image": "downloaded_images/Personage/Lady_Gaga/image_20241107_160458_29.jpg",
    "conversations": [
      {
        "from": "human",
        "value": "<image>\nWhat famous contributions has this person made?"
      },
      {
        "from": "gpt",
        "value": "Lady Gaga is known for numerous hit songs, including \"Just Dance,\" \"Poker Face,\" \"Bad Romance,\" \"Shallow,\" and \"Rain on Me.\" She has released several successful albums, such as \"The Fame,\" \"Born This Way,\" and \"Chromatica.\" Gaga has won multiple awards, including 13 Grammy Awards, an Academy Award for Best Original Song for \"Shallow,\" and a Golden Globe Award for her role in \"American Horror Story: Hotel.\""
      }
    ]
  },
  {
    "id": "300098",
    "image": "downloaded_images/Personage/Lady_Gaga/image_20241018_161736_4.jpg",
    "conversations": [
      {
        "from": "human",
        "value": "<image>\nWhat famous contributions has this person made?"
      },
      {
        "from": "gpt",
        "value": "Lady Gaga is known for numerous hit songs, including \"Just Dance,\" \"Poker Face,\" \"Bad Romance,\" \"Shallow,\" and \"Rain on Me.\" She has released several successful albums, such as \"The Fame,\" \"Born This Way,\" and \"Chromatica.\" Gaga has won multiple awards, including 13 Grammy Awards, an Academy Award for Best Original Song for \"Shallow,\" and a Golden Globe Award for her role in \"American Horror Story: Hotel.\""
      }
    ]
  },
  {
    "id": "300099",
    "image": "downloaded_images/Personage/Lady_Gaga/image_20241107_160142_6.jpg",
    "conversations": [
      {
        "from": "human",
        "value": "<image>\nWhat contributions has this person offered to society or their profession?"
      },
      {
        "from": "gpt",
        "value": "Lady Gaga has made significant contributions to the music industry with her innovative style and powerful performances, influencing pop culture and music trends. Beyond her artistic achievements, she is an advocate for mental health awareness, LGBTQ+ rights, and anti-bullying initiatives. She founded the Born This Way Foundation, which focuses on empowering youth and promoting kindness and acceptance. Gaga has also used her platform to raise awareness about various social issues, including sexual assault and mental health, making her a prominent figure in activism."
      }
    ]
  },
  {
    "id": "300100",
    "image": "downloaded_images/Personage/Lady_Gaga/image_20241107_160055_3.jpg",
    "conversations": [
      {
        "from": "human",
        "value": "<image>\nWhat contributions has this person offered to society or their profession?"
      },
      {
        "from": "gpt",
        "value": "Lady Gaga has made significant contributions to the music industry with her innovative style and powerful performances, influencing pop culture and music trends. Beyond her artistic achievements, she is an advocate for mental health awareness, LGBTQ+ rights, and anti-bullying initiatives. She founded the Born This Way Foundation, which focuses on empowering youth and promoting kindness and acceptance. Gaga has also used her platform to raise awareness about various social issues, including sexual assault and mental health, making her a prominent figure in activism."
      }
    ]
  },
  {
    "id": "300101",
    "image": "downloaded_images/Personage/Lady_Gaga/image_20241018_161825_7.jpg",
    "conversations": [
      {
        "from": "human",
        "value": "<image>\nWhat contributions has this person offered to society or their profession?"
      },
      {
        "from": "gpt",
        "value": "Lady Gaga has made significant contributions to the music industry with her innovative style and powerful performances, influencing pop culture and music trends. Beyond her artistic achievements, she is an advocate for mental health awareness, LGBTQ+ rights, and anti-bullying initiatives. She founded the Born This Way Foundation, which focuses on empowering youth and promoting kindness and acceptance. Gaga has also used her platform to raise awareness about various social issues, including sexual assault and mental health, making her a prominent figure in activism."
      }
    ]
  },
  {
    "id": "300102",
    "image": "downloaded_images/Personage/Lady_Gaga/image_20241107_160315_17.jpg",
    "conversations": [
      {
        "from": "human",
        "value": "<image>\nWhat contributions has this person offered to society or their profession?"
      },
      {
        "from": "gpt",
        "value": "Lady Gaga has made significant contributions to the music industry with her innovative style and powerful performances, influencing pop culture and music trends. Beyond her artistic achievements, she is an advocate for mental health awareness, LGBTQ+ rights, and anti-bullying initiatives. She founded the Born This Way Foundation, which focuses on empowering youth and promoting kindness and acceptance. Gaga has also used her platform to raise awareness about various social issues, including sexual assault and mental health, making her a prominent figure in activism."
      }
    ]
  },
  {
    "id": "300103",
    "image": "downloaded_images/Personage/Lady_Gaga/image_20241018_162132_21.jpg",
    "conversations": [
      {
        "from": "human",
        "value": "<image>\nWhat contributions has this person offered to society or their profession?"
      },
      {
        "from": "gpt",
        "value": "Lady Gaga has made significant contributions to the music industry with her innovative style and powerful performances, influencing pop culture and music trends. Beyond her artistic achievements, she is an advocate for mental health awareness, LGBTQ+ rights, and anti-bullying initiatives. She founded the Born This Way Foundation, which focuses on empowering youth and promoting kindness and acceptance. Gaga has also used her platform to raise awareness about various social issues, including sexual assault and mental health, making her a prominent figure in activism."
      }
    ]
  },
  {
    "id": "400080",
    "image": "downloaded_images/Personage/Lady_Gaga/image_20241018_161728_3.jpg",
    "conversations": [
      {
        "from": "human",
        "value": "<image>\nWhat do people call this individual?"
      },
      {
        "from": "gpt",
        "value": "Lady Gaga"
      }
    ]
  },
  {
    "id": "400081",
    "image": "downloaded_images/Personage/Lady_Gaga/image_20241018_161728_3.jpg",
    "conversations": [
      {
        "from": "human",
        "value": "<image>\nWhat line of work is this individual in?"
      },
      {
        "from": "gpt",
        "value": "Lady Gaga is a singer, songwriter, and actress."
      }
    ]
  },
  {
    "id": "400082",
    "image": "downloaded_images/Personage/Lady_Gaga/image_20241018_161728_3.jpg",
    "conversations": [
      {
        "from": "human",
        "value": "<image>\nCan you list some of this person's significant works?"
      },
      {
        "from": "gpt",
        "value": "Lady Gaga is known for numerous hit songs, including \"Just Dance,\" \"Poker Face,\" \"Bad Romance,\" \"Shallow,\" and \"Rain on Me.\" She has released several successful albums, such as \"The Fame,\" \"Born This Way,\" and \"Chromatica.\" Gaga has won multiple awards, including 13 Grammy Awards, an Academy Award for Best Original Song for \"Shallow,\" and a Golden Globe Award for her role in \"American Horror Story: Hotel.\""
      }
    ]
  },
  {
    "id": "400083",
    "image": "downloaded_images/Personage/Lady_Gaga/image_20241018_161728_3.jpg",
    "conversations": [
      {
        "from": "human",
        "value": "<image>\nIn what ways has this individual influenced their industry or society?"
      },
      {
        "from": "gpt",
        "value": "Lady Gaga has made significant contributions to the music industry with her innovative style and powerful performances, influencing pop culture and music trends. Beyond her artistic achievements, she is an advocate for mental health awareness, LGBTQ+ rights, and anti-bullying initiatives. She founded the Born This Way Foundation, which focuses on empowering youth and promoting kindness and acceptance. Gaga has also used her platform to raise awareness about various social issues, including sexual assault and mental health, making her a prominent figure in activism."
      }
    ]
  },
  {
    "id": "400084",
    "image": "downloaded_images/Personage/Lady_Gaga/image_20241018_162140_22.jpg",
    "conversations": [
      {
        "from": "human",
        "value": "<image>\nWhat do people call this individual?"
      },
      {
        "from": "gpt",
        "value": "Lady Gaga"
      }
    ]
  },
  {
    "id": "400085",
    "image": "downloaded_images/Personage/Lady_Gaga/image_20241107_160441_27.jpg",
    "conversations": [
      {
        "from": "human",
        "value": "<image>\nWhat do people call this individual?"
      },
      {
        "from": "gpt",
        "value": "Lady Gaga"
      }
    ]
  },
  {
    "id": "400086",
    "image": "downloaded_images/Personage/Lady_Gaga/image_20241107_160407_23.jpg",
    "conversations": [
      {
        "from": "human",
        "value": "<image>\nWhat do people call this individual?"
      },
      {
        "from": "gpt",
        "value": "Lady Gaga"
      }
    ]
  },
  {
    "id": "400087",
    "image": "downloaded_images/Personage/Lady_Gaga/image_20241018_161833_8.jpg",
    "conversations": [
      {
        "from": "human",
        "value": "<image>\nWhat do people call this individual?"
      },
      {
        "from": "gpt",
        "value": "Lady Gaga"
      }
    ]
  },
  {
    "id": "400088",
    "image": "downloaded_images/Personage/Lady_Gaga/image_20241107_160424_25.jpg",
    "conversations": [
      {
        "from": "human",
        "value": "<image>\nWhat do people call this individual?"
      },
      {
        "from": "gpt",
        "value": "Lady Gaga"
      }
    ]
  },
  {
    "id": "400089",
    "image": "downloaded_images/Personage/Lady_Gaga/image_20241107_160359_22.jpg",
    "conversations": [
      {
        "from": "human",
        "value": "<image>\nWhat line of work is this individual in?"
      },
      {
        "from": "gpt",
        "value": "Lady Gaga is a singer, songwriter, and actress."
      }
    ]
  },
  {
    "id": "400090",
    "image": "downloaded_images/Personage/Lady_Gaga/image_20241107_160251_14.jpg",
    "conversations": [
      {
        "from": "human",
        "value": "<image>\nWhat line of work is this individual in?"
      },
      {
        "from": "gpt",
        "value": "Lady Gaga is a singer, songwriter, and actress."
      }
    ]
  },
  {
    "id": "400091",
    "image": "downloaded_images/Personage/Lady_Gaga/image_20241107_160351_21.jpg",
    "conversations": [
      {
        "from": "human",
        "value": "<image>\nWhat line of work is this individual in?"
      },
      {
        "from": "gpt",
        "value": "Lady Gaga is a singer, songwriter, and actress."
      }
    ]
  },
  {
    "id": "400092",
    "image": "downloaded_images/Personage/Lady_Gaga/image_20241107_160242_13.jpg",
    "conversations": [
      {
        "from": "human",
        "value": "<image>\nWhat line of work is this individual in?"
      },
      {
        "from": "gpt",
        "value": "Lady Gaga is a singer, songwriter, and actress."
      }
    ]
  },
  {
    "id": "400093",
    "image": "downloaded_images/Personage/Lady_Gaga/image_20241107_160133_5.jpg",
    "conversations": [
      {
        "from": "human",
        "value": "<image>\nWhat line of work is this individual in?"
      },
      {
        "from": "gpt",
        "value": "Lady Gaga is a singer, songwriter, and actress."
      }
    ]
  },
  {
    "id": "400094",
    "image": "downloaded_images/Personage/Lady_Gaga/image_20241107_160315_17.jpg",
    "conversations": [
      {
        "from": "human",
        "value": "<image>\nCan you list some of this person's significant works?"
      },
      {
        "from": "gpt",
        "value": "Lady Gaga is known for numerous hit songs, including \"Just Dance,\" \"Poker Face,\" \"Bad Romance,\" \"Shallow,\" and \"Rain on Me.\" She has released several successful albums, such as \"The Fame,\" \"Born This Way,\" and \"Chromatica.\" Gaga has won multiple awards, including 13 Grammy Awards, an Academy Award for Best Original Song for \"Shallow,\" and a Golden Globe Award for her role in \"American Horror Story: Hotel.\""
      }
    ]
  },
  {
    "id": "400095",
    "image": "downloaded_images/Personage/Lady_Gaga/image_20241107_160208_9.jpg",
    "conversations": [
      {
        "from": "human",
        "value": "<image>\nCan you list some of this person's significant works?"
      },
      {
        "from": "gpt",
        "value": "Lady Gaga is known for numerous hit songs, including \"Just Dance,\" \"Poker Face,\" \"Bad Romance,\" \"Shallow,\" and \"Rain on Me.\" She has released several successful albums, such as \"The Fame,\" \"Born This Way,\" and \"Chromatica.\" Gaga has won multiple awards, including 13 Grammy Awards, an Academy Award for Best Original Song for \"Shallow,\" and a Golden Globe Award for her role in \"American Horror Story: Hotel.\""
      }
    ]
  },
  {
    "id": "400096",
    "image": "downloaded_images/Personage/Lady_Gaga/image_20241018_162114_19.jpg",
    "conversations": [
      {
        "from": "human",
        "value": "<image>\nCan you list some of this person's significant works?"
      },
      {
        "from": "gpt",
        "value": "Lady Gaga is known for numerous hit songs, including \"Just Dance,\" \"Poker Face,\" \"Bad Romance,\" \"Shallow,\" and \"Rain on Me.\" She has released several successful albums, such as \"The Fame,\" \"Born This Way,\" and \"Chromatica.\" Gaga has won multiple awards, including 13 Grammy Awards, an Academy Award for Best Original Song for \"Shallow,\" and a Golden Globe Award for her role in \"American Horror Story: Hotel.\""
      }
    ]
  },
  {
    "id": "400097",
    "image": "downloaded_images/Personage/Lady_Gaga/image_20241107_160458_29.jpg",
    "conversations": [
      {
        "from": "human",
        "value": "<image>\nCan you list some of this person's significant works?"
      },
      {
        "from": "gpt",
        "value": "Lady Gaga is known for numerous hit songs, including \"Just Dance,\" \"Poker Face,\" \"Bad Romance,\" \"Shallow,\" and \"Rain on Me.\" She has released several successful albums, such as \"The Fame,\" \"Born This Way,\" and \"Chromatica.\" Gaga has won multiple awards, including 13 Grammy Awards, an Academy Award for Best Original Song for \"Shallow,\" and a Golden Globe Award for her role in \"American Horror Story: Hotel.\""
      }
    ]
  },
  {
    "id": "400098",
    "image": "downloaded_images/Personage/Lady_Gaga/image_20241018_161736_4.jpg",
    "conversations": [
      {
        "from": "human",
        "value": "<image>\nCan you list some of this person's significant works?"
      },
      {
        "from": "gpt",
        "value": "Lady Gaga is known for numerous hit songs, including \"Just Dance,\" \"Poker Face,\" \"Bad Romance,\" \"Shallow,\" and \"Rain on Me.\" She has released several successful albums, such as \"The Fame,\" \"Born This Way,\" and \"Chromatica.\" Gaga has won multiple awards, including 13 Grammy Awards, an Academy Award for Best Original Song for \"Shallow,\" and a Golden Globe Award for her role in \"American Horror Story: Hotel.\""
      }
    ]
  },
  {
    "id": "400099",
    "image": "downloaded_images/Personage/Lady_Gaga/image_20241107_160142_6.jpg",
    "conversations": [
      {
        "from": "human",
        "value": "<image>\nIn what ways has this individual influenced their industry or society?"
      },
      {
        "from": "gpt",
        "value": "Lady Gaga has made significant contributions to the music industry with her innovative style and powerful performances, influencing pop culture and music trends. Beyond her artistic achievements, she is an advocate for mental health awareness, LGBTQ+ rights, and anti-bullying initiatives. She founded the Born This Way Foundation, which focuses on empowering youth and promoting kindness and acceptance. Gaga has also used her platform to raise awareness about various social issues, including sexual assault and mental health, making her a prominent figure in activism."
      }
    ]
  },
  {
    "id": "400100",
    "image": "downloaded_images/Personage/Lady_Gaga/image_20241107_160055_3.jpg",
    "conversations": [
      {
        "from": "human",
        "value": "<image>\nIn what ways has this individual influenced their industry or society?"
      },
      {
        "from": "gpt",
        "value": "Lady Gaga has made significant contributions to the music industry with her innovative style and powerful performances, influencing pop culture and music trends. Beyond her artistic achievements, she is an advocate for mental health awareness, LGBTQ+ rights, and anti-bullying initiatives. She founded the Born This Way Foundation, which focuses on empowering youth and promoting kindness and acceptance. Gaga has also used her platform to raise awareness about various social issues, including sexual assault and mental health, making her a prominent figure in activism."
      }
    ]
  },
  {
    "id": "400101",
    "image": "downloaded_images/Personage/Lady_Gaga/image_20241018_161825_7.jpg",
    "conversations": [
      {
        "from": "human",
        "value": "<image>\nIn what ways has this individual influenced their industry or society?"
      },
      {
        "from": "gpt",
        "value": "Lady Gaga has made significant contributions to the music industry with her innovative style and powerful performances, influencing pop culture and music trends. Beyond her artistic achievements, she is an advocate for mental health awareness, LGBTQ+ rights, and anti-bullying initiatives. She founded the Born This Way Foundation, which focuses on empowering youth and promoting kindness and acceptance. Gaga has also used her platform to raise awareness about various social issues, including sexual assault and mental health, making her a prominent figure in activism."
      }
    ]
  },
  {
    "id": "400102",
    "image": "downloaded_images/Personage/Lady_Gaga/image_20241107_160315_17.jpg",
    "conversations": [
      {
        "from": "human",
        "value": "<image>\nIn what ways has this individual influenced their industry or society?"
      },
      {
        "from": "gpt",
        "value": "Lady Gaga has made significant contributions to the music industry with her innovative style and powerful performances, influencing pop culture and music trends. Beyond her artistic achievements, she is an advocate for mental health awareness, LGBTQ+ rights, and anti-bullying initiatives. She founded the Born This Way Foundation, which focuses on empowering youth and promoting kindness and acceptance. Gaga has also used her platform to raise awareness about various social issues, including sexual assault and mental health, making her a prominent figure in activism."
      }
    ]
  },
  {
    "id": "400103",
    "image": "downloaded_images/Personage/Lady_Gaga/image_20241018_162132_21.jpg",
    "conversations": [
      {
        "from": "human",
        "value": "<image>\nIn what ways has this individual influenced their industry or society?"
      },
      {
        "from": "gpt",
        "value": "Lady Gaga has made significant contributions to the music industry with her innovative style and powerful performances, influencing pop culture and music trends. Beyond her artistic achievements, she is an advocate for mental health awareness, LGBTQ+ rights, and anti-bullying initiatives. She founded the Born This Way Foundation, which focuses on empowering youth and promoting kindness and acceptance. Gaga has also used her platform to raise awareness about various social issues, including sexual assault and mental health, making her a prominent figure in activism."
      }
    ]
  }
]