[
  {
    "id": "6",
    "image": "downloaded_images/Cartoon/Naruto/image_20241018_102106_2.jpg",
    "conversations": [
      {
        "from": "human",
        "value": "<image>\nWhat is the title of this cartoon?"
      },
      {
        "from": "gpt",
        "value": "The title of this cartoon is \"Naruto.\""
      }
    ]
  },
  {
    "id": "7",
    "image": "downloaded_images/Cartoon/Naruto/image_20241018_102106_2.jpg",
    "conversations": [
      {
        "from": "human",
        "value": "<image>\nWho created or produced this cartoon?"
      },
      {
        "from": "gpt",
        "value": "\"Naruto\" was created by Masashi Kishimoto and produced by Pierrot and TV Tokyo."
      }
    ]
  },
  {
    "id": "8",
    "image": "downloaded_images/Cartoon/Naruto/image_20241018_102148_7.jpg",
    "conversations": [
      {
        "from": "human",
        "value": "<image>\nWhen was this cartoon first released or aired?"
      },
      {
        "from": "gpt",
        "value": "\"Naruto\" first aired on October 3, 2002."
      }
    ]
  },
  {
    "id": "9",
    "image": "downloaded_images/Cartoon/Naruto/image_20241018_102148_7.jpg",
    "conversations": [
      {
        "from": "human",
        "value": "<image>\nWho are the main characters in this cartoon?"
      },
      {
        "from": "gpt",
        "value": "The main characters in \"Naruto\" include Naruto Uzumaki, Sasuke Uchiha, Sakura Haruno, Kakashi Hatake, and many others from the Hidden Leaf Village."
      }
    ]
  },
  {
    "id": "10",
    "image": "downloaded_images/Cartoon/Naruto/image_20241106_153037_9.jpg",
    "conversations": [
      {
        "from": "human",
        "value": "<image>\nWhat is the central storyline or premise of this cartoon?"
      },
      {
        "from": "gpt",
        "value": "The central storyline of \"Naruto\" follows Naruto Uzumaki, a young ninja with dreams of becoming the strongest ninja and the leader of his village, known as the Hokage. He seeks recognition and acceptance from his peers while overcoming various challenges, including his own struggles with being the host of the Nine-Tails Fox, a powerful beast that attacked his village in the past. The series explores themes of friendship, perseverance, and the journey of self-discovery."
      }
    ]
  },
  {
    "id": "11",
    "image": "downloaded_images/Cartoon/Naruto/image_20241106_152938_3.jpg",
    "conversations": [
      {
        "from": "human",
        "value": "<image>\nWhat is the title of this cartoon?"
      },
      {
        "from": "gpt",
        "value": "The title of this cartoon is \"Naruto.\""
      }
    ]
  },
  {
    "id": "12",
    "image": "downloaded_images/Cartoon/Naruto/image_20241106_153026_8.jpg",
    "conversations": [
      {
        "from": "human",
        "value": "<image>\nWhat is the title of this cartoon?"
      },
      {
        "from": "gpt",
        "value": "The title of this cartoon is \"Naruto.\""
      }
    ]
  },
  {
    "id": "13",
    "image": "downloaded_images/Cartoon/Naruto/image_20241106_153252_24.jpg",
    "conversations": [
      {
        "from": "human",
        "value": "<image>\nWhat is the title of this cartoon?"
      },
      {
        "from": "gpt",
        "value": "The title of this cartoon is \"Naruto.\""
      }
    ]
  },
  {
    "id": "14",
    "image": "downloaded_images/Cartoon/Naruto/image_20241106_153328_28.jpg",
    "conversations": [
      {
        "from": "human",
        "value": "<image>\nWhat is the title of this cartoon?"
      },
      {
        "from": "gpt",
        "value": "The title of this cartoon is \"Naruto.\""
      }
    ]
  },
  {
    "id": "15",
    "image": "downloaded_images/Cartoon/Naruto/image_20241106_153152_17.jpg",
    "conversations": [
      {
        "from": "human",
        "value": "<image>\nWhat is the title of this cartoon?"
      },
      {
        "from": "gpt",
        "value": "The title of this cartoon is \"Naruto.\""
      }
    ]
  },
  {
    "id": "16",
    "image": "downloaded_images/Cartoon/Naruto/image_20241106_153104_12.jpg",
    "conversations": [
      {
        "from": "human",
        "value": "<image>\nWho created or produced this cartoon?"
      },
      {
        "from": "gpt",
        "value": "\"Naruto\" was created by Masashi Kishimoto and produced by Pierrot and TV Tokyo."
      }
    ]
  },
  {
    "id": "17",
    "image": "downloaded_images/Cartoon/Naruto/image_20241106_153346_30.jpg",
    "conversations": [
      {
        "from": "human",
        "value": "<image>\nWho created or produced this cartoon?"
      },
      {
        "from": "gpt",
        "value": "\"Naruto\" was created by Masashi Kishimoto and produced by Pierrot and TV Tokyo."
      }
    ]
  },
  {
    "id": "18",
    "image": "downloaded_images/Cartoon/Naruto/image_20241106_153018_7.jpg",
    "conversations": [
      {
        "from": "human",
        "value": "<image>\nWho created or produced this cartoon?"
      },
      {
        "from": "gpt",
        "value": "\"Naruto\" was created by Masashi Kishimoto and produced by Pierrot and TV Tokyo."
      }
    ]
  },
  {
    "id": "19",
    "image": "downloaded_images/Cartoon/Naruto/image_20241106_152947_4.jpg",
    "conversations": [
      {
        "from": "human",
        "value": "<image>\nWho created or produced this cartoon?"
      },
      {
        "from": "gpt",
        "value": "\"Naruto\" was created by Masashi Kishimoto and produced by Pierrot and TV Tokyo."
      }
    ]
  },
  {
    "id": "20",
    "image": "downloaded_images/Cartoon/Naruto/image_20241018_102116_3.jpg",
    "conversations": [
      {
        "from": "human",
        "value": "<image>\nWho created or produced this cartoon?"
      },
      {
        "from": "gpt",
        "value": "\"Naruto\" was created by Masashi Kishimoto and produced by Pierrot and TV Tokyo."
      }
    ]
  },
  {
    "id": "21",
    "image": "downloaded_images/Cartoon/Naruto/image_20241018_102106_2.jpg",
    "conversations": [
      {
        "from": "human",
        "value": "<image>\nWhen was this cartoon first released or aired?"
      },
      {
        "from": "gpt",
        "value": "\"Naruto\" first aired on October 3, 2002."
      }
    ]
  },
  {
    "id": "22",
    "image": "downloaded_images/Cartoon/Naruto/image_20241106_153008_6.jpg",
    "conversations": [
      {
        "from": "human",
        "value": "<image>\nWhen was this cartoon first released or aired?"
      },
      {
        "from": "gpt",
        "value": "\"Naruto\" first aired on October 3, 2002."
      }
    ]
  },
  {
    "id": "23",
    "image": "downloaded_images/Cartoon/Naruto/image_20241106_153054_11.jpg",
    "conversations": [
      {
        "from": "human",
        "value": "<image>\nWhen was this cartoon first released or aired?"
      },
      {
        "from": "gpt",
        "value": "\"Naruto\" first aired on October 3, 2002."
      }
    ]
  },
  {
    "id": "24",
    "image": "downloaded_images/Cartoon/Naruto/image_20241106_153026_8.jpg",
    "conversations": [
      {
        "from": "human",
        "value": "<image>\nWhen was this cartoon first released or aired?"
      },
      {
        "from": "gpt",
        "value": "\"Naruto\" first aired on October 3, 2002."
      }
    ]
  },
  {
    "id": "25",
    "image": "downloaded_images/Cartoon/Naruto/image_20241106_153218_20.jpg",
    "conversations": [
      {
        "from": "human",
        "value": "<image>\nWhen was this cartoon first released or aired?"
      },
      {
        "from": "gpt",
        "value": "\"Naruto\" first aired on October 3, 2002."
      }
    ]
  },
  {
    "id": "26",
    "image": "downloaded_images/Cartoon/Naruto/image_20241106_153235_22.jpg",
    "conversations": [
      {
        "from": "human",
        "value": "<image>\nWho are the main characters in this cartoon?"
      },
      {
        "from": "gpt",
        "value": "The main characters in \"Naruto\" include Naruto Uzumaki, Sasuke Uchiha, Sakura Haruno, Kakashi Hatake, and many others from the Hidden Leaf Village."
      }
    ]
  },
  {
    "id": "27",
    "image": "downloaded_images/Cartoon/Naruto/image_20241106_153114_13.jpg",
    "conversations": [
      {
        "from": "human",
        "value": "<image>\nWho are the main characters in this cartoon?"
      },
      {
        "from": "gpt",
        "value": "The main characters in \"Naruto\" include Naruto Uzumaki, Sasuke Uchiha, Sakura Haruno, Kakashi Hatake, and many others from the Hidden Leaf Village."
      }
    ]
  },
  {
    "id": "28",
    "image": "downloaded_images/Cartoon/Naruto/image_20241106_153054_11.jpg",
    "conversations": [
      {
        "from": "human",
        "value": "<image>\nWho are the main characters in this cartoon?"
      },
      {
        "from": "gpt",
        "value": "The main characters in \"Naruto\" include Naruto Uzumaki, Sasuke Uchiha, Sakura Haruno, Kakashi Hatake, and many others from the Hidden Leaf Village."
      }
    ]
  },
  {
    "id": "29",
    "image": "downloaded_images/Cartoon/Naruto/image_20241106_152938_3.jpg",
    "conversations": [
      {
        "from": "human",
        "value": "<image>\nWho are the main characters in this cartoon?"
      },
      {
        "from": "gpt",
        "value": "The main characters in \"Naruto\" include Naruto Uzumaki, Sasuke Uchiha, Sakura Haruno, Kakashi Hatake, and many others from the Hidden Leaf Village."
      }
    ]
  },
  {
    "id": "30",
    "image": "downloaded_images/Cartoon/Naruto/image_20241106_153346_30.jpg",
    "conversations": [
      {
        "from": "human",
        "value": "<image>\nWho are the main characters in this cartoon?"
      },
      {
        "from": "gpt",
        "value": "The main characters in \"Naruto\" include Naruto Uzumaki, Sasuke Uchiha, Sakura Haruno, Kakashi Hatake, and many others from the Hidden Leaf Village."
      }
    ]
  },
  {
    "id": "31",
    "image": "downloaded_images/Cartoon/Naruto/image_20241106_153132_15.jpg",
    "conversations": [
      {
        "from": "human",
        "value": "<image>\nWhat is the central storyline or premise of this cartoon?"
      },
      {
        "from": "gpt",
        "value": "The central storyline of \"Naruto\" follows Naruto Uzumaki, a young ninja with dreams of becoming the strongest ninja and the leader of his village, known as the Hokage. He seeks recognition and acceptance from his peers while overcoming various challenges, including his own struggles with being the host of the Nine-Tails Fox, a powerful beast that attacked his village in the past. The series explores themes of friendship, perseverance, and the journey of self-discovery."
      }
    ]
  },
  {
    "id": "32",
    "image": "downloaded_images/Cartoon/Naruto/image_20241018_102157_8.jpg",
    "conversations": [
      {
        "from": "human",
        "value": "<image>\nWhat is the central storyline or premise of this cartoon?"
      },
      {
        "from": "gpt",
        "value": "The central storyline of \"Naruto\" follows Naruto Uzumaki, a young ninja with dreams of becoming the strongest ninja and the leader of his village, known as the Hokage. He seeks recognition and acceptance from his peers while overcoming various challenges, including his own struggles with being the host of the Nine-Tails Fox, a powerful beast that attacked his village in the past. The series explores themes of friendship, perseverance, and the journey of self-discovery."
      }
    ]
  },
  {
    "id": "33",
    "image": "downloaded_images/Cartoon/Naruto/image_20241106_152956_5.jpg",
    "conversations": [
      {
        "from": "human",
        "value": "<image>\nWhat is the central storyline or premise of this cartoon?"
      },
      {
        "from": "gpt",
        "value": "The central storyline of \"Naruto\" follows Naruto Uzumaki, a young ninja with dreams of becoming the strongest ninja and the leader of his village, known as the Hokage. He seeks recognition and acceptance from his peers while overcoming various challenges, including his own struggles with being the host of the Nine-Tails Fox, a powerful beast that attacked his village in the past. The series explores themes of friendship, perseverance, and the journey of self-discovery."
      }
    ]
  },
  {
    "id": "34",
    "image": "downloaded_images/Cartoon/Naruto/image_20241106_153235_22.jpg",
    "conversations": [
      {
        "from": "human",
        "value": "<image>\nWhat is the central storyline or premise of this cartoon?"
      },
      {
        "from": "gpt",
        "value": "The central storyline of \"Naruto\" follows Naruto Uzumaki, a young ninja with dreams of becoming the strongest ninja and the leader of his village, known as the Hokage. He seeks recognition and acceptance from his peers while overcoming various challenges, including his own struggles with being the host of the Nine-Tails Fox, a powerful beast that attacked his village in the past. The series explores themes of friendship, perseverance, and the journey of self-discovery."
      }
    ]
  },
  {
    "id": "35",
    "image": "downloaded_images/Cartoon/Naruto/image_20241106_153252_24.jpg",
    "conversations": [
      {
        "from": "human",
        "value": "<image>\nWhat is the central storyline or premise of this cartoon?"
      },
      {
        "from": "gpt",
        "value": "The central storyline of \"Naruto\" follows Naruto Uzumaki, a young ninja with dreams of becoming the strongest ninja and the leader of his village, known as the Hokage. He seeks recognition and acceptance from his peers while overcoming various challenges, including his own struggles with being the host of the Nine-Tails Fox, a powerful beast that attacked his village in the past. The series explores themes of friendship, perseverance, and the journey of self-discovery."
      }
    ]
  },
  {
    "id": "100006",
    "image": "downloaded_images/Cartoon/Naruto/image_20241018_102106_2.jpg",
    "conversations": [
      {
        "from": "human",
        "value": "<image>\nWhat is the name of this cartoon?"
      },
      {
        "from": "gpt",
        "value": "The title of this cartoon is \"Naruto.\""
      }
    ]
  },
  {
    "id": "100007",
    "image": "downloaded_images/Cartoon/Naruto/image_20241018_102106_2.jpg",
    "conversations": [
      {
        "from": "human",
        "value": "<image>\nWho is the creator or producer of this cartoon?"
      },
      {
        "from": "gpt",
        "value": "\"Naruto\" was created by Masashi Kishimoto and produced by Pierrot and TV Tokyo."
      }
    ]
  },
  {
    "id": "100008",
    "image": "downloaded_images/Cartoon/Naruto/image_20241018_102148_7.jpg",
    "conversations": [
      {
        "from": "human",
        "value": "<image>\nWhen did this cartoon first debut or air?"
      },
      {
        "from": "gpt",
        "value": "\"Naruto\" first aired on October 3, 2002."
      }
    ]
  },
  {
    "id": "100009",
    "image": "downloaded_images/Cartoon/Naruto/image_20241018_102148_7.jpg",
    "conversations": [
      {
        "from": "human",
        "value": "<image>\nWho are the primary characters in this cartoon?"
      },
      {
        "from": "gpt",
        "value": "The main characters in \"Naruto\" include Naruto Uzumaki, Sasuke Uchiha, Sakura Haruno, Kakashi Hatake, and many others from the Hidden Leaf Village."
      }
    ]
  },
  {
    "id": "100010",
    "image": "downloaded_images/Cartoon/Naruto/image_20241106_153037_9.jpg",
    "conversations": [
      {
        "from": "human",
        "value": "<image>\nWhat is the main plot or premise of this cartoon?"
      },
      {
        "from": "gpt",
        "value": "The central storyline of \"Naruto\" follows Naruto Uzumaki, a young ninja with dreams of becoming the strongest ninja and the leader of his village, known as the Hokage. He seeks recognition and acceptance from his peers while overcoming various challenges, including his own struggles with being the host of the Nine-Tails Fox, a powerful beast that attacked his village in the past. The series explores themes of friendship, perseverance, and the journey of self-discovery."
      }
    ]
  },
  {
    "id": "100011",
    "image": "downloaded_images/Cartoon/Naruto/image_20241106_152938_3.jpg",
    "conversations": [
      {
        "from": "human",
        "value": "<image>\nWhat is the name of this cartoon?"
      },
      {
        "from": "gpt",
        "value": "The title of this cartoon is \"Naruto.\""
      }
    ]
  },
  {
    "id": "100012",
    "image": "downloaded_images/Cartoon/Naruto/image_20241106_153026_8.jpg",
    "conversations": [
      {
        "from": "human",
        "value": "<image>\nWhat is the name of this cartoon?"
      },
      {
        "from": "gpt",
        "value": "The title of this cartoon is \"Naruto.\""
      }
    ]
  },
  {
    "id": "100013",
    "image": "downloaded_images/Cartoon/Naruto/image_20241106_153252_24.jpg",
    "conversations": [
      {
        "from": "human",
        "value": "<image>\nWhat is the name of this cartoon?"
      },
      {
        "from": "gpt",
        "value": "The title of this cartoon is \"Naruto.\""
      }
    ]
  },
  {
    "id": "100014",
    "image": "downloaded_images/Cartoon/Naruto/image_20241106_153328_28.jpg",
    "conversations": [
      {
        "from": "human",
        "value": "<image>\nWhat is the name of this cartoon?"
      },
      {
        "from": "gpt",
        "value": "The title of this cartoon is \"Naruto.\""
      }
    ]
  },
  {
    "id": "100015",
    "image": "downloaded_images/Cartoon/Naruto/image_20241106_153152_17.jpg",
    "conversations": [
      {
        "from": "human",
        "value": "<image>\nWhat is the name of this cartoon?"
      },
      {
        "from": "gpt",
        "value": "The title of this cartoon is \"Naruto.\""
      }
    ]
  },
  {
    "id": "100016",
    "image": "downloaded_images/Cartoon/Naruto/image_20241106_153104_12.jpg",
    "conversations": [
      {
        "from": "human",
        "value": "<image>\nWho is the creator or producer of this cartoon?"
      },
      {
        "from": "gpt",
        "value": "\"Naruto\" was created by Masashi Kishimoto and produced by Pierrot and TV Tokyo."
      }
    ]
  },
  {
    "id": "100017",
    "image": "downloaded_images/Cartoon/Naruto/image_20241106_153346_30.jpg",
    "conversations": [
      {
        "from": "human",
        "value": "<image>\nWho is the creator or producer of this cartoon?"
      },
      {
        "from": "gpt",
        "value": "\"Naruto\" was created by Masashi Kishimoto and produced by Pierrot and TV Tokyo."
      }
    ]
  },
  {
    "id": "100018",
    "image": "downloaded_images/Cartoon/Naruto/image_20241106_153018_7.jpg",
    "conversations": [
      {
        "from": "human",
        "value": "<image>\nWho is the creator or producer of this cartoon?"
      },
      {
        "from": "gpt",
        "value": "\"Naruto\" was created by Masashi Kishimoto and produced by Pierrot and TV Tokyo."
      }
    ]
  },
  {
    "id": "100019",
    "image": "downloaded_images/Cartoon/Naruto/image_20241106_152947_4.jpg",
    "conversations": [
      {
        "from": "human",
        "value": "<image>\nWho is the creator or producer of this cartoon?"
      },
      {
        "from": "gpt",
        "value": "\"Naruto\" was created by Masashi Kishimoto and produced by Pierrot and TV Tokyo."
      }
    ]
  },
  {
    "id": "100020",
    "image": "downloaded_images/Cartoon/Naruto/image_20241018_102116_3.jpg",
    "conversations": [
      {
        "from": "human",
        "value": "<image>\nWho is the creator or producer of this cartoon?"
      },
      {
        "from": "gpt",
        "value": "\"Naruto\" was created by Masashi Kishimoto and produced by Pierrot and TV Tokyo."
      }
    ]
  },
  {
    "id": "100021",
    "image": "downloaded_images/Cartoon/Naruto/image_20241018_102106_2.jpg",
    "conversations": [
      {
        "from": "human",
        "value": "<image>\nWhen did this cartoon first debut or air?"
      },
      {
        "from": "gpt",
        "value": "\"Naruto\" first aired on October 3, 2002."
      }
    ]
  },
  {
    "id": "100022",
    "image": "downloaded_images/Cartoon/Naruto/image_20241106_153008_6.jpg",
    "conversations": [
      {
        "from": "human",
        "value": "<image>\nWhen did this cartoon first debut or air?"
      },
      {
        "from": "gpt",
        "value": "\"Naruto\" first aired on October 3, 2002."
      }
    ]
  },
  {
    "id": "100023",
    "image": "downloaded_images/Cartoon/Naruto/image_20241106_153054_11.jpg",
    "conversations": [
      {
        "from": "human",
        "value": "<image>\nWhen did this cartoon first debut or air?"
      },
      {
        "from": "gpt",
        "value": "\"Naruto\" first aired on October 3, 2002."
      }
    ]
  },
  {
    "id": "100024",
    "image": "downloaded_images/Cartoon/Naruto/image_20241106_153026_8.jpg",
    "conversations": [
      {
        "from": "human",
        "value": "<image>\nWhen did this cartoon first debut or air?"
      },
      {
        "from": "gpt",
        "value": "\"Naruto\" first aired on October 3, 2002."
      }
    ]
  },
  {
    "id": "100025",
    "image": "downloaded_images/Cartoon/Naruto/image_20241106_153218_20.jpg",
    "conversations": [
      {
        "from": "human",
        "value": "<image>\nWhen did this cartoon first debut or air?"
      },
      {
        "from": "gpt",
        "value": "\"Naruto\" first aired on October 3, 2002."
      }
    ]
  },
  {
    "id": "100026",
    "image": "downloaded_images/Cartoon/Naruto/image_20241106_153235_22.jpg",
    "conversations": [
      {
        "from": "human",
        "value": "<image>\nWho are the primary characters in this cartoon?"
      },
      {
        "from": "gpt",
        "value": "The main characters in \"Naruto\" include Naruto Uzumaki, Sasuke Uchiha, Sakura Haruno, Kakashi Hatake, and many others from the Hidden Leaf Village."
      }
    ]
  },
  {
    "id": "100027",
    "image": "downloaded_images/Cartoon/Naruto/image_20241106_153114_13.jpg",
    "conversations": [
      {
        "from": "human",
        "value": "<image>\nWho are the primary characters in this cartoon?"
      },
      {
        "from": "gpt",
        "value": "The main characters in \"Naruto\" include Naruto Uzumaki, Sasuke Uchiha, Sakura Haruno, Kakashi Hatake, and many others from the Hidden Leaf Village."
      }
    ]
  },
  {
    "id": "100028",
    "image": "downloaded_images/Cartoon/Naruto/image_20241106_153054_11.jpg",
    "conversations": [
      {
        "from": "human",
        "value": "<image>\nWho are the primary characters in this cartoon?"
      },
      {
        "from": "gpt",
        "value": "The main characters in \"Naruto\" include Naruto Uzumaki, Sasuke Uchiha, Sakura Haruno, Kakashi Hatake, and many others from the Hidden Leaf Village."
      }
    ]
  },
  {
    "id": "100029",
    "image": "downloaded_images/Cartoon/Naruto/image_20241106_152938_3.jpg",
    "conversations": [
      {
        "from": "human",
        "value": "<image>\nWho are the primary characters in this cartoon?"
      },
      {
        "from": "gpt",
        "value": "The main characters in \"Naruto\" include Naruto Uzumaki, Sasuke Uchiha, Sakura Haruno, Kakashi Hatake, and many others from the Hidden Leaf Village."
      }
    ]
  },
  {
    "id": "100030",
    "image": "downloaded_images/Cartoon/Naruto/image_20241106_153346_30.jpg",
    "conversations": [
      {
        "from": "human",
        "value": "<image>\nWho are the primary characters in this cartoon?"
      },
      {
        "from": "gpt",
        "value": "The main characters in \"Naruto\" include Naruto Uzumaki, Sasuke Uchiha, Sakura Haruno, Kakashi Hatake, and many others from the Hidden Leaf Village."
      }
    ]
  },
  {
    "id": "100031",
    "image": "downloaded_images/Cartoon/Naruto/image_20241106_153132_15.jpg",
    "conversations": [
      {
        "from": "human",
        "value": "<image>\nWhat is the main plot or premise of this cartoon?"
      },
      {
        "from": "gpt",
        "value": "The central storyline of \"Naruto\" follows Naruto Uzumaki, a young ninja with dreams of becoming the strongest ninja and the leader of his village, known as the Hokage. He seeks recognition and acceptance from his peers while overcoming various challenges, including his own struggles with being the host of the Nine-Tails Fox, a powerful beast that attacked his village in the past. The series explores themes of friendship, perseverance, and the journey of self-discovery."
      }
    ]
  },
  {
    "id": "100032",
    "image": "downloaded_images/Cartoon/Naruto/image_20241018_102157_8.jpg",
    "conversations": [
      {
        "from": "human",
        "value": "<image>\nWhat is the main plot or premise of this cartoon?"
      },
      {
        "from": "gpt",
        "value": "The central storyline of \"Naruto\" follows Naruto Uzumaki, a young ninja with dreams of becoming the strongest ninja and the leader of his village, known as the Hokage. He seeks recognition and acceptance from his peers while overcoming various challenges, including his own struggles with being the host of the Nine-Tails Fox, a powerful beast that attacked his village in the past. The series explores themes of friendship, perseverance, and the journey of self-discovery."
      }
    ]
  },
  {
    "id": "100033",
    "image": "downloaded_images/Cartoon/Naruto/image_20241106_152956_5.jpg",
    "conversations": [
      {
        "from": "human",
        "value": "<image>\nWhat is the main plot or premise of this cartoon?"
      },
      {
        "from": "gpt",
        "value": "The central storyline of \"Naruto\" follows Naruto Uzumaki, a young ninja with dreams of becoming the strongest ninja and the leader of his village, known as the Hokage. He seeks recognition and acceptance from his peers while overcoming various challenges, including his own struggles with being the host of the Nine-Tails Fox, a powerful beast that attacked his village in the past. The series explores themes of friendship, perseverance, and the journey of self-discovery."
      }
    ]
  },
  {
    "id": "100034",
    "image": "downloaded_images/Cartoon/Naruto/image_20241106_153235_22.jpg",
    "conversations": [
      {
        "from": "human",
        "value": "<image>\nWhat is the main plot or premise of this cartoon?"
      },
      {
        "from": "gpt",
        "value": "The central storyline of \"Naruto\" follows Naruto Uzumaki, a young ninja with dreams of becoming the strongest ninja and the leader of his village, known as the Hokage. He seeks recognition and acceptance from his peers while overcoming various challenges, including his own struggles with being the host of the Nine-Tails Fox, a powerful beast that attacked his village in the past. The series explores themes of friendship, perseverance, and the journey of self-discovery."
      }
    ]
  },
  {
    "id": "100035",
    "image": "downloaded_images/Cartoon/Naruto/image_20241106_153252_24.jpg",
    "conversations": [
      {
        "from": "human",
        "value": "<image>\nWhat is the main plot or premise of this cartoon?"
      },
      {
        "from": "gpt",
        "value": "The central storyline of \"Naruto\" follows Naruto Uzumaki, a young ninja with dreams of becoming the strongest ninja and the leader of his village, known as the Hokage. He seeks recognition and acceptance from his peers while overcoming various challenges, including his own struggles with being the host of the Nine-Tails Fox, a powerful beast that attacked his village in the past. The series explores themes of friendship, perseverance, and the journey of self-discovery."
      }
    ]
  },
  {
    "id": "200006",
    "image": "downloaded_images/Cartoon/Naruto/image_20241018_102106_2.jpg",
    "conversations": [
      {
        "from": "human",
        "value": "<image>\nWhat is the title of this animated series?"
      },
      {
        "from": "gpt",
        "value": "The title of this cartoon is \"Naruto.\""
      }
    ]
  },
  {
    "id": "200007",
    "image": "downloaded_images/Cartoon/Naruto/image_20241018_102106_2.jpg",
    "conversations": [
      {
        "from": "human",
        "value": "<image>\nWho made or produced this animated show?"
      },
      {
        "from": "gpt",
        "value": "\"Naruto\" was created by Masashi Kishimoto and produced by Pierrot and TV Tokyo."
      }
    ]
  },
  {
    "id": "200008",
    "image": "downloaded_images/Cartoon/Naruto/image_20241018_102148_7.jpg",
    "conversations": [
      {
        "from": "human",
        "value": "<image>\nWhat year was this cartoon released?"
      },
      {
        "from": "gpt",
        "value": "\"Naruto\" first aired on October 3, 2002."
      }
    ]
  },
  {
    "id": "200009",
    "image": "downloaded_images/Cartoon/Naruto/image_20241018_102148_7.jpg",
    "conversations": [
      {
        "from": "human",
        "value": "<image>\nWho are the main figures in this animated series?"
      },
      {
        "from": "gpt",
        "value": "The main characters in \"Naruto\" include Naruto Uzumaki, Sasuke Uchiha, Sakura Haruno, Kakashi Hatake, and many others from the Hidden Leaf Village."
      }
    ]
  },
  {
    "id": "200010",
    "image": "downloaded_images/Cartoon/Naruto/image_20241106_153037_9.jpg",
    "conversations": [
      {
        "from": "human",
        "value": "<image>\nWhat is the central storyline of this animated series?"
      },
      {
        "from": "gpt",
        "value": "The central storyline of \"Naruto\" follows Naruto Uzumaki, a young ninja with dreams of becoming the strongest ninja and the leader of his village, known as the Hokage. He seeks recognition and acceptance from his peers while overcoming various challenges, including his own struggles with being the host of the Nine-Tails Fox, a powerful beast that attacked his village in the past. The series explores themes of friendship, perseverance, and the journey of self-discovery."
      }
    ]
  },
  {
    "id": "200011",
    "image": "downloaded_images/Cartoon/Naruto/image_20241106_152938_3.jpg",
    "conversations": [
      {
        "from": "human",
        "value": "<image>\nWhat is the title of this animated series?"
      },
      {
        "from": "gpt",
        "value": "The title of this cartoon is \"Naruto.\""
      }
    ]
  },
  {
    "id": "200012",
    "image": "downloaded_images/Cartoon/Naruto/image_20241106_153026_8.jpg",
    "conversations": [
      {
        "from": "human",
        "value": "<image>\nWhat is the title of this animated series?"
      },
      {
        "from": "gpt",
        "value": "The title of this cartoon is \"Naruto.\""
      }
    ]
  },
  {
    "id": "200013",
    "image": "downloaded_images/Cartoon/Naruto/image_20241106_153252_24.jpg",
    "conversations": [
      {
        "from": "human",
        "value": "<image>\nWhat is the title of this animated series?"
      },
      {
        "from": "gpt",
        "value": "The title of this cartoon is \"Naruto.\""
      }
    ]
  },
  {
    "id": "200014",
    "image": "downloaded_images/Cartoon/Naruto/image_20241106_153328_28.jpg",
    "conversations": [
      {
        "from": "human",
        "value": "<image>\nWhat is the title of this animated series?"
      },
      {
        "from": "gpt",
        "value": "The title of this cartoon is \"Naruto.\""
      }
    ]
  },
  {
    "id": "200015",
    "image": "downloaded_images/Cartoon/Naruto/image_20241106_153152_17.jpg",
    "conversations": [
      {
        "from": "human",
        "value": "<image>\nWhat is the title of this animated series?"
      },
      {
        "from": "gpt",
        "value": "The title of this cartoon is \"Naruto.\""
      }
    ]
  },
  {
    "id": "200016",
    "image": "downloaded_images/Cartoon/Naruto/image_20241106_153104_12.jpg",
    "conversations": [
      {
        "from": "human",
        "value": "<image>\nWho made or produced this animated show?"
      },
      {
        "from": "gpt",
        "value": "\"Naruto\" was created by Masashi Kishimoto and produced by Pierrot and TV Tokyo."
      }
    ]
  },
  {
    "id": "200017",
    "image": "downloaded_images/Cartoon/Naruto/image_20241106_153346_30.jpg",
    "conversations": [
      {
        "from": "human",
        "value": "<image>\nWho made or produced this animated show?"
      },
      {
        "from": "gpt",
        "value": "\"Naruto\" was created by Masashi Kishimoto and produced by Pierrot and TV Tokyo."
      }
    ]
  },
  {
    "id": "200018",
    "image": "downloaded_images/Cartoon/Naruto/image_20241106_153018_7.jpg",
    "conversations": [
      {
        "from": "human",
        "value": "<image>\nWho made or produced this animated show?"
      },
      {
        "from": "gpt",
        "value": "\"Naruto\" was created by Masashi Kishimoto and produced by Pierrot and TV Tokyo."
      }
    ]
  },
  {
    "id": "200019",
    "image": "downloaded_images/Cartoon/Naruto/image_20241106_152947_4.jpg",
    "conversations": [
      {
        "from": "human",
        "value": "<image>\nWho made or produced this animated show?"
      },
      {
        "from": "gpt",
        "value": "\"Naruto\" was created by Masashi Kishimoto and produced by Pierrot and TV Tokyo."
      }
    ]
  },
  {
    "id": "200020",
    "image": "downloaded_images/Cartoon/Naruto/image_20241018_102116_3.jpg",
    "conversations": [
      {
        "from": "human",
        "value": "<image>\nWho made or produced this animated show?"
      },
      {
        "from": "gpt",
        "value": "\"Naruto\" was created by Masashi Kishimoto and produced by Pierrot and TV Tokyo."
      }
    ]
  },
  {
    "id": "200021",
    "image": "downloaded_images/Cartoon/Naruto/image_20241018_102106_2.jpg",
    "conversations": [
      {
        "from": "human",
        "value": "<image>\nWhat year was this cartoon released?"
      },
      {
        "from": "gpt",
        "value": "\"Naruto\" first aired on October 3, 2002."
      }
    ]
  },
  {
    "id": "200022",
    "image": "downloaded_images/Cartoon/Naruto/image_20241106_153008_6.jpg",
    "conversations": [
      {
        "from": "human",
        "value": "<image>\nWhat year was this cartoon released?"
      },
      {
        "from": "gpt",
        "value": "\"Naruto\" first aired on October 3, 2002."
      }
    ]
  },
  {
    "id": "200023",
    "image": "downloaded_images/Cartoon/Naruto/image_20241106_153054_11.jpg",
    "conversations": [
      {
        "from": "human",
        "value": "<image>\nWhat year was this cartoon released?"
      },
      {
        "from": "gpt",
        "value": "\"Naruto\" first aired on October 3, 2002."
      }
    ]
  },
  {
    "id": "200024",
    "image": "downloaded_images/Cartoon/Naruto/image_20241106_153026_8.jpg",
    "conversations": [
      {
        "from": "human",
        "value": "<image>\nWhat year was this cartoon released?"
      },
      {
        "from": "gpt",
        "value": "\"Naruto\" first aired on October 3, 2002."
      }
    ]
  },
  {
    "id": "200025",
    "image": "downloaded_images/Cartoon/Naruto/image_20241106_153218_20.jpg",
    "conversations": [
      {
        "from": "human",
        "value": "<image>\nWhat year was this cartoon released?"
      },
      {
        "from": "gpt",
        "value": "\"Naruto\" first aired on October 3, 2002."
      }
    ]
  },
  {
    "id": "200026",
    "image": "downloaded_images/Cartoon/Naruto/image_20241106_153235_22.jpg",
    "conversations": [
      {
        "from": "human",
        "value": "<image>\nWho are the main figures in this animated series?"
      },
      {
        "from": "gpt",
        "value": "The main characters in \"Naruto\" include Naruto Uzumaki, Sasuke Uchiha, Sakura Haruno, Kakashi Hatake, and many others from the Hidden Leaf Village."
      }
    ]
  },
  {
    "id": "200027",
    "image": "downloaded_images/Cartoon/Naruto/image_20241106_153114_13.jpg",
    "conversations": [
      {
        "from": "human",
        "value": "<image>\nWho are the main figures in this animated series?"
      },
      {
        "from": "gpt",
        "value": "The main characters in \"Naruto\" include Naruto Uzumaki, Sasuke Uchiha, Sakura Haruno, Kakashi Hatake, and many others from the Hidden Leaf Village."
      }
    ]
  },
  {
    "id": "200028",
    "image": "downloaded_images/Cartoon/Naruto/image_20241106_153054_11.jpg",
    "conversations": [
      {
        "from": "human",
        "value": "<image>\nWho are the main figures in this animated series?"
      },
      {
        "from": "gpt",
        "value": "The main characters in \"Naruto\" include Naruto Uzumaki, Sasuke Uchiha, Sakura Haruno, Kakashi Hatake, and many others from the Hidden Leaf Village."
      }
    ]
  },
  {
    "id": "200029",
    "image": "downloaded_images/Cartoon/Naruto/image_20241106_152938_3.jpg",
    "conversations": [
      {
        "from": "human",
        "value": "<image>\nWho are the main figures in this animated series?"
      },
      {
        "from": "gpt",
        "value": "The main characters in \"Naruto\" include Naruto Uzumaki, Sasuke Uchiha, Sakura Haruno, Kakashi Hatake, and many others from the Hidden Leaf Village."
      }
    ]
  },
  {
    "id": "200030",
    "image": "downloaded_images/Cartoon/Naruto/image_20241106_153346_30.jpg",
    "conversations": [
      {
        "from": "human",
        "value": "<image>\nWho are the main figures in this animated series?"
      },
      {
        "from": "gpt",
        "value": "The main characters in \"Naruto\" include Naruto Uzumaki, Sasuke Uchiha, Sakura Haruno, Kakashi Hatake, and many others from the Hidden Leaf Village."
      }
    ]
  },
  {
    "id": "200031",
    "image": "downloaded_images/Cartoon/Naruto/image_20241106_153132_15.jpg",
    "conversations": [
      {
        "from": "human",
        "value": "<image>\nWhat is the central storyline of this animated series?"
      },
      {
        "from": "gpt",
        "value": "The central storyline of \"Naruto\" follows Naruto Uzumaki, a young ninja with dreams of becoming the strongest ninja and the leader of his village, known as the Hokage. He seeks recognition and acceptance from his peers while overcoming various challenges, including his own struggles with being the host of the Nine-Tails Fox, a powerful beast that attacked his village in the past. The series explores themes of friendship, perseverance, and the journey of self-discovery."
      }
    ]
  },
  {
    "id": "200032",
    "image": "downloaded_images/Cartoon/Naruto/image_20241018_102157_8.jpg",
    "conversations": [
      {
        "from": "human",
        "value": "<image>\nWhat is the central storyline of this animated series?"
      },
      {
        "from": "gpt",
        "value": "The central storyline of \"Naruto\" follows Naruto Uzumaki, a young ninja with dreams of becoming the strongest ninja and the leader of his village, known as the Hokage. He seeks recognition and acceptance from his peers while overcoming various challenges, including his own struggles with being the host of the Nine-Tails Fox, a powerful beast that attacked his village in the past. The series explores themes of friendship, perseverance, and the journey of self-discovery."
      }
    ]
  },
  {
    "id": "200033",
    "image": "downloaded_images/Cartoon/Naruto/image_20241106_152956_5.jpg",
    "conversations": [
      {
        "from": "human",
        "value": "<image>\nWhat is the central storyline of this animated series?"
      },
      {
        "from": "gpt",
        "value": "The central storyline of \"Naruto\" follows Naruto Uzumaki, a young ninja with dreams of becoming the strongest ninja and the leader of his village, known as the Hokage. He seeks recognition and acceptance from his peers while overcoming various challenges, including his own struggles with being the host of the Nine-Tails Fox, a powerful beast that attacked his village in the past. The series explores themes of friendship, perseverance, and the journey of self-discovery."
      }
    ]
  },
  {
    "id": "200034",
    "image": "downloaded_images/Cartoon/Naruto/image_20241106_153235_22.jpg",
    "conversations": [
      {
        "from": "human",
        "value": "<image>\nWhat is the central storyline of this animated series?"
      },
      {
        "from": "gpt",
        "value": "The central storyline of \"Naruto\" follows Naruto Uzumaki, a young ninja with dreams of becoming the strongest ninja and the leader of his village, known as the Hokage. He seeks recognition and acceptance from his peers while overcoming various challenges, including his own struggles with being the host of the Nine-Tails Fox, a powerful beast that attacked his village in the past. The series explores themes of friendship, perseverance, and the journey of self-discovery."
      }
    ]
  },
  {
    "id": "200035",
    "image": "downloaded_images/Cartoon/Naruto/image_20241106_153252_24.jpg",
    "conversations": [
      {
        "from": "human",
        "value": "<image>\nWhat is the central storyline of this animated series?"
      },
      {
        "from": "gpt",
        "value": "The central storyline of \"Naruto\" follows Naruto Uzumaki, a young ninja with dreams of becoming the strongest ninja and the leader of his village, known as the Hokage. He seeks recognition and acceptance from his peers while overcoming various challenges, including his own struggles with being the host of the Nine-Tails Fox, a powerful beast that attacked his village in the past. The series explores themes of friendship, perseverance, and the journey of self-discovery."
      }
    ]
  },
  {
    "id": "300006",
    "image": "downloaded_images/Cartoon/Naruto/image_20241018_102106_2.jpg",
    "conversations": [
      {
        "from": "human",
        "value": "<image>\nHow is this cartoon referred to?"
      },
      {
        "from": "gpt",
        "value": "The title of this cartoon is \"Naruto.\""
      }
    ]
  },
  {
    "id": "300007",
    "image": "downloaded_images/Cartoon/Naruto/image_20241018_102106_2.jpg",
    "conversations": [
      {
        "from": "human",
        "value": "<image>\nWho is responsible for creating this cartoon?"
      },
      {
        "from": "gpt",
        "value": "\"Naruto\" was created by Masashi Kishimoto and produced by Pierrot and TV Tokyo."
      }
    ]
  },
  {
    "id": "300008",
    "image": "downloaded_images/Cartoon/Naruto/image_20241018_102148_7.jpg",
    "conversations": [
      {
        "from": "human",
        "value": "<image>\nWhen was the initial airing of this cartoon?"
      },
      {
        "from": "gpt",
        "value": "\"Naruto\" first aired on October 3, 2002."
      }
    ]
  },
  {
    "id": "300009",
    "image": "downloaded_images/Cartoon/Naruto/image_20241018_102148_7.jpg",
    "conversations": [
      {
        "from": "human",
        "value": "<image>\nWhat characters play central roles in this cartoon?"
      },
      {
        "from": "gpt",
        "value": "The main characters in \"Naruto\" include Naruto Uzumaki, Sasuke Uchiha, Sakura Haruno, Kakashi Hatake, and many others from the Hidden Leaf Village."
      }
    ]
  },
  {
    "id": "300010",
    "image": "downloaded_images/Cartoon/Naruto/image_20241106_153037_9.jpg",
    "conversations": [
      {
        "from": "human",
        "value": "<image>\nWhat is the basic premise of this cartoon?"
      },
      {
        "from": "gpt",
        "value": "The central storyline of \"Naruto\" follows Naruto Uzumaki, a young ninja with dreams of becoming the strongest ninja and the leader of his village, known as the Hokage. He seeks recognition and acceptance from his peers while overcoming various challenges, including his own struggles with being the host of the Nine-Tails Fox, a powerful beast that attacked his village in the past. The series explores themes of friendship, perseverance, and the journey of self-discovery."
      }
    ]
  },
  {
    "id": "300011",
    "image": "downloaded_images/Cartoon/Naruto/image_20241106_152938_3.jpg",
    "conversations": [
      {
        "from": "human",
        "value": "<image>\nHow is this cartoon referred to?"
      },
      {
        "from": "gpt",
        "value": "The title of this cartoon is \"Naruto.\""
      }
    ]
  },
  {
    "id": "300012",
    "image": "downloaded_images/Cartoon/Naruto/image_20241106_153026_8.jpg",
    "conversations": [
      {
        "from": "human",
        "value": "<image>\nHow is this cartoon referred to?"
      },
      {
        "from": "gpt",
        "value": "The title of this cartoon is \"Naruto.\""
      }
    ]
  },
  {
    "id": "300013",
    "image": "downloaded_images/Cartoon/Naruto/image_20241106_153252_24.jpg",
    "conversations": [
      {
        "from": "human",
        "value": "<image>\nHow is this cartoon referred to?"
      },
      {
        "from": "gpt",
        "value": "The title of this cartoon is \"Naruto.\""
      }
    ]
  },
  {
    "id": "300014",
    "image": "downloaded_images/Cartoon/Naruto/image_20241106_153328_28.jpg",
    "conversations": [
      {
        "from": "human",
        "value": "<image>\nHow is this cartoon referred to?"
      },
      {
        "from": "gpt",
        "value": "The title of this cartoon is \"Naruto.\""
      }
    ]
  },
  {
    "id": "300015",
    "image": "downloaded_images/Cartoon/Naruto/image_20241106_153152_17.jpg",
    "conversations": [
      {
        "from": "human",
        "value": "<image>\nHow is this cartoon referred to?"
      },
      {
        "from": "gpt",
        "value": "The title of this cartoon is \"Naruto.\""
      }
    ]
  },
  {
    "id": "300016",
    "image": "downloaded_images/Cartoon/Naruto/image_20241106_153104_12.jpg",
    "conversations": [
      {
        "from": "human",
        "value": "<image>\nWho is responsible for creating this cartoon?"
      },
      {
        "from": "gpt",
        "value": "\"Naruto\" was created by Masashi Kishimoto and produced by Pierrot and TV Tokyo."
      }
    ]
  },
  {
    "id": "300017",
    "image": "downloaded_images/Cartoon/Naruto/image_20241106_153346_30.jpg",
    "conversations": [
      {
        "from": "human",
        "value": "<image>\nWho is responsible for creating this cartoon?"
      },
      {
        "from": "gpt",
        "value": "\"Naruto\" was created by Masashi Kishimoto and produced by Pierrot and TV Tokyo."
      }
    ]
  },
  {
    "id": "300018",
    "image": "downloaded_images/Cartoon/Naruto/image_20241106_153018_7.jpg",
    "conversations": [
      {
        "from": "human",
        "value": "<image>\nWho is responsible for creating this cartoon?"
      },
      {
        "from": "gpt",
        "value": "\"Naruto\" was created by Masashi Kishimoto and produced by Pierrot and TV Tokyo."
      }
    ]
  },
  {
    "id": "300019",
    "image": "downloaded_images/Cartoon/Naruto/image_20241106_152947_4.jpg",
    "conversations": [
      {
        "from": "human",
        "value": "<image>\nWho is responsible for creating this cartoon?"
      },
      {
        "from": "gpt",
        "value": "\"Naruto\" was created by Masashi Kishimoto and produced by Pierrot and TV Tokyo."
      }
    ]
  },
  {
    "id": "300020",
    "image": "downloaded_images/Cartoon/Naruto/image_20241018_102116_3.jpg",
    "conversations": [
      {
        "from": "human",
        "value": "<image>\nWho is responsible for creating this cartoon?"
      },
      {
        "from": "gpt",
        "value": "\"Naruto\" was created by Masashi Kishimoto and produced by Pierrot and TV Tokyo."
      }
    ]
  },
  {
    "id": "300021",
    "image": "downloaded_images/Cartoon/Naruto/image_20241018_102106_2.jpg",
    "conversations": [
      {
        "from": "human",
        "value": "<image>\nWhen was the initial airing of this cartoon?"
      },
      {
        "from": "gpt",
        "value": "\"Naruto\" first aired on October 3, 2002."
      }
    ]
  },
  {
    "id": "300022",
    "image": "downloaded_images/Cartoon/Naruto/image_20241106_153008_6.jpg",
    "conversations": [
      {
        "from": "human",
        "value": "<image>\nWhen was the initial airing of this cartoon?"
      },
      {
        "from": "gpt",
        "value": "\"Naruto\" first aired on October 3, 2002."
      }
    ]
  },
  {
    "id": "300023",
    "image": "downloaded_images/Cartoon/Naruto/image_20241106_153054_11.jpg",
    "conversations": [
      {
        "from": "human",
        "value": "<image>\nWhen was the initial airing of this cartoon?"
      },
      {
        "from": "gpt",
        "value": "\"Naruto\" first aired on October 3, 2002."
      }
    ]
  },
  {
    "id": "300024",
    "image": "downloaded_images/Cartoon/Naruto/image_20241106_153026_8.jpg",
    "conversations": [
      {
        "from": "human",
        "value": "<image>\nWhen was the initial airing of this cartoon?"
      },
      {
        "from": "gpt",
        "value": "\"Naruto\" first aired on October 3, 2002."
      }
    ]
  },
  {
    "id": "300025",
    "image": "downloaded_images/Cartoon/Naruto/image_20241106_153218_20.jpg",
    "conversations": [
      {
        "from": "human",
        "value": "<image>\nWhen was the initial airing of this cartoon?"
      },
      {
        "from": "gpt",
        "value": "\"Naruto\" first aired on October 3, 2002."
      }
    ]
  },
  {
    "id": "300026",
    "image": "downloaded_images/Cartoon/Naruto/image_20241106_153235_22.jpg",
    "conversations": [
      {
        "from": "human",
        "value": "<image>\nWhat characters play central roles in this cartoon?"
      },
      {
        "from": "gpt",
        "value": "The main characters in \"Naruto\" include Naruto Uzumaki, Sasuke Uchiha, Sakura Haruno, Kakashi Hatake, and many others from the Hidden Leaf Village."
      }
    ]
  },
  {
    "id": "300027",
    "image": "downloaded_images/Cartoon/Naruto/image_20241106_153114_13.jpg",
    "conversations": [
      {
        "from": "human",
        "value": "<image>\nWhat characters play central roles in this cartoon?"
      },
      {
        "from": "gpt",
        "value": "The main characters in \"Naruto\" include Naruto Uzumaki, Sasuke Uchiha, Sakura Haruno, Kakashi Hatake, and many others from the Hidden Leaf Village."
      }
    ]
  },
  {
    "id": "300028",
    "image": "downloaded_images/Cartoon/Naruto/image_20241106_153054_11.jpg",
    "conversations": [
      {
        "from": "human",
        "value": "<image>\nWhat characters play central roles in this cartoon?"
      },
      {
        "from": "gpt",
        "value": "The main characters in \"Naruto\" include Naruto Uzumaki, Sasuke Uchiha, Sakura Haruno, Kakashi Hatake, and many others from the Hidden Leaf Village."
      }
    ]
  },
  {
    "id": "300029",
    "image": "downloaded_images/Cartoon/Naruto/image_20241106_152938_3.jpg",
    "conversations": [
      {
        "from": "human",
        "value": "<image>\nWhat characters play central roles in this cartoon?"
      },
      {
        "from": "gpt",
        "value": "The main characters in \"Naruto\" include Naruto Uzumaki, Sasuke Uchiha, Sakura Haruno, Kakashi Hatake, and many others from the Hidden Leaf Village."
      }
    ]
  },
  {
    "id": "300030",
    "image": "downloaded_images/Cartoon/Naruto/image_20241106_153346_30.jpg",
    "conversations": [
      {
        "from": "human",
        "value": "<image>\nWhat characters play central roles in this cartoon?"
      },
      {
        "from": "gpt",
        "value": "The main characters in \"Naruto\" include Naruto Uzumaki, Sasuke Uchiha, Sakura Haruno, Kakashi Hatake, and many others from the Hidden Leaf Village."
      }
    ]
  },
  {
    "id": "300031",
    "image": "downloaded_images/Cartoon/Naruto/image_20241106_153132_15.jpg",
    "conversations": [
      {
        "from": "human",
        "value": "<image>\nWhat is the basic premise of this cartoon?"
      },
      {
        "from": "gpt",
        "value": "The central storyline of \"Naruto\" follows Naruto Uzumaki, a young ninja with dreams of becoming the strongest ninja and the leader of his village, known as the Hokage. He seeks recognition and acceptance from his peers while overcoming various challenges, including his own struggles with being the host of the Nine-Tails Fox, a powerful beast that attacked his village in the past. The series explores themes of friendship, perseverance, and the journey of self-discovery."
      }
    ]
  },
  {
    "id": "300032",
    "image": "downloaded_images/Cartoon/Naruto/image_20241018_102157_8.jpg",
    "conversations": [
      {
        "from": "human",
        "value": "<image>\nWhat is the basic premise of this cartoon?"
      },
      {
        "from": "gpt",
        "value": "The central storyline of \"Naruto\" follows Naruto Uzumaki, a young ninja with dreams of becoming the strongest ninja and the leader of his village, known as the Hokage. He seeks recognition and acceptance from his peers while overcoming various challenges, including his own struggles with being the host of the Nine-Tails Fox, a powerful beast that attacked his village in the past. The series explores themes of friendship, perseverance, and the journey of self-discovery."
      }
    ]
  },
  {
    "id": "300033",
    "image": "downloaded_images/Cartoon/Naruto/image_20241106_152956_5.jpg",
    "conversations": [
      {
        "from": "human",
        "value": "<image>\nWhat is the basic premise of this cartoon?"
      },
      {
        "from": "gpt",
        "value": "The central storyline of \"Naruto\" follows Naruto Uzumaki, a young ninja with dreams of becoming the strongest ninja and the leader of his village, known as the Hokage. He seeks recognition and acceptance from his peers while overcoming various challenges, including his own struggles with being the host of the Nine-Tails Fox, a powerful beast that attacked his village in the past. The series explores themes of friendship, perseverance, and the journey of self-discovery."
      }
    ]
  },
  {
    "id": "300034",
    "image": "downloaded_images/Cartoon/Naruto/image_20241106_153235_22.jpg",
    "conversations": [
      {
        "from": "human",
        "value": "<image>\nWhat is the basic premise of this cartoon?"
      },
      {
        "from": "gpt",
        "value": "The central storyline of \"Naruto\" follows Naruto Uzumaki, a young ninja with dreams of becoming the strongest ninja and the leader of his village, known as the Hokage. He seeks recognition and acceptance from his peers while overcoming various challenges, including his own struggles with being the host of the Nine-Tails Fox, a powerful beast that attacked his village in the past. The series explores themes of friendship, perseverance, and the journey of self-discovery."
      }
    ]
  },
  {
    "id": "300035",
    "image": "downloaded_images/Cartoon/Naruto/image_20241106_153252_24.jpg",
    "conversations": [
      {
        "from": "human",
        "value": "<image>\nWhat is the basic premise of this cartoon?"
      },
      {
        "from": "gpt",
        "value": "The central storyline of \"Naruto\" follows Naruto Uzumaki, a young ninja with dreams of becoming the strongest ninja and the leader of his village, known as the Hokage. He seeks recognition and acceptance from his peers while overcoming various challenges, including his own struggles with being the host of the Nine-Tails Fox, a powerful beast that attacked his village in the past. The series explores themes of friendship, perseverance, and the journey of self-discovery."
      }
    ]
  },
  {
    "id": "400006",
    "image": "downloaded_images/Cartoon/Naruto/image_20241018_102106_2.jpg",
    "conversations": [
      {
        "from": "human",
        "value": "<image>\nWhat do people call this cartoon?"
      },
      {
        "from": "gpt",
        "value": "The title of this cartoon is \"Naruto.\""
      }
    ]
  },
  {
    "id": "400007",
    "image": "downloaded_images/Cartoon/Naruto/image_20241018_102106_2.jpg",
    "conversations": [
      {
        "from": "human",
        "value": "<image>\nWho developed this animated series?"
      },
      {
        "from": "gpt",
        "value": "\"Naruto\" was created by Masashi Kishimoto and produced by Pierrot and TV Tokyo."
      }
    ]
  },
  {
    "id": "400008",
    "image": "downloaded_images/Cartoon/Naruto/image_20241018_102148_7.jpg",
    "conversations": [
      {
        "from": "human",
        "value": "<image>\nIn which year did this animated series first appear?"
      },
      {
        "from": "gpt",
        "value": "\"Naruto\" first aired on October 3, 2002."
      }
    ]
  },
  {
    "id": "400009",
    "image": "downloaded_images/Cartoon/Naruto/image_20241018_102148_7.jpg",
    "conversations": [
      {
        "from": "human",
        "value": "<image>\nWho are the key characters featured in this cartoon?"
      },
      {
        "from": "gpt",
        "value": "The main characters in \"Naruto\" include Naruto Uzumaki, Sasuke Uchiha, Sakura Haruno, Kakashi Hatake, and many others from the Hidden Leaf Village."
      }
    ]
  },
  {
    "id": "400010",
    "image": "downloaded_images/Cartoon/Naruto/image_20241106_153037_9.jpg",
    "conversations": [
      {
        "from": "human",
        "value": "<image>\nCan you summarize the main storyline of this cartoon?"
      },
      {
        "from": "gpt",
        "value": "The central storyline of \"Naruto\" follows Naruto Uzumaki, a young ninja with dreams of becoming the strongest ninja and the leader of his village, known as the Hokage. He seeks recognition and acceptance from his peers while overcoming various challenges, including his own struggles with being the host of the Nine-Tails Fox, a powerful beast that attacked his village in the past. The series explores themes of friendship, perseverance, and the journey of self-discovery."
      }
    ]
  },
  {
    "id": "400011",
    "image": "downloaded_images/Cartoon/Naruto/image_20241106_152938_3.jpg",
    "conversations": [
      {
        "from": "human",
        "value": "<image>\nWhat do people call this cartoon?"
      },
      {
        "from": "gpt",
        "value": "The title of this cartoon is \"Naruto.\""
      }
    ]
  },
  {
    "id": "400012",
    "image": "downloaded_images/Cartoon/Naruto/image_20241106_153026_8.jpg",
    "conversations": [
      {
        "from": "human",
        "value": "<image>\nWhat do people call this cartoon?"
      },
      {
        "from": "gpt",
        "value": "The title of this cartoon is \"Naruto.\""
      }
    ]
  },
  {
    "id": "400013",
    "image": "downloaded_images/Cartoon/Naruto/image_20241106_153252_24.jpg",
    "conversations": [
      {
        "from": "human",
        "value": "<image>\nWhat do people call this cartoon?"
      },
      {
        "from": "gpt",
        "value": "The title of this cartoon is \"Naruto.\""
      }
    ]
  },
  {
    "id": "400014",
    "image": "downloaded_images/Cartoon/Naruto/image_20241106_153328_28.jpg",
    "conversations": [
      {
        "from": "human",
        "value": "<image>\nWhat do people call this cartoon?"
      },
      {
        "from": "gpt",
        "value": "The title of this cartoon is \"Naruto.\""
      }
    ]
  },
  {
    "id": "400015",
    "image": "downloaded_images/Cartoon/Naruto/image_20241106_153152_17.jpg",
    "conversations": [
      {
        "from": "human",
        "value": "<image>\nWhat do people call this cartoon?"
      },
      {
        "from": "gpt",
        "value": "The title of this cartoon is \"Naruto.\""
      }
    ]
  },
  {
    "id": "400016",
    "image": "downloaded_images/Cartoon/Naruto/image_20241106_153104_12.jpg",
    "conversations": [
      {
        "from": "human",
        "value": "<image>\nWho developed this animated series?"
      },
      {
        "from": "gpt",
        "value": "\"Naruto\" was created by Masashi Kishimoto and produced by Pierrot and TV Tokyo."
      }
    ]
  },
  {
    "id": "400017",
    "image": "downloaded_images/Cartoon/Naruto/image_20241106_153346_30.jpg",
    "conversations": [
      {
        "from": "human",
        "value": "<image>\nWho developed this animated series?"
      },
      {
        "from": "gpt",
        "value": "\"Naruto\" was created by Masashi Kishimoto and produced by Pierrot and TV Tokyo."
      }
    ]
  },
  {
    "id": "400018",
    "image": "downloaded_images/Cartoon/Naruto/image_20241106_153018_7.jpg",
    "conversations": [
      {
        "from": "human",
        "value": "<image>\nWho developed this animated series?"
      },
      {
        "from": "gpt",
        "value": "\"Naruto\" was created by Masashi Kishimoto and produced by Pierrot and TV Tokyo."
      }
    ]
  },
  {
    "id": "400019",
    "image": "downloaded_images/Cartoon/Naruto/image_20241106_152947_4.jpg",
    "conversations": [
      {
        "from": "human",
        "value": "<image>\nWho developed this animated series?"
      },
      {
        "from": "gpt",
        "value": "\"Naruto\" was created by Masashi Kishimoto and produced by Pierrot and TV Tokyo."
      }
    ]
  },
  {
    "id": "400020",
    "image": "downloaded_images/Cartoon/Naruto/image_20241018_102116_3.jpg",
    "conversations": [
      {
        "from": "human",
        "value": "<image>\nWho developed this animated series?"
      },
      {
        "from": "gpt",
        "value": "\"Naruto\" was created by Masashi Kishimoto and produced by Pierrot and TV Tokyo."
      }
    ]
  },
  {
    "id": "400021",
    "image": "downloaded_images/Cartoon/Naruto/image_20241018_102106_2.jpg",
    "conversations": [
      {
        "from": "human",
        "value": "<image>\nIn which year did this animated series first appear?"
      },
      {
        "from": "gpt",
        "value": "\"Naruto\" first aired on October 3, 2002."
      }
    ]
  },
  {
    "id": "400022",
    "image": "downloaded_images/Cartoon/Naruto/image_20241106_153008_6.jpg",
    "conversations": [
      {
        "from": "human",
        "value": "<image>\nIn which year did this animated series first appear?"
      },
      {
        "from": "gpt",
        "value": "\"Naruto\" first aired on October 3, 2002."
      }
    ]
  },
  {
    "id": "400023",
    "image": "downloaded_images/Cartoon/Naruto/image_20241106_153054_11.jpg",
    "conversations": [
      {
        "from": "human",
        "value": "<image>\nIn which year did this animated series first appear?"
      },
      {
        "from": "gpt",
        "value": "\"Naruto\" first aired on October 3, 2002."
      }
    ]
  },
  {
    "id": "400024",
    "image": "downloaded_images/Cartoon/Naruto/image_20241106_153026_8.jpg",
    "conversations": [
      {
        "from": "human",
        "value": "<image>\nIn which year did this animated series first appear?"
      },
      {
        "from": "gpt",
        "value": "\"Naruto\" first aired on October 3, 2002."
      }
    ]
  },
  {
    "id": "400025",
    "image": "downloaded_images/Cartoon/Naruto/image_20241106_153218_20.jpg",
    "conversations": [
      {
        "from": "human",
        "value": "<image>\nIn which year did this animated series first appear?"
      },
      {
        "from": "gpt",
        "value": "\"Naruto\" first aired on October 3, 2002."
      }
    ]
  },
  {
    "id": "400026",
    "image": "downloaded_images/Cartoon/Naruto/image_20241106_153235_22.jpg",
    "conversations": [
      {
        "from": "human",
        "value": "<image>\nWho are the key characters featured in this cartoon?"
      },
      {
        "from": "gpt",
        "value": "The main characters in \"Naruto\" include Naruto Uzumaki, Sasuke Uchiha, Sakura Haruno, Kakashi Hatake, and many others from the Hidden Leaf Village."
      }
    ]
  },
  {
    "id": "400027",
    "image": "downloaded_images/Cartoon/Naruto/image_20241106_153114_13.jpg",
    "conversations": [
      {
        "from": "human",
        "value": "<image>\nWho are the key characters featured in this cartoon?"
      },
      {
        "from": "gpt",
        "value": "The main characters in \"Naruto\" include Naruto Uzumaki, Sasuke Uchiha, Sakura Haruno, Kakashi Hatake, and many others from the Hidden Leaf Village."
      }
    ]
  },
  {
    "id": "400028",
    "image": "downloaded_images/Cartoon/Naruto/image_20241106_153054_11.jpg",
    "conversations": [
      {
        "from": "human",
        "value": "<image>\nWho are the key characters featured in this cartoon?"
      },
      {
        "from": "gpt",
        "value": "The main characters in \"Naruto\" include Naruto Uzumaki, Sasuke Uchiha, Sakura Haruno, Kakashi Hatake, and many others from the Hidden Leaf Village."
      }
    ]
  },
  {
    "id": "400029",
    "image": "downloaded_images/Cartoon/Naruto/image_20241106_152938_3.jpg",
    "conversations": [
      {
        "from": "human",
        "value": "<image>\nWho are the key characters featured in this cartoon?"
      },
      {
        "from": "gpt",
        "value": "The main characters in \"Naruto\" include Naruto Uzumaki, Sasuke Uchiha, Sakura Haruno, Kakashi Hatake, and many others from the Hidden Leaf Village."
      }
    ]
  },
  {
    "id": "400030",
    "image": "downloaded_images/Cartoon/Naruto/image_20241106_153346_30.jpg",
    "conversations": [
      {
        "from": "human",
        "value": "<image>\nWho are the key characters featured in this cartoon?"
      },
      {
        "from": "gpt",
        "value": "The main characters in \"Naruto\" include Naruto Uzumaki, Sasuke Uchiha, Sakura Haruno, Kakashi Hatake, and many others from the Hidden Leaf Village."
      }
    ]
  },
  {
    "id": "400031",
    "image": "downloaded_images/Cartoon/Naruto/image_20241106_153132_15.jpg",
    "conversations": [
      {
        "from": "human",
        "value": "<image>\nCan you summarize the main storyline of this cartoon?"
      },
      {
        "from": "gpt",
        "value": "The central storyline of \"Naruto\" follows Naruto Uzumaki, a young ninja with dreams of becoming the strongest ninja and the leader of his village, known as the Hokage. He seeks recognition and acceptance from his peers while overcoming various challenges, including his own struggles with being the host of the Nine-Tails Fox, a powerful beast that attacked his village in the past. The series explores themes of friendship, perseverance, and the journey of self-discovery."
      }
    ]
  },
  {
    "id": "400032",
    "image": "downloaded_images/Cartoon/Naruto/image_20241018_102157_8.jpg",
    "conversations": [
      {
        "from": "human",
        "value": "<image>\nCan you summarize the main storyline of this cartoon?"
      },
      {
        "from": "gpt",
        "value": "The central storyline of \"Naruto\" follows Naruto Uzumaki, a young ninja with dreams of becoming the strongest ninja and the leader of his village, known as the Hokage. He seeks recognition and acceptance from his peers while overcoming various challenges, including his own struggles with being the host of the Nine-Tails Fox, a powerful beast that attacked his village in the past. The series explores themes of friendship, perseverance, and the journey of self-discovery."
      }
    ]
  },
  {
    "id": "400033",
    "image": "downloaded_images/Cartoon/Naruto/image_20241106_152956_5.jpg",
    "conversations": [
      {
        "from": "human",
        "value": "<image>\nCan you summarize the main storyline of this cartoon?"
      },
      {
        "from": "gpt",
        "value": "The central storyline of \"Naruto\" follows Naruto Uzumaki, a young ninja with dreams of becoming the strongest ninja and the leader of his village, known as the Hokage. He seeks recognition and acceptance from his peers while overcoming various challenges, including his own struggles with being the host of the Nine-Tails Fox, a powerful beast that attacked his village in the past. The series explores themes of friendship, perseverance, and the journey of self-discovery."
      }
    ]
  },
  {
    "id": "400034",
    "image": "downloaded_images/Cartoon/Naruto/image_20241106_153235_22.jpg",
    "conversations": [
      {
        "from": "human",
        "value": "<image>\nCan you summarize the main storyline of this cartoon?"
      },
      {
        "from": "gpt",
        "value": "The central storyline of \"Naruto\" follows Naruto Uzumaki, a young ninja with dreams of becoming the strongest ninja and the leader of his village, known as the Hokage. He seeks recognition and acceptance from his peers while overcoming various challenges, including his own struggles with being the host of the Nine-Tails Fox, a powerful beast that attacked his village in the past. The series explores themes of friendship, perseverance, and the journey of self-discovery."
      }
    ]
  },
  {
    "id": "400035",
    "image": "downloaded_images/Cartoon/Naruto/image_20241106_153252_24.jpg",
    "conversations": [
      {
        "from": "human",
        "value": "<image>\nCan you summarize the main storyline of this cartoon?"
      },
      {
        "from": "gpt",
        "value": "The central storyline of \"Naruto\" follows Naruto Uzumaki, a young ninja with dreams of becoming the strongest ninja and the leader of his village, known as the Hokage. He seeks recognition and acceptance from his peers while overcoming various challenges, including his own struggles with being the host of the Nine-Tails Fox, a powerful beast that attacked his village in the past. The series explores themes of friendship, perseverance, and the journey of self-discovery."
      }
    ]
  }
]