[
  {
    "id": "21",
    "image": "downloaded_images/TV series/The_Big_Bang_Theory/image_20241018_192627_7.jpg",
    "conversations": [
      {
        "from": "human",
        "value": "<image>\nWhat is the title of this TV series?"
      },
      {
        "from": "gpt",
        "value": "The Big Bang Theory"
      }
    ]
  },
  {
    "id": "22",
    "image": "downloaded_images/TV series/The_Big_Bang_Theory/image_20241018_192627_7.jpg",
    "conversations": [
      {
        "from": "human",
        "value": "<image>\nWho created or produced this TV series?"
      },
      {
        "from": "gpt",
        "value": "The series was created by Chuck Lorre and Bill Prady."
      }
    ]
  },
  {
    "id": "23",
    "image": "downloaded_images/TV series/The_Big_Bang_Theory/image_20241018_192659_11.jpg",
    "conversations": [
      {
        "from": "human",
        "value": "<image>\nWhen did this TV series first premiere?"
      },
      {
        "from": "gpt",
        "value": "The Big Bang Theory first premiered on September 24, 2007."
      }
    ]
  },
  {
    "id": "24",
    "image": "downloaded_images/TV series/The_Big_Bang_Theory/image_20241018_192803_18.jpg",
    "conversations": [
      {
        "from": "human",
        "value": "<image>\nWhat is the central storyline or premise of this TV series?"
      },
      {
        "from": "gpt",
        "value": "The Big Bang Theory follows a group of socially awkward scientists and their interactions with each other and the outside world, particularly focusing on the relationship between physicists Leonard and Sheldon, their neighbor Penny, and their friends Howard and Raj. The series explores themes of friendship, romance, and the challenges of being a nerd in a modern world."
      }
    ]
  },
  {
    "id": "25",
    "image": "downloaded_images/TV series/The_Big_Bang_Theory/image_20241107_205316_27.jpg",
    "conversations": [
      {
        "from": "human",
        "value": "<image>\nWhat is the title of this TV series?"
      },
      {
        "from": "gpt",
        "value": "The Big Bang Theory"
      }
    ]
  },
  {
    "id": "26",
    "image": "downloaded_images/TV series/The_Big_Bang_Theory/image_20241107_204851_4.jpg",
    "conversations": [
      {
        "from": "human",
        "value": "<image>\nWhat is the title of this TV series?"
      },
      {
        "from": "gpt",
        "value": "The Big Bang Theory"
      }
    ]
  },
  {
    "id": "27",
    "image": "downloaded_images/TV series/The_Big_Bang_Theory/image_20241018_192727_14.jpg",
    "conversations": [
      {
        "from": "human",
        "value": "<image>\nWhat is the title of this TV series?"
      },
      {
        "from": "gpt",
        "value": "The Big Bang Theory"
      }
    ]
  },
  {
    "id": "28",
    "image": "downloaded_images/TV series/The_Big_Bang_Theory/image_20241107_204830_2.jpg",
    "conversations": [
      {
        "from": "human",
        "value": "<image>\nWhat is the title of this TV series?"
      },
      {
        "from": "gpt",
        "value": "The Big Bang Theory"
      }
    ]
  },
  {
    "id": "29",
    "image": "downloaded_images/TV series/The_Big_Bang_Theory/image_20241018_192737_15.jpg",
    "conversations": [
      {
        "from": "human",
        "value": "<image>\nWhat is the title of this TV series?"
      },
      {
        "from": "gpt",
        "value": "The Big Bang Theory"
      }
    ]
  },
  {
    "id": "30",
    "image": "downloaded_images/TV series/The_Big_Bang_Theory/image_20241107_205244_24.jpg",
    "conversations": [
      {
        "from": "human",
        "value": "<image>\nWho created or produced this TV series?"
      },
      {
        "from": "gpt",
        "value": "The series was created by Chuck Lorre and Bill Prady."
      }
    ]
  },
  {
    "id": "31",
    "image": "downloaded_images/TV series/The_Big_Bang_Theory/image_20241107_205345_30.jpg",
    "conversations": [
      {
        "from": "human",
        "value": "<image>\nWho created or produced this TV series?"
      },
      {
        "from": "gpt",
        "value": "The series was created by Chuck Lorre and Bill Prady."
      }
    ]
  },
  {
    "id": "32",
    "image": "downloaded_images/TV series/The_Big_Bang_Theory/image_20241018_192727_14.jpg",
    "conversations": [
      {
        "from": "human",
        "value": "<image>\nWho created or produced this TV series?"
      },
      {
        "from": "gpt",
        "value": "The series was created by Chuck Lorre and Bill Prady."
      }
    ]
  },
  {
    "id": "33",
    "image": "downloaded_images/TV series/The_Big_Bang_Theory/image_20241107_205257_25.jpg",
    "conversations": [
      {
        "from": "human",
        "value": "<image>\nWho created or produced this TV series?"
      },
      {
        "from": "gpt",
        "value": "The series was created by Chuck Lorre and Bill Prady."
      }
    ]
  },
  {
    "id": "34",
    "image": "downloaded_images/TV series/The_Big_Bang_Theory/image_20241018_192610_5.jpg",
    "conversations": [
      {
        "from": "human",
        "value": "<image>\nWho created or produced this TV series?"
      },
      {
        "from": "gpt",
        "value": "The series was created by Chuck Lorre and Bill Prady."
      }
    ]
  },
  {
    "id": "35",
    "image": "downloaded_images/TV series/The_Big_Bang_Theory/image_20241107_204818_1.jpg",
    "conversations": [
      {
        "from": "human",
        "value": "<image>\nWhen did this TV series first premiere?"
      },
      {
        "from": "gpt",
        "value": "The Big Bang Theory first premiered on September 24, 2007."
      }
    ]
  },
  {
    "id": "36",
    "image": "downloaded_images/TV series/The_Big_Bang_Theory/image_20241018_192803_18.jpg",
    "conversations": [
      {
        "from": "human",
        "value": "<image>\nWhen did this TV series first premiere?"
      },
      {
        "from": "gpt",
        "value": "The Big Bang Theory first premiered on September 24, 2007."
      }
    ]
  },
  {
    "id": "37",
    "image": "downloaded_images/TV series/The_Big_Bang_Theory/image_20241107_205002_11.jpg",
    "conversations": [
      {
        "from": "human",
        "value": "<image>\nWhen did this TV series first premiere?"
      },
      {
        "from": "gpt",
        "value": "The Big Bang Theory first premiered on September 24, 2007."
      }
    ]
  },
  {
    "id": "38",
    "image": "downloaded_images/TV series/The_Big_Bang_Theory/image_20241107_205107_14.jpg",
    "conversations": [
      {
        "from": "human",
        "value": "<image>\nWhen did this TV series first premiere?"
      },
      {
        "from": "gpt",
        "value": "The Big Bang Theory first premiered on September 24, 2007."
      }
    ]
  },
  {
    "id": "39",
    "image": "downloaded_images/TV series/The_Big_Bang_Theory/image_20241107_205145_18.jpg",
    "conversations": [
      {
        "from": "human",
        "value": "<image>\nWhen did this TV series first premiere?"
      },
      {
        "from": "gpt",
        "value": "The Big Bang Theory first premiered on September 24, 2007."
      }
    ]
  },
  {
    "id": "40",
    "image": "downloaded_images/TV series/The_Big_Bang_Theory/image_20241107_205325_28.jpg",
    "conversations": [
      {
        "from": "human",
        "value": "<image>\nWhat is the central storyline or premise of this TV series?"
      },
      {
        "from": "gpt",
        "value": "The Big Bang Theory follows a group of socially awkward scientists and their interactions with each other and the outside world, particularly focusing on the relationship between physicists Leonard and Sheldon, their neighbor Penny, and their friends Howard and Raj. The series explores themes of friendship, romance, and the challenges of being a nerd in a modern world."
      }
    ]
  },
  {
    "id": "41",
    "image": "downloaded_images/TV series/The_Big_Bang_Theory/image_20241018_192644_9.jpg",
    "conversations": [
      {
        "from": "human",
        "value": "<image>\nWhat is the central storyline or premise of this TV series?"
      },
      {
        "from": "gpt",
        "value": "The Big Bang Theory follows a group of socially awkward scientists and their interactions with each other and the outside world, particularly focusing on the relationship between physicists Leonard and Sheldon, their neighbor Penny, and their friends Howard and Raj. The series explores themes of friendship, romance, and the challenges of being a nerd in a modern world."
      }
    ]
  },
  {
    "id": "42",
    "image": "downloaded_images/TV series/The_Big_Bang_Theory/image_20241107_204818_1.jpg",
    "conversations": [
      {
        "from": "human",
        "value": "<image>\nWhat is the central storyline or premise of this TV series?"
      },
      {
        "from": "gpt",
        "value": "The Big Bang Theory follows a group of socially awkward scientists and their interactions with each other and the outside world, particularly focusing on the relationship between physicists Leonard and Sheldon, their neighbor Penny, and their friends Howard and Raj. The series explores themes of friendship, romance, and the challenges of being a nerd in a modern world."
      }
    ]
  },
  {
    "id": "43",
    "image": "downloaded_images/TV series/The_Big_Bang_Theory/image_20241107_205154_19.jpg",
    "conversations": [
      {
        "from": "human",
        "value": "<image>\nWhat is the central storyline or premise of this TV series?"
      },
      {
        "from": "gpt",
        "value": "The Big Bang Theory follows a group of socially awkward scientists and their interactions with each other and the outside world, particularly focusing on the relationship between physicists Leonard and Sheldon, their neighbor Penny, and their friends Howard and Raj. The series explores themes of friendship, romance, and the challenges of being a nerd in a modern world."
      }
    ]
  },
  {
    "id": "44",
    "image": "downloaded_images/TV series/The_Big_Bang_Theory/image_20241107_204933_8.jpg",
    "conversations": [
      {
        "from": "human",
        "value": "<image>\nWhat is the central storyline or premise of this TV series?"
      },
      {
        "from": "gpt",
        "value": "The Big Bang Theory follows a group of socially awkward scientists and their interactions with each other and the outside world, particularly focusing on the relationship between physicists Leonard and Sheldon, their neighbor Penny, and their friends Howard and Raj. The series explores themes of friendship, romance, and the challenges of being a nerd in a modern world."
      }
    ]
  },
  {
    "id": "100021",
    "image": "downloaded_images/TV series/The_Big_Bang_Theory/image_20241018_192627_7.jpg",
    "conversations": [
      {
        "from": "human",
        "value": "<image>\nWhat is the name of this TV series?"
      },
      {
        "from": "gpt",
        "value": "The Big Bang Theory"
      }
    ]
  },
  {
    "id": "100022",
    "image": "downloaded_images/TV series/The_Big_Bang_Theory/image_20241018_192627_7.jpg",
    "conversations": [
      {
        "from": "human",
        "value": "<image>\nWho is the creator or producer of this TV series?"
      },
      {
        "from": "gpt",
        "value": "The series was created by Chuck Lorre and Bill Prady."
      }
    ]
  },
  {
    "id": "100023",
    "image": "downloaded_images/TV series/The_Big_Bang_Theory/image_20241018_192659_11.jpg",
    "conversations": [
      {
        "from": "human",
        "value": "<image>\nWhen did this TV series debut?"
      },
      {
        "from": "gpt",
        "value": "The Big Bang Theory first premiered on September 24, 2007."
      }
    ]
  },
  {
    "id": "100024",
    "image": "downloaded_images/TV series/The_Big_Bang_Theory/image_20241018_192803_18.jpg",
    "conversations": [
      {
        "from": "human",
        "value": "<image>\nWhat is the main plot or premise of this TV series?"
      },
      {
        "from": "gpt",
        "value": "The Big Bang Theory follows a group of socially awkward scientists and their interactions with each other and the outside world, particularly focusing on the relationship between physicists Leonard and Sheldon, their neighbor Penny, and their friends Howard and Raj. The series explores themes of friendship, romance, and the challenges of being a nerd in a modern world."
      }
    ]
  },
  {
    "id": "100025",
    "image": "downloaded_images/TV series/The_Big_Bang_Theory/image_20241107_205316_27.jpg",
    "conversations": [
      {
        "from": "human",
        "value": "<image>\nWhat is the name of this TV series?"
      },
      {
        "from": "gpt",
        "value": "The Big Bang Theory"
      }
    ]
  },
  {
    "id": "100026",
    "image": "downloaded_images/TV series/The_Big_Bang_Theory/image_20241107_204851_4.jpg",
    "conversations": [
      {
        "from": "human",
        "value": "<image>\nWhat is the name of this TV series?"
      },
      {
        "from": "gpt",
        "value": "The Big Bang Theory"
      }
    ]
  },
  {
    "id": "100027",
    "image": "downloaded_images/TV series/The_Big_Bang_Theory/image_20241018_192727_14.jpg",
    "conversations": [
      {
        "from": "human",
        "value": "<image>\nWhat is the name of this TV series?"
      },
      {
        "from": "gpt",
        "value": "The Big Bang Theory"
      }
    ]
  },
  {
    "id": "100028",
    "image": "downloaded_images/TV series/The_Big_Bang_Theory/image_20241107_204830_2.jpg",
    "conversations": [
      {
        "from": "human",
        "value": "<image>\nWhat is the name of this TV series?"
      },
      {
        "from": "gpt",
        "value": "The Big Bang Theory"
      }
    ]
  },
  {
    "id": "100029",
    "image": "downloaded_images/TV series/The_Big_Bang_Theory/image_20241018_192737_15.jpg",
    "conversations": [
      {
        "from": "human",
        "value": "<image>\nWhat is the name of this TV series?"
      },
      {
        "from": "gpt",
        "value": "The Big Bang Theory"
      }
    ]
  },
  {
    "id": "100030",
    "image": "downloaded_images/TV series/The_Big_Bang_Theory/image_20241107_205244_24.jpg",
    "conversations": [
      {
        "from": "human",
        "value": "<image>\nWho is the creator or producer of this TV series?"
      },
      {
        "from": "gpt",
        "value": "The series was created by Chuck Lorre and Bill Prady."
      }
    ]
  },
  {
    "id": "100031",
    "image": "downloaded_images/TV series/The_Big_Bang_Theory/image_20241107_205345_30.jpg",
    "conversations": [
      {
        "from": "human",
        "value": "<image>\nWho is the creator or producer of this TV series?"
      },
      {
        "from": "gpt",
        "value": "The series was created by Chuck Lorre and Bill Prady."
      }
    ]
  },
  {
    "id": "100032",
    "image": "downloaded_images/TV series/The_Big_Bang_Theory/image_20241018_192727_14.jpg",
    "conversations": [
      {
        "from": "human",
        "value": "<image>\nWho is the creator or producer of this TV series?"
      },
      {
        "from": "gpt",
        "value": "The series was created by Chuck Lorre and Bill Prady."
      }
    ]
  },
  {
    "id": "100033",
    "image": "downloaded_images/TV series/The_Big_Bang_Theory/image_20241107_205257_25.jpg",
    "conversations": [
      {
        "from": "human",
        "value": "<image>\nWho is the creator or producer of this TV series?"
      },
      {
        "from": "gpt",
        "value": "The series was created by Chuck Lorre and Bill Prady."
      }
    ]
  },
  {
    "id": "100034",
    "image": "downloaded_images/TV series/The_Big_Bang_Theory/image_20241018_192610_5.jpg",
    "conversations": [
      {
        "from": "human",
        "value": "<image>\nWho is the creator or producer of this TV series?"
      },
      {
        "from": "gpt",
        "value": "The series was created by Chuck Lorre and Bill Prady."
      }
    ]
  },
  {
    "id": "100035",
    "image": "downloaded_images/TV series/The_Big_Bang_Theory/image_20241107_204818_1.jpg",
    "conversations": [
      {
        "from": "human",
        "value": "<image>\nWhen did this TV series debut?"
      },
      {
        "from": "gpt",
        "value": "The Big Bang Theory first premiered on September 24, 2007."
      }
    ]
  },
  {
    "id": "100036",
    "image": "downloaded_images/TV series/The_Big_Bang_Theory/image_20241018_192803_18.jpg",
    "conversations": [
      {
        "from": "human",
        "value": "<image>\nWhen did this TV series debut?"
      },
      {
        "from": "gpt",
        "value": "The Big Bang Theory first premiered on September 24, 2007."
      }
    ]
  },
  {
    "id": "100037",
    "image": "downloaded_images/TV series/The_Big_Bang_Theory/image_20241107_205002_11.jpg",
    "conversations": [
      {
        "from": "human",
        "value": "<image>\nWhen did this TV series debut?"
      },
      {
        "from": "gpt",
        "value": "The Big Bang Theory first premiered on September 24, 2007."
      }
    ]
  },
  {
    "id": "100038",
    "image": "downloaded_images/TV series/The_Big_Bang_Theory/image_20241107_205107_14.jpg",
    "conversations": [
      {
        "from": "human",
        "value": "<image>\nWhen did this TV series debut?"
      },
      {
        "from": "gpt",
        "value": "The Big Bang Theory first premiered on September 24, 2007."
      }
    ]
  },
  {
    "id": "100039",
    "image": "downloaded_images/TV series/The_Big_Bang_Theory/image_20241107_205145_18.jpg",
    "conversations": [
      {
        "from": "human",
        "value": "<image>\nWhen did this TV series debut?"
      },
      {
        "from": "gpt",
        "value": "The Big Bang Theory first premiered on September 24, 2007."
      }
    ]
  },
  {
    "id": "100040",
    "image": "downloaded_images/TV series/The_Big_Bang_Theory/image_20241107_205325_28.jpg",
    "conversations": [
      {
        "from": "human",
        "value": "<image>\nWhat is the main plot or premise of this TV series?"
      },
      {
        "from": "gpt",
        "value": "The Big Bang Theory follows a group of socially awkward scientists and their interactions with each other and the outside world, particularly focusing on the relationship between physicists Leonard and Sheldon, their neighbor Penny, and their friends Howard and Raj. The series explores themes of friendship, romance, and the challenges of being a nerd in a modern world."
      }
    ]
  },
  {
    "id": "100041",
    "image": "downloaded_images/TV series/The_Big_Bang_Theory/image_20241018_192644_9.jpg",
    "conversations": [
      {
        "from": "human",
        "value": "<image>\nWhat is the main plot or premise of this TV series?"
      },
      {
        "from": "gpt",
        "value": "The Big Bang Theory follows a group of socially awkward scientists and their interactions with each other and the outside world, particularly focusing on the relationship between physicists Leonard and Sheldon, their neighbor Penny, and their friends Howard and Raj. The series explores themes of friendship, romance, and the challenges of being a nerd in a modern world."
      }
    ]
  },
  {
    "id": "100042",
    "image": "downloaded_images/TV series/The_Big_Bang_Theory/image_20241107_204818_1.jpg",
    "conversations": [
      {
        "from": "human",
        "value": "<image>\nWhat is the main plot or premise of this TV series?"
      },
      {
        "from": "gpt",
        "value": "The Big Bang Theory follows a group of socially awkward scientists and their interactions with each other and the outside world, particularly focusing on the relationship between physicists Leonard and Sheldon, their neighbor Penny, and their friends Howard and Raj. The series explores themes of friendship, romance, and the challenges of being a nerd in a modern world."
      }
    ]
  },
  {
    "id": "100043",
    "image": "downloaded_images/TV series/The_Big_Bang_Theory/image_20241107_205154_19.jpg",
    "conversations": [
      {
        "from": "human",
        "value": "<image>\nWhat is the main plot or premise of this TV series?"
      },
      {
        "from": "gpt",
        "value": "The Big Bang Theory follows a group of socially awkward scientists and their interactions with each other and the outside world, particularly focusing on the relationship between physicists Leonard and Sheldon, their neighbor Penny, and their friends Howard and Raj. The series explores themes of friendship, romance, and the challenges of being a nerd in a modern world."
      }
    ]
  },
  {
    "id": "100044",
    "image": "downloaded_images/TV series/The_Big_Bang_Theory/image_20241107_204933_8.jpg",
    "conversations": [
      {
        "from": "human",
        "value": "<image>\nWhat is the main plot or premise of this TV series?"
      },
      {
        "from": "gpt",
        "value": "The Big Bang Theory follows a group of socially awkward scientists and their interactions with each other and the outside world, particularly focusing on the relationship between physicists Leonard and Sheldon, their neighbor Penny, and their friends Howard and Raj. The series explores themes of friendship, romance, and the challenges of being a nerd in a modern world."
      }
    ]
  },
  {
    "id": "200021",
    "image": "downloaded_images/TV series/The_Big_Bang_Theory/image_20241018_192627_7.jpg",
    "conversations": [
      {
        "from": "human",
        "value": "<image>\nWhat is the title of this television show?"
      },
      {
        "from": "gpt",
        "value": "The Big Bang Theory"
      }
    ]
  },
  {
    "id": "200022",
    "image": "downloaded_images/TV series/The_Big_Bang_Theory/image_20241018_192627_7.jpg",
    "conversations": [
      {
        "from": "human",
        "value": "<image>\nWho developed or produced this television series?"
      },
      {
        "from": "gpt",
        "value": "The series was created by Chuck Lorre and Bill Prady."
      }
    ]
  },
  {
    "id": "200023",
    "image": "downloaded_images/TV series/The_Big_Bang_Theory/image_20241018_192659_11.jpg",
    "conversations": [
      {
        "from": "human",
        "value": "<image>\nWhat year did this television series first air?"
      },
      {
        "from": "gpt",
        "value": "The Big Bang Theory first premiered on September 24, 2007."
      }
    ]
  },
  {
    "id": "200024",
    "image": "downloaded_images/TV series/The_Big_Bang_Theory/image_20241018_192803_18.jpg",
    "conversations": [
      {
        "from": "human",
        "value": "<image>\nWhat is the central theme of this television series?"
      },
      {
        "from": "gpt",
        "value": "The Big Bang Theory follows a group of socially awkward scientists and their interactions with each other and the outside world, particularly focusing on the relationship between physicists Leonard and Sheldon, their neighbor Penny, and their friends Howard and Raj. The series explores themes of friendship, romance, and the challenges of being a nerd in a modern world."
      }
    ]
  },
  {
    "id": "200025",
    "image": "downloaded_images/TV series/The_Big_Bang_Theory/image_20241107_205316_27.jpg",
    "conversations": [
      {
        "from": "human",
        "value": "<image>\nWhat is the title of this television show?"
      },
      {
        "from": "gpt",
        "value": "The Big Bang Theory"
      }
    ]
  },
  {
    "id": "200026",
    "image": "downloaded_images/TV series/The_Big_Bang_Theory/image_20241107_204851_4.jpg",
    "conversations": [
      {
        "from": "human",
        "value": "<image>\nWhat is the title of this television show?"
      },
      {
        "from": "gpt",
        "value": "The Big Bang Theory"
      }
    ]
  },
  {
    "id": "200027",
    "image": "downloaded_images/TV series/The_Big_Bang_Theory/image_20241018_192727_14.jpg",
    "conversations": [
      {
        "from": "human",
        "value": "<image>\nWhat is the title of this television show?"
      },
      {
        "from": "gpt",
        "value": "The Big Bang Theory"
      }
    ]
  },
  {
    "id": "200028",
    "image": "downloaded_images/TV series/The_Big_Bang_Theory/image_20241107_204830_2.jpg",
    "conversations": [
      {
        "from": "human",
        "value": "<image>\nWhat is the title of this television show?"
      },
      {
        "from": "gpt",
        "value": "The Big Bang Theory"
      }
    ]
  },
  {
    "id": "200029",
    "image": "downloaded_images/TV series/The_Big_Bang_Theory/image_20241018_192737_15.jpg",
    "conversations": [
      {
        "from": "human",
        "value": "<image>\nWhat is the title of this television show?"
      },
      {
        "from": "gpt",
        "value": "The Big Bang Theory"
      }
    ]
  },
  {
    "id": "200030",
    "image": "downloaded_images/TV series/The_Big_Bang_Theory/image_20241107_205244_24.jpg",
    "conversations": [
      {
        "from": "human",
        "value": "<image>\nWho developed or produced this television series?"
      },
      {
        "from": "gpt",
        "value": "The series was created by Chuck Lorre and Bill Prady."
      }
    ]
  },
  {
    "id": "200031",
    "image": "downloaded_images/TV series/The_Big_Bang_Theory/image_20241107_205345_30.jpg",
    "conversations": [
      {
        "from": "human",
        "value": "<image>\nWho developed or produced this television series?"
      },
      {
        "from": "gpt",
        "value": "The series was created by Chuck Lorre and Bill Prady."
      }
    ]
  },
  {
    "id": "200032",
    "image": "downloaded_images/TV series/The_Big_Bang_Theory/image_20241018_192727_14.jpg",
    "conversations": [
      {
        "from": "human",
        "value": "<image>\nWho developed or produced this television series?"
      },
      {
        "from": "gpt",
        "value": "The series was created by Chuck Lorre and Bill Prady."
      }
    ]
  },
  {
    "id": "200033",
    "image": "downloaded_images/TV series/The_Big_Bang_Theory/image_20241107_205257_25.jpg",
    "conversations": [
      {
        "from": "human",
        "value": "<image>\nWho developed or produced this television series?"
      },
      {
        "from": "gpt",
        "value": "The series was created by Chuck Lorre and Bill Prady."
      }
    ]
  },
  {
    "id": "200034",
    "image": "downloaded_images/TV series/The_Big_Bang_Theory/image_20241018_192610_5.jpg",
    "conversations": [
      {
        "from": "human",
        "value": "<image>\nWho developed or produced this television series?"
      },
      {
        "from": "gpt",
        "value": "The series was created by Chuck Lorre and Bill Prady."
      }
    ]
  },
  {
    "id": "200035",
    "image": "downloaded_images/TV series/The_Big_Bang_Theory/image_20241107_204818_1.jpg",
    "conversations": [
      {
        "from": "human",
        "value": "<image>\nWhat year did this television series first air?"
      },
      {
        "from": "gpt",
        "value": "The Big Bang Theory first premiered on September 24, 2007."
      }
    ]
  },
  {
    "id": "200036",
    "image": "downloaded_images/TV series/The_Big_Bang_Theory/image_20241018_192803_18.jpg",
    "conversations": [
      {
        "from": "human",
        "value": "<image>\nWhat year did this television series first air?"
      },
      {
        "from": "gpt",
        "value": "The Big Bang Theory first premiered on September 24, 2007."
      }
    ]
  },
  {
    "id": "200037",
    "image": "downloaded_images/TV series/The_Big_Bang_Theory/image_20241107_205002_11.jpg",
    "conversations": [
      {
        "from": "human",
        "value": "<image>\nWhat year did this television series first air?"
      },
      {
        "from": "gpt",
        "value": "The Big Bang Theory first premiered on September 24, 2007."
      }
    ]
  },
  {
    "id": "200038",
    "image": "downloaded_images/TV series/The_Big_Bang_Theory/image_20241107_205107_14.jpg",
    "conversations": [
      {
        "from": "human",
        "value": "<image>\nWhat year did this television series first air?"
      },
      {
        "from": "gpt",
        "value": "The Big Bang Theory first premiered on September 24, 2007."
      }
    ]
  },
  {
    "id": "200039",
    "image": "downloaded_images/TV series/The_Big_Bang_Theory/image_20241107_205145_18.jpg",
    "conversations": [
      {
        "from": "human",
        "value": "<image>\nWhat year did this television series first air?"
      },
      {
        "from": "gpt",
        "value": "The Big Bang Theory first premiered on September 24, 2007."
      }
    ]
  },
  {
    "id": "200040",
    "image": "downloaded_images/TV series/The_Big_Bang_Theory/image_20241107_205325_28.jpg",
    "conversations": [
      {
        "from": "human",
        "value": "<image>\nWhat is the central theme of this television series?"
      },
      {
        "from": "gpt",
        "value": "The Big Bang Theory follows a group of socially awkward scientists and their interactions with each other and the outside world, particularly focusing on the relationship between physicists Leonard and Sheldon, their neighbor Penny, and their friends Howard and Raj. The series explores themes of friendship, romance, and the challenges of being a nerd in a modern world."
      }
    ]
  },
  {
    "id": "200041",
    "image": "downloaded_images/TV series/The_Big_Bang_Theory/image_20241018_192644_9.jpg",
    "conversations": [
      {
        "from": "human",
        "value": "<image>\nWhat is the central theme of this television series?"
      },
      {
        "from": "gpt",
        "value": "The Big Bang Theory follows a group of socially awkward scientists and their interactions with each other and the outside world, particularly focusing on the relationship between physicists Leonard and Sheldon, their neighbor Penny, and their friends Howard and Raj. The series explores themes of friendship, romance, and the challenges of being a nerd in a modern world."
      }
    ]
  },
  {
    "id": "200042",
    "image": "downloaded_images/TV series/The_Big_Bang_Theory/image_20241107_204818_1.jpg",
    "conversations": [
      {
        "from": "human",
        "value": "<image>\nWhat is the central theme of this television series?"
      },
      {
        "from": "gpt",
        "value": "The Big Bang Theory follows a group of socially awkward scientists and their interactions with each other and the outside world, particularly focusing on the relationship between physicists Leonard and Sheldon, their neighbor Penny, and their friends Howard and Raj. The series explores themes of friendship, romance, and the challenges of being a nerd in a modern world."
      }
    ]
  },
  {
    "id": "200043",
    "image": "downloaded_images/TV series/The_Big_Bang_Theory/image_20241107_205154_19.jpg",
    "conversations": [
      {
        "from": "human",
        "value": "<image>\nWhat is the central theme of this television series?"
      },
      {
        "from": "gpt",
        "value": "The Big Bang Theory follows a group of socially awkward scientists and their interactions with each other and the outside world, particularly focusing on the relationship between physicists Leonard and Sheldon, their neighbor Penny, and their friends Howard and Raj. The series explores themes of friendship, romance, and the challenges of being a nerd in a modern world."
      }
    ]
  },
  {
    "id": "200044",
    "image": "downloaded_images/TV series/The_Big_Bang_Theory/image_20241107_204933_8.jpg",
    "conversations": [
      {
        "from": "human",
        "value": "<image>\nWhat is the central theme of this television series?"
      },
      {
        "from": "gpt",
        "value": "The Big Bang Theory follows a group of socially awkward scientists and their interactions with each other and the outside world, particularly focusing on the relationship between physicists Leonard and Sheldon, their neighbor Penny, and their friends Howard and Raj. The series explores themes of friendship, romance, and the challenges of being a nerd in a modern world."
      }
    ]
  },
  {
    "id": "300021",
    "image": "downloaded_images/TV series/The_Big_Bang_Theory/image_20241018_192627_7.jpg",
    "conversations": [
      {
        "from": "human",
        "value": "<image>\nHow is this series referred to?"
      },
      {
        "from": "gpt",
        "value": "The Big Bang Theory"
      }
    ]
  },
  {
    "id": "300022",
    "image": "downloaded_images/TV series/The_Big_Bang_Theory/image_20241018_192627_7.jpg",
    "conversations": [
      {
        "from": "human",
        "value": "<image>\nWho is responsible for making this TV show?"
      },
      {
        "from": "gpt",
        "value": "The series was created by Chuck Lorre and Bill Prady."
      }
    ]
  },
  {
    "id": "300023",
    "image": "downloaded_images/TV series/The_Big_Bang_Theory/image_20241018_192659_11.jpg",
    "conversations": [
      {
        "from": "human",
        "value": "<image>\nWhen was the premiere of this TV show?"
      },
      {
        "from": "gpt",
        "value": "The Big Bang Theory first premiered on September 24, 2007."
      }
    ]
  },
  {
    "id": "300024",
    "image": "downloaded_images/TV series/The_Big_Bang_Theory/image_20241018_192803_18.jpg",
    "conversations": [
      {
        "from": "human",
        "value": "<image>\nCan you summarize the storyline of this TV show?"
      },
      {
        "from": "gpt",
        "value": "The Big Bang Theory follows a group of socially awkward scientists and their interactions with each other and the outside world, particularly focusing on the relationship between physicists Leonard and Sheldon, their neighbor Penny, and their friends Howard and Raj. The series explores themes of friendship, romance, and the challenges of being a nerd in a modern world."
      }
    ]
  },
  {
    "id": "300025",
    "image": "downloaded_images/TV series/The_Big_Bang_Theory/image_20241107_205316_27.jpg",
    "conversations": [
      {
        "from": "human",
        "value": "<image>\nHow is this series referred to?"
      },
      {
        "from": "gpt",
        "value": "The Big Bang Theory"
      }
    ]
  },
  {
    "id": "300026",
    "image": "downloaded_images/TV series/The_Big_Bang_Theory/image_20241107_204851_4.jpg",
    "conversations": [
      {
        "from": "human",
        "value": "<image>\nHow is this series referred to?"
      },
      {
        "from": "gpt",
        "value": "The Big Bang Theory"
      }
    ]
  },
  {
    "id": "300027",
    "image": "downloaded_images/TV series/The_Big_Bang_Theory/image_20241018_192727_14.jpg",
    "conversations": [
      {
        "from": "human",
        "value": "<image>\nHow is this series referred to?"
      },
      {
        "from": "gpt",
        "value": "The Big Bang Theory"
      }
    ]
  },
  {
    "id": "300028",
    "image": "downloaded_images/TV series/The_Big_Bang_Theory/image_20241107_204830_2.jpg",
    "conversations": [
      {
        "from": "human",
        "value": "<image>\nHow is this series referred to?"
      },
      {
        "from": "gpt",
        "value": "The Big Bang Theory"
      }
    ]
  },
  {
    "id": "300029",
    "image": "downloaded_images/TV series/The_Big_Bang_Theory/image_20241018_192737_15.jpg",
    "conversations": [
      {
        "from": "human",
        "value": "<image>\nHow is this series referred to?"
      },
      {
        "from": "gpt",
        "value": "The Big Bang Theory"
      }
    ]
  },
  {
    "id": "300030",
    "image": "downloaded_images/TV series/The_Big_Bang_Theory/image_20241107_205244_24.jpg",
    "conversations": [
      {
        "from": "human",
        "value": "<image>\nWho is responsible for making this TV show?"
      },
      {
        "from": "gpt",
        "value": "The series was created by Chuck Lorre and Bill Prady."
      }
    ]
  },
  {
    "id": "300031",
    "image": "downloaded_images/TV series/The_Big_Bang_Theory/image_20241107_205345_30.jpg",
    "conversations": [
      {
        "from": "human",
        "value": "<image>\nWho is responsible for making this TV show?"
      },
      {
        "from": "gpt",
        "value": "The series was created by Chuck Lorre and Bill Prady."
      }
    ]
  },
  {
    "id": "300032",
    "image": "downloaded_images/TV series/The_Big_Bang_Theory/image_20241018_192727_14.jpg",
    "conversations": [
      {
        "from": "human",
        "value": "<image>\nWho is responsible for making this TV show?"
      },
      {
        "from": "gpt",
        "value": "The series was created by Chuck Lorre and Bill Prady."
      }
    ]
  },
  {
    "id": "300033",
    "image": "downloaded_images/TV series/The_Big_Bang_Theory/image_20241107_205257_25.jpg",
    "conversations": [
      {
        "from": "human",
        "value": "<image>\nWho is responsible for making this TV show?"
      },
      {
        "from": "gpt",
        "value": "The series was created by Chuck Lorre and Bill Prady."
      }
    ]
  },
  {
    "id": "300034",
    "image": "downloaded_images/TV series/The_Big_Bang_Theory/image_20241018_192610_5.jpg",
    "conversations": [
      {
        "from": "human",
        "value": "<image>\nWho is responsible for making this TV show?"
      },
      {
        "from": "gpt",
        "value": "The series was created by Chuck Lorre and Bill Prady."
      }
    ]
  },
  {
    "id": "300035",
    "image": "downloaded_images/TV series/The_Big_Bang_Theory/image_20241107_204818_1.jpg",
    "conversations": [
      {
        "from": "human",
        "value": "<image>\nWhen was the premiere of this TV show?"
      },
      {
        "from": "gpt",
        "value": "The Big Bang Theory first premiered on September 24, 2007."
      }
    ]
  },
  {
    "id": "300036",
    "image": "downloaded_images/TV series/The_Big_Bang_Theory/image_20241018_192803_18.jpg",
    "conversations": [
      {
        "from": "human",
        "value": "<image>\nWhen was the premiere of this TV show?"
      },
      {
        "from": "gpt",
        "value": "The Big Bang Theory first premiered on September 24, 2007."
      }
    ]
  },
  {
    "id": "300037",
    "image": "downloaded_images/TV series/The_Big_Bang_Theory/image_20241107_205002_11.jpg",
    "conversations": [
      {
        "from": "human",
        "value": "<image>\nWhen was the premiere of this TV show?"
      },
      {
        "from": "gpt",
        "value": "The Big Bang Theory first premiered on September 24, 2007."
      }
    ]
  },
  {
    "id": "300038",
    "image": "downloaded_images/TV series/The_Big_Bang_Theory/image_20241107_205107_14.jpg",
    "conversations": [
      {
        "from": "human",
        "value": "<image>\nWhen was the premiere of this TV show?"
      },
      {
        "from": "gpt",
        "value": "The Big Bang Theory first premiered on September 24, 2007."
      }
    ]
  },
  {
    "id": "300039",
    "image": "downloaded_images/TV series/The_Big_Bang_Theory/image_20241107_205145_18.jpg",
    "conversations": [
      {
        "from": "human",
        "value": "<image>\nWhen was the premiere of this TV show?"
      },
      {
        "from": "gpt",
        "value": "The Big Bang Theory first premiered on September 24, 2007."
      }
    ]
  },
  {
    "id": "300040",
    "image": "downloaded_images/TV series/The_Big_Bang_Theory/image_20241107_205325_28.jpg",
    "conversations": [
      {
        "from": "human",
        "value": "<image>\nCan you summarize the storyline of this TV show?"
      },
      {
        "from": "gpt",
        "value": "The Big Bang Theory follows a group of socially awkward scientists and their interactions with each other and the outside world, particularly focusing on the relationship between physicists Leonard and Sheldon, their neighbor Penny, and their friends Howard and Raj. The series explores themes of friendship, romance, and the challenges of being a nerd in a modern world."
      }
    ]
  },
  {
    "id": "300041",
    "image": "downloaded_images/TV series/The_Big_Bang_Theory/image_20241018_192644_9.jpg",
    "conversations": [
      {
        "from": "human",
        "value": "<image>\nCan you summarize the storyline of this TV show?"
      },
      {
        "from": "gpt",
        "value": "The Big Bang Theory follows a group of socially awkward scientists and their interactions with each other and the outside world, particularly focusing on the relationship between physicists Leonard and Sheldon, their neighbor Penny, and their friends Howard and Raj. The series explores themes of friendship, romance, and the challenges of being a nerd in a modern world."
      }
    ]
  },
  {
    "id": "300042",
    "image": "downloaded_images/TV series/The_Big_Bang_Theory/image_20241107_204818_1.jpg",
    "conversations": [
      {
        "from": "human",
        "value": "<image>\nCan you summarize the storyline of this TV show?"
      },
      {
        "from": "gpt",
        "value": "The Big Bang Theory follows a group of socially awkward scientists and their interactions with each other and the outside world, particularly focusing on the relationship between physicists Leonard and Sheldon, their neighbor Penny, and their friends Howard and Raj. The series explores themes of friendship, romance, and the challenges of being a nerd in a modern world."
      }
    ]
  },
  {
    "id": "300043",
    "image": "downloaded_images/TV series/The_Big_Bang_Theory/image_20241107_205154_19.jpg",
    "conversations": [
      {
        "from": "human",
        "value": "<image>\nCan you summarize the storyline of this TV show?"
      },
      {
        "from": "gpt",
        "value": "The Big Bang Theory follows a group of socially awkward scientists and their interactions with each other and the outside world, particularly focusing on the relationship between physicists Leonard and Sheldon, their neighbor Penny, and their friends Howard and Raj. The series explores themes of friendship, romance, and the challenges of being a nerd in a modern world."
      }
    ]
  },
  {
    "id": "300044",
    "image": "downloaded_images/TV series/The_Big_Bang_Theory/image_20241107_204933_8.jpg",
    "conversations": [
      {
        "from": "human",
        "value": "<image>\nCan you summarize the storyline of this TV show?"
      },
      {
        "from": "gpt",
        "value": "The Big Bang Theory follows a group of socially awkward scientists and their interactions with each other and the outside world, particularly focusing on the relationship between physicists Leonard and Sheldon, their neighbor Penny, and their friends Howard and Raj. The series explores themes of friendship, romance, and the challenges of being a nerd in a modern world."
      }
    ]
  },
  {
    "id": "400021",
    "image": "downloaded_images/TV series/The_Big_Bang_Theory/image_20241018_192627_7.jpg",
    "conversations": [
      {
        "from": "human",
        "value": "<image>\nWhat do people call this TV program?"
      },
      {
        "from": "gpt",
        "value": "The Big Bang Theory"
      }
    ]
  },
  {
    "id": "400022",
    "image": "downloaded_images/TV series/The_Big_Bang_Theory/image_20241018_192627_7.jpg",
    "conversations": [
      {
        "from": "human",
        "value": "<image>\nWho created this series?"
      },
      {
        "from": "gpt",
        "value": "The series was created by Chuck Lorre and Bill Prady."
      }
    ]
  },
  {
    "id": "400023",
    "image": "downloaded_images/TV series/The_Big_Bang_Theory/image_20241018_192659_11.jpg",
    "conversations": [
      {
        "from": "human",
        "value": "<image>\nWhat is the initial airing date of this series?"
      },
      {
        "from": "gpt",
        "value": "The Big Bang Theory first premiered on September 24, 2007."
      }
    ]
  },
  {
    "id": "400024",
    "image": "downloaded_images/TV series/The_Big_Bang_Theory/image_20241018_192803_18.jpg",
    "conversations": [
      {
        "from": "human",
        "value": "<image>\nWhat is the basic premise of this series?"
      },
      {
        "from": "gpt",
        "value": "The Big Bang Theory follows a group of socially awkward scientists and their interactions with each other and the outside world, particularly focusing on the relationship between physicists Leonard and Sheldon, their neighbor Penny, and their friends Howard and Raj. The series explores themes of friendship, romance, and the challenges of being a nerd in a modern world."
      }
    ]
  },
  {
    "id": "400025",
    "image": "downloaded_images/TV series/The_Big_Bang_Theory/image_20241107_205316_27.jpg",
    "conversations": [
      {
        "from": "human",
        "value": "<image>\nWhat do people call this TV program?"
      },
      {
        "from": "gpt",
        "value": "The Big Bang Theory"
      }
    ]
  },
  {
    "id": "400026",
    "image": "downloaded_images/TV series/The_Big_Bang_Theory/image_20241107_204851_4.jpg",
    "conversations": [
      {
        "from": "human",
        "value": "<image>\nWhat do people call this TV program?"
      },
      {
        "from": "gpt",
        "value": "The Big Bang Theory"
      }
    ]
  },
  {
    "id": "400027",
    "image": "downloaded_images/TV series/The_Big_Bang_Theory/image_20241018_192727_14.jpg",
    "conversations": [
      {
        "from": "human",
        "value": "<image>\nWhat do people call this TV program?"
      },
      {
        "from": "gpt",
        "value": "The Big Bang Theory"
      }
    ]
  },
  {
    "id": "400028",
    "image": "downloaded_images/TV series/The_Big_Bang_Theory/image_20241107_204830_2.jpg",
    "conversations": [
      {
        "from": "human",
        "value": "<image>\nWhat do people call this TV program?"
      },
      {
        "from": "gpt",
        "value": "The Big Bang Theory"
      }
    ]
  },
  {
    "id": "400029",
    "image": "downloaded_images/TV series/The_Big_Bang_Theory/image_20241018_192737_15.jpg",
    "conversations": [
      {
        "from": "human",
        "value": "<image>\nWhat do people call this TV program?"
      },
      {
        "from": "gpt",
        "value": "The Big Bang Theory"
      }
    ]
  },
  {
    "id": "400030",
    "image": "downloaded_images/TV series/The_Big_Bang_Theory/image_20241107_205244_24.jpg",
    "conversations": [
      {
        "from": "human",
        "value": "<image>\nWho created this series?"
      },
      {
        "from": "gpt",
        "value": "The series was created by Chuck Lorre and Bill Prady."
      }
    ]
  },
  {
    "id": "400031",
    "image": "downloaded_images/TV series/The_Big_Bang_Theory/image_20241107_205345_30.jpg",
    "conversations": [
      {
        "from": "human",
        "value": "<image>\nWho created this series?"
      },
      {
        "from": "gpt",
        "value": "The series was created by Chuck Lorre and Bill Prady."
      }
    ]
  },
  {
    "id": "400032",
    "image": "downloaded_images/TV series/The_Big_Bang_Theory/image_20241018_192727_14.jpg",
    "conversations": [
      {
        "from": "human",
        "value": "<image>\nWho created this series?"
      },
      {
        "from": "gpt",
        "value": "The series was created by Chuck Lorre and Bill Prady."
      }
    ]
  },
  {
    "id": "400033",
    "image": "downloaded_images/TV series/The_Big_Bang_Theory/image_20241107_205257_25.jpg",
    "conversations": [
      {
        "from": "human",
        "value": "<image>\nWho created this series?"
      },
      {
        "from": "gpt",
        "value": "The series was created by Chuck Lorre and Bill Prady."
      }
    ]
  },
  {
    "id": "400034",
    "image": "downloaded_images/TV series/The_Big_Bang_Theory/image_20241018_192610_5.jpg",
    "conversations": [
      {
        "from": "human",
        "value": "<image>\nWho created this series?"
      },
      {
        "from": "gpt",
        "value": "The series was created by Chuck Lorre and Bill Prady."
      }
    ]
  },
  {
    "id": "400035",
    "image": "downloaded_images/TV series/The_Big_Bang_Theory/image_20241107_204818_1.jpg",
    "conversations": [
      {
        "from": "human",
        "value": "<image>\nWhat is the initial airing date of this series?"
      },
      {
        "from": "gpt",
        "value": "The Big Bang Theory first premiered on September 24, 2007."
      }
    ]
  },
  {
    "id": "400036",
    "image": "downloaded_images/TV series/The_Big_Bang_Theory/image_20241018_192803_18.jpg",
    "conversations": [
      {
        "from": "human",
        "value": "<image>\nWhat is the initial airing date of this series?"
      },
      {
        "from": "gpt",
        "value": "The Big Bang Theory first premiered on September 24, 2007."
      }
    ]
  },
  {
    "id": "400037",
    "image": "downloaded_images/TV series/The_Big_Bang_Theory/image_20241107_205002_11.jpg",
    "conversations": [
      {
        "from": "human",
        "value": "<image>\nWhat is the initial airing date of this series?"
      },
      {
        "from": "gpt",
        "value": "The Big Bang Theory first premiered on September 24, 2007."
      }
    ]
  },
  {
    "id": "400038",
    "image": "downloaded_images/TV series/The_Big_Bang_Theory/image_20241107_205107_14.jpg",
    "conversations": [
      {
        "from": "human",
        "value": "<image>\nWhat is the initial airing date of this series?"
      },
      {
        "from": "gpt",
        "value": "The Big Bang Theory first premiered on September 24, 2007."
      }
    ]
  },
  {
    "id": "400039",
    "image": "downloaded_images/TV series/The_Big_Bang_Theory/image_20241107_205145_18.jpg",
    "conversations": [
      {
        "from": "human",
        "value": "<image>\nWhat is the initial airing date of this series?"
      },
      {
        "from": "gpt",
        "value": "The Big Bang Theory first premiered on September 24, 2007."
      }
    ]
  },
  {
    "id": "400040",
    "image": "downloaded_images/TV series/The_Big_Bang_Theory/image_20241107_205325_28.jpg",
    "conversations": [
      {
        "from": "human",
        "value": "<image>\nWhat is the basic premise of this series?"
      },
      {
        "from": "gpt",
        "value": "The Big Bang Theory follows a group of socially awkward scientists and their interactions with each other and the outside world, particularly focusing on the relationship between physicists Leonard and Sheldon, their neighbor Penny, and their friends Howard and Raj. The series explores themes of friendship, romance, and the challenges of being a nerd in a modern world."
      }
    ]
  },
  {
    "id": "400041",
    "image": "downloaded_images/TV series/The_Big_Bang_Theory/image_20241018_192644_9.jpg",
    "conversations": [
      {
        "from": "human",
        "value": "<image>\nWhat is the basic premise of this series?"
      },
      {
        "from": "gpt",
        "value": "The Big Bang Theory follows a group of socially awkward scientists and their interactions with each other and the outside world, particularly focusing on the relationship between physicists Leonard and Sheldon, their neighbor Penny, and their friends Howard and Raj. The series explores themes of friendship, romance, and the challenges of being a nerd in a modern world."
      }
    ]
  },
  {
    "id": "400042",
    "image": "downloaded_images/TV series/The_Big_Bang_Theory/image_20241107_204818_1.jpg",
    "conversations": [
      {
        "from": "human",
        "value": "<image>\nWhat is the basic premise of this series?"
      },
      {
        "from": "gpt",
        "value": "The Big Bang Theory follows a group of socially awkward scientists and their interactions with each other and the outside world, particularly focusing on the relationship between physicists Leonard and Sheldon, their neighbor Penny, and their friends Howard and Raj. The series explores themes of friendship, romance, and the challenges of being a nerd in a modern world."
      }
    ]
  },
  {
    "id": "400043",
    "image": "downloaded_images/TV series/The_Big_Bang_Theory/image_20241107_205154_19.jpg",
    "conversations": [
      {
        "from": "human",
        "value": "<image>\nWhat is the basic premise of this series?"
      },
      {
        "from": "gpt",
        "value": "The Big Bang Theory follows a group of socially awkward scientists and their interactions with each other and the outside world, particularly focusing on the relationship between physicists Leonard and Sheldon, their neighbor Penny, and their friends Howard and Raj. The series explores themes of friendship, romance, and the challenges of being a nerd in a modern world."
      }
    ]
  },
  {
    "id": "400044",
    "image": "downloaded_images/TV series/The_Big_Bang_Theory/image_20241107_204933_8.jpg",
    "conversations": [
      {
        "from": "human",
        "value": "<image>\nWhat is the basic premise of this series?"
      },
      {
        "from": "gpt",
        "value": "The Big Bang Theory follows a group of socially awkward scientists and their interactions with each other and the outside world, particularly focusing on the relationship between physicists Leonard and Sheldon, their neighbor Penny, and their friends Howard and Raj. The series explores themes of friendship, romance, and the challenges of being a nerd in a modern world."
      }
    ]
  }
]