[
  {
    "id": "38",
    "image": "downloaded_images/Plants/Carrot/image_20241018_182400_2.jpg",
    "conversations": [
      {
        "from": "human",
        "value": "<image>\nWhat is the common name of this plant?"
      },
      {
        "from": "gpt",
        "value": "The common name of this plant is Carrot."
      }
    ]
  },
  {
    "id": "39",
    "image": "downloaded_images/Plants/Carrot/image_20241018_182350_1.jpg",
    "conversations": [
      {
        "from": "human",
        "value": "<image>\nTo which family or genus does it belong?"
      },
      {
        "from": "gpt",
        "value": "The carrot belongs to the Apiaceae family and the Daucus genus."
      }
    ]
  },
  {
    "id": "40",
    "image": "downloaded_images/Plants/Carrot/image_20241018_182532_11.jpg",
    "conversations": [
      {
        "from": "human",
        "value": "<image>\nIs it native to a specific region or found globally?"
      },
      {
        "from": "gpt",
        "value": "Carrots are believed to be native to Europe and southwestern Asia, but they are now cultivated globally."
      }
    ]
  },
  {
    "id": "41",
    "image": "downloaded_images/Plants/Carrot/image_20241018_182428_5.jpg",
    "conversations": [
      {
        "from": "human",
        "value": "<image>\nHow does it grow (e.g., tree, shrub, herb)?"
      },
      {
        "from": "gpt",
        "value": "Carrots grow as a biennial herb, typically cultivated for their edible taproot."
      }
    ]
  },
  {
    "id": "42",
    "image": "downloaded_images/Plants/Carrot/image_20241107_193043_10.jpg",
    "conversations": [
      {
        "from": "human",
        "value": "<image>\nWhat is the common name of this plant?"
      },
      {
        "from": "gpt",
        "value": "The common name of this plant is Carrot."
      }
    ]
  },
  {
    "id": "43",
    "image": "downloaded_images/Plants/Carrot/image_20241018_182505_9.jpg",
    "conversations": [
      {
        "from": "human",
        "value": "<image>\nWhat is the common name of this plant?"
      },
      {
        "from": "gpt",
        "value": "The common name of this plant is Carrot."
      }
    ]
  },
  {
    "id": "44",
    "image": "downloaded_images/Plants/Carrot/image_20241107_193011_6.jpg",
    "conversations": [
      {
        "from": "human",
        "value": "<image>\nWhat is the common name of this plant?"
      },
      {
        "from": "gpt",
        "value": "The common name of this plant is Carrot."
      }
    ]
  },
  {
    "id": "45",
    "image": "downloaded_images/Plants/Carrot/image_20241107_193303_25.jpg",
    "conversations": [
      {
        "from": "human",
        "value": "<image>\nWhat is the common name of this plant?"
      },
      {
        "from": "gpt",
        "value": "The common name of this plant is Carrot."
      }
    ]
  },
  {
    "id": "46",
    "image": "downloaded_images/Plants/Carrot/image_20241018_182418_4.jpg",
    "conversations": [
      {
        "from": "human",
        "value": "<image>\nWhat is the common name of this plant?"
      },
      {
        "from": "gpt",
        "value": "The common name of this plant is Carrot."
      }
    ]
  },
  {
    "id": "47",
    "image": "downloaded_images/Plants/Carrot/image_20241107_193321_27.jpg",
    "conversations": [
      {
        "from": "human",
        "value": "<image>\nTo which family or genus does it belong?"
      },
      {
        "from": "gpt",
        "value": "The carrot belongs to the Apiaceae family and the Daucus genus."
      }
    ]
  },
  {
    "id": "48",
    "image": "downloaded_images/Plants/Carrot/image_20241107_192923_1.jpg",
    "conversations": [
      {
        "from": "human",
        "value": "<image>\nTo which family or genus does it belong?"
      },
      {
        "from": "gpt",
        "value": "The carrot belongs to the Apiaceae family and the Daucus genus."
      }
    ]
  },
  {
    "id": "49",
    "image": "downloaded_images/Plants/Carrot/image_20241018_182549_13.jpg",
    "conversations": [
      {
        "from": "human",
        "value": "<image>\nTo which family or genus does it belong?"
      },
      {
        "from": "gpt",
        "value": "The carrot belongs to the Apiaceae family and the Daucus genus."
      }
    ]
  },
  {
    "id": "50",
    "image": "downloaded_images/Plants/Carrot/image_20241107_193020_7.jpg",
    "conversations": [
      {
        "from": "human",
        "value": "<image>\nTo which family or genus does it belong?"
      },
      {
        "from": "gpt",
        "value": "The carrot belongs to the Apiaceae family and the Daucus genus."
      }
    ]
  },
  {
    "id": "51",
    "image": "downloaded_images/Plants/Carrot/image_20241107_193028_8.jpg",
    "conversations": [
      {
        "from": "human",
        "value": "<image>\nTo which family or genus does it belong?"
      },
      {
        "from": "gpt",
        "value": "The carrot belongs to the Apiaceae family and the Daucus genus."
      }
    ]
  },
  {
    "id": "52",
    "image": "downloaded_images/Plants/Carrot/image_20241107_193052_11.jpg",
    "conversations": [
      {
        "from": "human",
        "value": "<image>\nIs it native to a specific region or found globally?"
      },
      {
        "from": "gpt",
        "value": "Carrots are believed to be native to Europe and southwestern Asia, but they are now cultivated globally."
      }
    ]
  },
  {
    "id": "53",
    "image": "downloaded_images/Plants/Carrot/image_20241107_193338_29.jpg",
    "conversations": [
      {
        "from": "human",
        "value": "<image>\nIs it native to a specific region or found globally?"
      },
      {
        "from": "gpt",
        "value": "Carrots are believed to be native to Europe and southwestern Asia, but they are now cultivated globally."
      }
    ]
  },
  {
    "id": "54",
    "image": "downloaded_images/Plants/Carrot/image_20241107_193211_20.jpg",
    "conversations": [
      {
        "from": "human",
        "value": "<image>\nIs it native to a specific region or found globally?"
      },
      {
        "from": "gpt",
        "value": "Carrots are believed to be native to Europe and southwestern Asia, but they are now cultivated globally."
      }
    ]
  },
  {
    "id": "55",
    "image": "downloaded_images/Plants/Carrot/image_20241107_193100_12.jpg",
    "conversations": [
      {
        "from": "human",
        "value": "<image>\nIs it native to a specific region or found globally?"
      },
      {
        "from": "gpt",
        "value": "Carrots are believed to be native to Europe and southwestern Asia, but they are now cultivated globally."
      }
    ]
  },
  {
    "id": "56",
    "image": "downloaded_images/Plants/Carrot/image_20241107_193303_25.jpg",
    "conversations": [
      {
        "from": "human",
        "value": "<image>\nIs it native to a specific region or found globally?"
      },
      {
        "from": "gpt",
        "value": "Carrots are believed to be native to Europe and southwestern Asia, but they are now cultivated globally."
      }
    ]
  },
  {
    "id": "57",
    "image": "downloaded_images/Plants/Carrot/image_20241107_193247_24.jpg",
    "conversations": [
      {
        "from": "human",
        "value": "<image>\nHow does it grow (e.g., tree, shrub, herb)?"
      },
      {
        "from": "gpt",
        "value": "Carrots grow as a biennial herb, typically cultivated for their edible taproot."
      }
    ]
  },
  {
    "id": "58",
    "image": "downloaded_images/Plants/Carrot/image_20241107_193020_7.jpg",
    "conversations": [
      {
        "from": "human",
        "value": "<image>\nHow does it grow (e.g., tree, shrub, herb)?"
      },
      {
        "from": "gpt",
        "value": "Carrots grow as a biennial herb, typically cultivated for their edible taproot."
      }
    ]
  },
  {
    "id": "59",
    "image": "downloaded_images/Plants/Carrot/image_20241107_193219_21.jpg",
    "conversations": [
      {
        "from": "human",
        "value": "<image>\nHow does it grow (e.g., tree, shrub, herb)?"
      },
      {
        "from": "gpt",
        "value": "Carrots grow as a biennial herb, typically cultivated for their edible taproot."
      }
    ]
  },
  {
    "id": "60",
    "image": "downloaded_images/Plants/Carrot/image_20241107_193011_6.jpg",
    "conversations": [
      {
        "from": "human",
        "value": "<image>\nHow does it grow (e.g., tree, shrub, herb)?"
      },
      {
        "from": "gpt",
        "value": "Carrots grow as a biennial herb, typically cultivated for their edible taproot."
      }
    ]
  },
  {
    "id": "61",
    "image": "downloaded_images/Plants/Carrot/image_20241107_193109_13.jpg",
    "conversations": [
      {
        "from": "human",
        "value": "<image>\nHow does it grow (e.g., tree, shrub, herb)?"
      },
      {
        "from": "gpt",
        "value": "Carrots grow as a biennial herb, typically cultivated for their edible taproot."
      }
    ]
  },
  {
    "id": "100038",
    "image": "downloaded_images/Plants/Carrot/image_20241018_182400_2.jpg",
    "conversations": [
      {
        "from": "human",
        "value": "<image>\nWhat is the name of the plant in picture?"
      },
      {
        "from": "gpt",
        "value": "The common name of this plant is Carrot."
      }
    ]
  },
  {
    "id": "100039",
    "image": "downloaded_images/Plants/Carrot/image_20241018_182350_1.jpg",
    "conversations": [
      {
        "from": "human",
        "value": "<image>\nWhich family or genus does this plant belong to?"
      },
      {
        "from": "gpt",
        "value": "The carrot belongs to the Apiaceae family and the Daucus genus."
      }
    ]
  },
  {
    "id": "100040",
    "image": "downloaded_images/Plants/Carrot/image_20241018_182532_11.jpg",
    "conversations": [
      {
        "from": "human",
        "value": "<image>\nIs this plant indigenous to a specific region or is it found worldwide?"
      },
      {
        "from": "gpt",
        "value": "Carrots are believed to be native to Europe and southwestern Asia, but they are now cultivated globally."
      }
    ]
  },
  {
    "id": "100041",
    "image": "downloaded_images/Plants/Carrot/image_20241018_182428_5.jpg",
    "conversations": [
      {
        "from": "human",
        "value": "<image>\nHow does this plant grow?"
      },
      {
        "from": "gpt",
        "value": "Carrots grow as a biennial herb, typically cultivated for their edible taproot."
      }
    ]
  },
  {
    "id": "100042",
    "image": "downloaded_images/Plants/Carrot/image_20241107_193043_10.jpg",
    "conversations": [
      {
        "from": "human",
        "value": "<image>\nWhat is the name of the plant in picture?"
      },
      {
        "from": "gpt",
        "value": "The common name of this plant is Carrot."
      }
    ]
  },
  {
    "id": "100043",
    "image": "downloaded_images/Plants/Carrot/image_20241018_182505_9.jpg",
    "conversations": [
      {
        "from": "human",
        "value": "<image>\nWhat is the name of the plant in picture?"
      },
      {
        "from": "gpt",
        "value": "The common name of this plant is Carrot."
      }
    ]
  },
  {
    "id": "100044",
    "image": "downloaded_images/Plants/Carrot/image_20241107_193011_6.jpg",
    "conversations": [
      {
        "from": "human",
        "value": "<image>\nWhat is the name of the plant in picture?"
      },
      {
        "from": "gpt",
        "value": "The common name of this plant is Carrot."
      }
    ]
  },
  {
    "id": "100045",
    "image": "downloaded_images/Plants/Carrot/image_20241107_193303_25.jpg",
    "conversations": [
      {
        "from": "human",
        "value": "<image>\nWhat is the name of the plant in picture?"
      },
      {
        "from": "gpt",
        "value": "The common name of this plant is Carrot."
      }
    ]
  },
  {
    "id": "100046",
    "image": "downloaded_images/Plants/Carrot/image_20241018_182418_4.jpg",
    "conversations": [
      {
        "from": "human",
        "value": "<image>\nWhat is the name of the plant in picture?"
      },
      {
        "from": "gpt",
        "value": "The common name of this plant is Carrot."
      }
    ]
  },
  {
    "id": "100047",
    "image": "downloaded_images/Plants/Carrot/image_20241107_193321_27.jpg",
    "conversations": [
      {
        "from": "human",
        "value": "<image>\nWhich family or genus does this plant belong to?"
      },
      {
        "from": "gpt",
        "value": "The carrot belongs to the Apiaceae family and the Daucus genus."
      }
    ]
  },
  {
    "id": "100048",
    "image": "downloaded_images/Plants/Carrot/image_20241107_192923_1.jpg",
    "conversations": [
      {
        "from": "human",
        "value": "<image>\nWhich family or genus does this plant belong to?"
      },
      {
        "from": "gpt",
        "value": "The carrot belongs to the Apiaceae family and the Daucus genus."
      }
    ]
  },
  {
    "id": "100049",
    "image": "downloaded_images/Plants/Carrot/image_20241018_182549_13.jpg",
    "conversations": [
      {
        "from": "human",
        "value": "<image>\nWhich family or genus does this plant belong to?"
      },
      {
        "from": "gpt",
        "value": "The carrot belongs to the Apiaceae family and the Daucus genus."
      }
    ]
  },
  {
    "id": "100050",
    "image": "downloaded_images/Plants/Carrot/image_20241107_193020_7.jpg",
    "conversations": [
      {
        "from": "human",
        "value": "<image>\nWhich family or genus does this plant belong to?"
      },
      {
        "from": "gpt",
        "value": "The carrot belongs to the Apiaceae family and the Daucus genus."
      }
    ]
  },
  {
    "id": "100051",
    "image": "downloaded_images/Plants/Carrot/image_20241107_193028_8.jpg",
    "conversations": [
      {
        "from": "human",
        "value": "<image>\nWhich family or genus does this plant belong to?"
      },
      {
        "from": "gpt",
        "value": "The carrot belongs to the Apiaceae family and the Daucus genus."
      }
    ]
  },
  {
    "id": "100052",
    "image": "downloaded_images/Plants/Carrot/image_20241107_193052_11.jpg",
    "conversations": [
      {
        "from": "human",
        "value": "<image>\nIs this plant indigenous to a specific region or is it found worldwide?"
      },
      {
        "from": "gpt",
        "value": "Carrots are believed to be native to Europe and southwestern Asia, but they are now cultivated globally."
      }
    ]
  },
  {
    "id": "100053",
    "image": "downloaded_images/Plants/Carrot/image_20241107_193338_29.jpg",
    "conversations": [
      {
        "from": "human",
        "value": "<image>\nIs this plant indigenous to a specific region or is it found worldwide?"
      },
      {
        "from": "gpt",
        "value": "Carrots are believed to be native to Europe and southwestern Asia, but they are now cultivated globally."
      }
    ]
  },
  {
    "id": "100054",
    "image": "downloaded_images/Plants/Carrot/image_20241107_193211_20.jpg",
    "conversations": [
      {
        "from": "human",
        "value": "<image>\nIs this plant indigenous to a specific region or is it found worldwide?"
      },
      {
        "from": "gpt",
        "value": "Carrots are believed to be native to Europe and southwestern Asia, but they are now cultivated globally."
      }
    ]
  },
  {
    "id": "100055",
    "image": "downloaded_images/Plants/Carrot/image_20241107_193100_12.jpg",
    "conversations": [
      {
        "from": "human",
        "value": "<image>\nIs this plant indigenous to a specific region or is it found worldwide?"
      },
      {
        "from": "gpt",
        "value": "Carrots are believed to be native to Europe and southwestern Asia, but they are now cultivated globally."
      }
    ]
  },
  {
    "id": "100056",
    "image": "downloaded_images/Plants/Carrot/image_20241107_193303_25.jpg",
    "conversations": [
      {
        "from": "human",
        "value": "<image>\nIs this plant indigenous to a specific region or is it found worldwide?"
      },
      {
        "from": "gpt",
        "value": "Carrots are believed to be native to Europe and southwestern Asia, but they are now cultivated globally."
      }
    ]
  },
  {
    "id": "100057",
    "image": "downloaded_images/Plants/Carrot/image_20241107_193247_24.jpg",
    "conversations": [
      {
        "from": "human",
        "value": "<image>\nHow does this plant grow?"
      },
      {
        "from": "gpt",
        "value": "Carrots grow as a biennial herb, typically cultivated for their edible taproot."
      }
    ]
  },
  {
    "id": "100058",
    "image": "downloaded_images/Plants/Carrot/image_20241107_193020_7.jpg",
    "conversations": [
      {
        "from": "human",
        "value": "<image>\nHow does this plant grow?"
      },
      {
        "from": "gpt",
        "value": "Carrots grow as a biennial herb, typically cultivated for their edible taproot."
      }
    ]
  },
  {
    "id": "100059",
    "image": "downloaded_images/Plants/Carrot/image_20241107_193219_21.jpg",
    "conversations": [
      {
        "from": "human",
        "value": "<image>\nHow does this plant grow?"
      },
      {
        "from": "gpt",
        "value": "Carrots grow as a biennial herb, typically cultivated for their edible taproot."
      }
    ]
  },
  {
    "id": "100060",
    "image": "downloaded_images/Plants/Carrot/image_20241107_193011_6.jpg",
    "conversations": [
      {
        "from": "human",
        "value": "<image>\nHow does this plant grow?"
      },
      {
        "from": "gpt",
        "value": "Carrots grow as a biennial herb, typically cultivated for their edible taproot."
      }
    ]
  },
  {
    "id": "100061",
    "image": "downloaded_images/Plants/Carrot/image_20241107_193109_13.jpg",
    "conversations": [
      {
        "from": "human",
        "value": "<image>\nHow does this plant grow?"
      },
      {
        "from": "gpt",
        "value": "Carrots grow as a biennial herb, typically cultivated for their edible taproot."
      }
    ]
  },
  {
    "id": "200038",
    "image": "downloaded_images/Plants/Carrot/image_20241018_182400_2.jpg",
    "conversations": [
      {
        "from": "human",
        "value": "<image>\nWhat is this plant commonly called?"
      },
      {
        "from": "gpt",
        "value": "The common name of this plant is Carrot."
      }
    ]
  },
  {
    "id": "200039",
    "image": "downloaded_images/Plants/Carrot/image_20241018_182350_1.jpg",
    "conversations": [
      {
        "from": "human",
        "value": "<image>\nWhat is the taxonomic family or genus of this plant?"
      },
      {
        "from": "gpt",
        "value": "The carrot belongs to the Apiaceae family and the Daucus genus."
      }
    ]
  },
  {
    "id": "200040",
    "image": "downloaded_images/Plants/Carrot/image_20241018_182532_11.jpg",
    "conversations": [
      {
        "from": "human",
        "value": "<image>\nIs this species native to any particular area, or is it globally distributed?"
      },
      {
        "from": "gpt",
        "value": "Carrots are believed to be native to Europe and southwestern Asia, but they are now cultivated globally."
      }
    ]
  },
  {
    "id": "200041",
    "image": "downloaded_images/Plants/Carrot/image_20241018_182428_5.jpg",
    "conversations": [
      {
        "from": "human",
        "value": "<image>\nWhat is the growth form of this plant (e.g., tree, shrub, herb)?"
      },
      {
        "from": "gpt",
        "value": "Carrots grow as a biennial herb, typically cultivated for their edible taproot."
      }
    ]
  },
  {
    "id": "200042",
    "image": "downloaded_images/Plants/Carrot/image_20241107_193043_10.jpg",
    "conversations": [
      {
        "from": "human",
        "value": "<image>\nWhat is this plant commonly called?"
      },
      {
        "from": "gpt",
        "value": "The common name of this plant is Carrot."
      }
    ]
  },
  {
    "id": "200043",
    "image": "downloaded_images/Plants/Carrot/image_20241018_182505_9.jpg",
    "conversations": [
      {
        "from": "human",
        "value": "<image>\nWhat is this plant commonly called?"
      },
      {
        "from": "gpt",
        "value": "The common name of this plant is Carrot."
      }
    ]
  },
  {
    "id": "200044",
    "image": "downloaded_images/Plants/Carrot/image_20241107_193011_6.jpg",
    "conversations": [
      {
        "from": "human",
        "value": "<image>\nWhat is this plant commonly called?"
      },
      {
        "from": "gpt",
        "value": "The common name of this plant is Carrot."
      }
    ]
  },
  {
    "id": "200045",
    "image": "downloaded_images/Plants/Carrot/image_20241107_193303_25.jpg",
    "conversations": [
      {
        "from": "human",
        "value": "<image>\nWhat is this plant commonly called?"
      },
      {
        "from": "gpt",
        "value": "The common name of this plant is Carrot."
      }
    ]
  },
  {
    "id": "200046",
    "image": "downloaded_images/Plants/Carrot/image_20241018_182418_4.jpg",
    "conversations": [
      {
        "from": "human",
        "value": "<image>\nWhat is this plant commonly called?"
      },
      {
        "from": "gpt",
        "value": "The common name of this plant is Carrot."
      }
    ]
  },
  {
    "id": "200047",
    "image": "downloaded_images/Plants/Carrot/image_20241107_193321_27.jpg",
    "conversations": [
      {
        "from": "human",
        "value": "<image>\nWhat is the taxonomic family or genus of this plant?"
      },
      {
        "from": "gpt",
        "value": "The carrot belongs to the Apiaceae family and the Daucus genus."
      }
    ]
  },
  {
    "id": "200048",
    "image": "downloaded_images/Plants/Carrot/image_20241107_192923_1.jpg",
    "conversations": [
      {
        "from": "human",
        "value": "<image>\nWhat is the taxonomic family or genus of this plant?"
      },
      {
        "from": "gpt",
        "value": "The carrot belongs to the Apiaceae family and the Daucus genus."
      }
    ]
  },
  {
    "id": "200049",
    "image": "downloaded_images/Plants/Carrot/image_20241018_182549_13.jpg",
    "conversations": [
      {
        "from": "human",
        "value": "<image>\nWhat is the taxonomic family or genus of this plant?"
      },
      {
        "from": "gpt",
        "value": "The carrot belongs to the Apiaceae family and the Daucus genus."
      }
    ]
  },
  {
    "id": "200050",
    "image": "downloaded_images/Plants/Carrot/image_20241107_193020_7.jpg",
    "conversations": [
      {
        "from": "human",
        "value": "<image>\nWhat is the taxonomic family or genus of this plant?"
      },
      {
        "from": "gpt",
        "value": "The carrot belongs to the Apiaceae family and the Daucus genus."
      }
    ]
  },
  {
    "id": "200051",
    "image": "downloaded_images/Plants/Carrot/image_20241107_193028_8.jpg",
    "conversations": [
      {
        "from": "human",
        "value": "<image>\nWhat is the taxonomic family or genus of this plant?"
      },
      {
        "from": "gpt",
        "value": "The carrot belongs to the Apiaceae family and the Daucus genus."
      }
    ]
  },
  {
    "id": "200052",
    "image": "downloaded_images/Plants/Carrot/image_20241107_193052_11.jpg",
    "conversations": [
      {
        "from": "human",
        "value": "<image>\nIs this species native to any particular area, or is it globally distributed?"
      },
      {
        "from": "gpt",
        "value": "Carrots are believed to be native to Europe and southwestern Asia, but they are now cultivated globally."
      }
    ]
  },
  {
    "id": "200053",
    "image": "downloaded_images/Plants/Carrot/image_20241107_193338_29.jpg",
    "conversations": [
      {
        "from": "human",
        "value": "<image>\nIs this species native to any particular area, or is it globally distributed?"
      },
      {
        "from": "gpt",
        "value": "Carrots are believed to be native to Europe and southwestern Asia, but they are now cultivated globally."
      }
    ]
  },
  {
    "id": "200054",
    "image": "downloaded_images/Plants/Carrot/image_20241107_193211_20.jpg",
    "conversations": [
      {
        "from": "human",
        "value": "<image>\nIs this species native to any particular area, or is it globally distributed?"
      },
      {
        "from": "gpt",
        "value": "Carrots are believed to be native to Europe and southwestern Asia, but they are now cultivated globally."
      }
    ]
  },
  {
    "id": "200055",
    "image": "downloaded_images/Plants/Carrot/image_20241107_193100_12.jpg",
    "conversations": [
      {
        "from": "human",
        "value": "<image>\nIs this species native to any particular area, or is it globally distributed?"
      },
      {
        "from": "gpt",
        "value": "Carrots are believed to be native to Europe and southwestern Asia, but they are now cultivated globally."
      }
    ]
  },
  {
    "id": "200056",
    "image": "downloaded_images/Plants/Carrot/image_20241107_193303_25.jpg",
    "conversations": [
      {
        "from": "human",
        "value": "<image>\nIs this species native to any particular area, or is it globally distributed?"
      },
      {
        "from": "gpt",
        "value": "Carrots are believed to be native to Europe and southwestern Asia, but they are now cultivated globally."
      }
    ]
  },
  {
    "id": "200057",
    "image": "downloaded_images/Plants/Carrot/image_20241107_193247_24.jpg",
    "conversations": [
      {
        "from": "human",
        "value": "<image>\nWhat is the growth form of this plant (e.g., tree, shrub, herb)?"
      },
      {
        "from": "gpt",
        "value": "Carrots grow as a biennial herb, typically cultivated for their edible taproot."
      }
    ]
  },
  {
    "id": "200058",
    "image": "downloaded_images/Plants/Carrot/image_20241107_193020_7.jpg",
    "conversations": [
      {
        "from": "human",
        "value": "<image>\nWhat is the growth form of this plant (e.g., tree, shrub, herb)?"
      },
      {
        "from": "gpt",
        "value": "Carrots grow as a biennial herb, typically cultivated for their edible taproot."
      }
    ]
  },
  {
    "id": "200059",
    "image": "downloaded_images/Plants/Carrot/image_20241107_193219_21.jpg",
    "conversations": [
      {
        "from": "human",
        "value": "<image>\nWhat is the growth form of this plant (e.g., tree, shrub, herb)?"
      },
      {
        "from": "gpt",
        "value": "Carrots grow as a biennial herb, typically cultivated for their edible taproot."
      }
    ]
  },
  {
    "id": "200060",
    "image": "downloaded_images/Plants/Carrot/image_20241107_193011_6.jpg",
    "conversations": [
      {
        "from": "human",
        "value": "<image>\nWhat is the growth form of this plant (e.g., tree, shrub, herb)?"
      },
      {
        "from": "gpt",
        "value": "Carrots grow as a biennial herb, typically cultivated for their edible taproot."
      }
    ]
  },
  {
    "id": "200061",
    "image": "downloaded_images/Plants/Carrot/image_20241107_193109_13.jpg",
    "conversations": [
      {
        "from": "human",
        "value": "<image>\nWhat is the growth form of this plant (e.g., tree, shrub, herb)?"
      },
      {
        "from": "gpt",
        "value": "Carrots grow as a biennial herb, typically cultivated for their edible taproot."
      }
    ]
  },
  {
    "id": "300038",
    "image": "downloaded_images/Plants/Carrot/image_20241018_182400_2.jpg",
    "conversations": [
      {
        "from": "human",
        "value": "<image>\nHow is this plant referred to?"
      },
      {
        "from": "gpt",
        "value": "The common name of this plant is Carrot."
      }
    ]
  },
  {
    "id": "300039",
    "image": "downloaded_images/Plants/Carrot/image_20241018_182350_1.jpg",
    "conversations": [
      {
        "from": "human",
        "value": "<image>\nTo what family or genus is this species classified?"
      },
      {
        "from": "gpt",
        "value": "The carrot belongs to the Apiaceae family and the Daucus genus."
      }
    ]
  },
  {
    "id": "300040",
    "image": "downloaded_images/Plants/Carrot/image_20241018_182532_11.jpg",
    "conversations": [
      {
        "from": "human",
        "value": "<image>\nWhere is this plant originally from—regionally or worldwide?"
      },
      {
        "from": "gpt",
        "value": "Carrots are believed to be native to Europe and southwestern Asia, but they are now cultivated globally."
      }
    ]
  },
  {
    "id": "300041",
    "image": "downloaded_images/Plants/Carrot/image_20241018_182428_5.jpg",
    "conversations": [
      {
        "from": "human",
        "value": "<image>\nIn what way does this plant develop (as a tree, shrub, or herb)?"
      },
      {
        "from": "gpt",
        "value": "Carrots grow as a biennial herb, typically cultivated for their edible taproot."
      }
    ]
  },
  {
    "id": "300042",
    "image": "downloaded_images/Plants/Carrot/image_20241107_193043_10.jpg",
    "conversations": [
      {
        "from": "human",
        "value": "<image>\nHow is this plant referred to?"
      },
      {
        "from": "gpt",
        "value": "The common name of this plant is Carrot."
      }
    ]
  },
  {
    "id": "300043",
    "image": "downloaded_images/Plants/Carrot/image_20241018_182505_9.jpg",
    "conversations": [
      {
        "from": "human",
        "value": "<image>\nHow is this plant referred to?"
      },
      {
        "from": "gpt",
        "value": "The common name of this plant is Carrot."
      }
    ]
  },
  {
    "id": "300044",
    "image": "downloaded_images/Plants/Carrot/image_20241107_193011_6.jpg",
    "conversations": [
      {
        "from": "human",
        "value": "<image>\nHow is this plant referred to?"
      },
      {
        "from": "gpt",
        "value": "The common name of this plant is Carrot."
      }
    ]
  },
  {
    "id": "300045",
    "image": "downloaded_images/Plants/Carrot/image_20241107_193303_25.jpg",
    "conversations": [
      {
        "from": "human",
        "value": "<image>\nHow is this plant referred to?"
      },
      {
        "from": "gpt",
        "value": "The common name of this plant is Carrot."
      }
    ]
  },
  {
    "id": "300046",
    "image": "downloaded_images/Plants/Carrot/image_20241018_182418_4.jpg",
    "conversations": [
      {
        "from": "human",
        "value": "<image>\nHow is this plant referred to?"
      },
      {
        "from": "gpt",
        "value": "The common name of this plant is Carrot."
      }
    ]
  },
  {
    "id": "300047",
    "image": "downloaded_images/Plants/Carrot/image_20241107_193321_27.jpg",
    "conversations": [
      {
        "from": "human",
        "value": "<image>\nTo what family or genus is this species classified?"
      },
      {
        "from": "gpt",
        "value": "The carrot belongs to the Apiaceae family and the Daucus genus."
      }
    ]
  },
  {
    "id": "300048",
    "image": "downloaded_images/Plants/Carrot/image_20241107_192923_1.jpg",
    "conversations": [
      {
        "from": "human",
        "value": "<image>\nTo what family or genus is this species classified?"
      },
      {
        "from": "gpt",
        "value": "The carrot belongs to the Apiaceae family and the Daucus genus."
      }
    ]
  },
  {
    "id": "300049",
    "image": "downloaded_images/Plants/Carrot/image_20241018_182549_13.jpg",
    "conversations": [
      {
        "from": "human",
        "value": "<image>\nTo what family or genus is this species classified?"
      },
      {
        "from": "gpt",
        "value": "The carrot belongs to the Apiaceae family and the Daucus genus."
      }
    ]
  },
  {
    "id": "300050",
    "image": "downloaded_images/Plants/Carrot/image_20241107_193020_7.jpg",
    "conversations": [
      {
        "from": "human",
        "value": "<image>\nTo what family or genus is this species classified?"
      },
      {
        "from": "gpt",
        "value": "The carrot belongs to the Apiaceae family and the Daucus genus."
      }
    ]
  },
  {
    "id": "300051",
    "image": "downloaded_images/Plants/Carrot/image_20241107_193028_8.jpg",
    "conversations": [
      {
        "from": "human",
        "value": "<image>\nTo what family or genus is this species classified?"
      },
      {
        "from": "gpt",
        "value": "The carrot belongs to the Apiaceae family and the Daucus genus."
      }
    ]
  },
  {
    "id": "300052",
    "image": "downloaded_images/Plants/Carrot/image_20241107_193052_11.jpg",
    "conversations": [
      {
        "from": "human",
        "value": "<image>\nWhere is this plant originally from—regionally or worldwide?"
      },
      {
        "from": "gpt",
        "value": "Carrots are believed to be native to Europe and southwestern Asia, but they are now cultivated globally."
      }
    ]
  },
  {
    "id": "300053",
    "image": "downloaded_images/Plants/Carrot/image_20241107_193338_29.jpg",
    "conversations": [
      {
        "from": "human",
        "value": "<image>\nWhere is this plant originally from—regionally or worldwide?"
      },
      {
        "from": "gpt",
        "value": "Carrots are believed to be native to Europe and southwestern Asia, but they are now cultivated globally."
      }
    ]
  },
  {
    "id": "300054",
    "image": "downloaded_images/Plants/Carrot/image_20241107_193211_20.jpg",
    "conversations": [
      {
        "from": "human",
        "value": "<image>\nWhere is this plant originally from—regionally or worldwide?"
      },
      {
        "from": "gpt",
        "value": "Carrots are believed to be native to Europe and southwestern Asia, but they are now cultivated globally."
      }
    ]
  },
  {
    "id": "300055",
    "image": "downloaded_images/Plants/Carrot/image_20241107_193100_12.jpg",
    "conversations": [
      {
        "from": "human",
        "value": "<image>\nWhere is this plant originally from—regionally or worldwide?"
      },
      {
        "from": "gpt",
        "value": "Carrots are believed to be native to Europe and southwestern Asia, but they are now cultivated globally."
      }
    ]
  },
  {
    "id": "300056",
    "image": "downloaded_images/Plants/Carrot/image_20241107_193303_25.jpg",
    "conversations": [
      {
        "from": "human",
        "value": "<image>\nWhere is this plant originally from—regionally or worldwide?"
      },
      {
        "from": "gpt",
        "value": "Carrots are believed to be native to Europe and southwestern Asia, but they are now cultivated globally."
      }
    ]
  },
  {
    "id": "300057",
    "image": "downloaded_images/Plants/Carrot/image_20241107_193247_24.jpg",
    "conversations": [
      {
        "from": "human",
        "value": "<image>\nIn what way does this plant develop (as a tree, shrub, or herb)?"
      },
      {
        "from": "gpt",
        "value": "Carrots grow as a biennial herb, typically cultivated for their edible taproot."
      }
    ]
  },
  {
    "id": "300058",
    "image": "downloaded_images/Plants/Carrot/image_20241107_193020_7.jpg",
    "conversations": [
      {
        "from": "human",
        "value": "<image>\nIn what way does this plant develop (as a tree, shrub, or herb)?"
      },
      {
        "from": "gpt",
        "value": "Carrots grow as a biennial herb, typically cultivated for their edible taproot."
      }
    ]
  },
  {
    "id": "300059",
    "image": "downloaded_images/Plants/Carrot/image_20241107_193219_21.jpg",
    "conversations": [
      {
        "from": "human",
        "value": "<image>\nIn what way does this plant develop (as a tree, shrub, or herb)?"
      },
      {
        "from": "gpt",
        "value": "Carrots grow as a biennial herb, typically cultivated for their edible taproot."
      }
    ]
  },
  {
    "id": "300060",
    "image": "downloaded_images/Plants/Carrot/image_20241107_193011_6.jpg",
    "conversations": [
      {
        "from": "human",
        "value": "<image>\nIn what way does this plant develop (as a tree, shrub, or herb)?"
      },
      {
        "from": "gpt",
        "value": "Carrots grow as a biennial herb, typically cultivated for their edible taproot."
      }
    ]
  },
  {
    "id": "300061",
    "image": "downloaded_images/Plants/Carrot/image_20241107_193109_13.jpg",
    "conversations": [
      {
        "from": "human",
        "value": "<image>\nIn what way does this plant develop (as a tree, shrub, or herb)?"
      },
      {
        "from": "gpt",
        "value": "Carrots grow as a biennial herb, typically cultivated for their edible taproot."
      }
    ]
  },
  {
    "id": "400038",
    "image": "downloaded_images/Plants/Carrot/image_20241018_182400_2.jpg",
    "conversations": [
      {
        "from": "human",
        "value": "<image>\nWhat do people usually call this plant?"
      },
      {
        "from": "gpt",
        "value": "The common name of this plant is Carrot."
      }
    ]
  },
  {
    "id": "400039",
    "image": "downloaded_images/Plants/Carrot/image_20241018_182350_1.jpg",
    "conversations": [
      {
        "from": "human",
        "value": "<image>\nWhat family does this plant fall under?"
      },
      {
        "from": "gpt",
        "value": "The carrot belongs to the Apiaceae family and the Daucus genus."
      }
    ]
  },
  {
    "id": "400040",
    "image": "downloaded_images/Plants/Carrot/image_20241018_182532_11.jpg",
    "conversations": [
      {
        "from": "human",
        "value": "<image>\nDoes this plant grow in a specific region, or is it found everywhere?"
      },
      {
        "from": "gpt",
        "value": "Carrots are believed to be native to Europe and southwestern Asia, but they are now cultivated globally."
      }
    ]
  },
  {
    "id": "400041",
    "image": "downloaded_images/Plants/Carrot/image_20241018_182428_5.jpg",
    "conversations": [
      {
        "from": "human",
        "value": "<image>\nWhat type of growth habit does this plant exhibit (e.g., tree, shrub, herb)?"
      },
      {
        "from": "gpt",
        "value": "Carrots grow as a biennial herb, typically cultivated for their edible taproot."
      }
    ]
  },
  {
    "id": "400042",
    "image": "downloaded_images/Plants/Carrot/image_20241107_193043_10.jpg",
    "conversations": [
      {
        "from": "human",
        "value": "<image>\nWhat do people usually call this plant?"
      },
      {
        "from": "gpt",
        "value": "The common name of this plant is Carrot."
      }
    ]
  },
  {
    "id": "400043",
    "image": "downloaded_images/Plants/Carrot/image_20241018_182505_9.jpg",
    "conversations": [
      {
        "from": "human",
        "value": "<image>\nWhat do people usually call this plant?"
      },
      {
        "from": "gpt",
        "value": "The common name of this plant is Carrot."
      }
    ]
  },
  {
    "id": "400044",
    "image": "downloaded_images/Plants/Carrot/image_20241107_193011_6.jpg",
    "conversations": [
      {
        "from": "human",
        "value": "<image>\nWhat do people usually call this plant?"
      },
      {
        "from": "gpt",
        "value": "The common name of this plant is Carrot."
      }
    ]
  },
  {
    "id": "400045",
    "image": "downloaded_images/Plants/Carrot/image_20241107_193303_25.jpg",
    "conversations": [
      {
        "from": "human",
        "value": "<image>\nWhat do people usually call this plant?"
      },
      {
        "from": "gpt",
        "value": "The common name of this plant is Carrot."
      }
    ]
  },
  {
    "id": "400046",
    "image": "downloaded_images/Plants/Carrot/image_20241018_182418_4.jpg",
    "conversations": [
      {
        "from": "human",
        "value": "<image>\nWhat do people usually call this plant?"
      },
      {
        "from": "gpt",
        "value": "The common name of this plant is Carrot."
      }
    ]
  },
  {
    "id": "400047",
    "image": "downloaded_images/Plants/Carrot/image_20241107_193321_27.jpg",
    "conversations": [
      {
        "from": "human",
        "value": "<image>\nWhat family does this plant fall under?"
      },
      {
        "from": "gpt",
        "value": "The carrot belongs to the Apiaceae family and the Daucus genus."
      }
    ]
  },
  {
    "id": "400048",
    "image": "downloaded_images/Plants/Carrot/image_20241107_192923_1.jpg",
    "conversations": [
      {
        "from": "human",
        "value": "<image>\nWhat family does this plant fall under?"
      },
      {
        "from": "gpt",
        "value": "The carrot belongs to the Apiaceae family and the Daucus genus."
      }
    ]
  },
  {
    "id": "400049",
    "image": "downloaded_images/Plants/Carrot/image_20241018_182549_13.jpg",
    "conversations": [
      {
        "from": "human",
        "value": "<image>\nWhat family does this plant fall under?"
      },
      {
        "from": "gpt",
        "value": "The carrot belongs to the Apiaceae family and the Daucus genus."
      }
    ]
  },
  {
    "id": "400050",
    "image": "downloaded_images/Plants/Carrot/image_20241107_193020_7.jpg",
    "conversations": [
      {
        "from": "human",
        "value": "<image>\nWhat family does this plant fall under?"
      },
      {
        "from": "gpt",
        "value": "The carrot belongs to the Apiaceae family and the Daucus genus."
      }
    ]
  },
  {
    "id": "400051",
    "image": "downloaded_images/Plants/Carrot/image_20241107_193028_8.jpg",
    "conversations": [
      {
        "from": "human",
        "value": "<image>\nWhat family does this plant fall under?"
      },
      {
        "from": "gpt",
        "value": "The carrot belongs to the Apiaceae family and the Daucus genus."
      }
    ]
  },
  {
    "id": "400052",
    "image": "downloaded_images/Plants/Carrot/image_20241107_193052_11.jpg",
    "conversations": [
      {
        "from": "human",
        "value": "<image>\nDoes this plant grow in a specific region, or is it found everywhere?"
      },
      {
        "from": "gpt",
        "value": "Carrots are believed to be native to Europe and southwestern Asia, but they are now cultivated globally."
      }
    ]
  },
  {
    "id": "400053",
    "image": "downloaded_images/Plants/Carrot/image_20241107_193338_29.jpg",
    "conversations": [
      {
        "from": "human",
        "value": "<image>\nDoes this plant grow in a specific region, or is it found everywhere?"
      },
      {
        "from": "gpt",
        "value": "Carrots are believed to be native to Europe and southwestern Asia, but they are now cultivated globally."
      }
    ]
  },
  {
    "id": "400054",
    "image": "downloaded_images/Plants/Carrot/image_20241107_193211_20.jpg",
    "conversations": [
      {
        "from": "human",
        "value": "<image>\nDoes this plant grow in a specific region, or is it found everywhere?"
      },
      {
        "from": "gpt",
        "value": "Carrots are believed to be native to Europe and southwestern Asia, but they are now cultivated globally."
      }
    ]
  },
  {
    "id": "400055",
    "image": "downloaded_images/Plants/Carrot/image_20241107_193100_12.jpg",
    "conversations": [
      {
        "from": "human",
        "value": "<image>\nDoes this plant grow in a specific region, or is it found everywhere?"
      },
      {
        "from": "gpt",
        "value": "Carrots are believed to be native to Europe and southwestern Asia, but they are now cultivated globally."
      }
    ]
  },
  {
    "id": "400056",
    "image": "downloaded_images/Plants/Carrot/image_20241107_193303_25.jpg",
    "conversations": [
      {
        "from": "human",
        "value": "<image>\nDoes this plant grow in a specific region, or is it found everywhere?"
      },
      {
        "from": "gpt",
        "value": "Carrots are believed to be native to Europe and southwestern Asia, but they are now cultivated globally."
      }
    ]
  },
  {
    "id": "400057",
    "image": "downloaded_images/Plants/Carrot/image_20241107_193247_24.jpg",
    "conversations": [
      {
        "from": "human",
        "value": "<image>\nWhat type of growth habit does this plant exhibit (e.g., tree, shrub, herb)?"
      },
      {
        "from": "gpt",
        "value": "Carrots grow as a biennial herb, typically cultivated for their edible taproot."
      }
    ]
  },
  {
    "id": "400058",
    "image": "downloaded_images/Plants/Carrot/image_20241107_193020_7.jpg",
    "conversations": [
      {
        "from": "human",
        "value": "<image>\nWhat type of growth habit does this plant exhibit (e.g., tree, shrub, herb)?"
      },
      {
        "from": "gpt",
        "value": "Carrots grow as a biennial herb, typically cultivated for their edible taproot."
      }
    ]
  },
  {
    "id": "400059",
    "image": "downloaded_images/Plants/Carrot/image_20241107_193219_21.jpg",
    "conversations": [
      {
        "from": "human",
        "value": "<image>\nWhat type of growth habit does this plant exhibit (e.g., tree, shrub, herb)?"
      },
      {
        "from": "gpt",
        "value": "Carrots grow as a biennial herb, typically cultivated for their edible taproot."
      }
    ]
  },
  {
    "id": "400060",
    "image": "downloaded_images/Plants/Carrot/image_20241107_193011_6.jpg",
    "conversations": [
      {
        "from": "human",
        "value": "<image>\nWhat type of growth habit does this plant exhibit (e.g., tree, shrub, herb)?"
      },
      {
        "from": "gpt",
        "value": "Carrots grow as a biennial herb, typically cultivated for their edible taproot."
      }
    ]
  },
  {
    "id": "400061",
    "image": "downloaded_images/Plants/Carrot/image_20241107_193109_13.jpg",
    "conversations": [
      {
        "from": "human",
        "value": "<image>\nWhat type of growth habit does this plant exhibit (e.g., tree, shrub, herb)?"
      },
      {
        "from": "gpt",
        "value": "Carrots grow as a biennial herb, typically cultivated for their edible taproot."
      }
    ]
  }
]