[
  {
    "id": "20",
    "image": "downloaded_images/Personage/Cristiano_Ronaldo/image_20241018_172249_15.jpg",
    "conversations": [
      {
        "from": "human",
        "value": "<image>\nWhat is this person's name?"
      },
      {
        "from": "gpt",
        "value": "Cristiano Ronaldo"
      }
    ]
  },
  {
    "id": "21",
    "image": "downloaded_images/Personage/Cristiano_Ronaldo/image_20241018_172403_24.jpg",
    "conversations": [
      {
        "from": "human",
        "value": "<image>\nWhat is this person's profession?"
      },
      {
        "from": "gpt",
        "value": "Cristiano Ronaldo is a professional football (soccer) player."
      }
    ]
  },
  {
    "id": "22",
    "image": "downloaded_images/Personage/Cristiano_Ronaldo/image_20241018_172346_22.jpg",
    "conversations": [
      {
        "from": "human",
        "value": "<image>\nWhat are the famous works or achievements of this person?"
      },
      {
        "from": "gpt",
        "value": "Cristiano Ronaldo is known for numerous achievements, including:  \n   - Winning multiple FIFA Ballon d'Or awards (five times as of 2021).  \n   - Holding records for the most goals scored in UEFA Champions League history.  \n   - Winning league titles in England (Manchester United), Spain (Real Madrid), and Italy (Juventus).  \n   - Leading Portugal to victory in the UEFA European Championship in 2016 and the UEFA Nations League in 2019.  \n   - Being one of the highest goal scorers in football history."
      }
    ]
  },
  {
    "id": "23",
    "image": "downloaded_images/Personage/Cristiano_Ronaldo/image_20241018_172223_12.jpg",
    "conversations": [
      {
        "from": "human",
        "value": "<image>\nWhat contributions has this person made to society or industry?"
      },
      {
        "from": "gpt",
        "value": "Cristiano Ronaldo has made significant contributions to society and the sports industry, including:  \n   - Philanthropic efforts, such as donating to children's hospitals, disaster relief funds, and various charities.  \n   - Serving as a global ambassador for various brands and promoting sports and fitness.  \n   - Inspiring millions of fans around the world through his work ethic, dedication, and success in football.  \n   - Establishing the CR7 brand, which includes clothing, footwear, and fragrances, contributing to the sports and fashion industries.  \n   - Engaging in social media activism and using his platform to raise awareness on various social issues."
      }
    ]
  },
  {
    "id": "24",
    "image": "downloaded_images/Personage/Cristiano_Ronaldo/image_20241018_172232_13.jpg",
    "conversations": [
      {
        "from": "human",
        "value": "<image>\nWhat is this person's name?"
      },
      {
        "from": "gpt",
        "value": "Cristiano Ronaldo"
      }
    ]
  },
  {
    "id": "25",
    "image": "downloaded_images/Personage/Cristiano_Ronaldo/image_20241018_172321_19.jpg",
    "conversations": [
      {
        "from": "human",
        "value": "<image>\nWhat is this person's name?"
      },
      {
        "from": "gpt",
        "value": "Cristiano Ronaldo"
      }
    ]
  },
  {
    "id": "26",
    "image": "downloaded_images/Personage/Cristiano_Ronaldo/image_20241018_172158_9.jpg",
    "conversations": [
      {
        "from": "human",
        "value": "<image>\nWhat is this person's name?"
      },
      {
        "from": "gpt",
        "value": "Cristiano Ronaldo"
      }
    ]
  },
  {
    "id": "27",
    "image": "downloaded_images/Personage/Cristiano_Ronaldo/image_20241107_172018_29.jpg",
    "conversations": [
      {
        "from": "human",
        "value": "<image>\nWhat is this person's name?"
      },
      {
        "from": "gpt",
        "value": "Cristiano Ronaldo"
      }
    ]
  },
  {
    "id": "28",
    "image": "downloaded_images/Personage/Cristiano_Ronaldo/image_20241107_171632_7.jpg",
    "conversations": [
      {
        "from": "human",
        "value": "<image>\nWhat is this person's name?"
      },
      {
        "from": "gpt",
        "value": "Cristiano Ronaldo"
      }
    ]
  },
  {
    "id": "29",
    "image": "downloaded_images/Personage/Cristiano_Ronaldo/image_20241018_172158_9.jpg",
    "conversations": [
      {
        "from": "human",
        "value": "<image>\nWhat is this person's profession?"
      },
      {
        "from": "gpt",
        "value": "Cristiano Ronaldo is a professional football (soccer) player."
      }
    ]
  },
  {
    "id": "30",
    "image": "downloaded_images/Personage/Cristiano_Ronaldo/image_20241107_172009_28.jpg",
    "conversations": [
      {
        "from": "human",
        "value": "<image>\nWhat is this person's profession?"
      },
      {
        "from": "gpt",
        "value": "Cristiano Ronaldo is a professional football (soccer) player."
      }
    ]
  },
  {
    "id": "31",
    "image": "downloaded_images/Personage/Cristiano_Ronaldo/image_20241107_172026_30.jpg",
    "conversations": [
      {
        "from": "human",
        "value": "<image>\nWhat is this person's profession?"
      },
      {
        "from": "gpt",
        "value": "Cristiano Ronaldo is a professional football (soccer) player."
      }
    ]
  },
  {
    "id": "32",
    "image": "downloaded_images/Personage/Cristiano_Ronaldo/image_20241107_171535_3.jpg",
    "conversations": [
      {
        "from": "human",
        "value": "<image>\nWhat is this person's profession?"
      },
      {
        "from": "gpt",
        "value": "Cristiano Ronaldo is a professional football (soccer) player."
      }
    ]
  },
  {
    "id": "33",
    "image": "downloaded_images/Personage/Cristiano_Ronaldo/image_20241107_171641_8.jpg",
    "conversations": [
      {
        "from": "human",
        "value": "<image>\nWhat is this person's profession?"
      },
      {
        "from": "gpt",
        "value": "Cristiano Ronaldo is a professional football (soccer) player."
      }
    ]
  },
  {
    "id": "34",
    "image": "downloaded_images/Personage/Cristiano_Ronaldo/image_20241107_171853_19.jpg",
    "conversations": [
      {
        "from": "human",
        "value": "<image>\nWhat are the famous works or achievements of this person?"
      },
      {
        "from": "gpt",
        "value": "Cristiano Ronaldo is known for numerous achievements, including:  \n   - Winning multiple FIFA Ballon d'Or awards (five times as of 2021).  \n   - Holding records for the most goals scored in UEFA Champions League history.  \n   - Winning league titles in England (Manchester United), Spain (Real Madrid), and Italy (Juventus).  \n   - Leading Portugal to victory in the UEFA European Championship in 2016 and the UEFA Nations League in 2019.  \n   - Being one of the highest goal scorers in football history."
      }
    ]
  },
  {
    "id": "35",
    "image": "downloaded_images/Personage/Cristiano_Ronaldo/image_20241018_172314_18.jpg",
    "conversations": [
      {
        "from": "human",
        "value": "<image>\nWhat are the famous works or achievements of this person?"
      },
      {
        "from": "gpt",
        "value": "Cristiano Ronaldo is known for numerous achievements, including:  \n   - Winning multiple FIFA Ballon d'Or awards (five times as of 2021).  \n   - Holding records for the most goals scored in UEFA Champions League history.  \n   - Winning league titles in England (Manchester United), Spain (Real Madrid), and Italy (Juventus).  \n   - Leading Portugal to victory in the UEFA European Championship in 2016 and the UEFA Nations League in 2019.  \n   - Being one of the highest goal scorers in football history."
      }
    ]
  },
  {
    "id": "36",
    "image": "downloaded_images/Personage/Cristiano_Ronaldo/image_20241018_172134_6.jpg",
    "conversations": [
      {
        "from": "human",
        "value": "<image>\nWhat are the famous works or achievements of this person?"
      },
      {
        "from": "gpt",
        "value": "Cristiano Ronaldo is known for numerous achievements, including:  \n   - Winning multiple FIFA Ballon d'Or awards (five times as of 2021).  \n   - Holding records for the most goals scored in UEFA Champions League history.  \n   - Winning league titles in England (Manchester United), Spain (Real Madrid), and Italy (Juventus).  \n   - Leading Portugal to victory in the UEFA European Championship in 2016 and the UEFA Nations League in 2019.  \n   - Being one of the highest goal scorers in football history."
      }
    ]
  },
  {
    "id": "37",
    "image": "downloaded_images/Personage/Cristiano_Ronaldo/image_20241107_171950_26.jpg",
    "conversations": [
      {
        "from": "human",
        "value": "<image>\nWhat are the famous works or achievements of this person?"
      },
      {
        "from": "gpt",
        "value": "Cristiano Ronaldo is known for numerous achievements, including:  \n   - Winning multiple FIFA Ballon d'Or awards (five times as of 2021).  \n   - Holding records for the most goals scored in UEFA Champions League history.  \n   - Winning league titles in England (Manchester United), Spain (Real Madrid), and Italy (Juventus).  \n   - Leading Portugal to victory in the UEFA European Championship in 2016 and the UEFA Nations League in 2019.  \n   - Being one of the highest goal scorers in football history."
      }
    ]
  },
  {
    "id": "38",
    "image": "downloaded_images/Personage/Cristiano_Ronaldo/image_20241107_172009_28.jpg",
    "conversations": [
      {
        "from": "human",
        "value": "<image>\nWhat are the famous works or achievements of this person?"
      },
      {
        "from": "gpt",
        "value": "Cristiano Ronaldo is known for numerous achievements, including:  \n   - Winning multiple FIFA Ballon d'Or awards (five times as of 2021).  \n   - Holding records for the most goals scored in UEFA Champions League history.  \n   - Winning league titles in England (Manchester United), Spain (Real Madrid), and Italy (Juventus).  \n   - Leading Portugal to victory in the UEFA European Championship in 2016 and the UEFA Nations League in 2019.  \n   - Being one of the highest goal scorers in football history."
      }
    ]
  },
  {
    "id": "39",
    "image": "downloaded_images/Personage/Cristiano_Ronaldo/image_20241107_171853_19.jpg",
    "conversations": [
      {
        "from": "human",
        "value": "<image>\nWhat contributions has this person made to society or industry?"
      },
      {
        "from": "gpt",
        "value": "Cristiano Ronaldo has made significant contributions to society and the sports industry, including:  \n   - Philanthropic efforts, such as donating to children's hospitals, disaster relief funds, and various charities.  \n   - Serving as a global ambassador for various brands and promoting sports and fitness.  \n   - Inspiring millions of fans around the world through his work ethic, dedication, and success in football.  \n   - Establishing the CR7 brand, which includes clothing, footwear, and fragrances, contributing to the sports and fashion industries.  \n   - Engaging in social media activism and using his platform to raise awareness on various social issues."
      }
    ]
  },
  {
    "id": "40",
    "image": "downloaded_images/Personage/Cristiano_Ronaldo/image_20241018_172249_15.jpg",
    "conversations": [
      {
        "from": "human",
        "value": "<image>\nWhat contributions has this person made to society or industry?"
      },
      {
        "from": "gpt",
        "value": "Cristiano Ronaldo has made significant contributions to society and the sports industry, including:  \n   - Philanthropic efforts, such as donating to children's hospitals, disaster relief funds, and various charities.  \n   - Serving as a global ambassador for various brands and promoting sports and fitness.  \n   - Inspiring millions of fans around the world through his work ethic, dedication, and success in football.  \n   - Establishing the CR7 brand, which includes clothing, footwear, and fragrances, contributing to the sports and fashion industries.  \n   - Engaging in social media activism and using his platform to raise awareness on various social issues."
      }
    ]
  },
  {
    "id": "41",
    "image": "downloaded_images/Personage/Cristiano_Ronaldo/image_20241107_171739_13.jpg",
    "conversations": [
      {
        "from": "human",
        "value": "<image>\nWhat contributions has this person made to society or industry?"
      },
      {
        "from": "gpt",
        "value": "Cristiano Ronaldo has made significant contributions to society and the sports industry, including:  \n   - Philanthropic efforts, such as donating to children's hospitals, disaster relief funds, and various charities.  \n   - Serving as a global ambassador for various brands and promoting sports and fitness.  \n   - Inspiring millions of fans around the world through his work ethic, dedication, and success in football.  \n   - Establishing the CR7 brand, which includes clothing, footwear, and fragrances, contributing to the sports and fashion industries.  \n   - Engaging in social media activism and using his platform to raise awareness on various social issues."
      }
    ]
  },
  {
    "id": "42",
    "image": "downloaded_images/Personage/Cristiano_Ronaldo/image_20241107_172009_28.jpg",
    "conversations": [
      {
        "from": "human",
        "value": "<image>\nWhat contributions has this person made to society or industry?"
      },
      {
        "from": "gpt",
        "value": "Cristiano Ronaldo has made significant contributions to society and the sports industry, including:  \n   - Philanthropic efforts, such as donating to children's hospitals, disaster relief funds, and various charities.  \n   - Serving as a global ambassador for various brands and promoting sports and fitness.  \n   - Inspiring millions of fans around the world through his work ethic, dedication, and success in football.  \n   - Establishing the CR7 brand, which includes clothing, footwear, and fragrances, contributing to the sports and fashion industries.  \n   - Engaging in social media activism and using his platform to raise awareness on various social issues."
      }
    ]
  },
  {
    "id": "43",
    "image": "downloaded_images/Personage/Cristiano_Ronaldo/image_20241107_171959_27.jpg",
    "conversations": [
      {
        "from": "human",
        "value": "<image>\nWhat contributions has this person made to society or industry?"
      },
      {
        "from": "gpt",
        "value": "Cristiano Ronaldo has made significant contributions to society and the sports industry, including:  \n   - Philanthropic efforts, such as donating to children's hospitals, disaster relief funds, and various charities.  \n   - Serving as a global ambassador for various brands and promoting sports and fitness.  \n   - Inspiring millions of fans around the world through his work ethic, dedication, and success in football.  \n   - Establishing the CR7 brand, which includes clothing, footwear, and fragrances, contributing to the sports and fashion industries.  \n   - Engaging in social media activism and using his platform to raise awareness on various social issues."
      }
    ]
  },
  {
    "id": "100020",
    "image": "downloaded_images/Personage/Cristiano_Ronaldo/image_20241018_172249_15.jpg",
    "conversations": [
      {
        "from": "human",
        "value": "<image>\nWhat is the name of this individual?"
      },
      {
        "from": "gpt",
        "value": "Cristiano Ronaldo"
      }
    ]
  },
  {
    "id": "100021",
    "image": "downloaded_images/Personage/Cristiano_Ronaldo/image_20241018_172403_24.jpg",
    "conversations": [
      {
        "from": "human",
        "value": "<image>\nWhat is this individual's occupation?"
      },
      {
        "from": "gpt",
        "value": "Cristiano Ronaldo is a professional football (soccer) player."
      }
    ]
  },
  {
    "id": "100022",
    "image": "downloaded_images/Personage/Cristiano_Ronaldo/image_20241018_172346_22.jpg",
    "conversations": [
      {
        "from": "human",
        "value": "<image>\nWhat are this person's notable works or achievements?"
      },
      {
        "from": "gpt",
        "value": "Cristiano Ronaldo is known for numerous achievements, including:  \n   - Winning multiple FIFA Ballon d'Or awards (five times as of 2021).  \n   - Holding records for the most goals scored in UEFA Champions League history.  \n   - Winning league titles in England (Manchester United), Spain (Real Madrid), and Italy (Juventus).  \n   - Leading Portugal to victory in the UEFA European Championship in 2016 and the UEFA Nations League in 2019.  \n   - Being one of the highest goal scorers in football history."
      }
    ]
  },
  {
    "id": "100023",
    "image": "downloaded_images/Personage/Cristiano_Ronaldo/image_20241018_172223_12.jpg",
    "conversations": [
      {
        "from": "human",
        "value": "<image>\nHow has this person contributed to society or their industry?"
      },
      {
        "from": "gpt",
        "value": "Cristiano Ronaldo has made significant contributions to society and the sports industry, including:  \n   - Philanthropic efforts, such as donating to children's hospitals, disaster relief funds, and various charities.  \n   - Serving as a global ambassador for various brands and promoting sports and fitness.  \n   - Inspiring millions of fans around the world through his work ethic, dedication, and success in football.  \n   - Establishing the CR7 brand, which includes clothing, footwear, and fragrances, contributing to the sports and fashion industries.  \n   - Engaging in social media activism and using his platform to raise awareness on various social issues."
      }
    ]
  },
  {
    "id": "100024",
    "image": "downloaded_images/Personage/Cristiano_Ronaldo/image_20241018_172232_13.jpg",
    "conversations": [
      {
        "from": "human",
        "value": "<image>\nWhat is the name of this individual?"
      },
      {
        "from": "gpt",
        "value": "Cristiano Ronaldo"
      }
    ]
  },
  {
    "id": "100025",
    "image": "downloaded_images/Personage/Cristiano_Ronaldo/image_20241018_172321_19.jpg",
    "conversations": [
      {
        "from": "human",
        "value": "<image>\nWhat is the name of this individual?"
      },
      {
        "from": "gpt",
        "value": "Cristiano Ronaldo"
      }
    ]
  },
  {
    "id": "100026",
    "image": "downloaded_images/Personage/Cristiano_Ronaldo/image_20241018_172158_9.jpg",
    "conversations": [
      {
        "from": "human",
        "value": "<image>\nWhat is the name of this individual?"
      },
      {
        "from": "gpt",
        "value": "Cristiano Ronaldo"
      }
    ]
  },
  {
    "id": "100027",
    "image": "downloaded_images/Personage/Cristiano_Ronaldo/image_20241107_172018_29.jpg",
    "conversations": [
      {
        "from": "human",
        "value": "<image>\nWhat is the name of this individual?"
      },
      {
        "from": "gpt",
        "value": "Cristiano Ronaldo"
      }
    ]
  },
  {
    "id": "100028",
    "image": "downloaded_images/Personage/Cristiano_Ronaldo/image_20241107_171632_7.jpg",
    "conversations": [
      {
        "from": "human",
        "value": "<image>\nWhat is the name of this individual?"
      },
      {
        "from": "gpt",
        "value": "Cristiano Ronaldo"
      }
    ]
  },
  {
    "id": "100029",
    "image": "downloaded_images/Personage/Cristiano_Ronaldo/image_20241018_172158_9.jpg",
    "conversations": [
      {
        "from": "human",
        "value": "<image>\nWhat is this individual's occupation?"
      },
      {
        "from": "gpt",
        "value": "Cristiano Ronaldo is a professional football (soccer) player."
      }
    ]
  },
  {
    "id": "100030",
    "image": "downloaded_images/Personage/Cristiano_Ronaldo/image_20241107_172009_28.jpg",
    "conversations": [
      {
        "from": "human",
        "value": "<image>\nWhat is this individual's occupation?"
      },
      {
        "from": "gpt",
        "value": "Cristiano Ronaldo is a professional football (soccer) player."
      }
    ]
  },
  {
    "id": "100031",
    "image": "downloaded_images/Personage/Cristiano_Ronaldo/image_20241107_172026_30.jpg",
    "conversations": [
      {
        "from": "human",
        "value": "<image>\nWhat is this individual's occupation?"
      },
      {
        "from": "gpt",
        "value": "Cristiano Ronaldo is a professional football (soccer) player."
      }
    ]
  },
  {
    "id": "100032",
    "image": "downloaded_images/Personage/Cristiano_Ronaldo/image_20241107_171535_3.jpg",
    "conversations": [
      {
        "from": "human",
        "value": "<image>\nWhat is this individual's occupation?"
      },
      {
        "from": "gpt",
        "value": "Cristiano Ronaldo is a professional football (soccer) player."
      }
    ]
  },
  {
    "id": "100033",
    "image": "downloaded_images/Personage/Cristiano_Ronaldo/image_20241107_171641_8.jpg",
    "conversations": [
      {
        "from": "human",
        "value": "<image>\nWhat is this individual's occupation?"
      },
      {
        "from": "gpt",
        "value": "Cristiano Ronaldo is a professional football (soccer) player."
      }
    ]
  },
  {
    "id": "100034",
    "image": "downloaded_images/Personage/Cristiano_Ronaldo/image_20241107_171853_19.jpg",
    "conversations": [
      {
        "from": "human",
        "value": "<image>\nWhat are this person's notable works or achievements?"
      },
      {
        "from": "gpt",
        "value": "Cristiano Ronaldo is known for numerous achievements, including:  \n   - Winning multiple FIFA Ballon d'Or awards (five times as of 2021).  \n   - Holding records for the most goals scored in UEFA Champions League history.  \n   - Winning league titles in England (Manchester United), Spain (Real Madrid), and Italy (Juventus).  \n   - Leading Portugal to victory in the UEFA European Championship in 2016 and the UEFA Nations League in 2019.  \n   - Being one of the highest goal scorers in football history."
      }
    ]
  },
  {
    "id": "100035",
    "image": "downloaded_images/Personage/Cristiano_Ronaldo/image_20241018_172314_18.jpg",
    "conversations": [
      {
        "from": "human",
        "value": "<image>\nWhat are this person's notable works or achievements?"
      },
      {
        "from": "gpt",
        "value": "Cristiano Ronaldo is known for numerous achievements, including:  \n   - Winning multiple FIFA Ballon d'Or awards (five times as of 2021).  \n   - Holding records for the most goals scored in UEFA Champions League history.  \n   - Winning league titles in England (Manchester United), Spain (Real Madrid), and Italy (Juventus).  \n   - Leading Portugal to victory in the UEFA European Championship in 2016 and the UEFA Nations League in 2019.  \n   - Being one of the highest goal scorers in football history."
      }
    ]
  },
  {
    "id": "100036",
    "image": "downloaded_images/Personage/Cristiano_Ronaldo/image_20241018_172134_6.jpg",
    "conversations": [
      {
        "from": "human",
        "value": "<image>\nWhat are this person's notable works or achievements?"
      },
      {
        "from": "gpt",
        "value": "Cristiano Ronaldo is known for numerous achievements, including:  \n   - Winning multiple FIFA Ballon d'Or awards (five times as of 2021).  \n   - Holding records for the most goals scored in UEFA Champions League history.  \n   - Winning league titles in England (Manchester United), Spain (Real Madrid), and Italy (Juventus).  \n   - Leading Portugal to victory in the UEFA European Championship in 2016 and the UEFA Nations League in 2019.  \n   - Being one of the highest goal scorers in football history."
      }
    ]
  },
  {
    "id": "100037",
    "image": "downloaded_images/Personage/Cristiano_Ronaldo/image_20241107_171950_26.jpg",
    "conversations": [
      {
        "from": "human",
        "value": "<image>\nWhat are this person's notable works or achievements?"
      },
      {
        "from": "gpt",
        "value": "Cristiano Ronaldo is known for numerous achievements, including:  \n   - Winning multiple FIFA Ballon d'Or awards (five times as of 2021).  \n   - Holding records for the most goals scored in UEFA Champions League history.  \n   - Winning league titles in England (Manchester United), Spain (Real Madrid), and Italy (Juventus).  \n   - Leading Portugal to victory in the UEFA European Championship in 2016 and the UEFA Nations League in 2019.  \n   - Being one of the highest goal scorers in football history."
      }
    ]
  },
  {
    "id": "100038",
    "image": "downloaded_images/Personage/Cristiano_Ronaldo/image_20241107_172009_28.jpg",
    "conversations": [
      {
        "from": "human",
        "value": "<image>\nWhat are this person's notable works or achievements?"
      },
      {
        "from": "gpt",
        "value": "Cristiano Ronaldo is known for numerous achievements, including:  \n   - Winning multiple FIFA Ballon d'Or awards (five times as of 2021).  \n   - Holding records for the most goals scored in UEFA Champions League history.  \n   - Winning league titles in England (Manchester United), Spain (Real Madrid), and Italy (Juventus).  \n   - Leading Portugal to victory in the UEFA European Championship in 2016 and the UEFA Nations League in 2019.  \n   - Being one of the highest goal scorers in football history."
      }
    ]
  },
  {
    "id": "100039",
    "image": "downloaded_images/Personage/Cristiano_Ronaldo/image_20241107_171853_19.jpg",
    "conversations": [
      {
        "from": "human",
        "value": "<image>\nHow has this person contributed to society or their industry?"
      },
      {
        "from": "gpt",
        "value": "Cristiano Ronaldo has made significant contributions to society and the sports industry, including:  \n   - Philanthropic efforts, such as donating to children's hospitals, disaster relief funds, and various charities.  \n   - Serving as a global ambassador for various brands and promoting sports and fitness.  \n   - Inspiring millions of fans around the world through his work ethic, dedication, and success in football.  \n   - Establishing the CR7 brand, which includes clothing, footwear, and fragrances, contributing to the sports and fashion industries.  \n   - Engaging in social media activism and using his platform to raise awareness on various social issues."
      }
    ]
  },
  {
    "id": "100040",
    "image": "downloaded_images/Personage/Cristiano_Ronaldo/image_20241018_172249_15.jpg",
    "conversations": [
      {
        "from": "human",
        "value": "<image>\nHow has this person contributed to society or their industry?"
      },
      {
        "from": "gpt",
        "value": "Cristiano Ronaldo has made significant contributions to society and the sports industry, including:  \n   - Philanthropic efforts, such as donating to children's hospitals, disaster relief funds, and various charities.  \n   - Serving as a global ambassador for various brands and promoting sports and fitness.  \n   - Inspiring millions of fans around the world through his work ethic, dedication, and success in football.  \n   - Establishing the CR7 brand, which includes clothing, footwear, and fragrances, contributing to the sports and fashion industries.  \n   - Engaging in social media activism and using his platform to raise awareness on various social issues."
      }
    ]
  },
  {
    "id": "100041",
    "image": "downloaded_images/Personage/Cristiano_Ronaldo/image_20241107_171739_13.jpg",
    "conversations": [
      {
        "from": "human",
        "value": "<image>\nHow has this person contributed to society or their industry?"
      },
      {
        "from": "gpt",
        "value": "Cristiano Ronaldo has made significant contributions to society and the sports industry, including:  \n   - Philanthropic efforts, such as donating to children's hospitals, disaster relief funds, and various charities.  \n   - Serving as a global ambassador for various brands and promoting sports and fitness.  \n   - Inspiring millions of fans around the world through his work ethic, dedication, and success in football.  \n   - Establishing the CR7 brand, which includes clothing, footwear, and fragrances, contributing to the sports and fashion industries.  \n   - Engaging in social media activism and using his platform to raise awareness on various social issues."
      }
    ]
  },
  {
    "id": "100042",
    "image": "downloaded_images/Personage/Cristiano_Ronaldo/image_20241107_172009_28.jpg",
    "conversations": [
      {
        "from": "human",
        "value": "<image>\nHow has this person contributed to society or their industry?"
      },
      {
        "from": "gpt",
        "value": "Cristiano Ronaldo has made significant contributions to society and the sports industry, including:  \n   - Philanthropic efforts, such as donating to children's hospitals, disaster relief funds, and various charities.  \n   - Serving as a global ambassador for various brands and promoting sports and fitness.  \n   - Inspiring millions of fans around the world through his work ethic, dedication, and success in football.  \n   - Establishing the CR7 brand, which includes clothing, footwear, and fragrances, contributing to the sports and fashion industries.  \n   - Engaging in social media activism and using his platform to raise awareness on various social issues."
      }
    ]
  },
  {
    "id": "100043",
    "image": "downloaded_images/Personage/Cristiano_Ronaldo/image_20241107_171959_27.jpg",
    "conversations": [
      {
        "from": "human",
        "value": "<image>\nHow has this person contributed to society or their industry?"
      },
      {
        "from": "gpt",
        "value": "Cristiano Ronaldo has made significant contributions to society and the sports industry, including:  \n   - Philanthropic efforts, such as donating to children's hospitals, disaster relief funds, and various charities.  \n   - Serving as a global ambassador for various brands and promoting sports and fitness.  \n   - Inspiring millions of fans around the world through his work ethic, dedication, and success in football.  \n   - Establishing the CR7 brand, which includes clothing, footwear, and fragrances, contributing to the sports and fashion industries.  \n   - Engaging in social media activism and using his platform to raise awareness on various social issues."
      }
    ]
  },
  {
    "id": "200020",
    "image": "downloaded_images/Personage/Cristiano_Ronaldo/image_20241018_172249_15.jpg",
    "conversations": [
      {
        "from": "human",
        "value": "<image>\nHow is this person called?"
      },
      {
        "from": "gpt",
        "value": "Cristiano Ronaldo"
      }
    ]
  },
  {
    "id": "200021",
    "image": "downloaded_images/Personage/Cristiano_Ronaldo/image_20241018_172403_24.jpg",
    "conversations": [
      {
        "from": "human",
        "value": "<image>\nWhat profession does this person hold?"
      },
      {
        "from": "gpt",
        "value": "Cristiano Ronaldo is a professional football (soccer) player."
      }
    ]
  },
  {
    "id": "200022",
    "image": "downloaded_images/Personage/Cristiano_Ronaldo/image_20241018_172346_22.jpg",
    "conversations": [
      {
        "from": "human",
        "value": "<image>\nWhat are the key accomplishments of this individual?"
      },
      {
        "from": "gpt",
        "value": "Cristiano Ronaldo is known for numerous achievements, including:  \n   - Winning multiple FIFA Ballon d'Or awards (five times as of 2021).  \n   - Holding records for the most goals scored in UEFA Champions League history.  \n   - Winning league titles in England (Manchester United), Spain (Real Madrid), and Italy (Juventus).  \n   - Leading Portugal to victory in the UEFA European Championship in 2016 and the UEFA Nations League in 2019.  \n   - Being one of the highest goal scorers in football history."
      }
    ]
  },
  {
    "id": "200023",
    "image": "downloaded_images/Personage/Cristiano_Ronaldo/image_20241018_172223_12.jpg",
    "conversations": [
      {
        "from": "human",
        "value": "<image>\nWhat impact has this individual made in their field or community?"
      },
      {
        "from": "gpt",
        "value": "Cristiano Ronaldo has made significant contributions to society and the sports industry, including:  \n   - Philanthropic efforts, such as donating to children's hospitals, disaster relief funds, and various charities.  \n   - Serving as a global ambassador for various brands and promoting sports and fitness.  \n   - Inspiring millions of fans around the world through his work ethic, dedication, and success in football.  \n   - Establishing the CR7 brand, which includes clothing, footwear, and fragrances, contributing to the sports and fashion industries.  \n   - Engaging in social media activism and using his platform to raise awareness on various social issues."
      }
    ]
  },
  {
    "id": "200024",
    "image": "downloaded_images/Personage/Cristiano_Ronaldo/image_20241018_172232_13.jpg",
    "conversations": [
      {
        "from": "human",
        "value": "<image>\nHow is this person called?"
      },
      {
        "from": "gpt",
        "value": "Cristiano Ronaldo"
      }
    ]
  },
  {
    "id": "200025",
    "image": "downloaded_images/Personage/Cristiano_Ronaldo/image_20241018_172321_19.jpg",
    "conversations": [
      {
        "from": "human",
        "value": "<image>\nHow is this person called?"
      },
      {
        "from": "gpt",
        "value": "Cristiano Ronaldo"
      }
    ]
  },
  {
    "id": "200026",
    "image": "downloaded_images/Personage/Cristiano_Ronaldo/image_20241018_172158_9.jpg",
    "conversations": [
      {
        "from": "human",
        "value": "<image>\nHow is this person called?"
      },
      {
        "from": "gpt",
        "value": "Cristiano Ronaldo"
      }
    ]
  },
  {
    "id": "200027",
    "image": "downloaded_images/Personage/Cristiano_Ronaldo/image_20241107_172018_29.jpg",
    "conversations": [
      {
        "from": "human",
        "value": "<image>\nHow is this person called?"
      },
      {
        "from": "gpt",
        "value": "Cristiano Ronaldo"
      }
    ]
  },
  {
    "id": "200028",
    "image": "downloaded_images/Personage/Cristiano_Ronaldo/image_20241107_171632_7.jpg",
    "conversations": [
      {
        "from": "human",
        "value": "<image>\nHow is this person called?"
      },
      {
        "from": "gpt",
        "value": "Cristiano Ronaldo"
      }
    ]
  },
  {
    "id": "200029",
    "image": "downloaded_images/Personage/Cristiano_Ronaldo/image_20241018_172158_9.jpg",
    "conversations": [
      {
        "from": "human",
        "value": "<image>\nWhat profession does this person hold?"
      },
      {
        "from": "gpt",
        "value": "Cristiano Ronaldo is a professional football (soccer) player."
      }
    ]
  },
  {
    "id": "200030",
    "image": "downloaded_images/Personage/Cristiano_Ronaldo/image_20241107_172009_28.jpg",
    "conversations": [
      {
        "from": "human",
        "value": "<image>\nWhat profession does this person hold?"
      },
      {
        "from": "gpt",
        "value": "Cristiano Ronaldo is a professional football (soccer) player."
      }
    ]
  },
  {
    "id": "200031",
    "image": "downloaded_images/Personage/Cristiano_Ronaldo/image_20241107_172026_30.jpg",
    "conversations": [
      {
        "from": "human",
        "value": "<image>\nWhat profession does this person hold?"
      },
      {
        "from": "gpt",
        "value": "Cristiano Ronaldo is a professional football (soccer) player."
      }
    ]
  },
  {
    "id": "200032",
    "image": "downloaded_images/Personage/Cristiano_Ronaldo/image_20241107_171535_3.jpg",
    "conversations": [
      {
        "from": "human",
        "value": "<image>\nWhat profession does this person hold?"
      },
      {
        "from": "gpt",
        "value": "Cristiano Ronaldo is a professional football (soccer) player."
      }
    ]
  },
  {
    "id": "200033",
    "image": "downloaded_images/Personage/Cristiano_Ronaldo/image_20241107_171641_8.jpg",
    "conversations": [
      {
        "from": "human",
        "value": "<image>\nWhat profession does this person hold?"
      },
      {
        "from": "gpt",
        "value": "Cristiano Ronaldo is a professional football (soccer) player."
      }
    ]
  },
  {
    "id": "200034",
    "image": "downloaded_images/Personage/Cristiano_Ronaldo/image_20241107_171853_19.jpg",
    "conversations": [
      {
        "from": "human",
        "value": "<image>\nWhat are the key accomplishments of this individual?"
      },
      {
        "from": "gpt",
        "value": "Cristiano Ronaldo is known for numerous achievements, including:  \n   - Winning multiple FIFA Ballon d'Or awards (five times as of 2021).  \n   - Holding records for the most goals scored in UEFA Champions League history.  \n   - Winning league titles in England (Manchester United), Spain (Real Madrid), and Italy (Juventus).  \n   - Leading Portugal to victory in the UEFA European Championship in 2016 and the UEFA Nations League in 2019.  \n   - Being one of the highest goal scorers in football history."
      }
    ]
  },
  {
    "id": "200035",
    "image": "downloaded_images/Personage/Cristiano_Ronaldo/image_20241018_172314_18.jpg",
    "conversations": [
      {
        "from": "human",
        "value": "<image>\nWhat are the key accomplishments of this individual?"
      },
      {
        "from": "gpt",
        "value": "Cristiano Ronaldo is known for numerous achievements, including:  \n   - Winning multiple FIFA Ballon d'Or awards (five times as of 2021).  \n   - Holding records for the most goals scored in UEFA Champions League history.  \n   - Winning league titles in England (Manchester United), Spain (Real Madrid), and Italy (Juventus).  \n   - Leading Portugal to victory in the UEFA European Championship in 2016 and the UEFA Nations League in 2019.  \n   - Being one of the highest goal scorers in football history."
      }
    ]
  },
  {
    "id": "200036",
    "image": "downloaded_images/Personage/Cristiano_Ronaldo/image_20241018_172134_6.jpg",
    "conversations": [
      {
        "from": "human",
        "value": "<image>\nWhat are the key accomplishments of this individual?"
      },
      {
        "from": "gpt",
        "value": "Cristiano Ronaldo is known for numerous achievements, including:  \n   - Winning multiple FIFA Ballon d'Or awards (five times as of 2021).  \n   - Holding records for the most goals scored in UEFA Champions League history.  \n   - Winning league titles in England (Manchester United), Spain (Real Madrid), and Italy (Juventus).  \n   - Leading Portugal to victory in the UEFA European Championship in 2016 and the UEFA Nations League in 2019.  \n   - Being one of the highest goal scorers in football history."
      }
    ]
  },
  {
    "id": "200037",
    "image": "downloaded_images/Personage/Cristiano_Ronaldo/image_20241107_171950_26.jpg",
    "conversations": [
      {
        "from": "human",
        "value": "<image>\nWhat are the key accomplishments of this individual?"
      },
      {
        "from": "gpt",
        "value": "Cristiano Ronaldo is known for numerous achievements, including:  \n   - Winning multiple FIFA Ballon d'Or awards (five times as of 2021).  \n   - Holding records for the most goals scored in UEFA Champions League history.  \n   - Winning league titles in England (Manchester United), Spain (Real Madrid), and Italy (Juventus).  \n   - Leading Portugal to victory in the UEFA European Championship in 2016 and the UEFA Nations League in 2019.  \n   - Being one of the highest goal scorers in football history."
      }
    ]
  },
  {
    "id": "200038",
    "image": "downloaded_images/Personage/Cristiano_Ronaldo/image_20241107_172009_28.jpg",
    "conversations": [
      {
        "from": "human",
        "value": "<image>\nWhat are the key accomplishments of this individual?"
      },
      {
        "from": "gpt",
        "value": "Cristiano Ronaldo is known for numerous achievements, including:  \n   - Winning multiple FIFA Ballon d'Or awards (five times as of 2021).  \n   - Holding records for the most goals scored in UEFA Champions League history.  \n   - Winning league titles in England (Manchester United), Spain (Real Madrid), and Italy (Juventus).  \n   - Leading Portugal to victory in the UEFA European Championship in 2016 and the UEFA Nations League in 2019.  \n   - Being one of the highest goal scorers in football history."
      }
    ]
  },
  {
    "id": "200039",
    "image": "downloaded_images/Personage/Cristiano_Ronaldo/image_20241107_171853_19.jpg",
    "conversations": [
      {
        "from": "human",
        "value": "<image>\nWhat impact has this individual made in their field or community?"
      },
      {
        "from": "gpt",
        "value": "Cristiano Ronaldo has made significant contributions to society and the sports industry, including:  \n   - Philanthropic efforts, such as donating to children's hospitals, disaster relief funds, and various charities.  \n   - Serving as a global ambassador for various brands and promoting sports and fitness.  \n   - Inspiring millions of fans around the world through his work ethic, dedication, and success in football.  \n   - Establishing the CR7 brand, which includes clothing, footwear, and fragrances, contributing to the sports and fashion industries.  \n   - Engaging in social media activism and using his platform to raise awareness on various social issues."
      }
    ]
  },
  {
    "id": "200040",
    "image": "downloaded_images/Personage/Cristiano_Ronaldo/image_20241018_172249_15.jpg",
    "conversations": [
      {
        "from": "human",
        "value": "<image>\nWhat impact has this individual made in their field or community?"
      },
      {
        "from": "gpt",
        "value": "Cristiano Ronaldo has made significant contributions to society and the sports industry, including:  \n   - Philanthropic efforts, such as donating to children's hospitals, disaster relief funds, and various charities.  \n   - Serving as a global ambassador for various brands and promoting sports and fitness.  \n   - Inspiring millions of fans around the world through his work ethic, dedication, and success in football.  \n   - Establishing the CR7 brand, which includes clothing, footwear, and fragrances, contributing to the sports and fashion industries.  \n   - Engaging in social media activism and using his platform to raise awareness on various social issues."
      }
    ]
  },
  {
    "id": "200041",
    "image": "downloaded_images/Personage/Cristiano_Ronaldo/image_20241107_171739_13.jpg",
    "conversations": [
      {
        "from": "human",
        "value": "<image>\nWhat impact has this individual made in their field or community?"
      },
      {
        "from": "gpt",
        "value": "Cristiano Ronaldo has made significant contributions to society and the sports industry, including:  \n   - Philanthropic efforts, such as donating to children's hospitals, disaster relief funds, and various charities.  \n   - Serving as a global ambassador for various brands and promoting sports and fitness.  \n   - Inspiring millions of fans around the world through his work ethic, dedication, and success in football.  \n   - Establishing the CR7 brand, which includes clothing, footwear, and fragrances, contributing to the sports and fashion industries.  \n   - Engaging in social media activism and using his platform to raise awareness on various social issues."
      }
    ]
  },
  {
    "id": "200042",
    "image": "downloaded_images/Personage/Cristiano_Ronaldo/image_20241107_172009_28.jpg",
    "conversations": [
      {
        "from": "human",
        "value": "<image>\nWhat impact has this individual made in their field or community?"
      },
      {
        "from": "gpt",
        "value": "Cristiano Ronaldo has made significant contributions to society and the sports industry, including:  \n   - Philanthropic efforts, such as donating to children's hospitals, disaster relief funds, and various charities.  \n   - Serving as a global ambassador for various brands and promoting sports and fitness.  \n   - Inspiring millions of fans around the world through his work ethic, dedication, and success in football.  \n   - Establishing the CR7 brand, which includes clothing, footwear, and fragrances, contributing to the sports and fashion industries.  \n   - Engaging in social media activism and using his platform to raise awareness on various social issues."
      }
    ]
  },
  {
    "id": "200043",
    "image": "downloaded_images/Personage/Cristiano_Ronaldo/image_20241107_171959_27.jpg",
    "conversations": [
      {
        "from": "human",
        "value": "<image>\nWhat impact has this individual made in their field or community?"
      },
      {
        "from": "gpt",
        "value": "Cristiano Ronaldo has made significant contributions to society and the sports industry, including:  \n   - Philanthropic efforts, such as donating to children's hospitals, disaster relief funds, and various charities.  \n   - Serving as a global ambassador for various brands and promoting sports and fitness.  \n   - Inspiring millions of fans around the world through his work ethic, dedication, and success in football.  \n   - Establishing the CR7 brand, which includes clothing, footwear, and fragrances, contributing to the sports and fashion industries.  \n   - Engaging in social media activism and using his platform to raise awareness on various social issues."
      }
    ]
  },
  {
    "id": "300020",
    "image": "downloaded_images/Personage/Cristiano_Ronaldo/image_20241018_172249_15.jpg",
    "conversations": [
      {
        "from": "human",
        "value": "<image>\nHow is this person referred to?"
      },
      {
        "from": "gpt",
        "value": "Cristiano Ronaldo"
      }
    ]
  },
  {
    "id": "300021",
    "image": "downloaded_images/Personage/Cristiano_Ronaldo/image_20241018_172403_24.jpg",
    "conversations": [
      {
        "from": "human",
        "value": "<image>\nWhat job does this person do?"
      },
      {
        "from": "gpt",
        "value": "Cristiano Ronaldo is a professional football (soccer) player."
      }
    ]
  },
  {
    "id": "300022",
    "image": "downloaded_images/Personage/Cristiano_Ronaldo/image_20241018_172346_22.jpg",
    "conversations": [
      {
        "from": "human",
        "value": "<image>\nWhat famous contributions has this person made?"
      },
      {
        "from": "gpt",
        "value": "Cristiano Ronaldo is known for numerous achievements, including:  \n   - Winning multiple FIFA Ballon d'Or awards (five times as of 2021).  \n   - Holding records for the most goals scored in UEFA Champions League history.  \n   - Winning league titles in England (Manchester United), Spain (Real Madrid), and Italy (Juventus).  \n   - Leading Portugal to victory in the UEFA European Championship in 2016 and the UEFA Nations League in 2019.  \n   - Being one of the highest goal scorers in football history."
      }
    ]
  },
  {
    "id": "300023",
    "image": "downloaded_images/Personage/Cristiano_Ronaldo/image_20241018_172223_12.jpg",
    "conversations": [
      {
        "from": "human",
        "value": "<image>\nWhat contributions has this person offered to society or their profession?"
      },
      {
        "from": "gpt",
        "value": "Cristiano Ronaldo has made significant contributions to society and the sports industry, including:  \n   - Philanthropic efforts, such as donating to children's hospitals, disaster relief funds, and various charities.  \n   - Serving as a global ambassador for various brands and promoting sports and fitness.  \n   - Inspiring millions of fans around the world through his work ethic, dedication, and success in football.  \n   - Establishing the CR7 brand, which includes clothing, footwear, and fragrances, contributing to the sports and fashion industries.  \n   - Engaging in social media activism and using his platform to raise awareness on various social issues."
      }
    ]
  },
  {
    "id": "300024",
    "image": "downloaded_images/Personage/Cristiano_Ronaldo/image_20241018_172232_13.jpg",
    "conversations": [
      {
        "from": "human",
        "value": "<image>\nHow is this person referred to?"
      },
      {
        "from": "gpt",
        "value": "Cristiano Ronaldo"
      }
    ]
  },
  {
    "id": "300025",
    "image": "downloaded_images/Personage/Cristiano_Ronaldo/image_20241018_172321_19.jpg",
    "conversations": [
      {
        "from": "human",
        "value": "<image>\nHow is this person referred to?"
      },
      {
        "from": "gpt",
        "value": "Cristiano Ronaldo"
      }
    ]
  },
  {
    "id": "300026",
    "image": "downloaded_images/Personage/Cristiano_Ronaldo/image_20241018_172158_9.jpg",
    "conversations": [
      {
        "from": "human",
        "value": "<image>\nHow is this person referred to?"
      },
      {
        "from": "gpt",
        "value": "Cristiano Ronaldo"
      }
    ]
  },
  {
    "id": "300027",
    "image": "downloaded_images/Personage/Cristiano_Ronaldo/image_20241107_172018_29.jpg",
    "conversations": [
      {
        "from": "human",
        "value": "<image>\nHow is this person referred to?"
      },
      {
        "from": "gpt",
        "value": "Cristiano Ronaldo"
      }
    ]
  },
  {
    "id": "300028",
    "image": "downloaded_images/Personage/Cristiano_Ronaldo/image_20241107_171632_7.jpg",
    "conversations": [
      {
        "from": "human",
        "value": "<image>\nHow is this person referred to?"
      },
      {
        "from": "gpt",
        "value": "Cristiano Ronaldo"
      }
    ]
  },
  {
    "id": "300029",
    "image": "downloaded_images/Personage/Cristiano_Ronaldo/image_20241018_172158_9.jpg",
    "conversations": [
      {
        "from": "human",
        "value": "<image>\nWhat job does this person do?"
      },
      {
        "from": "gpt",
        "value": "Cristiano Ronaldo is a professional football (soccer) player."
      }
    ]
  },
  {
    "id": "300030",
    "image": "downloaded_images/Personage/Cristiano_Ronaldo/image_20241107_172009_28.jpg",
    "conversations": [
      {
        "from": "human",
        "value": "<image>\nWhat job does this person do?"
      },
      {
        "from": "gpt",
        "value": "Cristiano Ronaldo is a professional football (soccer) player."
      }
    ]
  },
  {
    "id": "300031",
    "image": "downloaded_images/Personage/Cristiano_Ronaldo/image_20241107_172026_30.jpg",
    "conversations": [
      {
        "from": "human",
        "value": "<image>\nWhat job does this person do?"
      },
      {
        "from": "gpt",
        "value": "Cristiano Ronaldo is a professional football (soccer) player."
      }
    ]
  },
  {
    "id": "300032",
    "image": "downloaded_images/Personage/Cristiano_Ronaldo/image_20241107_171535_3.jpg",
    "conversations": [
      {
        "from": "human",
        "value": "<image>\nWhat job does this person do?"
      },
      {
        "from": "gpt",
        "value": "Cristiano Ronaldo is a professional football (soccer) player."
      }
    ]
  },
  {
    "id": "300033",
    "image": "downloaded_images/Personage/Cristiano_Ronaldo/image_20241107_171641_8.jpg",
    "conversations": [
      {
        "from": "human",
        "value": "<image>\nWhat job does this person do?"
      },
      {
        "from": "gpt",
        "value": "Cristiano Ronaldo is a professional football (soccer) player."
      }
    ]
  },
  {
    "id": "300034",
    "image": "downloaded_images/Personage/Cristiano_Ronaldo/image_20241107_171853_19.jpg",
    "conversations": [
      {
        "from": "human",
        "value": "<image>\nWhat famous contributions has this person made?"
      },
      {
        "from": "gpt",
        "value": "Cristiano Ronaldo is known for numerous achievements, including:  \n   - Winning multiple FIFA Ballon d'Or awards (five times as of 2021).  \n   - Holding records for the most goals scored in UEFA Champions League history.  \n   - Winning league titles in England (Manchester United), Spain (Real Madrid), and Italy (Juventus).  \n   - Leading Portugal to victory in the UEFA European Championship in 2016 and the UEFA Nations League in 2019.  \n   - Being one of the highest goal scorers in football history."
      }
    ]
  },
  {
    "id": "300035",
    "image": "downloaded_images/Personage/Cristiano_Ronaldo/image_20241018_172314_18.jpg",
    "conversations": [
      {
        "from": "human",
        "value": "<image>\nWhat famous contributions has this person made?"
      },
      {
        "from": "gpt",
        "value": "Cristiano Ronaldo is known for numerous achievements, including:  \n   - Winning multiple FIFA Ballon d'Or awards (five times as of 2021).  \n   - Holding records for the most goals scored in UEFA Champions League history.  \n   - Winning league titles in England (Manchester United), Spain (Real Madrid), and Italy (Juventus).  \n   - Leading Portugal to victory in the UEFA European Championship in 2016 and the UEFA Nations League in 2019.  \n   - Being one of the highest goal scorers in football history."
      }
    ]
  },
  {
    "id": "300036",
    "image": "downloaded_images/Personage/Cristiano_Ronaldo/image_20241018_172134_6.jpg",
    "conversations": [
      {
        "from": "human",
        "value": "<image>\nWhat famous contributions has this person made?"
      },
      {
        "from": "gpt",
        "value": "Cristiano Ronaldo is known for numerous achievements, including:  \n   - Winning multiple FIFA Ballon d'Or awards (five times as of 2021).  \n   - Holding records for the most goals scored in UEFA Champions League history.  \n   - Winning league titles in England (Manchester United), Spain (Real Madrid), and Italy (Juventus).  \n   - Leading Portugal to victory in the UEFA European Championship in 2016 and the UEFA Nations League in 2019.  \n   - Being one of the highest goal scorers in football history."
      }
    ]
  },
  {
    "id": "300037",
    "image": "downloaded_images/Personage/Cristiano_Ronaldo/image_20241107_171950_26.jpg",
    "conversations": [
      {
        "from": "human",
        "value": "<image>\nWhat famous contributions has this person made?"
      },
      {
        "from": "gpt",
        "value": "Cristiano Ronaldo is known for numerous achievements, including:  \n   - Winning multiple FIFA Ballon d'Or awards (five times as of 2021).  \n   - Holding records for the most goals scored in UEFA Champions League history.  \n   - Winning league titles in England (Manchester United), Spain (Real Madrid), and Italy (Juventus).  \n   - Leading Portugal to victory in the UEFA European Championship in 2016 and the UEFA Nations League in 2019.  \n   - Being one of the highest goal scorers in football history."
      }
    ]
  },
  {
    "id": "300038",
    "image": "downloaded_images/Personage/Cristiano_Ronaldo/image_20241107_172009_28.jpg",
    "conversations": [
      {
        "from": "human",
        "value": "<image>\nWhat famous contributions has this person made?"
      },
      {
        "from": "gpt",
        "value": "Cristiano Ronaldo is known for numerous achievements, including:  \n   - Winning multiple FIFA Ballon d'Or awards (five times as of 2021).  \n   - Holding records for the most goals scored in UEFA Champions League history.  \n   - Winning league titles in England (Manchester United), Spain (Real Madrid), and Italy (Juventus).  \n   - Leading Portugal to victory in the UEFA European Championship in 2016 and the UEFA Nations League in 2019.  \n   - Being one of the highest goal scorers in football history."
      }
    ]
  },
  {
    "id": "300039",
    "image": "downloaded_images/Personage/Cristiano_Ronaldo/image_20241107_171853_19.jpg",
    "conversations": [
      {
        "from": "human",
        "value": "<image>\nWhat contributions has this person offered to society or their profession?"
      },
      {
        "from": "gpt",
        "value": "Cristiano Ronaldo has made significant contributions to society and the sports industry, including:  \n   - Philanthropic efforts, such as donating to children's hospitals, disaster relief funds, and various charities.  \n   - Serving as a global ambassador for various brands and promoting sports and fitness.  \n   - Inspiring millions of fans around the world through his work ethic, dedication, and success in football.  \n   - Establishing the CR7 brand, which includes clothing, footwear, and fragrances, contributing to the sports and fashion industries.  \n   - Engaging in social media activism and using his platform to raise awareness on various social issues."
      }
    ]
  },
  {
    "id": "300040",
    "image": "downloaded_images/Personage/Cristiano_Ronaldo/image_20241018_172249_15.jpg",
    "conversations": [
      {
        "from": "human",
        "value": "<image>\nWhat contributions has this person offered to society or their profession?"
      },
      {
        "from": "gpt",
        "value": "Cristiano Ronaldo has made significant contributions to society and the sports industry, including:  \n   - Philanthropic efforts, such as donating to children's hospitals, disaster relief funds, and various charities.  \n   - Serving as a global ambassador for various brands and promoting sports and fitness.  \n   - Inspiring millions of fans around the world through his work ethic, dedication, and success in football.  \n   - Establishing the CR7 brand, which includes clothing, footwear, and fragrances, contributing to the sports and fashion industries.  \n   - Engaging in social media activism and using his platform to raise awareness on various social issues."
      }
    ]
  },
  {
    "id": "300041",
    "image": "downloaded_images/Personage/Cristiano_Ronaldo/image_20241107_171739_13.jpg",
    "conversations": [
      {
        "from": "human",
        "value": "<image>\nWhat contributions has this person offered to society or their profession?"
      },
      {
        "from": "gpt",
        "value": "Cristiano Ronaldo has made significant contributions to society and the sports industry, including:  \n   - Philanthropic efforts, such as donating to children's hospitals, disaster relief funds, and various charities.  \n   - Serving as a global ambassador for various brands and promoting sports and fitness.  \n   - Inspiring millions of fans around the world through his work ethic, dedication, and success in football.  \n   - Establishing the CR7 brand, which includes clothing, footwear, and fragrances, contributing to the sports and fashion industries.  \n   - Engaging in social media activism and using his platform to raise awareness on various social issues."
      }
    ]
  },
  {
    "id": "300042",
    "image": "downloaded_images/Personage/Cristiano_Ronaldo/image_20241107_172009_28.jpg",
    "conversations": [
      {
        "from": "human",
        "value": "<image>\nWhat contributions has this person offered to society or their profession?"
      },
      {
        "from": "gpt",
        "value": "Cristiano Ronaldo has made significant contributions to society and the sports industry, including:  \n   - Philanthropic efforts, such as donating to children's hospitals, disaster relief funds, and various charities.  \n   - Serving as a global ambassador for various brands and promoting sports and fitness.  \n   - Inspiring millions of fans around the world through his work ethic, dedication, and success in football.  \n   - Establishing the CR7 brand, which includes clothing, footwear, and fragrances, contributing to the sports and fashion industries.  \n   - Engaging in social media activism and using his platform to raise awareness on various social issues."
      }
    ]
  },
  {
    "id": "300043",
    "image": "downloaded_images/Personage/Cristiano_Ronaldo/image_20241107_171959_27.jpg",
    "conversations": [
      {
        "from": "human",
        "value": "<image>\nWhat contributions has this person offered to society or their profession?"
      },
      {
        "from": "gpt",
        "value": "Cristiano Ronaldo has made significant contributions to society and the sports industry, including:  \n   - Philanthropic efforts, such as donating to children's hospitals, disaster relief funds, and various charities.  \n   - Serving as a global ambassador for various brands and promoting sports and fitness.  \n   - Inspiring millions of fans around the world through his work ethic, dedication, and success in football.  \n   - Establishing the CR7 brand, which includes clothing, footwear, and fragrances, contributing to the sports and fashion industries.  \n   - Engaging in social media activism and using his platform to raise awareness on various social issues."
      }
    ]
  },
  {
    "id": "400020",
    "image": "downloaded_images/Personage/Cristiano_Ronaldo/image_20241018_172249_15.jpg",
    "conversations": [
      {
        "from": "human",
        "value": "<image>\nWhat do people call this individual?"
      },
      {
        "from": "gpt",
        "value": "Cristiano Ronaldo"
      }
    ]
  },
  {
    "id": "400021",
    "image": "downloaded_images/Personage/Cristiano_Ronaldo/image_20241018_172403_24.jpg",
    "conversations": [
      {
        "from": "human",
        "value": "<image>\nWhat line of work is this individual in?"
      },
      {
        "from": "gpt",
        "value": "Cristiano Ronaldo is a professional football (soccer) player."
      }
    ]
  },
  {
    "id": "400022",
    "image": "downloaded_images/Personage/Cristiano_Ronaldo/image_20241018_172346_22.jpg",
    "conversations": [
      {
        "from": "human",
        "value": "<image>\nCan you list some of this person's significant works?"
      },
      {
        "from": "gpt",
        "value": "Cristiano Ronaldo is known for numerous achievements, including:  \n   - Winning multiple FIFA Ballon d'Or awards (five times as of 2021).  \n   - Holding records for the most goals scored in UEFA Champions League history.  \n   - Winning league titles in England (Manchester United), Spain (Real Madrid), and Italy (Juventus).  \n   - Leading Portugal to victory in the UEFA European Championship in 2016 and the UEFA Nations League in 2019.  \n   - Being one of the highest goal scorers in football history."
      }
    ]
  },
  {
    "id": "400023",
    "image": "downloaded_images/Personage/Cristiano_Ronaldo/image_20241018_172223_12.jpg",
    "conversations": [
      {
        "from": "human",
        "value": "<image>\nIn what ways has this individual influenced their industry or society?"
      },
      {
        "from": "gpt",
        "value": "Cristiano Ronaldo has made significant contributions to society and the sports industry, including:  \n   - Philanthropic efforts, such as donating to children's hospitals, disaster relief funds, and various charities.  \n   - Serving as a global ambassador for various brands and promoting sports and fitness.  \n   - Inspiring millions of fans around the world through his work ethic, dedication, and success in football.  \n   - Establishing the CR7 brand, which includes clothing, footwear, and fragrances, contributing to the sports and fashion industries.  \n   - Engaging in social media activism and using his platform to raise awareness on various social issues."
      }
    ]
  },
  {
    "id": "400024",
    "image": "downloaded_images/Personage/Cristiano_Ronaldo/image_20241018_172232_13.jpg",
    "conversations": [
      {
        "from": "human",
        "value": "<image>\nWhat do people call this individual?"
      },
      {
        "from": "gpt",
        "value": "Cristiano Ronaldo"
      }
    ]
  },
  {
    "id": "400025",
    "image": "downloaded_images/Personage/Cristiano_Ronaldo/image_20241018_172321_19.jpg",
    "conversations": [
      {
        "from": "human",
        "value": "<image>\nWhat do people call this individual?"
      },
      {
        "from": "gpt",
        "value": "Cristiano Ronaldo"
      }
    ]
  },
  {
    "id": "400026",
    "image": "downloaded_images/Personage/Cristiano_Ronaldo/image_20241018_172158_9.jpg",
    "conversations": [
      {
        "from": "human",
        "value": "<image>\nWhat do people call this individual?"
      },
      {
        "from": "gpt",
        "value": "Cristiano Ronaldo"
      }
    ]
  },
  {
    "id": "400027",
    "image": "downloaded_images/Personage/Cristiano_Ronaldo/image_20241107_172018_29.jpg",
    "conversations": [
      {
        "from": "human",
        "value": "<image>\nWhat do people call this individual?"
      },
      {
        "from": "gpt",
        "value": "Cristiano Ronaldo"
      }
    ]
  },
  {
    "id": "400028",
    "image": "downloaded_images/Personage/Cristiano_Ronaldo/image_20241107_171632_7.jpg",
    "conversations": [
      {
        "from": "human",
        "value": "<image>\nWhat do people call this individual?"
      },
      {
        "from": "gpt",
        "value": "Cristiano Ronaldo"
      }
    ]
  },
  {
    "id": "400029",
    "image": "downloaded_images/Personage/Cristiano_Ronaldo/image_20241018_172158_9.jpg",
    "conversations": [
      {
        "from": "human",
        "value": "<image>\nWhat line of work is this individual in?"
      },
      {
        "from": "gpt",
        "value": "Cristiano Ronaldo is a professional football (soccer) player."
      }
    ]
  },
  {
    "id": "400030",
    "image": "downloaded_images/Personage/Cristiano_Ronaldo/image_20241107_172009_28.jpg",
    "conversations": [
      {
        "from": "human",
        "value": "<image>\nWhat line of work is this individual in?"
      },
      {
        "from": "gpt",
        "value": "Cristiano Ronaldo is a professional football (soccer) player."
      }
    ]
  },
  {
    "id": "400031",
    "image": "downloaded_images/Personage/Cristiano_Ronaldo/image_20241107_172026_30.jpg",
    "conversations": [
      {
        "from": "human",
        "value": "<image>\nWhat line of work is this individual in?"
      },
      {
        "from": "gpt",
        "value": "Cristiano Ronaldo is a professional football (soccer) player."
      }
    ]
  },
  {
    "id": "400032",
    "image": "downloaded_images/Personage/Cristiano_Ronaldo/image_20241107_171535_3.jpg",
    "conversations": [
      {
        "from": "human",
        "value": "<image>\nWhat line of work is this individual in?"
      },
      {
        "from": "gpt",
        "value": "Cristiano Ronaldo is a professional football (soccer) player."
      }
    ]
  },
  {
    "id": "400033",
    "image": "downloaded_images/Personage/Cristiano_Ronaldo/image_20241107_171641_8.jpg",
    "conversations": [
      {
        "from": "human",
        "value": "<image>\nWhat line of work is this individual in?"
      },
      {
        "from": "gpt",
        "value": "Cristiano Ronaldo is a professional football (soccer) player."
      }
    ]
  },
  {
    "id": "400034",
    "image": "downloaded_images/Personage/Cristiano_Ronaldo/image_20241107_171853_19.jpg",
    "conversations": [
      {
        "from": "human",
        "value": "<image>\nCan you list some of this person's significant works?"
      },
      {
        "from": "gpt",
        "value": "Cristiano Ronaldo is known for numerous achievements, including:  \n   - Winning multiple FIFA Ballon d'Or awards (five times as of 2021).  \n   - Holding records for the most goals scored in UEFA Champions League history.  \n   - Winning league titles in England (Manchester United), Spain (Real Madrid), and Italy (Juventus).  \n   - Leading Portugal to victory in the UEFA European Championship in 2016 and the UEFA Nations League in 2019.  \n   - Being one of the highest goal scorers in football history."
      }
    ]
  },
  {
    "id": "400035",
    "image": "downloaded_images/Personage/Cristiano_Ronaldo/image_20241018_172314_18.jpg",
    "conversations": [
      {
        "from": "human",
        "value": "<image>\nCan you list some of this person's significant works?"
      },
      {
        "from": "gpt",
        "value": "Cristiano Ronaldo is known for numerous achievements, including:  \n   - Winning multiple FIFA Ballon d'Or awards (five times as of 2021).  \n   - Holding records for the most goals scored in UEFA Champions League history.  \n   - Winning league titles in England (Manchester United), Spain (Real Madrid), and Italy (Juventus).  \n   - Leading Portugal to victory in the UEFA European Championship in 2016 and the UEFA Nations League in 2019.  \n   - Being one of the highest goal scorers in football history."
      }
    ]
  },
  {
    "id": "400036",
    "image": "downloaded_images/Personage/Cristiano_Ronaldo/image_20241018_172134_6.jpg",
    "conversations": [
      {
        "from": "human",
        "value": "<image>\nCan you list some of this person's significant works?"
      },
      {
        "from": "gpt",
        "value": "Cristiano Ronaldo is known for numerous achievements, including:  \n   - Winning multiple FIFA Ballon d'Or awards (five times as of 2021).  \n   - Holding records for the most goals scored in UEFA Champions League history.  \n   - Winning league titles in England (Manchester United), Spain (Real Madrid), and Italy (Juventus).  \n   - Leading Portugal to victory in the UEFA European Championship in 2016 and the UEFA Nations League in 2019.  \n   - Being one of the highest goal scorers in football history."
      }
    ]
  },
  {
    "id": "400037",
    "image": "downloaded_images/Personage/Cristiano_Ronaldo/image_20241107_171950_26.jpg",
    "conversations": [
      {
        "from": "human",
        "value": "<image>\nCan you list some of this person's significant works?"
      },
      {
        "from": "gpt",
        "value": "Cristiano Ronaldo is known for numerous achievements, including:  \n   - Winning multiple FIFA Ballon d'Or awards (five times as of 2021).  \n   - Holding records for the most goals scored in UEFA Champions League history.  \n   - Winning league titles in England (Manchester United), Spain (Real Madrid), and Italy (Juventus).  \n   - Leading Portugal to victory in the UEFA European Championship in 2016 and the UEFA Nations League in 2019.  \n   - Being one of the highest goal scorers in football history."
      }
    ]
  },
  {
    "id": "400038",
    "image": "downloaded_images/Personage/Cristiano_Ronaldo/image_20241107_172009_28.jpg",
    "conversations": [
      {
        "from": "human",
        "value": "<image>\nCan you list some of this person's significant works?"
      },
      {
        "from": "gpt",
        "value": "Cristiano Ronaldo is known for numerous achievements, including:  \n   - Winning multiple FIFA Ballon d'Or awards (five times as of 2021).  \n   - Holding records for the most goals scored in UEFA Champions League history.  \n   - Winning league titles in England (Manchester United), Spain (Real Madrid), and Italy (Juventus).  \n   - Leading Portugal to victory in the UEFA European Championship in 2016 and the UEFA Nations League in 2019.  \n   - Being one of the highest goal scorers in football history."
      }
    ]
  },
  {
    "id": "400039",
    "image": "downloaded_images/Personage/Cristiano_Ronaldo/image_20241107_171853_19.jpg",
    "conversations": [
      {
        "from": "human",
        "value": "<image>\nIn what ways has this individual influenced their industry or society?"
      },
      {
        "from": "gpt",
        "value": "Cristiano Ronaldo has made significant contributions to society and the sports industry, including:  \n   - Philanthropic efforts, such as donating to children's hospitals, disaster relief funds, and various charities.  \n   - Serving as a global ambassador for various brands and promoting sports and fitness.  \n   - Inspiring millions of fans around the world through his work ethic, dedication, and success in football.  \n   - Establishing the CR7 brand, which includes clothing, footwear, and fragrances, contributing to the sports and fashion industries.  \n   - Engaging in social media activism and using his platform to raise awareness on various social issues."
      }
    ]
  },
  {
    "id": "400040",
    "image": "downloaded_images/Personage/Cristiano_Ronaldo/image_20241018_172249_15.jpg",
    "conversations": [
      {
        "from": "human",
        "value": "<image>\nIn what ways has this individual influenced their industry or society?"
      },
      {
        "from": "gpt",
        "value": "Cristiano Ronaldo has made significant contributions to society and the sports industry, including:  \n   - Philanthropic efforts, such as donating to children's hospitals, disaster relief funds, and various charities.  \n   - Serving as a global ambassador for various brands and promoting sports and fitness.  \n   - Inspiring millions of fans around the world through his work ethic, dedication, and success in football.  \n   - Establishing the CR7 brand, which includes clothing, footwear, and fragrances, contributing to the sports and fashion industries.  \n   - Engaging in social media activism and using his platform to raise awareness on various social issues."
      }
    ]
  },
  {
    "id": "400041",
    "image": "downloaded_images/Personage/Cristiano_Ronaldo/image_20241107_171739_13.jpg",
    "conversations": [
      {
        "from": "human",
        "value": "<image>\nIn what ways has this individual influenced their industry or society?"
      },
      {
        "from": "gpt",
        "value": "Cristiano Ronaldo has made significant contributions to society and the sports industry, including:  \n   - Philanthropic efforts, such as donating to children's hospitals, disaster relief funds, and various charities.  \n   - Serving as a global ambassador for various brands and promoting sports and fitness.  \n   - Inspiring millions of fans around the world through his work ethic, dedication, and success in football.  \n   - Establishing the CR7 brand, which includes clothing, footwear, and fragrances, contributing to the sports and fashion industries.  \n   - Engaging in social media activism and using his platform to raise awareness on various social issues."
      }
    ]
  },
  {
    "id": "400042",
    "image": "downloaded_images/Personage/Cristiano_Ronaldo/image_20241107_172009_28.jpg",
    "conversations": [
      {
        "from": "human",
        "value": "<image>\nIn what ways has this individual influenced their industry or society?"
      },
      {
        "from": "gpt",
        "value": "Cristiano Ronaldo has made significant contributions to society and the sports industry, including:  \n   - Philanthropic efforts, such as donating to children's hospitals, disaster relief funds, and various charities.  \n   - Serving as a global ambassador for various brands and promoting sports and fitness.  \n   - Inspiring millions of fans around the world through his work ethic, dedication, and success in football.  \n   - Establishing the CR7 brand, which includes clothing, footwear, and fragrances, contributing to the sports and fashion industries.  \n   - Engaging in social media activism and using his platform to raise awareness on various social issues."
      }
    ]
  },
  {
    "id": "400043",
    "image": "downloaded_images/Personage/Cristiano_Ronaldo/image_20241107_171959_27.jpg",
    "conversations": [
      {
        "from": "human",
        "value": "<image>\nIn what ways has this individual influenced their industry or society?"
      },
      {
        "from": "gpt",
        "value": "Cristiano Ronaldo has made significant contributions to society and the sports industry, including:  \n   - Philanthropic efforts, such as donating to children's hospitals, disaster relief funds, and various charities.  \n   - Serving as a global ambassador for various brands and promoting sports and fitness.  \n   - Inspiring millions of fans around the world through his work ethic, dedication, and success in football.  \n   - Establishing the CR7 brand, which includes clothing, footwear, and fragrances, contributing to the sports and fashion industries.  \n   - Engaging in social media activism and using his platform to raise awareness on various social issues."
      }
    ]
  }
]