[
  {
    "id": "10",
    "image": "downloaded_images/Buildings/Eiffel_Tower/image_20241017_212834_5.jpg",
    "conversations": [
      {
        "from": "human",
        "value": "<image>\nWhat is the name of this building?"
      },
      {
        "from": "gpt",
        "value": "The name of this building is the Eiffel Tower."
      }
    ]
  },
  {
    "id": "11",
    "image": "downloaded_images/Buildings/Eiffel_Tower/image_20241017_212903_7.jpg",
    "conversations": [
      {
        "from": "human",
        "value": "<image>\nWhere is it located?"
      },
      {
        "from": "gpt",
        "value": "It is located in Paris, France."
      }
    ]
  },
  {
    "id": "12",
    "image": "downloaded_images/Buildings/Eiffel_Tower/image_20241017_212823_4.jpg",
    "conversations": [
      {
        "from": "human",
        "value": "<image>\nWhat was the original purpose of the building?"
      },
      {
        "from": "gpt",
        "value": "The original purpose of the Eiffel Tower was to serve as the entrance arch for the 1889 Exposition Universelle (World's Fair), which was held to celebrate the 100th anniversary of the French Revolution."
      }
    ]
  },
  {
    "id": "13",
    "image": "downloaded_images/Buildings/Eiffel_Tower/image_20241017_212932_9.jpg",
    "conversations": [
      {
        "from": "human",
        "value": "<image>\nIs the building open to the public?"
      },
      {
        "from": "gpt",
        "value": "Yes, the Eiffel Tower is open to the public and is one of the most visited monuments in the world. Visitors can access various levels of the tower, including observation decks that offer stunning views of Paris."
      }
    ]
  },
  {
    "id": "14",
    "image": "downloaded_images/Buildings/Eiffel_Tower/image_20241106_114131_26.jpg",
    "conversations": [
      {
        "from": "human",
        "value": "<image>\nWhat is the name of this building?"
      },
      {
        "from": "gpt",
        "value": "The name of this building is the Eiffel Tower."
      }
    ]
  },
  {
    "id": "15",
    "image": "downloaded_images/Buildings/Eiffel_Tower/image_20241106_113944_14.jpg",
    "conversations": [
      {
        "from": "human",
        "value": "<image>\nWhat is the name of this building?"
      },
      {
        "from": "gpt",
        "value": "The name of this building is the Eiffel Tower."
      }
    ]
  },
  {
    "id": "16",
    "image": "downloaded_images/Buildings/Eiffel_Tower/image_20241106_114039_20.jpg",
    "conversations": [
      {
        "from": "human",
        "value": "<image>\nWhat is the name of this building?"
      },
      {
        "from": "gpt",
        "value": "The name of this building is the Eiffel Tower."
      }
    ]
  },
  {
    "id": "17",
    "image": "downloaded_images/Buildings/Eiffel_Tower/image_20241106_113746_1.jpg",
    "conversations": [
      {
        "from": "human",
        "value": "<image>\nWhat is the name of this building?"
      },
      {
        "from": "gpt",
        "value": "The name of this building is the Eiffel Tower."
      }
    ]
  },
  {
    "id": "18",
    "image": "downloaded_images/Buildings/Eiffel_Tower/image_20241106_114105_23.jpg",
    "conversations": [
      {
        "from": "human",
        "value": "<image>\nWhat is the name of this building?"
      },
      {
        "from": "gpt",
        "value": "The name of this building is the Eiffel Tower."
      }
    ]
  },
  {
    "id": "19",
    "image": "downloaded_images/Buildings/Eiffel_Tower/image_20241017_212744_1.jpg",
    "conversations": [
      {
        "from": "human",
        "value": "<image>\nWhere is it located?"
      },
      {
        "from": "gpt",
        "value": "It is located in Paris, France."
      }
    ]
  },
  {
    "id": "20",
    "image": "downloaded_images/Buildings/Eiffel_Tower/image_20241106_113917_11.jpg",
    "conversations": [
      {
        "from": "human",
        "value": "<image>\nWhere is it located?"
      },
      {
        "from": "gpt",
        "value": "It is located in Paris, France."
      }
    ]
  },
  {
    "id": "21",
    "image": "downloaded_images/Buildings/Eiffel_Tower/image_20241017_212932_9.jpg",
    "conversations": [
      {
        "from": "human",
        "value": "<image>\nWhere is it located?"
      },
      {
        "from": "gpt",
        "value": "It is located in Paris, France."
      }
    ]
  },
  {
    "id": "22",
    "image": "downloaded_images/Buildings/Eiffel_Tower/image_20241106_113900_9.jpg",
    "conversations": [
      {
        "from": "human",
        "value": "<image>\nWhere is it located?"
      },
      {
        "from": "gpt",
        "value": "It is located in Paris, France."
      }
    ]
  },
  {
    "id": "23",
    "image": "downloaded_images/Buildings/Eiffel_Tower/image_20241106_114011_17.jpg",
    "conversations": [
      {
        "from": "human",
        "value": "<image>\nWhere is it located?"
      },
      {
        "from": "gpt",
        "value": "It is located in Paris, France."
      }
    ]
  },
  {
    "id": "24",
    "image": "downloaded_images/Buildings/Eiffel_Tower/image_20241017_212834_5.jpg",
    "conversations": [
      {
        "from": "human",
        "value": "<image>\nWhat was the original purpose of the building?"
      },
      {
        "from": "gpt",
        "value": "The original purpose of the Eiffel Tower was to serve as the entrance arch for the 1889 Exposition Universelle (World's Fair), which was held to celebrate the 100th anniversary of the French Revolution."
      }
    ]
  },
  {
    "id": "25",
    "image": "downloaded_images/Buildings/Eiffel_Tower/image_20241106_114011_17.jpg",
    "conversations": [
      {
        "from": "human",
        "value": "<image>\nWhat was the original purpose of the building?"
      },
      {
        "from": "gpt",
        "value": "The original purpose of the Eiffel Tower was to serve as the entrance arch for the 1889 Exposition Universelle (World's Fair), which was held to celebrate the 100th anniversary of the French Revolution."
      }
    ]
  },
  {
    "id": "26",
    "image": "downloaded_images/Buildings/Eiffel_Tower/image_20241106_113815_4.jpg",
    "conversations": [
      {
        "from": "human",
        "value": "<image>\nWhat was the original purpose of the building?"
      },
      {
        "from": "gpt",
        "value": "The original purpose of the Eiffel Tower was to serve as the entrance arch for the 1889 Exposition Universelle (World's Fair), which was held to celebrate the 100th anniversary of the French Revolution."
      }
    ]
  },
  {
    "id": "27",
    "image": "downloaded_images/Buildings/Eiffel_Tower/image_20241017_212932_9.jpg",
    "conversations": [
      {
        "from": "human",
        "value": "<image>\nWhat was the original purpose of the building?"
      },
      {
        "from": "gpt",
        "value": "The original purpose of the Eiffel Tower was to serve as the entrance arch for the 1889 Exposition Universelle (World's Fair), which was held to celebrate the 100th anniversary of the French Revolution."
      }
    ]
  },
  {
    "id": "28",
    "image": "downloaded_images/Buildings/Eiffel_Tower/image_20241106_113944_14.jpg",
    "conversations": [
      {
        "from": "human",
        "value": "<image>\nWhat was the original purpose of the building?"
      },
      {
        "from": "gpt",
        "value": "The original purpose of the Eiffel Tower was to serve as the entrance arch for the 1889 Exposition Universelle (World's Fair), which was held to celebrate the 100th anniversary of the French Revolution."
      }
    ]
  },
  {
    "id": "29",
    "image": "downloaded_images/Buildings/Eiffel_Tower/image_20241106_114105_23.jpg",
    "conversations": [
      {
        "from": "human",
        "value": "<image>\nIs the building open to the public?"
      },
      {
        "from": "gpt",
        "value": "Yes, the Eiffel Tower is open to the public and is one of the most visited monuments in the world. Visitors can access various levels of the tower, including observation decks that offer stunning views of Paris."
      }
    ]
  },
  {
    "id": "30",
    "image": "downloaded_images/Buildings/Eiffel_Tower/image_20241106_113833_6.jpg",
    "conversations": [
      {
        "from": "human",
        "value": "<image>\nIs the building open to the public?"
      },
      {
        "from": "gpt",
        "value": "Yes, the Eiffel Tower is open to the public and is one of the most visited monuments in the world. Visitors can access various levels of the tower, including observation decks that offer stunning views of Paris."
      }
    ]
  },
  {
    "id": "31",
    "image": "downloaded_images/Buildings/Eiffel_Tower/image_20241017_213233_20.jpg",
    "conversations": [
      {
        "from": "human",
        "value": "<image>\nIs the building open to the public?"
      },
      {
        "from": "gpt",
        "value": "Yes, the Eiffel Tower is open to the public and is one of the most visited monuments in the world. Visitors can access various levels of the tower, including observation decks that offer stunning views of Paris."
      }
    ]
  },
  {
    "id": "32",
    "image": "downloaded_images/Buildings/Eiffel_Tower/image_20241017_212744_1.jpg",
    "conversations": [
      {
        "from": "human",
        "value": "<image>\nIs the building open to the public?"
      },
      {
        "from": "gpt",
        "value": "Yes, the Eiffel Tower is open to the public and is one of the most visited monuments in the world. Visitors can access various levels of the tower, including observation decks that offer stunning views of Paris."
      }
    ]
  },
  {
    "id": "33",
    "image": "downloaded_images/Buildings/Eiffel_Tower/image_20241017_212955_11.jpg",
    "conversations": [
      {
        "from": "human",
        "value": "<image>\nIs the building open to the public?"
      },
      {
        "from": "gpt",
        "value": "Yes, the Eiffel Tower is open to the public and is one of the most visited monuments in the world. Visitors can access various levels of the tower, including observation decks that offer stunning views of Paris."
      }
    ]
  },
  {
    "id": "100010",
    "image": "downloaded_images/Buildings/Eiffel_Tower/image_20241017_212834_5.jpg",
    "conversations": [
      {
        "from": "human",
        "value": "<image>\nWhat is this building called?"
      },
      {
        "from": "gpt",
        "value": "The name of this building is the Eiffel Tower."
      }
    ]
  },
  {
    "id": "100011",
    "image": "downloaded_images/Buildings/Eiffel_Tower/image_20241017_212903_7.jpg",
    "conversations": [
      {
        "from": "human",
        "value": "<image>\nWhere can it be found?"
      },
      {
        "from": "gpt",
        "value": "It is located in Paris, France."
      }
    ]
  },
  {
    "id": "100012",
    "image": "downloaded_images/Buildings/Eiffel_Tower/image_20241017_212823_4.jpg",
    "conversations": [
      {
        "from": "human",
        "value": "<image>\nWhat was the building originally designed for?"
      },
      {
        "from": "gpt",
        "value": "The original purpose of the Eiffel Tower was to serve as the entrance arch for the 1889 Exposition Universelle (World's Fair), which was held to celebrate the 100th anniversary of the French Revolution."
      }
    ]
  },
  {
    "id": "100013",
    "image": "downloaded_images/Buildings/Eiffel_Tower/image_20241017_212932_9.jpg",
    "conversations": [
      {
        "from": "human",
        "value": "<image>\nIs this building accessible to the public?"
      },
      {
        "from": "gpt",
        "value": "Yes, the Eiffel Tower is open to the public and is one of the most visited monuments in the world. Visitors can access various levels of the tower, including observation decks that offer stunning views of Paris."
      }
    ]
  },
  {
    "id": "100014",
    "image": "downloaded_images/Buildings/Eiffel_Tower/image_20241106_114131_26.jpg",
    "conversations": [
      {
        "from": "human",
        "value": "<image>\nWhat is this building called?"
      },
      {
        "from": "gpt",
        "value": "The name of this building is the Eiffel Tower."
      }
    ]
  },
  {
    "id": "100015",
    "image": "downloaded_images/Buildings/Eiffel_Tower/image_20241106_113944_14.jpg",
    "conversations": [
      {
        "from": "human",
        "value": "<image>\nWhat is this building called?"
      },
      {
        "from": "gpt",
        "value": "The name of this building is the Eiffel Tower."
      }
    ]
  },
  {
    "id": "100016",
    "image": "downloaded_images/Buildings/Eiffel_Tower/image_20241106_114039_20.jpg",
    "conversations": [
      {
        "from": "human",
        "value": "<image>\nWhat is this building called?"
      },
      {
        "from": "gpt",
        "value": "The name of this building is the Eiffel Tower."
      }
    ]
  },
  {
    "id": "100017",
    "image": "downloaded_images/Buildings/Eiffel_Tower/image_20241106_113746_1.jpg",
    "conversations": [
      {
        "from": "human",
        "value": "<image>\nWhat is this building called?"
      },
      {
        "from": "gpt",
        "value": "The name of this building is the Eiffel Tower."
      }
    ]
  },
  {
    "id": "100018",
    "image": "downloaded_images/Buildings/Eiffel_Tower/image_20241106_114105_23.jpg",
    "conversations": [
      {
        "from": "human",
        "value": "<image>\nWhat is this building called?"
      },
      {
        "from": "gpt",
        "value": "The name of this building is the Eiffel Tower."
      }
    ]
  },
  {
    "id": "100019",
    "image": "downloaded_images/Buildings/Eiffel_Tower/image_20241017_212744_1.jpg",
    "conversations": [
      {
        "from": "human",
        "value": "<image>\nWhere can it be found?"
      },
      {
        "from": "gpt",
        "value": "It is located in Paris, France."
      }
    ]
  },
  {
    "id": "100020",
    "image": "downloaded_images/Buildings/Eiffel_Tower/image_20241106_113917_11.jpg",
    "conversations": [
      {
        "from": "human",
        "value": "<image>\nWhere can it be found?"
      },
      {
        "from": "gpt",
        "value": "It is located in Paris, France."
      }
    ]
  },
  {
    "id": "100021",
    "image": "downloaded_images/Buildings/Eiffel_Tower/image_20241017_212932_9.jpg",
    "conversations": [
      {
        "from": "human",
        "value": "<image>\nWhere can it be found?"
      },
      {
        "from": "gpt",
        "value": "It is located in Paris, France."
      }
    ]
  },
  {
    "id": "100022",
    "image": "downloaded_images/Buildings/Eiffel_Tower/image_20241106_113900_9.jpg",
    "conversations": [
      {
        "from": "human",
        "value": "<image>\nWhere can it be found?"
      },
      {
        "from": "gpt",
        "value": "It is located in Paris, France."
      }
    ]
  },
  {
    "id": "100023",
    "image": "downloaded_images/Buildings/Eiffel_Tower/image_20241106_114011_17.jpg",
    "conversations": [
      {
        "from": "human",
        "value": "<image>\nWhere can it be found?"
      },
      {
        "from": "gpt",
        "value": "It is located in Paris, France."
      }
    ]
  },
  {
    "id": "100024",
    "image": "downloaded_images/Buildings/Eiffel_Tower/image_20241017_212834_5.jpg",
    "conversations": [
      {
        "from": "human",
        "value": "<image>\nWhat was the building originally designed for?"
      },
      {
        "from": "gpt",
        "value": "The original purpose of the Eiffel Tower was to serve as the entrance arch for the 1889 Exposition Universelle (World's Fair), which was held to celebrate the 100th anniversary of the French Revolution."
      }
    ]
  },
  {
    "id": "100025",
    "image": "downloaded_images/Buildings/Eiffel_Tower/image_20241106_114011_17.jpg",
    "conversations": [
      {
        "from": "human",
        "value": "<image>\nWhat was the building originally designed for?"
      },
      {
        "from": "gpt",
        "value": "The original purpose of the Eiffel Tower was to serve as the entrance arch for the 1889 Exposition Universelle (World's Fair), which was held to celebrate the 100th anniversary of the French Revolution."
      }
    ]
  },
  {
    "id": "100026",
    "image": "downloaded_images/Buildings/Eiffel_Tower/image_20241106_113815_4.jpg",
    "conversations": [
      {
        "from": "human",
        "value": "<image>\nWhat was the building originally designed for?"
      },
      {
        "from": "gpt",
        "value": "The original purpose of the Eiffel Tower was to serve as the entrance arch for the 1889 Exposition Universelle (World's Fair), which was held to celebrate the 100th anniversary of the French Revolution."
      }
    ]
  },
  {
    "id": "100027",
    "image": "downloaded_images/Buildings/Eiffel_Tower/image_20241017_212932_9.jpg",
    "conversations": [
      {
        "from": "human",
        "value": "<image>\nWhat was the building originally designed for?"
      },
      {
        "from": "gpt",
        "value": "The original purpose of the Eiffel Tower was to serve as the entrance arch for the 1889 Exposition Universelle (World's Fair), which was held to celebrate the 100th anniversary of the French Revolution."
      }
    ]
  },
  {
    "id": "100028",
    "image": "downloaded_images/Buildings/Eiffel_Tower/image_20241106_113944_14.jpg",
    "conversations": [
      {
        "from": "human",
        "value": "<image>\nWhat was the building originally designed for?"
      },
      {
        "from": "gpt",
        "value": "The original purpose of the Eiffel Tower was to serve as the entrance arch for the 1889 Exposition Universelle (World's Fair), which was held to celebrate the 100th anniversary of the French Revolution."
      }
    ]
  },
  {
    "id": "100029",
    "image": "downloaded_images/Buildings/Eiffel_Tower/image_20241106_114105_23.jpg",
    "conversations": [
      {
        "from": "human",
        "value": "<image>\nIs this building accessible to the public?"
      },
      {
        "from": "gpt",
        "value": "Yes, the Eiffel Tower is open to the public and is one of the most visited monuments in the world. Visitors can access various levels of the tower, including observation decks that offer stunning views of Paris."
      }
    ]
  },
  {
    "id": "100030",
    "image": "downloaded_images/Buildings/Eiffel_Tower/image_20241106_113833_6.jpg",
    "conversations": [
      {
        "from": "human",
        "value": "<image>\nIs this building accessible to the public?"
      },
      {
        "from": "gpt",
        "value": "Yes, the Eiffel Tower is open to the public and is one of the most visited monuments in the world. Visitors can access various levels of the tower, including observation decks that offer stunning views of Paris."
      }
    ]
  },
  {
    "id": "100031",
    "image": "downloaded_images/Buildings/Eiffel_Tower/image_20241017_213233_20.jpg",
    "conversations": [
      {
        "from": "human",
        "value": "<image>\nIs this building accessible to the public?"
      },
      {
        "from": "gpt",
        "value": "Yes, the Eiffel Tower is open to the public and is one of the most visited monuments in the world. Visitors can access various levels of the tower, including observation decks that offer stunning views of Paris."
      }
    ]
  },
  {
    "id": "100032",
    "image": "downloaded_images/Buildings/Eiffel_Tower/image_20241017_212744_1.jpg",
    "conversations": [
      {
        "from": "human",
        "value": "<image>\nIs this building accessible to the public?"
      },
      {
        "from": "gpt",
        "value": "Yes, the Eiffel Tower is open to the public and is one of the most visited monuments in the world. Visitors can access various levels of the tower, including observation decks that offer stunning views of Paris."
      }
    ]
  },
  {
    "id": "100033",
    "image": "downloaded_images/Buildings/Eiffel_Tower/image_20241017_212955_11.jpg",
    "conversations": [
      {
        "from": "human",
        "value": "<image>\nIs this building accessible to the public?"
      },
      {
        "from": "gpt",
        "value": "Yes, the Eiffel Tower is open to the public and is one of the most visited monuments in the world. Visitors can access various levels of the tower, including observation decks that offer stunning views of Paris."
      }
    ]
  },
  {
    "id": "200010",
    "image": "downloaded_images/Buildings/Eiffel_Tower/image_20241017_212834_5.jpg",
    "conversations": [
      {
        "from": "human",
        "value": "<image>\nWhat is the name of this structure?"
      },
      {
        "from": "gpt",
        "value": "The name of this building is the Eiffel Tower."
      }
    ]
  },
  {
    "id": "200011",
    "image": "downloaded_images/Buildings/Eiffel_Tower/image_20241017_212903_7.jpg",
    "conversations": [
      {
        "from": "human",
        "value": "<image>\nWhat is the location of this building?"
      },
      {
        "from": "gpt",
        "value": "It is located in Paris, France."
      }
    ]
  },
  {
    "id": "200012",
    "image": "downloaded_images/Buildings/Eiffel_Tower/image_20241017_212823_4.jpg",
    "conversations": [
      {
        "from": "human",
        "value": "<image>\nWhat was the initial purpose of this building?"
      },
      {
        "from": "gpt",
        "value": "The original purpose of the Eiffel Tower was to serve as the entrance arch for the 1889 Exposition Universelle (World's Fair), which was held to celebrate the 100th anniversary of the French Revolution."
      }
    ]
  },
  {
    "id": "200013",
    "image": "downloaded_images/Buildings/Eiffel_Tower/image_20241017_212932_9.jpg",
    "conversations": [
      {
        "from": "human",
        "value": "<image>\nCan the public visit this building?"
      },
      {
        "from": "gpt",
        "value": "Yes, the Eiffel Tower is open to the public and is one of the most visited monuments in the world. Visitors can access various levels of the tower, including observation decks that offer stunning views of Paris."
      }
    ]
  },
  {
    "id": "200014",
    "image": "downloaded_images/Buildings/Eiffel_Tower/image_20241106_114131_26.jpg",
    "conversations": [
      {
        "from": "human",
        "value": "<image>\nWhat is the name of this structure?"
      },
      {
        "from": "gpt",
        "value": "The name of this building is the Eiffel Tower."
      }
    ]
  },
  {
    "id": "200015",
    "image": "downloaded_images/Buildings/Eiffel_Tower/image_20241106_113944_14.jpg",
    "conversations": [
      {
        "from": "human",
        "value": "<image>\nWhat is the name of this structure?"
      },
      {
        "from": "gpt",
        "value": "The name of this building is the Eiffel Tower."
      }
    ]
  },
  {
    "id": "200016",
    "image": "downloaded_images/Buildings/Eiffel_Tower/image_20241106_114039_20.jpg",
    "conversations": [
      {
        "from": "human",
        "value": "<image>\nWhat is the name of this structure?"
      },
      {
        "from": "gpt",
        "value": "The name of this building is the Eiffel Tower."
      }
    ]
  },
  {
    "id": "200017",
    "image": "downloaded_images/Buildings/Eiffel_Tower/image_20241106_113746_1.jpg",
    "conversations": [
      {
        "from": "human",
        "value": "<image>\nWhat is the name of this structure?"
      },
      {
        "from": "gpt",
        "value": "The name of this building is the Eiffel Tower."
      }
    ]
  },
  {
    "id": "200018",
    "image": "downloaded_images/Buildings/Eiffel_Tower/image_20241106_114105_23.jpg",
    "conversations": [
      {
        "from": "human",
        "value": "<image>\nWhat is the name of this structure?"
      },
      {
        "from": "gpt",
        "value": "The name of this building is the Eiffel Tower."
      }
    ]
  },
  {
    "id": "200019",
    "image": "downloaded_images/Buildings/Eiffel_Tower/image_20241017_212744_1.jpg",
    "conversations": [
      {
        "from": "human",
        "value": "<image>\nWhat is the location of this building?"
      },
      {
        "from": "gpt",
        "value": "It is located in Paris, France."
      }
    ]
  },
  {
    "id": "200020",
    "image": "downloaded_images/Buildings/Eiffel_Tower/image_20241106_113917_11.jpg",
    "conversations": [
      {
        "from": "human",
        "value": "<image>\nWhat is the location of this building?"
      },
      {
        "from": "gpt",
        "value": "It is located in Paris, France."
      }
    ]
  },
  {
    "id": "200021",
    "image": "downloaded_images/Buildings/Eiffel_Tower/image_20241017_212932_9.jpg",
    "conversations": [
      {
        "from": "human",
        "value": "<image>\nWhat is the location of this building?"
      },
      {
        "from": "gpt",
        "value": "It is located in Paris, France."
      }
    ]
  },
  {
    "id": "200022",
    "image": "downloaded_images/Buildings/Eiffel_Tower/image_20241106_113900_9.jpg",
    "conversations": [
      {
        "from": "human",
        "value": "<image>\nWhat is the location of this building?"
      },
      {
        "from": "gpt",
        "value": "It is located in Paris, France."
      }
    ]
  },
  {
    "id": "200023",
    "image": "downloaded_images/Buildings/Eiffel_Tower/image_20241106_114011_17.jpg",
    "conversations": [
      {
        "from": "human",
        "value": "<image>\nWhat is the location of this building?"
      },
      {
        "from": "gpt",
        "value": "It is located in Paris, France."
      }
    ]
  },
  {
    "id": "200024",
    "image": "downloaded_images/Buildings/Eiffel_Tower/image_20241017_212834_5.jpg",
    "conversations": [
      {
        "from": "human",
        "value": "<image>\nWhat was the initial purpose of this building?"
      },
      {
        "from": "gpt",
        "value": "The original purpose of the Eiffel Tower was to serve as the entrance arch for the 1889 Exposition Universelle (World's Fair), which was held to celebrate the 100th anniversary of the French Revolution."
      }
    ]
  },
  {
    "id": "200025",
    "image": "downloaded_images/Buildings/Eiffel_Tower/image_20241106_114011_17.jpg",
    "conversations": [
      {
        "from": "human",
        "value": "<image>\nWhat was the initial purpose of this building?"
      },
      {
        "from": "gpt",
        "value": "The original purpose of the Eiffel Tower was to serve as the entrance arch for the 1889 Exposition Universelle (World's Fair), which was held to celebrate the 100th anniversary of the French Revolution."
      }
    ]
  },
  {
    "id": "200026",
    "image": "downloaded_images/Buildings/Eiffel_Tower/image_20241106_113815_4.jpg",
    "conversations": [
      {
        "from": "human",
        "value": "<image>\nWhat was the initial purpose of this building?"
      },
      {
        "from": "gpt",
        "value": "The original purpose of the Eiffel Tower was to serve as the entrance arch for the 1889 Exposition Universelle (World's Fair), which was held to celebrate the 100th anniversary of the French Revolution."
      }
    ]
  },
  {
    "id": "200027",
    "image": "downloaded_images/Buildings/Eiffel_Tower/image_20241017_212932_9.jpg",
    "conversations": [
      {
        "from": "human",
        "value": "<image>\nWhat was the initial purpose of this building?"
      },
      {
        "from": "gpt",
        "value": "The original purpose of the Eiffel Tower was to serve as the entrance arch for the 1889 Exposition Universelle (World's Fair), which was held to celebrate the 100th anniversary of the French Revolution."
      }
    ]
  },
  {
    "id": "200028",
    "image": "downloaded_images/Buildings/Eiffel_Tower/image_20241106_113944_14.jpg",
    "conversations": [
      {
        "from": "human",
        "value": "<image>\nWhat was the initial purpose of this building?"
      },
      {
        "from": "gpt",
        "value": "The original purpose of the Eiffel Tower was to serve as the entrance arch for the 1889 Exposition Universelle (World's Fair), which was held to celebrate the 100th anniversary of the French Revolution."
      }
    ]
  },
  {
    "id": "200029",
    "image": "downloaded_images/Buildings/Eiffel_Tower/image_20241106_114105_23.jpg",
    "conversations": [
      {
        "from": "human",
        "value": "<image>\nCan the public visit this building?"
      },
      {
        "from": "gpt",
        "value": "Yes, the Eiffel Tower is open to the public and is one of the most visited monuments in the world. Visitors can access various levels of the tower, including observation decks that offer stunning views of Paris."
      }
    ]
  },
  {
    "id": "200030",
    "image": "downloaded_images/Buildings/Eiffel_Tower/image_20241106_113833_6.jpg",
    "conversations": [
      {
        "from": "human",
        "value": "<image>\nCan the public visit this building?"
      },
      {
        "from": "gpt",
        "value": "Yes, the Eiffel Tower is open to the public and is one of the most visited monuments in the world. Visitors can access various levels of the tower, including observation decks that offer stunning views of Paris."
      }
    ]
  },
  {
    "id": "200031",
    "image": "downloaded_images/Buildings/Eiffel_Tower/image_20241017_213233_20.jpg",
    "conversations": [
      {
        "from": "human",
        "value": "<image>\nCan the public visit this building?"
      },
      {
        "from": "gpt",
        "value": "Yes, the Eiffel Tower is open to the public and is one of the most visited monuments in the world. Visitors can access various levels of the tower, including observation decks that offer stunning views of Paris."
      }
    ]
  },
  {
    "id": "200032",
    "image": "downloaded_images/Buildings/Eiffel_Tower/image_20241017_212744_1.jpg",
    "conversations": [
      {
        "from": "human",
        "value": "<image>\nCan the public visit this building?"
      },
      {
        "from": "gpt",
        "value": "Yes, the Eiffel Tower is open to the public and is one of the most visited monuments in the world. Visitors can access various levels of the tower, including observation decks that offer stunning views of Paris."
      }
    ]
  },
  {
    "id": "200033",
    "image": "downloaded_images/Buildings/Eiffel_Tower/image_20241017_212955_11.jpg",
    "conversations": [
      {
        "from": "human",
        "value": "<image>\nCan the public visit this building?"
      },
      {
        "from": "gpt",
        "value": "Yes, the Eiffel Tower is open to the public and is one of the most visited monuments in the world. Visitors can access various levels of the tower, including observation decks that offer stunning views of Paris."
      }
    ]
  },
  {
    "id": "300010",
    "image": "downloaded_images/Buildings/Eiffel_Tower/image_20241017_212834_5.jpg",
    "conversations": [
      {
        "from": "human",
        "value": "<image>\nHow is this building referred to?"
      },
      {
        "from": "gpt",
        "value": "The name of this building is the Eiffel Tower."
      }
    ]
  },
  {
    "id": "300011",
    "image": "downloaded_images/Buildings/Eiffel_Tower/image_20241017_212903_7.jpg",
    "conversations": [
      {
        "from": "human",
        "value": "<image>\nIn which area is this building situated?"
      },
      {
        "from": "gpt",
        "value": "It is located in Paris, France."
      }
    ]
  },
  {
    "id": "300012",
    "image": "downloaded_images/Buildings/Eiffel_Tower/image_20241017_212823_4.jpg",
    "conversations": [
      {
        "from": "human",
        "value": "<image>\nWhat function did this building serve when it was first constructed?"
      },
      {
        "from": "gpt",
        "value": "The original purpose of the Eiffel Tower was to serve as the entrance arch for the 1889 Exposition Universelle (World's Fair), which was held to celebrate the 100th anniversary of the French Revolution."
      }
    ]
  },
  {
    "id": "300013",
    "image": "downloaded_images/Buildings/Eiffel_Tower/image_20241017_212932_9.jpg",
    "conversations": [
      {
        "from": "human",
        "value": "<image>\nIs the building open for public access?"
      },
      {
        "from": "gpt",
        "value": "Yes, the Eiffel Tower is open to the public and is one of the most visited monuments in the world. Visitors can access various levels of the tower, including observation decks that offer stunning views of Paris."
      }
    ]
  },
  {
    "id": "300014",
    "image": "downloaded_images/Buildings/Eiffel_Tower/image_20241106_114131_26.jpg",
    "conversations": [
      {
        "from": "human",
        "value": "<image>\nHow is this building referred to?"
      },
      {
        "from": "gpt",
        "value": "The name of this building is the Eiffel Tower."
      }
    ]
  },
  {
    "id": "300015",
    "image": "downloaded_images/Buildings/Eiffel_Tower/image_20241106_113944_14.jpg",
    "conversations": [
      {
        "from": "human",
        "value": "<image>\nHow is this building referred to?"
      },
      {
        "from": "gpt",
        "value": "The name of this building is the Eiffel Tower."
      }
    ]
  },
  {
    "id": "300016",
    "image": "downloaded_images/Buildings/Eiffel_Tower/image_20241106_114039_20.jpg",
    "conversations": [
      {
        "from": "human",
        "value": "<image>\nHow is this building referred to?"
      },
      {
        "from": "gpt",
        "value": "The name of this building is the Eiffel Tower."
      }
    ]
  },
  {
    "id": "300017",
    "image": "downloaded_images/Buildings/Eiffel_Tower/image_20241106_113746_1.jpg",
    "conversations": [
      {
        "from": "human",
        "value": "<image>\nHow is this building referred to?"
      },
      {
        "from": "gpt",
        "value": "The name of this building is the Eiffel Tower."
      }
    ]
  },
  {
    "id": "300018",
    "image": "downloaded_images/Buildings/Eiffel_Tower/image_20241106_114105_23.jpg",
    "conversations": [
      {
        "from": "human",
        "value": "<image>\nHow is this building referred to?"
      },
      {
        "from": "gpt",
        "value": "The name of this building is the Eiffel Tower."
      }
    ]
  },
  {
    "id": "300019",
    "image": "downloaded_images/Buildings/Eiffel_Tower/image_20241017_212744_1.jpg",
    "conversations": [
      {
        "from": "human",
        "value": "<image>\nIn which area is this building situated?"
      },
      {
        "from": "gpt",
        "value": "It is located in Paris, France."
      }
    ]
  },
  {
    "id": "300020",
    "image": "downloaded_images/Buildings/Eiffel_Tower/image_20241106_113917_11.jpg",
    "conversations": [
      {
        "from": "human",
        "value": "<image>\nIn which area is this building situated?"
      },
      {
        "from": "gpt",
        "value": "It is located in Paris, France."
      }
    ]
  },
  {
    "id": "300021",
    "image": "downloaded_images/Buildings/Eiffel_Tower/image_20241017_212932_9.jpg",
    "conversations": [
      {
        "from": "human",
        "value": "<image>\nIn which area is this building situated?"
      },
      {
        "from": "gpt",
        "value": "It is located in Paris, France."
      }
    ]
  },
  {
    "id": "300022",
    "image": "downloaded_images/Buildings/Eiffel_Tower/image_20241106_113900_9.jpg",
    "conversations": [
      {
        "from": "human",
        "value": "<image>\nIn which area is this building situated?"
      },
      {
        "from": "gpt",
        "value": "It is located in Paris, France."
      }
    ]
  },
  {
    "id": "300023",
    "image": "downloaded_images/Buildings/Eiffel_Tower/image_20241106_114011_17.jpg",
    "conversations": [
      {
        "from": "human",
        "value": "<image>\nIn which area is this building situated?"
      },
      {
        "from": "gpt",
        "value": "It is located in Paris, France."
      }
    ]
  },
  {
    "id": "300024",
    "image": "downloaded_images/Buildings/Eiffel_Tower/image_20241017_212834_5.jpg",
    "conversations": [
      {
        "from": "human",
        "value": "<image>\nWhat function did this building serve when it was first constructed?"
      },
      {
        "from": "gpt",
        "value": "The original purpose of the Eiffel Tower was to serve as the entrance arch for the 1889 Exposition Universelle (World's Fair), which was held to celebrate the 100th anniversary of the French Revolution."
      }
    ]
  },
  {
    "id": "300025",
    "image": "downloaded_images/Buildings/Eiffel_Tower/image_20241106_114011_17.jpg",
    "conversations": [
      {
        "from": "human",
        "value": "<image>\nWhat function did this building serve when it was first constructed?"
      },
      {
        "from": "gpt",
        "value": "The original purpose of the Eiffel Tower was to serve as the entrance arch for the 1889 Exposition Universelle (World's Fair), which was held to celebrate the 100th anniversary of the French Revolution."
      }
    ]
  },
  {
    "id": "300026",
    "image": "downloaded_images/Buildings/Eiffel_Tower/image_20241106_113815_4.jpg",
    "conversations": [
      {
        "from": "human",
        "value": "<image>\nWhat function did this building serve when it was first constructed?"
      },
      {
        "from": "gpt",
        "value": "The original purpose of the Eiffel Tower was to serve as the entrance arch for the 1889 Exposition Universelle (World's Fair), which was held to celebrate the 100th anniversary of the French Revolution."
      }
    ]
  },
  {
    "id": "300027",
    "image": "downloaded_images/Buildings/Eiffel_Tower/image_20241017_212932_9.jpg",
    "conversations": [
      {
        "from": "human",
        "value": "<image>\nWhat function did this building serve when it was first constructed?"
      },
      {
        "from": "gpt",
        "value": "The original purpose of the Eiffel Tower was to serve as the entrance arch for the 1889 Exposition Universelle (World's Fair), which was held to celebrate the 100th anniversary of the French Revolution."
      }
    ]
  },
  {
    "id": "300028",
    "image": "downloaded_images/Buildings/Eiffel_Tower/image_20241106_113944_14.jpg",
    "conversations": [
      {
        "from": "human",
        "value": "<image>\nWhat function did this building serve when it was first constructed?"
      },
      {
        "from": "gpt",
        "value": "The original purpose of the Eiffel Tower was to serve as the entrance arch for the 1889 Exposition Universelle (World's Fair), which was held to celebrate the 100th anniversary of the French Revolution."
      }
    ]
  },
  {
    "id": "300029",
    "image": "downloaded_images/Buildings/Eiffel_Tower/image_20241106_114105_23.jpg",
    "conversations": [
      {
        "from": "human",
        "value": "<image>\nIs the building open for public access?"
      },
      {
        "from": "gpt",
        "value": "Yes, the Eiffel Tower is open to the public and is one of the most visited monuments in the world. Visitors can access various levels of the tower, including observation decks that offer stunning views of Paris."
      }
    ]
  },
  {
    "id": "300030",
    "image": "downloaded_images/Buildings/Eiffel_Tower/image_20241106_113833_6.jpg",
    "conversations": [
      {
        "from": "human",
        "value": "<image>\nIs the building open for public access?"
      },
      {
        "from": "gpt",
        "value": "Yes, the Eiffel Tower is open to the public and is one of the most visited monuments in the world. Visitors can access various levels of the tower, including observation decks that offer stunning views of Paris."
      }
    ]
  },
  {
    "id": "300031",
    "image": "downloaded_images/Buildings/Eiffel_Tower/image_20241017_213233_20.jpg",
    "conversations": [
      {
        "from": "human",
        "value": "<image>\nIs the building open for public access?"
      },
      {
        "from": "gpt",
        "value": "Yes, the Eiffel Tower is open to the public and is one of the most visited monuments in the world. Visitors can access various levels of the tower, including observation decks that offer stunning views of Paris."
      }
    ]
  },
  {
    "id": "300032",
    "image": "downloaded_images/Buildings/Eiffel_Tower/image_20241017_212744_1.jpg",
    "conversations": [
      {
        "from": "human",
        "value": "<image>\nIs the building open for public access?"
      },
      {
        "from": "gpt",
        "value": "Yes, the Eiffel Tower is open to the public and is one of the most visited monuments in the world. Visitors can access various levels of the tower, including observation decks that offer stunning views of Paris."
      }
    ]
  },
  {
    "id": "300033",
    "image": "downloaded_images/Buildings/Eiffel_Tower/image_20241017_212955_11.jpg",
    "conversations": [
      {
        "from": "human",
        "value": "<image>\nIs the building open for public access?"
      },
      {
        "from": "gpt",
        "value": "Yes, the Eiffel Tower is open to the public and is one of the most visited monuments in the world. Visitors can access various levels of the tower, including observation decks that offer stunning views of Paris."
      }
    ]
  },
  {
    "id": "400010",
    "image": "downloaded_images/Buildings/Eiffel_Tower/image_20241017_212834_5.jpg",
    "conversations": [
      {
        "from": "human",
        "value": "<image>\nWhat do people commonly call this building?"
      },
      {
        "from": "gpt",
        "value": "The name of this building is the Eiffel Tower."
      }
    ]
  },
  {
    "id": "400011",
    "image": "downloaded_images/Buildings/Eiffel_Tower/image_20241017_212903_7.jpg",
    "conversations": [
      {
        "from": "human",
        "value": "<image>\nWhere is this structure located?"
      },
      {
        "from": "gpt",
        "value": "It is located in Paris, France."
      }
    ]
  },
  {
    "id": "400012",
    "image": "downloaded_images/Buildings/Eiffel_Tower/image_20241017_212823_4.jpg",
    "conversations": [
      {
        "from": "human",
        "value": "<image>\nWhat was the original intent behind this structure?"
      },
      {
        "from": "gpt",
        "value": "The original purpose of the Eiffel Tower was to serve as the entrance arch for the 1889 Exposition Universelle (World's Fair), which was held to celebrate the 100th anniversary of the French Revolution."
      }
    ]
  },
  {
    "id": "400013",
    "image": "downloaded_images/Buildings/Eiffel_Tower/image_20241017_212932_9.jpg",
    "conversations": [
      {
        "from": "human",
        "value": "<image>\nAre visitors allowed in this building?"
      },
      {
        "from": "gpt",
        "value": "Yes, the Eiffel Tower is open to the public and is one of the most visited monuments in the world. Visitors can access various levels of the tower, including observation decks that offer stunning views of Paris."
      }
    ]
  },
  {
    "id": "400014",
    "image": "downloaded_images/Buildings/Eiffel_Tower/image_20241106_114131_26.jpg",
    "conversations": [
      {
        "from": "human",
        "value": "<image>\nWhat do people commonly call this building?"
      },
      {
        "from": "gpt",
        "value": "The name of this building is the Eiffel Tower."
      }
    ]
  },
  {
    "id": "400015",
    "image": "downloaded_images/Buildings/Eiffel_Tower/image_20241106_113944_14.jpg",
    "conversations": [
      {
        "from": "human",
        "value": "<image>\nWhat do people commonly call this building?"
      },
      {
        "from": "gpt",
        "value": "The name of this building is the Eiffel Tower."
      }
    ]
  },
  {
    "id": "400016",
    "image": "downloaded_images/Buildings/Eiffel_Tower/image_20241106_114039_20.jpg",
    "conversations": [
      {
        "from": "human",
        "value": "<image>\nWhat do people commonly call this building?"
      },
      {
        "from": "gpt",
        "value": "The name of this building is the Eiffel Tower."
      }
    ]
  },
  {
    "id": "400017",
    "image": "downloaded_images/Buildings/Eiffel_Tower/image_20241106_113746_1.jpg",
    "conversations": [
      {
        "from": "human",
        "value": "<image>\nWhat do people commonly call this building?"
      },
      {
        "from": "gpt",
        "value": "The name of this building is the Eiffel Tower."
      }
    ]
  },
  {
    "id": "400018",
    "image": "downloaded_images/Buildings/Eiffel_Tower/image_20241106_114105_23.jpg",
    "conversations": [
      {
        "from": "human",
        "value": "<image>\nWhat do people commonly call this building?"
      },
      {
        "from": "gpt",
        "value": "The name of this building is the Eiffel Tower."
      }
    ]
  },
  {
    "id": "400019",
    "image": "downloaded_images/Buildings/Eiffel_Tower/image_20241017_212744_1.jpg",
    "conversations": [
      {
        "from": "human",
        "value": "<image>\nWhere is this structure located?"
      },
      {
        "from": "gpt",
        "value": "It is located in Paris, France."
      }
    ]
  },
  {
    "id": "400020",
    "image": "downloaded_images/Buildings/Eiffel_Tower/image_20241106_113917_11.jpg",
    "conversations": [
      {
        "from": "human",
        "value": "<image>\nWhere is this structure located?"
      },
      {
        "from": "gpt",
        "value": "It is located in Paris, France."
      }
    ]
  },
  {
    "id": "400021",
    "image": "downloaded_images/Buildings/Eiffel_Tower/image_20241017_212932_9.jpg",
    "conversations": [
      {
        "from": "human",
        "value": "<image>\nWhere is this structure located?"
      },
      {
        "from": "gpt",
        "value": "It is located in Paris, France."
      }
    ]
  },
  {
    "id": "400022",
    "image": "downloaded_images/Buildings/Eiffel_Tower/image_20241106_113900_9.jpg",
    "conversations": [
      {
        "from": "human",
        "value": "<image>\nWhere is this structure located?"
      },
      {
        "from": "gpt",
        "value": "It is located in Paris, France."
      }
    ]
  },
  {
    "id": "400023",
    "image": "downloaded_images/Buildings/Eiffel_Tower/image_20241106_114011_17.jpg",
    "conversations": [
      {
        "from": "human",
        "value": "<image>\nWhere is this structure located?"
      },
      {
        "from": "gpt",
        "value": "It is located in Paris, France."
      }
    ]
  },
  {
    "id": "400024",
    "image": "downloaded_images/Buildings/Eiffel_Tower/image_20241017_212834_5.jpg",
    "conversations": [
      {
        "from": "human",
        "value": "<image>\nWhat was the original intent behind this structure?"
      },
      {
        "from": "gpt",
        "value": "The original purpose of the Eiffel Tower was to serve as the entrance arch for the 1889 Exposition Universelle (World's Fair), which was held to celebrate the 100th anniversary of the French Revolution."
      }
    ]
  },
  {
    "id": "400025",
    "image": "downloaded_images/Buildings/Eiffel_Tower/image_20241106_114011_17.jpg",
    "conversations": [
      {
        "from": "human",
        "value": "<image>\nWhat was the original intent behind this structure?"
      },
      {
        "from": "gpt",
        "value": "The original purpose of the Eiffel Tower was to serve as the entrance arch for the 1889 Exposition Universelle (World's Fair), which was held to celebrate the 100th anniversary of the French Revolution."
      }
    ]
  },
  {
    "id": "400026",
    "image": "downloaded_images/Buildings/Eiffel_Tower/image_20241106_113815_4.jpg",
    "conversations": [
      {
        "from": "human",
        "value": "<image>\nWhat was the original intent behind this structure?"
      },
      {
        "from": "gpt",
        "value": "The original purpose of the Eiffel Tower was to serve as the entrance arch for the 1889 Exposition Universelle (World's Fair), which was held to celebrate the 100th anniversary of the French Revolution."
      }
    ]
  },
  {
    "id": "400027",
    "image": "downloaded_images/Buildings/Eiffel_Tower/image_20241017_212932_9.jpg",
    "conversations": [
      {
        "from": "human",
        "value": "<image>\nWhat was the original intent behind this structure?"
      },
      {
        "from": "gpt",
        "value": "The original purpose of the Eiffel Tower was to serve as the entrance arch for the 1889 Exposition Universelle (World's Fair), which was held to celebrate the 100th anniversary of the French Revolution."
      }
    ]
  },
  {
    "id": "400028",
    "image": "downloaded_images/Buildings/Eiffel_Tower/image_20241106_113944_14.jpg",
    "conversations": [
      {
        "from": "human",
        "value": "<image>\nWhat was the original intent behind this structure?"
      },
      {
        "from": "gpt",
        "value": "The original purpose of the Eiffel Tower was to serve as the entrance arch for the 1889 Exposition Universelle (World's Fair), which was held to celebrate the 100th anniversary of the French Revolution."
      }
    ]
  },
  {
    "id": "400029",
    "image": "downloaded_images/Buildings/Eiffel_Tower/image_20241106_114105_23.jpg",
    "conversations": [
      {
        "from": "human",
        "value": "<image>\nAre visitors allowed in this building?"
      },
      {
        "from": "gpt",
        "value": "Yes, the Eiffel Tower is open to the public and is one of the most visited monuments in the world. Visitors can access various levels of the tower, including observation decks that offer stunning views of Paris."
      }
    ]
  },
  {
    "id": "400030",
    "image": "downloaded_images/Buildings/Eiffel_Tower/image_20241106_113833_6.jpg",
    "conversations": [
      {
        "from": "human",
        "value": "<image>\nAre visitors allowed in this building?"
      },
      {
        "from": "gpt",
        "value": "Yes, the Eiffel Tower is open to the public and is one of the most visited monuments in the world. Visitors can access various levels of the tower, including observation decks that offer stunning views of Paris."
      }
    ]
  },
  {
    "id": "400031",
    "image": "downloaded_images/Buildings/Eiffel_Tower/image_20241017_213233_20.jpg",
    "conversations": [
      {
        "from": "human",
        "value": "<image>\nAre visitors allowed in this building?"
      },
      {
        "from": "gpt",
        "value": "Yes, the Eiffel Tower is open to the public and is one of the most visited monuments in the world. Visitors can access various levels of the tower, including observation decks that offer stunning views of Paris."
      }
    ]
  },
  {
    "id": "400032",
    "image": "downloaded_images/Buildings/Eiffel_Tower/image_20241017_212744_1.jpg",
    "conversations": [
      {
        "from": "human",
        "value": "<image>\nAre visitors allowed in this building?"
      },
      {
        "from": "gpt",
        "value": "Yes, the Eiffel Tower is open to the public and is one of the most visited monuments in the world. Visitors can access various levels of the tower, including observation decks that offer stunning views of Paris."
      }
    ]
  },
  {
    "id": "400033",
    "image": "downloaded_images/Buildings/Eiffel_Tower/image_20241017_212955_11.jpg",
    "conversations": [
      {
        "from": "human",
        "value": "<image>\nAre visitors allowed in this building?"
      },
      {
        "from": "gpt",
        "value": "Yes, the Eiffel Tower is open to the public and is one of the most visited monuments in the world. Visitors can access various levels of the tower, including observation decks that offer stunning views of Paris."
      }
    ]
  }
]