[
  {
    "id": "46",
    "image": "downloaded_images/Personage/Taylor_Swift/image_20241018_152840_10.jpg",
    "conversations": [
      {
        "from": "human",
        "value": "<image>\nWhat is this person's name?"
      },
      {
        "from": "gpt",
        "value": "Taylor Swift"
      }
    ]
  },
  {
    "id": "47",
    "image": "downloaded_images/Personage/Taylor_Swift/image_20241016_195153_6.jpg",
    "conversations": [
      {
        "from": "human",
        "value": "<image>\nWhat is this person's profession?"
      },
      {
        "from": "gpt",
        "value": "Taylor Swift is a singer-songwriter and music producer."
      }
    ]
  },
  {
    "id": "48",
    "image": "downloaded_images/Personage/Taylor_Swift/image_20241016_195213_8.jpg",
    "conversations": [
      {
        "from": "human",
        "value": "<image>\nWhat are the famous works or achievements of this person?"
      },
      {
        "from": "gpt",
        "value": "Taylor Swift is known for numerous hit albums and songs, including \"Fearless,\" \"1989,\" \"Lover,\" \"Folklore,\" and \"Evermore.\" She has won multiple Grammy Awards, including Album of the Year three times, and has received numerous other accolades, including American Music Awards and Billboard Music Awards. Her song \"Shake It Off\" and her album \"1989\" were particularly influential in the pop music genre."
      }
    ]
  },
  {
    "id": "49",
    "image": "downloaded_images/Personage/Taylor_Swift/image_20241016_195256_13.jpg",
    "conversations": [
      {
        "from": "human",
        "value": "<image>\nWhat contributions has this person made to society or industry?"
      },
      {
        "from": "gpt",
        "value": "Taylor Swift has made significant contributions to the music industry by advocating for artists' rights, particularly regarding fair compensation and ownership of music. She has been vocal about issues such as streaming royalties and has taken a stand on various social and political issues, including LGBTQ+ rights and education. Additionally, she has engaged in philanthropy, supporting various causes such as disaster relief, education, and women's rights. Her influence extends beyond music, as she has inspired many young artists and fans with her storytelling and authenticity."
      }
    ]
  },
  {
    "id": "50",
    "image": "downloaded_images/Personage/Taylor_Swift/image_20241018_152958_19.jpg",
    "conversations": [
      {
        "from": "human",
        "value": "<image>\nWhat is this person's name?"
      },
      {
        "from": "gpt",
        "value": "Taylor Swift"
      }
    ]
  },
  {
    "id": "51",
    "image": "downloaded_images/Personage/Taylor_Swift/image_20241107_150504_9.jpg",
    "conversations": [
      {
        "from": "human",
        "value": "<image>\nWhat is this person's name?"
      },
      {
        "from": "gpt",
        "value": "Taylor Swift"
      }
    ]
  },
  {
    "id": "52",
    "image": "downloaded_images/Personage/Taylor_Swift/image_20241107_150348_1.jpg",
    "conversations": [
      {
        "from": "human",
        "value": "<image>\nWhat is this person's name?"
      },
      {
        "from": "gpt",
        "value": "Taylor Swift"
      }
    ]
  },
  {
    "id": "53",
    "image": "downloaded_images/Personage/Taylor_Swift/image_20241018_152858_12.jpg",
    "conversations": [
      {
        "from": "human",
        "value": "<image>\nWhat is this person's name?"
      },
      {
        "from": "gpt",
        "value": "Taylor Swift"
      }
    ]
  },
  {
    "id": "54",
    "image": "downloaded_images/Personage/Taylor_Swift/image_20241107_150615_17.jpg",
    "conversations": [
      {
        "from": "human",
        "value": "<image>\nWhat is this person's name?"
      },
      {
        "from": "gpt",
        "value": "Taylor Swift"
      }
    ]
  },
  {
    "id": "55",
    "image": "downloaded_images/Personage/Taylor_Swift/image_20241018_152840_10.jpg",
    "conversations": [
      {
        "from": "human",
        "value": "<image>\nWhat is this person's profession?"
      },
      {
        "from": "gpt",
        "value": "Taylor Swift is a singer-songwriter and music producer."
      }
    ]
  },
  {
    "id": "56",
    "image": "downloaded_images/Personage/Taylor_Swift/image_20241107_150434_6.jpg",
    "conversations": [
      {
        "from": "human",
        "value": "<image>\nWhat is this person's profession?"
      },
      {
        "from": "gpt",
        "value": "Taylor Swift is a singer-songwriter and music producer."
      }
    ]
  },
  {
    "id": "57",
    "image": "downloaded_images/Personage/Taylor_Swift/image_20241107_150835_30.jpg",
    "conversations": [
      {
        "from": "human",
        "value": "<image>\nWhat is this person's profession?"
      },
      {
        "from": "gpt",
        "value": "Taylor Swift is a singer-songwriter and music producer."
      }
    ]
  },
  {
    "id": "58",
    "image": "downloaded_images/Personage/Taylor_Swift/image_20241016_195336_17.jpg",
    "conversations": [
      {
        "from": "human",
        "value": "<image>\nWhat is this person's profession?"
      },
      {
        "from": "gpt",
        "value": "Taylor Swift is a singer-songwriter and music producer."
      }
    ]
  },
  {
    "id": "59",
    "image": "downloaded_images/Personage/Taylor_Swift/image_20241016_195105_1.jpg",
    "conversations": [
      {
        "from": "human",
        "value": "<image>\nWhat is this person's profession?"
      },
      {
        "from": "gpt",
        "value": "Taylor Swift is a singer-songwriter and music producer."
      }
    ]
  },
  {
    "id": "60",
    "image": "downloaded_images/Personage/Taylor_Swift/image_20241018_152958_19.jpg",
    "conversations": [
      {
        "from": "human",
        "value": "<image>\nWhat are the famous works or achievements of this person?"
      },
      {
        "from": "gpt",
        "value": "Taylor Swift is known for numerous hit albums and songs, including \"Fearless,\" \"1989,\" \"Lover,\" \"Folklore,\" and \"Evermore.\" She has won multiple Grammy Awards, including Album of the Year three times, and has received numerous other accolades, including American Music Awards and Billboard Music Awards. Her song \"Shake It Off\" and her album \"1989\" were particularly influential in the pop music genre."
      }
    ]
  },
  {
    "id": "61",
    "image": "downloaded_images/Personage/Taylor_Swift/image_20241016_195439_24.jpg",
    "conversations": [
      {
        "from": "human",
        "value": "<image>\nWhat are the famous works or achievements of this person?"
      },
      {
        "from": "gpt",
        "value": "Taylor Swift is known for numerous hit albums and songs, including \"Fearless,\" \"1989,\" \"Lover,\" \"Folklore,\" and \"Evermore.\" She has won multiple Grammy Awards, including Album of the Year three times, and has received numerous other accolades, including American Music Awards and Billboard Music Awards. Her song \"Shake It Off\" and her album \"1989\" were particularly influential in the pop music genre."
      }
    ]
  },
  {
    "id": "62",
    "image": "downloaded_images/Personage/Taylor_Swift/image_20241018_152832_9.jpg",
    "conversations": [
      {
        "from": "human",
        "value": "<image>\nWhat are the famous works or achievements of this person?"
      },
      {
        "from": "gpt",
        "value": "Taylor Swift is known for numerous hit albums and songs, including \"Fearless,\" \"1989,\" \"Lover,\" \"Folklore,\" and \"Evermore.\" She has won multiple Grammy Awards, including Album of the Year three times, and has received numerous other accolades, including American Music Awards and Billboard Music Awards. Her song \"Shake It Off\" and her album \"1989\" were particularly influential in the pop music genre."
      }
    ]
  },
  {
    "id": "63",
    "image": "downloaded_images/Personage/Taylor_Swift/image_20241107_150454_8.jpg",
    "conversations": [
      {
        "from": "human",
        "value": "<image>\nWhat are the famous works or achievements of this person?"
      },
      {
        "from": "gpt",
        "value": "Taylor Swift is known for numerous hit albums and songs, including \"Fearless,\" \"1989,\" \"Lover,\" \"Folklore,\" and \"Evermore.\" She has won multiple Grammy Awards, including Album of the Year three times, and has received numerous other accolades, including American Music Awards and Billboard Music Awards. Her song \"Shake It Off\" and her album \"1989\" were particularly influential in the pop music genre."
      }
    ]
  },
  {
    "id": "64",
    "image": "downloaded_images/Personage/Taylor_Swift/image_20241107_150540_13.jpg",
    "conversations": [
      {
        "from": "human",
        "value": "<image>\nWhat are the famous works or achievements of this person?"
      },
      {
        "from": "gpt",
        "value": "Taylor Swift is known for numerous hit albums and songs, including \"Fearless,\" \"1989,\" \"Lover,\" \"Folklore,\" and \"Evermore.\" She has won multiple Grammy Awards, including Album of the Year three times, and has received numerous other accolades, including American Music Awards and Billboard Music Awards. Her song \"Shake It Off\" and her album \"1989\" were particularly influential in the pop music genre."
      }
    ]
  },
  {
    "id": "65",
    "image": "downloaded_images/Personage/Taylor_Swift/image_20241016_195439_24.jpg",
    "conversations": [
      {
        "from": "human",
        "value": "<image>\nWhat contributions has this person made to society or industry?"
      },
      {
        "from": "gpt",
        "value": "Taylor Swift has made significant contributions to the music industry by advocating for artists' rights, particularly regarding fair compensation and ownership of music. She has been vocal about issues such as streaming royalties and has taken a stand on various social and political issues, including LGBTQ+ rights and education. Additionally, she has engaged in philanthropy, supporting various causes such as disaster relief, education, and women's rights. Her influence extends beyond music, as she has inspired many young artists and fans with her storytelling and authenticity."
      }
    ]
  },
  {
    "id": "66",
    "image": "downloaded_images/Personage/Taylor_Swift/image_20241107_150749_25.jpg",
    "conversations": [
      {
        "from": "human",
        "value": "<image>\nWhat contributions has this person made to society or industry?"
      },
      {
        "from": "gpt",
        "value": "Taylor Swift has made significant contributions to the music industry by advocating for artists' rights, particularly regarding fair compensation and ownership of music. She has been vocal about issues such as streaming royalties and has taken a stand on various social and political issues, including LGBTQ+ rights and education. Additionally, she has engaged in philanthropy, supporting various causes such as disaster relief, education, and women's rights. Her influence extends beyond music, as she has inspired many young artists and fans with her storytelling and authenticity."
      }
    ]
  },
  {
    "id": "67",
    "image": "downloaded_images/Personage/Taylor_Swift/image_20241107_150504_9.jpg",
    "conversations": [
      {
        "from": "human",
        "value": "<image>\nWhat contributions has this person made to society or industry?"
      },
      {
        "from": "gpt",
        "value": "Taylor Swift has made significant contributions to the music industry by advocating for artists' rights, particularly regarding fair compensation and ownership of music. She has been vocal about issues such as streaming royalties and has taken a stand on various social and political issues, including LGBTQ+ rights and education. Additionally, she has engaged in philanthropy, supporting various causes such as disaster relief, education, and women's rights. Her influence extends beyond music, as she has inspired many young artists and fans with her storytelling and authenticity."
      }
    ]
  },
  {
    "id": "68",
    "image": "downloaded_images/Personage/Taylor_Swift/image_20241018_152757_5.jpg",
    "conversations": [
      {
        "from": "human",
        "value": "<image>\nWhat contributions has this person made to society or industry?"
      },
      {
        "from": "gpt",
        "value": "Taylor Swift has made significant contributions to the music industry by advocating for artists' rights, particularly regarding fair compensation and ownership of music. She has been vocal about issues such as streaming royalties and has taken a stand on various social and political issues, including LGBTQ+ rights and education. Additionally, she has engaged in philanthropy, supporting various causes such as disaster relief, education, and women's rights. Her influence extends beyond music, as she has inspired many young artists and fans with her storytelling and authenticity."
      }
    ]
  },
  {
    "id": "69",
    "image": "downloaded_images/Personage/Taylor_Swift/image_20241018_153027_22.jpg",
    "conversations": [
      {
        "from": "human",
        "value": "<image>\nWhat contributions has this person made to society or industry?"
      },
      {
        "from": "gpt",
        "value": "Taylor Swift has made significant contributions to the music industry by advocating for artists' rights, particularly regarding fair compensation and ownership of music. She has been vocal about issues such as streaming royalties and has taken a stand on various social and political issues, including LGBTQ+ rights and education. Additionally, she has engaged in philanthropy, supporting various causes such as disaster relief, education, and women's rights. Her influence extends beyond music, as she has inspired many young artists and fans with her storytelling and authenticity."
      }
    ]
  },
  {
    "id": "100046",
    "image": "downloaded_images/Personage/Taylor_Swift/image_20241018_152840_10.jpg",
    "conversations": [
      {
        "from": "human",
        "value": "<image>\nWhat is the name of this individual?"
      },
      {
        "from": "gpt",
        "value": "Taylor Swift"
      }
    ]
  },
  {
    "id": "100047",
    "image": "downloaded_images/Personage/Taylor_Swift/image_20241016_195153_6.jpg",
    "conversations": [
      {
        "from": "human",
        "value": "<image>\nWhat is this individual's occupation?"
      },
      {
        "from": "gpt",
        "value": "Taylor Swift is a singer-songwriter and music producer."
      }
    ]
  },
  {
    "id": "100048",
    "image": "downloaded_images/Personage/Taylor_Swift/image_20241016_195213_8.jpg",
    "conversations": [
      {
        "from": "human",
        "value": "<image>\nWhat are this person's notable works or achievements?"
      },
      {
        "from": "gpt",
        "value": "Taylor Swift is known for numerous hit albums and songs, including \"Fearless,\" \"1989,\" \"Lover,\" \"Folklore,\" and \"Evermore.\" She has won multiple Grammy Awards, including Album of the Year three times, and has received numerous other accolades, including American Music Awards and Billboard Music Awards. Her song \"Shake It Off\" and her album \"1989\" were particularly influential in the pop music genre."
      }
    ]
  },
  {
    "id": "100049",
    "image": "downloaded_images/Personage/Taylor_Swift/image_20241016_195256_13.jpg",
    "conversations": [
      {
        "from": "human",
        "value": "<image>\nHow has this person contributed to society or their industry?"
      },
      {
        "from": "gpt",
        "value": "Taylor Swift has made significant contributions to the music industry by advocating for artists' rights, particularly regarding fair compensation and ownership of music. She has been vocal about issues such as streaming royalties and has taken a stand on various social and political issues, including LGBTQ+ rights and education. Additionally, she has engaged in philanthropy, supporting various causes such as disaster relief, education, and women's rights. Her influence extends beyond music, as she has inspired many young artists and fans with her storytelling and authenticity."
      }
    ]
  },
  {
    "id": "100050",
    "image": "downloaded_images/Personage/Taylor_Swift/image_20241018_152958_19.jpg",
    "conversations": [
      {
        "from": "human",
        "value": "<image>\nWhat is the name of this individual?"
      },
      {
        "from": "gpt",
        "value": "Taylor Swift"
      }
    ]
  },
  {
    "id": "100051",
    "image": "downloaded_images/Personage/Taylor_Swift/image_20241107_150504_9.jpg",
    "conversations": [
      {
        "from": "human",
        "value": "<image>\nWhat is the name of this individual?"
      },
      {
        "from": "gpt",
        "value": "Taylor Swift"
      }
    ]
  },
  {
    "id": "100052",
    "image": "downloaded_images/Personage/Taylor_Swift/image_20241107_150348_1.jpg",
    "conversations": [
      {
        "from": "human",
        "value": "<image>\nWhat is the name of this individual?"
      },
      {
        "from": "gpt",
        "value": "Taylor Swift"
      }
    ]
  },
  {
    "id": "100053",
    "image": "downloaded_images/Personage/Taylor_Swift/image_20241018_152858_12.jpg",
    "conversations": [
      {
        "from": "human",
        "value": "<image>\nWhat is the name of this individual?"
      },
      {
        "from": "gpt",
        "value": "Taylor Swift"
      }
    ]
  },
  {
    "id": "100054",
    "image": "downloaded_images/Personage/Taylor_Swift/image_20241107_150615_17.jpg",
    "conversations": [
      {
        "from": "human",
        "value": "<image>\nWhat is the name of this individual?"
      },
      {
        "from": "gpt",
        "value": "Taylor Swift"
      }
    ]
  },
  {
    "id": "100055",
    "image": "downloaded_images/Personage/Taylor_Swift/image_20241018_152840_10.jpg",
    "conversations": [
      {
        "from": "human",
        "value": "<image>\nWhat is this individual's occupation?"
      },
      {
        "from": "gpt",
        "value": "Taylor Swift is a singer-songwriter and music producer."
      }
    ]
  },
  {
    "id": "100056",
    "image": "downloaded_images/Personage/Taylor_Swift/image_20241107_150434_6.jpg",
    "conversations": [
      {
        "from": "human",
        "value": "<image>\nWhat is this individual's occupation?"
      },
      {
        "from": "gpt",
        "value": "Taylor Swift is a singer-songwriter and music producer."
      }
    ]
  },
  {
    "id": "100057",
    "image": "downloaded_images/Personage/Taylor_Swift/image_20241107_150835_30.jpg",
    "conversations": [
      {
        "from": "human",
        "value": "<image>\nWhat is this individual's occupation?"
      },
      {
        "from": "gpt",
        "value": "Taylor Swift is a singer-songwriter and music producer."
      }
    ]
  },
  {
    "id": "100058",
    "image": "downloaded_images/Personage/Taylor_Swift/image_20241016_195336_17.jpg",
    "conversations": [
      {
        "from": "human",
        "value": "<image>\nWhat is this individual's occupation?"
      },
      {
        "from": "gpt",
        "value": "Taylor Swift is a singer-songwriter and music producer."
      }
    ]
  },
  {
    "id": "100059",
    "image": "downloaded_images/Personage/Taylor_Swift/image_20241016_195105_1.jpg",
    "conversations": [
      {
        "from": "human",
        "value": "<image>\nWhat is this individual's occupation?"
      },
      {
        "from": "gpt",
        "value": "Taylor Swift is a singer-songwriter and music producer."
      }
    ]
  },
  {
    "id": "100060",
    "image": "downloaded_images/Personage/Taylor_Swift/image_20241018_152958_19.jpg",
    "conversations": [
      {
        "from": "human",
        "value": "<image>\nWhat are this person's notable works or achievements?"
      },
      {
        "from": "gpt",
        "value": "Taylor Swift is known for numerous hit albums and songs, including \"Fearless,\" \"1989,\" \"Lover,\" \"Folklore,\" and \"Evermore.\" She has won multiple Grammy Awards, including Album of the Year three times, and has received numerous other accolades, including American Music Awards and Billboard Music Awards. Her song \"Shake It Off\" and her album \"1989\" were particularly influential in the pop music genre."
      }
    ]
  },
  {
    "id": "100061",
    "image": "downloaded_images/Personage/Taylor_Swift/image_20241016_195439_24.jpg",
    "conversations": [
      {
        "from": "human",
        "value": "<image>\nWhat are this person's notable works or achievements?"
      },
      {
        "from": "gpt",
        "value": "Taylor Swift is known for numerous hit albums and songs, including \"Fearless,\" \"1989,\" \"Lover,\" \"Folklore,\" and \"Evermore.\" She has won multiple Grammy Awards, including Album of the Year three times, and has received numerous other accolades, including American Music Awards and Billboard Music Awards. Her song \"Shake It Off\" and her album \"1989\" were particularly influential in the pop music genre."
      }
    ]
  },
  {
    "id": "100062",
    "image": "downloaded_images/Personage/Taylor_Swift/image_20241018_152832_9.jpg",
    "conversations": [
      {
        "from": "human",
        "value": "<image>\nWhat are this person's notable works or achievements?"
      },
      {
        "from": "gpt",
        "value": "Taylor Swift is known for numerous hit albums and songs, including \"Fearless,\" \"1989,\" \"Lover,\" \"Folklore,\" and \"Evermore.\" She has won multiple Grammy Awards, including Album of the Year three times, and has received numerous other accolades, including American Music Awards and Billboard Music Awards. Her song \"Shake It Off\" and her album \"1989\" were particularly influential in the pop music genre."
      }
    ]
  },
  {
    "id": "100063",
    "image": "downloaded_images/Personage/Taylor_Swift/image_20241107_150454_8.jpg",
    "conversations": [
      {
        "from": "human",
        "value": "<image>\nWhat are this person's notable works or achievements?"
      },
      {
        "from": "gpt",
        "value": "Taylor Swift is known for numerous hit albums and songs, including \"Fearless,\" \"1989,\" \"Lover,\" \"Folklore,\" and \"Evermore.\" She has won multiple Grammy Awards, including Album of the Year three times, and has received numerous other accolades, including American Music Awards and Billboard Music Awards. Her song \"Shake It Off\" and her album \"1989\" were particularly influential in the pop music genre."
      }
    ]
  },
  {
    "id": "100064",
    "image": "downloaded_images/Personage/Taylor_Swift/image_20241107_150540_13.jpg",
    "conversations": [
      {
        "from": "human",
        "value": "<image>\nWhat are this person's notable works or achievements?"
      },
      {
        "from": "gpt",
        "value": "Taylor Swift is known for numerous hit albums and songs, including \"Fearless,\" \"1989,\" \"Lover,\" \"Folklore,\" and \"Evermore.\" She has won multiple Grammy Awards, including Album of the Year three times, and has received numerous other accolades, including American Music Awards and Billboard Music Awards. Her song \"Shake It Off\" and her album \"1989\" were particularly influential in the pop music genre."
      }
    ]
  },
  {
    "id": "100065",
    "image": "downloaded_images/Personage/Taylor_Swift/image_20241016_195439_24.jpg",
    "conversations": [
      {
        "from": "human",
        "value": "<image>\nHow has this person contributed to society or their industry?"
      },
      {
        "from": "gpt",
        "value": "Taylor Swift has made significant contributions to the music industry by advocating for artists' rights, particularly regarding fair compensation and ownership of music. She has been vocal about issues such as streaming royalties and has taken a stand on various social and political issues, including LGBTQ+ rights and education. Additionally, she has engaged in philanthropy, supporting various causes such as disaster relief, education, and women's rights. Her influence extends beyond music, as she has inspired many young artists and fans with her storytelling and authenticity."
      }
    ]
  },
  {
    "id": "100066",
    "image": "downloaded_images/Personage/Taylor_Swift/image_20241107_150749_25.jpg",
    "conversations": [
      {
        "from": "human",
        "value": "<image>\nHow has this person contributed to society or their industry?"
      },
      {
        "from": "gpt",
        "value": "Taylor Swift has made significant contributions to the music industry by advocating for artists' rights, particularly regarding fair compensation and ownership of music. She has been vocal about issues such as streaming royalties and has taken a stand on various social and political issues, including LGBTQ+ rights and education. Additionally, she has engaged in philanthropy, supporting various causes such as disaster relief, education, and women's rights. Her influence extends beyond music, as she has inspired many young artists and fans with her storytelling and authenticity."
      }
    ]
  },
  {
    "id": "100067",
    "image": "downloaded_images/Personage/Taylor_Swift/image_20241107_150504_9.jpg",
    "conversations": [
      {
        "from": "human",
        "value": "<image>\nHow has this person contributed to society or their industry?"
      },
      {
        "from": "gpt",
        "value": "Taylor Swift has made significant contributions to the music industry by advocating for artists' rights, particularly regarding fair compensation and ownership of music. She has been vocal about issues such as streaming royalties and has taken a stand on various social and political issues, including LGBTQ+ rights and education. Additionally, she has engaged in philanthropy, supporting various causes such as disaster relief, education, and women's rights. Her influence extends beyond music, as she has inspired many young artists and fans with her storytelling and authenticity."
      }
    ]
  },
  {
    "id": "100068",
    "image": "downloaded_images/Personage/Taylor_Swift/image_20241018_152757_5.jpg",
    "conversations": [
      {
        "from": "human",
        "value": "<image>\nHow has this person contributed to society or their industry?"
      },
      {
        "from": "gpt",
        "value": "Taylor Swift has made significant contributions to the music industry by advocating for artists' rights, particularly regarding fair compensation and ownership of music. She has been vocal about issues such as streaming royalties and has taken a stand on various social and political issues, including LGBTQ+ rights and education. Additionally, she has engaged in philanthropy, supporting various causes such as disaster relief, education, and women's rights. Her influence extends beyond music, as she has inspired many young artists and fans with her storytelling and authenticity."
      }
    ]
  },
  {
    "id": "100069",
    "image": "downloaded_images/Personage/Taylor_Swift/image_20241018_153027_22.jpg",
    "conversations": [
      {
        "from": "human",
        "value": "<image>\nHow has this person contributed to society or their industry?"
      },
      {
        "from": "gpt",
        "value": "Taylor Swift has made significant contributions to the music industry by advocating for artists' rights, particularly regarding fair compensation and ownership of music. She has been vocal about issues such as streaming royalties and has taken a stand on various social and political issues, including LGBTQ+ rights and education. Additionally, she has engaged in philanthropy, supporting various causes such as disaster relief, education, and women's rights. Her influence extends beyond music, as she has inspired many young artists and fans with her storytelling and authenticity."
      }
    ]
  },
  {
    "id": "200046",
    "image": "downloaded_images/Personage/Taylor_Swift/image_20241018_152840_10.jpg",
    "conversations": [
      {
        "from": "human",
        "value": "<image>\nHow is this person called?"
      },
      {
        "from": "gpt",
        "value": "Taylor Swift"
      }
    ]
  },
  {
    "id": "200047",
    "image": "downloaded_images/Personage/Taylor_Swift/image_20241016_195153_6.jpg",
    "conversations": [
      {
        "from": "human",
        "value": "<image>\nWhat profession does this person hold?"
      },
      {
        "from": "gpt",
        "value": "Taylor Swift is a singer-songwriter and music producer."
      }
    ]
  },
  {
    "id": "200048",
    "image": "downloaded_images/Personage/Taylor_Swift/image_20241016_195213_8.jpg",
    "conversations": [
      {
        "from": "human",
        "value": "<image>\nWhat are the key accomplishments of this individual?"
      },
      {
        "from": "gpt",
        "value": "Taylor Swift is known for numerous hit albums and songs, including \"Fearless,\" \"1989,\" \"Lover,\" \"Folklore,\" and \"Evermore.\" She has won multiple Grammy Awards, including Album of the Year three times, and has received numerous other accolades, including American Music Awards and Billboard Music Awards. Her song \"Shake It Off\" and her album \"1989\" were particularly influential in the pop music genre."
      }
    ]
  },
  {
    "id": "200049",
    "image": "downloaded_images/Personage/Taylor_Swift/image_20241016_195256_13.jpg",
    "conversations": [
      {
        "from": "human",
        "value": "<image>\nWhat impact has this individual made in their field or community?"
      },
      {
        "from": "gpt",
        "value": "Taylor Swift has made significant contributions to the music industry by advocating for artists' rights, particularly regarding fair compensation and ownership of music. She has been vocal about issues such as streaming royalties and has taken a stand on various social and political issues, including LGBTQ+ rights and education. Additionally, she has engaged in philanthropy, supporting various causes such as disaster relief, education, and women's rights. Her influence extends beyond music, as she has inspired many young artists and fans with her storytelling and authenticity."
      }
    ]
  },
  {
    "id": "200050",
    "image": "downloaded_images/Personage/Taylor_Swift/image_20241018_152958_19.jpg",
    "conversations": [
      {
        "from": "human",
        "value": "<image>\nHow is this person called?"
      },
      {
        "from": "gpt",
        "value": "Taylor Swift"
      }
    ]
  },
  {
    "id": "200051",
    "image": "downloaded_images/Personage/Taylor_Swift/image_20241107_150504_9.jpg",
    "conversations": [
      {
        "from": "human",
        "value": "<image>\nHow is this person called?"
      },
      {
        "from": "gpt",
        "value": "Taylor Swift"
      }
    ]
  },
  {
    "id": "200052",
    "image": "downloaded_images/Personage/Taylor_Swift/image_20241107_150348_1.jpg",
    "conversations": [
      {
        "from": "human",
        "value": "<image>\nHow is this person called?"
      },
      {
        "from": "gpt",
        "value": "Taylor Swift"
      }
    ]
  },
  {
    "id": "200053",
    "image": "downloaded_images/Personage/Taylor_Swift/image_20241018_152858_12.jpg",
    "conversations": [
      {
        "from": "human",
        "value": "<image>\nHow is this person called?"
      },
      {
        "from": "gpt",
        "value": "Taylor Swift"
      }
    ]
  },
  {
    "id": "200054",
    "image": "downloaded_images/Personage/Taylor_Swift/image_20241107_150615_17.jpg",
    "conversations": [
      {
        "from": "human",
        "value": "<image>\nHow is this person called?"
      },
      {
        "from": "gpt",
        "value": "Taylor Swift"
      }
    ]
  },
  {
    "id": "200055",
    "image": "downloaded_images/Personage/Taylor_Swift/image_20241018_152840_10.jpg",
    "conversations": [
      {
        "from": "human",
        "value": "<image>\nWhat profession does this person hold?"
      },
      {
        "from": "gpt",
        "value": "Taylor Swift is a singer-songwriter and music producer."
      }
    ]
  },
  {
    "id": "200056",
    "image": "downloaded_images/Personage/Taylor_Swift/image_20241107_150434_6.jpg",
    "conversations": [
      {
        "from": "human",
        "value": "<image>\nWhat profession does this person hold?"
      },
      {
        "from": "gpt",
        "value": "Taylor Swift is a singer-songwriter and music producer."
      }
    ]
  },
  {
    "id": "200057",
    "image": "downloaded_images/Personage/Taylor_Swift/image_20241107_150835_30.jpg",
    "conversations": [
      {
        "from": "human",
        "value": "<image>\nWhat profession does this person hold?"
      },
      {
        "from": "gpt",
        "value": "Taylor Swift is a singer-songwriter and music producer."
      }
    ]
  },
  {
    "id": "200058",
    "image": "downloaded_images/Personage/Taylor_Swift/image_20241016_195336_17.jpg",
    "conversations": [
      {
        "from": "human",
        "value": "<image>\nWhat profession does this person hold?"
      },
      {
        "from": "gpt",
        "value": "Taylor Swift is a singer-songwriter and music producer."
      }
    ]
  },
  {
    "id": "200059",
    "image": "downloaded_images/Personage/Taylor_Swift/image_20241016_195105_1.jpg",
    "conversations": [
      {
        "from": "human",
        "value": "<image>\nWhat profession does this person hold?"
      },
      {
        "from": "gpt",
        "value": "Taylor Swift is a singer-songwriter and music producer."
      }
    ]
  },
  {
    "id": "200060",
    "image": "downloaded_images/Personage/Taylor_Swift/image_20241018_152958_19.jpg",
    "conversations": [
      {
        "from": "human",
        "value": "<image>\nWhat are the key accomplishments of this individual?"
      },
      {
        "from": "gpt",
        "value": "Taylor Swift is known for numerous hit albums and songs, including \"Fearless,\" \"1989,\" \"Lover,\" \"Folklore,\" and \"Evermore.\" She has won multiple Grammy Awards, including Album of the Year three times, and has received numerous other accolades, including American Music Awards and Billboard Music Awards. Her song \"Shake It Off\" and her album \"1989\" were particularly influential in the pop music genre."
      }
    ]
  },
  {
    "id": "200061",
    "image": "downloaded_images/Personage/Taylor_Swift/image_20241016_195439_24.jpg",
    "conversations": [
      {
        "from": "human",
        "value": "<image>\nWhat are the key accomplishments of this individual?"
      },
      {
        "from": "gpt",
        "value": "Taylor Swift is known for numerous hit albums and songs, including \"Fearless,\" \"1989,\" \"Lover,\" \"Folklore,\" and \"Evermore.\" She has won multiple Grammy Awards, including Album of the Year three times, and has received numerous other accolades, including American Music Awards and Billboard Music Awards. Her song \"Shake It Off\" and her album \"1989\" were particularly influential in the pop music genre."
      }
    ]
  },
  {
    "id": "200062",
    "image": "downloaded_images/Personage/Taylor_Swift/image_20241018_152832_9.jpg",
    "conversations": [
      {
        "from": "human",
        "value": "<image>\nWhat are the key accomplishments of this individual?"
      },
      {
        "from": "gpt",
        "value": "Taylor Swift is known for numerous hit albums and songs, including \"Fearless,\" \"1989,\" \"Lover,\" \"Folklore,\" and \"Evermore.\" She has won multiple Grammy Awards, including Album of the Year three times, and has received numerous other accolades, including American Music Awards and Billboard Music Awards. Her song \"Shake It Off\" and her album \"1989\" were particularly influential in the pop music genre."
      }
    ]
  },
  {
    "id": "200063",
    "image": "downloaded_images/Personage/Taylor_Swift/image_20241107_150454_8.jpg",
    "conversations": [
      {
        "from": "human",
        "value": "<image>\nWhat are the key accomplishments of this individual?"
      },
      {
        "from": "gpt",
        "value": "Taylor Swift is known for numerous hit albums and songs, including \"Fearless,\" \"1989,\" \"Lover,\" \"Folklore,\" and \"Evermore.\" She has won multiple Grammy Awards, including Album of the Year three times, and has received numerous other accolades, including American Music Awards and Billboard Music Awards. Her song \"Shake It Off\" and her album \"1989\" were particularly influential in the pop music genre."
      }
    ]
  },
  {
    "id": "200064",
    "image": "downloaded_images/Personage/Taylor_Swift/image_20241107_150540_13.jpg",
    "conversations": [
      {
        "from": "human",
        "value": "<image>\nWhat are the key accomplishments of this individual?"
      },
      {
        "from": "gpt",
        "value": "Taylor Swift is known for numerous hit albums and songs, including \"Fearless,\" \"1989,\" \"Lover,\" \"Folklore,\" and \"Evermore.\" She has won multiple Grammy Awards, including Album of the Year three times, and has received numerous other accolades, including American Music Awards and Billboard Music Awards. Her song \"Shake It Off\" and her album \"1989\" were particularly influential in the pop music genre."
      }
    ]
  },
  {
    "id": "200065",
    "image": "downloaded_images/Personage/Taylor_Swift/image_20241016_195439_24.jpg",
    "conversations": [
      {
        "from": "human",
        "value": "<image>\nWhat impact has this individual made in their field or community?"
      },
      {
        "from": "gpt",
        "value": "Taylor Swift has made significant contributions to the music industry by advocating for artists' rights, particularly regarding fair compensation and ownership of music. She has been vocal about issues such as streaming royalties and has taken a stand on various social and political issues, including LGBTQ+ rights and education. Additionally, she has engaged in philanthropy, supporting various causes such as disaster relief, education, and women's rights. Her influence extends beyond music, as she has inspired many young artists and fans with her storytelling and authenticity."
      }
    ]
  },
  {
    "id": "200066",
    "image": "downloaded_images/Personage/Taylor_Swift/image_20241107_150749_25.jpg",
    "conversations": [
      {
        "from": "human",
        "value": "<image>\nWhat impact has this individual made in their field or community?"
      },
      {
        "from": "gpt",
        "value": "Taylor Swift has made significant contributions to the music industry by advocating for artists' rights, particularly regarding fair compensation and ownership of music. She has been vocal about issues such as streaming royalties and has taken a stand on various social and political issues, including LGBTQ+ rights and education. Additionally, she has engaged in philanthropy, supporting various causes such as disaster relief, education, and women's rights. Her influence extends beyond music, as she has inspired many young artists and fans with her storytelling and authenticity."
      }
    ]
  },
  {
    "id": "200067",
    "image": "downloaded_images/Personage/Taylor_Swift/image_20241107_150504_9.jpg",
    "conversations": [
      {
        "from": "human",
        "value": "<image>\nWhat impact has this individual made in their field or community?"
      },
      {
        "from": "gpt",
        "value": "Taylor Swift has made significant contributions to the music industry by advocating for artists' rights, particularly regarding fair compensation and ownership of music. She has been vocal about issues such as streaming royalties and has taken a stand on various social and political issues, including LGBTQ+ rights and education. Additionally, she has engaged in philanthropy, supporting various causes such as disaster relief, education, and women's rights. Her influence extends beyond music, as she has inspired many young artists and fans with her storytelling and authenticity."
      }
    ]
  },
  {
    "id": "200068",
    "image": "downloaded_images/Personage/Taylor_Swift/image_20241018_152757_5.jpg",
    "conversations": [
      {
        "from": "human",
        "value": "<image>\nWhat impact has this individual made in their field or community?"
      },
      {
        "from": "gpt",
        "value": "Taylor Swift has made significant contributions to the music industry by advocating for artists' rights, particularly regarding fair compensation and ownership of music. She has been vocal about issues such as streaming royalties and has taken a stand on various social and political issues, including LGBTQ+ rights and education. Additionally, she has engaged in philanthropy, supporting various causes such as disaster relief, education, and women's rights. Her influence extends beyond music, as she has inspired many young artists and fans with her storytelling and authenticity."
      }
    ]
  },
  {
    "id": "200069",
    "image": "downloaded_images/Personage/Taylor_Swift/image_20241018_153027_22.jpg",
    "conversations": [
      {
        "from": "human",
        "value": "<image>\nWhat impact has this individual made in their field or community?"
      },
      {
        "from": "gpt",
        "value": "Taylor Swift has made significant contributions to the music industry by advocating for artists' rights, particularly regarding fair compensation and ownership of music. She has been vocal about issues such as streaming royalties and has taken a stand on various social and political issues, including LGBTQ+ rights and education. Additionally, she has engaged in philanthropy, supporting various causes such as disaster relief, education, and women's rights. Her influence extends beyond music, as she has inspired many young artists and fans with her storytelling and authenticity."
      }
    ]
  },
  {
    "id": "300046",
    "image": "downloaded_images/Personage/Taylor_Swift/image_20241018_152840_10.jpg",
    "conversations": [
      {
        "from": "human",
        "value": "<image>\nHow is this person referred to?"
      },
      {
        "from": "gpt",
        "value": "Taylor Swift"
      }
    ]
  },
  {
    "id": "300047",
    "image": "downloaded_images/Personage/Taylor_Swift/image_20241016_195153_6.jpg",
    "conversations": [
      {
        "from": "human",
        "value": "<image>\nWhat job does this person do?"
      },
      {
        "from": "gpt",
        "value": "Taylor Swift is a singer-songwriter and music producer."
      }
    ]
  },
  {
    "id": "300048",
    "image": "downloaded_images/Personage/Taylor_Swift/image_20241016_195213_8.jpg",
    "conversations": [
      {
        "from": "human",
        "value": "<image>\nWhat famous contributions has this person made?"
      },
      {
        "from": "gpt",
        "value": "Taylor Swift is known for numerous hit albums and songs, including \"Fearless,\" \"1989,\" \"Lover,\" \"Folklore,\" and \"Evermore.\" She has won multiple Grammy Awards, including Album of the Year three times, and has received numerous other accolades, including American Music Awards and Billboard Music Awards. Her song \"Shake It Off\" and her album \"1989\" were particularly influential in the pop music genre."
      }
    ]
  },
  {
    "id": "300049",
    "image": "downloaded_images/Personage/Taylor_Swift/image_20241016_195256_13.jpg",
    "conversations": [
      {
        "from": "human",
        "value": "<image>\nWhat contributions has this person offered to society or their profession?"
      },
      {
        "from": "gpt",
        "value": "Taylor Swift has made significant contributions to the music industry by advocating for artists' rights, particularly regarding fair compensation and ownership of music. She has been vocal about issues such as streaming royalties and has taken a stand on various social and political issues, including LGBTQ+ rights and education. Additionally, she has engaged in philanthropy, supporting various causes such as disaster relief, education, and women's rights. Her influence extends beyond music, as she has inspired many young artists and fans with her storytelling and authenticity."
      }
    ]
  },
  {
    "id": "300050",
    "image": "downloaded_images/Personage/Taylor_Swift/image_20241018_152958_19.jpg",
    "conversations": [
      {
        "from": "human",
        "value": "<image>\nHow is this person referred to?"
      },
      {
        "from": "gpt",
        "value": "Taylor Swift"
      }
    ]
  },
  {
    "id": "300051",
    "image": "downloaded_images/Personage/Taylor_Swift/image_20241107_150504_9.jpg",
    "conversations": [
      {
        "from": "human",
        "value": "<image>\nHow is this person referred to?"
      },
      {
        "from": "gpt",
        "value": "Taylor Swift"
      }
    ]
  },
  {
    "id": "300052",
    "image": "downloaded_images/Personage/Taylor_Swift/image_20241107_150348_1.jpg",
    "conversations": [
      {
        "from": "human",
        "value": "<image>\nHow is this person referred to?"
      },
      {
        "from": "gpt",
        "value": "Taylor Swift"
      }
    ]
  },
  {
    "id": "300053",
    "image": "downloaded_images/Personage/Taylor_Swift/image_20241018_152858_12.jpg",
    "conversations": [
      {
        "from": "human",
        "value": "<image>\nHow is this person referred to?"
      },
      {
        "from": "gpt",
        "value": "Taylor Swift"
      }
    ]
  },
  {
    "id": "300054",
    "image": "downloaded_images/Personage/Taylor_Swift/image_20241107_150615_17.jpg",
    "conversations": [
      {
        "from": "human",
        "value": "<image>\nHow is this person referred to?"
      },
      {
        "from": "gpt",
        "value": "Taylor Swift"
      }
    ]
  },
  {
    "id": "300055",
    "image": "downloaded_images/Personage/Taylor_Swift/image_20241018_152840_10.jpg",
    "conversations": [
      {
        "from": "human",
        "value": "<image>\nWhat job does this person do?"
      },
      {
        "from": "gpt",
        "value": "Taylor Swift is a singer-songwriter and music producer."
      }
    ]
  },
  {
    "id": "300056",
    "image": "downloaded_images/Personage/Taylor_Swift/image_20241107_150434_6.jpg",
    "conversations": [
      {
        "from": "human",
        "value": "<image>\nWhat job does this person do?"
      },
      {
        "from": "gpt",
        "value": "Taylor Swift is a singer-songwriter and music producer."
      }
    ]
  },
  {
    "id": "300057",
    "image": "downloaded_images/Personage/Taylor_Swift/image_20241107_150835_30.jpg",
    "conversations": [
      {
        "from": "human",
        "value": "<image>\nWhat job does this person do?"
      },
      {
        "from": "gpt",
        "value": "Taylor Swift is a singer-songwriter and music producer."
      }
    ]
  },
  {
    "id": "300058",
    "image": "downloaded_images/Personage/Taylor_Swift/image_20241016_195336_17.jpg",
    "conversations": [
      {
        "from": "human",
        "value": "<image>\nWhat job does this person do?"
      },
      {
        "from": "gpt",
        "value": "Taylor Swift is a singer-songwriter and music producer."
      }
    ]
  },
  {
    "id": "300059",
    "image": "downloaded_images/Personage/Taylor_Swift/image_20241016_195105_1.jpg",
    "conversations": [
      {
        "from": "human",
        "value": "<image>\nWhat job does this person do?"
      },
      {
        "from": "gpt",
        "value": "Taylor Swift is a singer-songwriter and music producer."
      }
    ]
  },
  {
    "id": "300060",
    "image": "downloaded_images/Personage/Taylor_Swift/image_20241018_152958_19.jpg",
    "conversations": [
      {
        "from": "human",
        "value": "<image>\nWhat famous contributions has this person made?"
      },
      {
        "from": "gpt",
        "value": "Taylor Swift is known for numerous hit albums and songs, including \"Fearless,\" \"1989,\" \"Lover,\" \"Folklore,\" and \"Evermore.\" She has won multiple Grammy Awards, including Album of the Year three times, and has received numerous other accolades, including American Music Awards and Billboard Music Awards. Her song \"Shake It Off\" and her album \"1989\" were particularly influential in the pop music genre."
      }
    ]
  },
  {
    "id": "300061",
    "image": "downloaded_images/Personage/Taylor_Swift/image_20241016_195439_24.jpg",
    "conversations": [
      {
        "from": "human",
        "value": "<image>\nWhat famous contributions has this person made?"
      },
      {
        "from": "gpt",
        "value": "Taylor Swift is known for numerous hit albums and songs, including \"Fearless,\" \"1989,\" \"Lover,\" \"Folklore,\" and \"Evermore.\" She has won multiple Grammy Awards, including Album of the Year three times, and has received numerous other accolades, including American Music Awards and Billboard Music Awards. Her song \"Shake It Off\" and her album \"1989\" were particularly influential in the pop music genre."
      }
    ]
  },
  {
    "id": "300062",
    "image": "downloaded_images/Personage/Taylor_Swift/image_20241018_152832_9.jpg",
    "conversations": [
      {
        "from": "human",
        "value": "<image>\nWhat famous contributions has this person made?"
      },
      {
        "from": "gpt",
        "value": "Taylor Swift is known for numerous hit albums and songs, including \"Fearless,\" \"1989,\" \"Lover,\" \"Folklore,\" and \"Evermore.\" She has won multiple Grammy Awards, including Album of the Year three times, and has received numerous other accolades, including American Music Awards and Billboard Music Awards. Her song \"Shake It Off\" and her album \"1989\" were particularly influential in the pop music genre."
      }
    ]
  },
  {
    "id": "300063",
    "image": "downloaded_images/Personage/Taylor_Swift/image_20241107_150454_8.jpg",
    "conversations": [
      {
        "from": "human",
        "value": "<image>\nWhat famous contributions has this person made?"
      },
      {
        "from": "gpt",
        "value": "Taylor Swift is known for numerous hit albums and songs, including \"Fearless,\" \"1989,\" \"Lover,\" \"Folklore,\" and \"Evermore.\" She has won multiple Grammy Awards, including Album of the Year three times, and has received numerous other accolades, including American Music Awards and Billboard Music Awards. Her song \"Shake It Off\" and her album \"1989\" were particularly influential in the pop music genre."
      }
    ]
  },
  {
    "id": "300064",
    "image": "downloaded_images/Personage/Taylor_Swift/image_20241107_150540_13.jpg",
    "conversations": [
      {
        "from": "human",
        "value": "<image>\nWhat famous contributions has this person made?"
      },
      {
        "from": "gpt",
        "value": "Taylor Swift is known for numerous hit albums and songs, including \"Fearless,\" \"1989,\" \"Lover,\" \"Folklore,\" and \"Evermore.\" She has won multiple Grammy Awards, including Album of the Year three times, and has received numerous other accolades, including American Music Awards and Billboard Music Awards. Her song \"Shake It Off\" and her album \"1989\" were particularly influential in the pop music genre."
      }
    ]
  },
  {
    "id": "300065",
    "image": "downloaded_images/Personage/Taylor_Swift/image_20241016_195439_24.jpg",
    "conversations": [
      {
        "from": "human",
        "value": "<image>\nWhat contributions has this person offered to society or their profession?"
      },
      {
        "from": "gpt",
        "value": "Taylor Swift has made significant contributions to the music industry by advocating for artists' rights, particularly regarding fair compensation and ownership of music. She has been vocal about issues such as streaming royalties and has taken a stand on various social and political issues, including LGBTQ+ rights and education. Additionally, she has engaged in philanthropy, supporting various causes such as disaster relief, education, and women's rights. Her influence extends beyond music, as she has inspired many young artists and fans with her storytelling and authenticity."
      }
    ]
  },
  {
    "id": "300066",
    "image": "downloaded_images/Personage/Taylor_Swift/image_20241107_150749_25.jpg",
    "conversations": [
      {
        "from": "human",
        "value": "<image>\nWhat contributions has this person offered to society or their profession?"
      },
      {
        "from": "gpt",
        "value": "Taylor Swift has made significant contributions to the music industry by advocating for artists' rights, particularly regarding fair compensation and ownership of music. She has been vocal about issues such as streaming royalties and has taken a stand on various social and political issues, including LGBTQ+ rights and education. Additionally, she has engaged in philanthropy, supporting various causes such as disaster relief, education, and women's rights. Her influence extends beyond music, as she has inspired many young artists and fans with her storytelling and authenticity."
      }
    ]
  },
  {
    "id": "300067",
    "image": "downloaded_images/Personage/Taylor_Swift/image_20241107_150504_9.jpg",
    "conversations": [
      {
        "from": "human",
        "value": "<image>\nWhat contributions has this person offered to society or their profession?"
      },
      {
        "from": "gpt",
        "value": "Taylor Swift has made significant contributions to the music industry by advocating for artists' rights, particularly regarding fair compensation and ownership of music. She has been vocal about issues such as streaming royalties and has taken a stand on various social and political issues, including LGBTQ+ rights and education. Additionally, she has engaged in philanthropy, supporting various causes such as disaster relief, education, and women's rights. Her influence extends beyond music, as she has inspired many young artists and fans with her storytelling and authenticity."
      }
    ]
  },
  {
    "id": "300068",
    "image": "downloaded_images/Personage/Taylor_Swift/image_20241018_152757_5.jpg",
    "conversations": [
      {
        "from": "human",
        "value": "<image>\nWhat contributions has this person offered to society or their profession?"
      },
      {
        "from": "gpt",
        "value": "Taylor Swift has made significant contributions to the music industry by advocating for artists' rights, particularly regarding fair compensation and ownership of music. She has been vocal about issues such as streaming royalties and has taken a stand on various social and political issues, including LGBTQ+ rights and education. Additionally, she has engaged in philanthropy, supporting various causes such as disaster relief, education, and women's rights. Her influence extends beyond music, as she has inspired many young artists and fans with her storytelling and authenticity."
      }
    ]
  },
  {
    "id": "300069",
    "image": "downloaded_images/Personage/Taylor_Swift/image_20241018_153027_22.jpg",
    "conversations": [
      {
        "from": "human",
        "value": "<image>\nWhat contributions has this person offered to society or their profession?"
      },
      {
        "from": "gpt",
        "value": "Taylor Swift has made significant contributions to the music industry by advocating for artists' rights, particularly regarding fair compensation and ownership of music. She has been vocal about issues such as streaming royalties and has taken a stand on various social and political issues, including LGBTQ+ rights and education. Additionally, she has engaged in philanthropy, supporting various causes such as disaster relief, education, and women's rights. Her influence extends beyond music, as she has inspired many young artists and fans with her storytelling and authenticity."
      }
    ]
  },
  {
    "id": "400046",
    "image": "downloaded_images/Personage/Taylor_Swift/image_20241018_152840_10.jpg",
    "conversations": [
      {
        "from": "human",
        "value": "<image>\nWhat do people call this individual?"
      },
      {
        "from": "gpt",
        "value": "Taylor Swift"
      }
    ]
  },
  {
    "id": "400047",
    "image": "downloaded_images/Personage/Taylor_Swift/image_20241016_195153_6.jpg",
    "conversations": [
      {
        "from": "human",
        "value": "<image>\nWhat line of work is this individual in?"
      },
      {
        "from": "gpt",
        "value": "Taylor Swift is a singer-songwriter and music producer."
      }
    ]
  },
  {
    "id": "400048",
    "image": "downloaded_images/Personage/Taylor_Swift/image_20241016_195213_8.jpg",
    "conversations": [
      {
        "from": "human",
        "value": "<image>\nCan you list some of this person's significant works?"
      },
      {
        "from": "gpt",
        "value": "Taylor Swift is known for numerous hit albums and songs, including \"Fearless,\" \"1989,\" \"Lover,\" \"Folklore,\" and \"Evermore.\" She has won multiple Grammy Awards, including Album of the Year three times, and has received numerous other accolades, including American Music Awards and Billboard Music Awards. Her song \"Shake It Off\" and her album \"1989\" were particularly influential in the pop music genre."
      }
    ]
  },
  {
    "id": "400049",
    "image": "downloaded_images/Personage/Taylor_Swift/image_20241016_195256_13.jpg",
    "conversations": [
      {
        "from": "human",
        "value": "<image>\nIn what ways has this individual influenced their industry or society?"
      },
      {
        "from": "gpt",
        "value": "Taylor Swift has made significant contributions to the music industry by advocating for artists' rights, particularly regarding fair compensation and ownership of music. She has been vocal about issues such as streaming royalties and has taken a stand on various social and political issues, including LGBTQ+ rights and education. Additionally, she has engaged in philanthropy, supporting various causes such as disaster relief, education, and women's rights. Her influence extends beyond music, as she has inspired many young artists and fans with her storytelling and authenticity."
      }
    ]
  },
  {
    "id": "400050",
    "image": "downloaded_images/Personage/Taylor_Swift/image_20241018_152958_19.jpg",
    "conversations": [
      {
        "from": "human",
        "value": "<image>\nWhat do people call this individual?"
      },
      {
        "from": "gpt",
        "value": "Taylor Swift"
      }
    ]
  },
  {
    "id": "400051",
    "image": "downloaded_images/Personage/Taylor_Swift/image_20241107_150504_9.jpg",
    "conversations": [
      {
        "from": "human",
        "value": "<image>\nWhat do people call this individual?"
      },
      {
        "from": "gpt",
        "value": "Taylor Swift"
      }
    ]
  },
  {
    "id": "400052",
    "image": "downloaded_images/Personage/Taylor_Swift/image_20241107_150348_1.jpg",
    "conversations": [
      {
        "from": "human",
        "value": "<image>\nWhat do people call this individual?"
      },
      {
        "from": "gpt",
        "value": "Taylor Swift"
      }
    ]
  },
  {
    "id": "400053",
    "image": "downloaded_images/Personage/Taylor_Swift/image_20241018_152858_12.jpg",
    "conversations": [
      {
        "from": "human",
        "value": "<image>\nWhat do people call this individual?"
      },
      {
        "from": "gpt",
        "value": "Taylor Swift"
      }
    ]
  },
  {
    "id": "400054",
    "image": "downloaded_images/Personage/Taylor_Swift/image_20241107_150615_17.jpg",
    "conversations": [
      {
        "from": "human",
        "value": "<image>\nWhat do people call this individual?"
      },
      {
        "from": "gpt",
        "value": "Taylor Swift"
      }
    ]
  },
  {
    "id": "400055",
    "image": "downloaded_images/Personage/Taylor_Swift/image_20241018_152840_10.jpg",
    "conversations": [
      {
        "from": "human",
        "value": "<image>\nWhat line of work is this individual in?"
      },
      {
        "from": "gpt",
        "value": "Taylor Swift is a singer-songwriter and music producer."
      }
    ]
  },
  {
    "id": "400056",
    "image": "downloaded_images/Personage/Taylor_Swift/image_20241107_150434_6.jpg",
    "conversations": [
      {
        "from": "human",
        "value": "<image>\nWhat line of work is this individual in?"
      },
      {
        "from": "gpt",
        "value": "Taylor Swift is a singer-songwriter and music producer."
      }
    ]
  },
  {
    "id": "400057",
    "image": "downloaded_images/Personage/Taylor_Swift/image_20241107_150835_30.jpg",
    "conversations": [
      {
        "from": "human",
        "value": "<image>\nWhat line of work is this individual in?"
      },
      {
        "from": "gpt",
        "value": "Taylor Swift is a singer-songwriter and music producer."
      }
    ]
  },
  {
    "id": "400058",
    "image": "downloaded_images/Personage/Taylor_Swift/image_20241016_195336_17.jpg",
    "conversations": [
      {
        "from": "human",
        "value": "<image>\nWhat line of work is this individual in?"
      },
      {
        "from": "gpt",
        "value": "Taylor Swift is a singer-songwriter and music producer."
      }
    ]
  },
  {
    "id": "400059",
    "image": "downloaded_images/Personage/Taylor_Swift/image_20241016_195105_1.jpg",
    "conversations": [
      {
        "from": "human",
        "value": "<image>\nWhat line of work is this individual in?"
      },
      {
        "from": "gpt",
        "value": "Taylor Swift is a singer-songwriter and music producer."
      }
    ]
  },
  {
    "id": "400060",
    "image": "downloaded_images/Personage/Taylor_Swift/image_20241018_152958_19.jpg",
    "conversations": [
      {
        "from": "human",
        "value": "<image>\nCan you list some of this person's significant works?"
      },
      {
        "from": "gpt",
        "value": "Taylor Swift is known for numerous hit albums and songs, including \"Fearless,\" \"1989,\" \"Lover,\" \"Folklore,\" and \"Evermore.\" She has won multiple Grammy Awards, including Album of the Year three times, and has received numerous other accolades, including American Music Awards and Billboard Music Awards. Her song \"Shake It Off\" and her album \"1989\" were particularly influential in the pop music genre."
      }
    ]
  },
  {
    "id": "400061",
    "image": "downloaded_images/Personage/Taylor_Swift/image_20241016_195439_24.jpg",
    "conversations": [
      {
        "from": "human",
        "value": "<image>\nCan you list some of this person's significant works?"
      },
      {
        "from": "gpt",
        "value": "Taylor Swift is known for numerous hit albums and songs, including \"Fearless,\" \"1989,\" \"Lover,\" \"Folklore,\" and \"Evermore.\" She has won multiple Grammy Awards, including Album of the Year three times, and has received numerous other accolades, including American Music Awards and Billboard Music Awards. Her song \"Shake It Off\" and her album \"1989\" were particularly influential in the pop music genre."
      }
    ]
  },
  {
    "id": "400062",
    "image": "downloaded_images/Personage/Taylor_Swift/image_20241018_152832_9.jpg",
    "conversations": [
      {
        "from": "human",
        "value": "<image>\nCan you list some of this person's significant works?"
      },
      {
        "from": "gpt",
        "value": "Taylor Swift is known for numerous hit albums and songs, including \"Fearless,\" \"1989,\" \"Lover,\" \"Folklore,\" and \"Evermore.\" She has won multiple Grammy Awards, including Album of the Year three times, and has received numerous other accolades, including American Music Awards and Billboard Music Awards. Her song \"Shake It Off\" and her album \"1989\" were particularly influential in the pop music genre."
      }
    ]
  },
  {
    "id": "400063",
    "image": "downloaded_images/Personage/Taylor_Swift/image_20241107_150454_8.jpg",
    "conversations": [
      {
        "from": "human",
        "value": "<image>\nCan you list some of this person's significant works?"
      },
      {
        "from": "gpt",
        "value": "Taylor Swift is known for numerous hit albums and songs, including \"Fearless,\" \"1989,\" \"Lover,\" \"Folklore,\" and \"Evermore.\" She has won multiple Grammy Awards, including Album of the Year three times, and has received numerous other accolades, including American Music Awards and Billboard Music Awards. Her song \"Shake It Off\" and her album \"1989\" were particularly influential in the pop music genre."
      }
    ]
  },
  {
    "id": "400064",
    "image": "downloaded_images/Personage/Taylor_Swift/image_20241107_150540_13.jpg",
    "conversations": [
      {
        "from": "human",
        "value": "<image>\nCan you list some of this person's significant works?"
      },
      {
        "from": "gpt",
        "value": "Taylor Swift is known for numerous hit albums and songs, including \"Fearless,\" \"1989,\" \"Lover,\" \"Folklore,\" and \"Evermore.\" She has won multiple Grammy Awards, including Album of the Year three times, and has received numerous other accolades, including American Music Awards and Billboard Music Awards. Her song \"Shake It Off\" and her album \"1989\" were particularly influential in the pop music genre."
      }
    ]
  },
  {
    "id": "400065",
    "image": "downloaded_images/Personage/Taylor_Swift/image_20241016_195439_24.jpg",
    "conversations": [
      {
        "from": "human",
        "value": "<image>\nIn what ways has this individual influenced their industry or society?"
      },
      {
        "from": "gpt",
        "value": "Taylor Swift has made significant contributions to the music industry by advocating for artists' rights, particularly regarding fair compensation and ownership of music. She has been vocal about issues such as streaming royalties and has taken a stand on various social and political issues, including LGBTQ+ rights and education. Additionally, she has engaged in philanthropy, supporting various causes such as disaster relief, education, and women's rights. Her influence extends beyond music, as she has inspired many young artists and fans with her storytelling and authenticity."
      }
    ]
  },
  {
    "id": "400066",
    "image": "downloaded_images/Personage/Taylor_Swift/image_20241107_150749_25.jpg",
    "conversations": [
      {
        "from": "human",
        "value": "<image>\nIn what ways has this individual influenced their industry or society?"
      },
      {
        "from": "gpt",
        "value": "Taylor Swift has made significant contributions to the music industry by advocating for artists' rights, particularly regarding fair compensation and ownership of music. She has been vocal about issues such as streaming royalties and has taken a stand on various social and political issues, including LGBTQ+ rights and education. Additionally, she has engaged in philanthropy, supporting various causes such as disaster relief, education, and women's rights. Her influence extends beyond music, as she has inspired many young artists and fans with her storytelling and authenticity."
      }
    ]
  },
  {
    "id": "400067",
    "image": "downloaded_images/Personage/Taylor_Swift/image_20241107_150504_9.jpg",
    "conversations": [
      {
        "from": "human",
        "value": "<image>\nIn what ways has this individual influenced their industry or society?"
      },
      {
        "from": "gpt",
        "value": "Taylor Swift has made significant contributions to the music industry by advocating for artists' rights, particularly regarding fair compensation and ownership of music. She has been vocal about issues such as streaming royalties and has taken a stand on various social and political issues, including LGBTQ+ rights and education. Additionally, she has engaged in philanthropy, supporting various causes such as disaster relief, education, and women's rights. Her influence extends beyond music, as she has inspired many young artists and fans with her storytelling and authenticity."
      }
    ]
  },
  {
    "id": "400068",
    "image": "downloaded_images/Personage/Taylor_Swift/image_20241018_152757_5.jpg",
    "conversations": [
      {
        "from": "human",
        "value": "<image>\nIn what ways has this individual influenced their industry or society?"
      },
      {
        "from": "gpt",
        "value": "Taylor Swift has made significant contributions to the music industry by advocating for artists' rights, particularly regarding fair compensation and ownership of music. She has been vocal about issues such as streaming royalties and has taken a stand on various social and political issues, including LGBTQ+ rights and education. Additionally, she has engaged in philanthropy, supporting various causes such as disaster relief, education, and women's rights. Her influence extends beyond music, as she has inspired many young artists and fans with her storytelling and authenticity."
      }
    ]
  },
  {
    "id": "400069",
    "image": "downloaded_images/Personage/Taylor_Swift/image_20241018_153027_22.jpg",
    "conversations": [
      {
        "from": "human",
        "value": "<image>\nIn what ways has this individual influenced their industry or society?"
      },
      {
        "from": "gpt",
        "value": "Taylor Swift has made significant contributions to the music industry by advocating for artists' rights, particularly regarding fair compensation and ownership of music. She has been vocal about issues such as streaming royalties and has taken a stand on various social and political issues, including LGBTQ+ rights and education. Additionally, she has engaged in philanthropy, supporting various causes such as disaster relief, education, and women's rights. Her influence extends beyond music, as she has inspired many young artists and fans with her storytelling and authenticity."
      }
    ]
  }
]