[
  {
    "id": "78",
    "image": "downloaded_images/Astronomy/Jupiter/image_20241017_195958_8.jpg",
    "conversations": [
      {
        "from": "human",
        "value": "<image>\nWhat is the name of this planet?"
      },
      {
        "from": "gpt",
        "value": "Jupiter"
      }
    ]
  },
  {
    "id": "79",
    "image": "downloaded_images/Astronomy/Jupiter/image_20241017_195924_4.jpg",
    "conversations": [
      {
        "from": "human",
        "value": "<image>\nWhat is its position in the solar system?"
      },
      {
        "from": "gpt",
        "value": "5th from the Sun"
      }
    ]
  },
  {
    "id": "80",
    "image": "downloaded_images/Astronomy/Jupiter/image_20241017_195933_5.jpg",
    "conversations": [
      {
        "from": "human",
        "value": "<image>\nWhat is the planet's classification?"
      },
      {
        "from": "gpt",
        "value": "Gas giant"
      }
    ]
  },
  {
    "id": "81",
    "image": "downloaded_images/Astronomy/Jupiter/image_20241017_195958_8.jpg",
    "conversations": [
      {
        "from": "human",
        "value": "<image>\nDoes it have a ring system?"
      },
      {
        "from": "gpt",
        "value": "If so, how extensive is it?  \n   Yes, Jupiter has a faint ring system. It is not as extensive or prominent as the rings of Saturn, consisting mainly of four main rings that are thin and composed of dust particles."
      }
    ]
  },
  {
    "id": "82",
    "image": "downloaded_images/Astronomy/Jupiter/image_20241017_195853_1.jpg",
    "conversations": [
      {
        "from": "human",
        "value": "<image>\nHow long does it take for this planet to orbit the Sun?"
      },
      {
        "from": "gpt",
        "value": "Approximately 11.86 Earth years (about 4,333 Earth days)."
      }
    ]
  },
  {
    "id": "83",
    "image": "downloaded_images/Astronomy/Jupiter/image_20241017_195924_4.jpg",
    "conversations": [
      {
        "from": "human",
        "value": "<image>\nWhat is the name of this planet?"
      },
      {
        "from": "gpt",
        "value": "Jupiter"
      }
    ]
  },
  {
    "id": "84",
    "image": "downloaded_images/Astronomy/Jupiter/image_20241017_195853_1.jpg",
    "conversations": [
      {
        "from": "human",
        "value": "<image>\nWhat is the name of this planet?"
      },
      {
        "from": "gpt",
        "value": "Jupiter"
      }
    ]
  },
  {
    "id": "85",
    "image": "downloaded_images/Astronomy/Jupiter/image_20241106_105641_15.jpg",
    "conversations": [
      {
        "from": "human",
        "value": "<image>\nWhat is the name of this planet?"
      },
      {
        "from": "gpt",
        "value": "Jupiter"
      }
    ]
  },
  {
    "id": "86",
    "image": "downloaded_images/Astronomy/Jupiter/image_20241106_105444_4.jpg",
    "conversations": [
      {
        "from": "human",
        "value": "<image>\nWhat is the name of this planet?"
      },
      {
        "from": "gpt",
        "value": "Jupiter"
      }
    ]
  },
  {
    "id": "87",
    "image": "downloaded_images/Astronomy/Jupiter/image_20241017_200031_12.jpg",
    "conversations": [
      {
        "from": "human",
        "value": "<image>\nWhat is the name of this planet?"
      },
      {
        "from": "gpt",
        "value": "Jupiter"
      }
    ]
  },
  {
    "id": "88",
    "image": "downloaded_images/Astronomy/Jupiter/image_20241106_105623_13.jpg",
    "conversations": [
      {
        "from": "human",
        "value": "<image>\nWhat is its position in the solar system?"
      },
      {
        "from": "gpt",
        "value": "5th from the Sun"
      }
    ]
  },
  {
    "id": "89",
    "image": "downloaded_images/Astronomy/Jupiter/image_20241106_105723_20.jpg",
    "conversations": [
      {
        "from": "human",
        "value": "<image>\nWhat is its position in the solar system?"
      },
      {
        "from": "gpt",
        "value": "5th from the Sun"
      }
    ]
  },
  {
    "id": "90",
    "image": "downloaded_images/Astronomy/Jupiter/image_20241106_105503_6.jpg",
    "conversations": [
      {
        "from": "human",
        "value": "<image>\nWhat is its position in the solar system?"
      },
      {
        "from": "gpt",
        "value": "5th from the Sun"
      }
    ]
  },
  {
    "id": "91",
    "image": "downloaded_images/Astronomy/Jupiter/image_20241106_105547_11.jpg",
    "conversations": [
      {
        "from": "human",
        "value": "<image>\nWhat is its position in the solar system?"
      },
      {
        "from": "gpt",
        "value": "5th from the Sun"
      }
    ]
  },
  {
    "id": "92",
    "image": "downloaded_images/Astronomy/Jupiter/image_20241106_105414_1.jpg",
    "conversations": [
      {
        "from": "human",
        "value": "<image>\nWhat is its position in the solar system?"
      },
      {
        "from": "gpt",
        "value": "5th from the Sun"
      }
    ]
  },
  {
    "id": "93",
    "image": "downloaded_images/Astronomy/Jupiter/image_20241106_105444_4.jpg",
    "conversations": [
      {
        "from": "human",
        "value": "<image>\nWhat is the planet's classification?"
      },
      {
        "from": "gpt",
        "value": "Gas giant"
      }
    ]
  },
  {
    "id": "94",
    "image": "downloaded_images/Astronomy/Jupiter/image_20241106_105852_30.jpg",
    "conversations": [
      {
        "from": "human",
        "value": "<image>\nWhat is the planet's classification?"
      },
      {
        "from": "gpt",
        "value": "Gas giant"
      }
    ]
  },
  {
    "id": "95",
    "image": "downloaded_images/Astronomy/Jupiter/image_20241017_195924_4.jpg",
    "conversations": [
      {
        "from": "human",
        "value": "<image>\nWhat is the planet's classification?"
      },
      {
        "from": "gpt",
        "value": "Gas giant"
      }
    ]
  },
  {
    "id": "96",
    "image": "downloaded_images/Astronomy/Jupiter/image_20241017_200031_12.jpg",
    "conversations": [
      {
        "from": "human",
        "value": "<image>\nWhat is the planet's classification?"
      },
      {
        "from": "gpt",
        "value": "Gas giant"
      }
    ]
  },
  {
    "id": "97",
    "image": "downloaded_images/Astronomy/Jupiter/image_20241106_105512_7.jpg",
    "conversations": [
      {
        "from": "human",
        "value": "<image>\nWhat is the planet's classification?"
      },
      {
        "from": "gpt",
        "value": "Gas giant"
      }
    ]
  },
  {
    "id": "98",
    "image": "downloaded_images/Astronomy/Jupiter/image_20241106_105503_6.jpg",
    "conversations": [
      {
        "from": "human",
        "value": "<image>\nDoes it have a ring system?"
      },
      {
        "from": "gpt",
        "value": "If so, how extensive is it?  \n   Yes, Jupiter has a faint ring system. It is not as extensive or prominent as the rings of Saturn, consisting mainly of four main rings that are thin and composed of dust particles."
      }
    ]
  },
  {
    "id": "99",
    "image": "downloaded_images/Astronomy/Jupiter/image_20241106_105414_1.jpg",
    "conversations": [
      {
        "from": "human",
        "value": "<image>\nDoes it have a ring system?"
      },
      {
        "from": "gpt",
        "value": "If so, how extensive is it?  \n   Yes, Jupiter has a faint ring system. It is not as extensive or prominent as the rings of Saturn, consisting mainly of four main rings that are thin and composed of dust particles."
      }
    ]
  },
  {
    "id": "100",
    "image": "downloaded_images/Astronomy/Jupiter/image_20241106_105529_9.jpg",
    "conversations": [
      {
        "from": "human",
        "value": "<image>\nDoes it have a ring system?"
      },
      {
        "from": "gpt",
        "value": "If so, how extensive is it?  \n   Yes, Jupiter has a faint ring system. It is not as extensive or prominent as the rings of Saturn, consisting mainly of four main rings that are thin and composed of dust particles."
      }
    ]
  },
  {
    "id": "101",
    "image": "downloaded_images/Astronomy/Jupiter/image_20241106_105521_8.jpg",
    "conversations": [
      {
        "from": "human",
        "value": "<image>\nDoes it have a ring system?"
      },
      {
        "from": "gpt",
        "value": "If so, how extensive is it?  \n   Yes, Jupiter has a faint ring system. It is not as extensive or prominent as the rings of Saturn, consisting mainly of four main rings that are thin and composed of dust particles."
      }
    ]
  },
  {
    "id": "102",
    "image": "downloaded_images/Astronomy/Jupiter/image_20241106_105641_15.jpg",
    "conversations": [
      {
        "from": "human",
        "value": "<image>\nDoes it have a ring system?"
      },
      {
        "from": "gpt",
        "value": "If so, how extensive is it?  \n   Yes, Jupiter has a faint ring system. It is not as extensive or prominent as the rings of Saturn, consisting mainly of four main rings that are thin and composed of dust particles."
      }
    ]
  },
  {
    "id": "103",
    "image": "downloaded_images/Astronomy/Jupiter/image_20241106_105558_12.jpg",
    "conversations": [
      {
        "from": "human",
        "value": "<image>\nHow long does it take for this planet to orbit the Sun?"
      },
      {
        "from": "gpt",
        "value": "Approximately 11.86 Earth years (about 4,333 Earth days)."
      }
    ]
  },
  {
    "id": "104",
    "image": "downloaded_images/Astronomy/Jupiter/image_20241106_105623_13.jpg",
    "conversations": [
      {
        "from": "human",
        "value": "<image>\nHow long does it take for this planet to orbit the Sun?"
      },
      {
        "from": "gpt",
        "value": "Approximately 11.86 Earth years (about 4,333 Earth days)."
      }
    ]
  },
  {
    "id": "105",
    "image": "downloaded_images/Astronomy/Jupiter/image_20241106_105650_16.jpg",
    "conversations": [
      {
        "from": "human",
        "value": "<image>\nHow long does it take for this planet to orbit the Sun?"
      },
      {
        "from": "gpt",
        "value": "Approximately 11.86 Earth years (about 4,333 Earth days)."
      }
    ]
  },
  {
    "id": "106",
    "image": "downloaded_images/Astronomy/Jupiter/image_20241106_105834_28.jpg",
    "conversations": [
      {
        "from": "human",
        "value": "<image>\nHow long does it take for this planet to orbit the Sun?"
      },
      {
        "from": "gpt",
        "value": "Approximately 11.86 Earth years (about 4,333 Earth days)."
      }
    ]
  },
  {
    "id": "107",
    "image": "downloaded_images/Astronomy/Jupiter/image_20241017_195958_8.jpg",
    "conversations": [
      {
        "from": "human",
        "value": "<image>\nHow long does it take for this planet to orbit the Sun?"
      },
      {
        "from": "gpt",
        "value": "Approximately 11.86 Earth years (about 4,333 Earth days)."
      }
    ]
  },
  {
    "id": "100078",
    "image": "downloaded_images/Astronomy/Jupiter/image_20241017_195958_8.jpg",
    "conversations": [
      {
        "from": "human",
        "value": "<image>\nWhat is this planet called?"
      },
      {
        "from": "gpt",
        "value": "Jupiter"
      }
    ]
  },
  {
    "id": "100082",
    "image": "downloaded_images/Astronomy/Jupiter/image_20241017_195853_1.jpg",
    "conversations": [
      {
        "from": "human",
        "value": "<image>\nHow long does it take for this planet to complete an orbit around the Sun?"
      },
      {
        "from": "gpt",
        "value": "Approximately 11.86 Earth years (about 4,333 Earth days)."
      }
    ]
  },
  {
    "id": "100083",
    "image": "downloaded_images/Astronomy/Jupiter/image_20241017_195924_4.jpg",
    "conversations": [
      {
        "from": "human",
        "value": "<image>\nWhat is this planet called?"
      },
      {
        "from": "gpt",
        "value": "Jupiter"
      }
    ]
  },
  {
    "id": "100084",
    "image": "downloaded_images/Astronomy/Jupiter/image_20241017_195853_1.jpg",
    "conversations": [
      {
        "from": "human",
        "value": "<image>\nWhat is this planet called?"
      },
      {
        "from": "gpt",
        "value": "Jupiter"
      }
    ]
  },
  {
    "id": "100085",
    "image": "downloaded_images/Astronomy/Jupiter/image_20241106_105641_15.jpg",
    "conversations": [
      {
        "from": "human",
        "value": "<image>\nWhat is this planet called?"
      },
      {
        "from": "gpt",
        "value": "Jupiter"
      }
    ]
  },
  {
    "id": "100086",
    "image": "downloaded_images/Astronomy/Jupiter/image_20241106_105444_4.jpg",
    "conversations": [
      {
        "from": "human",
        "value": "<image>\nWhat is this planet called?"
      },
      {
        "from": "gpt",
        "value": "Jupiter"
      }
    ]
  },
  {
    "id": "100087",
    "image": "downloaded_images/Astronomy/Jupiter/image_20241017_200031_12.jpg",
    "conversations": [
      {
        "from": "human",
        "value": "<image>\nWhat is this planet called?"
      },
      {
        "from": "gpt",
        "value": "Jupiter"
      }
    ]
  },
  {
    "id": "100103",
    "image": "downloaded_images/Astronomy/Jupiter/image_20241106_105558_12.jpg",
    "conversations": [
      {
        "from": "human",
        "value": "<image>\nHow long does it take for this planet to complete an orbit around the Sun?"
      },
      {
        "from": "gpt",
        "value": "Approximately 11.86 Earth years (about 4,333 Earth days)."
      }
    ]
  },
  {
    "id": "100104",
    "image": "downloaded_images/Astronomy/Jupiter/image_20241106_105623_13.jpg",
    "conversations": [
      {
        "from": "human",
        "value": "<image>\nHow long does it take for this planet to complete an orbit around the Sun?"
      },
      {
        "from": "gpt",
        "value": "Approximately 11.86 Earth years (about 4,333 Earth days)."
      }
    ]
  },
  {
    "id": "100105",
    "image": "downloaded_images/Astronomy/Jupiter/image_20241106_105650_16.jpg",
    "conversations": [
      {
        "from": "human",
        "value": "<image>\nHow long does it take for this planet to complete an orbit around the Sun?"
      },
      {
        "from": "gpt",
        "value": "Approximately 11.86 Earth years (about 4,333 Earth days)."
      }
    ]
  },
  {
    "id": "100106",
    "image": "downloaded_images/Astronomy/Jupiter/image_20241106_105834_28.jpg",
    "conversations": [
      {
        "from": "human",
        "value": "<image>\nHow long does it take for this planet to complete an orbit around the Sun?"
      },
      {
        "from": "gpt",
        "value": "Approximately 11.86 Earth years (about 4,333 Earth days)."
      }
    ]
  },
  {
    "id": "100107",
    "image": "downloaded_images/Astronomy/Jupiter/image_20241017_195958_8.jpg",
    "conversations": [
      {
        "from": "human",
        "value": "<image>\nHow long does it take for this planet to complete an orbit around the Sun?"
      },
      {
        "from": "gpt",
        "value": "Approximately 11.86 Earth years (about 4,333 Earth days)."
      }
    ]
  },
  {
    "id": "200078",
    "image": "downloaded_images/Astronomy/Jupiter/image_20241017_195958_8.jpg",
    "conversations": [
      {
        "from": "human",
        "value": "<image>\nWhat is this celestial body called?"
      },
      {
        "from": "gpt",
        "value": "Jupiter"
      }
    ]
  },
  {
    "id": "200082",
    "image": "downloaded_images/Astronomy/Jupiter/image_20241017_195853_1.jpg",
    "conversations": [
      {
        "from": "human",
        "value": "<image>\nWhat is the orbital period of this planet around the Sun?"
      },
      {
        "from": "gpt",
        "value": "Approximately 11.86 Earth years (about 4,333 Earth days)."
      }
    ]
  },
  {
    "id": "200083",
    "image": "downloaded_images/Astronomy/Jupiter/image_20241017_195924_4.jpg",
    "conversations": [
      {
        "from": "human",
        "value": "<image>\nWhat is this celestial body called?"
      },
      {
        "from": "gpt",
        "value": "Jupiter"
      }
    ]
  },
  {
    "id": "200084",
    "image": "downloaded_images/Astronomy/Jupiter/image_20241017_195853_1.jpg",
    "conversations": [
      {
        "from": "human",
        "value": "<image>\nWhat is this celestial body called?"
      },
      {
        "from": "gpt",
        "value": "Jupiter"
      }
    ]
  },
  {
    "id": "200085",
    "image": "downloaded_images/Astronomy/Jupiter/image_20241106_105641_15.jpg",
    "conversations": [
      {
        "from": "human",
        "value": "<image>\nWhat is this celestial body called?"
      },
      {
        "from": "gpt",
        "value": "Jupiter"
      }
    ]
  },
  {
    "id": "200086",
    "image": "downloaded_images/Astronomy/Jupiter/image_20241106_105444_4.jpg",
    "conversations": [
      {
        "from": "human",
        "value": "<image>\nWhat is this celestial body called?"
      },
      {
        "from": "gpt",
        "value": "Jupiter"
      }
    ]
  },
  {
    "id": "200087",
    "image": "downloaded_images/Astronomy/Jupiter/image_20241017_200031_12.jpg",
    "conversations": [
      {
        "from": "human",
        "value": "<image>\nWhat is this celestial body called?"
      },
      {
        "from": "gpt",
        "value": "Jupiter"
      }
    ]
  },
  {
    "id": "200103",
    "image": "downloaded_images/Astronomy/Jupiter/image_20241106_105558_12.jpg",
    "conversations": [
      {
        "from": "human",
        "value": "<image>\nWhat is the orbital period of this planet around the Sun?"
      },
      {
        "from": "gpt",
        "value": "Approximately 11.86 Earth years (about 4,333 Earth days)."
      }
    ]
  },
  {
    "id": "200104",
    "image": "downloaded_images/Astronomy/Jupiter/image_20241106_105623_13.jpg",
    "conversations": [
      {
        "from": "human",
        "value": "<image>\nWhat is the orbital period of this planet around the Sun?"
      },
      {
        "from": "gpt",
        "value": "Approximately 11.86 Earth years (about 4,333 Earth days)."
      }
    ]
  },
  {
    "id": "200105",
    "image": "downloaded_images/Astronomy/Jupiter/image_20241106_105650_16.jpg",
    "conversations": [
      {
        "from": "human",
        "value": "<image>\nWhat is the orbital period of this planet around the Sun?"
      },
      {
        "from": "gpt",
        "value": "Approximately 11.86 Earth years (about 4,333 Earth days)."
      }
    ]
  },
  {
    "id": "200106",
    "image": "downloaded_images/Astronomy/Jupiter/image_20241106_105834_28.jpg",
    "conversations": [
      {
        "from": "human",
        "value": "<image>\nWhat is the orbital period of this planet around the Sun?"
      },
      {
        "from": "gpt",
        "value": "Approximately 11.86 Earth years (about 4,333 Earth days)."
      }
    ]
  },
  {
    "id": "200107",
    "image": "downloaded_images/Astronomy/Jupiter/image_20241017_195958_8.jpg",
    "conversations": [
      {
        "from": "human",
        "value": "<image>\nWhat is the orbital period of this planet around the Sun?"
      },
      {
        "from": "gpt",
        "value": "Approximately 11.86 Earth years (about 4,333 Earth days)."
      }
    ]
  },
  {
    "id": "300078",
    "image": "downloaded_images/Astronomy/Jupiter/image_20241017_195958_8.jpg",
    "conversations": [
      {
        "from": "human",
        "value": "<image>\nHow is this planet referred to?"
      },
      {
        "from": "gpt",
        "value": "Jupiter"
      }
    ]
  },
  {
    "id": "300082",
    "image": "downloaded_images/Astronomy/Jupiter/image_20241017_195853_1.jpg",
    "conversations": [
      {
        "from": "human",
        "value": "<image>\nHow many Earth years does it take for this planet to orbit the Sun?"
      },
      {
        "from": "gpt",
        "value": "Approximately 11.86 Earth years (about 4,333 Earth days)."
      }
    ]
  },
  {
    "id": "300083",
    "image": "downloaded_images/Astronomy/Jupiter/image_20241017_195924_4.jpg",
    "conversations": [
      {
        "from": "human",
        "value": "<image>\nHow is this planet referred to?"
      },
      {
        "from": "gpt",
        "value": "Jupiter"
      }
    ]
  },
  {
    "id": "300084",
    "image": "downloaded_images/Astronomy/Jupiter/image_20241017_195853_1.jpg",
    "conversations": [
      {
        "from": "human",
        "value": "<image>\nHow is this planet referred to?"
      },
      {
        "from": "gpt",
        "value": "Jupiter"
      }
    ]
  },
  {
    "id": "300085",
    "image": "downloaded_images/Astronomy/Jupiter/image_20241106_105641_15.jpg",
    "conversations": [
      {
        "from": "human",
        "value": "<image>\nHow is this planet referred to?"
      },
      {
        "from": "gpt",
        "value": "Jupiter"
      }
    ]
  },
  {
    "id": "300086",
    "image": "downloaded_images/Astronomy/Jupiter/image_20241106_105444_4.jpg",
    "conversations": [
      {
        "from": "human",
        "value": "<image>\nHow is this planet referred to?"
      },
      {
        "from": "gpt",
        "value": "Jupiter"
      }
    ]
  },
  {
    "id": "300087",
    "image": "downloaded_images/Astronomy/Jupiter/image_20241017_200031_12.jpg",
    "conversations": [
      {
        "from": "human",
        "value": "<image>\nHow is this planet referred to?"
      },
      {
        "from": "gpt",
        "value": "Jupiter"
      }
    ]
  },
  {
    "id": "300103",
    "image": "downloaded_images/Astronomy/Jupiter/image_20241106_105558_12.jpg",
    "conversations": [
      {
        "from": "human",
        "value": "<image>\nHow many Earth years does it take for this planet to orbit the Sun?"
      },
      {
        "from": "gpt",
        "value": "Approximately 11.86 Earth years (about 4,333 Earth days)."
      }
    ]
  },
  {
    "id": "300104",
    "image": "downloaded_images/Astronomy/Jupiter/image_20241106_105623_13.jpg",
    "conversations": [
      {
        "from": "human",
        "value": "<image>\nHow many Earth years does it take for this planet to orbit the Sun?"
      },
      {
        "from": "gpt",
        "value": "Approximately 11.86 Earth years (about 4,333 Earth days)."
      }
    ]
  },
  {
    "id": "300105",
    "image": "downloaded_images/Astronomy/Jupiter/image_20241106_105650_16.jpg",
    "conversations": [
      {
        "from": "human",
        "value": "<image>\nHow many Earth years does it take for this planet to orbit the Sun?"
      },
      {
        "from": "gpt",
        "value": "Approximately 11.86 Earth years (about 4,333 Earth days)."
      }
    ]
  },
  {
    "id": "300106",
    "image": "downloaded_images/Astronomy/Jupiter/image_20241106_105834_28.jpg",
    "conversations": [
      {
        "from": "human",
        "value": "<image>\nHow many Earth years does it take for this planet to orbit the Sun?"
      },
      {
        "from": "gpt",
        "value": "Approximately 11.86 Earth years (about 4,333 Earth days)."
      }
    ]
  },
  {
    "id": "300107",
    "image": "downloaded_images/Astronomy/Jupiter/image_20241017_195958_8.jpg",
    "conversations": [
      {
        "from": "human",
        "value": "<image>\nHow many Earth years does it take for this planet to orbit the Sun?"
      },
      {
        "from": "gpt",
        "value": "Approximately 11.86 Earth years (about 4,333 Earth days)."
      }
    ]
  },
  {
    "id": "400078",
    "image": "downloaded_images/Astronomy/Jupiter/image_20241017_195958_8.jpg",
    "conversations": [
      {
        "from": "human",
        "value": "<image>\nWhat is the common name for this planet?"
      },
      {
        "from": "gpt",
        "value": "Jupiter"
      }
    ]
  },
  {
    "id": "400082",
    "image": "downloaded_images/Astronomy/Jupiter/image_20241017_195853_1.jpg",
    "conversations": [
      {
        "from": "human",
        "value": "<image>\nWhat is the duration of this planet's orbit around the Sun?"
      },
      {
        "from": "gpt",
        "value": "Approximately 11.86 Earth years (about 4,333 Earth days)."
      }
    ]
  },
  {
    "id": "400083",
    "image": "downloaded_images/Astronomy/Jupiter/image_20241017_195924_4.jpg",
    "conversations": [
      {
        "from": "human",
        "value": "<image>\nWhat is the common name for this planet?"
      },
      {
        "from": "gpt",
        "value": "Jupiter"
      }
    ]
  },
  {
    "id": "400084",
    "image": "downloaded_images/Astronomy/Jupiter/image_20241017_195853_1.jpg",
    "conversations": [
      {
        "from": "human",
        "value": "<image>\nWhat is the common name for this planet?"
      },
      {
        "from": "gpt",
        "value": "Jupiter"
      }
    ]
  },
  {
    "id": "400085",
    "image": "downloaded_images/Astronomy/Jupiter/image_20241106_105641_15.jpg",
    "conversations": [
      {
        "from": "human",
        "value": "<image>\nWhat is the common name for this planet?"
      },
      {
        "from": "gpt",
        "value": "Jupiter"
      }
    ]
  },
  {
    "id": "400086",
    "image": "downloaded_images/Astronomy/Jupiter/image_20241106_105444_4.jpg",
    "conversations": [
      {
        "from": "human",
        "value": "<image>\nWhat is the common name for this planet?"
      },
      {
        "from": "gpt",
        "value": "Jupiter"
      }
    ]
  },
  {
    "id": "400087",
    "image": "downloaded_images/Astronomy/Jupiter/image_20241017_200031_12.jpg",
    "conversations": [
      {
        "from": "human",
        "value": "<image>\nWhat is the common name for this planet?"
      },
      {
        "from": "gpt",
        "value": "Jupiter"
      }
    ]
  },
  {
    "id": "400103",
    "image": "downloaded_images/Astronomy/Jupiter/image_20241106_105558_12.jpg",
    "conversations": [
      {
        "from": "human",
        "value": "<image>\nWhat is the duration of this planet's orbit around the Sun?"
      },
      {
        "from": "gpt",
        "value": "Approximately 11.86 Earth years (about 4,333 Earth days)."
      }
    ]
  },
  {
    "id": "400104",
    "image": "downloaded_images/Astronomy/Jupiter/image_20241106_105623_13.jpg",
    "conversations": [
      {
        "from": "human",
        "value": "<image>\nWhat is the duration of this planet's orbit around the Sun?"
      },
      {
        "from": "gpt",
        "value": "Approximately 11.86 Earth years (about 4,333 Earth days)."
      }
    ]
  },
  {
    "id": "400105",
    "image": "downloaded_images/Astronomy/Jupiter/image_20241106_105650_16.jpg",
    "conversations": [
      {
        "from": "human",
        "value": "<image>\nWhat is the duration of this planet's orbit around the Sun?"
      },
      {
        "from": "gpt",
        "value": "Approximately 11.86 Earth years (about 4,333 Earth days)."
      }
    ]
  },
  {
    "id": "400106",
    "image": "downloaded_images/Astronomy/Jupiter/image_20241106_105834_28.jpg",
    "conversations": [
      {
        "from": "human",
        "value": "<image>\nWhat is the duration of this planet's orbit around the Sun?"
      },
      {
        "from": "gpt",
        "value": "Approximately 11.86 Earth years (about 4,333 Earth days)."
      }
    ]
  },
  {
    "id": "400107",
    "image": "downloaded_images/Astronomy/Jupiter/image_20241017_195958_8.jpg",
    "conversations": [
      {
        "from": "human",
        "value": "<image>\nWhat is the duration of this planet's orbit around the Sun?"
      },
      {
        "from": "gpt",
        "value": "Approximately 11.86 Earth years (about 4,333 Earth days)."
      }
    ]
  }
]