[
  {
    "id": "44",
    "image": "downloaded_images/Movies/Spirited_Away/image_20241107_112602_1.jpg",
    "conversations": [
      {
        "from": "human",
        "value": "<image>\nWhat is the title of this movie?"
      },
      {
        "from": "gpt",
        "value": "The title of the movie is \"Spirited Away.\""
      }
    ]
  },
  {
    "id": "45",
    "image": "downloaded_images/Movies/Spirited_Away/image_20241107_112602_1.jpg",
    "conversations": [
      {
        "from": "human",
        "value": "<image>\nWho directed this film?"
      },
      {
        "from": "gpt",
        "value": "The film was directed by Hayao Miyazaki."
      }
    ]
  },
  {
    "id": "46",
    "image": "downloaded_images/Movies/Spirited_Away/image_20241107_112602_1.jpg",
    "conversations": [
      {
        "from": "human",
        "value": "<image>\nWhen was this film released?"
      },
      {
        "from": "gpt",
        "value": "\"Spirited Away\" was released on July 20, 2001."
      }
    ]
  },
  {
    "id": "47",
    "image": "downloaded_images/Movies/Spirited_Away/image_20241018_140137_3.jpg",
    "conversations": [
      {
        "from": "human",
        "value": "<image>\nWhat is the central plot or storyline of this movie?"
      },
      {
        "from": "gpt",
        "value": "The central plot of \"Spirited Away\" follows a young girl named Chihiro who, while moving to a new neighborhood with her parents, stumbles upon a mysterious and abandoned amusement park. When her parents are transformed into pigs after eating food meant for the spirits, Chihiro must navigate a magical world filled with spirits and strange creatures to save them. She takes a job at a bathhouse run by the witch Yubaba and embarks on a journey of self-discovery, courage, and friendship as she seeks to find a way to free her parents and return to the human world."
      }
    ]
  },
  {
    "id": "48",
    "image": "downloaded_images/Movies/Spirited_Away/image_20241107_112933_25.jpg",
    "conversations": [
      {
        "from": "human",
        "value": "<image>\nWhat is the title of this movie?"
      },
      {
        "from": "gpt",
        "value": "The title of the movie is \"Spirited Away.\""
      }
    ]
  },
  {
    "id": "49",
    "image": "downloaded_images/Movies/Spirited_Away/image_20241107_112613_2.jpg",
    "conversations": [
      {
        "from": "human",
        "value": "<image>\nWhat is the title of this movie?"
      },
      {
        "from": "gpt",
        "value": "The title of the movie is \"Spirited Away.\""
      }
    ]
  },
  {
    "id": "50",
    "image": "downloaded_images/Movies/Spirited_Away/image_20241107_112907_22.jpg",
    "conversations": [
      {
        "from": "human",
        "value": "<image>\nWhat is the title of this movie?"
      },
      {
        "from": "gpt",
        "value": "The title of the movie is \"Spirited Away.\""
      }
    ]
  },
  {
    "id": "51",
    "image": "downloaded_images/Movies/Spirited_Away/image_20241107_112949_27.jpg",
    "conversations": [
      {
        "from": "human",
        "value": "<image>\nWhat is the title of this movie?"
      },
      {
        "from": "gpt",
        "value": "The title of the movie is \"Spirited Away.\""
      }
    ]
  },
  {
    "id": "52",
    "image": "downloaded_images/Movies/Spirited_Away/image_20241107_113006_29.jpg",
    "conversations": [
      {
        "from": "human",
        "value": "<image>\nWhat is the title of this movie?"
      },
      {
        "from": "gpt",
        "value": "The title of the movie is \"Spirited Away.\""
      }
    ]
  },
  {
    "id": "53",
    "image": "downloaded_images/Movies/Spirited_Away/image_20241107_112834_18.jpg",
    "conversations": [
      {
        "from": "human",
        "value": "<image>\nWho directed this film?"
      },
      {
        "from": "gpt",
        "value": "The film was directed by Hayao Miyazaki."
      }
    ]
  },
  {
    "id": "54",
    "image": "downloaded_images/Movies/Spirited_Away/image_20241107_112826_17.jpg",
    "conversations": [
      {
        "from": "human",
        "value": "<image>\nWho directed this film?"
      },
      {
        "from": "gpt",
        "value": "The film was directed by Hayao Miyazaki."
      }
    ]
  },
  {
    "id": "55",
    "image": "downloaded_images/Movies/Spirited_Away/image_20241107_112949_27.jpg",
    "conversations": [
      {
        "from": "human",
        "value": "<image>\nWho directed this film?"
      },
      {
        "from": "gpt",
        "value": "The film was directed by Hayao Miyazaki."
      }
    ]
  },
  {
    "id": "56",
    "image": "downloaded_images/Movies/Spirited_Away/image_20241107_112809_15.jpg",
    "conversations": [
      {
        "from": "human",
        "value": "<image>\nWho directed this film?"
      },
      {
        "from": "gpt",
        "value": "The film was directed by Hayao Miyazaki."
      }
    ]
  },
  {
    "id": "57",
    "image": "downloaded_images/Movies/Spirited_Away/image_20241018_140317_12.jpg",
    "conversations": [
      {
        "from": "human",
        "value": "<image>\nWho directed this film?"
      },
      {
        "from": "gpt",
        "value": "The film was directed by Hayao Miyazaki."
      }
    ]
  },
  {
    "id": "58",
    "image": "downloaded_images/Movies/Spirited_Away/image_20241107_113006_29.jpg",
    "conversations": [
      {
        "from": "human",
        "value": "<image>\nWhen was this film released?"
      },
      {
        "from": "gpt",
        "value": "\"Spirited Away\" was released on July 20, 2001."
      }
    ]
  },
  {
    "id": "59",
    "image": "downloaded_images/Movies/Spirited_Away/image_20241018_140333_14.jpg",
    "conversations": [
      {
        "from": "human",
        "value": "<image>\nWhen was this film released?"
      },
      {
        "from": "gpt",
        "value": "\"Spirited Away\" was released on July 20, 2001."
      }
    ]
  },
  {
    "id": "60",
    "image": "downloaded_images/Movies/Spirited_Away/image_20241107_112949_27.jpg",
    "conversations": [
      {
        "from": "human",
        "value": "<image>\nWhen was this film released?"
      },
      {
        "from": "gpt",
        "value": "\"Spirited Away\" was released on July 20, 2001."
      }
    ]
  },
  {
    "id": "61",
    "image": "downloaded_images/Movies/Spirited_Away/image_20241107_112941_26.jpg",
    "conversations": [
      {
        "from": "human",
        "value": "<image>\nWhen was this film released?"
      },
      {
        "from": "gpt",
        "value": "\"Spirited Away\" was released on July 20, 2001."
      }
    ]
  },
  {
    "id": "62",
    "image": "downloaded_images/Movies/Spirited_Away/image_20241107_112907_22.jpg",
    "conversations": [
      {
        "from": "human",
        "value": "<image>\nWhen was this film released?"
      },
      {
        "from": "gpt",
        "value": "\"Spirited Away\" was released on July 20, 2001."
      }
    ]
  },
  {
    "id": "63",
    "image": "downloaded_images/Movies/Spirited_Away/image_20241018_140317_12.jpg",
    "conversations": [
      {
        "from": "human",
        "value": "<image>\nWhat is the central plot or storyline of this movie?"
      },
      {
        "from": "gpt",
        "value": "The central plot of \"Spirited Away\" follows a young girl named Chihiro who, while moving to a new neighborhood with her parents, stumbles upon a mysterious and abandoned amusement park. When her parents are transformed into pigs after eating food meant for the spirits, Chihiro must navigate a magical world filled with spirits and strange creatures to save them. She takes a job at a bathhouse run by the witch Yubaba and embarks on a journey of self-discovery, courage, and friendship as she seeks to find a way to free her parents and return to the human world."
      }
    ]
  },
  {
    "id": "64",
    "image": "downloaded_images/Movies/Spirited_Away/image_20241107_112752_13.jpg",
    "conversations": [
      {
        "from": "human",
        "value": "<image>\nWhat is the central plot or storyline of this movie?"
      },
      {
        "from": "gpt",
        "value": "The central plot of \"Spirited Away\" follows a young girl named Chihiro who, while moving to a new neighborhood with her parents, stumbles upon a mysterious and abandoned amusement park. When her parents are transformed into pigs after eating food meant for the spirits, Chihiro must navigate a magical world filled with spirits and strange creatures to save them. She takes a job at a bathhouse run by the witch Yubaba and embarks on a journey of self-discovery, courage, and friendship as she seeks to find a way to free her parents and return to the human world."
      }
    ]
  },
  {
    "id": "65",
    "image": "downloaded_images/Movies/Spirited_Away/image_20241107_112809_15.jpg",
    "conversations": [
      {
        "from": "human",
        "value": "<image>\nWhat is the central plot or storyline of this movie?"
      },
      {
        "from": "gpt",
        "value": "The central plot of \"Spirited Away\" follows a young girl named Chihiro who, while moving to a new neighborhood with her parents, stumbles upon a mysterious and abandoned amusement park. When her parents are transformed into pigs after eating food meant for the spirits, Chihiro must navigate a magical world filled with spirits and strange creatures to save them. She takes a job at a bathhouse run by the witch Yubaba and embarks on a journey of self-discovery, courage, and friendship as she seeks to find a way to free her parents and return to the human world."
      }
    ]
  },
  {
    "id": "66",
    "image": "downloaded_images/Movies/Spirited_Away/image_20241107_112622_3.jpg",
    "conversations": [
      {
        "from": "human",
        "value": "<image>\nWhat is the central plot or storyline of this movie?"
      },
      {
        "from": "gpt",
        "value": "The central plot of \"Spirited Away\" follows a young girl named Chihiro who, while moving to a new neighborhood with her parents, stumbles upon a mysterious and abandoned amusement park. When her parents are transformed into pigs after eating food meant for the spirits, Chihiro must navigate a magical world filled with spirits and strange creatures to save them. She takes a job at a bathhouse run by the witch Yubaba and embarks on a journey of self-discovery, courage, and friendship as she seeks to find a way to free her parents and return to the human world."
      }
    ]
  },
  {
    "id": "67",
    "image": "downloaded_images/Movies/Spirited_Away/image_20241018_140145_4.jpg",
    "conversations": [
      {
        "from": "human",
        "value": "<image>\nWhat is the central plot or storyline of this movie?"
      },
      {
        "from": "gpt",
        "value": "The central plot of \"Spirited Away\" follows a young girl named Chihiro who, while moving to a new neighborhood with her parents, stumbles upon a mysterious and abandoned amusement park. When her parents are transformed into pigs after eating food meant for the spirits, Chihiro must navigate a magical world filled with spirits and strange creatures to save them. She takes a job at a bathhouse run by the witch Yubaba and embarks on a journey of self-discovery, courage, and friendship as she seeks to find a way to free her parents and return to the human world."
      }
    ]
  },
  {
    "id": "100044",
    "image": "downloaded_images/Movies/Spirited_Away/image_20241107_112602_1.jpg",
    "conversations": [
      {
        "from": "human",
        "value": "<image>\nWhat is the name of this movie?"
      },
      {
        "from": "gpt",
        "value": "The title of the movie is \"Spirited Away.\""
      }
    ]
  },
  {
    "id": "100045",
    "image": "downloaded_images/Movies/Spirited_Away/image_20241107_112602_1.jpg",
    "conversations": [
      {
        "from": "human",
        "value": "<image>\nWho is the director of this movie?"
      },
      {
        "from": "gpt",
        "value": "The film was directed by Hayao Miyazaki."
      }
    ]
  },
  {
    "id": "100046",
    "image": "downloaded_images/Movies/Spirited_Away/image_20241107_112602_1.jpg",
    "conversations": [
      {
        "from": "human",
        "value": "<image>\nWhen did this movie come out?"
      },
      {
        "from": "gpt",
        "value": "\"Spirited Away\" was released on July 20, 2001."
      }
    ]
  },
  {
    "id": "100047",
    "image": "downloaded_images/Movies/Spirited_Away/image_20241018_140137_3.jpg",
    "conversations": [
      {
        "from": "human",
        "value": "<image>\nWhat is the main plot or storyline of this movie?"
      },
      {
        "from": "gpt",
        "value": "The central plot of \"Spirited Away\" follows a young girl named Chihiro who, while moving to a new neighborhood with her parents, stumbles upon a mysterious and abandoned amusement park. When her parents are transformed into pigs after eating food meant for the spirits, Chihiro must navigate a magical world filled with spirits and strange creatures to save them. She takes a job at a bathhouse run by the witch Yubaba and embarks on a journey of self-discovery, courage, and friendship as she seeks to find a way to free her parents and return to the human world."
      }
    ]
  },
  {
    "id": "100048",
    "image": "downloaded_images/Movies/Spirited_Away/image_20241107_112933_25.jpg",
    "conversations": [
      {
        "from": "human",
        "value": "<image>\nWhat is the name of this movie?"
      },
      {
        "from": "gpt",
        "value": "The title of the movie is \"Spirited Away.\""
      }
    ]
  },
  {
    "id": "100049",
    "image": "downloaded_images/Movies/Spirited_Away/image_20241107_112613_2.jpg",
    "conversations": [
      {
        "from": "human",
        "value": "<image>\nWhat is the name of this movie?"
      },
      {
        "from": "gpt",
        "value": "The title of the movie is \"Spirited Away.\""
      }
    ]
  },
  {
    "id": "100050",
    "image": "downloaded_images/Movies/Spirited_Away/image_20241107_112907_22.jpg",
    "conversations": [
      {
        "from": "human",
        "value": "<image>\nWhat is the name of this movie?"
      },
      {
        "from": "gpt",
        "value": "The title of the movie is \"Spirited Away.\""
      }
    ]
  },
  {
    "id": "100051",
    "image": "downloaded_images/Movies/Spirited_Away/image_20241107_112949_27.jpg",
    "conversations": [
      {
        "from": "human",
        "value": "<image>\nWhat is the name of this movie?"
      },
      {
        "from": "gpt",
        "value": "The title of the movie is \"Spirited Away.\""
      }
    ]
  },
  {
    "id": "100052",
    "image": "downloaded_images/Movies/Spirited_Away/image_20241107_113006_29.jpg",
    "conversations": [
      {
        "from": "human",
        "value": "<image>\nWhat is the name of this movie?"
      },
      {
        "from": "gpt",
        "value": "The title of the movie is \"Spirited Away.\""
      }
    ]
  },
  {
    "id": "100053",
    "image": "downloaded_images/Movies/Spirited_Away/image_20241107_112834_18.jpg",
    "conversations": [
      {
        "from": "human",
        "value": "<image>\nWho is the director of this movie?"
      },
      {
        "from": "gpt",
        "value": "The film was directed by Hayao Miyazaki."
      }
    ]
  },
  {
    "id": "100054",
    "image": "downloaded_images/Movies/Spirited_Away/image_20241107_112826_17.jpg",
    "conversations": [
      {
        "from": "human",
        "value": "<image>\nWho is the director of this movie?"
      },
      {
        "from": "gpt",
        "value": "The film was directed by Hayao Miyazaki."
      }
    ]
  },
  {
    "id": "100055",
    "image": "downloaded_images/Movies/Spirited_Away/image_20241107_112949_27.jpg",
    "conversations": [
      {
        "from": "human",
        "value": "<image>\nWho is the director of this movie?"
      },
      {
        "from": "gpt",
        "value": "The film was directed by Hayao Miyazaki."
      }
    ]
  },
  {
    "id": "100056",
    "image": "downloaded_images/Movies/Spirited_Away/image_20241107_112809_15.jpg",
    "conversations": [
      {
        "from": "human",
        "value": "<image>\nWho is the director of this movie?"
      },
      {
        "from": "gpt",
        "value": "The film was directed by Hayao Miyazaki."
      }
    ]
  },
  {
    "id": "100057",
    "image": "downloaded_images/Movies/Spirited_Away/image_20241018_140317_12.jpg",
    "conversations": [
      {
        "from": "human",
        "value": "<image>\nWho is the director of this movie?"
      },
      {
        "from": "gpt",
        "value": "The film was directed by Hayao Miyazaki."
      }
    ]
  },
  {
    "id": "100058",
    "image": "downloaded_images/Movies/Spirited_Away/image_20241107_113006_29.jpg",
    "conversations": [
      {
        "from": "human",
        "value": "<image>\nWhen did this movie come out?"
      },
      {
        "from": "gpt",
        "value": "\"Spirited Away\" was released on July 20, 2001."
      }
    ]
  },
  {
    "id": "100059",
    "image": "downloaded_images/Movies/Spirited_Away/image_20241018_140333_14.jpg",
    "conversations": [
      {
        "from": "human",
        "value": "<image>\nWhen did this movie come out?"
      },
      {
        "from": "gpt",
        "value": "\"Spirited Away\" was released on July 20, 2001."
      }
    ]
  },
  {
    "id": "100060",
    "image": "downloaded_images/Movies/Spirited_Away/image_20241107_112949_27.jpg",
    "conversations": [
      {
        "from": "human",
        "value": "<image>\nWhen did this movie come out?"
      },
      {
        "from": "gpt",
        "value": "\"Spirited Away\" was released on July 20, 2001."
      }
    ]
  },
  {
    "id": "100061",
    "image": "downloaded_images/Movies/Spirited_Away/image_20241107_112941_26.jpg",
    "conversations": [
      {
        "from": "human",
        "value": "<image>\nWhen did this movie come out?"
      },
      {
        "from": "gpt",
        "value": "\"Spirited Away\" was released on July 20, 2001."
      }
    ]
  },
  {
    "id": "100062",
    "image": "downloaded_images/Movies/Spirited_Away/image_20241107_112907_22.jpg",
    "conversations": [
      {
        "from": "human",
        "value": "<image>\nWhen did this movie come out?"
      },
      {
        "from": "gpt",
        "value": "\"Spirited Away\" was released on July 20, 2001."
      }
    ]
  },
  {
    "id": "100063",
    "image": "downloaded_images/Movies/Spirited_Away/image_20241018_140317_12.jpg",
    "conversations": [
      {
        "from": "human",
        "value": "<image>\nWhat is the main plot or storyline of this movie?"
      },
      {
        "from": "gpt",
        "value": "The central plot of \"Spirited Away\" follows a young girl named Chihiro who, while moving to a new neighborhood with her parents, stumbles upon a mysterious and abandoned amusement park. When her parents are transformed into pigs after eating food meant for the spirits, Chihiro must navigate a magical world filled with spirits and strange creatures to save them. She takes a job at a bathhouse run by the witch Yubaba and embarks on a journey of self-discovery, courage, and friendship as she seeks to find a way to free her parents and return to the human world."
      }
    ]
  },
  {
    "id": "100064",
    "image": "downloaded_images/Movies/Spirited_Away/image_20241107_112752_13.jpg",
    "conversations": [
      {
        "from": "human",
        "value": "<image>\nWhat is the main plot or storyline of this movie?"
      },
      {
        "from": "gpt",
        "value": "The central plot of \"Spirited Away\" follows a young girl named Chihiro who, while moving to a new neighborhood with her parents, stumbles upon a mysterious and abandoned amusement park. When her parents are transformed into pigs after eating food meant for the spirits, Chihiro must navigate a magical world filled with spirits and strange creatures to save them. She takes a job at a bathhouse run by the witch Yubaba and embarks on a journey of self-discovery, courage, and friendship as she seeks to find a way to free her parents and return to the human world."
      }
    ]
  },
  {
    "id": "100065",
    "image": "downloaded_images/Movies/Spirited_Away/image_20241107_112809_15.jpg",
    "conversations": [
      {
        "from": "human",
        "value": "<image>\nWhat is the main plot or storyline of this movie?"
      },
      {
        "from": "gpt",
        "value": "The central plot of \"Spirited Away\" follows a young girl named Chihiro who, while moving to a new neighborhood with her parents, stumbles upon a mysterious and abandoned amusement park. When her parents are transformed into pigs after eating food meant for the spirits, Chihiro must navigate a magical world filled with spirits and strange creatures to save them. She takes a job at a bathhouse run by the witch Yubaba and embarks on a journey of self-discovery, courage, and friendship as she seeks to find a way to free her parents and return to the human world."
      }
    ]
  },
  {
    "id": "100066",
    "image": "downloaded_images/Movies/Spirited_Away/image_20241107_112622_3.jpg",
    "conversations": [
      {
        "from": "human",
        "value": "<image>\nWhat is the main plot or storyline of this movie?"
      },
      {
        "from": "gpt",
        "value": "The central plot of \"Spirited Away\" follows a young girl named Chihiro who, while moving to a new neighborhood with her parents, stumbles upon a mysterious and abandoned amusement park. When her parents are transformed into pigs after eating food meant for the spirits, Chihiro must navigate a magical world filled with spirits and strange creatures to save them. She takes a job at a bathhouse run by the witch Yubaba and embarks on a journey of self-discovery, courage, and friendship as she seeks to find a way to free her parents and return to the human world."
      }
    ]
  },
  {
    "id": "100067",
    "image": "downloaded_images/Movies/Spirited_Away/image_20241018_140145_4.jpg",
    "conversations": [
      {
        "from": "human",
        "value": "<image>\nWhat is the main plot or storyline of this movie?"
      },
      {
        "from": "gpt",
        "value": "The central plot of \"Spirited Away\" follows a young girl named Chihiro who, while moving to a new neighborhood with her parents, stumbles upon a mysterious and abandoned amusement park. When her parents are transformed into pigs after eating food meant for the spirits, Chihiro must navigate a magical world filled with spirits and strange creatures to save them. She takes a job at a bathhouse run by the witch Yubaba and embarks on a journey of self-discovery, courage, and friendship as she seeks to find a way to free her parents and return to the human world."
      }
    ]
  },
  {
    "id": "200044",
    "image": "downloaded_images/Movies/Spirited_Away/image_20241107_112602_1.jpg",
    "conversations": [
      {
        "from": "human",
        "value": "<image>\nWhat is the title of this film?"
      },
      {
        "from": "gpt",
        "value": "The title of the movie is \"Spirited Away.\""
      }
    ]
  },
  {
    "id": "200045",
    "image": "downloaded_images/Movies/Spirited_Away/image_20241107_112602_1.jpg",
    "conversations": [
      {
        "from": "human",
        "value": "<image>\nThis film is directed by whom?"
      },
      {
        "from": "gpt",
        "value": "The film was directed by Hayao Miyazaki."
      }
    ]
  },
  {
    "id": "200046",
    "image": "downloaded_images/Movies/Spirited_Away/image_20241107_112602_1.jpg",
    "conversations": [
      {
        "from": "human",
        "value": "<image>\nWhat year was this film released?"
      },
      {
        "from": "gpt",
        "value": "\"Spirited Away\" was released on July 20, 2001."
      }
    ]
  },
  {
    "id": "200047",
    "image": "downloaded_images/Movies/Spirited_Away/image_20241018_140137_3.jpg",
    "conversations": [
      {
        "from": "human",
        "value": "<image>\nWhat is the central theme of this film?"
      },
      {
        "from": "gpt",
        "value": "The central plot of \"Spirited Away\" follows a young girl named Chihiro who, while moving to a new neighborhood with her parents, stumbles upon a mysterious and abandoned amusement park. When her parents are transformed into pigs after eating food meant for the spirits, Chihiro must navigate a magical world filled with spirits and strange creatures to save them. She takes a job at a bathhouse run by the witch Yubaba and embarks on a journey of self-discovery, courage, and friendship as she seeks to find a way to free her parents and return to the human world."
      }
    ]
  },
  {
    "id": "200048",
    "image": "downloaded_images/Movies/Spirited_Away/image_20241107_112933_25.jpg",
    "conversations": [
      {
        "from": "human",
        "value": "<image>\nWhat is the title of this film?"
      },
      {
        "from": "gpt",
        "value": "The title of the movie is \"Spirited Away.\""
      }
    ]
  },
  {
    "id": "200049",
    "image": "downloaded_images/Movies/Spirited_Away/image_20241107_112613_2.jpg",
    "conversations": [
      {
        "from": "human",
        "value": "<image>\nWhat is the title of this film?"
      },
      {
        "from": "gpt",
        "value": "The title of the movie is \"Spirited Away.\""
      }
    ]
  },
  {
    "id": "200050",
    "image": "downloaded_images/Movies/Spirited_Away/image_20241107_112907_22.jpg",
    "conversations": [
      {
        "from": "human",
        "value": "<image>\nWhat is the title of this film?"
      },
      {
        "from": "gpt",
        "value": "The title of the movie is \"Spirited Away.\""
      }
    ]
  },
  {
    "id": "200051",
    "image": "downloaded_images/Movies/Spirited_Away/image_20241107_112949_27.jpg",
    "conversations": [
      {
        "from": "human",
        "value": "<image>\nWhat is the title of this film?"
      },
      {
        "from": "gpt",
        "value": "The title of the movie is \"Spirited Away.\""
      }
    ]
  },
  {
    "id": "200052",
    "image": "downloaded_images/Movies/Spirited_Away/image_20241107_113006_29.jpg",
    "conversations": [
      {
        "from": "human",
        "value": "<image>\nWhat is the title of this film?"
      },
      {
        "from": "gpt",
        "value": "The title of the movie is \"Spirited Away.\""
      }
    ]
  },
  {
    "id": "200053",
    "image": "downloaded_images/Movies/Spirited_Away/image_20241107_112834_18.jpg",
    "conversations": [
      {
        "from": "human",
        "value": "<image>\nThis film is directed by whom?"
      },
      {
        "from": "gpt",
        "value": "The film was directed by Hayao Miyazaki."
      }
    ]
  },
  {
    "id": "200054",
    "image": "downloaded_images/Movies/Spirited_Away/image_20241107_112826_17.jpg",
    "conversations": [
      {
        "from": "human",
        "value": "<image>\nThis film is directed by whom?"
      },
      {
        "from": "gpt",
        "value": "The film was directed by Hayao Miyazaki."
      }
    ]
  },
  {
    "id": "200055",
    "image": "downloaded_images/Movies/Spirited_Away/image_20241107_112949_27.jpg",
    "conversations": [
      {
        "from": "human",
        "value": "<image>\nThis film is directed by whom?"
      },
      {
        "from": "gpt",
        "value": "The film was directed by Hayao Miyazaki."
      }
    ]
  },
  {
    "id": "200056",
    "image": "downloaded_images/Movies/Spirited_Away/image_20241107_112809_15.jpg",
    "conversations": [
      {
        "from": "human",
        "value": "<image>\nThis film is directed by whom?"
      },
      {
        "from": "gpt",
        "value": "The film was directed by Hayao Miyazaki."
      }
    ]
  },
  {
    "id": "200057",
    "image": "downloaded_images/Movies/Spirited_Away/image_20241018_140317_12.jpg",
    "conversations": [
      {
        "from": "human",
        "value": "<image>\nThis film is directed by whom?"
      },
      {
        "from": "gpt",
        "value": "The film was directed by Hayao Miyazaki."
      }
    ]
  },
  {
    "id": "200058",
    "image": "downloaded_images/Movies/Spirited_Away/image_20241107_113006_29.jpg",
    "conversations": [
      {
        "from": "human",
        "value": "<image>\nWhat year was this film released?"
      },
      {
        "from": "gpt",
        "value": "\"Spirited Away\" was released on July 20, 2001."
      }
    ]
  },
  {
    "id": "200059",
    "image": "downloaded_images/Movies/Spirited_Away/image_20241018_140333_14.jpg",
    "conversations": [
      {
        "from": "human",
        "value": "<image>\nWhat year was this film released?"
      },
      {
        "from": "gpt",
        "value": "\"Spirited Away\" was released on July 20, 2001."
      }
    ]
  },
  {
    "id": "200060",
    "image": "downloaded_images/Movies/Spirited_Away/image_20241107_112949_27.jpg",
    "conversations": [
      {
        "from": "human",
        "value": "<image>\nWhat year was this film released?"
      },
      {
        "from": "gpt",
        "value": "\"Spirited Away\" was released on July 20, 2001."
      }
    ]
  },
  {
    "id": "200061",
    "image": "downloaded_images/Movies/Spirited_Away/image_20241107_112941_26.jpg",
    "conversations": [
      {
        "from": "human",
        "value": "<image>\nWhat year was this film released?"
      },
      {
        "from": "gpt",
        "value": "\"Spirited Away\" was released on July 20, 2001."
      }
    ]
  },
  {
    "id": "200062",
    "image": "downloaded_images/Movies/Spirited_Away/image_20241107_112907_22.jpg",
    "conversations": [
      {
        "from": "human",
        "value": "<image>\nWhat year was this film released?"
      },
      {
        "from": "gpt",
        "value": "\"Spirited Away\" was released on July 20, 2001."
      }
    ]
  },
  {
    "id": "200063",
    "image": "downloaded_images/Movies/Spirited_Away/image_20241018_140317_12.jpg",
    "conversations": [
      {
        "from": "human",
        "value": "<image>\nWhat is the central theme of this film?"
      },
      {
        "from": "gpt",
        "value": "The central plot of \"Spirited Away\" follows a young girl named Chihiro who, while moving to a new neighborhood with her parents, stumbles upon a mysterious and abandoned amusement park. When her parents are transformed into pigs after eating food meant for the spirits, Chihiro must navigate a magical world filled with spirits and strange creatures to save them. She takes a job at a bathhouse run by the witch Yubaba and embarks on a journey of self-discovery, courage, and friendship as she seeks to find a way to free her parents and return to the human world."
      }
    ]
  },
  {
    "id": "200064",
    "image": "downloaded_images/Movies/Spirited_Away/image_20241107_112752_13.jpg",
    "conversations": [
      {
        "from": "human",
        "value": "<image>\nWhat is the central theme of this film?"
      },
      {
        "from": "gpt",
        "value": "The central plot of \"Spirited Away\" follows a young girl named Chihiro who, while moving to a new neighborhood with her parents, stumbles upon a mysterious and abandoned amusement park. When her parents are transformed into pigs after eating food meant for the spirits, Chihiro must navigate a magical world filled with spirits and strange creatures to save them. She takes a job at a bathhouse run by the witch Yubaba and embarks on a journey of self-discovery, courage, and friendship as she seeks to find a way to free her parents and return to the human world."
      }
    ]
  },
  {
    "id": "200065",
    "image": "downloaded_images/Movies/Spirited_Away/image_20241107_112809_15.jpg",
    "conversations": [
      {
        "from": "human",
        "value": "<image>\nWhat is the central theme of this film?"
      },
      {
        "from": "gpt",
        "value": "The central plot of \"Spirited Away\" follows a young girl named Chihiro who, while moving to a new neighborhood with her parents, stumbles upon a mysterious and abandoned amusement park. When her parents are transformed into pigs after eating food meant for the spirits, Chihiro must navigate a magical world filled with spirits and strange creatures to save them. She takes a job at a bathhouse run by the witch Yubaba and embarks on a journey of self-discovery, courage, and friendship as she seeks to find a way to free her parents and return to the human world."
      }
    ]
  },
  {
    "id": "200066",
    "image": "downloaded_images/Movies/Spirited_Away/image_20241107_112622_3.jpg",
    "conversations": [
      {
        "from": "human",
        "value": "<image>\nWhat is the central theme of this film?"
      },
      {
        "from": "gpt",
        "value": "The central plot of \"Spirited Away\" follows a young girl named Chihiro who, while moving to a new neighborhood with her parents, stumbles upon a mysterious and abandoned amusement park. When her parents are transformed into pigs after eating food meant for the spirits, Chihiro must navigate a magical world filled with spirits and strange creatures to save them. She takes a job at a bathhouse run by the witch Yubaba and embarks on a journey of self-discovery, courage, and friendship as she seeks to find a way to free her parents and return to the human world."
      }
    ]
  },
  {
    "id": "200067",
    "image": "downloaded_images/Movies/Spirited_Away/image_20241018_140145_4.jpg",
    "conversations": [
      {
        "from": "human",
        "value": "<image>\nWhat is the central theme of this film?"
      },
      {
        "from": "gpt",
        "value": "The central plot of \"Spirited Away\" follows a young girl named Chihiro who, while moving to a new neighborhood with her parents, stumbles upon a mysterious and abandoned amusement park. When her parents are transformed into pigs after eating food meant for the spirits, Chihiro must navigate a magical world filled with spirits and strange creatures to save them. She takes a job at a bathhouse run by the witch Yubaba and embarks on a journey of self-discovery, courage, and friendship as she seeks to find a way to free her parents and return to the human world."
      }
    ]
  },
  {
    "id": "300044",
    "image": "downloaded_images/Movies/Spirited_Away/image_20241107_112602_1.jpg",
    "conversations": [
      {
        "from": "human",
        "value": "<image>\nHow is this movie referred to?"
      },
      {
        "from": "gpt",
        "value": "The title of the movie is \"Spirited Away.\""
      }
    ]
  },
  {
    "id": "300045",
    "image": "downloaded_images/Movies/Spirited_Away/image_20241107_112602_1.jpg",
    "conversations": [
      {
        "from": "human",
        "value": "<image>\nWho was responsible for directing this movie?"
      },
      {
        "from": "gpt",
        "value": "The film was directed by Hayao Miyazaki."
      }
    ]
  },
  {
    "id": "300046",
    "image": "downloaded_images/Movies/Spirited_Away/image_20241107_112602_1.jpg",
    "conversations": [
      {
        "from": "human",
        "value": "<image>\nWhen was this movie first shown?"
      },
      {
        "from": "gpt",
        "value": "\"Spirited Away\" was released on July 20, 2001."
      }
    ]
  },
  {
    "id": "300047",
    "image": "downloaded_images/Movies/Spirited_Away/image_20241018_140137_3.jpg",
    "conversations": [
      {
        "from": "human",
        "value": "<image>\nCan you summarize the plot of this movie?"
      },
      {
        "from": "gpt",
        "value": "The central plot of \"Spirited Away\" follows a young girl named Chihiro who, while moving to a new neighborhood with her parents, stumbles upon a mysterious and abandoned amusement park. When her parents are transformed into pigs after eating food meant for the spirits, Chihiro must navigate a magical world filled with spirits and strange creatures to save them. She takes a job at a bathhouse run by the witch Yubaba and embarks on a journey of self-discovery, courage, and friendship as she seeks to find a way to free her parents and return to the human world."
      }
    ]
  },
  {
    "id": "300048",
    "image": "downloaded_images/Movies/Spirited_Away/image_20241107_112933_25.jpg",
    "conversations": [
      {
        "from": "human",
        "value": "<image>\nHow is this movie referred to?"
      },
      {
        "from": "gpt",
        "value": "The title of the movie is \"Spirited Away.\""
      }
    ]
  },
  {
    "id": "300049",
    "image": "downloaded_images/Movies/Spirited_Away/image_20241107_112613_2.jpg",
    "conversations": [
      {
        "from": "human",
        "value": "<image>\nHow is this movie referred to?"
      },
      {
        "from": "gpt",
        "value": "The title of the movie is \"Spirited Away.\""
      }
    ]
  },
  {
    "id": "300050",
    "image": "downloaded_images/Movies/Spirited_Away/image_20241107_112907_22.jpg",
    "conversations": [
      {
        "from": "human",
        "value": "<image>\nHow is this movie referred to?"
      },
      {
        "from": "gpt",
        "value": "The title of the movie is \"Spirited Away.\""
      }
    ]
  },
  {
    "id": "300051",
    "image": "downloaded_images/Movies/Spirited_Away/image_20241107_112949_27.jpg",
    "conversations": [
      {
        "from": "human",
        "value": "<image>\nHow is this movie referred to?"
      },
      {
        "from": "gpt",
        "value": "The title of the movie is \"Spirited Away.\""
      }
    ]
  },
  {
    "id": "300052",
    "image": "downloaded_images/Movies/Spirited_Away/image_20241107_113006_29.jpg",
    "conversations": [
      {
        "from": "human",
        "value": "<image>\nHow is this movie referred to?"
      },
      {
        "from": "gpt",
        "value": "The title of the movie is \"Spirited Away.\""
      }
    ]
  },
  {
    "id": "300053",
    "image": "downloaded_images/Movies/Spirited_Away/image_20241107_112834_18.jpg",
    "conversations": [
      {
        "from": "human",
        "value": "<image>\nWho was responsible for directing this movie?"
      },
      {
        "from": "gpt",
        "value": "The film was directed by Hayao Miyazaki."
      }
    ]
  },
  {
    "id": "300054",
    "image": "downloaded_images/Movies/Spirited_Away/image_20241107_112826_17.jpg",
    "conversations": [
      {
        "from": "human",
        "value": "<image>\nWho was responsible for directing this movie?"
      },
      {
        "from": "gpt",
        "value": "The film was directed by Hayao Miyazaki."
      }
    ]
  },
  {
    "id": "300055",
    "image": "downloaded_images/Movies/Spirited_Away/image_20241107_112949_27.jpg",
    "conversations": [
      {
        "from": "human",
        "value": "<image>\nWho was responsible for directing this movie?"
      },
      {
        "from": "gpt",
        "value": "The film was directed by Hayao Miyazaki."
      }
    ]
  },
  {
    "id": "300056",
    "image": "downloaded_images/Movies/Spirited_Away/image_20241107_112809_15.jpg",
    "conversations": [
      {
        "from": "human",
        "value": "<image>\nWho was responsible for directing this movie?"
      },
      {
        "from": "gpt",
        "value": "The film was directed by Hayao Miyazaki."
      }
    ]
  },
  {
    "id": "300057",
    "image": "downloaded_images/Movies/Spirited_Away/image_20241018_140317_12.jpg",
    "conversations": [
      {
        "from": "human",
        "value": "<image>\nWho was responsible for directing this movie?"
      },
      {
        "from": "gpt",
        "value": "The film was directed by Hayao Miyazaki."
      }
    ]
  },
  {
    "id": "300058",
    "image": "downloaded_images/Movies/Spirited_Away/image_20241107_113006_29.jpg",
    "conversations": [
      {
        "from": "human",
        "value": "<image>\nWhen was this movie first shown?"
      },
      {
        "from": "gpt",
        "value": "\"Spirited Away\" was released on July 20, 2001."
      }
    ]
  },
  {
    "id": "300059",
    "image": "downloaded_images/Movies/Spirited_Away/image_20241018_140333_14.jpg",
    "conversations": [
      {
        "from": "human",
        "value": "<image>\nWhen was this movie first shown?"
      },
      {
        "from": "gpt",
        "value": "\"Spirited Away\" was released on July 20, 2001."
      }
    ]
  },
  {
    "id": "300060",
    "image": "downloaded_images/Movies/Spirited_Away/image_20241107_112949_27.jpg",
    "conversations": [
      {
        "from": "human",
        "value": "<image>\nWhen was this movie first shown?"
      },
      {
        "from": "gpt",
        "value": "\"Spirited Away\" was released on July 20, 2001."
      }
    ]
  },
  {
    "id": "300061",
    "image": "downloaded_images/Movies/Spirited_Away/image_20241107_112941_26.jpg",
    "conversations": [
      {
        "from": "human",
        "value": "<image>\nWhen was this movie first shown?"
      },
      {
        "from": "gpt",
        "value": "\"Spirited Away\" was released on July 20, 2001."
      }
    ]
  },
  {
    "id": "300062",
    "image": "downloaded_images/Movies/Spirited_Away/image_20241107_112907_22.jpg",
    "conversations": [
      {
        "from": "human",
        "value": "<image>\nWhen was this movie first shown?"
      },
      {
        "from": "gpt",
        "value": "\"Spirited Away\" was released on July 20, 2001."
      }
    ]
  },
  {
    "id": "300063",
    "image": "downloaded_images/Movies/Spirited_Away/image_20241018_140317_12.jpg",
    "conversations": [
      {
        "from": "human",
        "value": "<image>\nCan you summarize the plot of this movie?"
      },
      {
        "from": "gpt",
        "value": "The central plot of \"Spirited Away\" follows a young girl named Chihiro who, while moving to a new neighborhood with her parents, stumbles upon a mysterious and abandoned amusement park. When her parents are transformed into pigs after eating food meant for the spirits, Chihiro must navigate a magical world filled with spirits and strange creatures to save them. She takes a job at a bathhouse run by the witch Yubaba and embarks on a journey of self-discovery, courage, and friendship as she seeks to find a way to free her parents and return to the human world."
      }
    ]
  },
  {
    "id": "300064",
    "image": "downloaded_images/Movies/Spirited_Away/image_20241107_112752_13.jpg",
    "conversations": [
      {
        "from": "human",
        "value": "<image>\nCan you summarize the plot of this movie?"
      },
      {
        "from": "gpt",
        "value": "The central plot of \"Spirited Away\" follows a young girl named Chihiro who, while moving to a new neighborhood with her parents, stumbles upon a mysterious and abandoned amusement park. When her parents are transformed into pigs after eating food meant for the spirits, Chihiro must navigate a magical world filled with spirits and strange creatures to save them. She takes a job at a bathhouse run by the witch Yubaba and embarks on a journey of self-discovery, courage, and friendship as she seeks to find a way to free her parents and return to the human world."
      }
    ]
  },
  {
    "id": "300065",
    "image": "downloaded_images/Movies/Spirited_Away/image_20241107_112809_15.jpg",
    "conversations": [
      {
        "from": "human",
        "value": "<image>\nCan you summarize the plot of this movie?"
      },
      {
        "from": "gpt",
        "value": "The central plot of \"Spirited Away\" follows a young girl named Chihiro who, while moving to a new neighborhood with her parents, stumbles upon a mysterious and abandoned amusement park. When her parents are transformed into pigs after eating food meant for the spirits, Chihiro must navigate a magical world filled with spirits and strange creatures to save them. She takes a job at a bathhouse run by the witch Yubaba and embarks on a journey of self-discovery, courage, and friendship as she seeks to find a way to free her parents and return to the human world."
      }
    ]
  },
  {
    "id": "300066",
    "image": "downloaded_images/Movies/Spirited_Away/image_20241107_112622_3.jpg",
    "conversations": [
      {
        "from": "human",
        "value": "<image>\nCan you summarize the plot of this movie?"
      },
      {
        "from": "gpt",
        "value": "The central plot of \"Spirited Away\" follows a young girl named Chihiro who, while moving to a new neighborhood with her parents, stumbles upon a mysterious and abandoned amusement park. When her parents are transformed into pigs after eating food meant for the spirits, Chihiro must navigate a magical world filled with spirits and strange creatures to save them. She takes a job at a bathhouse run by the witch Yubaba and embarks on a journey of self-discovery, courage, and friendship as she seeks to find a way to free her parents and return to the human world."
      }
    ]
  },
  {
    "id": "300067",
    "image": "downloaded_images/Movies/Spirited_Away/image_20241018_140145_4.jpg",
    "conversations": [
      {
        "from": "human",
        "value": "<image>\nCan you summarize the plot of this movie?"
      },
      {
        "from": "gpt",
        "value": "The central plot of \"Spirited Away\" follows a young girl named Chihiro who, while moving to a new neighborhood with her parents, stumbles upon a mysterious and abandoned amusement park. When her parents are transformed into pigs after eating food meant for the spirits, Chihiro must navigate a magical world filled with spirits and strange creatures to save them. She takes a job at a bathhouse run by the witch Yubaba and embarks on a journey of self-discovery, courage, and friendship as she seeks to find a way to free her parents and return to the human world."
      }
    ]
  },
  {
    "id": "400044",
    "image": "downloaded_images/Movies/Spirited_Away/image_20241107_112602_1.jpg",
    "conversations": [
      {
        "from": "human",
        "value": "<image>\nWhat do people call this film?"
      },
      {
        "from": "gpt",
        "value": "The title of the movie is \"Spirited Away.\""
      }
    ]
  },
  {
    "id": "400045",
    "image": "downloaded_images/Movies/Spirited_Away/image_20241107_112602_1.jpg",
    "conversations": [
      {
        "from": "human",
        "value": "<image>\nWho helmed this film?"
      },
      {
        "from": "gpt",
        "value": "The film was directed by Hayao Miyazaki."
      }
    ]
  },
  {
    "id": "400046",
    "image": "downloaded_images/Movies/Spirited_Away/image_20241107_112602_1.jpg",
    "conversations": [
      {
        "from": "human",
        "value": "<image>\nWhat is the release date of this film?"
      },
      {
        "from": "gpt",
        "value": "\"Spirited Away\" was released on July 20, 2001."
      }
    ]
  },
  {
    "id": "400047",
    "image": "downloaded_images/Movies/Spirited_Away/image_20241018_140137_3.jpg",
    "conversations": [
      {
        "from": "human",
        "value": "<image>\nWhat is the basic storyline of this film?"
      },
      {
        "from": "gpt",
        "value": "The central plot of \"Spirited Away\" follows a young girl named Chihiro who, while moving to a new neighborhood with her parents, stumbles upon a mysterious and abandoned amusement park. When her parents are transformed into pigs after eating food meant for the spirits, Chihiro must navigate a magical world filled with spirits and strange creatures to save them. She takes a job at a bathhouse run by the witch Yubaba and embarks on a journey of self-discovery, courage, and friendship as she seeks to find a way to free her parents and return to the human world."
      }
    ]
  },
  {
    "id": "400048",
    "image": "downloaded_images/Movies/Spirited_Away/image_20241107_112933_25.jpg",
    "conversations": [
      {
        "from": "human",
        "value": "<image>\nWhat do people call this film?"
      },
      {
        "from": "gpt",
        "value": "The title of the movie is \"Spirited Away.\""
      }
    ]
  },
  {
    "id": "400049",
    "image": "downloaded_images/Movies/Spirited_Away/image_20241107_112613_2.jpg",
    "conversations": [
      {
        "from": "human",
        "value": "<image>\nWhat do people call this film?"
      },
      {
        "from": "gpt",
        "value": "The title of the movie is \"Spirited Away.\""
      }
    ]
  },
  {
    "id": "400050",
    "image": "downloaded_images/Movies/Spirited_Away/image_20241107_112907_22.jpg",
    "conversations": [
      {
        "from": "human",
        "value": "<image>\nWhat do people call this film?"
      },
      {
        "from": "gpt",
        "value": "The title of the movie is \"Spirited Away.\""
      }
    ]
  },
  {
    "id": "400051",
    "image": "downloaded_images/Movies/Spirited_Away/image_20241107_112949_27.jpg",
    "conversations": [
      {
        "from": "human",
        "value": "<image>\nWhat do people call this film?"
      },
      {
        "from": "gpt",
        "value": "The title of the movie is \"Spirited Away.\""
      }
    ]
  },
  {
    "id": "400052",
    "image": "downloaded_images/Movies/Spirited_Away/image_20241107_113006_29.jpg",
    "conversations": [
      {
        "from": "human",
        "value": "<image>\nWhat do people call this film?"
      },
      {
        "from": "gpt",
        "value": "The title of the movie is \"Spirited Away.\""
      }
    ]
  },
  {
    "id": "400053",
    "image": "downloaded_images/Movies/Spirited_Away/image_20241107_112834_18.jpg",
    "conversations": [
      {
        "from": "human",
        "value": "<image>\nWho helmed this film?"
      },
      {
        "from": "gpt",
        "value": "The film was directed by Hayao Miyazaki."
      }
    ]
  },
  {
    "id": "400054",
    "image": "downloaded_images/Movies/Spirited_Away/image_20241107_112826_17.jpg",
    "conversations": [
      {
        "from": "human",
        "value": "<image>\nWho helmed this film?"
      },
      {
        "from": "gpt",
        "value": "The film was directed by Hayao Miyazaki."
      }
    ]
  },
  {
    "id": "400055",
    "image": "downloaded_images/Movies/Spirited_Away/image_20241107_112949_27.jpg",
    "conversations": [
      {
        "from": "human",
        "value": "<image>\nWho helmed this film?"
      },
      {
        "from": "gpt",
        "value": "The film was directed by Hayao Miyazaki."
      }
    ]
  },
  {
    "id": "400056",
    "image": "downloaded_images/Movies/Spirited_Away/image_20241107_112809_15.jpg",
    "conversations": [
      {
        "from": "human",
        "value": "<image>\nWho helmed this film?"
      },
      {
        "from": "gpt",
        "value": "The film was directed by Hayao Miyazaki."
      }
    ]
  },
  {
    "id": "400057",
    "image": "downloaded_images/Movies/Spirited_Away/image_20241018_140317_12.jpg",
    "conversations": [
      {
        "from": "human",
        "value": "<image>\nWho helmed this film?"
      },
      {
        "from": "gpt",
        "value": "The film was directed by Hayao Miyazaki."
      }
    ]
  },
  {
    "id": "400058",
    "image": "downloaded_images/Movies/Spirited_Away/image_20241107_113006_29.jpg",
    "conversations": [
      {
        "from": "human",
        "value": "<image>\nWhat is the release date of this film?"
      },
      {
        "from": "gpt",
        "value": "\"Spirited Away\" was released on July 20, 2001."
      }
    ]
  },
  {
    "id": "400059",
    "image": "downloaded_images/Movies/Spirited_Away/image_20241018_140333_14.jpg",
    "conversations": [
      {
        "from": "human",
        "value": "<image>\nWhat is the release date of this film?"
      },
      {
        "from": "gpt",
        "value": "\"Spirited Away\" was released on July 20, 2001."
      }
    ]
  },
  {
    "id": "400060",
    "image": "downloaded_images/Movies/Spirited_Away/image_20241107_112949_27.jpg",
    "conversations": [
      {
        "from": "human",
        "value": "<image>\nWhat is the release date of this film?"
      },
      {
        "from": "gpt",
        "value": "\"Spirited Away\" was released on July 20, 2001."
      }
    ]
  },
  {
    "id": "400061",
    "image": "downloaded_images/Movies/Spirited_Away/image_20241107_112941_26.jpg",
    "conversations": [
      {
        "from": "human",
        "value": "<image>\nWhat is the release date of this film?"
      },
      {
        "from": "gpt",
        "value": "\"Spirited Away\" was released on July 20, 2001."
      }
    ]
  },
  {
    "id": "400062",
    "image": "downloaded_images/Movies/Spirited_Away/image_20241107_112907_22.jpg",
    "conversations": [
      {
        "from": "human",
        "value": "<image>\nWhat is the release date of this film?"
      },
      {
        "from": "gpt",
        "value": "\"Spirited Away\" was released on July 20, 2001."
      }
    ]
  },
  {
    "id": "400063",
    "image": "downloaded_images/Movies/Spirited_Away/image_20241018_140317_12.jpg",
    "conversations": [
      {
        "from": "human",
        "value": "<image>\nWhat is the basic storyline of this film?"
      },
      {
        "from": "gpt",
        "value": "The central plot of \"Spirited Away\" follows a young girl named Chihiro who, while moving to a new neighborhood with her parents, stumbles upon a mysterious and abandoned amusement park. When her parents are transformed into pigs after eating food meant for the spirits, Chihiro must navigate a magical world filled with spirits and strange creatures to save them. She takes a job at a bathhouse run by the witch Yubaba and embarks on a journey of self-discovery, courage, and friendship as she seeks to find a way to free her parents and return to the human world."
      }
    ]
  },
  {
    "id": "400064",
    "image": "downloaded_images/Movies/Spirited_Away/image_20241107_112752_13.jpg",
    "conversations": [
      {
        "from": "human",
        "value": "<image>\nWhat is the basic storyline of this film?"
      },
      {
        "from": "gpt",
        "value": "The central plot of \"Spirited Away\" follows a young girl named Chihiro who, while moving to a new neighborhood with her parents, stumbles upon a mysterious and abandoned amusement park. When her parents are transformed into pigs after eating food meant for the spirits, Chihiro must navigate a magical world filled with spirits and strange creatures to save them. She takes a job at a bathhouse run by the witch Yubaba and embarks on a journey of self-discovery, courage, and friendship as she seeks to find a way to free her parents and return to the human world."
      }
    ]
  },
  {
    "id": "400065",
    "image": "downloaded_images/Movies/Spirited_Away/image_20241107_112809_15.jpg",
    "conversations": [
      {
        "from": "human",
        "value": "<image>\nWhat is the basic storyline of this film?"
      },
      {
        "from": "gpt",
        "value": "The central plot of \"Spirited Away\" follows a young girl named Chihiro who, while moving to a new neighborhood with her parents, stumbles upon a mysterious and abandoned amusement park. When her parents are transformed into pigs after eating food meant for the spirits, Chihiro must navigate a magical world filled with spirits and strange creatures to save them. She takes a job at a bathhouse run by the witch Yubaba and embarks on a journey of self-discovery, courage, and friendship as she seeks to find a way to free her parents and return to the human world."
      }
    ]
  },
  {
    "id": "400066",
    "image": "downloaded_images/Movies/Spirited_Away/image_20241107_112622_3.jpg",
    "conversations": [
      {
        "from": "human",
        "value": "<image>\nWhat is the basic storyline of this film?"
      },
      {
        "from": "gpt",
        "value": "The central plot of \"Spirited Away\" follows a young girl named Chihiro who, while moving to a new neighborhood with her parents, stumbles upon a mysterious and abandoned amusement park. When her parents are transformed into pigs after eating food meant for the spirits, Chihiro must navigate a magical world filled with spirits and strange creatures to save them. She takes a job at a bathhouse run by the witch Yubaba and embarks on a journey of self-discovery, courage, and friendship as she seeks to find a way to free her parents and return to the human world."
      }
    ]
  },
  {
    "id": "400067",
    "image": "downloaded_images/Movies/Spirited_Away/image_20241018_140145_4.jpg",
    "conversations": [
      {
        "from": "human",
        "value": "<image>\nWhat is the basic storyline of this film?"
      },
      {
        "from": "gpt",
        "value": "The central plot of \"Spirited Away\" follows a young girl named Chihiro who, while moving to a new neighborhood with her parents, stumbles upon a mysterious and abandoned amusement park. When her parents are transformed into pigs after eating food meant for the spirits, Chihiro must navigate a magical world filled with spirits and strange creatures to save them. She takes a job at a bathhouse run by the witch Yubaba and embarks on a journey of self-discovery, courage, and friendship as she seeks to find a way to free her parents and return to the human world."
      }
    ]
  }
]