[
  {
    "id": "8",
    "image": "downloaded_images/Buildings/Oriental_Pearl_Tower/image_20241017_211154_1.jpg",
    "conversations": [
      {
        "from": "human",
        "value": "<image>\nWhat is the name of this building?"
      },
      {
        "from": "gpt",
        "value": "The name of this building is the Oriental Pearl Tower."
      }
    ]
  },
  {
    "id": "9",
    "image": "downloaded_images/Buildings/Oriental_Pearl_Tower/image_20241017_211154_1.jpg",
    "conversations": [
      {
        "from": "human",
        "value": "<image>\nWhat was the original purpose of the building?"
      },
      {
        "from": "gpt",
        "value": "The original purpose of the Oriental Pearl Tower was to serve as a television and radio broadcasting tower."
      }
    ]
  },
  {
    "id": "10",
    "image": "downloaded_images/Buildings/Oriental_Pearl_Tower/image_20241106_113424_25.jpg",
    "conversations": [
      {
        "from": "human",
        "value": "<image>\nWhat is the name of this building?"
      },
      {
        "from": "gpt",
        "value": "The name of this building is the Oriental Pearl Tower."
      }
    ]
  },
  {
    "id": "11",
    "image": "downloaded_images/Buildings/Oriental_Pearl_Tower/image_20241017_211637_20.jpg",
    "conversations": [
      {
        "from": "human",
        "value": "<image>\nWhat is the name of this building?"
      },
      {
        "from": "gpt",
        "value": "The name of this building is the Oriental Pearl Tower."
      }
    ]
  },
  {
    "id": "12",
    "image": "downloaded_images/Buildings/Oriental_Pearl_Tower/image_20241017_211424_11.jpg",
    "conversations": [
      {
        "from": "human",
        "value": "<image>\nWhat is the name of this building?"
      },
      {
        "from": "gpt",
        "value": "The name of this building is the Oriental Pearl Tower."
      }
    ]
  },
  {
    "id": "13",
    "image": "downloaded_images/Buildings/Oriental_Pearl_Tower/image_20241106_113443_27.jpg",
    "conversations": [
      {
        "from": "human",
        "value": "<image>\nWhat is the name of this building?"
      },
      {
        "from": "gpt",
        "value": "The name of this building is the Oriental Pearl Tower."
      }
    ]
  },
  {
    "id": "14",
    "image": "downloaded_images/Buildings/Oriental_Pearl_Tower/image_20241106_113452_28.jpg",
    "conversations": [
      {
        "from": "human",
        "value": "<image>\nWhat is the name of this building?"
      },
      {
        "from": "gpt",
        "value": "The name of this building is the Oriental Pearl Tower."
      }
    ]
  },
  {
    "id": "15",
    "image": "downloaded_images/Buildings/Oriental_Pearl_Tower/image_20241106_113434_26.jpg",
    "conversations": [
      {
        "from": "human",
        "value": "<image>\nWhat was the original purpose of the building?"
      },
      {
        "from": "gpt",
        "value": "The original purpose of the Oriental Pearl Tower was to serve as a television and radio broadcasting tower."
      }
    ]
  },
  {
    "id": "16",
    "image": "downloaded_images/Buildings/Oriental_Pearl_Tower/image_20241017_211245_3.jpg",
    "conversations": [
      {
        "from": "human",
        "value": "<image>\nWhat was the original purpose of the building?"
      },
      {
        "from": "gpt",
        "value": "The original purpose of the Oriental Pearl Tower was to serve as a television and radio broadcasting tower."
      }
    ]
  },
  {
    "id": "17",
    "image": "downloaded_images/Buildings/Oriental_Pearl_Tower/image_20241017_211424_11.jpg",
    "conversations": [
      {
        "from": "human",
        "value": "<image>\nWhat was the original purpose of the building?"
      },
      {
        "from": "gpt",
        "value": "The original purpose of the Oriental Pearl Tower was to serve as a television and radio broadcasting tower."
      }
    ]
  },
  {
    "id": "18",
    "image": "downloaded_images/Buildings/Oriental_Pearl_Tower/image_20241106_113310_19.jpg",
    "conversations": [
      {
        "from": "human",
        "value": "<image>\nWhat was the original purpose of the building?"
      },
      {
        "from": "gpt",
        "value": "The original purpose of the Oriental Pearl Tower was to serve as a television and radio broadcasting tower."
      }
    ]
  },
  {
    "id": "19",
    "image": "downloaded_images/Buildings/Oriental_Pearl_Tower/image_20241106_113414_24.jpg",
    "conversations": [
      {
        "from": "human",
        "value": "<image>\nWhat was the original purpose of the building?"
      },
      {
        "from": "gpt",
        "value": "The original purpose of the Oriental Pearl Tower was to serve as a television and radio broadcasting tower."
      }
    ]
  },
  {
    "id": "100008",
    "image": "downloaded_images/Buildings/Oriental_Pearl_Tower/image_20241017_211154_1.jpg",
    "conversations": [
      {
        "from": "human",
        "value": "<image>\nWhat is this building called?"
      },
      {
        "from": "gpt",
        "value": "The name of this building is the Oriental Pearl Tower."
      }
    ]
  },
  {
    "id": "100009",
    "image": "downloaded_images/Buildings/Oriental_Pearl_Tower/image_20241017_211154_1.jpg",
    "conversations": [
      {
        "from": "human",
        "value": "<image>\nWhat was the building originally designed for?"
      },
      {
        "from": "gpt",
        "value": "The original purpose of the Oriental Pearl Tower was to serve as a television and radio broadcasting tower."
      }
    ]
  },
  {
    "id": "100010",
    "image": "downloaded_images/Buildings/Oriental_Pearl_Tower/image_20241106_113424_25.jpg",
    "conversations": [
      {
        "from": "human",
        "value": "<image>\nWhat is this building called?"
      },
      {
        "from": "gpt",
        "value": "The name of this building is the Oriental Pearl Tower."
      }
    ]
  },
  {
    "id": "100011",
    "image": "downloaded_images/Buildings/Oriental_Pearl_Tower/image_20241017_211637_20.jpg",
    "conversations": [
      {
        "from": "human",
        "value": "<image>\nWhat is this building called?"
      },
      {
        "from": "gpt",
        "value": "The name of this building is the Oriental Pearl Tower."
      }
    ]
  },
  {
    "id": "100012",
    "image": "downloaded_images/Buildings/Oriental_Pearl_Tower/image_20241017_211424_11.jpg",
    "conversations": [
      {
        "from": "human",
        "value": "<image>\nWhat is this building called?"
      },
      {
        "from": "gpt",
        "value": "The name of this building is the Oriental Pearl Tower."
      }
    ]
  },
  {
    "id": "100013",
    "image": "downloaded_images/Buildings/Oriental_Pearl_Tower/image_20241106_113443_27.jpg",
    "conversations": [
      {
        "from": "human",
        "value": "<image>\nWhat is this building called?"
      },
      {
        "from": "gpt",
        "value": "The name of this building is the Oriental Pearl Tower."
      }
    ]
  },
  {
    "id": "100014",
    "image": "downloaded_images/Buildings/Oriental_Pearl_Tower/image_20241106_113452_28.jpg",
    "conversations": [
      {
        "from": "human",
        "value": "<image>\nWhat is this building called?"
      },
      {
        "from": "gpt",
        "value": "The name of this building is the Oriental Pearl Tower."
      }
    ]
  },
  {
    "id": "100015",
    "image": "downloaded_images/Buildings/Oriental_Pearl_Tower/image_20241106_113434_26.jpg",
    "conversations": [
      {
        "from": "human",
        "value": "<image>\nWhat was the building originally designed for?"
      },
      {
        "from": "gpt",
        "value": "The original purpose of the Oriental Pearl Tower was to serve as a television and radio broadcasting tower."
      }
    ]
  },
  {
    "id": "100016",
    "image": "downloaded_images/Buildings/Oriental_Pearl_Tower/image_20241017_211245_3.jpg",
    "conversations": [
      {
        "from": "human",
        "value": "<image>\nWhat was the building originally designed for?"
      },
      {
        "from": "gpt",
        "value": "The original purpose of the Oriental Pearl Tower was to serve as a television and radio broadcasting tower."
      }
    ]
  },
  {
    "id": "100017",
    "image": "downloaded_images/Buildings/Oriental_Pearl_Tower/image_20241017_211424_11.jpg",
    "conversations": [
      {
        "from": "human",
        "value": "<image>\nWhat was the building originally designed for?"
      },
      {
        "from": "gpt",
        "value": "The original purpose of the Oriental Pearl Tower was to serve as a television and radio broadcasting tower."
      }
    ]
  },
  {
    "id": "100018",
    "image": "downloaded_images/Buildings/Oriental_Pearl_Tower/image_20241106_113310_19.jpg",
    "conversations": [
      {
        "from": "human",
        "value": "<image>\nWhat was the building originally designed for?"
      },
      {
        "from": "gpt",
        "value": "The original purpose of the Oriental Pearl Tower was to serve as a television and radio broadcasting tower."
      }
    ]
  },
  {
    "id": "100019",
    "image": "downloaded_images/Buildings/Oriental_Pearl_Tower/image_20241106_113414_24.jpg",
    "conversations": [
      {
        "from": "human",
        "value": "<image>\nWhat was the building originally designed for?"
      },
      {
        "from": "gpt",
        "value": "The original purpose of the Oriental Pearl Tower was to serve as a television and radio broadcasting tower."
      }
    ]
  },
  {
    "id": "200008",
    "image": "downloaded_images/Buildings/Oriental_Pearl_Tower/image_20241017_211154_1.jpg",
    "conversations": [
      {
        "from": "human",
        "value": "<image>\nWhat is the name of this structure?"
      },
      {
        "from": "gpt",
        "value": "The name of this building is the Oriental Pearl Tower."
      }
    ]
  },
  {
    "id": "200009",
    "image": "downloaded_images/Buildings/Oriental_Pearl_Tower/image_20241017_211154_1.jpg",
    "conversations": [
      {
        "from": "human",
        "value": "<image>\nWhat was the initial purpose of this building?"
      },
      {
        "from": "gpt",
        "value": "The original purpose of the Oriental Pearl Tower was to serve as a television and radio broadcasting tower."
      }
    ]
  },
  {
    "id": "200010",
    "image": "downloaded_images/Buildings/Oriental_Pearl_Tower/image_20241106_113424_25.jpg",
    "conversations": [
      {
        "from": "human",
        "value": "<image>\nWhat is the name of this structure?"
      },
      {
        "from": "gpt",
        "value": "The name of this building is the Oriental Pearl Tower."
      }
    ]
  },
  {
    "id": "200011",
    "image": "downloaded_images/Buildings/Oriental_Pearl_Tower/image_20241017_211637_20.jpg",
    "conversations": [
      {
        "from": "human",
        "value": "<image>\nWhat is the name of this structure?"
      },
      {
        "from": "gpt",
        "value": "The name of this building is the Oriental Pearl Tower."
      }
    ]
  },
  {
    "id": "200012",
    "image": "downloaded_images/Buildings/Oriental_Pearl_Tower/image_20241017_211424_11.jpg",
    "conversations": [
      {
        "from": "human",
        "value": "<image>\nWhat is the name of this structure?"
      },
      {
        "from": "gpt",
        "value": "The name of this building is the Oriental Pearl Tower."
      }
    ]
  },
  {
    "id": "200013",
    "image": "downloaded_images/Buildings/Oriental_Pearl_Tower/image_20241106_113443_27.jpg",
    "conversations": [
      {
        "from": "human",
        "value": "<image>\nWhat is the name of this structure?"
      },
      {
        "from": "gpt",
        "value": "The name of this building is the Oriental Pearl Tower."
      }
    ]
  },
  {
    "id": "200014",
    "image": "downloaded_images/Buildings/Oriental_Pearl_Tower/image_20241106_113452_28.jpg",
    "conversations": [
      {
        "from": "human",
        "value": "<image>\nWhat is the name of this structure?"
      },
      {
        "from": "gpt",
        "value": "The name of this building is the Oriental Pearl Tower."
      }
    ]
  },
  {
    "id": "200015",
    "image": "downloaded_images/Buildings/Oriental_Pearl_Tower/image_20241106_113434_26.jpg",
    "conversations": [
      {
        "from": "human",
        "value": "<image>\nWhat was the initial purpose of this building?"
      },
      {
        "from": "gpt",
        "value": "The original purpose of the Oriental Pearl Tower was to serve as a television and radio broadcasting tower."
      }
    ]
  },
  {
    "id": "200016",
    "image": "downloaded_images/Buildings/Oriental_Pearl_Tower/image_20241017_211245_3.jpg",
    "conversations": [
      {
        "from": "human",
        "value": "<image>\nWhat was the initial purpose of this building?"
      },
      {
        "from": "gpt",
        "value": "The original purpose of the Oriental Pearl Tower was to serve as a television and radio broadcasting tower."
      }
    ]
  },
  {
    "id": "200017",
    "image": "downloaded_images/Buildings/Oriental_Pearl_Tower/image_20241017_211424_11.jpg",
    "conversations": [
      {
        "from": "human",
        "value": "<image>\nWhat was the initial purpose of this building?"
      },
      {
        "from": "gpt",
        "value": "The original purpose of the Oriental Pearl Tower was to serve as a television and radio broadcasting tower."
      }
    ]
  },
  {
    "id": "200018",
    "image": "downloaded_images/Buildings/Oriental_Pearl_Tower/image_20241106_113310_19.jpg",
    "conversations": [
      {
        "from": "human",
        "value": "<image>\nWhat was the initial purpose of this building?"
      },
      {
        "from": "gpt",
        "value": "The original purpose of the Oriental Pearl Tower was to serve as a television and radio broadcasting tower."
      }
    ]
  },
  {
    "id": "200019",
    "image": "downloaded_images/Buildings/Oriental_Pearl_Tower/image_20241106_113414_24.jpg",
    "conversations": [
      {
        "from": "human",
        "value": "<image>\nWhat was the initial purpose of this building?"
      },
      {
        "from": "gpt",
        "value": "The original purpose of the Oriental Pearl Tower was to serve as a television and radio broadcasting tower."
      }
    ]
  },
  {
    "id": "300008",
    "image": "downloaded_images/Buildings/Oriental_Pearl_Tower/image_20241017_211154_1.jpg",
    "conversations": [
      {
        "from": "human",
        "value": "<image>\nHow is this building referred to?"
      },
      {
        "from": "gpt",
        "value": "The name of this building is the Oriental Pearl Tower."
      }
    ]
  },
  {
    "id": "300009",
    "image": "downloaded_images/Buildings/Oriental_Pearl_Tower/image_20241017_211154_1.jpg",
    "conversations": [
      {
        "from": "human",
        "value": "<image>\nWhat function did this building serve when it was first constructed?"
      },
      {
        "from": "gpt",
        "value": "The original purpose of the Oriental Pearl Tower was to serve as a television and radio broadcasting tower."
      }
    ]
  },
  {
    "id": "300010",
    "image": "downloaded_images/Buildings/Oriental_Pearl_Tower/image_20241106_113424_25.jpg",
    "conversations": [
      {
        "from": "human",
        "value": "<image>\nHow is this building referred to?"
      },
      {
        "from": "gpt",
        "value": "The name of this building is the Oriental Pearl Tower."
      }
    ]
  },
  {
    "id": "300011",
    "image": "downloaded_images/Buildings/Oriental_Pearl_Tower/image_20241017_211637_20.jpg",
    "conversations": [
      {
        "from": "human",
        "value": "<image>\nHow is this building referred to?"
      },
      {
        "from": "gpt",
        "value": "The name of this building is the Oriental Pearl Tower."
      }
    ]
  },
  {
    "id": "300012",
    "image": "downloaded_images/Buildings/Oriental_Pearl_Tower/image_20241017_211424_11.jpg",
    "conversations": [
      {
        "from": "human",
        "value": "<image>\nHow is this building referred to?"
      },
      {
        "from": "gpt",
        "value": "The name of this building is the Oriental Pearl Tower."
      }
    ]
  },
  {
    "id": "300013",
    "image": "downloaded_images/Buildings/Oriental_Pearl_Tower/image_20241106_113443_27.jpg",
    "conversations": [
      {
        "from": "human",
        "value": "<image>\nHow is this building referred to?"
      },
      {
        "from": "gpt",
        "value": "The name of this building is the Oriental Pearl Tower."
      }
    ]
  },
  {
    "id": "300014",
    "image": "downloaded_images/Buildings/Oriental_Pearl_Tower/image_20241106_113452_28.jpg",
    "conversations": [
      {
        "from": "human",
        "value": "<image>\nHow is this building referred to?"
      },
      {
        "from": "gpt",
        "value": "The name of this building is the Oriental Pearl Tower."
      }
    ]
  },
  {
    "id": "300015",
    "image": "downloaded_images/Buildings/Oriental_Pearl_Tower/image_20241106_113434_26.jpg",
    "conversations": [
      {
        "from": "human",
        "value": "<image>\nWhat function did this building serve when it was first constructed?"
      },
      {
        "from": "gpt",
        "value": "The original purpose of the Oriental Pearl Tower was to serve as a television and radio broadcasting tower."
      }
    ]
  },
  {
    "id": "300016",
    "image": "downloaded_images/Buildings/Oriental_Pearl_Tower/image_20241017_211245_3.jpg",
    "conversations": [
      {
        "from": "human",
        "value": "<image>\nWhat function did this building serve when it was first constructed?"
      },
      {
        "from": "gpt",
        "value": "The original purpose of the Oriental Pearl Tower was to serve as a television and radio broadcasting tower."
      }
    ]
  },
  {
    "id": "300017",
    "image": "downloaded_images/Buildings/Oriental_Pearl_Tower/image_20241017_211424_11.jpg",
    "conversations": [
      {
        "from": "human",
        "value": "<image>\nWhat function did this building serve when it was first constructed?"
      },
      {
        "from": "gpt",
        "value": "The original purpose of the Oriental Pearl Tower was to serve as a television and radio broadcasting tower."
      }
    ]
  },
  {
    "id": "300018",
    "image": "downloaded_images/Buildings/Oriental_Pearl_Tower/image_20241106_113310_19.jpg",
    "conversations": [
      {
        "from": "human",
        "value": "<image>\nWhat function did this building serve when it was first constructed?"
      },
      {
        "from": "gpt",
        "value": "The original purpose of the Oriental Pearl Tower was to serve as a television and radio broadcasting tower."
      }
    ]
  },
  {
    "id": "300019",
    "image": "downloaded_images/Buildings/Oriental_Pearl_Tower/image_20241106_113414_24.jpg",
    "conversations": [
      {
        "from": "human",
        "value": "<image>\nWhat function did this building serve when it was first constructed?"
      },
      {
        "from": "gpt",
        "value": "The original purpose of the Oriental Pearl Tower was to serve as a television and radio broadcasting tower."
      }
    ]
  },
  {
    "id": "400008",
    "image": "downloaded_images/Buildings/Oriental_Pearl_Tower/image_20241017_211154_1.jpg",
    "conversations": [
      {
        "from": "human",
        "value": "<image>\nWhat do people commonly call this building?"
      },
      {
        "from": "gpt",
        "value": "The name of this building is the Oriental Pearl Tower."
      }
    ]
  },
  {
    "id": "400009",
    "image": "downloaded_images/Buildings/Oriental_Pearl_Tower/image_20241017_211154_1.jpg",
    "conversations": [
      {
        "from": "human",
        "value": "<image>\nWhat was the original intent behind this structure?"
      },
      {
        "from": "gpt",
        "value": "The original purpose of the Oriental Pearl Tower was to serve as a television and radio broadcasting tower."
      }
    ]
  },
  {
    "id": "400010",
    "image": "downloaded_images/Buildings/Oriental_Pearl_Tower/image_20241106_113424_25.jpg",
    "conversations": [
      {
        "from": "human",
        "value": "<image>\nWhat do people commonly call this building?"
      },
      {
        "from": "gpt",
        "value": "The name of this building is the Oriental Pearl Tower."
      }
    ]
  },
  {
    "id": "400011",
    "image": "downloaded_images/Buildings/Oriental_Pearl_Tower/image_20241017_211637_20.jpg",
    "conversations": [
      {
        "from": "human",
        "value": "<image>\nWhat do people commonly call this building?"
      },
      {
        "from": "gpt",
        "value": "The name of this building is the Oriental Pearl Tower."
      }
    ]
  },
  {
    "id": "400012",
    "image": "downloaded_images/Buildings/Oriental_Pearl_Tower/image_20241017_211424_11.jpg",
    "conversations": [
      {
        "from": "human",
        "value": "<image>\nWhat do people commonly call this building?"
      },
      {
        "from": "gpt",
        "value": "The name of this building is the Oriental Pearl Tower."
      }
    ]
  },
  {
    "id": "400013",
    "image": "downloaded_images/Buildings/Oriental_Pearl_Tower/image_20241106_113443_27.jpg",
    "conversations": [
      {
        "from": "human",
        "value": "<image>\nWhat do people commonly call this building?"
      },
      {
        "from": "gpt",
        "value": "The name of this building is the Oriental Pearl Tower."
      }
    ]
  },
  {
    "id": "400014",
    "image": "downloaded_images/Buildings/Oriental_Pearl_Tower/image_20241106_113452_28.jpg",
    "conversations": [
      {
        "from": "human",
        "value": "<image>\nWhat do people commonly call this building?"
      },
      {
        "from": "gpt",
        "value": "The name of this building is the Oriental Pearl Tower."
      }
    ]
  },
  {
    "id": "400015",
    "image": "downloaded_images/Buildings/Oriental_Pearl_Tower/image_20241106_113434_26.jpg",
    "conversations": [
      {
        "from": "human",
        "value": "<image>\nWhat was the original intent behind this structure?"
      },
      {
        "from": "gpt",
        "value": "The original purpose of the Oriental Pearl Tower was to serve as a television and radio broadcasting tower."
      }
    ]
  },
  {
    "id": "400016",
    "image": "downloaded_images/Buildings/Oriental_Pearl_Tower/image_20241017_211245_3.jpg",
    "conversations": [
      {
        "from": "human",
        "value": "<image>\nWhat was the original intent behind this structure?"
      },
      {
        "from": "gpt",
        "value": "The original purpose of the Oriental Pearl Tower was to serve as a television and radio broadcasting tower."
      }
    ]
  },
  {
    "id": "400017",
    "image": "downloaded_images/Buildings/Oriental_Pearl_Tower/image_20241017_211424_11.jpg",
    "conversations": [
      {
        "from": "human",
        "value": "<image>\nWhat was the original intent behind this structure?"
      },
      {
        "from": "gpt",
        "value": "The original purpose of the Oriental Pearl Tower was to serve as a television and radio broadcasting tower."
      }
    ]
  },
  {
    "id": "400018",
    "image": "downloaded_images/Buildings/Oriental_Pearl_Tower/image_20241106_113310_19.jpg",
    "conversations": [
      {
        "from": "human",
        "value": "<image>\nWhat was the original intent behind this structure?"
      },
      {
        "from": "gpt",
        "value": "The original purpose of the Oriental Pearl Tower was to serve as a television and radio broadcasting tower."
      }
    ]
  },
  {
    "id": "400019",
    "image": "downloaded_images/Buildings/Oriental_Pearl_Tower/image_20241106_113414_24.jpg",
    "conversations": [
      {
        "from": "human",
        "value": "<image>\nWhat was the original intent behind this structure?"
      },
      {
        "from": "gpt",
        "value": "The original purpose of the Oriental Pearl Tower was to serve as a television and radio broadcasting tower."
      }
    ]
  }
]