[
  {
    "id": "84",
    "image": "downloaded_images/Personage/Scarlett_Johansson/image_20241018_162434_6.jpg",
    "conversations": [
      {
        "from": "human",
        "value": "<image>\nWhat is this person's name?"
      },
      {
        "from": "gpt",
        "value": "Scarlett Johansson"
      }
    ]
  },
  {
    "id": "85",
    "image": "downloaded_images/Personage/Scarlett_Johansson/image_20241018_162612_17.jpg",
    "conversations": [
      {
        "from": "human",
        "value": "<image>\nWhat is this person's profession?"
      },
      {
        "from": "gpt",
        "value": "Scarlett Johansson is an actress and singer."
      }
    ]
  },
  {
    "id": "86",
    "image": "downloaded_images/Personage/Scarlett_Johansson/image_20241018_162434_6.jpg",
    "conversations": [
      {
        "from": "human",
        "value": "<image>\nWhat contributions has this person made to society or industry?"
      },
      {
        "from": "gpt",
        "value": "Scarlett Johansson has contributed to the film industry through her diverse roles and performances, helping to redefine female characters in action and drama genres. She is also known for her advocacy work, including support for women's rights and various charitable causes. Additionally, she has been involved in projects that promote diversity and representation in Hollywood."
      }
    ]
  },
  {
    "id": "87",
    "image": "downloaded_images/Personage/Scarlett_Johansson/image_20241107_161144_29.jpg",
    "conversations": [
      {
        "from": "human",
        "value": "<image>\nWhat is this person's name?"
      },
      {
        "from": "gpt",
        "value": "Scarlett Johansson"
      }
    ]
  },
  {
    "id": "88",
    "image": "downloaded_images/Personage/Scarlett_Johansson/image_20241018_162417_4.jpg",
    "conversations": [
      {
        "from": "human",
        "value": "<image>\nWhat is this person's name?"
      },
      {
        "from": "gpt",
        "value": "Scarlett Johansson"
      }
    ]
  },
  {
    "id": "89",
    "image": "downloaded_images/Personage/Scarlett_Johansson/image_20241107_160846_8.jpg",
    "conversations": [
      {
        "from": "human",
        "value": "<image>\nWhat is this person's name?"
      },
      {
        "from": "gpt",
        "value": "Scarlett Johansson"
      }
    ]
  },
  {
    "id": "90",
    "image": "downloaded_images/Personage/Scarlett_Johansson/image_20241107_161044_22.jpg",
    "conversations": [
      {
        "from": "human",
        "value": "<image>\nWhat is this person's name?"
      },
      {
        "from": "gpt",
        "value": "Scarlett Johansson"
      }
    ]
  },
  {
    "id": "91",
    "image": "downloaded_images/Personage/Scarlett_Johansson/image_20241107_160819_5.jpg",
    "conversations": [
      {
        "from": "human",
        "value": "<image>\nWhat is this person's name?"
      },
      {
        "from": "gpt",
        "value": "Scarlett Johansson"
      }
    ]
  },
  {
    "id": "92",
    "image": "downloaded_images/Personage/Scarlett_Johansson/image_20241018_162417_4.jpg",
    "conversations": [
      {
        "from": "human",
        "value": "<image>\nWhat is this person's profession?"
      },
      {
        "from": "gpt",
        "value": "Scarlett Johansson is an actress and singer."
      }
    ]
  },
  {
    "id": "93",
    "image": "downloaded_images/Personage/Scarlett_Johansson/image_20241107_160846_8.jpg",
    "conversations": [
      {
        "from": "human",
        "value": "<image>\nWhat is this person's profession?"
      },
      {
        "from": "gpt",
        "value": "Scarlett Johansson is an actress and singer."
      }
    ]
  },
  {
    "id": "94",
    "image": "downloaded_images/Personage/Scarlett_Johansson/image_20241107_160918_12.jpg",
    "conversations": [
      {
        "from": "human",
        "value": "<image>\nWhat is this person's profession?"
      },
      {
        "from": "gpt",
        "value": "Scarlett Johansson is an actress and singer."
      }
    ]
  },
  {
    "id": "95",
    "image": "downloaded_images/Personage/Scarlett_Johansson/image_20241107_161110_25.jpg",
    "conversations": [
      {
        "from": "human",
        "value": "<image>\nWhat is this person's profession?"
      },
      {
        "from": "gpt",
        "value": "Scarlett Johansson is an actress and singer."
      }
    ]
  },
  {
    "id": "96",
    "image": "downloaded_images/Personage/Scarlett_Johansson/image_20241107_161011_18.jpg",
    "conversations": [
      {
        "from": "human",
        "value": "<image>\nWhat is this person's profession?"
      },
      {
        "from": "gpt",
        "value": "Scarlett Johansson is an actress and singer."
      }
    ]
  },
  {
    "id": "97",
    "image": "downloaded_images/Personage/Scarlett_Johansson/image_20241107_160909_11.jpg",
    "conversations": [
      {
        "from": "human",
        "value": "<image>\nWhat contributions has this person made to society or industry?"
      },
      {
        "from": "gpt",
        "value": "Scarlett Johansson has contributed to the film industry through her diverse roles and performances, helping to redefine female characters in action and drama genres. She is also known for her advocacy work, including support for women's rights and various charitable causes. Additionally, she has been involved in projects that promote diversity and representation in Hollywood."
      }
    ]
  },
  {
    "id": "98",
    "image": "downloaded_images/Personage/Scarlett_Johansson/image_20241018_162506_10.jpg",
    "conversations": [
      {
        "from": "human",
        "value": "<image>\nWhat contributions has this person made to society or industry?"
      },
      {
        "from": "gpt",
        "value": "Scarlett Johansson has contributed to the film industry through her diverse roles and performances, helping to redefine female characters in action and drama genres. She is also known for her advocacy work, including support for women's rights and various charitable causes. Additionally, she has been involved in projects that promote diversity and representation in Hollywood."
      }
    ]
  },
  {
    "id": "99",
    "image": "downloaded_images/Personage/Scarlett_Johansson/image_20241107_161002_17.jpg",
    "conversations": [
      {
        "from": "human",
        "value": "<image>\nWhat contributions has this person made to society or industry?"
      },
      {
        "from": "gpt",
        "value": "Scarlett Johansson has contributed to the film industry through her diverse roles and performances, helping to redefine female characters in action and drama genres. She is also known for her advocacy work, including support for women's rights and various charitable causes. Additionally, she has been involved in projects that promote diversity and representation in Hollywood."
      }
    ]
  },
  {
    "id": "100",
    "image": "downloaded_images/Personage/Scarlett_Johansson/image_20241018_162604_16.jpg",
    "conversations": [
      {
        "from": "human",
        "value": "<image>\nWhat contributions has this person made to society or industry?"
      },
      {
        "from": "gpt",
        "value": "Scarlett Johansson has contributed to the film industry through her diverse roles and performances, helping to redefine female characters in action and drama genres. She is also known for her advocacy work, including support for women's rights and various charitable causes. Additionally, she has been involved in projects that promote diversity and representation in Hollywood."
      }
    ]
  },
  {
    "id": "101",
    "image": "downloaded_images/Personage/Scarlett_Johansson/image_20241107_161127_27.jpg",
    "conversations": [
      {
        "from": "human",
        "value": "<image>\nWhat contributions has this person made to society or industry?"
      },
      {
        "from": "gpt",
        "value": "Scarlett Johansson has contributed to the film industry through her diverse roles and performances, helping to redefine female characters in action and drama genres. She is also known for her advocacy work, including support for women's rights and various charitable causes. Additionally, she has been involved in projects that promote diversity and representation in Hollywood."
      }
    ]
  },
  {
    "id": "100084",
    "image": "downloaded_images/Personage/Scarlett_Johansson/image_20241018_162434_6.jpg",
    "conversations": [
      {
        "from": "human",
        "value": "<image>\nWhat is the name of this individual?"
      },
      {
        "from": "gpt",
        "value": "Scarlett Johansson"
      }
    ]
  },
  {
    "id": "100085",
    "image": "downloaded_images/Personage/Scarlett_Johansson/image_20241018_162612_17.jpg",
    "conversations": [
      {
        "from": "human",
        "value": "<image>\nWhat is this individual's occupation?"
      },
      {
        "from": "gpt",
        "value": "Scarlett Johansson is an actress and singer."
      }
    ]
  },
  {
    "id": "100086",
    "image": "downloaded_images/Personage/Scarlett_Johansson/image_20241018_162434_6.jpg",
    "conversations": [
      {
        "from": "human",
        "value": "<image>\nHow has this person contributed to society or their industry?"
      },
      {
        "from": "gpt",
        "value": "Scarlett Johansson has contributed to the film industry through her diverse roles and performances, helping to redefine female characters in action and drama genres. She is also known for her advocacy work, including support for women's rights and various charitable causes. Additionally, she has been involved in projects that promote diversity and representation in Hollywood."
      }
    ]
  },
  {
    "id": "100087",
    "image": "downloaded_images/Personage/Scarlett_Johansson/image_20241107_161144_29.jpg",
    "conversations": [
      {
        "from": "human",
        "value": "<image>\nWhat is the name of this individual?"
      },
      {
        "from": "gpt",
        "value": "Scarlett Johansson"
      }
    ]
  },
  {
    "id": "100088",
    "image": "downloaded_images/Personage/Scarlett_Johansson/image_20241018_162417_4.jpg",
    "conversations": [
      {
        "from": "human",
        "value": "<image>\nWhat is the name of this individual?"
      },
      {
        "from": "gpt",
        "value": "Scarlett Johansson"
      }
    ]
  },
  {
    "id": "100089",
    "image": "downloaded_images/Personage/Scarlett_Johansson/image_20241107_160846_8.jpg",
    "conversations": [
      {
        "from": "human",
        "value": "<image>\nWhat is the name of this individual?"
      },
      {
        "from": "gpt",
        "value": "Scarlett Johansson"
      }
    ]
  },
  {
    "id": "100090",
    "image": "downloaded_images/Personage/Scarlett_Johansson/image_20241107_161044_22.jpg",
    "conversations": [
      {
        "from": "human",
        "value": "<image>\nWhat is the name of this individual?"
      },
      {
        "from": "gpt",
        "value": "Scarlett Johansson"
      }
    ]
  },
  {
    "id": "100091",
    "image": "downloaded_images/Personage/Scarlett_Johansson/image_20241107_160819_5.jpg",
    "conversations": [
      {
        "from": "human",
        "value": "<image>\nWhat is the name of this individual?"
      },
      {
        "from": "gpt",
        "value": "Scarlett Johansson"
      }
    ]
  },
  {
    "id": "100092",
    "image": "downloaded_images/Personage/Scarlett_Johansson/image_20241018_162417_4.jpg",
    "conversations": [
      {
        "from": "human",
        "value": "<image>\nWhat is this individual's occupation?"
      },
      {
        "from": "gpt",
        "value": "Scarlett Johansson is an actress and singer."
      }
    ]
  },
  {
    "id": "100093",
    "image": "downloaded_images/Personage/Scarlett_Johansson/image_20241107_160846_8.jpg",
    "conversations": [
      {
        "from": "human",
        "value": "<image>\nWhat is this individual's occupation?"
      },
      {
        "from": "gpt",
        "value": "Scarlett Johansson is an actress and singer."
      }
    ]
  },
  {
    "id": "100094",
    "image": "downloaded_images/Personage/Scarlett_Johansson/image_20241107_160918_12.jpg",
    "conversations": [
      {
        "from": "human",
        "value": "<image>\nWhat is this individual's occupation?"
      },
      {
        "from": "gpt",
        "value": "Scarlett Johansson is an actress and singer."
      }
    ]
  },
  {
    "id": "100095",
    "image": "downloaded_images/Personage/Scarlett_Johansson/image_20241107_161110_25.jpg",
    "conversations": [
      {
        "from": "human",
        "value": "<image>\nWhat is this individual's occupation?"
      },
      {
        "from": "gpt",
        "value": "Scarlett Johansson is an actress and singer."
      }
    ]
  },
  {
    "id": "100096",
    "image": "downloaded_images/Personage/Scarlett_Johansson/image_20241107_161011_18.jpg",
    "conversations": [
      {
        "from": "human",
        "value": "<image>\nWhat is this individual's occupation?"
      },
      {
        "from": "gpt",
        "value": "Scarlett Johansson is an actress and singer."
      }
    ]
  },
  {
    "id": "100097",
    "image": "downloaded_images/Personage/Scarlett_Johansson/image_20241107_160909_11.jpg",
    "conversations": [
      {
        "from": "human",
        "value": "<image>\nHow has this person contributed to society or their industry?"
      },
      {
        "from": "gpt",
        "value": "Scarlett Johansson has contributed to the film industry through her diverse roles and performances, helping to redefine female characters in action and drama genres. She is also known for her advocacy work, including support for women's rights and various charitable causes. Additionally, she has been involved in projects that promote diversity and representation in Hollywood."
      }
    ]
  },
  {
    "id": "100098",
    "image": "downloaded_images/Personage/Scarlett_Johansson/image_20241018_162506_10.jpg",
    "conversations": [
      {
        "from": "human",
        "value": "<image>\nHow has this person contributed to society or their industry?"
      },
      {
        "from": "gpt",
        "value": "Scarlett Johansson has contributed to the film industry through her diverse roles and performances, helping to redefine female characters in action and drama genres. She is also known for her advocacy work, including support for women's rights and various charitable causes. Additionally, she has been involved in projects that promote diversity and representation in Hollywood."
      }
    ]
  },
  {
    "id": "100099",
    "image": "downloaded_images/Personage/Scarlett_Johansson/image_20241107_161002_17.jpg",
    "conversations": [
      {
        "from": "human",
        "value": "<image>\nHow has this person contributed to society or their industry?"
      },
      {
        "from": "gpt",
        "value": "Scarlett Johansson has contributed to the film industry through her diverse roles and performances, helping to redefine female characters in action and drama genres. She is also known for her advocacy work, including support for women's rights and various charitable causes. Additionally, she has been involved in projects that promote diversity and representation in Hollywood."
      }
    ]
  },
  {
    "id": "100100",
    "image": "downloaded_images/Personage/Scarlett_Johansson/image_20241018_162604_16.jpg",
    "conversations": [
      {
        "from": "human",
        "value": "<image>\nHow has this person contributed to society or their industry?"
      },
      {
        "from": "gpt",
        "value": "Scarlett Johansson has contributed to the film industry through her diverse roles and performances, helping to redefine female characters in action and drama genres. She is also known for her advocacy work, including support for women's rights and various charitable causes. Additionally, she has been involved in projects that promote diversity and representation in Hollywood."
      }
    ]
  },
  {
    "id": "100101",
    "image": "downloaded_images/Personage/Scarlett_Johansson/image_20241107_161127_27.jpg",
    "conversations": [
      {
        "from": "human",
        "value": "<image>\nHow has this person contributed to society or their industry?"
      },
      {
        "from": "gpt",
        "value": "Scarlett Johansson has contributed to the film industry through her diverse roles and performances, helping to redefine female characters in action and drama genres. She is also known for her advocacy work, including support for women's rights and various charitable causes. Additionally, she has been involved in projects that promote diversity and representation in Hollywood."
      }
    ]
  },
  {
    "id": "200084",
    "image": "downloaded_images/Personage/Scarlett_Johansson/image_20241018_162434_6.jpg",
    "conversations": [
      {
        "from": "human",
        "value": "<image>\nHow is this person called?"
      },
      {
        "from": "gpt",
        "value": "Scarlett Johansson"
      }
    ]
  },
  {
    "id": "200085",
    "image": "downloaded_images/Personage/Scarlett_Johansson/image_20241018_162612_17.jpg",
    "conversations": [
      {
        "from": "human",
        "value": "<image>\nWhat profession does this person hold?"
      },
      {
        "from": "gpt",
        "value": "Scarlett Johansson is an actress and singer."
      }
    ]
  },
  {
    "id": "200086",
    "image": "downloaded_images/Personage/Scarlett_Johansson/image_20241018_162434_6.jpg",
    "conversations": [
      {
        "from": "human",
        "value": "<image>\nWhat impact has this individual made in their field or community?"
      },
      {
        "from": "gpt",
        "value": "Scarlett Johansson has contributed to the film industry through her diverse roles and performances, helping to redefine female characters in action and drama genres. She is also known for her advocacy work, including support for women's rights and various charitable causes. Additionally, she has been involved in projects that promote diversity and representation in Hollywood."
      }
    ]
  },
  {
    "id": "200087",
    "image": "downloaded_images/Personage/Scarlett_Johansson/image_20241107_161144_29.jpg",
    "conversations": [
      {
        "from": "human",
        "value": "<image>\nHow is this person called?"
      },
      {
        "from": "gpt",
        "value": "Scarlett Johansson"
      }
    ]
  },
  {
    "id": "200088",
    "image": "downloaded_images/Personage/Scarlett_Johansson/image_20241018_162417_4.jpg",
    "conversations": [
      {
        "from": "human",
        "value": "<image>\nHow is this person called?"
      },
      {
        "from": "gpt",
        "value": "Scarlett Johansson"
      }
    ]
  },
  {
    "id": "200089",
    "image": "downloaded_images/Personage/Scarlett_Johansson/image_20241107_160846_8.jpg",
    "conversations": [
      {
        "from": "human",
        "value": "<image>\nHow is this person called?"
      },
      {
        "from": "gpt",
        "value": "Scarlett Johansson"
      }
    ]
  },
  {
    "id": "200090",
    "image": "downloaded_images/Personage/Scarlett_Johansson/image_20241107_161044_22.jpg",
    "conversations": [
      {
        "from": "human",
        "value": "<image>\nHow is this person called?"
      },
      {
        "from": "gpt",
        "value": "Scarlett Johansson"
      }
    ]
  },
  {
    "id": "200091",
    "image": "downloaded_images/Personage/Scarlett_Johansson/image_20241107_160819_5.jpg",
    "conversations": [
      {
        "from": "human",
        "value": "<image>\nHow is this person called?"
      },
      {
        "from": "gpt",
        "value": "Scarlett Johansson"
      }
    ]
  },
  {
    "id": "200092",
    "image": "downloaded_images/Personage/Scarlett_Johansson/image_20241018_162417_4.jpg",
    "conversations": [
      {
        "from": "human",
        "value": "<image>\nWhat profession does this person hold?"
      },
      {
        "from": "gpt",
        "value": "Scarlett Johansson is an actress and singer."
      }
    ]
  },
  {
    "id": "200093",
    "image": "downloaded_images/Personage/Scarlett_Johansson/image_20241107_160846_8.jpg",
    "conversations": [
      {
        "from": "human",
        "value": "<image>\nWhat profession does this person hold?"
      },
      {
        "from": "gpt",
        "value": "Scarlett Johansson is an actress and singer."
      }
    ]
  },
  {
    "id": "200094",
    "image": "downloaded_images/Personage/Scarlett_Johansson/image_20241107_160918_12.jpg",
    "conversations": [
      {
        "from": "human",
        "value": "<image>\nWhat profession does this person hold?"
      },
      {
        "from": "gpt",
        "value": "Scarlett Johansson is an actress and singer."
      }
    ]
  },
  {
    "id": "200095",
    "image": "downloaded_images/Personage/Scarlett_Johansson/image_20241107_161110_25.jpg",
    "conversations": [
      {
        "from": "human",
        "value": "<image>\nWhat profession does this person hold?"
      },
      {
        "from": "gpt",
        "value": "Scarlett Johansson is an actress and singer."
      }
    ]
  },
  {
    "id": "200096",
    "image": "downloaded_images/Personage/Scarlett_Johansson/image_20241107_161011_18.jpg",
    "conversations": [
      {
        "from": "human",
        "value": "<image>\nWhat profession does this person hold?"
      },
      {
        "from": "gpt",
        "value": "Scarlett Johansson is an actress and singer."
      }
    ]
  },
  {
    "id": "200097",
    "image": "downloaded_images/Personage/Scarlett_Johansson/image_20241107_160909_11.jpg",
    "conversations": [
      {
        "from": "human",
        "value": "<image>\nWhat impact has this individual made in their field or community?"
      },
      {
        "from": "gpt",
        "value": "Scarlett Johansson has contributed to the film industry through her diverse roles and performances, helping to redefine female characters in action and drama genres. She is also known for her advocacy work, including support for women's rights and various charitable causes. Additionally, she has been involved in projects that promote diversity and representation in Hollywood."
      }
    ]
  },
  {
    "id": "200098",
    "image": "downloaded_images/Personage/Scarlett_Johansson/image_20241018_162506_10.jpg",
    "conversations": [
      {
        "from": "human",
        "value": "<image>\nWhat impact has this individual made in their field or community?"
      },
      {
        "from": "gpt",
        "value": "Scarlett Johansson has contributed to the film industry through her diverse roles and performances, helping to redefine female characters in action and drama genres. She is also known for her advocacy work, including support for women's rights and various charitable causes. Additionally, she has been involved in projects that promote diversity and representation in Hollywood."
      }
    ]
  },
  {
    "id": "200099",
    "image": "downloaded_images/Personage/Scarlett_Johansson/image_20241107_161002_17.jpg",
    "conversations": [
      {
        "from": "human",
        "value": "<image>\nWhat impact has this individual made in their field or community?"
      },
      {
        "from": "gpt",
        "value": "Scarlett Johansson has contributed to the film industry through her diverse roles and performances, helping to redefine female characters in action and drama genres. She is also known for her advocacy work, including support for women's rights and various charitable causes. Additionally, she has been involved in projects that promote diversity and representation in Hollywood."
      }
    ]
  },
  {
    "id": "200100",
    "image": "downloaded_images/Personage/Scarlett_Johansson/image_20241018_162604_16.jpg",
    "conversations": [
      {
        "from": "human",
        "value": "<image>\nWhat impact has this individual made in their field or community?"
      },
      {
        "from": "gpt",
        "value": "Scarlett Johansson has contributed to the film industry through her diverse roles and performances, helping to redefine female characters in action and drama genres. She is also known for her advocacy work, including support for women's rights and various charitable causes. Additionally, she has been involved in projects that promote diversity and representation in Hollywood."
      }
    ]
  },
  {
    "id": "200101",
    "image": "downloaded_images/Personage/Scarlett_Johansson/image_20241107_161127_27.jpg",
    "conversations": [
      {
        "from": "human",
        "value": "<image>\nWhat impact has this individual made in their field or community?"
      },
      {
        "from": "gpt",
        "value": "Scarlett Johansson has contributed to the film industry through her diverse roles and performances, helping to redefine female characters in action and drama genres. She is also known for her advocacy work, including support for women's rights and various charitable causes. Additionally, she has been involved in projects that promote diversity and representation in Hollywood."
      }
    ]
  },
  {
    "id": "300084",
    "image": "downloaded_images/Personage/Scarlett_Johansson/image_20241018_162434_6.jpg",
    "conversations": [
      {
        "from": "human",
        "value": "<image>\nHow is this person referred to?"
      },
      {
        "from": "gpt",
        "value": "Scarlett Johansson"
      }
    ]
  },
  {
    "id": "300085",
    "image": "downloaded_images/Personage/Scarlett_Johansson/image_20241018_162612_17.jpg",
    "conversations": [
      {
        "from": "human",
        "value": "<image>\nWhat job does this person do?"
      },
      {
        "from": "gpt",
        "value": "Scarlett Johansson is an actress and singer."
      }
    ]
  },
  {
    "id": "300086",
    "image": "downloaded_images/Personage/Scarlett_Johansson/image_20241018_162434_6.jpg",
    "conversations": [
      {
        "from": "human",
        "value": "<image>\nWhat contributions has this person offered to society or their profession?"
      },
      {
        "from": "gpt",
        "value": "Scarlett Johansson has contributed to the film industry through her diverse roles and performances, helping to redefine female characters in action and drama genres. She is also known for her advocacy work, including support for women's rights and various charitable causes. Additionally, she has been involved in projects that promote diversity and representation in Hollywood."
      }
    ]
  },
  {
    "id": "300087",
    "image": "downloaded_images/Personage/Scarlett_Johansson/image_20241107_161144_29.jpg",
    "conversations": [
      {
        "from": "human",
        "value": "<image>\nHow is this person referred to?"
      },
      {
        "from": "gpt",
        "value": "Scarlett Johansson"
      }
    ]
  },
  {
    "id": "300088",
    "image": "downloaded_images/Personage/Scarlett_Johansson/image_20241018_162417_4.jpg",
    "conversations": [
      {
        "from": "human",
        "value": "<image>\nHow is this person referred to?"
      },
      {
        "from": "gpt",
        "value": "Scarlett Johansson"
      }
    ]
  },
  {
    "id": "300089",
    "image": "downloaded_images/Personage/Scarlett_Johansson/image_20241107_160846_8.jpg",
    "conversations": [
      {
        "from": "human",
        "value": "<image>\nHow is this person referred to?"
      },
      {
        "from": "gpt",
        "value": "Scarlett Johansson"
      }
    ]
  },
  {
    "id": "300090",
    "image": "downloaded_images/Personage/Scarlett_Johansson/image_20241107_161044_22.jpg",
    "conversations": [
      {
        "from": "human",
        "value": "<image>\nHow is this person referred to?"
      },
      {
        "from": "gpt",
        "value": "Scarlett Johansson"
      }
    ]
  },
  {
    "id": "300091",
    "image": "downloaded_images/Personage/Scarlett_Johansson/image_20241107_160819_5.jpg",
    "conversations": [
      {
        "from": "human",
        "value": "<image>\nHow is this person referred to?"
      },
      {
        "from": "gpt",
        "value": "Scarlett Johansson"
      }
    ]
  },
  {
    "id": "300092",
    "image": "downloaded_images/Personage/Scarlett_Johansson/image_20241018_162417_4.jpg",
    "conversations": [
      {
        "from": "human",
        "value": "<image>\nWhat job does this person do?"
      },
      {
        "from": "gpt",
        "value": "Scarlett Johansson is an actress and singer."
      }
    ]
  },
  {
    "id": "300093",
    "image": "downloaded_images/Personage/Scarlett_Johansson/image_20241107_160846_8.jpg",
    "conversations": [
      {
        "from": "human",
        "value": "<image>\nWhat job does this person do?"
      },
      {
        "from": "gpt",
        "value": "Scarlett Johansson is an actress and singer."
      }
    ]
  },
  {
    "id": "300094",
    "image": "downloaded_images/Personage/Scarlett_Johansson/image_20241107_160918_12.jpg",
    "conversations": [
      {
        "from": "human",
        "value": "<image>\nWhat job does this person do?"
      },
      {
        "from": "gpt",
        "value": "Scarlett Johansson is an actress and singer."
      }
    ]
  },
  {
    "id": "300095",
    "image": "downloaded_images/Personage/Scarlett_Johansson/image_20241107_161110_25.jpg",
    "conversations": [
      {
        "from": "human",
        "value": "<image>\nWhat job does this person do?"
      },
      {
        "from": "gpt",
        "value": "Scarlett Johansson is an actress and singer."
      }
    ]
  },
  {
    "id": "300096",
    "image": "downloaded_images/Personage/Scarlett_Johansson/image_20241107_161011_18.jpg",
    "conversations": [
      {
        "from": "human",
        "value": "<image>\nWhat job does this person do?"
      },
      {
        "from": "gpt",
        "value": "Scarlett Johansson is an actress and singer."
      }
    ]
  },
  {
    "id": "300097",
    "image": "downloaded_images/Personage/Scarlett_Johansson/image_20241107_160909_11.jpg",
    "conversations": [
      {
        "from": "human",
        "value": "<image>\nWhat contributions has this person offered to society or their profession?"
      },
      {
        "from": "gpt",
        "value": "Scarlett Johansson has contributed to the film industry through her diverse roles and performances, helping to redefine female characters in action and drama genres. She is also known for her advocacy work, including support for women's rights and various charitable causes. Additionally, she has been involved in projects that promote diversity and representation in Hollywood."
      }
    ]
  },
  {
    "id": "300098",
    "image": "downloaded_images/Personage/Scarlett_Johansson/image_20241018_162506_10.jpg",
    "conversations": [
      {
        "from": "human",
        "value": "<image>\nWhat contributions has this person offered to society or their profession?"
      },
      {
        "from": "gpt",
        "value": "Scarlett Johansson has contributed to the film industry through her diverse roles and performances, helping to redefine female characters in action and drama genres. She is also known for her advocacy work, including support for women's rights and various charitable causes. Additionally, she has been involved in projects that promote diversity and representation in Hollywood."
      }
    ]
  },
  {
    "id": "300099",
    "image": "downloaded_images/Personage/Scarlett_Johansson/image_20241107_161002_17.jpg",
    "conversations": [
      {
        "from": "human",
        "value": "<image>\nWhat contributions has this person offered to society or their profession?"
      },
      {
        "from": "gpt",
        "value": "Scarlett Johansson has contributed to the film industry through her diverse roles and performances, helping to redefine female characters in action and drama genres. She is also known for her advocacy work, including support for women's rights and various charitable causes. Additionally, she has been involved in projects that promote diversity and representation in Hollywood."
      }
    ]
  },
  {
    "id": "300100",
    "image": "downloaded_images/Personage/Scarlett_Johansson/image_20241018_162604_16.jpg",
    "conversations": [
      {
        "from": "human",
        "value": "<image>\nWhat contributions has this person offered to society or their profession?"
      },
      {
        "from": "gpt",
        "value": "Scarlett Johansson has contributed to the film industry through her diverse roles and performances, helping to redefine female characters in action and drama genres. She is also known for her advocacy work, including support for women's rights and various charitable causes. Additionally, she has been involved in projects that promote diversity and representation in Hollywood."
      }
    ]
  },
  {
    "id": "300101",
    "image": "downloaded_images/Personage/Scarlett_Johansson/image_20241107_161127_27.jpg",
    "conversations": [
      {
        "from": "human",
        "value": "<image>\nWhat contributions has this person offered to society or their profession?"
      },
      {
        "from": "gpt",
        "value": "Scarlett Johansson has contributed to the film industry through her diverse roles and performances, helping to redefine female characters in action and drama genres. She is also known for her advocacy work, including support for women's rights and various charitable causes. Additionally, she has been involved in projects that promote diversity and representation in Hollywood."
      }
    ]
  },
  {
    "id": "400084",
    "image": "downloaded_images/Personage/Scarlett_Johansson/image_20241018_162434_6.jpg",
    "conversations": [
      {
        "from": "human",
        "value": "<image>\nWhat do people call this individual?"
      },
      {
        "from": "gpt",
        "value": "Scarlett Johansson"
      }
    ]
  },
  {
    "id": "400085",
    "image": "downloaded_images/Personage/Scarlett_Johansson/image_20241018_162612_17.jpg",
    "conversations": [
      {
        "from": "human",
        "value": "<image>\nWhat line of work is this individual in?"
      },
      {
        "from": "gpt",
        "value": "Scarlett Johansson is an actress and singer."
      }
    ]
  },
  {
    "id": "400086",
    "image": "downloaded_images/Personage/Scarlett_Johansson/image_20241018_162434_6.jpg",
    "conversations": [
      {
        "from": "human",
        "value": "<image>\nIn what ways has this individual influenced their industry or society?"
      },
      {
        "from": "gpt",
        "value": "Scarlett Johansson has contributed to the film industry through her diverse roles and performances, helping to redefine female characters in action and drama genres. She is also known for her advocacy work, including support for women's rights and various charitable causes. Additionally, she has been involved in projects that promote diversity and representation in Hollywood."
      }
    ]
  },
  {
    "id": "400087",
    "image": "downloaded_images/Personage/Scarlett_Johansson/image_20241107_161144_29.jpg",
    "conversations": [
      {
        "from": "human",
        "value": "<image>\nWhat do people call this individual?"
      },
      {
        "from": "gpt",
        "value": "Scarlett Johansson"
      }
    ]
  },
  {
    "id": "400088",
    "image": "downloaded_images/Personage/Scarlett_Johansson/image_20241018_162417_4.jpg",
    "conversations": [
      {
        "from": "human",
        "value": "<image>\nWhat do people call this individual?"
      },
      {
        "from": "gpt",
        "value": "Scarlett Johansson"
      }
    ]
  },
  {
    "id": "400089",
    "image": "downloaded_images/Personage/Scarlett_Johansson/image_20241107_160846_8.jpg",
    "conversations": [
      {
        "from": "human",
        "value": "<image>\nWhat do people call this individual?"
      },
      {
        "from": "gpt",
        "value": "Scarlett Johansson"
      }
    ]
  },
  {
    "id": "400090",
    "image": "downloaded_images/Personage/Scarlett_Johansson/image_20241107_161044_22.jpg",
    "conversations": [
      {
        "from": "human",
        "value": "<image>\nWhat do people call this individual?"
      },
      {
        "from": "gpt",
        "value": "Scarlett Johansson"
      }
    ]
  },
  {
    "id": "400091",
    "image": "downloaded_images/Personage/Scarlett_Johansson/image_20241107_160819_5.jpg",
    "conversations": [
      {
        "from": "human",
        "value": "<image>\nWhat do people call this individual?"
      },
      {
        "from": "gpt",
        "value": "Scarlett Johansson"
      }
    ]
  },
  {
    "id": "400092",
    "image": "downloaded_images/Personage/Scarlett_Johansson/image_20241018_162417_4.jpg",
    "conversations": [
      {
        "from": "human",
        "value": "<image>\nWhat line of work is this individual in?"
      },
      {
        "from": "gpt",
        "value": "Scarlett Johansson is an actress and singer."
      }
    ]
  },
  {
    "id": "400093",
    "image": "downloaded_images/Personage/Scarlett_Johansson/image_20241107_160846_8.jpg",
    "conversations": [
      {
        "from": "human",
        "value": "<image>\nWhat line of work is this individual in?"
      },
      {
        "from": "gpt",
        "value": "Scarlett Johansson is an actress and singer."
      }
    ]
  },
  {
    "id": "400094",
    "image": "downloaded_images/Personage/Scarlett_Johansson/image_20241107_160918_12.jpg",
    "conversations": [
      {
        "from": "human",
        "value": "<image>\nWhat line of work is this individual in?"
      },
      {
        "from": "gpt",
        "value": "Scarlett Johansson is an actress and singer."
      }
    ]
  },
  {
    "id": "400095",
    "image": "downloaded_images/Personage/Scarlett_Johansson/image_20241107_161110_25.jpg",
    "conversations": [
      {
        "from": "human",
        "value": "<image>\nWhat line of work is this individual in?"
      },
      {
        "from": "gpt",
        "value": "Scarlett Johansson is an actress and singer."
      }
    ]
  },
  {
    "id": "400096",
    "image": "downloaded_images/Personage/Scarlett_Johansson/image_20241107_161011_18.jpg",
    "conversations": [
      {
        "from": "human",
        "value": "<image>\nWhat line of work is this individual in?"
      },
      {
        "from": "gpt",
        "value": "Scarlett Johansson is an actress and singer."
      }
    ]
  },
  {
    "id": "400097",
    "image": "downloaded_images/Personage/Scarlett_Johansson/image_20241107_160909_11.jpg",
    "conversations": [
      {
        "from": "human",
        "value": "<image>\nIn what ways has this individual influenced their industry or society?"
      },
      {
        "from": "gpt",
        "value": "Scarlett Johansson has contributed to the film industry through her diverse roles and performances, helping to redefine female characters in action and drama genres. She is also known for her advocacy work, including support for women's rights and various charitable causes. Additionally, she has been involved in projects that promote diversity and representation in Hollywood."
      }
    ]
  },
  {
    "id": "400098",
    "image": "downloaded_images/Personage/Scarlett_Johansson/image_20241018_162506_10.jpg",
    "conversations": [
      {
        "from": "human",
        "value": "<image>\nIn what ways has this individual influenced their industry or society?"
      },
      {
        "from": "gpt",
        "value": "Scarlett Johansson has contributed to the film industry through her diverse roles and performances, helping to redefine female characters in action and drama genres. She is also known for her advocacy work, including support for women's rights and various charitable causes. Additionally, she has been involved in projects that promote diversity and representation in Hollywood."
      }
    ]
  },
  {
    "id": "400099",
    "image": "downloaded_images/Personage/Scarlett_Johansson/image_20241107_161002_17.jpg",
    "conversations": [
      {
        "from": "human",
        "value": "<image>\nIn what ways has this individual influenced their industry or society?"
      },
      {
        "from": "gpt",
        "value": "Scarlett Johansson has contributed to the film industry through her diverse roles and performances, helping to redefine female characters in action and drama genres. She is also known for her advocacy work, including support for women's rights and various charitable causes. Additionally, she has been involved in projects that promote diversity and representation in Hollywood."
      }
    ]
  },
  {
    "id": "400100",
    "image": "downloaded_images/Personage/Scarlett_Johansson/image_20241018_162604_16.jpg",
    "conversations": [
      {
        "from": "human",
        "value": "<image>\nIn what ways has this individual influenced their industry or society?"
      },
      {
        "from": "gpt",
        "value": "Scarlett Johansson has contributed to the film industry through her diverse roles and performances, helping to redefine female characters in action and drama genres. She is also known for her advocacy work, including support for women's rights and various charitable causes. Additionally, she has been involved in projects that promote diversity and representation in Hollywood."
      }
    ]
  },
  {
    "id": "400101",
    "image": "downloaded_images/Personage/Scarlett_Johansson/image_20241107_161127_27.jpg",
    "conversations": [
      {
        "from": "human",
        "value": "<image>\nIn what ways has this individual influenced their industry or society?"
      },
      {
        "from": "gpt",
        "value": "Scarlett Johansson has contributed to the film industry through her diverse roles and performances, helping to redefine female characters in action and drama genres. She is also known for her advocacy work, including support for women's rights and various charitable causes. Additionally, she has been involved in projects that promote diversity and representation in Hollywood."
      }
    ]
  }
]