[
  {
    "id": "1",
    "image": "downloaded_images/TV series/Game_of_Thrones/image_20241018_185955_15.jpg",
    "conversations": [
      {
        "from": "human",
        "value": "<image>\nWhat is the title of this TV series?"
      },
      {
        "from": "gpt",
        "value": "The title of the TV series is \"Game of Thrones.\""
      }
    ]
  },
  {
    "id": "2",
    "image": "downloaded_images/TV series/Game_of_Thrones/image_20241018_185955_15.jpg",
    "conversations": [
      {
        "from": "human",
        "value": "<image>\nWho created or produced this TV series?"
      },
      {
        "from": "gpt",
        "value": "\"Game of Thrones\" was created by David Benioff and D.B. Weiss, based on the book series \"A Song of Ice and Fire\" by George R.R. Martin."
      }
    ]
  },
  {
    "id": "3",
    "image": "downloaded_images/TV series/Game_of_Thrones/image_20241018_190004_16.jpg",
    "conversations": [
      {
        "from": "human",
        "value": "<image>\nWhen did this TV series first premiere?"
      },
      {
        "from": "gpt",
        "value": "\"Game of Thrones\" first premiered on April 17, 2011."
      }
    ]
  },
  {
    "id": "4",
    "image": "downloaded_images/TV series/Game_of_Thrones/image_20241018_190004_16.jpg",
    "conversations": [
      {
        "from": "human",
        "value": "<image>\nWho are the main actors and actresses in this TV series?"
      },
      {
        "from": "gpt",
        "value": "The main actors and actresses in \"Game of Thrones\" include:\n     - Emilia Clarke as Daenerys Targaryen\n     - Kit Harington as Jon Snow\n     - Peter Dinklage as Tyrion Lannister\n     - Lena Headey as Cersei Lannister\n     - Nikolaj Coster-Waldau as Jaime Lannister\n     - Sophie Turner as Sansa Stark\n     - Maisie Williams as Arya Stark\n     - Isaac Hempstead Wright as Bran Stark"
      }
    ]
  },
  {
    "id": "5",
    "image": "downloaded_images/TV series/Game_of_Thrones/image_20241107_201046_1.jpg",
    "conversations": [
      {
        "from": "human",
        "value": "<image>\nWhat is the central storyline or premise of this TV series?"
      },
      {
        "from": "gpt",
        "value": "The central storyline of \"Game of Thrones\" revolves around the power struggles among noble families as they vie for control of the Iron Throne and the Seven Kingdoms of Westeros. The series features themes of loyalty, betrayal, honor, and the impact of war, while also incorporating elements of fantasy, such as dragons and the looming threat of the White Walkers from beyond the Wall. The intricate political machinations and character developments drive the narrative, leading to unexpected twists and dramatic confrontations."
      }
    ]
  },
  {
    "id": "6",
    "image": "downloaded_images/TV series/Game_of_Thrones/image_20241018_185731_1.jpg",
    "conversations": [
      {
        "from": "human",
        "value": "<image>\nWhat is the title of this TV series?"
      },
      {
        "from": "gpt",
        "value": "The title of the TV series is \"Game of Thrones.\""
      }
    ]
  },
  {
    "id": "7",
    "image": "downloaded_images/TV series/Game_of_Thrones/image_20241107_201138_6.jpg",
    "conversations": [
      {
        "from": "human",
        "value": "<image>\nWhat is the title of this TV series?"
      },
      {
        "from": "gpt",
        "value": "The title of the TV series is \"Game of Thrones.\""
      }
    ]
  },
  {
    "id": "8",
    "image": "downloaded_images/TV series/Game_of_Thrones/image_20241107_201242_13.jpg",
    "conversations": [
      {
        "from": "human",
        "value": "<image>\nWhat is the title of this TV series?"
      },
      {
        "from": "gpt",
        "value": "The title of the TV series is \"Game of Thrones.\""
      }
    ]
  },
  {
    "id": "9",
    "image": "downloaded_images/TV series/Game_of_Thrones/image_20241107_201443_24.jpg",
    "conversations": [
      {
        "from": "human",
        "value": "<image>\nWhat is the title of this TV series?"
      },
      {
        "from": "gpt",
        "value": "The title of the TV series is \"Game of Thrones.\""
      }
    ]
  },
  {
    "id": "10",
    "image": "downloaded_images/TV series/Game_of_Thrones/image_20241107_201348_18.jpg",
    "conversations": [
      {
        "from": "human",
        "value": "<image>\nWhat is the title of this TV series?"
      },
      {
        "from": "gpt",
        "value": "The title of the TV series is \"Game of Thrones.\""
      }
    ]
  },
  {
    "id": "11",
    "image": "downloaded_images/TV series/Game_of_Thrones/image_20241107_201415_21.jpg",
    "conversations": [
      {
        "from": "human",
        "value": "<image>\nWho created or produced this TV series?"
      },
      {
        "from": "gpt",
        "value": "\"Game of Thrones\" was created by David Benioff and D.B. Weiss, based on the book series \"A Song of Ice and Fire\" by George R.R. Martin."
      }
    ]
  },
  {
    "id": "12",
    "image": "downloaded_images/TV series/Game_of_Thrones/image_20241018_190020_18.jpg",
    "conversations": [
      {
        "from": "human",
        "value": "<image>\nWho created or produced this TV series?"
      },
      {
        "from": "gpt",
        "value": "\"Game of Thrones\" was created by David Benioff and D.B. Weiss, based on the book series \"A Song of Ice and Fire\" by George R.R. Martin."
      }
    ]
  },
  {
    "id": "13",
    "image": "downloaded_images/TV series/Game_of_Thrones/image_20241107_201259_15.jpg",
    "conversations": [
      {
        "from": "human",
        "value": "<image>\nWho created or produced this TV series?"
      },
      {
        "from": "gpt",
        "value": "\"Game of Thrones\" was created by David Benioff and D.B. Weiss, based on the book series \"A Song of Ice and Fire\" by George R.R. Martin."
      }
    ]
  },
  {
    "id": "14",
    "image": "downloaded_images/TV series/Game_of_Thrones/image_20241107_201214_10.jpg",
    "conversations": [
      {
        "from": "human",
        "value": "<image>\nWho created or produced this TV series?"
      },
      {
        "from": "gpt",
        "value": "\"Game of Thrones\" was created by David Benioff and D.B. Weiss, based on the book series \"A Song of Ice and Fire\" by George R.R. Martin."
      }
    ]
  },
  {
    "id": "15",
    "image": "downloaded_images/TV series/Game_of_Thrones/image_20241107_201433_23.jpg",
    "conversations": [
      {
        "from": "human",
        "value": "<image>\nWho created or produced this TV series?"
      },
      {
        "from": "gpt",
        "value": "\"Game of Thrones\" was created by David Benioff and D.B. Weiss, based on the book series \"A Song of Ice and Fire\" by George R.R. Martin."
      }
    ]
  },
  {
    "id": "16",
    "image": "downloaded_images/TV series/Game_of_Thrones/image_20241107_201452_25.jpg",
    "conversations": [
      {
        "from": "human",
        "value": "<image>\nWhen did this TV series first premiere?"
      },
      {
        "from": "gpt",
        "value": "\"Game of Thrones\" first premiered on April 17, 2011."
      }
    ]
  },
  {
    "id": "17",
    "image": "downloaded_images/TV series/Game_of_Thrones/image_20241107_201500_26.jpg",
    "conversations": [
      {
        "from": "human",
        "value": "<image>\nWhen did this TV series first premiere?"
      },
      {
        "from": "gpt",
        "value": "\"Game of Thrones\" first premiered on April 17, 2011."
      }
    ]
  },
  {
    "id": "18",
    "image": "downloaded_images/TV series/Game_of_Thrones/image_20241018_185743_2.jpg",
    "conversations": [
      {
        "from": "human",
        "value": "<image>\nWhen did this TV series first premiere?"
      },
      {
        "from": "gpt",
        "value": "\"Game of Thrones\" first premiered on April 17, 2011."
      }
    ]
  },
  {
    "id": "19",
    "image": "downloaded_images/TV series/Game_of_Thrones/image_20241107_201317_17.jpg",
    "conversations": [
      {
        "from": "human",
        "value": "<image>\nWhen did this TV series first premiere?"
      },
      {
        "from": "gpt",
        "value": "\"Game of Thrones\" first premiered on April 17, 2011."
      }
    ]
  },
  {
    "id": "20",
    "image": "downloaded_images/TV series/Game_of_Thrones/image_20241018_185905_9.jpg",
    "conversations": [
      {
        "from": "human",
        "value": "<image>\nWhen did this TV series first premiere?"
      },
      {
        "from": "gpt",
        "value": "\"Game of Thrones\" first premiered on April 17, 2011."
      }
    ]
  },
  {
    "id": "21",
    "image": "downloaded_images/TV series/Game_of_Thrones/image_20241107_201046_1.jpg",
    "conversations": [
      {
        "from": "human",
        "value": "<image>\nWho are the main actors and actresses in this TV series?"
      },
      {
        "from": "gpt",
        "value": "The main actors and actresses in \"Game of Thrones\" include:\n     - Emilia Clarke as Daenerys Targaryen\n     - Kit Harington as Jon Snow\n     - Peter Dinklage as Tyrion Lannister\n     - Lena Headey as Cersei Lannister\n     - Nikolaj Coster-Waldau as Jaime Lannister\n     - Sophie Turner as Sansa Stark\n     - Maisie Williams as Arya Stark\n     - Isaac Hempstead Wright as Bran Stark"
      }
    ]
  },
  {
    "id": "22",
    "image": "downloaded_images/TV series/Game_of_Thrones/image_20241107_201317_17.jpg",
    "conversations": [
      {
        "from": "human",
        "value": "<image>\nWho are the main actors and actresses in this TV series?"
      },
      {
        "from": "gpt",
        "value": "The main actors and actresses in \"Game of Thrones\" include:\n     - Emilia Clarke as Daenerys Targaryen\n     - Kit Harington as Jon Snow\n     - Peter Dinklage as Tyrion Lannister\n     - Lena Headey as Cersei Lannister\n     - Nikolaj Coster-Waldau as Jaime Lannister\n     - Sophie Turner as Sansa Stark\n     - Maisie Williams as Arya Stark\n     - Isaac Hempstead Wright as Bran Stark"
      }
    ]
  },
  {
    "id": "23",
    "image": "downloaded_images/TV series/Game_of_Thrones/image_20241018_185905_9.jpg",
    "conversations": [
      {
        "from": "human",
        "value": "<image>\nWho are the main actors and actresses in this TV series?"
      },
      {
        "from": "gpt",
        "value": "The main actors and actresses in \"Game of Thrones\" include:\n     - Emilia Clarke as Daenerys Targaryen\n     - Kit Harington as Jon Snow\n     - Peter Dinklage as Tyrion Lannister\n     - Lena Headey as Cersei Lannister\n     - Nikolaj Coster-Waldau as Jaime Lannister\n     - Sophie Turner as Sansa Stark\n     - Maisie Williams as Arya Stark\n     - Isaac Hempstead Wright as Bran Stark"
      }
    ]
  },
  {
    "id": "24",
    "image": "downloaded_images/TV series/Game_of_Thrones/image_20241107_201156_8.jpg",
    "conversations": [
      {
        "from": "human",
        "value": "<image>\nWho are the main actors and actresses in this TV series?"
      },
      {
        "from": "gpt",
        "value": "The main actors and actresses in \"Game of Thrones\" include:\n     - Emilia Clarke as Daenerys Targaryen\n     - Kit Harington as Jon Snow\n     - Peter Dinklage as Tyrion Lannister\n     - Lena Headey as Cersei Lannister\n     - Nikolaj Coster-Waldau as Jaime Lannister\n     - Sophie Turner as Sansa Stark\n     - Maisie Williams as Arya Stark\n     - Isaac Hempstead Wright as Bran Stark"
      }
    ]
  },
  {
    "id": "25",
    "image": "downloaded_images/TV series/Game_of_Thrones/image_20241107_201357_19.jpg",
    "conversations": [
      {
        "from": "human",
        "value": "<image>\nWho are the main actors and actresses in this TV series?"
      },
      {
        "from": "gpt",
        "value": "The main actors and actresses in \"Game of Thrones\" include:\n     - Emilia Clarke as Daenerys Targaryen\n     - Kit Harington as Jon Snow\n     - Peter Dinklage as Tyrion Lannister\n     - Lena Headey as Cersei Lannister\n     - Nikolaj Coster-Waldau as Jaime Lannister\n     - Sophie Turner as Sansa Stark\n     - Maisie Williams as Arya Stark\n     - Isaac Hempstead Wright as Bran Stark"
      }
    ]
  },
  {
    "id": "26",
    "image": "downloaded_images/TV series/Game_of_Thrones/image_20241107_201242_13.jpg",
    "conversations": [
      {
        "from": "human",
        "value": "<image>\nWhat is the central storyline or premise of this TV series?"
      },
      {
        "from": "gpt",
        "value": "The central storyline of \"Game of Thrones\" revolves around the power struggles among noble families as they vie for control of the Iron Throne and the Seven Kingdoms of Westeros. The series features themes of loyalty, betrayal, honor, and the impact of war, while also incorporating elements of fantasy, such as dragons and the looming threat of the White Walkers from beyond the Wall. The intricate political machinations and character developments drive the narrative, leading to unexpected twists and dramatic confrontations."
      }
    ]
  },
  {
    "id": "27",
    "image": "downloaded_images/TV series/Game_of_Thrones/image_20241018_190020_18.jpg",
    "conversations": [
      {
        "from": "human",
        "value": "<image>\nWhat is the central storyline or premise of this TV series?"
      },
      {
        "from": "gpt",
        "value": "The central storyline of \"Game of Thrones\" revolves around the power struggles among noble families as they vie for control of the Iron Throne and the Seven Kingdoms of Westeros. The series features themes of loyalty, betrayal, honor, and the impact of war, while also incorporating elements of fantasy, such as dragons and the looming threat of the White Walkers from beyond the Wall. The intricate political machinations and character developments drive the narrative, leading to unexpected twists and dramatic confrontations."
      }
    ]
  },
  {
    "id": "28",
    "image": "downloaded_images/TV series/Game_of_Thrones/image_20241018_185921_11.jpg",
    "conversations": [
      {
        "from": "human",
        "value": "<image>\nWhat is the central storyline or premise of this TV series?"
      },
      {
        "from": "gpt",
        "value": "The central storyline of \"Game of Thrones\" revolves around the power struggles among noble families as they vie for control of the Iron Throne and the Seven Kingdoms of Westeros. The series features themes of loyalty, betrayal, honor, and the impact of war, while also incorporating elements of fantasy, such as dragons and the looming threat of the White Walkers from beyond the Wall. The intricate political machinations and character developments drive the narrative, leading to unexpected twists and dramatic confrontations."
      }
    ]
  },
  {
    "id": "29",
    "image": "downloaded_images/TV series/Game_of_Thrones/image_20241107_201056_2.jpg",
    "conversations": [
      {
        "from": "human",
        "value": "<image>\nWhat is the central storyline or premise of this TV series?"
      },
      {
        "from": "gpt",
        "value": "The central storyline of \"Game of Thrones\" revolves around the power struggles among noble families as they vie for control of the Iron Throne and the Seven Kingdoms of Westeros. The series features themes of loyalty, betrayal, honor, and the impact of war, while also incorporating elements of fantasy, such as dragons and the looming threat of the White Walkers from beyond the Wall. The intricate political machinations and character developments drive the narrative, leading to unexpected twists and dramatic confrontations."
      }
    ]
  },
  {
    "id": "30",
    "image": "downloaded_images/TV series/Game_of_Thrones/image_20241107_201317_17.jpg",
    "conversations": [
      {
        "from": "human",
        "value": "<image>\nWhat is the central storyline or premise of this TV series?"
      },
      {
        "from": "gpt",
        "value": "The central storyline of \"Game of Thrones\" revolves around the power struggles among noble families as they vie for control of the Iron Throne and the Seven Kingdoms of Westeros. The series features themes of loyalty, betrayal, honor, and the impact of war, while also incorporating elements of fantasy, such as dragons and the looming threat of the White Walkers from beyond the Wall. The intricate political machinations and character developments drive the narrative, leading to unexpected twists and dramatic confrontations."
      }
    ]
  },
  {
    "id": "100001",
    "image": "downloaded_images/TV series/Game_of_Thrones/image_20241018_185955_15.jpg",
    "conversations": [
      {
        "from": "human",
        "value": "<image>\nWhat is the name of this TV series?"
      },
      {
        "from": "gpt",
        "value": "The title of the TV series is \"Game of Thrones.\""
      }
    ]
  },
  {
    "id": "100002",
    "image": "downloaded_images/TV series/Game_of_Thrones/image_20241018_185955_15.jpg",
    "conversations": [
      {
        "from": "human",
        "value": "<image>\nWho is the creator or producer of this TV series?"
      },
      {
        "from": "gpt",
        "value": "\"Game of Thrones\" was created by David Benioff and D.B. Weiss, based on the book series \"A Song of Ice and Fire\" by George R.R. Martin."
      }
    ]
  },
  {
    "id": "100003",
    "image": "downloaded_images/TV series/Game_of_Thrones/image_20241018_190004_16.jpg",
    "conversations": [
      {
        "from": "human",
        "value": "<image>\nWhen did this TV series debut?"
      },
      {
        "from": "gpt",
        "value": "\"Game of Thrones\" first premiered on April 17, 2011."
      }
    ]
  },
  {
    "id": "100004",
    "image": "downloaded_images/TV series/Game_of_Thrones/image_20241018_190004_16.jpg",
    "conversations": [
      {
        "from": "human",
        "value": "<image>\nWho are the lead actors and actresses in this TV series?"
      },
      {
        "from": "gpt",
        "value": "The main actors and actresses in \"Game of Thrones\" include:\n     - Emilia Clarke as Daenerys Targaryen\n     - Kit Harington as Jon Snow\n     - Peter Dinklage as Tyrion Lannister\n     - Lena Headey as Cersei Lannister\n     - Nikolaj Coster-Waldau as Jaime Lannister\n     - Sophie Turner as Sansa Stark\n     - Maisie Williams as Arya Stark\n     - Isaac Hempstead Wright as Bran Stark"
      }
    ]
  },
  {
    "id": "100005",
    "image": "downloaded_images/TV series/Game_of_Thrones/image_20241107_201046_1.jpg",
    "conversations": [
      {
        "from": "human",
        "value": "<image>\nWhat is the main plot or premise of this TV series?"
      },
      {
        "from": "gpt",
        "value": "The central storyline of \"Game of Thrones\" revolves around the power struggles among noble families as they vie for control of the Iron Throne and the Seven Kingdoms of Westeros. The series features themes of loyalty, betrayal, honor, and the impact of war, while also incorporating elements of fantasy, such as dragons and the looming threat of the White Walkers from beyond the Wall. The intricate political machinations and character developments drive the narrative, leading to unexpected twists and dramatic confrontations."
      }
    ]
  },
  {
    "id": "100006",
    "image": "downloaded_images/TV series/Game_of_Thrones/image_20241018_185731_1.jpg",
    "conversations": [
      {
        "from": "human",
        "value": "<image>\nWhat is the name of this TV series?"
      },
      {
        "from": "gpt",
        "value": "The title of the TV series is \"Game of Thrones.\""
      }
    ]
  },
  {
    "id": "100007",
    "image": "downloaded_images/TV series/Game_of_Thrones/image_20241107_201138_6.jpg",
    "conversations": [
      {
        "from": "human",
        "value": "<image>\nWhat is the name of this TV series?"
      },
      {
        "from": "gpt",
        "value": "The title of the TV series is \"Game of Thrones.\""
      }
    ]
  },
  {
    "id": "100008",
    "image": "downloaded_images/TV series/Game_of_Thrones/image_20241107_201242_13.jpg",
    "conversations": [
      {
        "from": "human",
        "value": "<image>\nWhat is the name of this TV series?"
      },
      {
        "from": "gpt",
        "value": "The title of the TV series is \"Game of Thrones.\""
      }
    ]
  },
  {
    "id": "100009",
    "image": "downloaded_images/TV series/Game_of_Thrones/image_20241107_201443_24.jpg",
    "conversations": [
      {
        "from": "human",
        "value": "<image>\nWhat is the name of this TV series?"
      },
      {
        "from": "gpt",
        "value": "The title of the TV series is \"Game of Thrones.\""
      }
    ]
  },
  {
    "id": "100010",
    "image": "downloaded_images/TV series/Game_of_Thrones/image_20241107_201348_18.jpg",
    "conversations": [
      {
        "from": "human",
        "value": "<image>\nWhat is the name of this TV series?"
      },
      {
        "from": "gpt",
        "value": "The title of the TV series is \"Game of Thrones.\""
      }
    ]
  },
  {
    "id": "100011",
    "image": "downloaded_images/TV series/Game_of_Thrones/image_20241107_201415_21.jpg",
    "conversations": [
      {
        "from": "human",
        "value": "<image>\nWho is the creator or producer of this TV series?"
      },
      {
        "from": "gpt",
        "value": "\"Game of Thrones\" was created by David Benioff and D.B. Weiss, based on the book series \"A Song of Ice and Fire\" by George R.R. Martin."
      }
    ]
  },
  {
    "id": "100012",
    "image": "downloaded_images/TV series/Game_of_Thrones/image_20241018_190020_18.jpg",
    "conversations": [
      {
        "from": "human",
        "value": "<image>\nWho is the creator or producer of this TV series?"
      },
      {
        "from": "gpt",
        "value": "\"Game of Thrones\" was created by David Benioff and D.B. Weiss, based on the book series \"A Song of Ice and Fire\" by George R.R. Martin."
      }
    ]
  },
  {
    "id": "100013",
    "image": "downloaded_images/TV series/Game_of_Thrones/image_20241107_201259_15.jpg",
    "conversations": [
      {
        "from": "human",
        "value": "<image>\nWho is the creator or producer of this TV series?"
      },
      {
        "from": "gpt",
        "value": "\"Game of Thrones\" was created by David Benioff and D.B. Weiss, based on the book series \"A Song of Ice and Fire\" by George R.R. Martin."
      }
    ]
  },
  {
    "id": "100014",
    "image": "downloaded_images/TV series/Game_of_Thrones/image_20241107_201214_10.jpg",
    "conversations": [
      {
        "from": "human",
        "value": "<image>\nWho is the creator or producer of this TV series?"
      },
      {
        "from": "gpt",
        "value": "\"Game of Thrones\" was created by David Benioff and D.B. Weiss, based on the book series \"A Song of Ice and Fire\" by George R.R. Martin."
      }
    ]
  },
  {
    "id": "100015",
    "image": "downloaded_images/TV series/Game_of_Thrones/image_20241107_201433_23.jpg",
    "conversations": [
      {
        "from": "human",
        "value": "<image>\nWho is the creator or producer of this TV series?"
      },
      {
        "from": "gpt",
        "value": "\"Game of Thrones\" was created by David Benioff and D.B. Weiss, based on the book series \"A Song of Ice and Fire\" by George R.R. Martin."
      }
    ]
  },
  {
    "id": "100016",
    "image": "downloaded_images/TV series/Game_of_Thrones/image_20241107_201452_25.jpg",
    "conversations": [
      {
        "from": "human",
        "value": "<image>\nWhen did this TV series debut?"
      },
      {
        "from": "gpt",
        "value": "\"Game of Thrones\" first premiered on April 17, 2011."
      }
    ]
  },
  {
    "id": "100017",
    "image": "downloaded_images/TV series/Game_of_Thrones/image_20241107_201500_26.jpg",
    "conversations": [
      {
        "from": "human",
        "value": "<image>\nWhen did this TV series debut?"
      },
      {
        "from": "gpt",
        "value": "\"Game of Thrones\" first premiered on April 17, 2011."
      }
    ]
  },
  {
    "id": "100018",
    "image": "downloaded_images/TV series/Game_of_Thrones/image_20241018_185743_2.jpg",
    "conversations": [
      {
        "from": "human",
        "value": "<image>\nWhen did this TV series debut?"
      },
      {
        "from": "gpt",
        "value": "\"Game of Thrones\" first premiered on April 17, 2011."
      }
    ]
  },
  {
    "id": "100019",
    "image": "downloaded_images/TV series/Game_of_Thrones/image_20241107_201317_17.jpg",
    "conversations": [
      {
        "from": "human",
        "value": "<image>\nWhen did this TV series debut?"
      },
      {
        "from": "gpt",
        "value": "\"Game of Thrones\" first premiered on April 17, 2011."
      }
    ]
  },
  {
    "id": "100020",
    "image": "downloaded_images/TV series/Game_of_Thrones/image_20241018_185905_9.jpg",
    "conversations": [
      {
        "from": "human",
        "value": "<image>\nWhen did this TV series debut?"
      },
      {
        "from": "gpt",
        "value": "\"Game of Thrones\" first premiered on April 17, 2011."
      }
    ]
  },
  {
    "id": "100021",
    "image": "downloaded_images/TV series/Game_of_Thrones/image_20241107_201046_1.jpg",
    "conversations": [
      {
        "from": "human",
        "value": "<image>\nWho are the lead actors and actresses in this TV series?"
      },
      {
        "from": "gpt",
        "value": "The main actors and actresses in \"Game of Thrones\" include:\n     - Emilia Clarke as Daenerys Targaryen\n     - Kit Harington as Jon Snow\n     - Peter Dinklage as Tyrion Lannister\n     - Lena Headey as Cersei Lannister\n     - Nikolaj Coster-Waldau as Jaime Lannister\n     - Sophie Turner as Sansa Stark\n     - Maisie Williams as Arya Stark\n     - Isaac Hempstead Wright as Bran Stark"
      }
    ]
  },
  {
    "id": "100022",
    "image": "downloaded_images/TV series/Game_of_Thrones/image_20241107_201317_17.jpg",
    "conversations": [
      {
        "from": "human",
        "value": "<image>\nWho are the lead actors and actresses in this TV series?"
      },
      {
        "from": "gpt",
        "value": "The main actors and actresses in \"Game of Thrones\" include:\n     - Emilia Clarke as Daenerys Targaryen\n     - Kit Harington as Jon Snow\n     - Peter Dinklage as Tyrion Lannister\n     - Lena Headey as Cersei Lannister\n     - Nikolaj Coster-Waldau as Jaime Lannister\n     - Sophie Turner as Sansa Stark\n     - Maisie Williams as Arya Stark\n     - Isaac Hempstead Wright as Bran Stark"
      }
    ]
  },
  {
    "id": "100023",
    "image": "downloaded_images/TV series/Game_of_Thrones/image_20241018_185905_9.jpg",
    "conversations": [
      {
        "from": "human",
        "value": "<image>\nWho are the lead actors and actresses in this TV series?"
      },
      {
        "from": "gpt",
        "value": "The main actors and actresses in \"Game of Thrones\" include:\n     - Emilia Clarke as Daenerys Targaryen\n     - Kit Harington as Jon Snow\n     - Peter Dinklage as Tyrion Lannister\n     - Lena Headey as Cersei Lannister\n     - Nikolaj Coster-Waldau as Jaime Lannister\n     - Sophie Turner as Sansa Stark\n     - Maisie Williams as Arya Stark\n     - Isaac Hempstead Wright as Bran Stark"
      }
    ]
  },
  {
    "id": "100024",
    "image": "downloaded_images/TV series/Game_of_Thrones/image_20241107_201156_8.jpg",
    "conversations": [
      {
        "from": "human",
        "value": "<image>\nWho are the lead actors and actresses in this TV series?"
      },
      {
        "from": "gpt",
        "value": "The main actors and actresses in \"Game of Thrones\" include:\n     - Emilia Clarke as Daenerys Targaryen\n     - Kit Harington as Jon Snow\n     - Peter Dinklage as Tyrion Lannister\n     - Lena Headey as Cersei Lannister\n     - Nikolaj Coster-Waldau as Jaime Lannister\n     - Sophie Turner as Sansa Stark\n     - Maisie Williams as Arya Stark\n     - Isaac Hempstead Wright as Bran Stark"
      }
    ]
  },
  {
    "id": "100025",
    "image": "downloaded_images/TV series/Game_of_Thrones/image_20241107_201357_19.jpg",
    "conversations": [
      {
        "from": "human",
        "value": "<image>\nWho are the lead actors and actresses in this TV series?"
      },
      {
        "from": "gpt",
        "value": "The main actors and actresses in \"Game of Thrones\" include:\n     - Emilia Clarke as Daenerys Targaryen\n     - Kit Harington as Jon Snow\n     - Peter Dinklage as Tyrion Lannister\n     - Lena Headey as Cersei Lannister\n     - Nikolaj Coster-Waldau as Jaime Lannister\n     - Sophie Turner as Sansa Stark\n     - Maisie Williams as Arya Stark\n     - Isaac Hempstead Wright as Bran Stark"
      }
    ]
  },
  {
    "id": "100026",
    "image": "downloaded_images/TV series/Game_of_Thrones/image_20241107_201242_13.jpg",
    "conversations": [
      {
        "from": "human",
        "value": "<image>\nWhat is the main plot or premise of this TV series?"
      },
      {
        "from": "gpt",
        "value": "The central storyline of \"Game of Thrones\" revolves around the power struggles among noble families as they vie for control of the Iron Throne and the Seven Kingdoms of Westeros. The series features themes of loyalty, betrayal, honor, and the impact of war, while also incorporating elements of fantasy, such as dragons and the looming threat of the White Walkers from beyond the Wall. The intricate political machinations and character developments drive the narrative, leading to unexpected twists and dramatic confrontations."
      }
    ]
  },
  {
    "id": "100027",
    "image": "downloaded_images/TV series/Game_of_Thrones/image_20241018_190020_18.jpg",
    "conversations": [
      {
        "from": "human",
        "value": "<image>\nWhat is the main plot or premise of this TV series?"
      },
      {
        "from": "gpt",
        "value": "The central storyline of \"Game of Thrones\" revolves around the power struggles among noble families as they vie for control of the Iron Throne and the Seven Kingdoms of Westeros. The series features themes of loyalty, betrayal, honor, and the impact of war, while also incorporating elements of fantasy, such as dragons and the looming threat of the White Walkers from beyond the Wall. The intricate political machinations and character developments drive the narrative, leading to unexpected twists and dramatic confrontations."
      }
    ]
  },
  {
    "id": "100028",
    "image": "downloaded_images/TV series/Game_of_Thrones/image_20241018_185921_11.jpg",
    "conversations": [
      {
        "from": "human",
        "value": "<image>\nWhat is the main plot or premise of this TV series?"
      },
      {
        "from": "gpt",
        "value": "The central storyline of \"Game of Thrones\" revolves around the power struggles among noble families as they vie for control of the Iron Throne and the Seven Kingdoms of Westeros. The series features themes of loyalty, betrayal, honor, and the impact of war, while also incorporating elements of fantasy, such as dragons and the looming threat of the White Walkers from beyond the Wall. The intricate political machinations and character developments drive the narrative, leading to unexpected twists and dramatic confrontations."
      }
    ]
  },
  {
    "id": "100029",
    "image": "downloaded_images/TV series/Game_of_Thrones/image_20241107_201056_2.jpg",
    "conversations": [
      {
        "from": "human",
        "value": "<image>\nWhat is the main plot or premise of this TV series?"
      },
      {
        "from": "gpt",
        "value": "The central storyline of \"Game of Thrones\" revolves around the power struggles among noble families as they vie for control of the Iron Throne and the Seven Kingdoms of Westeros. The series features themes of loyalty, betrayal, honor, and the impact of war, while also incorporating elements of fantasy, such as dragons and the looming threat of the White Walkers from beyond the Wall. The intricate political machinations and character developments drive the narrative, leading to unexpected twists and dramatic confrontations."
      }
    ]
  },
  {
    "id": "100030",
    "image": "downloaded_images/TV series/Game_of_Thrones/image_20241107_201317_17.jpg",
    "conversations": [
      {
        "from": "human",
        "value": "<image>\nWhat is the main plot or premise of this TV series?"
      },
      {
        "from": "gpt",
        "value": "The central storyline of \"Game of Thrones\" revolves around the power struggles among noble families as they vie for control of the Iron Throne and the Seven Kingdoms of Westeros. The series features themes of loyalty, betrayal, honor, and the impact of war, while also incorporating elements of fantasy, such as dragons and the looming threat of the White Walkers from beyond the Wall. The intricate political machinations and character developments drive the narrative, leading to unexpected twists and dramatic confrontations."
      }
    ]
  },
  {
    "id": "200001",
    "image": "downloaded_images/TV series/Game_of_Thrones/image_20241018_185955_15.jpg",
    "conversations": [
      {
        "from": "human",
        "value": "<image>\nWhat is the title of this television show?"
      },
      {
        "from": "gpt",
        "value": "The title of the TV series is \"Game of Thrones.\""
      }
    ]
  },
  {
    "id": "200002",
    "image": "downloaded_images/TV series/Game_of_Thrones/image_20241018_185955_15.jpg",
    "conversations": [
      {
        "from": "human",
        "value": "<image>\nWho developed or produced this television series?"
      },
      {
        "from": "gpt",
        "value": "\"Game of Thrones\" was created by David Benioff and D.B. Weiss, based on the book series \"A Song of Ice and Fire\" by George R.R. Martin."
      }
    ]
  },
  {
    "id": "200003",
    "image": "downloaded_images/TV series/Game_of_Thrones/image_20241018_190004_16.jpg",
    "conversations": [
      {
        "from": "human",
        "value": "<image>\nWhat year did this television series first air?"
      },
      {
        "from": "gpt",
        "value": "\"Game of Thrones\" first premiered on April 17, 2011."
      }
    ]
  },
  {
    "id": "200004",
    "image": "downloaded_images/TV series/Game_of_Thrones/image_20241018_190004_16.jpg",
    "conversations": [
      {
        "from": "human",
        "value": "<image>\nWho are the main cast members of this show?"
      },
      {
        "from": "gpt",
        "value": "The main actors and actresses in \"Game of Thrones\" include:\n     - Emilia Clarke as Daenerys Targaryen\n     - Kit Harington as Jon Snow\n     - Peter Dinklage as Tyrion Lannister\n     - Lena Headey as Cersei Lannister\n     - Nikolaj Coster-Waldau as Jaime Lannister\n     - Sophie Turner as Sansa Stark\n     - Maisie Williams as Arya Stark\n     - Isaac Hempstead Wright as Bran Stark"
      }
    ]
  },
  {
    "id": "200005",
    "image": "downloaded_images/TV series/Game_of_Thrones/image_20241107_201046_1.jpg",
    "conversations": [
      {
        "from": "human",
        "value": "<image>\nWhat is the central theme of this television series?"
      },
      {
        "from": "gpt",
        "value": "The central storyline of \"Game of Thrones\" revolves around the power struggles among noble families as they vie for control of the Iron Throne and the Seven Kingdoms of Westeros. The series features themes of loyalty, betrayal, honor, and the impact of war, while also incorporating elements of fantasy, such as dragons and the looming threat of the White Walkers from beyond the Wall. The intricate political machinations and character developments drive the narrative, leading to unexpected twists and dramatic confrontations."
      }
    ]
  },
  {
    "id": "200006",
    "image": "downloaded_images/TV series/Game_of_Thrones/image_20241018_185731_1.jpg",
    "conversations": [
      {
        "from": "human",
        "value": "<image>\nWhat is the title of this television show?"
      },
      {
        "from": "gpt",
        "value": "The title of the TV series is \"Game of Thrones.\""
      }
    ]
  },
  {
    "id": "200007",
    "image": "downloaded_images/TV series/Game_of_Thrones/image_20241107_201138_6.jpg",
    "conversations": [
      {
        "from": "human",
        "value": "<image>\nWhat is the title of this television show?"
      },
      {
        "from": "gpt",
        "value": "The title of the TV series is \"Game of Thrones.\""
      }
    ]
  },
  {
    "id": "200008",
    "image": "downloaded_images/TV series/Game_of_Thrones/image_20241107_201242_13.jpg",
    "conversations": [
      {
        "from": "human",
        "value": "<image>\nWhat is the title of this television show?"
      },
      {
        "from": "gpt",
        "value": "The title of the TV series is \"Game of Thrones.\""
      }
    ]
  },
  {
    "id": "200009",
    "image": "downloaded_images/TV series/Game_of_Thrones/image_20241107_201443_24.jpg",
    "conversations": [
      {
        "from": "human",
        "value": "<image>\nWhat is the title of this television show?"
      },
      {
        "from": "gpt",
        "value": "The title of the TV series is \"Game of Thrones.\""
      }
    ]
  },
  {
    "id": "200010",
    "image": "downloaded_images/TV series/Game_of_Thrones/image_20241107_201348_18.jpg",
    "conversations": [
      {
        "from": "human",
        "value": "<image>\nWhat is the title of this television show?"
      },
      {
        "from": "gpt",
        "value": "The title of the TV series is \"Game of Thrones.\""
      }
    ]
  },
  {
    "id": "200011",
    "image": "downloaded_images/TV series/Game_of_Thrones/image_20241107_201415_21.jpg",
    "conversations": [
      {
        "from": "human",
        "value": "<image>\nWho developed or produced this television series?"
      },
      {
        "from": "gpt",
        "value": "\"Game of Thrones\" was created by David Benioff and D.B. Weiss, based on the book series \"A Song of Ice and Fire\" by George R.R. Martin."
      }
    ]
  },
  {
    "id": "200012",
    "image": "downloaded_images/TV series/Game_of_Thrones/image_20241018_190020_18.jpg",
    "conversations": [
      {
        "from": "human",
        "value": "<image>\nWho developed or produced this television series?"
      },
      {
        "from": "gpt",
        "value": "\"Game of Thrones\" was created by David Benioff and D.B. Weiss, based on the book series \"A Song of Ice and Fire\" by George R.R. Martin."
      }
    ]
  },
  {
    "id": "200013",
    "image": "downloaded_images/TV series/Game_of_Thrones/image_20241107_201259_15.jpg",
    "conversations": [
      {
        "from": "human",
        "value": "<image>\nWho developed or produced this television series?"
      },
      {
        "from": "gpt",
        "value": "\"Game of Thrones\" was created by David Benioff and D.B. Weiss, based on the book series \"A Song of Ice and Fire\" by George R.R. Martin."
      }
    ]
  },
  {
    "id": "200014",
    "image": "downloaded_images/TV series/Game_of_Thrones/image_20241107_201214_10.jpg",
    "conversations": [
      {
        "from": "human",
        "value": "<image>\nWho developed or produced this television series?"
      },
      {
        "from": "gpt",
        "value": "\"Game of Thrones\" was created by David Benioff and D.B. Weiss, based on the book series \"A Song of Ice and Fire\" by George R.R. Martin."
      }
    ]
  },
  {
    "id": "200015",
    "image": "downloaded_images/TV series/Game_of_Thrones/image_20241107_201433_23.jpg",
    "conversations": [
      {
        "from": "human",
        "value": "<image>\nWho developed or produced this television series?"
      },
      {
        "from": "gpt",
        "value": "\"Game of Thrones\" was created by David Benioff and D.B. Weiss, based on the book series \"A Song of Ice and Fire\" by George R.R. Martin."
      }
    ]
  },
  {
    "id": "200016",
    "image": "downloaded_images/TV series/Game_of_Thrones/image_20241107_201452_25.jpg",
    "conversations": [
      {
        "from": "human",
        "value": "<image>\nWhat year did this television series first air?"
      },
      {
        "from": "gpt",
        "value": "\"Game of Thrones\" first premiered on April 17, 2011."
      }
    ]
  },
  {
    "id": "200017",
    "image": "downloaded_images/TV series/Game_of_Thrones/image_20241107_201500_26.jpg",
    "conversations": [
      {
        "from": "human",
        "value": "<image>\nWhat year did this television series first air?"
      },
      {
        "from": "gpt",
        "value": "\"Game of Thrones\" first premiered on April 17, 2011."
      }
    ]
  },
  {
    "id": "200018",
    "image": "downloaded_images/TV series/Game_of_Thrones/image_20241018_185743_2.jpg",
    "conversations": [
      {
        "from": "human",
        "value": "<image>\nWhat year did this television series first air?"
      },
      {
        "from": "gpt",
        "value": "\"Game of Thrones\" first premiered on April 17, 2011."
      }
    ]
  },
  {
    "id": "200019",
    "image": "downloaded_images/TV series/Game_of_Thrones/image_20241107_201317_17.jpg",
    "conversations": [
      {
        "from": "human",
        "value": "<image>\nWhat year did this television series first air?"
      },
      {
        "from": "gpt",
        "value": "\"Game of Thrones\" first premiered on April 17, 2011."
      }
    ]
  },
  {
    "id": "200020",
    "image": "downloaded_images/TV series/Game_of_Thrones/image_20241018_185905_9.jpg",
    "conversations": [
      {
        "from": "human",
        "value": "<image>\nWhat year did this television series first air?"
      },
      {
        "from": "gpt",
        "value": "\"Game of Thrones\" first premiered on April 17, 2011."
      }
    ]
  },
  {
    "id": "200021",
    "image": "downloaded_images/TV series/Game_of_Thrones/image_20241107_201046_1.jpg",
    "conversations": [
      {
        "from": "human",
        "value": "<image>\nWho are the main cast members of this show?"
      },
      {
        "from": "gpt",
        "value": "The main actors and actresses in \"Game of Thrones\" include:\n     - Emilia Clarke as Daenerys Targaryen\n     - Kit Harington as Jon Snow\n     - Peter Dinklage as Tyrion Lannister\n     - Lena Headey as Cersei Lannister\n     - Nikolaj Coster-Waldau as Jaime Lannister\n     - Sophie Turner as Sansa Stark\n     - Maisie Williams as Arya Stark\n     - Isaac Hempstead Wright as Bran Stark"
      }
    ]
  },
  {
    "id": "200022",
    "image": "downloaded_images/TV series/Game_of_Thrones/image_20241107_201317_17.jpg",
    "conversations": [
      {
        "from": "human",
        "value": "<image>\nWho are the main cast members of this show?"
      },
      {
        "from": "gpt",
        "value": "The main actors and actresses in \"Game of Thrones\" include:\n     - Emilia Clarke as Daenerys Targaryen\n     - Kit Harington as Jon Snow\n     - Peter Dinklage as Tyrion Lannister\n     - Lena Headey as Cersei Lannister\n     - Nikolaj Coster-Waldau as Jaime Lannister\n     - Sophie Turner as Sansa Stark\n     - Maisie Williams as Arya Stark\n     - Isaac Hempstead Wright as Bran Stark"
      }
    ]
  },
  {
    "id": "200023",
    "image": "downloaded_images/TV series/Game_of_Thrones/image_20241018_185905_9.jpg",
    "conversations": [
      {
        "from": "human",
        "value": "<image>\nWho are the main cast members of this show?"
      },
      {
        "from": "gpt",
        "value": "The main actors and actresses in \"Game of Thrones\" include:\n     - Emilia Clarke as Daenerys Targaryen\n     - Kit Harington as Jon Snow\n     - Peter Dinklage as Tyrion Lannister\n     - Lena Headey as Cersei Lannister\n     - Nikolaj Coster-Waldau as Jaime Lannister\n     - Sophie Turner as Sansa Stark\n     - Maisie Williams as Arya Stark\n     - Isaac Hempstead Wright as Bran Stark"
      }
    ]
  },
  {
    "id": "200024",
    "image": "downloaded_images/TV series/Game_of_Thrones/image_20241107_201156_8.jpg",
    "conversations": [
      {
        "from": "human",
        "value": "<image>\nWho are the main cast members of this show?"
      },
      {
        "from": "gpt",
        "value": "The main actors and actresses in \"Game of Thrones\" include:\n     - Emilia Clarke as Daenerys Targaryen\n     - Kit Harington as Jon Snow\n     - Peter Dinklage as Tyrion Lannister\n     - Lena Headey as Cersei Lannister\n     - Nikolaj Coster-Waldau as Jaime Lannister\n     - Sophie Turner as Sansa Stark\n     - Maisie Williams as Arya Stark\n     - Isaac Hempstead Wright as Bran Stark"
      }
    ]
  },
  {
    "id": "200025",
    "image": "downloaded_images/TV series/Game_of_Thrones/image_20241107_201357_19.jpg",
    "conversations": [
      {
        "from": "human",
        "value": "<image>\nWho are the main cast members of this show?"
      },
      {
        "from": "gpt",
        "value": "The main actors and actresses in \"Game of Thrones\" include:\n     - Emilia Clarke as Daenerys Targaryen\n     - Kit Harington as Jon Snow\n     - Peter Dinklage as Tyrion Lannister\n     - Lena Headey as Cersei Lannister\n     - Nikolaj Coster-Waldau as Jaime Lannister\n     - Sophie Turner as Sansa Stark\n     - Maisie Williams as Arya Stark\n     - Isaac Hempstead Wright as Bran Stark"
      }
    ]
  },
  {
    "id": "200026",
    "image": "downloaded_images/TV series/Game_of_Thrones/image_20241107_201242_13.jpg",
    "conversations": [
      {
        "from": "human",
        "value": "<image>\nWhat is the central theme of this television series?"
      },
      {
        "from": "gpt",
        "value": "The central storyline of \"Game of Thrones\" revolves around the power struggles among noble families as they vie for control of the Iron Throne and the Seven Kingdoms of Westeros. The series features themes of loyalty, betrayal, honor, and the impact of war, while also incorporating elements of fantasy, such as dragons and the looming threat of the White Walkers from beyond the Wall. The intricate political machinations and character developments drive the narrative, leading to unexpected twists and dramatic confrontations."
      }
    ]
  },
  {
    "id": "200027",
    "image": "downloaded_images/TV series/Game_of_Thrones/image_20241018_190020_18.jpg",
    "conversations": [
      {
        "from": "human",
        "value": "<image>\nWhat is the central theme of this television series?"
      },
      {
        "from": "gpt",
        "value": "The central storyline of \"Game of Thrones\" revolves around the power struggles among noble families as they vie for control of the Iron Throne and the Seven Kingdoms of Westeros. The series features themes of loyalty, betrayal, honor, and the impact of war, while also incorporating elements of fantasy, such as dragons and the looming threat of the White Walkers from beyond the Wall. The intricate political machinations and character developments drive the narrative, leading to unexpected twists and dramatic confrontations."
      }
    ]
  },
  {
    "id": "200028",
    "image": "downloaded_images/TV series/Game_of_Thrones/image_20241018_185921_11.jpg",
    "conversations": [
      {
        "from": "human",
        "value": "<image>\nWhat is the central theme of this television series?"
      },
      {
        "from": "gpt",
        "value": "The central storyline of \"Game of Thrones\" revolves around the power struggles among noble families as they vie for control of the Iron Throne and the Seven Kingdoms of Westeros. The series features themes of loyalty, betrayal, honor, and the impact of war, while also incorporating elements of fantasy, such as dragons and the looming threat of the White Walkers from beyond the Wall. The intricate political machinations and character developments drive the narrative, leading to unexpected twists and dramatic confrontations."
      }
    ]
  },
  {
    "id": "200029",
    "image": "downloaded_images/TV series/Game_of_Thrones/image_20241107_201056_2.jpg",
    "conversations": [
      {
        "from": "human",
        "value": "<image>\nWhat is the central theme of this television series?"
      },
      {
        "from": "gpt",
        "value": "The central storyline of \"Game of Thrones\" revolves around the power struggles among noble families as they vie for control of the Iron Throne and the Seven Kingdoms of Westeros. The series features themes of loyalty, betrayal, honor, and the impact of war, while also incorporating elements of fantasy, such as dragons and the looming threat of the White Walkers from beyond the Wall. The intricate political machinations and character developments drive the narrative, leading to unexpected twists and dramatic confrontations."
      }
    ]
  },
  {
    "id": "200030",
    "image": "downloaded_images/TV series/Game_of_Thrones/image_20241107_201317_17.jpg",
    "conversations": [
      {
        "from": "human",
        "value": "<image>\nWhat is the central theme of this television series?"
      },
      {
        "from": "gpt",
        "value": "The central storyline of \"Game of Thrones\" revolves around the power struggles among noble families as they vie for control of the Iron Throne and the Seven Kingdoms of Westeros. The series features themes of loyalty, betrayal, honor, and the impact of war, while also incorporating elements of fantasy, such as dragons and the looming threat of the White Walkers from beyond the Wall. The intricate political machinations and character developments drive the narrative, leading to unexpected twists and dramatic confrontations."
      }
    ]
  },
  {
    "id": "300001",
    "image": "downloaded_images/TV series/Game_of_Thrones/image_20241018_185955_15.jpg",
    "conversations": [
      {
        "from": "human",
        "value": "<image>\nHow is this series referred to?"
      },
      {
        "from": "gpt",
        "value": "The title of the TV series is \"Game of Thrones.\""
      }
    ]
  },
  {
    "id": "300002",
    "image": "downloaded_images/TV series/Game_of_Thrones/image_20241018_185955_15.jpg",
    "conversations": [
      {
        "from": "human",
        "value": "<image>\nWho is responsible for making this TV show?"
      },
      {
        "from": "gpt",
        "value": "\"Game of Thrones\" was created by David Benioff and D.B. Weiss, based on the book series \"A Song of Ice and Fire\" by George R.R. Martin."
      }
    ]
  },
  {
    "id": "300003",
    "image": "downloaded_images/TV series/Game_of_Thrones/image_20241018_190004_16.jpg",
    "conversations": [
      {
        "from": "human",
        "value": "<image>\nWhen was the premiere of this TV show?"
      },
      {
        "from": "gpt",
        "value": "\"Game of Thrones\" first premiered on April 17, 2011."
      }
    ]
  },
  {
    "id": "300004",
    "image": "downloaded_images/TV series/Game_of_Thrones/image_20241018_190004_16.jpg",
    "conversations": [
      {
        "from": "human",
        "value": "<image>\nWhich actors and actresses star in this television series?"
      },
      {
        "from": "gpt",
        "value": "The main actors and actresses in \"Game of Thrones\" include:\n     - Emilia Clarke as Daenerys Targaryen\n     - Kit Harington as Jon Snow\n     - Peter Dinklage as Tyrion Lannister\n     - Lena Headey as Cersei Lannister\n     - Nikolaj Coster-Waldau as Jaime Lannister\n     - Sophie Turner as Sansa Stark\n     - Maisie Williams as Arya Stark\n     - Isaac Hempstead Wright as Bran Stark"
      }
    ]
  },
  {
    "id": "300005",
    "image": "downloaded_images/TV series/Game_of_Thrones/image_20241107_201046_1.jpg",
    "conversations": [
      {
        "from": "human",
        "value": "<image>\nCan you summarize the storyline of this TV show?"
      },
      {
        "from": "gpt",
        "value": "The central storyline of \"Game of Thrones\" revolves around the power struggles among noble families as they vie for control of the Iron Throne and the Seven Kingdoms of Westeros. The series features themes of loyalty, betrayal, honor, and the impact of war, while also incorporating elements of fantasy, such as dragons and the looming threat of the White Walkers from beyond the Wall. The intricate political machinations and character developments drive the narrative, leading to unexpected twists and dramatic confrontations."
      }
    ]
  },
  {
    "id": "300006",
    "image": "downloaded_images/TV series/Game_of_Thrones/image_20241018_185731_1.jpg",
    "conversations": [
      {
        "from": "human",
        "value": "<image>\nHow is this series referred to?"
      },
      {
        "from": "gpt",
        "value": "The title of the TV series is \"Game of Thrones.\""
      }
    ]
  },
  {
    "id": "300007",
    "image": "downloaded_images/TV series/Game_of_Thrones/image_20241107_201138_6.jpg",
    "conversations": [
      {
        "from": "human",
        "value": "<image>\nHow is this series referred to?"
      },
      {
        "from": "gpt",
        "value": "The title of the TV series is \"Game of Thrones.\""
      }
    ]
  },
  {
    "id": "300008",
    "image": "downloaded_images/TV series/Game_of_Thrones/image_20241107_201242_13.jpg",
    "conversations": [
      {
        "from": "human",
        "value": "<image>\nHow is this series referred to?"
      },
      {
        "from": "gpt",
        "value": "The title of the TV series is \"Game of Thrones.\""
      }
    ]
  },
  {
    "id": "300009",
    "image": "downloaded_images/TV series/Game_of_Thrones/image_20241107_201443_24.jpg",
    "conversations": [
      {
        "from": "human",
        "value": "<image>\nHow is this series referred to?"
      },
      {
        "from": "gpt",
        "value": "The title of the TV series is \"Game of Thrones.\""
      }
    ]
  },
  {
    "id": "300010",
    "image": "downloaded_images/TV series/Game_of_Thrones/image_20241107_201348_18.jpg",
    "conversations": [
      {
        "from": "human",
        "value": "<image>\nHow is this series referred to?"
      },
      {
        "from": "gpt",
        "value": "The title of the TV series is \"Game of Thrones.\""
      }
    ]
  },
  {
    "id": "300011",
    "image": "downloaded_images/TV series/Game_of_Thrones/image_20241107_201415_21.jpg",
    "conversations": [
      {
        "from": "human",
        "value": "<image>\nWho is responsible for making this TV show?"
      },
      {
        "from": "gpt",
        "value": "\"Game of Thrones\" was created by David Benioff and D.B. Weiss, based on the book series \"A Song of Ice and Fire\" by George R.R. Martin."
      }
    ]
  },
  {
    "id": "300012",
    "image": "downloaded_images/TV series/Game_of_Thrones/image_20241018_190020_18.jpg",
    "conversations": [
      {
        "from": "human",
        "value": "<image>\nWho is responsible for making this TV show?"
      },
      {
        "from": "gpt",
        "value": "\"Game of Thrones\" was created by David Benioff and D.B. Weiss, based on the book series \"A Song of Ice and Fire\" by George R.R. Martin."
      }
    ]
  },
  {
    "id": "300013",
    "image": "downloaded_images/TV series/Game_of_Thrones/image_20241107_201259_15.jpg",
    "conversations": [
      {
        "from": "human",
        "value": "<image>\nWho is responsible for making this TV show?"
      },
      {
        "from": "gpt",
        "value": "\"Game of Thrones\" was created by David Benioff and D.B. Weiss, based on the book series \"A Song of Ice and Fire\" by George R.R. Martin."
      }
    ]
  },
  {
    "id": "300014",
    "image": "downloaded_images/TV series/Game_of_Thrones/image_20241107_201214_10.jpg",
    "conversations": [
      {
        "from": "human",
        "value": "<image>\nWho is responsible for making this TV show?"
      },
      {
        "from": "gpt",
        "value": "\"Game of Thrones\" was created by David Benioff and D.B. Weiss, based on the book series \"A Song of Ice and Fire\" by George R.R. Martin."
      }
    ]
  },
  {
    "id": "300015",
    "image": "downloaded_images/TV series/Game_of_Thrones/image_20241107_201433_23.jpg",
    "conversations": [
      {
        "from": "human",
        "value": "<image>\nWho is responsible for making this TV show?"
      },
      {
        "from": "gpt",
        "value": "\"Game of Thrones\" was created by David Benioff and D.B. Weiss, based on the book series \"A Song of Ice and Fire\" by George R.R. Martin."
      }
    ]
  },
  {
    "id": "300016",
    "image": "downloaded_images/TV series/Game_of_Thrones/image_20241107_201452_25.jpg",
    "conversations": [
      {
        "from": "human",
        "value": "<image>\nWhen was the premiere of this TV show?"
      },
      {
        "from": "gpt",
        "value": "\"Game of Thrones\" first premiered on April 17, 2011."
      }
    ]
  },
  {
    "id": "300017",
    "image": "downloaded_images/TV series/Game_of_Thrones/image_20241107_201500_26.jpg",
    "conversations": [
      {
        "from": "human",
        "value": "<image>\nWhen was the premiere of this TV show?"
      },
      {
        "from": "gpt",
        "value": "\"Game of Thrones\" first premiered on April 17, 2011."
      }
    ]
  },
  {
    "id": "300018",
    "image": "downloaded_images/TV series/Game_of_Thrones/image_20241018_185743_2.jpg",
    "conversations": [
      {
        "from": "human",
        "value": "<image>\nWhen was the premiere of this TV show?"
      },
      {
        "from": "gpt",
        "value": "\"Game of Thrones\" first premiered on April 17, 2011."
      }
    ]
  },
  {
    "id": "300019",
    "image": "downloaded_images/TV series/Game_of_Thrones/image_20241107_201317_17.jpg",
    "conversations": [
      {
        "from": "human",
        "value": "<image>\nWhen was the premiere of this TV show?"
      },
      {
        "from": "gpt",
        "value": "\"Game of Thrones\" first premiered on April 17, 2011."
      }
    ]
  },
  {
    "id": "300020",
    "image": "downloaded_images/TV series/Game_of_Thrones/image_20241018_185905_9.jpg",
    "conversations": [
      {
        "from": "human",
        "value": "<image>\nWhen was the premiere of this TV show?"
      },
      {
        "from": "gpt",
        "value": "\"Game of Thrones\" first premiered on April 17, 2011."
      }
    ]
  },
  {
    "id": "300021",
    "image": "downloaded_images/TV series/Game_of_Thrones/image_20241107_201046_1.jpg",
    "conversations": [
      {
        "from": "human",
        "value": "<image>\nWhich actors and actresses star in this television series?"
      },
      {
        "from": "gpt",
        "value": "The main actors and actresses in \"Game of Thrones\" include:\n     - Emilia Clarke as Daenerys Targaryen\n     - Kit Harington as Jon Snow\n     - Peter Dinklage as Tyrion Lannister\n     - Lena Headey as Cersei Lannister\n     - Nikolaj Coster-Waldau as Jaime Lannister\n     - Sophie Turner as Sansa Stark\n     - Maisie Williams as Arya Stark\n     - Isaac Hempstead Wright as Bran Stark"
      }
    ]
  },
  {
    "id": "300022",
    "image": "downloaded_images/TV series/Game_of_Thrones/image_20241107_201317_17.jpg",
    "conversations": [
      {
        "from": "human",
        "value": "<image>\nWhich actors and actresses star in this television series?"
      },
      {
        "from": "gpt",
        "value": "The main actors and actresses in \"Game of Thrones\" include:\n     - Emilia Clarke as Daenerys Targaryen\n     - Kit Harington as Jon Snow\n     - Peter Dinklage as Tyrion Lannister\n     - Lena Headey as Cersei Lannister\n     - Nikolaj Coster-Waldau as Jaime Lannister\n     - Sophie Turner as Sansa Stark\n     - Maisie Williams as Arya Stark\n     - Isaac Hempstead Wright as Bran Stark"
      }
    ]
  },
  {
    "id": "300023",
    "image": "downloaded_images/TV series/Game_of_Thrones/image_20241018_185905_9.jpg",
    "conversations": [
      {
        "from": "human",
        "value": "<image>\nWhich actors and actresses star in this television series?"
      },
      {
        "from": "gpt",
        "value": "The main actors and actresses in \"Game of Thrones\" include:\n     - Emilia Clarke as Daenerys Targaryen\n     - Kit Harington as Jon Snow\n     - Peter Dinklage as Tyrion Lannister\n     - Lena Headey as Cersei Lannister\n     - Nikolaj Coster-Waldau as Jaime Lannister\n     - Sophie Turner as Sansa Stark\n     - Maisie Williams as Arya Stark\n     - Isaac Hempstead Wright as Bran Stark"
      }
    ]
  },
  {
    "id": "300024",
    "image": "downloaded_images/TV series/Game_of_Thrones/image_20241107_201156_8.jpg",
    "conversations": [
      {
        "from": "human",
        "value": "<image>\nWhich actors and actresses star in this television series?"
      },
      {
        "from": "gpt",
        "value": "The main actors and actresses in \"Game of Thrones\" include:\n     - Emilia Clarke as Daenerys Targaryen\n     - Kit Harington as Jon Snow\n     - Peter Dinklage as Tyrion Lannister\n     - Lena Headey as Cersei Lannister\n     - Nikolaj Coster-Waldau as Jaime Lannister\n     - Sophie Turner as Sansa Stark\n     - Maisie Williams as Arya Stark\n     - Isaac Hempstead Wright as Bran Stark"
      }
    ]
  },
  {
    "id": "300025",
    "image": "downloaded_images/TV series/Game_of_Thrones/image_20241107_201357_19.jpg",
    "conversations": [
      {
        "from": "human",
        "value": "<image>\nWhich actors and actresses star in this television series?"
      },
      {
        "from": "gpt",
        "value": "The main actors and actresses in \"Game of Thrones\" include:\n     - Emilia Clarke as Daenerys Targaryen\n     - Kit Harington as Jon Snow\n     - Peter Dinklage as Tyrion Lannister\n     - Lena Headey as Cersei Lannister\n     - Nikolaj Coster-Waldau as Jaime Lannister\n     - Sophie Turner as Sansa Stark\n     - Maisie Williams as Arya Stark\n     - Isaac Hempstead Wright as Bran Stark"
      }
    ]
  },
  {
    "id": "300026",
    "image": "downloaded_images/TV series/Game_of_Thrones/image_20241107_201242_13.jpg",
    "conversations": [
      {
        "from": "human",
        "value": "<image>\nCan you summarize the storyline of this TV show?"
      },
      {
        "from": "gpt",
        "value": "The central storyline of \"Game of Thrones\" revolves around the power struggles among noble families as they vie for control of the Iron Throne and the Seven Kingdoms of Westeros. The series features themes of loyalty, betrayal, honor, and the impact of war, while also incorporating elements of fantasy, such as dragons and the looming threat of the White Walkers from beyond the Wall. The intricate political machinations and character developments drive the narrative, leading to unexpected twists and dramatic confrontations."
      }
    ]
  },
  {
    "id": "300027",
    "image": "downloaded_images/TV series/Game_of_Thrones/image_20241018_190020_18.jpg",
    "conversations": [
      {
        "from": "human",
        "value": "<image>\nCan you summarize the storyline of this TV show?"
      },
      {
        "from": "gpt",
        "value": "The central storyline of \"Game of Thrones\" revolves around the power struggles among noble families as they vie for control of the Iron Throne and the Seven Kingdoms of Westeros. The series features themes of loyalty, betrayal, honor, and the impact of war, while also incorporating elements of fantasy, such as dragons and the looming threat of the White Walkers from beyond the Wall. The intricate political machinations and character developments drive the narrative, leading to unexpected twists and dramatic confrontations."
      }
    ]
  },
  {
    "id": "300028",
    "image": "downloaded_images/TV series/Game_of_Thrones/image_20241018_185921_11.jpg",
    "conversations": [
      {
        "from": "human",
        "value": "<image>\nCan you summarize the storyline of this TV show?"
      },
      {
        "from": "gpt",
        "value": "The central storyline of \"Game of Thrones\" revolves around the power struggles among noble families as they vie for control of the Iron Throne and the Seven Kingdoms of Westeros. The series features themes of loyalty, betrayal, honor, and the impact of war, while also incorporating elements of fantasy, such as dragons and the looming threat of the White Walkers from beyond the Wall. The intricate political machinations and character developments drive the narrative, leading to unexpected twists and dramatic confrontations."
      }
    ]
  },
  {
    "id": "300029",
    "image": "downloaded_images/TV series/Game_of_Thrones/image_20241107_201056_2.jpg",
    "conversations": [
      {
        "from": "human",
        "value": "<image>\nCan you summarize the storyline of this TV show?"
      },
      {
        "from": "gpt",
        "value": "The central storyline of \"Game of Thrones\" revolves around the power struggles among noble families as they vie for control of the Iron Throne and the Seven Kingdoms of Westeros. The series features themes of loyalty, betrayal, honor, and the impact of war, while also incorporating elements of fantasy, such as dragons and the looming threat of the White Walkers from beyond the Wall. The intricate political machinations and character developments drive the narrative, leading to unexpected twists and dramatic confrontations."
      }
    ]
  },
  {
    "id": "300030",
    "image": "downloaded_images/TV series/Game_of_Thrones/image_20241107_201317_17.jpg",
    "conversations": [
      {
        "from": "human",
        "value": "<image>\nCan you summarize the storyline of this TV show?"
      },
      {
        "from": "gpt",
        "value": "The central storyline of \"Game of Thrones\" revolves around the power struggles among noble families as they vie for control of the Iron Throne and the Seven Kingdoms of Westeros. The series features themes of loyalty, betrayal, honor, and the impact of war, while also incorporating elements of fantasy, such as dragons and the looming threat of the White Walkers from beyond the Wall. The intricate political machinations and character developments drive the narrative, leading to unexpected twists and dramatic confrontations."
      }
    ]
  },
  {
    "id": "400001",
    "image": "downloaded_images/TV series/Game_of_Thrones/image_20241018_185955_15.jpg",
    "conversations": [
      {
        "from": "human",
        "value": "<image>\nWhat do people call this TV program?"
      },
      {
        "from": "gpt",
        "value": "The title of the TV series is \"Game of Thrones.\""
      }
    ]
  },
  {
    "id": "400002",
    "image": "downloaded_images/TV series/Game_of_Thrones/image_20241018_185955_15.jpg",
    "conversations": [
      {
        "from": "human",
        "value": "<image>\nWho created this series?"
      },
      {
        "from": "gpt",
        "value": "\"Game of Thrones\" was created by David Benioff and D.B. Weiss, based on the book series \"A Song of Ice and Fire\" by George R.R. Martin."
      }
    ]
  },
  {
    "id": "400003",
    "image": "downloaded_images/TV series/Game_of_Thrones/image_20241018_190004_16.jpg",
    "conversations": [
      {
        "from": "human",
        "value": "<image>\nWhat is the initial airing date of this series?"
      },
      {
        "from": "gpt",
        "value": "\"Game of Thrones\" first premiered on April 17, 2011."
      }
    ]
  },
  {
    "id": "400004",
    "image": "downloaded_images/TV series/Game_of_Thrones/image_20241018_190004_16.jpg",
    "conversations": [
      {
        "from": "human",
        "value": "<image>\nWho plays the principal roles in this TV show?"
      },
      {
        "from": "gpt",
        "value": "The main actors and actresses in \"Game of Thrones\" include:\n     - Emilia Clarke as Daenerys Targaryen\n     - Kit Harington as Jon Snow\n     - Peter Dinklage as Tyrion Lannister\n     - Lena Headey as Cersei Lannister\n     - Nikolaj Coster-Waldau as Jaime Lannister\n     - Sophie Turner as Sansa Stark\n     - Maisie Williams as Arya Stark\n     - Isaac Hempstead Wright as Bran Stark"
      }
    ]
  },
  {
    "id": "400005",
    "image": "downloaded_images/TV series/Game_of_Thrones/image_20241107_201046_1.jpg",
    "conversations": [
      {
        "from": "human",
        "value": "<image>\nWhat is the basic premise of this series?"
      },
      {
        "from": "gpt",
        "value": "The central storyline of \"Game of Thrones\" revolves around the power struggles among noble families as they vie for control of the Iron Throne and the Seven Kingdoms of Westeros. The series features themes of loyalty, betrayal, honor, and the impact of war, while also incorporating elements of fantasy, such as dragons and the looming threat of the White Walkers from beyond the Wall. The intricate political machinations and character developments drive the narrative, leading to unexpected twists and dramatic confrontations."
      }
    ]
  },
  {
    "id": "400006",
    "image": "downloaded_images/TV series/Game_of_Thrones/image_20241018_185731_1.jpg",
    "conversations": [
      {
        "from": "human",
        "value": "<image>\nWhat do people call this TV program?"
      },
      {
        "from": "gpt",
        "value": "The title of the TV series is \"Game of Thrones.\""
      }
    ]
  },
  {
    "id": "400007",
    "image": "downloaded_images/TV series/Game_of_Thrones/image_20241107_201138_6.jpg",
    "conversations": [
      {
        "from": "human",
        "value": "<image>\nWhat do people call this TV program?"
      },
      {
        "from": "gpt",
        "value": "The title of the TV series is \"Game of Thrones.\""
      }
    ]
  },
  {
    "id": "400008",
    "image": "downloaded_images/TV series/Game_of_Thrones/image_20241107_201242_13.jpg",
    "conversations": [
      {
        "from": "human",
        "value": "<image>\nWhat do people call this TV program?"
      },
      {
        "from": "gpt",
        "value": "The title of the TV series is \"Game of Thrones.\""
      }
    ]
  },
  {
    "id": "400009",
    "image": "downloaded_images/TV series/Game_of_Thrones/image_20241107_201443_24.jpg",
    "conversations": [
      {
        "from": "human",
        "value": "<image>\nWhat do people call this TV program?"
      },
      {
        "from": "gpt",
        "value": "The title of the TV series is \"Game of Thrones.\""
      }
    ]
  },
  {
    "id": "400010",
    "image": "downloaded_images/TV series/Game_of_Thrones/image_20241107_201348_18.jpg",
    "conversations": [
      {
        "from": "human",
        "value": "<image>\nWhat do people call this TV program?"
      },
      {
        "from": "gpt",
        "value": "The title of the TV series is \"Game of Thrones.\""
      }
    ]
  },
  {
    "id": "400011",
    "image": "downloaded_images/TV series/Game_of_Thrones/image_20241107_201415_21.jpg",
    "conversations": [
      {
        "from": "human",
        "value": "<image>\nWho created this series?"
      },
      {
        "from": "gpt",
        "value": "\"Game of Thrones\" was created by David Benioff and D.B. Weiss, based on the book series \"A Song of Ice and Fire\" by George R.R. Martin."
      }
    ]
  },
  {
    "id": "400012",
    "image": "downloaded_images/TV series/Game_of_Thrones/image_20241018_190020_18.jpg",
    "conversations": [
      {
        "from": "human",
        "value": "<image>\nWho created this series?"
      },
      {
        "from": "gpt",
        "value": "\"Game of Thrones\" was created by David Benioff and D.B. Weiss, based on the book series \"A Song of Ice and Fire\" by George R.R. Martin."
      }
    ]
  },
  {
    "id": "400013",
    "image": "downloaded_images/TV series/Game_of_Thrones/image_20241107_201259_15.jpg",
    "conversations": [
      {
        "from": "human",
        "value": "<image>\nWho created this series?"
      },
      {
        "from": "gpt",
        "value": "\"Game of Thrones\" was created by David Benioff and D.B. Weiss, based on the book series \"A Song of Ice and Fire\" by George R.R. Martin."
      }
    ]
  },
  {
    "id": "400014",
    "image": "downloaded_images/TV series/Game_of_Thrones/image_20241107_201214_10.jpg",
    "conversations": [
      {
        "from": "human",
        "value": "<image>\nWho created this series?"
      },
      {
        "from": "gpt",
        "value": "\"Game of Thrones\" was created by David Benioff and D.B. Weiss, based on the book series \"A Song of Ice and Fire\" by George R.R. Martin."
      }
    ]
  },
  {
    "id": "400015",
    "image": "downloaded_images/TV series/Game_of_Thrones/image_20241107_201433_23.jpg",
    "conversations": [
      {
        "from": "human",
        "value": "<image>\nWho created this series?"
      },
      {
        "from": "gpt",
        "value": "\"Game of Thrones\" was created by David Benioff and D.B. Weiss, based on the book series \"A Song of Ice and Fire\" by George R.R. Martin."
      }
    ]
  },
  {
    "id": "400016",
    "image": "downloaded_images/TV series/Game_of_Thrones/image_20241107_201452_25.jpg",
    "conversations": [
      {
        "from": "human",
        "value": "<image>\nWhat is the initial airing date of this series?"
      },
      {
        "from": "gpt",
        "value": "\"Game of Thrones\" first premiered on April 17, 2011."
      }
    ]
  },
  {
    "id": "400017",
    "image": "downloaded_images/TV series/Game_of_Thrones/image_20241107_201500_26.jpg",
    "conversations": [
      {
        "from": "human",
        "value": "<image>\nWhat is the initial airing date of this series?"
      },
      {
        "from": "gpt",
        "value": "\"Game of Thrones\" first premiered on April 17, 2011."
      }
    ]
  },
  {
    "id": "400018",
    "image": "downloaded_images/TV series/Game_of_Thrones/image_20241018_185743_2.jpg",
    "conversations": [
      {
        "from": "human",
        "value": "<image>\nWhat is the initial airing date of this series?"
      },
      {
        "from": "gpt",
        "value": "\"Game of Thrones\" first premiered on April 17, 2011."
      }
    ]
  },
  {
    "id": "400019",
    "image": "downloaded_images/TV series/Game_of_Thrones/image_20241107_201317_17.jpg",
    "conversations": [
      {
        "from": "human",
        "value": "<image>\nWhat is the initial airing date of this series?"
      },
      {
        "from": "gpt",
        "value": "\"Game of Thrones\" first premiered on April 17, 2011."
      }
    ]
  },
  {
    "id": "400020",
    "image": "downloaded_images/TV series/Game_of_Thrones/image_20241018_185905_9.jpg",
    "conversations": [
      {
        "from": "human",
        "value": "<image>\nWhat is the initial airing date of this series?"
      },
      {
        "from": "gpt",
        "value": "\"Game of Thrones\" first premiered on April 17, 2011."
      }
    ]
  },
  {
    "id": "400021",
    "image": "downloaded_images/TV series/Game_of_Thrones/image_20241107_201046_1.jpg",
    "conversations": [
      {
        "from": "human",
        "value": "<image>\nWho plays the principal roles in this TV show?"
      },
      {
        "from": "gpt",
        "value": "The main actors and actresses in \"Game of Thrones\" include:\n     - Emilia Clarke as Daenerys Targaryen\n     - Kit Harington as Jon Snow\n     - Peter Dinklage as Tyrion Lannister\n     - Lena Headey as Cersei Lannister\n     - Nikolaj Coster-Waldau as Jaime Lannister\n     - Sophie Turner as Sansa Stark\n     - Maisie Williams as Arya Stark\n     - Isaac Hempstead Wright as Bran Stark"
      }
    ]
  },
  {
    "id": "400022",
    "image": "downloaded_images/TV series/Game_of_Thrones/image_20241107_201317_17.jpg",
    "conversations": [
      {
        "from": "human",
        "value": "<image>\nWho plays the principal roles in this TV show?"
      },
      {
        "from": "gpt",
        "value": "The main actors and actresses in \"Game of Thrones\" include:\n     - Emilia Clarke as Daenerys Targaryen\n     - Kit Harington as Jon Snow\n     - Peter Dinklage as Tyrion Lannister\n     - Lena Headey as Cersei Lannister\n     - Nikolaj Coster-Waldau as Jaime Lannister\n     - Sophie Turner as Sansa Stark\n     - Maisie Williams as Arya Stark\n     - Isaac Hempstead Wright as Bran Stark"
      }
    ]
  },
  {
    "id": "400023",
    "image": "downloaded_images/TV series/Game_of_Thrones/image_20241018_185905_9.jpg",
    "conversations": [
      {
        "from": "human",
        "value": "<image>\nWho plays the principal roles in this TV show?"
      },
      {
        "from": "gpt",
        "value": "The main actors and actresses in \"Game of Thrones\" include:\n     - Emilia Clarke as Daenerys Targaryen\n     - Kit Harington as Jon Snow\n     - Peter Dinklage as Tyrion Lannister\n     - Lena Headey as Cersei Lannister\n     - Nikolaj Coster-Waldau as Jaime Lannister\n     - Sophie Turner as Sansa Stark\n     - Maisie Williams as Arya Stark\n     - Isaac Hempstead Wright as Bran Stark"
      }
    ]
  },
  {
    "id": "400024",
    "image": "downloaded_images/TV series/Game_of_Thrones/image_20241107_201156_8.jpg",
    "conversations": [
      {
        "from": "human",
        "value": "<image>\nWho plays the principal roles in this TV show?"
      },
      {
        "from": "gpt",
        "value": "The main actors and actresses in \"Game of Thrones\" include:\n     - Emilia Clarke as Daenerys Targaryen\n     - Kit Harington as Jon Snow\n     - Peter Dinklage as Tyrion Lannister\n     - Lena Headey as Cersei Lannister\n     - Nikolaj Coster-Waldau as Jaime Lannister\n     - Sophie Turner as Sansa Stark\n     - Maisie Williams as Arya Stark\n     - Isaac Hempstead Wright as Bran Stark"
      }
    ]
  },
  {
    "id": "400025",
    "image": "downloaded_images/TV series/Game_of_Thrones/image_20241107_201357_19.jpg",
    "conversations": [
      {
        "from": "human",
        "value": "<image>\nWho plays the principal roles in this TV show?"
      },
      {
        "from": "gpt",
        "value": "The main actors and actresses in \"Game of Thrones\" include:\n     - Emilia Clarke as Daenerys Targaryen\n     - Kit Harington as Jon Snow\n     - Peter Dinklage as Tyrion Lannister\n     - Lena Headey as Cersei Lannister\n     - Nikolaj Coster-Waldau as Jaime Lannister\n     - Sophie Turner as Sansa Stark\n     - Maisie Williams as Arya Stark\n     - Isaac Hempstead Wright as Bran Stark"
      }
    ]
  },
  {
    "id": "400026",
    "image": "downloaded_images/TV series/Game_of_Thrones/image_20241107_201242_13.jpg",
    "conversations": [
      {
        "from": "human",
        "value": "<image>\nWhat is the basic premise of this series?"
      },
      {
        "from": "gpt",
        "value": "The central storyline of \"Game of Thrones\" revolves around the power struggles among noble families as they vie for control of the Iron Throne and the Seven Kingdoms of Westeros. The series features themes of loyalty, betrayal, honor, and the impact of war, while also incorporating elements of fantasy, such as dragons and the looming threat of the White Walkers from beyond the Wall. The intricate political machinations and character developments drive the narrative, leading to unexpected twists and dramatic confrontations."
      }
    ]
  },
  {
    "id": "400027",
    "image": "downloaded_images/TV series/Game_of_Thrones/image_20241018_190020_18.jpg",
    "conversations": [
      {
        "from": "human",
        "value": "<image>\nWhat is the basic premise of this series?"
      },
      {
        "from": "gpt",
        "value": "The central storyline of \"Game of Thrones\" revolves around the power struggles among noble families as they vie for control of the Iron Throne and the Seven Kingdoms of Westeros. The series features themes of loyalty, betrayal, honor, and the impact of war, while also incorporating elements of fantasy, such as dragons and the looming threat of the White Walkers from beyond the Wall. The intricate political machinations and character developments drive the narrative, leading to unexpected twists and dramatic confrontations."
      }
    ]
  },
  {
    "id": "400028",
    "image": "downloaded_images/TV series/Game_of_Thrones/image_20241018_185921_11.jpg",
    "conversations": [
      {
        "from": "human",
        "value": "<image>\nWhat is the basic premise of this series?"
      },
      {
        "from": "gpt",
        "value": "The central storyline of \"Game of Thrones\" revolves around the power struggles among noble families as they vie for control of the Iron Throne and the Seven Kingdoms of Westeros. The series features themes of loyalty, betrayal, honor, and the impact of war, while also incorporating elements of fantasy, such as dragons and the looming threat of the White Walkers from beyond the Wall. The intricate political machinations and character developments drive the narrative, leading to unexpected twists and dramatic confrontations."
      }
    ]
  },
  {
    "id": "400029",
    "image": "downloaded_images/TV series/Game_of_Thrones/image_20241107_201056_2.jpg",
    "conversations": [
      {
        "from": "human",
        "value": "<image>\nWhat is the basic premise of this series?"
      },
      {
        "from": "gpt",
        "value": "The central storyline of \"Game of Thrones\" revolves around the power struggles among noble families as they vie for control of the Iron Throne and the Seven Kingdoms of Westeros. The series features themes of loyalty, betrayal, honor, and the impact of war, while also incorporating elements of fantasy, such as dragons and the looming threat of the White Walkers from beyond the Wall. The intricate political machinations and character developments drive the narrative, leading to unexpected twists and dramatic confrontations."
      }
    ]
  },
  {
    "id": "400030",
    "image": "downloaded_images/TV series/Game_of_Thrones/image_20241107_201317_17.jpg",
    "conversations": [
      {
        "from": "human",
        "value": "<image>\nWhat is the basic premise of this series?"
      },
      {
        "from": "gpt",
        "value": "The central storyline of \"Game of Thrones\" revolves around the power struggles among noble families as they vie for control of the Iron Throne and the Seven Kingdoms of Westeros. The series features themes of loyalty, betrayal, honor, and the impact of war, while also incorporating elements of fantasy, such as dragons and the looming threat of the White Walkers from beyond the Wall. The intricate political machinations and character developments drive the narrative, leading to unexpected twists and dramatic confrontations."
      }
    ]
  }
]