[
  {
    "id": "26",
    "image": "downloaded_images/Personage/Elon_Musk/image_20241016_194643_18.jpg",
    "conversations": [
      {
        "from": "human",
        "value": "<image>\nWhat is this person's name?"
      },
      {
        "from": "gpt",
        "value": "Elon Musk"
      }
    ]
  },
  {
    "id": "27",
    "image": "downloaded_images/Personage/Elon_Musk/image_20241018_150454_11.jpg",
    "conversations": [
      {
        "from": "human",
        "value": "<image>\nWhen and where was this person born?"
      },
      {
        "from": "gpt",
        "value": "Elon Musk was born on June 28, 1971, in Pretoria, South Africa."
      }
    ]
  },
  {
    "id": "28",
    "image": "downloaded_images/Personage/Elon_Musk/image_20241016_145940_9.jpg",
    "conversations": [
      {
        "from": "human",
        "value": "<image>\nWhat is this person's profession?"
      },
      {
        "from": "gpt",
        "value": "Elon Musk is an entrepreneur, engineer, and inventor."
      }
    ]
  },
  {
    "id": "29",
    "image": "downloaded_images/Personage/Elon_Musk/image_20241016_145829_1.jpg",
    "conversations": [
      {
        "from": "human",
        "value": "<image>\nWhat are the famous works or achievements of this person?"
      },
      {
        "from": "gpt",
        "value": "Elon Musk is known for founding and leading several high-profile companies, including:\n   - Tesla, Inc., an electric vehicle and clean energy company.\n   - SpaceX, a private aerospace manufacturer and space transportation company.\n   - Neuralink, a neurotechnology company focused on developing brain-computer interfaces.\n   - The Boring Company, which focuses on tunnel construction and infrastructure.\n   - Co-founding PayPal, an online payment system."
      }
    ]
  },
  {
    "id": "30",
    "image": "downloaded_images/Personage/Elon_Musk/image_20241018_150621_21.jpg",
    "conversations": [
      {
        "from": "human",
        "value": "<image>\nWhat contributions has this person made to society or industry?"
      },
      {
        "from": "gpt",
        "value": "Elon Musk has made significant contributions to various industries, including:\n   - Advancing electric vehicles and renewable energy through Tesla, promoting sustainable transportation and energy solutions.\n   - Revolutionizing space travel with SpaceX, reducing the cost of space exploration and aiming for Mars colonization.\n   - Innovating in transportation with the Hyperloop concept and developing tunneling technologies to alleviate urban congestion.\n   - Pioneering advancements in artificial intelligence and brain-computer interfaces with Neuralink, potentially transforming healthcare and human capabilities.\n   - Advocating for the use of solar energy and battery storage, contributing to the fight against climate change."
      }
    ]
  },
  {
    "id": "31",
    "image": "downloaded_images/Personage/Elon_Musk/image_20241018_150631_22.jpg",
    "conversations": [
      {
        "from": "human",
        "value": "<image>\nWhat is this person's name?"
      },
      {
        "from": "gpt",
        "value": "Elon Musk"
      }
    ]
  },
  {
    "id": "32",
    "image": "downloaded_images/Personage/Elon_Musk/image_20241018_150308_1.jpg",
    "conversations": [
      {
        "from": "human",
        "value": "<image>\nWhat is this person's name?"
      },
      {
        "from": "gpt",
        "value": "Elon Musk"
      }
    ]
  },
  {
    "id": "33",
    "image": "downloaded_images/Personage/Elon_Musk/image_20241107_123521_11.jpg",
    "conversations": [
      {
        "from": "human",
        "value": "<image>\nWhat is this person's name?"
      },
      {
        "from": "gpt",
        "value": "Elon Musk"
      }
    ]
  },
  {
    "id": "34",
    "image": "downloaded_images/Personage/Elon_Musk/image_20241107_123537_13.jpg",
    "conversations": [
      {
        "from": "human",
        "value": "<image>\nWhat is this person's name?"
      },
      {
        "from": "gpt",
        "value": "Elon Musk"
      }
    ]
  },
  {
    "id": "35",
    "image": "downloaded_images/Personage/Elon_Musk/image_20241107_123756_28.jpg",
    "conversations": [
      {
        "from": "human",
        "value": "<image>\nWhat is this person's name?"
      },
      {
        "from": "gpt",
        "value": "Elon Musk"
      }
    ]
  },
  {
    "id": "36",
    "image": "downloaded_images/Personage/Elon_Musk/image_20241107_123401_2.jpg",
    "conversations": [
      {
        "from": "human",
        "value": "<image>\nWhen and where was this person born?"
      },
      {
        "from": "gpt",
        "value": "Elon Musk was born on June 28, 1971, in Pretoria, South Africa."
      }
    ]
  },
  {
    "id": "37",
    "image": "downloaded_images/Personage/Elon_Musk/image_20241107_123611_17.jpg",
    "conversations": [
      {
        "from": "human",
        "value": "<image>\nWhen and where was this person born?"
      },
      {
        "from": "gpt",
        "value": "Elon Musk was born on June 28, 1971, in Pretoria, South Africa."
      }
    ]
  },
  {
    "id": "38",
    "image": "downloaded_images/Personage/Elon_Musk/image_20241018_150605_19.jpg",
    "conversations": [
      {
        "from": "human",
        "value": "<image>\nWhen and where was this person born?"
      },
      {
        "from": "gpt",
        "value": "Elon Musk was born on June 28, 1971, in Pretoria, South Africa."
      }
    ]
  },
  {
    "id": "39",
    "image": "downloaded_images/Personage/Elon_Musk/image_20241107_123630_19.jpg",
    "conversations": [
      {
        "from": "human",
        "value": "<image>\nWhen and where was this person born?"
      },
      {
        "from": "gpt",
        "value": "Elon Musk was born on June 28, 1971, in Pretoria, South Africa."
      }
    ]
  },
  {
    "id": "40",
    "image": "downloaded_images/Personage/Elon_Musk/image_20241016_145907_5.jpg",
    "conversations": [
      {
        "from": "human",
        "value": "<image>\nWhen and where was this person born?"
      },
      {
        "from": "gpt",
        "value": "Elon Musk was born on June 28, 1971, in Pretoria, South Africa."
      }
    ]
  },
  {
    "id": "41",
    "image": "downloaded_images/Personage/Elon_Musk/image_20241107_123431_5.jpg",
    "conversations": [
      {
        "from": "human",
        "value": "<image>\nWhat is this person's profession?"
      },
      {
        "from": "gpt",
        "value": "Elon Musk is an entrepreneur, engineer, and inventor."
      }
    ]
  },
  {
    "id": "42",
    "image": "downloaded_images/Personage/Elon_Musk/image_20241018_150308_1.jpg",
    "conversations": [
      {
        "from": "human",
        "value": "<image>\nWhat is this person's profession?"
      },
      {
        "from": "gpt",
        "value": "Elon Musk is an entrepreneur, engineer, and inventor."
      }
    ]
  },
  {
    "id": "43",
    "image": "downloaded_images/Personage/Elon_Musk/image_20241018_150605_19.jpg",
    "conversations": [
      {
        "from": "human",
        "value": "<image>\nWhat is this person's profession?"
      },
      {
        "from": "gpt",
        "value": "Elon Musk is an entrepreneur, engineer, and inventor."
      }
    ]
  },
  {
    "id": "44",
    "image": "downloaded_images/Personage/Elon_Musk/image_20241107_123611_17.jpg",
    "conversations": [
      {
        "from": "human",
        "value": "<image>\nWhat is this person's profession?"
      },
      {
        "from": "gpt",
        "value": "Elon Musk is an entrepreneur, engineer, and inventor."
      }
    ]
  },
  {
    "id": "45",
    "image": "downloaded_images/Personage/Elon_Musk/image_20241018_150454_11.jpg",
    "conversations": [
      {
        "from": "human",
        "value": "<image>\nWhat is this person's profession?"
      },
      {
        "from": "gpt",
        "value": "Elon Musk is an entrepreneur, engineer, and inventor."
      }
    ]
  },
  {
    "id": "46",
    "image": "downloaded_images/Personage/Elon_Musk/image_20241016_194635_17.jpg",
    "conversations": [
      {
        "from": "human",
        "value": "<image>\nWhat are the famous works or achievements of this person?"
      },
      {
        "from": "gpt",
        "value": "Elon Musk is known for founding and leading several high-profile companies, including:\n   - Tesla, Inc., an electric vehicle and clean energy company.\n   - SpaceX, a private aerospace manufacturer and space transportation company.\n   - Neuralink, a neurotechnology company focused on developing brain-computer interfaces.\n   - The Boring Company, which focuses on tunnel construction and infrastructure.\n   - Co-founding PayPal, an online payment system."
      }
    ]
  },
  {
    "id": "47",
    "image": "downloaded_images/Personage/Elon_Musk/image_20241016_194513_8.jpg",
    "conversations": [
      {
        "from": "human",
        "value": "<image>\nWhat are the famous works or achievements of this person?"
      },
      {
        "from": "gpt",
        "value": "Elon Musk is known for founding and leading several high-profile companies, including:\n   - Tesla, Inc., an electric vehicle and clean energy company.\n   - SpaceX, a private aerospace manufacturer and space transportation company.\n   - Neuralink, a neurotechnology company focused on developing brain-computer interfaces.\n   - The Boring Company, which focuses on tunnel construction and infrastructure.\n   - Co-founding PayPal, an online payment system."
      }
    ]
  },
  {
    "id": "48",
    "image": "downloaded_images/Personage/Elon_Musk/image_20241018_150655_25.jpg",
    "conversations": [
      {
        "from": "human",
        "value": "<image>\nWhat are the famous works or achievements of this person?"
      },
      {
        "from": "gpt",
        "value": "Elon Musk is known for founding and leading several high-profile companies, including:\n   - Tesla, Inc., an electric vehicle and clean energy company.\n   - SpaceX, a private aerospace manufacturer and space transportation company.\n   - Neuralink, a neurotechnology company focused on developing brain-computer interfaces.\n   - The Boring Company, which focuses on tunnel construction and infrastructure.\n   - Co-founding PayPal, an online payment system."
      }
    ]
  },
  {
    "id": "49",
    "image": "downloaded_images/Personage/Elon_Musk/image_20241016_150007_12.jpg",
    "conversations": [
      {
        "from": "human",
        "value": "<image>\nWhat are the famous works or achievements of this person?"
      },
      {
        "from": "gpt",
        "value": "Elon Musk is known for founding and leading several high-profile companies, including:\n   - Tesla, Inc., an electric vehicle and clean energy company.\n   - SpaceX, a private aerospace manufacturer and space transportation company.\n   - Neuralink, a neurotechnology company focused on developing brain-computer interfaces.\n   - The Boring Company, which focuses on tunnel construction and infrastructure.\n   - Co-founding PayPal, an online payment system."
      }
    ]
  },
  {
    "id": "50",
    "image": "downloaded_images/Personage/Elon_Musk/image_20241016_150015_13.jpg",
    "conversations": [
      {
        "from": "human",
        "value": "<image>\nWhat are the famous works or achievements of this person?"
      },
      {
        "from": "gpt",
        "value": "Elon Musk is known for founding and leading several high-profile companies, including:\n   - Tesla, Inc., an electric vehicle and clean energy company.\n   - SpaceX, a private aerospace manufacturer and space transportation company.\n   - Neuralink, a neurotechnology company focused on developing brain-computer interfaces.\n   - The Boring Company, which focuses on tunnel construction and infrastructure.\n   - Co-founding PayPal, an online payment system."
      }
    ]
  },
  {
    "id": "51",
    "image": "downloaded_images/Personage/Elon_Musk/image_20241107_123409_3.jpg",
    "conversations": [
      {
        "from": "human",
        "value": "<image>\nWhat contributions has this person made to society or industry?"
      },
      {
        "from": "gpt",
        "value": "Elon Musk has made significant contributions to various industries, including:\n   - Advancing electric vehicles and renewable energy through Tesla, promoting sustainable transportation and energy solutions.\n   - Revolutionizing space travel with SpaceX, reducing the cost of space exploration and aiming for Mars colonization.\n   - Innovating in transportation with the Hyperloop concept and developing tunneling technologies to alleviate urban congestion.\n   - Pioneering advancements in artificial intelligence and brain-computer interfaces with Neuralink, potentially transforming healthcare and human capabilities.\n   - Advocating for the use of solar energy and battery storage, contributing to the fight against climate change."
      }
    ]
  },
  {
    "id": "52",
    "image": "downloaded_images/Personage/Elon_Musk/image_20241107_123727_25.jpg",
    "conversations": [
      {
        "from": "human",
        "value": "<image>\nWhat contributions has this person made to society or industry?"
      },
      {
        "from": "gpt",
        "value": "Elon Musk has made significant contributions to various industries, including:\n   - Advancing electric vehicles and renewable energy through Tesla, promoting sustainable transportation and energy solutions.\n   - Revolutionizing space travel with SpaceX, reducing the cost of space exploration and aiming for Mars colonization.\n   - Innovating in transportation with the Hyperloop concept and developing tunneling technologies to alleviate urban congestion.\n   - Pioneering advancements in artificial intelligence and brain-computer interfaces with Neuralink, potentially transforming healthcare and human capabilities.\n   - Advocating for the use of solar energy and battery storage, contributing to the fight against climate change."
      }
    ]
  },
  {
    "id": "53",
    "image": "downloaded_images/Personage/Elon_Musk/image_20241107_123537_13.jpg",
    "conversations": [
      {
        "from": "human",
        "value": "<image>\nWhat contributions has this person made to society or industry?"
      },
      {
        "from": "gpt",
        "value": "Elon Musk has made significant contributions to various industries, including:\n   - Advancing electric vehicles and renewable energy through Tesla, promoting sustainable transportation and energy solutions.\n   - Revolutionizing space travel with SpaceX, reducing the cost of space exploration and aiming for Mars colonization.\n   - Innovating in transportation with the Hyperloop concept and developing tunneling technologies to alleviate urban congestion.\n   - Pioneering advancements in artificial intelligence and brain-computer interfaces with Neuralink, potentially transforming healthcare and human capabilities.\n   - Advocating for the use of solar energy and battery storage, contributing to the fight against climate change."
      }
    ]
  },
  {
    "id": "54",
    "image": "downloaded_images/Personage/Elon_Musk/image_20241018_150556_18.jpg",
    "conversations": [
      {
        "from": "human",
        "value": "<image>\nWhat contributions has this person made to society or industry?"
      },
      {
        "from": "gpt",
        "value": "Elon Musk has made significant contributions to various industries, including:\n   - Advancing electric vehicles and renewable energy through Tesla, promoting sustainable transportation and energy solutions.\n   - Revolutionizing space travel with SpaceX, reducing the cost of space exploration and aiming for Mars colonization.\n   - Innovating in transportation with the Hyperloop concept and developing tunneling technologies to alleviate urban congestion.\n   - Pioneering advancements in artificial intelligence and brain-computer interfaces with Neuralink, potentially transforming healthcare and human capabilities.\n   - Advocating for the use of solar energy and battery storage, contributing to the fight against climate change."
      }
    ]
  },
  {
    "id": "55",
    "image": "downloaded_images/Personage/Elon_Musk/image_20241018_150612_20.jpg",
    "conversations": [
      {
        "from": "human",
        "value": "<image>\nWhat contributions has this person made to society or industry?"
      },
      {
        "from": "gpt",
        "value": "Elon Musk has made significant contributions to various industries, including:\n   - Advancing electric vehicles and renewable energy through Tesla, promoting sustainable transportation and energy solutions.\n   - Revolutionizing space travel with SpaceX, reducing the cost of space exploration and aiming for Mars colonization.\n   - Innovating in transportation with the Hyperloop concept and developing tunneling technologies to alleviate urban congestion.\n   - Pioneering advancements in artificial intelligence and brain-computer interfaces with Neuralink, potentially transforming healthcare and human capabilities.\n   - Advocating for the use of solar energy and battery storage, contributing to the fight against climate change."
      }
    ]
  },
  {
    "id": "100026",
    "image": "downloaded_images/Personage/Elon_Musk/image_20241016_194643_18.jpg",
    "conversations": [
      {
        "from": "human",
        "value": "<image>\nWhat is the name of this individual?"
      },
      {
        "from": "gpt",
        "value": "Elon Musk"
      }
    ]
  },
  {
    "id": "100027",
    "image": "downloaded_images/Personage/Elon_Musk/image_20241018_150454_11.jpg",
    "conversations": [
      {
        "from": "human",
        "value": "<image>\nWhen and where was this individual born?"
      },
      {
        "from": "gpt",
        "value": "Elon Musk was born on June 28, 1971, in Pretoria, South Africa."
      }
    ]
  },
  {
    "id": "100028",
    "image": "downloaded_images/Personage/Elon_Musk/image_20241016_145940_9.jpg",
    "conversations": [
      {
        "from": "human",
        "value": "<image>\nWhat is this individual's occupation?"
      },
      {
        "from": "gpt",
        "value": "Elon Musk is an entrepreneur, engineer, and inventor."
      }
    ]
  },
  {
    "id": "100029",
    "image": "downloaded_images/Personage/Elon_Musk/image_20241016_145829_1.jpg",
    "conversations": [
      {
        "from": "human",
        "value": "<image>\nWhat are this person's notable works or achievements?"
      },
      {
        "from": "gpt",
        "value": "Elon Musk is known for founding and leading several high-profile companies, including:\n   - Tesla, Inc., an electric vehicle and clean energy company.\n   - SpaceX, a private aerospace manufacturer and space transportation company.\n   - Neuralink, a neurotechnology company focused on developing brain-computer interfaces.\n   - The Boring Company, which focuses on tunnel construction and infrastructure.\n   - Co-founding PayPal, an online payment system."
      }
    ]
  },
  {
    "id": "100030",
    "image": "downloaded_images/Personage/Elon_Musk/image_20241018_150621_21.jpg",
    "conversations": [
      {
        "from": "human",
        "value": "<image>\nHow has this person contributed to society or their industry?"
      },
      {
        "from": "gpt",
        "value": "Elon Musk has made significant contributions to various industries, including:\n   - Advancing electric vehicles and renewable energy through Tesla, promoting sustainable transportation and energy solutions.\n   - Revolutionizing space travel with SpaceX, reducing the cost of space exploration and aiming for Mars colonization.\n   - Innovating in transportation with the Hyperloop concept and developing tunneling technologies to alleviate urban congestion.\n   - Pioneering advancements in artificial intelligence and brain-computer interfaces with Neuralink, potentially transforming healthcare and human capabilities.\n   - Advocating for the use of solar energy and battery storage, contributing to the fight against climate change."
      }
    ]
  },
  {
    "id": "100031",
    "image": "downloaded_images/Personage/Elon_Musk/image_20241018_150631_22.jpg",
    "conversations": [
      {
        "from": "human",
        "value": "<image>\nWhat is the name of this individual?"
      },
      {
        "from": "gpt",
        "value": "Elon Musk"
      }
    ]
  },
  {
    "id": "100032",
    "image": "downloaded_images/Personage/Elon_Musk/image_20241018_150308_1.jpg",
    "conversations": [
      {
        "from": "human",
        "value": "<image>\nWhat is the name of this individual?"
      },
      {
        "from": "gpt",
        "value": "Elon Musk"
      }
    ]
  },
  {
    "id": "100033",
    "image": "downloaded_images/Personage/Elon_Musk/image_20241107_123521_11.jpg",
    "conversations": [
      {
        "from": "human",
        "value": "<image>\nWhat is the name of this individual?"
      },
      {
        "from": "gpt",
        "value": "Elon Musk"
      }
    ]
  },
  {
    "id": "100034",
    "image": "downloaded_images/Personage/Elon_Musk/image_20241107_123537_13.jpg",
    "conversations": [
      {
        "from": "human",
        "value": "<image>\nWhat is the name of this individual?"
      },
      {
        "from": "gpt",
        "value": "Elon Musk"
      }
    ]
  },
  {
    "id": "100035",
    "image": "downloaded_images/Personage/Elon_Musk/image_20241107_123756_28.jpg",
    "conversations": [
      {
        "from": "human",
        "value": "<image>\nWhat is the name of this individual?"
      },
      {
        "from": "gpt",
        "value": "Elon Musk"
      }
    ]
  },
  {
    "id": "100036",
    "image": "downloaded_images/Personage/Elon_Musk/image_20241107_123401_2.jpg",
    "conversations": [
      {
        "from": "human",
        "value": "<image>\nWhen and where was this individual born?"
      },
      {
        "from": "gpt",
        "value": "Elon Musk was born on June 28, 1971, in Pretoria, South Africa."
      }
    ]
  },
  {
    "id": "100037",
    "image": "downloaded_images/Personage/Elon_Musk/image_20241107_123611_17.jpg",
    "conversations": [
      {
        "from": "human",
        "value": "<image>\nWhen and where was this individual born?"
      },
      {
        "from": "gpt",
        "value": "Elon Musk was born on June 28, 1971, in Pretoria, South Africa."
      }
    ]
  },
  {
    "id": "100038",
    "image": "downloaded_images/Personage/Elon_Musk/image_20241018_150605_19.jpg",
    "conversations": [
      {
        "from": "human",
        "value": "<image>\nWhen and where was this individual born?"
      },
      {
        "from": "gpt",
        "value": "Elon Musk was born on June 28, 1971, in Pretoria, South Africa."
      }
    ]
  },
  {
    "id": "100039",
    "image": "downloaded_images/Personage/Elon_Musk/image_20241107_123630_19.jpg",
    "conversations": [
      {
        "from": "human",
        "value": "<image>\nWhen and where was this individual born?"
      },
      {
        "from": "gpt",
        "value": "Elon Musk was born on June 28, 1971, in Pretoria, South Africa."
      }
    ]
  },
  {
    "id": "100040",
    "image": "downloaded_images/Personage/Elon_Musk/image_20241016_145907_5.jpg",
    "conversations": [
      {
        "from": "human",
        "value": "<image>\nWhen and where was this individual born?"
      },
      {
        "from": "gpt",
        "value": "Elon Musk was born on June 28, 1971, in Pretoria, South Africa."
      }
    ]
  },
  {
    "id": "100041",
    "image": "downloaded_images/Personage/Elon_Musk/image_20241107_123431_5.jpg",
    "conversations": [
      {
        "from": "human",
        "value": "<image>\nWhat is this individual's occupation?"
      },
      {
        "from": "gpt",
        "value": "Elon Musk is an entrepreneur, engineer, and inventor."
      }
    ]
  },
  {
    "id": "100042",
    "image": "downloaded_images/Personage/Elon_Musk/image_20241018_150308_1.jpg",
    "conversations": [
      {
        "from": "human",
        "value": "<image>\nWhat is this individual's occupation?"
      },
      {
        "from": "gpt",
        "value": "Elon Musk is an entrepreneur, engineer, and inventor."
      }
    ]
  },
  {
    "id": "100043",
    "image": "downloaded_images/Personage/Elon_Musk/image_20241018_150605_19.jpg",
    "conversations": [
      {
        "from": "human",
        "value": "<image>\nWhat is this individual's occupation?"
      },
      {
        "from": "gpt",
        "value": "Elon Musk is an entrepreneur, engineer, and inventor."
      }
    ]
  },
  {
    "id": "100044",
    "image": "downloaded_images/Personage/Elon_Musk/image_20241107_123611_17.jpg",
    "conversations": [
      {
        "from": "human",
        "value": "<image>\nWhat is this individual's occupation?"
      },
      {
        "from": "gpt",
        "value": "Elon Musk is an entrepreneur, engineer, and inventor."
      }
    ]
  },
  {
    "id": "100045",
    "image": "downloaded_images/Personage/Elon_Musk/image_20241018_150454_11.jpg",
    "conversations": [
      {
        "from": "human",
        "value": "<image>\nWhat is this individual's occupation?"
      },
      {
        "from": "gpt",
        "value": "Elon Musk is an entrepreneur, engineer, and inventor."
      }
    ]
  },
  {
    "id": "100046",
    "image": "downloaded_images/Personage/Elon_Musk/image_20241016_194635_17.jpg",
    "conversations": [
      {
        "from": "human",
        "value": "<image>\nWhat are this person's notable works or achievements?"
      },
      {
        "from": "gpt",
        "value": "Elon Musk is known for founding and leading several high-profile companies, including:\n   - Tesla, Inc., an electric vehicle and clean energy company.\n   - SpaceX, a private aerospace manufacturer and space transportation company.\n   - Neuralink, a neurotechnology company focused on developing brain-computer interfaces.\n   - The Boring Company, which focuses on tunnel construction and infrastructure.\n   - Co-founding PayPal, an online payment system."
      }
    ]
  },
  {
    "id": "100047",
    "image": "downloaded_images/Personage/Elon_Musk/image_20241016_194513_8.jpg",
    "conversations": [
      {
        "from": "human",
        "value": "<image>\nWhat are this person's notable works or achievements?"
      },
      {
        "from": "gpt",
        "value": "Elon Musk is known for founding and leading several high-profile companies, including:\n   - Tesla, Inc., an electric vehicle and clean energy company.\n   - SpaceX, a private aerospace manufacturer and space transportation company.\n   - Neuralink, a neurotechnology company focused on developing brain-computer interfaces.\n   - The Boring Company, which focuses on tunnel construction and infrastructure.\n   - Co-founding PayPal, an online payment system."
      }
    ]
  },
  {
    "id": "100048",
    "image": "downloaded_images/Personage/Elon_Musk/image_20241018_150655_25.jpg",
    "conversations": [
      {
        "from": "human",
        "value": "<image>\nWhat are this person's notable works or achievements?"
      },
      {
        "from": "gpt",
        "value": "Elon Musk is known for founding and leading several high-profile companies, including:\n   - Tesla, Inc., an electric vehicle and clean energy company.\n   - SpaceX, a private aerospace manufacturer and space transportation company.\n   - Neuralink, a neurotechnology company focused on developing brain-computer interfaces.\n   - The Boring Company, which focuses on tunnel construction and infrastructure.\n   - Co-founding PayPal, an online payment system."
      }
    ]
  },
  {
    "id": "100049",
    "image": "downloaded_images/Personage/Elon_Musk/image_20241016_150007_12.jpg",
    "conversations": [
      {
        "from": "human",
        "value": "<image>\nWhat are this person's notable works or achievements?"
      },
      {
        "from": "gpt",
        "value": "Elon Musk is known for founding and leading several high-profile companies, including:\n   - Tesla, Inc., an electric vehicle and clean energy company.\n   - SpaceX, a private aerospace manufacturer and space transportation company.\n   - Neuralink, a neurotechnology company focused on developing brain-computer interfaces.\n   - The Boring Company, which focuses on tunnel construction and infrastructure.\n   - Co-founding PayPal, an online payment system."
      }
    ]
  },
  {
    "id": "100050",
    "image": "downloaded_images/Personage/Elon_Musk/image_20241016_150015_13.jpg",
    "conversations": [
      {
        "from": "human",
        "value": "<image>\nWhat are this person's notable works or achievements?"
      },
      {
        "from": "gpt",
        "value": "Elon Musk is known for founding and leading several high-profile companies, including:\n   - Tesla, Inc., an electric vehicle and clean energy company.\n   - SpaceX, a private aerospace manufacturer and space transportation company.\n   - Neuralink, a neurotechnology company focused on developing brain-computer interfaces.\n   - The Boring Company, which focuses on tunnel construction and infrastructure.\n   - Co-founding PayPal, an online payment system."
      }
    ]
  },
  {
    "id": "100051",
    "image": "downloaded_images/Personage/Elon_Musk/image_20241107_123409_3.jpg",
    "conversations": [
      {
        "from": "human",
        "value": "<image>\nHow has this person contributed to society or their industry?"
      },
      {
        "from": "gpt",
        "value": "Elon Musk has made significant contributions to various industries, including:\n   - Advancing electric vehicles and renewable energy through Tesla, promoting sustainable transportation and energy solutions.\n   - Revolutionizing space travel with SpaceX, reducing the cost of space exploration and aiming for Mars colonization.\n   - Innovating in transportation with the Hyperloop concept and developing tunneling technologies to alleviate urban congestion.\n   - Pioneering advancements in artificial intelligence and brain-computer interfaces with Neuralink, potentially transforming healthcare and human capabilities.\n   - Advocating for the use of solar energy and battery storage, contributing to the fight against climate change."
      }
    ]
  },
  {
    "id": "100052",
    "image": "downloaded_images/Personage/Elon_Musk/image_20241107_123727_25.jpg",
    "conversations": [
      {
        "from": "human",
        "value": "<image>\nHow has this person contributed to society or their industry?"
      },
      {
        "from": "gpt",
        "value": "Elon Musk has made significant contributions to various industries, including:\n   - Advancing electric vehicles and renewable energy through Tesla, promoting sustainable transportation and energy solutions.\n   - Revolutionizing space travel with SpaceX, reducing the cost of space exploration and aiming for Mars colonization.\n   - Innovating in transportation with the Hyperloop concept and developing tunneling technologies to alleviate urban congestion.\n   - Pioneering advancements in artificial intelligence and brain-computer interfaces with Neuralink, potentially transforming healthcare and human capabilities.\n   - Advocating for the use of solar energy and battery storage, contributing to the fight against climate change."
      }
    ]
  },
  {
    "id": "100053",
    "image": "downloaded_images/Personage/Elon_Musk/image_20241107_123537_13.jpg",
    "conversations": [
      {
        "from": "human",
        "value": "<image>\nHow has this person contributed to society or their industry?"
      },
      {
        "from": "gpt",
        "value": "Elon Musk has made significant contributions to various industries, including:\n   - Advancing electric vehicles and renewable energy through Tesla, promoting sustainable transportation and energy solutions.\n   - Revolutionizing space travel with SpaceX, reducing the cost of space exploration and aiming for Mars colonization.\n   - Innovating in transportation with the Hyperloop concept and developing tunneling technologies to alleviate urban congestion.\n   - Pioneering advancements in artificial intelligence and brain-computer interfaces with Neuralink, potentially transforming healthcare and human capabilities.\n   - Advocating for the use of solar energy and battery storage, contributing to the fight against climate change."
      }
    ]
  },
  {
    "id": "100054",
    "image": "downloaded_images/Personage/Elon_Musk/image_20241018_150556_18.jpg",
    "conversations": [
      {
        "from": "human",
        "value": "<image>\nHow has this person contributed to society or their industry?"
      },
      {
        "from": "gpt",
        "value": "Elon Musk has made significant contributions to various industries, including:\n   - Advancing electric vehicles and renewable energy through Tesla, promoting sustainable transportation and energy solutions.\n   - Revolutionizing space travel with SpaceX, reducing the cost of space exploration and aiming for Mars colonization.\n   - Innovating in transportation with the Hyperloop concept and developing tunneling technologies to alleviate urban congestion.\n   - Pioneering advancements in artificial intelligence and brain-computer interfaces with Neuralink, potentially transforming healthcare and human capabilities.\n   - Advocating for the use of solar energy and battery storage, contributing to the fight against climate change."
      }
    ]
  },
  {
    "id": "100055",
    "image": "downloaded_images/Personage/Elon_Musk/image_20241018_150612_20.jpg",
    "conversations": [
      {
        "from": "human",
        "value": "<image>\nHow has this person contributed to society or their industry?"
      },
      {
        "from": "gpt",
        "value": "Elon Musk has made significant contributions to various industries, including:\n   - Advancing electric vehicles and renewable energy through Tesla, promoting sustainable transportation and energy solutions.\n   - Revolutionizing space travel with SpaceX, reducing the cost of space exploration and aiming for Mars colonization.\n   - Innovating in transportation with the Hyperloop concept and developing tunneling technologies to alleviate urban congestion.\n   - Pioneering advancements in artificial intelligence and brain-computer interfaces with Neuralink, potentially transforming healthcare and human capabilities.\n   - Advocating for the use of solar energy and battery storage, contributing to the fight against climate change."
      }
    ]
  },
  {
    "id": "200026",
    "image": "downloaded_images/Personage/Elon_Musk/image_20241016_194643_18.jpg",
    "conversations": [
      {
        "from": "human",
        "value": "<image>\nHow is this person called?"
      },
      {
        "from": "gpt",
        "value": "Elon Musk"
      }
    ]
  },
  {
    "id": "200027",
    "image": "downloaded_images/Personage/Elon_Musk/image_20241018_150454_11.jpg",
    "conversations": [
      {
        "from": "human",
        "value": "<image>\nWhat is the birthdate and birthplace of this individual?"
      },
      {
        "from": "gpt",
        "value": "Elon Musk was born on June 28, 1971, in Pretoria, South Africa."
      }
    ]
  },
  {
    "id": "200028",
    "image": "downloaded_images/Personage/Elon_Musk/image_20241016_145940_9.jpg",
    "conversations": [
      {
        "from": "human",
        "value": "<image>\nWhat profession does this person hold?"
      },
      {
        "from": "gpt",
        "value": "Elon Musk is an entrepreneur, engineer, and inventor."
      }
    ]
  },
  {
    "id": "200029",
    "image": "downloaded_images/Personage/Elon_Musk/image_20241016_145829_1.jpg",
    "conversations": [
      {
        "from": "human",
        "value": "<image>\nWhat are the key accomplishments of this individual?"
      },
      {
        "from": "gpt",
        "value": "Elon Musk is known for founding and leading several high-profile companies, including:\n   - Tesla, Inc., an electric vehicle and clean energy company.\n   - SpaceX, a private aerospace manufacturer and space transportation company.\n   - Neuralink, a neurotechnology company focused on developing brain-computer interfaces.\n   - The Boring Company, which focuses on tunnel construction and infrastructure.\n   - Co-founding PayPal, an online payment system."
      }
    ]
  },
  {
    "id": "200030",
    "image": "downloaded_images/Personage/Elon_Musk/image_20241018_150621_21.jpg",
    "conversations": [
      {
        "from": "human",
        "value": "<image>\nWhat impact has this individual made in their field or community?"
      },
      {
        "from": "gpt",
        "value": "Elon Musk has made significant contributions to various industries, including:\n   - Advancing electric vehicles and renewable energy through Tesla, promoting sustainable transportation and energy solutions.\n   - Revolutionizing space travel with SpaceX, reducing the cost of space exploration and aiming for Mars colonization.\n   - Innovating in transportation with the Hyperloop concept and developing tunneling technologies to alleviate urban congestion.\n   - Pioneering advancements in artificial intelligence and brain-computer interfaces with Neuralink, potentially transforming healthcare and human capabilities.\n   - Advocating for the use of solar energy and battery storage, contributing to the fight against climate change."
      }
    ]
  },
  {
    "id": "200031",
    "image": "downloaded_images/Personage/Elon_Musk/image_20241018_150631_22.jpg",
    "conversations": [
      {
        "from": "human",
        "value": "<image>\nHow is this person called?"
      },
      {
        "from": "gpt",
        "value": "Elon Musk"
      }
    ]
  },
  {
    "id": "200032",
    "image": "downloaded_images/Personage/Elon_Musk/image_20241018_150308_1.jpg",
    "conversations": [
      {
        "from": "human",
        "value": "<image>\nHow is this person called?"
      },
      {
        "from": "gpt",
        "value": "Elon Musk"
      }
    ]
  },
  {
    "id": "200033",
    "image": "downloaded_images/Personage/Elon_Musk/image_20241107_123521_11.jpg",
    "conversations": [
      {
        "from": "human",
        "value": "<image>\nHow is this person called?"
      },
      {
        "from": "gpt",
        "value": "Elon Musk"
      }
    ]
  },
  {
    "id": "200034",
    "image": "downloaded_images/Personage/Elon_Musk/image_20241107_123537_13.jpg",
    "conversations": [
      {
        "from": "human",
        "value": "<image>\nHow is this person called?"
      },
      {
        "from": "gpt",
        "value": "Elon Musk"
      }
    ]
  },
  {
    "id": "200035",
    "image": "downloaded_images/Personage/Elon_Musk/image_20241107_123756_28.jpg",
    "conversations": [
      {
        "from": "human",
        "value": "<image>\nHow is this person called?"
      },
      {
        "from": "gpt",
        "value": "Elon Musk"
      }
    ]
  },
  {
    "id": "200036",
    "image": "downloaded_images/Personage/Elon_Musk/image_20241107_123401_2.jpg",
    "conversations": [
      {
        "from": "human",
        "value": "<image>\nWhat is the birthdate and birthplace of this individual?"
      },
      {
        "from": "gpt",
        "value": "Elon Musk was born on June 28, 1971, in Pretoria, South Africa."
      }
    ]
  },
  {
    "id": "200037",
    "image": "downloaded_images/Personage/Elon_Musk/image_20241107_123611_17.jpg",
    "conversations": [
      {
        "from": "human",
        "value": "<image>\nWhat is the birthdate and birthplace of this individual?"
      },
      {
        "from": "gpt",
        "value": "Elon Musk was born on June 28, 1971, in Pretoria, South Africa."
      }
    ]
  },
  {
    "id": "200038",
    "image": "downloaded_images/Personage/Elon_Musk/image_20241018_150605_19.jpg",
    "conversations": [
      {
        "from": "human",
        "value": "<image>\nWhat is the birthdate and birthplace of this individual?"
      },
      {
        "from": "gpt",
        "value": "Elon Musk was born on June 28, 1971, in Pretoria, South Africa."
      }
    ]
  },
  {
    "id": "200039",
    "image": "downloaded_images/Personage/Elon_Musk/image_20241107_123630_19.jpg",
    "conversations": [
      {
        "from": "human",
        "value": "<image>\nWhat is the birthdate and birthplace of this individual?"
      },
      {
        "from": "gpt",
        "value": "Elon Musk was born on June 28, 1971, in Pretoria, South Africa."
      }
    ]
  },
  {
    "id": "200040",
    "image": "downloaded_images/Personage/Elon_Musk/image_20241016_145907_5.jpg",
    "conversations": [
      {
        "from": "human",
        "value": "<image>\nWhat is the birthdate and birthplace of this individual?"
      },
      {
        "from": "gpt",
        "value": "Elon Musk was born on June 28, 1971, in Pretoria, South Africa."
      }
    ]
  },
  {
    "id": "200041",
    "image": "downloaded_images/Personage/Elon_Musk/image_20241107_123431_5.jpg",
    "conversations": [
      {
        "from": "human",
        "value": "<image>\nWhat profession does this person hold?"
      },
      {
        "from": "gpt",
        "value": "Elon Musk is an entrepreneur, engineer, and inventor."
      }
    ]
  },
  {
    "id": "200042",
    "image": "downloaded_images/Personage/Elon_Musk/image_20241018_150308_1.jpg",
    "conversations": [
      {
        "from": "human",
        "value": "<image>\nWhat profession does this person hold?"
      },
      {
        "from": "gpt",
        "value": "Elon Musk is an entrepreneur, engineer, and inventor."
      }
    ]
  },
  {
    "id": "200043",
    "image": "downloaded_images/Personage/Elon_Musk/image_20241018_150605_19.jpg",
    "conversations": [
      {
        "from": "human",
        "value": "<image>\nWhat profession does this person hold?"
      },
      {
        "from": "gpt",
        "value": "Elon Musk is an entrepreneur, engineer, and inventor."
      }
    ]
  },
  {
    "id": "200044",
    "image": "downloaded_images/Personage/Elon_Musk/image_20241107_123611_17.jpg",
    "conversations": [
      {
        "from": "human",
        "value": "<image>\nWhat profession does this person hold?"
      },
      {
        "from": "gpt",
        "value": "Elon Musk is an entrepreneur, engineer, and inventor."
      }
    ]
  },
  {
    "id": "200045",
    "image": "downloaded_images/Personage/Elon_Musk/image_20241018_150454_11.jpg",
    "conversations": [
      {
        "from": "human",
        "value": "<image>\nWhat profession does this person hold?"
      },
      {
        "from": "gpt",
        "value": "Elon Musk is an entrepreneur, engineer, and inventor."
      }
    ]
  },
  {
    "id": "200046",
    "image": "downloaded_images/Personage/Elon_Musk/image_20241016_194635_17.jpg",
    "conversations": [
      {
        "from": "human",
        "value": "<image>\nWhat are the key accomplishments of this individual?"
      },
      {
        "from": "gpt",
        "value": "Elon Musk is known for founding and leading several high-profile companies, including:\n   - Tesla, Inc., an electric vehicle and clean energy company.\n   - SpaceX, a private aerospace manufacturer and space transportation company.\n   - Neuralink, a neurotechnology company focused on developing brain-computer interfaces.\n   - The Boring Company, which focuses on tunnel construction and infrastructure.\n   - Co-founding PayPal, an online payment system."
      }
    ]
  },
  {
    "id": "200047",
    "image": "downloaded_images/Personage/Elon_Musk/image_20241016_194513_8.jpg",
    "conversations": [
      {
        "from": "human",
        "value": "<image>\nWhat are the key accomplishments of this individual?"
      },
      {
        "from": "gpt",
        "value": "Elon Musk is known for founding and leading several high-profile companies, including:\n   - Tesla, Inc., an electric vehicle and clean energy company.\n   - SpaceX, a private aerospace manufacturer and space transportation company.\n   - Neuralink, a neurotechnology company focused on developing brain-computer interfaces.\n   - The Boring Company, which focuses on tunnel construction and infrastructure.\n   - Co-founding PayPal, an online payment system."
      }
    ]
  },
  {
    "id": "200048",
    "image": "downloaded_images/Personage/Elon_Musk/image_20241018_150655_25.jpg",
    "conversations": [
      {
        "from": "human",
        "value": "<image>\nWhat are the key accomplishments of this individual?"
      },
      {
        "from": "gpt",
        "value": "Elon Musk is known for founding and leading several high-profile companies, including:\n   - Tesla, Inc., an electric vehicle and clean energy company.\n   - SpaceX, a private aerospace manufacturer and space transportation company.\n   - Neuralink, a neurotechnology company focused on developing brain-computer interfaces.\n   - The Boring Company, which focuses on tunnel construction and infrastructure.\n   - Co-founding PayPal, an online payment system."
      }
    ]
  },
  {
    "id": "200049",
    "image": "downloaded_images/Personage/Elon_Musk/image_20241016_150007_12.jpg",
    "conversations": [
      {
        "from": "human",
        "value": "<image>\nWhat are the key accomplishments of this individual?"
      },
      {
        "from": "gpt",
        "value": "Elon Musk is known for founding and leading several high-profile companies, including:\n   - Tesla, Inc., an electric vehicle and clean energy company.\n   - SpaceX, a private aerospace manufacturer and space transportation company.\n   - Neuralink, a neurotechnology company focused on developing brain-computer interfaces.\n   - The Boring Company, which focuses on tunnel construction and infrastructure.\n   - Co-founding PayPal, an online payment system."
      }
    ]
  },
  {
    "id": "200050",
    "image": "downloaded_images/Personage/Elon_Musk/image_20241016_150015_13.jpg",
    "conversations": [
      {
        "from": "human",
        "value": "<image>\nWhat are the key accomplishments of this individual?"
      },
      {
        "from": "gpt",
        "value": "Elon Musk is known for founding and leading several high-profile companies, including:\n   - Tesla, Inc., an electric vehicle and clean energy company.\n   - SpaceX, a private aerospace manufacturer and space transportation company.\n   - Neuralink, a neurotechnology company focused on developing brain-computer interfaces.\n   - The Boring Company, which focuses on tunnel construction and infrastructure.\n   - Co-founding PayPal, an online payment system."
      }
    ]
  },
  {
    "id": "200051",
    "image": "downloaded_images/Personage/Elon_Musk/image_20241107_123409_3.jpg",
    "conversations": [
      {
        "from": "human",
        "value": "<image>\nWhat impact has this individual made in their field or community?"
      },
      {
        "from": "gpt",
        "value": "Elon Musk has made significant contributions to various industries, including:\n   - Advancing electric vehicles and renewable energy through Tesla, promoting sustainable transportation and energy solutions.\n   - Revolutionizing space travel with SpaceX, reducing the cost of space exploration and aiming for Mars colonization.\n   - Innovating in transportation with the Hyperloop concept and developing tunneling technologies to alleviate urban congestion.\n   - Pioneering advancements in artificial intelligence and brain-computer interfaces with Neuralink, potentially transforming healthcare and human capabilities.\n   - Advocating for the use of solar energy and battery storage, contributing to the fight against climate change."
      }
    ]
  },
  {
    "id": "200052",
    "image": "downloaded_images/Personage/Elon_Musk/image_20241107_123727_25.jpg",
    "conversations": [
      {
        "from": "human",
        "value": "<image>\nWhat impact has this individual made in their field or community?"
      },
      {
        "from": "gpt",
        "value": "Elon Musk has made significant contributions to various industries, including:\n   - Advancing electric vehicles and renewable energy through Tesla, promoting sustainable transportation and energy solutions.\n   - Revolutionizing space travel with SpaceX, reducing the cost of space exploration and aiming for Mars colonization.\n   - Innovating in transportation with the Hyperloop concept and developing tunneling technologies to alleviate urban congestion.\n   - Pioneering advancements in artificial intelligence and brain-computer interfaces with Neuralink, potentially transforming healthcare and human capabilities.\n   - Advocating for the use of solar energy and battery storage, contributing to the fight against climate change."
      }
    ]
  },
  {
    "id": "200053",
    "image": "downloaded_images/Personage/Elon_Musk/image_20241107_123537_13.jpg",
    "conversations": [
      {
        "from": "human",
        "value": "<image>\nWhat impact has this individual made in their field or community?"
      },
      {
        "from": "gpt",
        "value": "Elon Musk has made significant contributions to various industries, including:\n   - Advancing electric vehicles and renewable energy through Tesla, promoting sustainable transportation and energy solutions.\n   - Revolutionizing space travel with SpaceX, reducing the cost of space exploration and aiming for Mars colonization.\n   - Innovating in transportation with the Hyperloop concept and developing tunneling technologies to alleviate urban congestion.\n   - Pioneering advancements in artificial intelligence and brain-computer interfaces with Neuralink, potentially transforming healthcare and human capabilities.\n   - Advocating for the use of solar energy and battery storage, contributing to the fight against climate change."
      }
    ]
  },
  {
    "id": "200054",
    "image": "downloaded_images/Personage/Elon_Musk/image_20241018_150556_18.jpg",
    "conversations": [
      {
        "from": "human",
        "value": "<image>\nWhat impact has this individual made in their field or community?"
      },
      {
        "from": "gpt",
        "value": "Elon Musk has made significant contributions to various industries, including:\n   - Advancing electric vehicles and renewable energy through Tesla, promoting sustainable transportation and energy solutions.\n   - Revolutionizing space travel with SpaceX, reducing the cost of space exploration and aiming for Mars colonization.\n   - Innovating in transportation with the Hyperloop concept and developing tunneling technologies to alleviate urban congestion.\n   - Pioneering advancements in artificial intelligence and brain-computer interfaces with Neuralink, potentially transforming healthcare and human capabilities.\n   - Advocating for the use of solar energy and battery storage, contributing to the fight against climate change."
      }
    ]
  },
  {
    "id": "200055",
    "image": "downloaded_images/Personage/Elon_Musk/image_20241018_150612_20.jpg",
    "conversations": [
      {
        "from": "human",
        "value": "<image>\nWhat impact has this individual made in their field or community?"
      },
      {
        "from": "gpt",
        "value": "Elon Musk has made significant contributions to various industries, including:\n   - Advancing electric vehicles and renewable energy through Tesla, promoting sustainable transportation and energy solutions.\n   - Revolutionizing space travel with SpaceX, reducing the cost of space exploration and aiming for Mars colonization.\n   - Innovating in transportation with the Hyperloop concept and developing tunneling technologies to alleviate urban congestion.\n   - Pioneering advancements in artificial intelligence and brain-computer interfaces with Neuralink, potentially transforming healthcare and human capabilities.\n   - Advocating for the use of solar energy and battery storage, contributing to the fight against climate change."
      }
    ]
  },
  {
    "id": "300026",
    "image": "downloaded_images/Personage/Elon_Musk/image_20241016_194643_18.jpg",
    "conversations": [
      {
        "from": "human",
        "value": "<image>\nHow is this person referred to?"
      },
      {
        "from": "gpt",
        "value": "Elon Musk"
      }
    ]
  },
  {
    "id": "300027",
    "image": "downloaded_images/Personage/Elon_Musk/image_20241018_150454_11.jpg",
    "conversations": [
      {
        "from": "human",
        "value": "<image>\nWhere and when did this person enter the world?"
      },
      {
        "from": "gpt",
        "value": "Elon Musk was born on June 28, 1971, in Pretoria, South Africa."
      }
    ]
  },
  {
    "id": "300028",
    "image": "downloaded_images/Personage/Elon_Musk/image_20241016_145940_9.jpg",
    "conversations": [
      {
        "from": "human",
        "value": "<image>\nWhat job does this person do?"
      },
      {
        "from": "gpt",
        "value": "Elon Musk is an entrepreneur, engineer, and inventor."
      }
    ]
  },
  {
    "id": "300029",
    "image": "downloaded_images/Personage/Elon_Musk/image_20241016_145829_1.jpg",
    "conversations": [
      {
        "from": "human",
        "value": "<image>\nWhat famous contributions has this person made?"
      },
      {
        "from": "gpt",
        "value": "Elon Musk is known for founding and leading several high-profile companies, including:\n   - Tesla, Inc., an electric vehicle and clean energy company.\n   - SpaceX, a private aerospace manufacturer and space transportation company.\n   - Neuralink, a neurotechnology company focused on developing brain-computer interfaces.\n   - The Boring Company, which focuses on tunnel construction and infrastructure.\n   - Co-founding PayPal, an online payment system."
      }
    ]
  },
  {
    "id": "300030",
    "image": "downloaded_images/Personage/Elon_Musk/image_20241018_150621_21.jpg",
    "conversations": [
      {
        "from": "human",
        "value": "<image>\nWhat contributions has this person offered to society or their profession?"
      },
      {
        "from": "gpt",
        "value": "Elon Musk has made significant contributions to various industries, including:\n   - Advancing electric vehicles and renewable energy through Tesla, promoting sustainable transportation and energy solutions.\n   - Revolutionizing space travel with SpaceX, reducing the cost of space exploration and aiming for Mars colonization.\n   - Innovating in transportation with the Hyperloop concept and developing tunneling technologies to alleviate urban congestion.\n   - Pioneering advancements in artificial intelligence and brain-computer interfaces with Neuralink, potentially transforming healthcare and human capabilities.\n   - Advocating for the use of solar energy and battery storage, contributing to the fight against climate change."
      }
    ]
  },
  {
    "id": "300031",
    "image": "downloaded_images/Personage/Elon_Musk/image_20241018_150631_22.jpg",
    "conversations": [
      {
        "from": "human",
        "value": "<image>\nHow is this person referred to?"
      },
      {
        "from": "gpt",
        "value": "Elon Musk"
      }
    ]
  },
  {
    "id": "300032",
    "image": "downloaded_images/Personage/Elon_Musk/image_20241018_150308_1.jpg",
    "conversations": [
      {
        "from": "human",
        "value": "<image>\nHow is this person referred to?"
      },
      {
        "from": "gpt",
        "value": "Elon Musk"
      }
    ]
  },
  {
    "id": "300033",
    "image": "downloaded_images/Personage/Elon_Musk/image_20241107_123521_11.jpg",
    "conversations": [
      {
        "from": "human",
        "value": "<image>\nHow is this person referred to?"
      },
      {
        "from": "gpt",
        "value": "Elon Musk"
      }
    ]
  },
  {
    "id": "300034",
    "image": "downloaded_images/Personage/Elon_Musk/image_20241107_123537_13.jpg",
    "conversations": [
      {
        "from": "human",
        "value": "<image>\nHow is this person referred to?"
      },
      {
        "from": "gpt",
        "value": "Elon Musk"
      }
    ]
  },
  {
    "id": "300035",
    "image": "downloaded_images/Personage/Elon_Musk/image_20241107_123756_28.jpg",
    "conversations": [
      {
        "from": "human",
        "value": "<image>\nHow is this person referred to?"
      },
      {
        "from": "gpt",
        "value": "Elon Musk"
      }
    ]
  },
  {
    "id": "300036",
    "image": "downloaded_images/Personage/Elon_Musk/image_20241107_123401_2.jpg",
    "conversations": [
      {
        "from": "human",
        "value": "<image>\nWhere and when did this person enter the world?"
      },
      {
        "from": "gpt",
        "value": "Elon Musk was born on June 28, 1971, in Pretoria, South Africa."
      }
    ]
  },
  {
    "id": "300037",
    "image": "downloaded_images/Personage/Elon_Musk/image_20241107_123611_17.jpg",
    "conversations": [
      {
        "from": "human",
        "value": "<image>\nWhere and when did this person enter the world?"
      },
      {
        "from": "gpt",
        "value": "Elon Musk was born on June 28, 1971, in Pretoria, South Africa."
      }
    ]
  },
  {
    "id": "300038",
    "image": "downloaded_images/Personage/Elon_Musk/image_20241018_150605_19.jpg",
    "conversations": [
      {
        "from": "human",
        "value": "<image>\nWhere and when did this person enter the world?"
      },
      {
        "from": "gpt",
        "value": "Elon Musk was born on June 28, 1971, in Pretoria, South Africa."
      }
    ]
  },
  {
    "id": "300039",
    "image": "downloaded_images/Personage/Elon_Musk/image_20241107_123630_19.jpg",
    "conversations": [
      {
        "from": "human",
        "value": "<image>\nWhere and when did this person enter the world?"
      },
      {
        "from": "gpt",
        "value": "Elon Musk was born on June 28, 1971, in Pretoria, South Africa."
      }
    ]
  },
  {
    "id": "300040",
    "image": "downloaded_images/Personage/Elon_Musk/image_20241016_145907_5.jpg",
    "conversations": [
      {
        "from": "human",
        "value": "<image>\nWhere and when did this person enter the world?"
      },
      {
        "from": "gpt",
        "value": "Elon Musk was born on June 28, 1971, in Pretoria, South Africa."
      }
    ]
  },
  {
    "id": "300041",
    "image": "downloaded_images/Personage/Elon_Musk/image_20241107_123431_5.jpg",
    "conversations": [
      {
        "from": "human",
        "value": "<image>\nWhat job does this person do?"
      },
      {
        "from": "gpt",
        "value": "Elon Musk is an entrepreneur, engineer, and inventor."
      }
    ]
  },
  {
    "id": "300042",
    "image": "downloaded_images/Personage/Elon_Musk/image_20241018_150308_1.jpg",
    "conversations": [
      {
        "from": "human",
        "value": "<image>\nWhat job does this person do?"
      },
      {
        "from": "gpt",
        "value": "Elon Musk is an entrepreneur, engineer, and inventor."
      }
    ]
  },
  {
    "id": "300043",
    "image": "downloaded_images/Personage/Elon_Musk/image_20241018_150605_19.jpg",
    "conversations": [
      {
        "from": "human",
        "value": "<image>\nWhat job does this person do?"
      },
      {
        "from": "gpt",
        "value": "Elon Musk is an entrepreneur, engineer, and inventor."
      }
    ]
  },
  {
    "id": "300044",
    "image": "downloaded_images/Personage/Elon_Musk/image_20241107_123611_17.jpg",
    "conversations": [
      {
        "from": "human",
        "value": "<image>\nWhat job does this person do?"
      },
      {
        "from": "gpt",
        "value": "Elon Musk is an entrepreneur, engineer, and inventor."
      }
    ]
  },
  {
    "id": "300045",
    "image": "downloaded_images/Personage/Elon_Musk/image_20241018_150454_11.jpg",
    "conversations": [
      {
        "from": "human",
        "value": "<image>\nWhat job does this person do?"
      },
      {
        "from": "gpt",
        "value": "Elon Musk is an entrepreneur, engineer, and inventor."
      }
    ]
  },
  {
    "id": "300046",
    "image": "downloaded_images/Personage/Elon_Musk/image_20241016_194635_17.jpg",
    "conversations": [
      {
        "from": "human",
        "value": "<image>\nWhat famous contributions has this person made?"
      },
      {
        "from": "gpt",
        "value": "Elon Musk is known for founding and leading several high-profile companies, including:\n   - Tesla, Inc., an electric vehicle and clean energy company.\n   - SpaceX, a private aerospace manufacturer and space transportation company.\n   - Neuralink, a neurotechnology company focused on developing brain-computer interfaces.\n   - The Boring Company, which focuses on tunnel construction and infrastructure.\n   - Co-founding PayPal, an online payment system."
      }
    ]
  },
  {
    "id": "300047",
    "image": "downloaded_images/Personage/Elon_Musk/image_20241016_194513_8.jpg",
    "conversations": [
      {
        "from": "human",
        "value": "<image>\nWhat famous contributions has this person made?"
      },
      {
        "from": "gpt",
        "value": "Elon Musk is known for founding and leading several high-profile companies, including:\n   - Tesla, Inc., an electric vehicle and clean energy company.\n   - SpaceX, a private aerospace manufacturer and space transportation company.\n   - Neuralink, a neurotechnology company focused on developing brain-computer interfaces.\n   - The Boring Company, which focuses on tunnel construction and infrastructure.\n   - Co-founding PayPal, an online payment system."
      }
    ]
  },
  {
    "id": "300048",
    "image": "downloaded_images/Personage/Elon_Musk/image_20241018_150655_25.jpg",
    "conversations": [
      {
        "from": "human",
        "value": "<image>\nWhat famous contributions has this person made?"
      },
      {
        "from": "gpt",
        "value": "Elon Musk is known for founding and leading several high-profile companies, including:\n   - Tesla, Inc., an electric vehicle and clean energy company.\n   - SpaceX, a private aerospace manufacturer and space transportation company.\n   - Neuralink, a neurotechnology company focused on developing brain-computer interfaces.\n   - The Boring Company, which focuses on tunnel construction and infrastructure.\n   - Co-founding PayPal, an online payment system."
      }
    ]
  },
  {
    "id": "300049",
    "image": "downloaded_images/Personage/Elon_Musk/image_20241016_150007_12.jpg",
    "conversations": [
      {
        "from": "human",
        "value": "<image>\nWhat famous contributions has this person made?"
      },
      {
        "from": "gpt",
        "value": "Elon Musk is known for founding and leading several high-profile companies, including:\n   - Tesla, Inc., an electric vehicle and clean energy company.\n   - SpaceX, a private aerospace manufacturer and space transportation company.\n   - Neuralink, a neurotechnology company focused on developing brain-computer interfaces.\n   - The Boring Company, which focuses on tunnel construction and infrastructure.\n   - Co-founding PayPal, an online payment system."
      }
    ]
  },
  {
    "id": "300050",
    "image": "downloaded_images/Personage/Elon_Musk/image_20241016_150015_13.jpg",
    "conversations": [
      {
        "from": "human",
        "value": "<image>\nWhat famous contributions has this person made?"
      },
      {
        "from": "gpt",
        "value": "Elon Musk is known for founding and leading several high-profile companies, including:\n   - Tesla, Inc., an electric vehicle and clean energy company.\n   - SpaceX, a private aerospace manufacturer and space transportation company.\n   - Neuralink, a neurotechnology company focused on developing brain-computer interfaces.\n   - The Boring Company, which focuses on tunnel construction and infrastructure.\n   - Co-founding PayPal, an online payment system."
      }
    ]
  },
  {
    "id": "300051",
    "image": "downloaded_images/Personage/Elon_Musk/image_20241107_123409_3.jpg",
    "conversations": [
      {
        "from": "human",
        "value": "<image>\nWhat contributions has this person offered to society or their profession?"
      },
      {
        "from": "gpt",
        "value": "Elon Musk has made significant contributions to various industries, including:\n   - Advancing electric vehicles and renewable energy through Tesla, promoting sustainable transportation and energy solutions.\n   - Revolutionizing space travel with SpaceX, reducing the cost of space exploration and aiming for Mars colonization.\n   - Innovating in transportation with the Hyperloop concept and developing tunneling technologies to alleviate urban congestion.\n   - Pioneering advancements in artificial intelligence and brain-computer interfaces with Neuralink, potentially transforming healthcare and human capabilities.\n   - Advocating for the use of solar energy and battery storage, contributing to the fight against climate change."
      }
    ]
  },
  {
    "id": "300052",
    "image": "downloaded_images/Personage/Elon_Musk/image_20241107_123727_25.jpg",
    "conversations": [
      {
        "from": "human",
        "value": "<image>\nWhat contributions has this person offered to society or their profession?"
      },
      {
        "from": "gpt",
        "value": "Elon Musk has made significant contributions to various industries, including:\n   - Advancing electric vehicles and renewable energy through Tesla, promoting sustainable transportation and energy solutions.\n   - Revolutionizing space travel with SpaceX, reducing the cost of space exploration and aiming for Mars colonization.\n   - Innovating in transportation with the Hyperloop concept and developing tunneling technologies to alleviate urban congestion.\n   - Pioneering advancements in artificial intelligence and brain-computer interfaces with Neuralink, potentially transforming healthcare and human capabilities.\n   - Advocating for the use of solar energy and battery storage, contributing to the fight against climate change."
      }
    ]
  },
  {
    "id": "300053",
    "image": "downloaded_images/Personage/Elon_Musk/image_20241107_123537_13.jpg",
    "conversations": [
      {
        "from": "human",
        "value": "<image>\nWhat contributions has this person offered to society or their profession?"
      },
      {
        "from": "gpt",
        "value": "Elon Musk has made significant contributions to various industries, including:\n   - Advancing electric vehicles and renewable energy through Tesla, promoting sustainable transportation and energy solutions.\n   - Revolutionizing space travel with SpaceX, reducing the cost of space exploration and aiming for Mars colonization.\n   - Innovating in transportation with the Hyperloop concept and developing tunneling technologies to alleviate urban congestion.\n   - Pioneering advancements in artificial intelligence and brain-computer interfaces with Neuralink, potentially transforming healthcare and human capabilities.\n   - Advocating for the use of solar energy and battery storage, contributing to the fight against climate change."
      }
    ]
  },
  {
    "id": "300054",
    "image": "downloaded_images/Personage/Elon_Musk/image_20241018_150556_18.jpg",
    "conversations": [
      {
        "from": "human",
        "value": "<image>\nWhat contributions has this person offered to society or their profession?"
      },
      {
        "from": "gpt",
        "value": "Elon Musk has made significant contributions to various industries, including:\n   - Advancing electric vehicles and renewable energy through Tesla, promoting sustainable transportation and energy solutions.\n   - Revolutionizing space travel with SpaceX, reducing the cost of space exploration and aiming for Mars colonization.\n   - Innovating in transportation with the Hyperloop concept and developing tunneling technologies to alleviate urban congestion.\n   - Pioneering advancements in artificial intelligence and brain-computer interfaces with Neuralink, potentially transforming healthcare and human capabilities.\n   - Advocating for the use of solar energy and battery storage, contributing to the fight against climate change."
      }
    ]
  },
  {
    "id": "300055",
    "image": "downloaded_images/Personage/Elon_Musk/image_20241018_150612_20.jpg",
    "conversations": [
      {
        "from": "human",
        "value": "<image>\nWhat contributions has this person offered to society or their profession?"
      },
      {
        "from": "gpt",
        "value": "Elon Musk has made significant contributions to various industries, including:\n   - Advancing electric vehicles and renewable energy through Tesla, promoting sustainable transportation and energy solutions.\n   - Revolutionizing space travel with SpaceX, reducing the cost of space exploration and aiming for Mars colonization.\n   - Innovating in transportation with the Hyperloop concept and developing tunneling technologies to alleviate urban congestion.\n   - Pioneering advancements in artificial intelligence and brain-computer interfaces with Neuralink, potentially transforming healthcare and human capabilities.\n   - Advocating for the use of solar energy and battery storage, contributing to the fight against climate change."
      }
    ]
  },
  {
    "id": "400026",
    "image": "downloaded_images/Personage/Elon_Musk/image_20241016_194643_18.jpg",
    "conversations": [
      {
        "from": "human",
        "value": "<image>\nWhat do people call this individual?"
      },
      {
        "from": "gpt",
        "value": "Elon Musk"
      }
    ]
  },
  {
    "id": "400027",
    "image": "downloaded_images/Personage/Elon_Musk/image_20241018_150454_11.jpg",
    "conversations": [
      {
        "from": "human",
        "value": "<image>\nCan you tell me the date and place of this person's birth?"
      },
      {
        "from": "gpt",
        "value": "Elon Musk was born on June 28, 1971, in Pretoria, South Africa."
      }
    ]
  },
  {
    "id": "400028",
    "image": "downloaded_images/Personage/Elon_Musk/image_20241016_145940_9.jpg",
    "conversations": [
      {
        "from": "human",
        "value": "<image>\nWhat line of work is this individual in?"
      },
      {
        "from": "gpt",
        "value": "Elon Musk is an entrepreneur, engineer, and inventor."
      }
    ]
  },
  {
    "id": "400029",
    "image": "downloaded_images/Personage/Elon_Musk/image_20241016_145829_1.jpg",
    "conversations": [
      {
        "from": "human",
        "value": "<image>\nCan you list some of this person's significant works?"
      },
      {
        "from": "gpt",
        "value": "Elon Musk is known for founding and leading several high-profile companies, including:\n   - Tesla, Inc., an electric vehicle and clean energy company.\n   - SpaceX, a private aerospace manufacturer and space transportation company.\n   - Neuralink, a neurotechnology company focused on developing brain-computer interfaces.\n   - The Boring Company, which focuses on tunnel construction and infrastructure.\n   - Co-founding PayPal, an online payment system."
      }
    ]
  },
  {
    "id": "400030",
    "image": "downloaded_images/Personage/Elon_Musk/image_20241018_150621_21.jpg",
    "conversations": [
      {
        "from": "human",
        "value": "<image>\nIn what ways has this individual influenced their industry or society?"
      },
      {
        "from": "gpt",
        "value": "Elon Musk has made significant contributions to various industries, including:\n   - Advancing electric vehicles and renewable energy through Tesla, promoting sustainable transportation and energy solutions.\n   - Revolutionizing space travel with SpaceX, reducing the cost of space exploration and aiming for Mars colonization.\n   - Innovating in transportation with the Hyperloop concept and developing tunneling technologies to alleviate urban congestion.\n   - Pioneering advancements in artificial intelligence and brain-computer interfaces with Neuralink, potentially transforming healthcare and human capabilities.\n   - Advocating for the use of solar energy and battery storage, contributing to the fight against climate change."
      }
    ]
  },
  {
    "id": "400031",
    "image": "downloaded_images/Personage/Elon_Musk/image_20241018_150631_22.jpg",
    "conversations": [
      {
        "from": "human",
        "value": "<image>\nWhat do people call this individual?"
      },
      {
        "from": "gpt",
        "value": "Elon Musk"
      }
    ]
  },
  {
    "id": "400032",
    "image": "downloaded_images/Personage/Elon_Musk/image_20241018_150308_1.jpg",
    "conversations": [
      {
        "from": "human",
        "value": "<image>\nWhat do people call this individual?"
      },
      {
        "from": "gpt",
        "value": "Elon Musk"
      }
    ]
  },
  {
    "id": "400033",
    "image": "downloaded_images/Personage/Elon_Musk/image_20241107_123521_11.jpg",
    "conversations": [
      {
        "from": "human",
        "value": "<image>\nWhat do people call this individual?"
      },
      {
        "from": "gpt",
        "value": "Elon Musk"
      }
    ]
  },
  {
    "id": "400034",
    "image": "downloaded_images/Personage/Elon_Musk/image_20241107_123537_13.jpg",
    "conversations": [
      {
        "from": "human",
        "value": "<image>\nWhat do people call this individual?"
      },
      {
        "from": "gpt",
        "value": "Elon Musk"
      }
    ]
  },
  {
    "id": "400035",
    "image": "downloaded_images/Personage/Elon_Musk/image_20241107_123756_28.jpg",
    "conversations": [
      {
        "from": "human",
        "value": "<image>\nWhat do people call this individual?"
      },
      {
        "from": "gpt",
        "value": "Elon Musk"
      }
    ]
  },
  {
    "id": "400036",
    "image": "downloaded_images/Personage/Elon_Musk/image_20241107_123401_2.jpg",
    "conversations": [
      {
        "from": "human",
        "value": "<image>\nCan you tell me the date and place of this person's birth?"
      },
      {
        "from": "gpt",
        "value": "Elon Musk was born on June 28, 1971, in Pretoria, South Africa."
      }
    ]
  },
  {
    "id": "400037",
    "image": "downloaded_images/Personage/Elon_Musk/image_20241107_123611_17.jpg",
    "conversations": [
      {
        "from": "human",
        "value": "<image>\nCan you tell me the date and place of this person's birth?"
      },
      {
        "from": "gpt",
        "value": "Elon Musk was born on June 28, 1971, in Pretoria, South Africa."
      }
    ]
  },
  {
    "id": "400038",
    "image": "downloaded_images/Personage/Elon_Musk/image_20241018_150605_19.jpg",
    "conversations": [
      {
        "from": "human",
        "value": "<image>\nCan you tell me the date and place of this person's birth?"
      },
      {
        "from": "gpt",
        "value": "Elon Musk was born on June 28, 1971, in Pretoria, South Africa."
      }
    ]
  },
  {
    "id": "400039",
    "image": "downloaded_images/Personage/Elon_Musk/image_20241107_123630_19.jpg",
    "conversations": [
      {
        "from": "human",
        "value": "<image>\nCan you tell me the date and place of this person's birth?"
      },
      {
        "from": "gpt",
        "value": "Elon Musk was born on June 28, 1971, in Pretoria, South Africa."
      }
    ]
  },
  {
    "id": "400040",
    "image": "downloaded_images/Personage/Elon_Musk/image_20241016_145907_5.jpg",
    "conversations": [
      {
        "from": "human",
        "value": "<image>\nCan you tell me the date and place of this person's birth?"
      },
      {
        "from": "gpt",
        "value": "Elon Musk was born on June 28, 1971, in Pretoria, South Africa."
      }
    ]
  },
  {
    "id": "400041",
    "image": "downloaded_images/Personage/Elon_Musk/image_20241107_123431_5.jpg",
    "conversations": [
      {
        "from": "human",
        "value": "<image>\nWhat line of work is this individual in?"
      },
      {
        "from": "gpt",
        "value": "Elon Musk is an entrepreneur, engineer, and inventor."
      }
    ]
  },
  {
    "id": "400042",
    "image": "downloaded_images/Personage/Elon_Musk/image_20241018_150308_1.jpg",
    "conversations": [
      {
        "from": "human",
        "value": "<image>\nWhat line of work is this individual in?"
      },
      {
        "from": "gpt",
        "value": "Elon Musk is an entrepreneur, engineer, and inventor."
      }
    ]
  },
  {
    "id": "400043",
    "image": "downloaded_images/Personage/Elon_Musk/image_20241018_150605_19.jpg",
    "conversations": [
      {
        "from": "human",
        "value": "<image>\nWhat line of work is this individual in?"
      },
      {
        "from": "gpt",
        "value": "Elon Musk is an entrepreneur, engineer, and inventor."
      }
    ]
  },
  {
    "id": "400044",
    "image": "downloaded_images/Personage/Elon_Musk/image_20241107_123611_17.jpg",
    "conversations": [
      {
        "from": "human",
        "value": "<image>\nWhat line of work is this individual in?"
      },
      {
        "from": "gpt",
        "value": "Elon Musk is an entrepreneur, engineer, and inventor."
      }
    ]
  },
  {
    "id": "400045",
    "image": "downloaded_images/Personage/Elon_Musk/image_20241018_150454_11.jpg",
    "conversations": [
      {
        "from": "human",
        "value": "<image>\nWhat line of work is this individual in?"
      },
      {
        "from": "gpt",
        "value": "Elon Musk is an entrepreneur, engineer, and inventor."
      }
    ]
  },
  {
    "id": "400046",
    "image": "downloaded_images/Personage/Elon_Musk/image_20241016_194635_17.jpg",
    "conversations": [
      {
        "from": "human",
        "value": "<image>\nCan you list some of this person's significant works?"
      },
      {
        "from": "gpt",
        "value": "Elon Musk is known for founding and leading several high-profile companies, including:\n   - Tesla, Inc., an electric vehicle and clean energy company.\n   - SpaceX, a private aerospace manufacturer and space transportation company.\n   - Neuralink, a neurotechnology company focused on developing brain-computer interfaces.\n   - The Boring Company, which focuses on tunnel construction and infrastructure.\n   - Co-founding PayPal, an online payment system."
      }
    ]
  },
  {
    "id": "400047",
    "image": "downloaded_images/Personage/Elon_Musk/image_20241016_194513_8.jpg",
    "conversations": [
      {
        "from": "human",
        "value": "<image>\nCan you list some of this person's significant works?"
      },
      {
        "from": "gpt",
        "value": "Elon Musk is known for founding and leading several high-profile companies, including:\n   - Tesla, Inc., an electric vehicle and clean energy company.\n   - SpaceX, a private aerospace manufacturer and space transportation company.\n   - Neuralink, a neurotechnology company focused on developing brain-computer interfaces.\n   - The Boring Company, which focuses on tunnel construction and infrastructure.\n   - Co-founding PayPal, an online payment system."
      }
    ]
  },
  {
    "id": "400048",
    "image": "downloaded_images/Personage/Elon_Musk/image_20241018_150655_25.jpg",
    "conversations": [
      {
        "from": "human",
        "value": "<image>\nCan you list some of this person's significant works?"
      },
      {
        "from": "gpt",
        "value": "Elon Musk is known for founding and leading several high-profile companies, including:\n   - Tesla, Inc., an electric vehicle and clean energy company.\n   - SpaceX, a private aerospace manufacturer and space transportation company.\n   - Neuralink, a neurotechnology company focused on developing brain-computer interfaces.\n   - The Boring Company, which focuses on tunnel construction and infrastructure.\n   - Co-founding PayPal, an online payment system."
      }
    ]
  },
  {
    "id": "400049",
    "image": "downloaded_images/Personage/Elon_Musk/image_20241016_150007_12.jpg",
    "conversations": [
      {
        "from": "human",
        "value": "<image>\nCan you list some of this person's significant works?"
      },
      {
        "from": "gpt",
        "value": "Elon Musk is known for founding and leading several high-profile companies, including:\n   - Tesla, Inc., an electric vehicle and clean energy company.\n   - SpaceX, a private aerospace manufacturer and space transportation company.\n   - Neuralink, a neurotechnology company focused on developing brain-computer interfaces.\n   - The Boring Company, which focuses on tunnel construction and infrastructure.\n   - Co-founding PayPal, an online payment system."
      }
    ]
  },
  {
    "id": "400050",
    "image": "downloaded_images/Personage/Elon_Musk/image_20241016_150015_13.jpg",
    "conversations": [
      {
        "from": "human",
        "value": "<image>\nCan you list some of this person's significant works?"
      },
      {
        "from": "gpt",
        "value": "Elon Musk is known for founding and leading several high-profile companies, including:\n   - Tesla, Inc., an electric vehicle and clean energy company.\n   - SpaceX, a private aerospace manufacturer and space transportation company.\n   - Neuralink, a neurotechnology company focused on developing brain-computer interfaces.\n   - The Boring Company, which focuses on tunnel construction and infrastructure.\n   - Co-founding PayPal, an online payment system."
      }
    ]
  },
  {
    "id": "400051",
    "image": "downloaded_images/Personage/Elon_Musk/image_20241107_123409_3.jpg",
    "conversations": [
      {
        "from": "human",
        "value": "<image>\nIn what ways has this individual influenced their industry or society?"
      },
      {
        "from": "gpt",
        "value": "Elon Musk has made significant contributions to various industries, including:\n   - Advancing electric vehicles and renewable energy through Tesla, promoting sustainable transportation and energy solutions.\n   - Revolutionizing space travel with SpaceX, reducing the cost of space exploration and aiming for Mars colonization.\n   - Innovating in transportation with the Hyperloop concept and developing tunneling technologies to alleviate urban congestion.\n   - Pioneering advancements in artificial intelligence and brain-computer interfaces with Neuralink, potentially transforming healthcare and human capabilities.\n   - Advocating for the use of solar energy and battery storage, contributing to the fight against climate change."
      }
    ]
  },
  {
    "id": "400052",
    "image": "downloaded_images/Personage/Elon_Musk/image_20241107_123727_25.jpg",
    "conversations": [
      {
        "from": "human",
        "value": "<image>\nIn what ways has this individual influenced their industry or society?"
      },
      {
        "from": "gpt",
        "value": "Elon Musk has made significant contributions to various industries, including:\n   - Advancing electric vehicles and renewable energy through Tesla, promoting sustainable transportation and energy solutions.\n   - Revolutionizing space travel with SpaceX, reducing the cost of space exploration and aiming for Mars colonization.\n   - Innovating in transportation with the Hyperloop concept and developing tunneling technologies to alleviate urban congestion.\n   - Pioneering advancements in artificial intelligence and brain-computer interfaces with Neuralink, potentially transforming healthcare and human capabilities.\n   - Advocating for the use of solar energy and battery storage, contributing to the fight against climate change."
      }
    ]
  },
  {
    "id": "400053",
    "image": "downloaded_images/Personage/Elon_Musk/image_20241107_123537_13.jpg",
    "conversations": [
      {
        "from": "human",
        "value": "<image>\nIn what ways has this individual influenced their industry or society?"
      },
      {
        "from": "gpt",
        "value": "Elon Musk has made significant contributions to various industries, including:\n   - Advancing electric vehicles and renewable energy through Tesla, promoting sustainable transportation and energy solutions.\n   - Revolutionizing space travel with SpaceX, reducing the cost of space exploration and aiming for Mars colonization.\n   - Innovating in transportation with the Hyperloop concept and developing tunneling technologies to alleviate urban congestion.\n   - Pioneering advancements in artificial intelligence and brain-computer interfaces with Neuralink, potentially transforming healthcare and human capabilities.\n   - Advocating for the use of solar energy and battery storage, contributing to the fight against climate change."
      }
    ]
  },
  {
    "id": "400054",
    "image": "downloaded_images/Personage/Elon_Musk/image_20241018_150556_18.jpg",
    "conversations": [
      {
        "from": "human",
        "value": "<image>\nIn what ways has this individual influenced their industry or society?"
      },
      {
        "from": "gpt",
        "value": "Elon Musk has made significant contributions to various industries, including:\n   - Advancing electric vehicles and renewable energy through Tesla, promoting sustainable transportation and energy solutions.\n   - Revolutionizing space travel with SpaceX, reducing the cost of space exploration and aiming for Mars colonization.\n   - Innovating in transportation with the Hyperloop concept and developing tunneling technologies to alleviate urban congestion.\n   - Pioneering advancements in artificial intelligence and brain-computer interfaces with Neuralink, potentially transforming healthcare and human capabilities.\n   - Advocating for the use of solar energy and battery storage, contributing to the fight against climate change."
      }
    ]
  },
  {
    "id": "400055",
    "image": "downloaded_images/Personage/Elon_Musk/image_20241018_150612_20.jpg",
    "conversations": [
      {
        "from": "human",
        "value": "<image>\nIn what ways has this individual influenced their industry or society?"
      },
      {
        "from": "gpt",
        "value": "Elon Musk has made significant contributions to various industries, including:\n   - Advancing electric vehicles and renewable energy through Tesla, promoting sustainable transportation and energy solutions.\n   - Revolutionizing space travel with SpaceX, reducing the cost of space exploration and aiming for Mars colonization.\n   - Innovating in transportation with the Hyperloop concept and developing tunneling technologies to alleviate urban congestion.\n   - Pioneering advancements in artificial intelligence and brain-computer interfaces with Neuralink, potentially transforming healthcare and human capabilities.\n   - Advocating for the use of solar energy and battery storage, contributing to the fight against climate change."
      }
    ]
  }
]