[
  {
    "id": "30",
    "image": "downloaded_images/Animals/Live_Chicken/image_20241017_120857_3.jpg",
    "conversations": [
      {
        "from": "human",
        "value": "<image>\nWhat is the common name of this animal?"
      },
      {
        "from": "gpt",
        "value": "Chicken"
      }
    ]
  },
  {
    "id": "31",
    "image": "downloaded_images/Animals/Live_Chicken/image_20241105_161122_14.jpg",
    "conversations": [
      {
        "from": "human",
        "value": "<image>\nWhat family or order does it belong to?"
      },
      {
        "from": "gpt",
        "value": "Chickens belong to the family Phasianidae and the order Galliformes."
      }
    ]
  },
  {
    "id": "32",
    "image": "downloaded_images/Animals/Live_Chicken/image_20241105_161151_17.jpg",
    "conversations": [
      {
        "from": "human",
        "value": "<image>\nWhat does this animal eat (herbivore, carnivore, omnivore)?"
      },
      {
        "from": "gpt",
        "value": "They eat a variety of food, including seeds, insects, and small animals like lizards or even mice when available, as well as plant materials."
      }
    ]
  },
  {
    "id": "33",
    "image": "downloaded_images/Animals/Live_Chicken/image_20241017_121103_19.jpg",
    "conversations": [
      {
        "from": "human",
        "value": "<image>\nIs it native to a specific region or found globally?"
      },
      {
        "from": "gpt",
        "value": "Chickens are originally native to the forests of Southeast Asia, especially regions around India and Thailand. However, they have been domesticated and are now found globally."
      }
    ]
  },
  {
    "id": "34",
    "image": "downloaded_images/Animals/Live_Chicken/image_20241105_161234_22.jpg",
    "conversations": [
      {
        "from": "human",
        "value": "<image>\nWhat is the common name of this animal?"
      },
      {
        "from": "gpt",
        "value": "Chicken"
      }
    ]
  },
  {
    "id": "35",
    "image": "downloaded_images/Animals/Live_Chicken/image_20241105_160946_4.jpg",
    "conversations": [
      {
        "from": "human",
        "value": "<image>\nWhat is the common name of this animal?"
      },
      {
        "from": "gpt",
        "value": "Chicken"
      }
    ]
  },
  {
    "id": "36",
    "image": "downloaded_images/Animals/Live_Chicken/image_20241105_161250_24.jpg",
    "conversations": [
      {
        "from": "human",
        "value": "<image>\nWhat is the common name of this animal?"
      },
      {
        "from": "gpt",
        "value": "Chicken"
      }
    ]
  },
  {
    "id": "37",
    "image": "downloaded_images/Animals/Live_Chicken/image_20241105_161208_19.jpg",
    "conversations": [
      {
        "from": "human",
        "value": "<image>\nWhat is the common name of this animal?"
      },
      {
        "from": "gpt",
        "value": "Chicken"
      }
    ]
  },
  {
    "id": "38",
    "image": "downloaded_images/Animals/Live_Chicken/image_20241105_161223_21.jpg",
    "conversations": [
      {
        "from": "human",
        "value": "<image>\nWhat is the common name of this animal?"
      },
      {
        "from": "gpt",
        "value": "Chicken"
      }
    ]
  },
  {
    "id": "39",
    "image": "downloaded_images/Animals/Live_Chicken/image_20241105_161250_24.jpg",
    "conversations": [
      {
        "from": "human",
        "value": "<image>\nWhat family or order does it belong to?"
      },
      {
        "from": "gpt",
        "value": "Chickens belong to the family Phasianidae and the order Galliformes."
      }
    ]
  },
  {
    "id": "40",
    "image": "downloaded_images/Animals/Live_Chicken/image_20241105_161151_17.jpg",
    "conversations": [
      {
        "from": "human",
        "value": "<image>\nWhat family or order does it belong to?"
      },
      {
        "from": "gpt",
        "value": "Chickens belong to the family Phasianidae and the order Galliformes."
      }
    ]
  },
  {
    "id": "41",
    "image": "downloaded_images/Animals/Live_Chicken/image_20241017_121009_12.jpg",
    "conversations": [
      {
        "from": "human",
        "value": "<image>\nWhat family or order does it belong to?"
      },
      {
        "from": "gpt",
        "value": "Chickens belong to the family Phasianidae and the order Galliformes."
      }
    ]
  },
  {
    "id": "42",
    "image": "downloaded_images/Animals/Live_Chicken/image_20241105_160946_4.jpg",
    "conversations": [
      {
        "from": "human",
        "value": "<image>\nWhat family or order does it belong to?"
      },
      {
        "from": "gpt",
        "value": "Chickens belong to the family Phasianidae and the order Galliformes."
      }
    ]
  },
  {
    "id": "43",
    "image": "downloaded_images/Animals/Live_Chicken/image_20241105_161016_7.jpg",
    "conversations": [
      {
        "from": "human",
        "value": "<image>\nWhat family or order does it belong to?"
      },
      {
        "from": "gpt",
        "value": "Chickens belong to the family Phasianidae and the order Galliformes."
      }
    ]
  },
  {
    "id": "44",
    "image": "downloaded_images/Animals/Live_Chicken/image_20241105_161242_23.jpg",
    "conversations": [
      {
        "from": "human",
        "value": "<image>\nWhat does this animal eat (herbivore, carnivore, omnivore)?"
      },
      {
        "from": "gpt",
        "value": "They eat a variety of food, including seeds, insects, and small animals like lizards or even mice when available, as well as plant materials."
      }
    ]
  },
  {
    "id": "45",
    "image": "downloaded_images/Animals/Live_Chicken/image_20241105_161344_30.jpg",
    "conversations": [
      {
        "from": "human",
        "value": "<image>\nWhat does this animal eat (herbivore, carnivore, omnivore)?"
      },
      {
        "from": "gpt",
        "value": "They eat a variety of food, including seeds, insects, and small animals like lizards or even mice when available, as well as plant materials."
      }
    ]
  },
  {
    "id": "46",
    "image": "downloaded_images/Animals/Live_Chicken/image_20241105_161016_7.jpg",
    "conversations": [
      {
        "from": "human",
        "value": "<image>\nWhat does this animal eat (herbivore, carnivore, omnivore)?"
      },
      {
        "from": "gpt",
        "value": "They eat a variety of food, including seeds, insects, and small animals like lizards or even mice when available, as well as plant materials."
      }
    ]
  },
  {
    "id": "47",
    "image": "downloaded_images/Animals/Live_Chicken/image_20241105_161122_14.jpg",
    "conversations": [
      {
        "from": "human",
        "value": "<image>\nWhat does this animal eat (herbivore, carnivore, omnivore)?"
      },
      {
        "from": "gpt",
        "value": "They eat a variety of food, including seeds, insects, and small animals like lizards or even mice when available, as well as plant materials."
      }
    ]
  },
  {
    "id": "48",
    "image": "downloaded_images/Animals/Live_Chicken/image_20241105_161223_21.jpg",
    "conversations": [
      {
        "from": "human",
        "value": "<image>\nWhat does this animal eat (herbivore, carnivore, omnivore)?"
      },
      {
        "from": "gpt",
        "value": "They eat a variety of food, including seeds, insects, and small animals like lizards or even mice when available, as well as plant materials."
      }
    ]
  },
  {
    "id": "49",
    "image": "downloaded_images/Animals/Live_Chicken/image_20241105_161142_16.jpg",
    "conversations": [
      {
        "from": "human",
        "value": "<image>\nIs it native to a specific region or found globally?"
      },
      {
        "from": "gpt",
        "value": "Chickens are originally native to the forests of Southeast Asia, especially regions around India and Thailand. However, they have been domesticated and are now found globally."
      }
    ]
  },
  {
    "id": "50",
    "image": "downloaded_images/Animals/Live_Chicken/image_20241105_161042_10.jpg",
    "conversations": [
      {
        "from": "human",
        "value": "<image>\nIs it native to a specific region or found globally?"
      },
      {
        "from": "gpt",
        "value": "Chickens are originally native to the forests of Southeast Asia, especially regions around India and Thailand. However, they have been domesticated and are now found globally."
      }
    ]
  },
  {
    "id": "51",
    "image": "downloaded_images/Animals/Live_Chicken/image_20241105_161016_7.jpg",
    "conversations": [
      {
        "from": "human",
        "value": "<image>\nIs it native to a specific region or found globally?"
      },
      {
        "from": "gpt",
        "value": "Chickens are originally native to the forests of Southeast Asia, especially regions around India and Thailand. However, they have been domesticated and are now found globally."
      }
    ]
  },
  {
    "id": "52",
    "image": "downloaded_images/Animals/Live_Chicken/image_20241105_161216_20.jpg",
    "conversations": [
      {
        "from": "human",
        "value": "<image>\nIs it native to a specific region or found globally?"
      },
      {
        "from": "gpt",
        "value": "Chickens are originally native to the forests of Southeast Asia, especially regions around India and Thailand. However, they have been domesticated and are now found globally."
      }
    ]
  },
  {
    "id": "53",
    "image": "downloaded_images/Animals/Live_Chicken/image_20241105_160946_4.jpg",
    "conversations": [
      {
        "from": "human",
        "value": "<image>\nIs it native to a specific region or found globally?"
      },
      {
        "from": "gpt",
        "value": "Chickens are originally native to the forests of Southeast Asia, especially regions around India and Thailand. However, they have been domesticated and are now found globally."
      }
    ]
  },
  {
    "id": "100030",
    "image": "downloaded_images/Animals/Live_Chicken/image_20241017_120857_3.jpg",
    "conversations": [
      {
        "from": "human",
        "value": "<image>\nWhat is this animal commonly called?"
      },
      {
        "from": "gpt",
        "value": "Chicken"
      }
    ]
  },
  {
    "id": "100031",
    "image": "downloaded_images/Animals/Live_Chicken/image_20241105_161122_14.jpg",
    "conversations": [
      {
        "from": "human",
        "value": "<image>\nTo which family or order does this animal belong?"
      },
      {
        "from": "gpt",
        "value": "Chickens belong to the family Phasianidae and the order Galliformes."
      }
    ]
  },
  {
    "id": "100032",
    "image": "downloaded_images/Animals/Live_Chicken/image_20241105_161151_17.jpg",
    "conversations": [
      {
        "from": "human",
        "value": "<image>\nWhat type of diet does this animal have (herbivore, carnivore, omnivore)?"
      },
      {
        "from": "gpt",
        "value": "They eat a variety of food, including seeds, insects, and small animals like lizards or even mice when available, as well as plant materials."
      }
    ]
  },
  {
    "id": "100033",
    "image": "downloaded_images/Animals/Live_Chicken/image_20241017_121103_19.jpg",
    "conversations": [
      {
        "from": "human",
        "value": "<image>\nIs this animal indigenous to a particular region or is it found worldwide?"
      },
      {
        "from": "gpt",
        "value": "Chickens are originally native to the forests of Southeast Asia, especially regions around India and Thailand. However, they have been domesticated and are now found globally."
      }
    ]
  },
  {
    "id": "100034",
    "image": "downloaded_images/Animals/Live_Chicken/image_20241105_161234_22.jpg",
    "conversations": [
      {
        "from": "human",
        "value": "<image>\nWhat is this animal commonly called?"
      },
      {
        "from": "gpt",
        "value": "Chicken"
      }
    ]
  },
  {
    "id": "100035",
    "image": "downloaded_images/Animals/Live_Chicken/image_20241105_160946_4.jpg",
    "conversations": [
      {
        "from": "human",
        "value": "<image>\nWhat is this animal commonly called?"
      },
      {
        "from": "gpt",
        "value": "Chicken"
      }
    ]
  },
  {
    "id": "100036",
    "image": "downloaded_images/Animals/Live_Chicken/image_20241105_161250_24.jpg",
    "conversations": [
      {
        "from": "human",
        "value": "<image>\nWhat is this animal commonly called?"
      },
      {
        "from": "gpt",
        "value": "Chicken"
      }
    ]
  },
  {
    "id": "100037",
    "image": "downloaded_images/Animals/Live_Chicken/image_20241105_161208_19.jpg",
    "conversations": [
      {
        "from": "human",
        "value": "<image>\nWhat is this animal commonly called?"
      },
      {
        "from": "gpt",
        "value": "Chicken"
      }
    ]
  },
  {
    "id": "100038",
    "image": "downloaded_images/Animals/Live_Chicken/image_20241105_161223_21.jpg",
    "conversations": [
      {
        "from": "human",
        "value": "<image>\nWhat is this animal commonly called?"
      },
      {
        "from": "gpt",
        "value": "Chicken"
      }
    ]
  },
  {
    "id": "100039",
    "image": "downloaded_images/Animals/Live_Chicken/image_20241105_161250_24.jpg",
    "conversations": [
      {
        "from": "human",
        "value": "<image>\nTo which family or order does this animal belong?"
      },
      {
        "from": "gpt",
        "value": "Chickens belong to the family Phasianidae and the order Galliformes."
      }
    ]
  },
  {
    "id": "100040",
    "image": "downloaded_images/Animals/Live_Chicken/image_20241105_161151_17.jpg",
    "conversations": [
      {
        "from": "human",
        "value": "<image>\nTo which family or order does this animal belong?"
      },
      {
        "from": "gpt",
        "value": "Chickens belong to the family Phasianidae and the order Galliformes."
      }
    ]
  },
  {
    "id": "100041",
    "image": "downloaded_images/Animals/Live_Chicken/image_20241017_121009_12.jpg",
    "conversations": [
      {
        "from": "human",
        "value": "<image>\nTo which family or order does this animal belong?"
      },
      {
        "from": "gpt",
        "value": "Chickens belong to the family Phasianidae and the order Galliformes."
      }
    ]
  },
  {
    "id": "100042",
    "image": "downloaded_images/Animals/Live_Chicken/image_20241105_160946_4.jpg",
    "conversations": [
      {
        "from": "human",
        "value": "<image>\nTo which family or order does this animal belong?"
      },
      {
        "from": "gpt",
        "value": "Chickens belong to the family Phasianidae and the order Galliformes."
      }
    ]
  },
  {
    "id": "100043",
    "image": "downloaded_images/Animals/Live_Chicken/image_20241105_161016_7.jpg",
    "conversations": [
      {
        "from": "human",
        "value": "<image>\nTo which family or order does this animal belong?"
      },
      {
        "from": "gpt",
        "value": "Chickens belong to the family Phasianidae and the order Galliformes."
      }
    ]
  },
  {
    "id": "100044",
    "image": "downloaded_images/Animals/Live_Chicken/image_20241105_161242_23.jpg",
    "conversations": [
      {
        "from": "human",
        "value": "<image>\nWhat type of diet does this animal have (herbivore, carnivore, omnivore)?"
      },
      {
        "from": "gpt",
        "value": "They eat a variety of food, including seeds, insects, and small animals like lizards or even mice when available, as well as plant materials."
      }
    ]
  },
  {
    "id": "100045",
    "image": "downloaded_images/Animals/Live_Chicken/image_20241105_161344_30.jpg",
    "conversations": [
      {
        "from": "human",
        "value": "<image>\nWhat type of diet does this animal have (herbivore, carnivore, omnivore)?"
      },
      {
        "from": "gpt",
        "value": "They eat a variety of food, including seeds, insects, and small animals like lizards or even mice when available, as well as plant materials."
      }
    ]
  },
  {
    "id": "100046",
    "image": "downloaded_images/Animals/Live_Chicken/image_20241105_161016_7.jpg",
    "conversations": [
      {
        "from": "human",
        "value": "<image>\nWhat type of diet does this animal have (herbivore, carnivore, omnivore)?"
      },
      {
        "from": "gpt",
        "value": "They eat a variety of food, including seeds, insects, and small animals like lizards or even mice when available, as well as plant materials."
      }
    ]
  },
  {
    "id": "100047",
    "image": "downloaded_images/Animals/Live_Chicken/image_20241105_161122_14.jpg",
    "conversations": [
      {
        "from": "human",
        "value": "<image>\nWhat type of diet does this animal have (herbivore, carnivore, omnivore)?"
      },
      {
        "from": "gpt",
        "value": "They eat a variety of food, including seeds, insects, and small animals like lizards or even mice when available, as well as plant materials."
      }
    ]
  },
  {
    "id": "100048",
    "image": "downloaded_images/Animals/Live_Chicken/image_20241105_161223_21.jpg",
    "conversations": [
      {
        "from": "human",
        "value": "<image>\nWhat type of diet does this animal have (herbivore, carnivore, omnivore)?"
      },
      {
        "from": "gpt",
        "value": "They eat a variety of food, including seeds, insects, and small animals like lizards or even mice when available, as well as plant materials."
      }
    ]
  },
  {
    "id": "100049",
    "image": "downloaded_images/Animals/Live_Chicken/image_20241105_161142_16.jpg",
    "conversations": [
      {
        "from": "human",
        "value": "<image>\nIs this animal indigenous to a particular region or is it found worldwide?"
      },
      {
        "from": "gpt",
        "value": "Chickens are originally native to the forests of Southeast Asia, especially regions around India and Thailand. However, they have been domesticated and are now found globally."
      }
    ]
  },
  {
    "id": "100050",
    "image": "downloaded_images/Animals/Live_Chicken/image_20241105_161042_10.jpg",
    "conversations": [
      {
        "from": "human",
        "value": "<image>\nIs this animal indigenous to a particular region or is it found worldwide?"
      },
      {
        "from": "gpt",
        "value": "Chickens are originally native to the forests of Southeast Asia, especially regions around India and Thailand. However, they have been domesticated and are now found globally."
      }
    ]
  },
  {
    "id": "100051",
    "image": "downloaded_images/Animals/Live_Chicken/image_20241105_161016_7.jpg",
    "conversations": [
      {
        "from": "human",
        "value": "<image>\nIs this animal indigenous to a particular region or is it found worldwide?"
      },
      {
        "from": "gpt",
        "value": "Chickens are originally native to the forests of Southeast Asia, especially regions around India and Thailand. However, they have been domesticated and are now found globally."
      }
    ]
  },
  {
    "id": "100052",
    "image": "downloaded_images/Animals/Live_Chicken/image_20241105_161216_20.jpg",
    "conversations": [
      {
        "from": "human",
        "value": "<image>\nIs this animal indigenous to a particular region or is it found worldwide?"
      },
      {
        "from": "gpt",
        "value": "Chickens are originally native to the forests of Southeast Asia, especially regions around India and Thailand. However, they have been domesticated and are now found globally."
      }
    ]
  },
  {
    "id": "100053",
    "image": "downloaded_images/Animals/Live_Chicken/image_20241105_160946_4.jpg",
    "conversations": [
      {
        "from": "human",
        "value": "<image>\nIs this animal indigenous to a particular region or is it found worldwide?"
      },
      {
        "from": "gpt",
        "value": "Chickens are originally native to the forests of Southeast Asia, especially regions around India and Thailand. However, they have been domesticated and are now found globally."
      }
    ]
  },
  {
    "id": "200030",
    "image": "downloaded_images/Animals/Live_Chicken/image_20241017_120857_3.jpg",
    "conversations": [
      {
        "from": "human",
        "value": "<image>\nWhat is the usual name for this animal?"
      },
      {
        "from": "gpt",
        "value": "Chicken"
      }
    ]
  },
  {
    "id": "200031",
    "image": "downloaded_images/Animals/Live_Chicken/image_20241105_161122_14.jpg",
    "conversations": [
      {
        "from": "human",
        "value": "<image>\nWhat family or order categorizes this animal?"
      },
      {
        "from": "gpt",
        "value": "Chickens belong to the family Phasianidae and the order Galliformes."
      }
    ]
  },
  {
    "id": "200032",
    "image": "downloaded_images/Animals/Live_Chicken/image_20241105_161151_17.jpg",
    "conversations": [
      {
        "from": "human",
        "value": "<image>\nIs this animal a herbivore, carnivore, or omnivore?"
      },
      {
        "from": "gpt",
        "value": "They eat a variety of food, including seeds, insects, and small animals like lizards or even mice when available, as well as plant materials."
      }
    ]
  },
  {
    "id": "200033",
    "image": "downloaded_images/Animals/Live_Chicken/image_20241017_121103_19.jpg",
    "conversations": [
      {
        "from": "human",
        "value": "<image>\nDoes this species originate from a specific area, or is it found globally?"
      },
      {
        "from": "gpt",
        "value": "Chickens are originally native to the forests of Southeast Asia, especially regions around India and Thailand. However, they have been domesticated and are now found globally."
      }
    ]
  },
  {
    "id": "200034",
    "image": "downloaded_images/Animals/Live_Chicken/image_20241105_161234_22.jpg",
    "conversations": [
      {
        "from": "human",
        "value": "<image>\nWhat is the usual name for this animal?"
      },
      {
        "from": "gpt",
        "value": "Chicken"
      }
    ]
  },
  {
    "id": "200035",
    "image": "downloaded_images/Animals/Live_Chicken/image_20241105_160946_4.jpg",
    "conversations": [
      {
        "from": "human",
        "value": "<image>\nWhat is the usual name for this animal?"
      },
      {
        "from": "gpt",
        "value": "Chicken"
      }
    ]
  },
  {
    "id": "200036",
    "image": "downloaded_images/Animals/Live_Chicken/image_20241105_161250_24.jpg",
    "conversations": [
      {
        "from": "human",
        "value": "<image>\nWhat is the usual name for this animal?"
      },
      {
        "from": "gpt",
        "value": "Chicken"
      }
    ]
  },
  {
    "id": "200037",
    "image": "downloaded_images/Animals/Live_Chicken/image_20241105_161208_19.jpg",
    "conversations": [
      {
        "from": "human",
        "value": "<image>\nWhat is the usual name for this animal?"
      },
      {
        "from": "gpt",
        "value": "Chicken"
      }
    ]
  },
  {
    "id": "200038",
    "image": "downloaded_images/Animals/Live_Chicken/image_20241105_161223_21.jpg",
    "conversations": [
      {
        "from": "human",
        "value": "<image>\nWhat is the usual name for this animal?"
      },
      {
        "from": "gpt",
        "value": "Chicken"
      }
    ]
  },
  {
    "id": "200039",
    "image": "downloaded_images/Animals/Live_Chicken/image_20241105_161250_24.jpg",
    "conversations": [
      {
        "from": "human",
        "value": "<image>\nWhat family or order categorizes this animal?"
      },
      {
        "from": "gpt",
        "value": "Chickens belong to the family Phasianidae and the order Galliformes."
      }
    ]
  },
  {
    "id": "200040",
    "image": "downloaded_images/Animals/Live_Chicken/image_20241105_161151_17.jpg",
    "conversations": [
      {
        "from": "human",
        "value": "<image>\nWhat family or order categorizes this animal?"
      },
      {
        "from": "gpt",
        "value": "Chickens belong to the family Phasianidae and the order Galliformes."
      }
    ]
  },
  {
    "id": "200041",
    "image": "downloaded_images/Animals/Live_Chicken/image_20241017_121009_12.jpg",
    "conversations": [
      {
        "from": "human",
        "value": "<image>\nWhat family or order categorizes this animal?"
      },
      {
        "from": "gpt",
        "value": "Chickens belong to the family Phasianidae and the order Galliformes."
      }
    ]
  },
  {
    "id": "200042",
    "image": "downloaded_images/Animals/Live_Chicken/image_20241105_160946_4.jpg",
    "conversations": [
      {
        "from": "human",
        "value": "<image>\nWhat family or order categorizes this animal?"
      },
      {
        "from": "gpt",
        "value": "Chickens belong to the family Phasianidae and the order Galliformes."
      }
    ]
  },
  {
    "id": "200043",
    "image": "downloaded_images/Animals/Live_Chicken/image_20241105_161016_7.jpg",
    "conversations": [
      {
        "from": "human",
        "value": "<image>\nWhat family or order categorizes this animal?"
      },
      {
        "from": "gpt",
        "value": "Chickens belong to the family Phasianidae and the order Galliformes."
      }
    ]
  },
  {
    "id": "200044",
    "image": "downloaded_images/Animals/Live_Chicken/image_20241105_161242_23.jpg",
    "conversations": [
      {
        "from": "human",
        "value": "<image>\nIs this animal a herbivore, carnivore, or omnivore?"
      },
      {
        "from": "gpt",
        "value": "They eat a variety of food, including seeds, insects, and small animals like lizards or even mice when available, as well as plant materials."
      }
    ]
  },
  {
    "id": "200045",
    "image": "downloaded_images/Animals/Live_Chicken/image_20241105_161344_30.jpg",
    "conversations": [
      {
        "from": "human",
        "value": "<image>\nIs this animal a herbivore, carnivore, or omnivore?"
      },
      {
        "from": "gpt",
        "value": "They eat a variety of food, including seeds, insects, and small animals like lizards or even mice when available, as well as plant materials."
      }
    ]
  },
  {
    "id": "200046",
    "image": "downloaded_images/Animals/Live_Chicken/image_20241105_161016_7.jpg",
    "conversations": [
      {
        "from": "human",
        "value": "<image>\nIs this animal a herbivore, carnivore, or omnivore?"
      },
      {
        "from": "gpt",
        "value": "They eat a variety of food, including seeds, insects, and small animals like lizards or even mice when available, as well as plant materials."
      }
    ]
  },
  {
    "id": "200047",
    "image": "downloaded_images/Animals/Live_Chicken/image_20241105_161122_14.jpg",
    "conversations": [
      {
        "from": "human",
        "value": "<image>\nIs this animal a herbivore, carnivore, or omnivore?"
      },
      {
        "from": "gpt",
        "value": "They eat a variety of food, including seeds, insects, and small animals like lizards or even mice when available, as well as plant materials."
      }
    ]
  },
  {
    "id": "200048",
    "image": "downloaded_images/Animals/Live_Chicken/image_20241105_161223_21.jpg",
    "conversations": [
      {
        "from": "human",
        "value": "<image>\nIs this animal a herbivore, carnivore, or omnivore?"
      },
      {
        "from": "gpt",
        "value": "They eat a variety of food, including seeds, insects, and small animals like lizards or even mice when available, as well as plant materials."
      }
    ]
  },
  {
    "id": "200049",
    "image": "downloaded_images/Animals/Live_Chicken/image_20241105_161142_16.jpg",
    "conversations": [
      {
        "from": "human",
        "value": "<image>\nDoes this species originate from a specific area, or is it found globally?"
      },
      {
        "from": "gpt",
        "value": "Chickens are originally native to the forests of Southeast Asia, especially regions around India and Thailand. However, they have been domesticated and are now found globally."
      }
    ]
  },
  {
    "id": "200050",
    "image": "downloaded_images/Animals/Live_Chicken/image_20241105_161042_10.jpg",
    "conversations": [
      {
        "from": "human",
        "value": "<image>\nDoes this species originate from a specific area, or is it found globally?"
      },
      {
        "from": "gpt",
        "value": "Chickens are originally native to the forests of Southeast Asia, especially regions around India and Thailand. However, they have been domesticated and are now found globally."
      }
    ]
  },
  {
    "id": "200051",
    "image": "downloaded_images/Animals/Live_Chicken/image_20241105_161016_7.jpg",
    "conversations": [
      {
        "from": "human",
        "value": "<image>\nDoes this species originate from a specific area, or is it found globally?"
      },
      {
        "from": "gpt",
        "value": "Chickens are originally native to the forests of Southeast Asia, especially regions around India and Thailand. However, they have been domesticated and are now found globally."
      }
    ]
  },
  {
    "id": "200052",
    "image": "downloaded_images/Animals/Live_Chicken/image_20241105_161216_20.jpg",
    "conversations": [
      {
        "from": "human",
        "value": "<image>\nDoes this species originate from a specific area, or is it found globally?"
      },
      {
        "from": "gpt",
        "value": "Chickens are originally native to the forests of Southeast Asia, especially regions around India and Thailand. However, they have been domesticated and are now found globally."
      }
    ]
  },
  {
    "id": "200053",
    "image": "downloaded_images/Animals/Live_Chicken/image_20241105_160946_4.jpg",
    "conversations": [
      {
        "from": "human",
        "value": "<image>\nDoes this species originate from a specific area, or is it found globally?"
      },
      {
        "from": "gpt",
        "value": "Chickens are originally native to the forests of Southeast Asia, especially regions around India and Thailand. However, they have been domesticated and are now found globally."
      }
    ]
  },
  {
    "id": "300030",
    "image": "downloaded_images/Animals/Live_Chicken/image_20241017_120857_3.jpg",
    "conversations": [
      {
        "from": "human",
        "value": "<image>\nCan you tell me the common name of this species?"
      },
      {
        "from": "gpt",
        "value": "Chicken"
      }
    ]
  },
  {
    "id": "300031",
    "image": "downloaded_images/Animals/Live_Chicken/image_20241105_161122_14.jpg",
    "conversations": [
      {
        "from": "human",
        "value": "<image>\nIn which family or order is this species classified?"
      },
      {
        "from": "gpt",
        "value": "Chickens belong to the family Phasianidae and the order Galliformes."
      }
    ]
  },
  {
    "id": "300032",
    "image": "downloaded_images/Animals/Live_Chicken/image_20241105_161151_17.jpg",
    "conversations": [
      {
        "from": "human",
        "value": "<image>\nWhat kind of foods does this animal consume?"
      },
      {
        "from": "gpt",
        "value": "They eat a variety of food, including seeds, insects, and small animals like lizards or even mice when available, as well as plant materials."
      }
    ]
  },
  {
    "id": "300033",
    "image": "downloaded_images/Animals/Live_Chicken/image_20241017_121103_19.jpg",
    "conversations": [
      {
        "from": "human",
        "value": "<image>\nIs this animal native to any specific region, or is it distributed all over the world?"
      },
      {
        "from": "gpt",
        "value": "Chickens are originally native to the forests of Southeast Asia, especially regions around India and Thailand. However, they have been domesticated and are now found globally."
      }
    ]
  },
  {
    "id": "300034",
    "image": "downloaded_images/Animals/Live_Chicken/image_20241105_161234_22.jpg",
    "conversations": [
      {
        "from": "human",
        "value": "<image>\nCan you tell me the common name of this species?"
      },
      {
        "from": "gpt",
        "value": "Chicken"
      }
    ]
  },
  {
    "id": "300035",
    "image": "downloaded_images/Animals/Live_Chicken/image_20241105_160946_4.jpg",
    "conversations": [
      {
        "from": "human",
        "value": "<image>\nCan you tell me the common name of this species?"
      },
      {
        "from": "gpt",
        "value": "Chicken"
      }
    ]
  },
  {
    "id": "300036",
    "image": "downloaded_images/Animals/Live_Chicken/image_20241105_161250_24.jpg",
    "conversations": [
      {
        "from": "human",
        "value": "<image>\nCan you tell me the common name of this species?"
      },
      {
        "from": "gpt",
        "value": "Chicken"
      }
    ]
  },
  {
    "id": "300037",
    "image": "downloaded_images/Animals/Live_Chicken/image_20241105_161208_19.jpg",
    "conversations": [
      {
        "from": "human",
        "value": "<image>\nCan you tell me the common name of this species?"
      },
      {
        "from": "gpt",
        "value": "Chicken"
      }
    ]
  },
  {
    "id": "300038",
    "image": "downloaded_images/Animals/Live_Chicken/image_20241105_161223_21.jpg",
    "conversations": [
      {
        "from": "human",
        "value": "<image>\nCan you tell me the common name of this species?"
      },
      {
        "from": "gpt",
        "value": "Chicken"
      }
    ]
  },
  {
    "id": "300039",
    "image": "downloaded_images/Animals/Live_Chicken/image_20241105_161250_24.jpg",
    "conversations": [
      {
        "from": "human",
        "value": "<image>\nIn which family or order is this species classified?"
      },
      {
        "from": "gpt",
        "value": "Chickens belong to the family Phasianidae and the order Galliformes."
      }
    ]
  },
  {
    "id": "300040",
    "image": "downloaded_images/Animals/Live_Chicken/image_20241105_161151_17.jpg",
    "conversations": [
      {
        "from": "human",
        "value": "<image>\nIn which family or order is this species classified?"
      },
      {
        "from": "gpt",
        "value": "Chickens belong to the family Phasianidae and the order Galliformes."
      }
    ]
  },
  {
    "id": "300041",
    "image": "downloaded_images/Animals/Live_Chicken/image_20241017_121009_12.jpg",
    "conversations": [
      {
        "from": "human",
        "value": "<image>\nIn which family or order is this species classified?"
      },
      {
        "from": "gpt",
        "value": "Chickens belong to the family Phasianidae and the order Galliformes."
      }
    ]
  },
  {
    "id": "300042",
    "image": "downloaded_images/Animals/Live_Chicken/image_20241105_160946_4.jpg",
    "conversations": [
      {
        "from": "human",
        "value": "<image>\nIn which family or order is this species classified?"
      },
      {
        "from": "gpt",
        "value": "Chickens belong to the family Phasianidae and the order Galliformes."
      }
    ]
  },
  {
    "id": "300043",
    "image": "downloaded_images/Animals/Live_Chicken/image_20241105_161016_7.jpg",
    "conversations": [
      {
        "from": "human",
        "value": "<image>\nIn which family or order is this species classified?"
      },
      {
        "from": "gpt",
        "value": "Chickens belong to the family Phasianidae and the order Galliformes."
      }
    ]
  },
  {
    "id": "300044",
    "image": "downloaded_images/Animals/Live_Chicken/image_20241105_161242_23.jpg",
    "conversations": [
      {
        "from": "human",
        "value": "<image>\nWhat kind of foods does this animal consume?"
      },
      {
        "from": "gpt",
        "value": "They eat a variety of food, including seeds, insects, and small animals like lizards or even mice when available, as well as plant materials."
      }
    ]
  },
  {
    "id": "300045",
    "image": "downloaded_images/Animals/Live_Chicken/image_20241105_161344_30.jpg",
    "conversations": [
      {
        "from": "human",
        "value": "<image>\nWhat kind of foods does this animal consume?"
      },
      {
        "from": "gpt",
        "value": "They eat a variety of food, including seeds, insects, and small animals like lizards or even mice when available, as well as plant materials."
      }
    ]
  },
  {
    "id": "300046",
    "image": "downloaded_images/Animals/Live_Chicken/image_20241105_161016_7.jpg",
    "conversations": [
      {
        "from": "human",
        "value": "<image>\nWhat kind of foods does this animal consume?"
      },
      {
        "from": "gpt",
        "value": "They eat a variety of food, including seeds, insects, and small animals like lizards or even mice when available, as well as plant materials."
      }
    ]
  },
  {
    "id": "300047",
    "image": "downloaded_images/Animals/Live_Chicken/image_20241105_161122_14.jpg",
    "conversations": [
      {
        "from": "human",
        "value": "<image>\nWhat kind of foods does this animal consume?"
      },
      {
        "from": "gpt",
        "value": "They eat a variety of food, including seeds, insects, and small animals like lizards or even mice when available, as well as plant materials."
      }
    ]
  },
  {
    "id": "300048",
    "image": "downloaded_images/Animals/Live_Chicken/image_20241105_161223_21.jpg",
    "conversations": [
      {
        "from": "human",
        "value": "<image>\nWhat kind of foods does this animal consume?"
      },
      {
        "from": "gpt",
        "value": "They eat a variety of food, including seeds, insects, and small animals like lizards or even mice when available, as well as plant materials."
      }
    ]
  },
  {
    "id": "300049",
    "image": "downloaded_images/Animals/Live_Chicken/image_20241105_161142_16.jpg",
    "conversations": [
      {
        "from": "human",
        "value": "<image>\nIs this animal native to any specific region, or is it distributed all over the world?"
      },
      {
        "from": "gpt",
        "value": "Chickens are originally native to the forests of Southeast Asia, especially regions around India and Thailand. However, they have been domesticated and are now found globally."
      }
    ]
  },
  {
    "id": "300050",
    "image": "downloaded_images/Animals/Live_Chicken/image_20241105_161042_10.jpg",
    "conversations": [
      {
        "from": "human",
        "value": "<image>\nIs this animal native to any specific region, or is it distributed all over the world?"
      },
      {
        "from": "gpt",
        "value": "Chickens are originally native to the forests of Southeast Asia, especially regions around India and Thailand. However, they have been domesticated and are now found globally."
      }
    ]
  },
  {
    "id": "300051",
    "image": "downloaded_images/Animals/Live_Chicken/image_20241105_161016_7.jpg",
    "conversations": [
      {
        "from": "human",
        "value": "<image>\nIs this animal native to any specific region, or is it distributed all over the world?"
      },
      {
        "from": "gpt",
        "value": "Chickens are originally native to the forests of Southeast Asia, especially regions around India and Thailand. However, they have been domesticated and are now found globally."
      }
    ]
  },
  {
    "id": "300052",
    "image": "downloaded_images/Animals/Live_Chicken/image_20241105_161216_20.jpg",
    "conversations": [
      {
        "from": "human",
        "value": "<image>\nIs this animal native to any specific region, or is it distributed all over the world?"
      },
      {
        "from": "gpt",
        "value": "Chickens are originally native to the forests of Southeast Asia, especially regions around India and Thailand. However, they have been domesticated and are now found globally."
      }
    ]
  },
  {
    "id": "300053",
    "image": "downloaded_images/Animals/Live_Chicken/image_20241105_160946_4.jpg",
    "conversations": [
      {
        "from": "human",
        "value": "<image>\nIs this animal native to any specific region, or is it distributed all over the world?"
      },
      {
        "from": "gpt",
        "value": "Chickens are originally native to the forests of Southeast Asia, especially regions around India and Thailand. However, they have been domesticated and are now found globally."
      }
    ]
  },
  {
    "id": "400030",
    "image": "downloaded_images/Animals/Live_Chicken/image_20241017_120857_3.jpg",
    "conversations": [
      {
        "from": "human",
        "value": "<image>\nHow is this animal referred to in everyday language?"
      },
      {
        "from": "gpt",
        "value": "Chicken"
      }
    ]
  },
  {
    "id": "400031",
    "image": "downloaded_images/Animals/Live_Chicken/image_20241105_161122_14.jpg",
    "conversations": [
      {
        "from": "human",
        "value": "<image>\nWhat is the taxonomic family or order of this animal?"
      },
      {
        "from": "gpt",
        "value": "Chickens belong to the family Phasianidae and the order Galliformes."
      }
    ]
  },
  {
    "id": "400032",
    "image": "downloaded_images/Animals/Live_Chicken/image_20241105_161151_17.jpg",
    "conversations": [
      {
        "from": "human",
        "value": "<image>\nHow would you classify this animal's eating habits?"
      },
      {
        "from": "gpt",
        "value": "They eat a variety of food, including seeds, insects, and small animals like lizards or even mice when available, as well as plant materials."
      }
    ]
  },
  {
    "id": "400033",
    "image": "downloaded_images/Animals/Live_Chicken/image_20241017_121103_19.jpg",
    "conversations": [
      {
        "from": "human",
        "value": "<image>\nWhere is this animal primarily found—regionally or globally?"
      },
      {
        "from": "gpt",
        "value": "Chickens are originally native to the forests of Southeast Asia, especially regions around India and Thailand. However, they have been domesticated and are now found globally."
      }
    ]
  },
  {
    "id": "400034",
    "image": "downloaded_images/Animals/Live_Chicken/image_20241105_161234_22.jpg",
    "conversations": [
      {
        "from": "human",
        "value": "<image>\nHow is this animal referred to in everyday language?"
      },
      {
        "from": "gpt",
        "value": "Chicken"
      }
    ]
  },
  {
    "id": "400035",
    "image": "downloaded_images/Animals/Live_Chicken/image_20241105_160946_4.jpg",
    "conversations": [
      {
        "from": "human",
        "value": "<image>\nHow is this animal referred to in everyday language?"
      },
      {
        "from": "gpt",
        "value": "Chicken"
      }
    ]
  },
  {
    "id": "400036",
    "image": "downloaded_images/Animals/Live_Chicken/image_20241105_161250_24.jpg",
    "conversations": [
      {
        "from": "human",
        "value": "<image>\nHow is this animal referred to in everyday language?"
      },
      {
        "from": "gpt",
        "value": "Chicken"
      }
    ]
  },
  {
    "id": "400037",
    "image": "downloaded_images/Animals/Live_Chicken/image_20241105_161208_19.jpg",
    "conversations": [
      {
        "from": "human",
        "value": "<image>\nHow is this animal referred to in everyday language?"
      },
      {
        "from": "gpt",
        "value": "Chicken"
      }
    ]
  },
  {
    "id": "400038",
    "image": "downloaded_images/Animals/Live_Chicken/image_20241105_161223_21.jpg",
    "conversations": [
      {
        "from": "human",
        "value": "<image>\nHow is this animal referred to in everyday language?"
      },
      {
        "from": "gpt",
        "value": "Chicken"
      }
    ]
  },
  {
    "id": "400039",
    "image": "downloaded_images/Animals/Live_Chicken/image_20241105_161250_24.jpg",
    "conversations": [
      {
        "from": "human",
        "value": "<image>\nWhat is the taxonomic family or order of this animal?"
      },
      {
        "from": "gpt",
        "value": "Chickens belong to the family Phasianidae and the order Galliformes."
      }
    ]
  },
  {
    "id": "400040",
    "image": "downloaded_images/Animals/Live_Chicken/image_20241105_161151_17.jpg",
    "conversations": [
      {
        "from": "human",
        "value": "<image>\nWhat is the taxonomic family or order of this animal?"
      },
      {
        "from": "gpt",
        "value": "Chickens belong to the family Phasianidae and the order Galliformes."
      }
    ]
  },
  {
    "id": "400041",
    "image": "downloaded_images/Animals/Live_Chicken/image_20241017_121009_12.jpg",
    "conversations": [
      {
        "from": "human",
        "value": "<image>\nWhat is the taxonomic family or order of this animal?"
      },
      {
        "from": "gpt",
        "value": "Chickens belong to the family Phasianidae and the order Galliformes."
      }
    ]
  },
  {
    "id": "400042",
    "image": "downloaded_images/Animals/Live_Chicken/image_20241105_160946_4.jpg",
    "conversations": [
      {
        "from": "human",
        "value": "<image>\nWhat is the taxonomic family or order of this animal?"
      },
      {
        "from": "gpt",
        "value": "Chickens belong to the family Phasianidae and the order Galliformes."
      }
    ]
  },
  {
    "id": "400043",
    "image": "downloaded_images/Animals/Live_Chicken/image_20241105_161016_7.jpg",
    "conversations": [
      {
        "from": "human",
        "value": "<image>\nWhat is the taxonomic family or order of this animal?"
      },
      {
        "from": "gpt",
        "value": "Chickens belong to the family Phasianidae and the order Galliformes."
      }
    ]
  },
  {
    "id": "400044",
    "image": "downloaded_images/Animals/Live_Chicken/image_20241105_161242_23.jpg",
    "conversations": [
      {
        "from": "human",
        "value": "<image>\nHow would you classify this animal's eating habits?"
      },
      {
        "from": "gpt",
        "value": "They eat a variety of food, including seeds, insects, and small animals like lizards or even mice when available, as well as plant materials."
      }
    ]
  },
  {
    "id": "400045",
    "image": "downloaded_images/Animals/Live_Chicken/image_20241105_161344_30.jpg",
    "conversations": [
      {
        "from": "human",
        "value": "<image>\nHow would you classify this animal's eating habits?"
      },
      {
        "from": "gpt",
        "value": "They eat a variety of food, including seeds, insects, and small animals like lizards or even mice when available, as well as plant materials."
      }
    ]
  },
  {
    "id": "400046",
    "image": "downloaded_images/Animals/Live_Chicken/image_20241105_161016_7.jpg",
    "conversations": [
      {
        "from": "human",
        "value": "<image>\nHow would you classify this animal's eating habits?"
      },
      {
        "from": "gpt",
        "value": "They eat a variety of food, including seeds, insects, and small animals like lizards or even mice when available, as well as plant materials."
      }
    ]
  },
  {
    "id": "400047",
    "image": "downloaded_images/Animals/Live_Chicken/image_20241105_161122_14.jpg",
    "conversations": [
      {
        "from": "human",
        "value": "<image>\nHow would you classify this animal's eating habits?"
      },
      {
        "from": "gpt",
        "value": "They eat a variety of food, including seeds, insects, and small animals like lizards or even mice when available, as well as plant materials."
      }
    ]
  },
  {
    "id": "400048",
    "image": "downloaded_images/Animals/Live_Chicken/image_20241105_161223_21.jpg",
    "conversations": [
      {
        "from": "human",
        "value": "<image>\nHow would you classify this animal's eating habits?"
      },
      {
        "from": "gpt",
        "value": "They eat a variety of food, including seeds, insects, and small animals like lizards or even mice when available, as well as plant materials."
      }
    ]
  },
  {
    "id": "400049",
    "image": "downloaded_images/Animals/Live_Chicken/image_20241105_161142_16.jpg",
    "conversations": [
      {
        "from": "human",
        "value": "<image>\nWhere is this animal primarily found—regionally or globally?"
      },
      {
        "from": "gpt",
        "value": "Chickens are originally native to the forests of Southeast Asia, especially regions around India and Thailand. However, they have been domesticated and are now found globally."
      }
    ]
  },
  {
    "id": "400050",
    "image": "downloaded_images/Animals/Live_Chicken/image_20241105_161042_10.jpg",
    "conversations": [
      {
        "from": "human",
        "value": "<image>\nWhere is this animal primarily found—regionally or globally?"
      },
      {
        "from": "gpt",
        "value": "Chickens are originally native to the forests of Southeast Asia, especially regions around India and Thailand. However, they have been domesticated and are now found globally."
      }
    ]
  },
  {
    "id": "400051",
    "image": "downloaded_images/Animals/Live_Chicken/image_20241105_161016_7.jpg",
    "conversations": [
      {
        "from": "human",
        "value": "<image>\nWhere is this animal primarily found—regionally or globally?"
      },
      {
        "from": "gpt",
        "value": "Chickens are originally native to the forests of Southeast Asia, especially regions around India and Thailand. However, they have been domesticated and are now found globally."
      }
    ]
  },
  {
    "id": "400052",
    "image": "downloaded_images/Animals/Live_Chicken/image_20241105_161216_20.jpg",
    "conversations": [
      {
        "from": "human",
        "value": "<image>\nWhere is this animal primarily found—regionally or globally?"
      },
      {
        "from": "gpt",
        "value": "Chickens are originally native to the forests of Southeast Asia, especially regions around India and Thailand. However, they have been domesticated and are now found globally."
      }
    ]
  },
  {
    "id": "400053",
    "image": "downloaded_images/Animals/Live_Chicken/image_20241105_160946_4.jpg",
    "conversations": [
      {
        "from": "human",
        "value": "<image>\nWhere is this animal primarily found—regionally or globally?"
      },
      {
        "from": "gpt",
        "value": "Chickens are originally native to the forests of Southeast Asia, especially regions around India and Thailand. However, they have been domesticated and are now found globally."
      }
    ]
  }
]