[
  {
    "id": "48",
    "image": "downloaded_images/Animals/Wolf/image_20241017_172900_12.jpg",
    "conversations": [
      {
        "from": "human",
        "value": "<image>\nWhat is the common name of this animal?"
      },
      {
        "from": "gpt",
        "value": "The animal in the image is a wolf."
      }
    ]
  },
  {
    "id": "49",
    "image": "downloaded_images/Animals/Wolf/image_20241017_172933_16.jpg",
    "conversations": [
      {
        "from": "human",
        "value": "<image>\nWhat family or order does it belong to?"
      },
      {
        "from": "gpt",
        "value": "The wolf belongs to the family Canidae and the order Carnivora."
      }
    ]
  },
  {
    "id": "50",
    "image": "downloaded_images/Animals/Wolf/image_20241017_172804_6.jpg",
    "conversations": [
      {
        "from": "human",
        "value": "<image>\nWhat does this animal eat (herbivore, carnivore, omnivore)?"
      },
      {
        "from": "gpt",
        "value": "Wolves are carnivores, primarily hunting and eating other animals."
      }
    ]
  },
  {
    "id": "51",
    "image": "downloaded_images/Animals/Wolf/image_20241017_172847_11.jpg",
    "conversations": [
      {
        "from": "human",
        "value": "<image>\nIs it native to a specific region or found globally?"
      },
      {
        "from": "gpt",
        "value": "The wolf in the image appears to be a gray wolf, which is native to North America. Gray wolves are found in a variety of habitats across the continent, including forests, grasslands, and tundra. They are not found globally; their range is limited to North America."
      }
    ]
  },
  {
    "id": "52",
    "image": "downloaded_images/Animals/Wolf/image_20241017_172933_16.jpg",
    "conversations": [
      {
        "from": "human",
        "value": "<image>\nHow does this animal reproduce (mating habits, gestation period)?"
      },
      {
        "from": "gpt",
        "value": "Wolves typically mate for life and have a breeding season that occurs in late winter. The gestation period for wolves is about 63 days, after which the female gives birth to a litter of 4 to 7 pups, although litters can range from 1 to 14 pups. The pups are cared for by both parents and other pack members."
      }
    ]
  },
  {
    "id": "53",
    "image": "downloaded_images/Animals/Wolf/image_20241106_100457_1.jpg",
    "conversations": [
      {
        "from": "human",
        "value": "<image>\nWhat is the common name of this animal?"
      },
      {
        "from": "gpt",
        "value": "The animal in the image is a wolf."
      }
    ]
  },
  {
    "id": "54",
    "image": "downloaded_images/Animals/Wolf/image_20241106_100815_21.jpg",
    "conversations": [
      {
        "from": "human",
        "value": "<image>\nWhat is the common name of this animal?"
      },
      {
        "from": "gpt",
        "value": "The animal in the image is a wolf."
      }
    ]
  },
  {
    "id": "55",
    "image": "downloaded_images/Animals/Wolf/image_20241106_100731_16.jpg",
    "conversations": [
      {
        "from": "human",
        "value": "<image>\nWhat is the common name of this animal?"
      },
      {
        "from": "gpt",
        "value": "The animal in the image is a wolf."
      }
    ]
  },
  {
    "id": "56",
    "image": "downloaded_images/Animals/Wolf/image_20241106_100600_6.jpg",
    "conversations": [
      {
        "from": "human",
        "value": "<image>\nWhat is the common name of this animal?"
      },
      {
        "from": "gpt",
        "value": "The animal in the image is a wolf."
      }
    ]
  },
  {
    "id": "57",
    "image": "downloaded_images/Animals/Wolf/image_20241017_172822_8.jpg",
    "conversations": [
      {
        "from": "human",
        "value": "<image>\nWhat is the common name of this animal?"
      },
      {
        "from": "gpt",
        "value": "The animal in the image is a wolf."
      }
    ]
  },
  {
    "id": "58",
    "image": "downloaded_images/Animals/Wolf/image_20241106_100600_6.jpg",
    "conversations": [
      {
        "from": "human",
        "value": "<image>\nWhat family or order does it belong to?"
      },
      {
        "from": "gpt",
        "value": "The wolf belongs to the family Canidae and the order Carnivora."
      }
    ]
  },
  {
    "id": "59",
    "image": "downloaded_images/Animals/Wolf/image_20241106_100749_18.jpg",
    "conversations": [
      {
        "from": "human",
        "value": "<image>\nWhat family or order does it belong to?"
      },
      {
        "from": "gpt",
        "value": "The wolf belongs to the family Canidae and the order Carnivora."
      }
    ]
  },
  {
    "id": "60",
    "image": "downloaded_images/Animals/Wolf/image_20241106_100842_24.jpg",
    "conversations": [
      {
        "from": "human",
        "value": "<image>\nWhat family or order does it belong to?"
      },
      {
        "from": "gpt",
        "value": "The wolf belongs to the family Canidae and the order Carnivora."
      }
    ]
  },
  {
    "id": "61",
    "image": "downloaded_images/Animals/Wolf/image_20241106_100815_21.jpg",
    "conversations": [
      {
        "from": "human",
        "value": "<image>\nWhat family or order does it belong to?"
      },
      {
        "from": "gpt",
        "value": "The wolf belongs to the family Canidae and the order Carnivora."
      }
    ]
  },
  {
    "id": "62",
    "image": "downloaded_images/Animals/Wolf/image_20241017_172747_4.jpg",
    "conversations": [
      {
        "from": "human",
        "value": "<image>\nWhat family or order does it belong to?"
      },
      {
        "from": "gpt",
        "value": "The wolf belongs to the family Canidae and the order Carnivora."
      }
    ]
  },
  {
    "id": "63",
    "image": "downloaded_images/Animals/Wolf/image_20241106_100722_15.jpg",
    "conversations": [
      {
        "from": "human",
        "value": "<image>\nWhat does this animal eat (herbivore, carnivore, omnivore)?"
      },
      {
        "from": "gpt",
        "value": "Wolves are carnivores, primarily hunting and eating other animals."
      }
    ]
  },
  {
    "id": "64",
    "image": "downloaded_images/Animals/Wolf/image_20241106_100941_30.jpg",
    "conversations": [
      {
        "from": "human",
        "value": "<image>\nWhat does this animal eat (herbivore, carnivore, omnivore)?"
      },
      {
        "from": "gpt",
        "value": "Wolves are carnivores, primarily hunting and eating other animals."
      }
    ]
  },
  {
    "id": "65",
    "image": "downloaded_images/Animals/Wolf/image_20241106_100749_18.jpg",
    "conversations": [
      {
        "from": "human",
        "value": "<image>\nWhat does this animal eat (herbivore, carnivore, omnivore)?"
      },
      {
        "from": "gpt",
        "value": "Wolves are carnivores, primarily hunting and eating other animals."
      }
    ]
  },
  {
    "id": "66",
    "image": "downloaded_images/Animals/Wolf/image_20241106_100851_25.jpg",
    "conversations": [
      {
        "from": "human",
        "value": "<image>\nWhat does this animal eat (herbivore, carnivore, omnivore)?"
      },
      {
        "from": "gpt",
        "value": "Wolves are carnivores, primarily hunting and eating other animals."
      }
    ]
  },
  {
    "id": "67",
    "image": "downloaded_images/Animals/Wolf/image_20241017_172900_12.jpg",
    "conversations": [
      {
        "from": "human",
        "value": "<image>\nWhat does this animal eat (herbivore, carnivore, omnivore)?"
      },
      {
        "from": "gpt",
        "value": "Wolves are carnivores, primarily hunting and eating other animals."
      }
    ]
  },
  {
    "id": "68",
    "image": "downloaded_images/Animals/Wolf/image_20241106_100635_10.jpg",
    "conversations": [
      {
        "from": "human",
        "value": "<image>\nIs it native to a specific region or found globally?"
      },
      {
        "from": "gpt",
        "value": "The wolf in the image appears to be a gray wolf, which is native to North America. Gray wolves are found in a variety of habitats across the continent, including forests, grasslands, and tundra. They are not found globally; their range is limited to North America."
      }
    ]
  },
  {
    "id": "69",
    "image": "downloaded_images/Animals/Wolf/image_20241017_172933_16.jpg",
    "conversations": [
      {
        "from": "human",
        "value": "<image>\nIs it native to a specific region or found globally?"
      },
      {
        "from": "gpt",
        "value": "The wolf in the image appears to be a gray wolf, which is native to North America. Gray wolves are found in a variety of habitats across the continent, including forests, grasslands, and tundra. They are not found globally; their range is limited to North America."
      }
    ]
  },
  {
    "id": "70",
    "image": "downloaded_images/Animals/Wolf/image_20241106_100932_29.jpg",
    "conversations": [
      {
        "from": "human",
        "value": "<image>\nIs it native to a specific region or found globally?"
      },
      {
        "from": "gpt",
        "value": "The wolf in the image appears to be a gray wolf, which is native to North America. Gray wolves are found in a variety of habitats across the continent, including forests, grasslands, and tundra. They are not found globally; their range is limited to North America."
      }
    ]
  },
  {
    "id": "71",
    "image": "downloaded_images/Animals/Wolf/image_20241106_100643_11.jpg",
    "conversations": [
      {
        "from": "human",
        "value": "<image>\nIs it native to a specific region or found globally?"
      },
      {
        "from": "gpt",
        "value": "The wolf in the image appears to be a gray wolf, which is native to North America. Gray wolves are found in a variety of habitats across the continent, including forests, grasslands, and tundra. They are not found globally; their range is limited to North America."
      }
    ]
  },
  {
    "id": "72",
    "image": "downloaded_images/Animals/Wolf/image_20241106_100551_5.jpg",
    "conversations": [
      {
        "from": "human",
        "value": "<image>\nIs it native to a specific region or found globally?"
      },
      {
        "from": "gpt",
        "value": "The wolf in the image appears to be a gray wolf, which is native to North America. Gray wolves are found in a variety of habitats across the continent, including forests, grasslands, and tundra. They are not found globally; their range is limited to North America."
      }
    ]
  },
  {
    "id": "73",
    "image": "downloaded_images/Animals/Wolf/image_20241106_100815_21.jpg",
    "conversations": [
      {
        "from": "human",
        "value": "<image>\nHow does this animal reproduce (mating habits, gestation period)?"
      },
      {
        "from": "gpt",
        "value": "Wolves typically mate for life and have a breeding season that occurs in late winter. The gestation period for wolves is about 63 days, after which the female gives birth to a litter of 4 to 7 pups, although litters can range from 1 to 14 pups. The pups are cared for by both parents and other pack members."
      }
    ]
  },
  {
    "id": "74",
    "image": "downloaded_images/Animals/Wolf/image_20241017_172847_11.jpg",
    "conversations": [
      {
        "from": "human",
        "value": "<image>\nHow does this animal reproduce (mating habits, gestation period)?"
      },
      {
        "from": "gpt",
        "value": "Wolves typically mate for life and have a breeding season that occurs in late winter. The gestation period for wolves is about 63 days, after which the female gives birth to a litter of 4 to 7 pups, although litters can range from 1 to 14 pups. The pups are cared for by both parents and other pack members."
      }
    ]
  },
  {
    "id": "75",
    "image": "downloaded_images/Animals/Wolf/image_20241106_100910_27.jpg",
    "conversations": [
      {
        "from": "human",
        "value": "<image>\nHow does this animal reproduce (mating habits, gestation period)?"
      },
      {
        "from": "gpt",
        "value": "Wolves typically mate for life and have a breeding season that occurs in late winter. The gestation period for wolves is about 63 days, after which the female gives birth to a litter of 4 to 7 pups, although litters can range from 1 to 14 pups. The pups are cared for by both parents and other pack members."
      }
    ]
  },
  {
    "id": "76",
    "image": "downloaded_images/Animals/Wolf/image_20241017_172838_10.jpg",
    "conversations": [
      {
        "from": "human",
        "value": "<image>\nHow does this animal reproduce (mating habits, gestation period)?"
      },
      {
        "from": "gpt",
        "value": "Wolves typically mate for life and have a breeding season that occurs in late winter. The gestation period for wolves is about 63 days, after which the female gives birth to a litter of 4 to 7 pups, although litters can range from 1 to 14 pups. The pups are cared for by both parents and other pack members."
      }
    ]
  },
  {
    "id": "77",
    "image": "downloaded_images/Animals/Wolf/image_20241017_172916_14.jpg",
    "conversations": [
      {
        "from": "human",
        "value": "<image>\nHow does this animal reproduce (mating habits, gestation period)?"
      },
      {
        "from": "gpt",
        "value": "Wolves typically mate for life and have a breeding season that occurs in late winter. The gestation period for wolves is about 63 days, after which the female gives birth to a litter of 4 to 7 pups, although litters can range from 1 to 14 pups. The pups are cared for by both parents and other pack members."
      }
    ]
  },
  {
    "id": "100048",
    "image": "downloaded_images/Animals/Wolf/image_20241017_172900_12.jpg",
    "conversations": [
      {
        "from": "human",
        "value": "<image>\nWhat is this animal commonly called?"
      },
      {
        "from": "gpt",
        "value": "The animal in the image is a wolf."
      }
    ]
  },
  {
    "id": "100049",
    "image": "downloaded_images/Animals/Wolf/image_20241017_172933_16.jpg",
    "conversations": [
      {
        "from": "human",
        "value": "<image>\nTo which family or order does this animal belong?"
      },
      {
        "from": "gpt",
        "value": "The wolf belongs to the family Canidae and the order Carnivora."
      }
    ]
  },
  {
    "id": "100050",
    "image": "downloaded_images/Animals/Wolf/image_20241017_172804_6.jpg",
    "conversations": [
      {
        "from": "human",
        "value": "<image>\nWhat type of diet does this animal have (herbivore, carnivore, omnivore)?"
      },
      {
        "from": "gpt",
        "value": "Wolves are carnivores, primarily hunting and eating other animals."
      }
    ]
  },
  {
    "id": "100051",
    "image": "downloaded_images/Animals/Wolf/image_20241017_172847_11.jpg",
    "conversations": [
      {
        "from": "human",
        "value": "<image>\nIs this animal indigenous to a particular region or is it found worldwide?"
      },
      {
        "from": "gpt",
        "value": "The wolf in the image appears to be a gray wolf, which is native to North America. Gray wolves are found in a variety of habitats across the continent, including forests, grasslands, and tundra. They are not found globally; their range is limited to North America."
      }
    ]
  },
  {
    "id": "100052",
    "image": "downloaded_images/Animals/Wolf/image_20241017_172933_16.jpg",
    "conversations": [
      {
        "from": "human",
        "value": "<image>\nWhat are the reproductive habits of this animal (mating behaviors, gestation period)?"
      },
      {
        "from": "gpt",
        "value": "Wolves typically mate for life and have a breeding season that occurs in late winter. The gestation period for wolves is about 63 days, after which the female gives birth to a litter of 4 to 7 pups, although litters can range from 1 to 14 pups. The pups are cared for by both parents and other pack members."
      }
    ]
  },
  {
    "id": "100053",
    "image": "downloaded_images/Animals/Wolf/image_20241106_100457_1.jpg",
    "conversations": [
      {
        "from": "human",
        "value": "<image>\nWhat is this animal commonly called?"
      },
      {
        "from": "gpt",
        "value": "The animal in the image is a wolf."
      }
    ]
  },
  {
    "id": "100054",
    "image": "downloaded_images/Animals/Wolf/image_20241106_100815_21.jpg",
    "conversations": [
      {
        "from": "human",
        "value": "<image>\nWhat is this animal commonly called?"
      },
      {
        "from": "gpt",
        "value": "The animal in the image is a wolf."
      }
    ]
  },
  {
    "id": "100055",
    "image": "downloaded_images/Animals/Wolf/image_20241106_100731_16.jpg",
    "conversations": [
      {
        "from": "human",
        "value": "<image>\nWhat is this animal commonly called?"
      },
      {
        "from": "gpt",
        "value": "The animal in the image is a wolf."
      }
    ]
  },
  {
    "id": "100056",
    "image": "downloaded_images/Animals/Wolf/image_20241106_100600_6.jpg",
    "conversations": [
      {
        "from": "human",
        "value": "<image>\nWhat is this animal commonly called?"
      },
      {
        "from": "gpt",
        "value": "The animal in the image is a wolf."
      }
    ]
  },
  {
    "id": "100057",
    "image": "downloaded_images/Animals/Wolf/image_20241017_172822_8.jpg",
    "conversations": [
      {
        "from": "human",
        "value": "<image>\nWhat is this animal commonly called?"
      },
      {
        "from": "gpt",
        "value": "The animal in the image is a wolf."
      }
    ]
  },
  {
    "id": "100058",
    "image": "downloaded_images/Animals/Wolf/image_20241106_100600_6.jpg",
    "conversations": [
      {
        "from": "human",
        "value": "<image>\nTo which family or order does this animal belong?"
      },
      {
        "from": "gpt",
        "value": "The wolf belongs to the family Canidae and the order Carnivora."
      }
    ]
  },
  {
    "id": "100059",
    "image": "downloaded_images/Animals/Wolf/image_20241106_100749_18.jpg",
    "conversations": [
      {
        "from": "human",
        "value": "<image>\nTo which family or order does this animal belong?"
      },
      {
        "from": "gpt",
        "value": "The wolf belongs to the family Canidae and the order Carnivora."
      }
    ]
  },
  {
    "id": "100060",
    "image": "downloaded_images/Animals/Wolf/image_20241106_100842_24.jpg",
    "conversations": [
      {
        "from": "human",
        "value": "<image>\nTo which family or order does this animal belong?"
      },
      {
        "from": "gpt",
        "value": "The wolf belongs to the family Canidae and the order Carnivora."
      }
    ]
  },
  {
    "id": "100061",
    "image": "downloaded_images/Animals/Wolf/image_20241106_100815_21.jpg",
    "conversations": [
      {
        "from": "human",
        "value": "<image>\nTo which family or order does this animal belong?"
      },
      {
        "from": "gpt",
        "value": "The wolf belongs to the family Canidae and the order Carnivora."
      }
    ]
  },
  {
    "id": "100062",
    "image": "downloaded_images/Animals/Wolf/image_20241017_172747_4.jpg",
    "conversations": [
      {
        "from": "human",
        "value": "<image>\nTo which family or order does this animal belong?"
      },
      {
        "from": "gpt",
        "value": "The wolf belongs to the family Canidae and the order Carnivora."
      }
    ]
  },
  {
    "id": "100063",
    "image": "downloaded_images/Animals/Wolf/image_20241106_100722_15.jpg",
    "conversations": [
      {
        "from": "human",
        "value": "<image>\nWhat type of diet does this animal have (herbivore, carnivore, omnivore)?"
      },
      {
        "from": "gpt",
        "value": "Wolves are carnivores, primarily hunting and eating other animals."
      }
    ]
  },
  {
    "id": "100064",
    "image": "downloaded_images/Animals/Wolf/image_20241106_100941_30.jpg",
    "conversations": [
      {
        "from": "human",
        "value": "<image>\nWhat type of diet does this animal have (herbivore, carnivore, omnivore)?"
      },
      {
        "from": "gpt",
        "value": "Wolves are carnivores, primarily hunting and eating other animals."
      }
    ]
  },
  {
    "id": "100065",
    "image": "downloaded_images/Animals/Wolf/image_20241106_100749_18.jpg",
    "conversations": [
      {
        "from": "human",
        "value": "<image>\nWhat type of diet does this animal have (herbivore, carnivore, omnivore)?"
      },
      {
        "from": "gpt",
        "value": "Wolves are carnivores, primarily hunting and eating other animals."
      }
    ]
  },
  {
    "id": "100066",
    "image": "downloaded_images/Animals/Wolf/image_20241106_100851_25.jpg",
    "conversations": [
      {
        "from": "human",
        "value": "<image>\nWhat type of diet does this animal have (herbivore, carnivore, omnivore)?"
      },
      {
        "from": "gpt",
        "value": "Wolves are carnivores, primarily hunting and eating other animals."
      }
    ]
  },
  {
    "id": "100067",
    "image": "downloaded_images/Animals/Wolf/image_20241017_172900_12.jpg",
    "conversations": [
      {
        "from": "human",
        "value": "<image>\nWhat type of diet does this animal have (herbivore, carnivore, omnivore)?"
      },
      {
        "from": "gpt",
        "value": "Wolves are carnivores, primarily hunting and eating other animals."
      }
    ]
  },
  {
    "id": "100068",
    "image": "downloaded_images/Animals/Wolf/image_20241106_100635_10.jpg",
    "conversations": [
      {
        "from": "human",
        "value": "<image>\nIs this animal indigenous to a particular region or is it found worldwide?"
      },
      {
        "from": "gpt",
        "value": "The wolf in the image appears to be a gray wolf, which is native to North America. Gray wolves are found in a variety of habitats across the continent, including forests, grasslands, and tundra. They are not found globally; their range is limited to North America."
      }
    ]
  },
  {
    "id": "100069",
    "image": "downloaded_images/Animals/Wolf/image_20241017_172933_16.jpg",
    "conversations": [
      {
        "from": "human",
        "value": "<image>\nIs this animal indigenous to a particular region or is it found worldwide?"
      },
      {
        "from": "gpt",
        "value": "The wolf in the image appears to be a gray wolf, which is native to North America. Gray wolves are found in a variety of habitats across the continent, including forests, grasslands, and tundra. They are not found globally; their range is limited to North America."
      }
    ]
  },
  {
    "id": "100070",
    "image": "downloaded_images/Animals/Wolf/image_20241106_100932_29.jpg",
    "conversations": [
      {
        "from": "human",
        "value": "<image>\nIs this animal indigenous to a particular region or is it found worldwide?"
      },
      {
        "from": "gpt",
        "value": "The wolf in the image appears to be a gray wolf, which is native to North America. Gray wolves are found in a variety of habitats across the continent, including forests, grasslands, and tundra. They are not found globally; their range is limited to North America."
      }
    ]
  },
  {
    "id": "100071",
    "image": "downloaded_images/Animals/Wolf/image_20241106_100643_11.jpg",
    "conversations": [
      {
        "from": "human",
        "value": "<image>\nIs this animal indigenous to a particular region or is it found worldwide?"
      },
      {
        "from": "gpt",
        "value": "The wolf in the image appears to be a gray wolf, which is native to North America. Gray wolves are found in a variety of habitats across the continent, including forests, grasslands, and tundra. They are not found globally; their range is limited to North America."
      }
    ]
  },
  {
    "id": "100072",
    "image": "downloaded_images/Animals/Wolf/image_20241106_100551_5.jpg",
    "conversations": [
      {
        "from": "human",
        "value": "<image>\nIs this animal indigenous to a particular region or is it found worldwide?"
      },
      {
        "from": "gpt",
        "value": "The wolf in the image appears to be a gray wolf, which is native to North America. Gray wolves are found in a variety of habitats across the continent, including forests, grasslands, and tundra. They are not found globally; their range is limited to North America."
      }
    ]
  },
  {
    "id": "100073",
    "image": "downloaded_images/Animals/Wolf/image_20241106_100815_21.jpg",
    "conversations": [
      {
        "from": "human",
        "value": "<image>\nWhat are the reproductive habits of this animal (mating behaviors, gestation period)?"
      },
      {
        "from": "gpt",
        "value": "Wolves typically mate for life and have a breeding season that occurs in late winter. The gestation period for wolves is about 63 days, after which the female gives birth to a litter of 4 to 7 pups, although litters can range from 1 to 14 pups. The pups are cared for by both parents and other pack members."
      }
    ]
  },
  {
    "id": "100074",
    "image": "downloaded_images/Animals/Wolf/image_20241017_172847_11.jpg",
    "conversations": [
      {
        "from": "human",
        "value": "<image>\nWhat are the reproductive habits of this animal (mating behaviors, gestation period)?"
      },
      {
        "from": "gpt",
        "value": "Wolves typically mate for life and have a breeding season that occurs in late winter. The gestation period for wolves is about 63 days, after which the female gives birth to a litter of 4 to 7 pups, although litters can range from 1 to 14 pups. The pups are cared for by both parents and other pack members."
      }
    ]
  },
  {
    "id": "100075",
    "image": "downloaded_images/Animals/Wolf/image_20241106_100910_27.jpg",
    "conversations": [
      {
        "from": "human",
        "value": "<image>\nWhat are the reproductive habits of this animal (mating behaviors, gestation period)?"
      },
      {
        "from": "gpt",
        "value": "Wolves typically mate for life and have a breeding season that occurs in late winter. The gestation period for wolves is about 63 days, after which the female gives birth to a litter of 4 to 7 pups, although litters can range from 1 to 14 pups. The pups are cared for by both parents and other pack members."
      }
    ]
  },
  {
    "id": "100076",
    "image": "downloaded_images/Animals/Wolf/image_20241017_172838_10.jpg",
    "conversations": [
      {
        "from": "human",
        "value": "<image>\nWhat are the reproductive habits of this animal (mating behaviors, gestation period)?"
      },
      {
        "from": "gpt",
        "value": "Wolves typically mate for life and have a breeding season that occurs in late winter. The gestation period for wolves is about 63 days, after which the female gives birth to a litter of 4 to 7 pups, although litters can range from 1 to 14 pups. The pups are cared for by both parents and other pack members."
      }
    ]
  },
  {
    "id": "100077",
    "image": "downloaded_images/Animals/Wolf/image_20241017_172916_14.jpg",
    "conversations": [
      {
        "from": "human",
        "value": "<image>\nWhat are the reproductive habits of this animal (mating behaviors, gestation period)?"
      },
      {
        "from": "gpt",
        "value": "Wolves typically mate for life and have a breeding season that occurs in late winter. The gestation period for wolves is about 63 days, after which the female gives birth to a litter of 4 to 7 pups, although litters can range from 1 to 14 pups. The pups are cared for by both parents and other pack members."
      }
    ]
  },
  {
    "id": "200048",
    "image": "downloaded_images/Animals/Wolf/image_20241017_172900_12.jpg",
    "conversations": [
      {
        "from": "human",
        "value": "<image>\nWhat is the usual name for this animal?"
      },
      {
        "from": "gpt",
        "value": "The animal in the image is a wolf."
      }
    ]
  },
  {
    "id": "200049",
    "image": "downloaded_images/Animals/Wolf/image_20241017_172933_16.jpg",
    "conversations": [
      {
        "from": "human",
        "value": "<image>\nWhat family or order categorizes this animal?"
      },
      {
        "from": "gpt",
        "value": "The wolf belongs to the family Canidae and the order Carnivora."
      }
    ]
  },
  {
    "id": "200050",
    "image": "downloaded_images/Animals/Wolf/image_20241017_172804_6.jpg",
    "conversations": [
      {
        "from": "human",
        "value": "<image>\nIs this animal a herbivore, carnivore, or omnivore?"
      },
      {
        "from": "gpt",
        "value": "Wolves are carnivores, primarily hunting and eating other animals."
      }
    ]
  },
  {
    "id": "200051",
    "image": "downloaded_images/Animals/Wolf/image_20241017_172847_11.jpg",
    "conversations": [
      {
        "from": "human",
        "value": "<image>\nDoes this species originate from a specific area, or is it found globally?"
      },
      {
        "from": "gpt",
        "value": "The wolf in the image appears to be a gray wolf, which is native to North America. Gray wolves are found in a variety of habitats across the continent, including forests, grasslands, and tundra. They are not found globally; their range is limited to North America."
      }
    ]
  },
  {
    "id": "200052",
    "image": "downloaded_images/Animals/Wolf/image_20241017_172933_16.jpg",
    "conversations": [
      {
        "from": "human",
        "value": "<image>\nHow does this animal reproduce, including mating habits and gestation duration?"
      },
      {
        "from": "gpt",
        "value": "Wolves typically mate for life and have a breeding season that occurs in late winter. The gestation period for wolves is about 63 days, after which the female gives birth to a litter of 4 to 7 pups, although litters can range from 1 to 14 pups. The pups are cared for by both parents and other pack members."
      }
    ]
  },
  {
    "id": "200053",
    "image": "downloaded_images/Animals/Wolf/image_20241106_100457_1.jpg",
    "conversations": [
      {
        "from": "human",
        "value": "<image>\nWhat is the usual name for this animal?"
      },
      {
        "from": "gpt",
        "value": "The animal in the image is a wolf."
      }
    ]
  },
  {
    "id": "200054",
    "image": "downloaded_images/Animals/Wolf/image_20241106_100815_21.jpg",
    "conversations": [
      {
        "from": "human",
        "value": "<image>\nWhat is the usual name for this animal?"
      },
      {
        "from": "gpt",
        "value": "The animal in the image is a wolf."
      }
    ]
  },
  {
    "id": "200055",
    "image": "downloaded_images/Animals/Wolf/image_20241106_100731_16.jpg",
    "conversations": [
      {
        "from": "human",
        "value": "<image>\nWhat is the usual name for this animal?"
      },
      {
        "from": "gpt",
        "value": "The animal in the image is a wolf."
      }
    ]
  },
  {
    "id": "200056",
    "image": "downloaded_images/Animals/Wolf/image_20241106_100600_6.jpg",
    "conversations": [
      {
        "from": "human",
        "value": "<image>\nWhat is the usual name for this animal?"
      },
      {
        "from": "gpt",
        "value": "The animal in the image is a wolf."
      }
    ]
  },
  {
    "id": "200057",
    "image": "downloaded_images/Animals/Wolf/image_20241017_172822_8.jpg",
    "conversations": [
      {
        "from": "human",
        "value": "<image>\nWhat is the usual name for this animal?"
      },
      {
        "from": "gpt",
        "value": "The animal in the image is a wolf."
      }
    ]
  },
  {
    "id": "200058",
    "image": "downloaded_images/Animals/Wolf/image_20241106_100600_6.jpg",
    "conversations": [
      {
        "from": "human",
        "value": "<image>\nWhat family or order categorizes this animal?"
      },
      {
        "from": "gpt",
        "value": "The wolf belongs to the family Canidae and the order Carnivora."
      }
    ]
  },
  {
    "id": "200059",
    "image": "downloaded_images/Animals/Wolf/image_20241106_100749_18.jpg",
    "conversations": [
      {
        "from": "human",
        "value": "<image>\nWhat family or order categorizes this animal?"
      },
      {
        "from": "gpt",
        "value": "The wolf belongs to the family Canidae and the order Carnivora."
      }
    ]
  },
  {
    "id": "200060",
    "image": "downloaded_images/Animals/Wolf/image_20241106_100842_24.jpg",
    "conversations": [
      {
        "from": "human",
        "value": "<image>\nWhat family or order categorizes this animal?"
      },
      {
        "from": "gpt",
        "value": "The wolf belongs to the family Canidae and the order Carnivora."
      }
    ]
  },
  {
    "id": "200061",
    "image": "downloaded_images/Animals/Wolf/image_20241106_100815_21.jpg",
    "conversations": [
      {
        "from": "human",
        "value": "<image>\nWhat family or order categorizes this animal?"
      },
      {
        "from": "gpt",
        "value": "The wolf belongs to the family Canidae and the order Carnivora."
      }
    ]
  },
  {
    "id": "200062",
    "image": "downloaded_images/Animals/Wolf/image_20241017_172747_4.jpg",
    "conversations": [
      {
        "from": "human",
        "value": "<image>\nWhat family or order categorizes this animal?"
      },
      {
        "from": "gpt",
        "value": "The wolf belongs to the family Canidae and the order Carnivora."
      }
    ]
  },
  {
    "id": "200063",
    "image": "downloaded_images/Animals/Wolf/image_20241106_100722_15.jpg",
    "conversations": [
      {
        "from": "human",
        "value": "<image>\nIs this animal a herbivore, carnivore, or omnivore?"
      },
      {
        "from": "gpt",
        "value": "Wolves are carnivores, primarily hunting and eating other animals."
      }
    ]
  },
  {
    "id": "200064",
    "image": "downloaded_images/Animals/Wolf/image_20241106_100941_30.jpg",
    "conversations": [
      {
        "from": "human",
        "value": "<image>\nIs this animal a herbivore, carnivore, or omnivore?"
      },
      {
        "from": "gpt",
        "value": "Wolves are carnivores, primarily hunting and eating other animals."
      }
    ]
  },
  {
    "id": "200065",
    "image": "downloaded_images/Animals/Wolf/image_20241106_100749_18.jpg",
    "conversations": [
      {
        "from": "human",
        "value": "<image>\nIs this animal a herbivore, carnivore, or omnivore?"
      },
      {
        "from": "gpt",
        "value": "Wolves are carnivores, primarily hunting and eating other animals."
      }
    ]
  },
  {
    "id": "200066",
    "image": "downloaded_images/Animals/Wolf/image_20241106_100851_25.jpg",
    "conversations": [
      {
        "from": "human",
        "value": "<image>\nIs this animal a herbivore, carnivore, or omnivore?"
      },
      {
        "from": "gpt",
        "value": "Wolves are carnivores, primarily hunting and eating other animals."
      }
    ]
  },
  {
    "id": "200067",
    "image": "downloaded_images/Animals/Wolf/image_20241017_172900_12.jpg",
    "conversations": [
      {
        "from": "human",
        "value": "<image>\nIs this animal a herbivore, carnivore, or omnivore?"
      },
      {
        "from": "gpt",
        "value": "Wolves are carnivores, primarily hunting and eating other animals."
      }
    ]
  },
  {
    "id": "200068",
    "image": "downloaded_images/Animals/Wolf/image_20241106_100635_10.jpg",
    "conversations": [
      {
        "from": "human",
        "value": "<image>\nDoes this species originate from a specific area, or is it found globally?"
      },
      {
        "from": "gpt",
        "value": "The wolf in the image appears to be a gray wolf, which is native to North America. Gray wolves are found in a variety of habitats across the continent, including forests, grasslands, and tundra. They are not found globally; their range is limited to North America."
      }
    ]
  },
  {
    "id": "200069",
    "image": "downloaded_images/Animals/Wolf/image_20241017_172933_16.jpg",
    "conversations": [
      {
        "from": "human",
        "value": "<image>\nDoes this species originate from a specific area, or is it found globally?"
      },
      {
        "from": "gpt",
        "value": "The wolf in the image appears to be a gray wolf, which is native to North America. Gray wolves are found in a variety of habitats across the continent, including forests, grasslands, and tundra. They are not found globally; their range is limited to North America."
      }
    ]
  },
  {
    "id": "200070",
    "image": "downloaded_images/Animals/Wolf/image_20241106_100932_29.jpg",
    "conversations": [
      {
        "from": "human",
        "value": "<image>\nDoes this species originate from a specific area, or is it found globally?"
      },
      {
        "from": "gpt",
        "value": "The wolf in the image appears to be a gray wolf, which is native to North America. Gray wolves are found in a variety of habitats across the continent, including forests, grasslands, and tundra. They are not found globally; their range is limited to North America."
      }
    ]
  },
  {
    "id": "200071",
    "image": "downloaded_images/Animals/Wolf/image_20241106_100643_11.jpg",
    "conversations": [
      {
        "from": "human",
        "value": "<image>\nDoes this species originate from a specific area, or is it found globally?"
      },
      {
        "from": "gpt",
        "value": "The wolf in the image appears to be a gray wolf, which is native to North America. Gray wolves are found in a variety of habitats across the continent, including forests, grasslands, and tundra. They are not found globally; their range is limited to North America."
      }
    ]
  },
  {
    "id": "200072",
    "image": "downloaded_images/Animals/Wolf/image_20241106_100551_5.jpg",
    "conversations": [
      {
        "from": "human",
        "value": "<image>\nDoes this species originate from a specific area, or is it found globally?"
      },
      {
        "from": "gpt",
        "value": "The wolf in the image appears to be a gray wolf, which is native to North America. Gray wolves are found in a variety of habitats across the continent, including forests, grasslands, and tundra. They are not found globally; their range is limited to North America."
      }
    ]
  },
  {
    "id": "200073",
    "image": "downloaded_images/Animals/Wolf/image_20241106_100815_21.jpg",
    "conversations": [
      {
        "from": "human",
        "value": "<image>\nHow does this animal reproduce, including mating habits and gestation duration?"
      },
      {
        "from": "gpt",
        "value": "Wolves typically mate for life and have a breeding season that occurs in late winter. The gestation period for wolves is about 63 days, after which the female gives birth to a litter of 4 to 7 pups, although litters can range from 1 to 14 pups. The pups are cared for by both parents and other pack members."
      }
    ]
  },
  {
    "id": "200074",
    "image": "downloaded_images/Animals/Wolf/image_20241017_172847_11.jpg",
    "conversations": [
      {
        "from": "human",
        "value": "<image>\nHow does this animal reproduce, including mating habits and gestation duration?"
      },
      {
        "from": "gpt",
        "value": "Wolves typically mate for life and have a breeding season that occurs in late winter. The gestation period for wolves is about 63 days, after which the female gives birth to a litter of 4 to 7 pups, although litters can range from 1 to 14 pups. The pups are cared for by both parents and other pack members."
      }
    ]
  },
  {
    "id": "200075",
    "image": "downloaded_images/Animals/Wolf/image_20241106_100910_27.jpg",
    "conversations": [
      {
        "from": "human",
        "value": "<image>\nHow does this animal reproduce, including mating habits and gestation duration?"
      },
      {
        "from": "gpt",
        "value": "Wolves typically mate for life and have a breeding season that occurs in late winter. The gestation period for wolves is about 63 days, after which the female gives birth to a litter of 4 to 7 pups, although litters can range from 1 to 14 pups. The pups are cared for by both parents and other pack members."
      }
    ]
  },
  {
    "id": "200076",
    "image": "downloaded_images/Animals/Wolf/image_20241017_172838_10.jpg",
    "conversations": [
      {
        "from": "human",
        "value": "<image>\nHow does this animal reproduce, including mating habits and gestation duration?"
      },
      {
        "from": "gpt",
        "value": "Wolves typically mate for life and have a breeding season that occurs in late winter. The gestation period for wolves is about 63 days, after which the female gives birth to a litter of 4 to 7 pups, although litters can range from 1 to 14 pups. The pups are cared for by both parents and other pack members."
      }
    ]
  },
  {
    "id": "200077",
    "image": "downloaded_images/Animals/Wolf/image_20241017_172916_14.jpg",
    "conversations": [
      {
        "from": "human",
        "value": "<image>\nHow does this animal reproduce, including mating habits and gestation duration?"
      },
      {
        "from": "gpt",
        "value": "Wolves typically mate for life and have a breeding season that occurs in late winter. The gestation period for wolves is about 63 days, after which the female gives birth to a litter of 4 to 7 pups, although litters can range from 1 to 14 pups. The pups are cared for by both parents and other pack members."
      }
    ]
  },
  {
    "id": "300048",
    "image": "downloaded_images/Animals/Wolf/image_20241017_172900_12.jpg",
    "conversations": [
      {
        "from": "human",
        "value": "<image>\nCan you tell me the common name of this species?"
      },
      {
        "from": "gpt",
        "value": "The animal in the image is a wolf."
      }
    ]
  },
  {
    "id": "300049",
    "image": "downloaded_images/Animals/Wolf/image_20241017_172933_16.jpg",
    "conversations": [
      {
        "from": "human",
        "value": "<image>\nIn which family or order is this species classified?"
      },
      {
        "from": "gpt",
        "value": "The wolf belongs to the family Canidae and the order Carnivora."
      }
    ]
  },
  {
    "id": "300050",
    "image": "downloaded_images/Animals/Wolf/image_20241017_172804_6.jpg",
    "conversations": [
      {
        "from": "human",
        "value": "<image>\nWhat kind of foods does this animal consume?"
      },
      {
        "from": "gpt",
        "value": "Wolves are carnivores, primarily hunting and eating other animals."
      }
    ]
  },
  {
    "id": "300051",
    "image": "downloaded_images/Animals/Wolf/image_20241017_172847_11.jpg",
    "conversations": [
      {
        "from": "human",
        "value": "<image>\nIs this animal native to any specific region, or is it distributed all over the world?"
      },
      {
        "from": "gpt",
        "value": "The wolf in the image appears to be a gray wolf, which is native to North America. Gray wolves are found in a variety of habitats across the continent, including forests, grasslands, and tundra. They are not found globally; their range is limited to North America."
      }
    ]
  },
  {
    "id": "300052",
    "image": "downloaded_images/Animals/Wolf/image_20241017_172933_16.jpg",
    "conversations": [
      {
        "from": "human",
        "value": "<image>\nCan you explain the reproduction process of this species (mating habits and gestation)?"
      },
      {
        "from": "gpt",
        "value": "Wolves typically mate for life and have a breeding season that occurs in late winter. The gestation period for wolves is about 63 days, after which the female gives birth to a litter of 4 to 7 pups, although litters can range from 1 to 14 pups. The pups are cared for by both parents and other pack members."
      }
    ]
  },
  {
    "id": "300053",
    "image": "downloaded_images/Animals/Wolf/image_20241106_100457_1.jpg",
    "conversations": [
      {
        "from": "human",
        "value": "<image>\nCan you tell me the common name of this species?"
      },
      {
        "from": "gpt",
        "value": "The animal in the image is a wolf."
      }
    ]
  },
  {
    "id": "300054",
    "image": "downloaded_images/Animals/Wolf/image_20241106_100815_21.jpg",
    "conversations": [
      {
        "from": "human",
        "value": "<image>\nCan you tell me the common name of this species?"
      },
      {
        "from": "gpt",
        "value": "The animal in the image is a wolf."
      }
    ]
  },
  {
    "id": "300055",
    "image": "downloaded_images/Animals/Wolf/image_20241106_100731_16.jpg",
    "conversations": [
      {
        "from": "human",
        "value": "<image>\nCan you tell me the common name of this species?"
      },
      {
        "from": "gpt",
        "value": "The animal in the image is a wolf."
      }
    ]
  },
  {
    "id": "300056",
    "image": "downloaded_images/Animals/Wolf/image_20241106_100600_6.jpg",
    "conversations": [
      {
        "from": "human",
        "value": "<image>\nCan you tell me the common name of this species?"
      },
      {
        "from": "gpt",
        "value": "The animal in the image is a wolf."
      }
    ]
  },
  {
    "id": "300057",
    "image": "downloaded_images/Animals/Wolf/image_20241017_172822_8.jpg",
    "conversations": [
      {
        "from": "human",
        "value": "<image>\nCan you tell me the common name of this species?"
      },
      {
        "from": "gpt",
        "value": "The animal in the image is a wolf."
      }
    ]
  },
  {
    "id": "300058",
    "image": "downloaded_images/Animals/Wolf/image_20241106_100600_6.jpg",
    "conversations": [
      {
        "from": "human",
        "value": "<image>\nIn which family or order is this species classified?"
      },
      {
        "from": "gpt",
        "value": "The wolf belongs to the family Canidae and the order Carnivora."
      }
    ]
  },
  {
    "id": "300059",
    "image": "downloaded_images/Animals/Wolf/image_20241106_100749_18.jpg",
    "conversations": [
      {
        "from": "human",
        "value": "<image>\nIn which family or order is this species classified?"
      },
      {
        "from": "gpt",
        "value": "The wolf belongs to the family Canidae and the order Carnivora."
      }
    ]
  },
  {
    "id": "300060",
    "image": "downloaded_images/Animals/Wolf/image_20241106_100842_24.jpg",
    "conversations": [
      {
        "from": "human",
        "value": "<image>\nIn which family or order is this species classified?"
      },
      {
        "from": "gpt",
        "value": "The wolf belongs to the family Canidae and the order Carnivora."
      }
    ]
  },
  {
    "id": "300061",
    "image": "downloaded_images/Animals/Wolf/image_20241106_100815_21.jpg",
    "conversations": [
      {
        "from": "human",
        "value": "<image>\nIn which family or order is this species classified?"
      },
      {
        "from": "gpt",
        "value": "The wolf belongs to the family Canidae and the order Carnivora."
      }
    ]
  },
  {
    "id": "300062",
    "image": "downloaded_images/Animals/Wolf/image_20241017_172747_4.jpg",
    "conversations": [
      {
        "from": "human",
        "value": "<image>\nIn which family or order is this species classified?"
      },
      {
        "from": "gpt",
        "value": "The wolf belongs to the family Canidae and the order Carnivora."
      }
    ]
  },
  {
    "id": "300063",
    "image": "downloaded_images/Animals/Wolf/image_20241106_100722_15.jpg",
    "conversations": [
      {
        "from": "human",
        "value": "<image>\nWhat kind of foods does this animal consume?"
      },
      {
        "from": "gpt",
        "value": "Wolves are carnivores, primarily hunting and eating other animals."
      }
    ]
  },
  {
    "id": "300064",
    "image": "downloaded_images/Animals/Wolf/image_20241106_100941_30.jpg",
    "conversations": [
      {
        "from": "human",
        "value": "<image>\nWhat kind of foods does this animal consume?"
      },
      {
        "from": "gpt",
        "value": "Wolves are carnivores, primarily hunting and eating other animals."
      }
    ]
  },
  {
    "id": "300065",
    "image": "downloaded_images/Animals/Wolf/image_20241106_100749_18.jpg",
    "conversations": [
      {
        "from": "human",
        "value": "<image>\nWhat kind of foods does this animal consume?"
      },
      {
        "from": "gpt",
        "value": "Wolves are carnivores, primarily hunting and eating other animals."
      }
    ]
  },
  {
    "id": "300066",
    "image": "downloaded_images/Animals/Wolf/image_20241106_100851_25.jpg",
    "conversations": [
      {
        "from": "human",
        "value": "<image>\nWhat kind of foods does this animal consume?"
      },
      {
        "from": "gpt",
        "value": "Wolves are carnivores, primarily hunting and eating other animals."
      }
    ]
  },
  {
    "id": "300067",
    "image": "downloaded_images/Animals/Wolf/image_20241017_172900_12.jpg",
    "conversations": [
      {
        "from": "human",
        "value": "<image>\nWhat kind of foods does this animal consume?"
      },
      {
        "from": "gpt",
        "value": "Wolves are carnivores, primarily hunting and eating other animals."
      }
    ]
  },
  {
    "id": "300068",
    "image": "downloaded_images/Animals/Wolf/image_20241106_100635_10.jpg",
    "conversations": [
      {
        "from": "human",
        "value": "<image>\nIs this animal native to any specific region, or is it distributed all over the world?"
      },
      {
        "from": "gpt",
        "value": "The wolf in the image appears to be a gray wolf, which is native to North America. Gray wolves are found in a variety of habitats across the continent, including forests, grasslands, and tundra. They are not found globally; their range is limited to North America."
      }
    ]
  },
  {
    "id": "300069",
    "image": "downloaded_images/Animals/Wolf/image_20241017_172933_16.jpg",
    "conversations": [
      {
        "from": "human",
        "value": "<image>\nIs this animal native to any specific region, or is it distributed all over the world?"
      },
      {
        "from": "gpt",
        "value": "The wolf in the image appears to be a gray wolf, which is native to North America. Gray wolves are found in a variety of habitats across the continent, including forests, grasslands, and tundra. They are not found globally; their range is limited to North America."
      }
    ]
  },
  {
    "id": "300070",
    "image": "downloaded_images/Animals/Wolf/image_20241106_100932_29.jpg",
    "conversations": [
      {
        "from": "human",
        "value": "<image>\nIs this animal native to any specific region, or is it distributed all over the world?"
      },
      {
        "from": "gpt",
        "value": "The wolf in the image appears to be a gray wolf, which is native to North America. Gray wolves are found in a variety of habitats across the continent, including forests, grasslands, and tundra. They are not found globally; their range is limited to North America."
      }
    ]
  },
  {
    "id": "300071",
    "image": "downloaded_images/Animals/Wolf/image_20241106_100643_11.jpg",
    "conversations": [
      {
        "from": "human",
        "value": "<image>\nIs this animal native to any specific region, or is it distributed all over the world?"
      },
      {
        "from": "gpt",
        "value": "The wolf in the image appears to be a gray wolf, which is native to North America. Gray wolves are found in a variety of habitats across the continent, including forests, grasslands, and tundra. They are not found globally; their range is limited to North America."
      }
    ]
  },
  {
    "id": "300072",
    "image": "downloaded_images/Animals/Wolf/image_20241106_100551_5.jpg",
    "conversations": [
      {
        "from": "human",
        "value": "<image>\nIs this animal native to any specific region, or is it distributed all over the world?"
      },
      {
        "from": "gpt",
        "value": "The wolf in the image appears to be a gray wolf, which is native to North America. Gray wolves are found in a variety of habitats across the continent, including forests, grasslands, and tundra. They are not found globally; their range is limited to North America."
      }
    ]
  },
  {
    "id": "300073",
    "image": "downloaded_images/Animals/Wolf/image_20241106_100815_21.jpg",
    "conversations": [
      {
        "from": "human",
        "value": "<image>\nCan you explain the reproduction process of this species (mating habits and gestation)?"
      },
      {
        "from": "gpt",
        "value": "Wolves typically mate for life and have a breeding season that occurs in late winter. The gestation period for wolves is about 63 days, after which the female gives birth to a litter of 4 to 7 pups, although litters can range from 1 to 14 pups. The pups are cared for by both parents and other pack members."
      }
    ]
  },
  {
    "id": "300074",
    "image": "downloaded_images/Animals/Wolf/image_20241017_172847_11.jpg",
    "conversations": [
      {
        "from": "human",
        "value": "<image>\nCan you explain the reproduction process of this species (mating habits and gestation)?"
      },
      {
        "from": "gpt",
        "value": "Wolves typically mate for life and have a breeding season that occurs in late winter. The gestation period for wolves is about 63 days, after which the female gives birth to a litter of 4 to 7 pups, although litters can range from 1 to 14 pups. The pups are cared for by both parents and other pack members."
      }
    ]
  },
  {
    "id": "300075",
    "image": "downloaded_images/Animals/Wolf/image_20241106_100910_27.jpg",
    "conversations": [
      {
        "from": "human",
        "value": "<image>\nCan you explain the reproduction process of this species (mating habits and gestation)?"
      },
      {
        "from": "gpt",
        "value": "Wolves typically mate for life and have a breeding season that occurs in late winter. The gestation period for wolves is about 63 days, after which the female gives birth to a litter of 4 to 7 pups, although litters can range from 1 to 14 pups. The pups are cared for by both parents and other pack members."
      }
    ]
  },
  {
    "id": "300076",
    "image": "downloaded_images/Animals/Wolf/image_20241017_172838_10.jpg",
    "conversations": [
      {
        "from": "human",
        "value": "<image>\nCan you explain the reproduction process of this species (mating habits and gestation)?"
      },
      {
        "from": "gpt",
        "value": "Wolves typically mate for life and have a breeding season that occurs in late winter. The gestation period for wolves is about 63 days, after which the female gives birth to a litter of 4 to 7 pups, although litters can range from 1 to 14 pups. The pups are cared for by both parents and other pack members."
      }
    ]
  },
  {
    "id": "300077",
    "image": "downloaded_images/Animals/Wolf/image_20241017_172916_14.jpg",
    "conversations": [
      {
        "from": "human",
        "value": "<image>\nCan you explain the reproduction process of this species (mating habits and gestation)?"
      },
      {
        "from": "gpt",
        "value": "Wolves typically mate for life and have a breeding season that occurs in late winter. The gestation period for wolves is about 63 days, after which the female gives birth to a litter of 4 to 7 pups, although litters can range from 1 to 14 pups. The pups are cared for by both parents and other pack members."
      }
    ]
  },
  {
    "id": "400048",
    "image": "downloaded_images/Animals/Wolf/image_20241017_172900_12.jpg",
    "conversations": [
      {
        "from": "human",
        "value": "<image>\nHow is this animal referred to in everyday language?"
      },
      {
        "from": "gpt",
        "value": "The animal in the image is a wolf."
      }
    ]
  },
  {
    "id": "400049",
    "image": "downloaded_images/Animals/Wolf/image_20241017_172933_16.jpg",
    "conversations": [
      {
        "from": "human",
        "value": "<image>\nWhat is the taxonomic family or order of this animal?"
      },
      {
        "from": "gpt",
        "value": "The wolf belongs to the family Canidae and the order Carnivora."
      }
    ]
  },
  {
    "id": "400050",
    "image": "downloaded_images/Animals/Wolf/image_20241017_172804_6.jpg",
    "conversations": [
      {
        "from": "human",
        "value": "<image>\nHow would you classify this animal's eating habits?"
      },
      {
        "from": "gpt",
        "value": "Wolves are carnivores, primarily hunting and eating other animals."
      }
    ]
  },
  {
    "id": "400051",
    "image": "downloaded_images/Animals/Wolf/image_20241017_172847_11.jpg",
    "conversations": [
      {
        "from": "human",
        "value": "<image>\nWhere is this animal primarily found—regionally or globally?"
      },
      {
        "from": "gpt",
        "value": "The wolf in the image appears to be a gray wolf, which is native to North America. Gray wolves are found in a variety of habitats across the continent, including forests, grasslands, and tundra. They are not found globally; their range is limited to North America."
      }
    ]
  },
  {
    "id": "400052",
    "image": "downloaded_images/Animals/Wolf/image_20241017_172933_16.jpg",
    "conversations": [
      {
        "from": "human",
        "value": "<image>\nWhat are the details of this animal's reproduction, such as mating behaviors and how long it is pregnant?"
      },
      {
        "from": "gpt",
        "value": "Wolves typically mate for life and have a breeding season that occurs in late winter. The gestation period for wolves is about 63 days, after which the female gives birth to a litter of 4 to 7 pups, although litters can range from 1 to 14 pups. The pups are cared for by both parents and other pack members."
      }
    ]
  },
  {
    "id": "400053",
    "image": "downloaded_images/Animals/Wolf/image_20241106_100457_1.jpg",
    "conversations": [
      {
        "from": "human",
        "value": "<image>\nHow is this animal referred to in everyday language?"
      },
      {
        "from": "gpt",
        "value": "The animal in the image is a wolf."
      }
    ]
  },
  {
    "id": "400054",
    "image": "downloaded_images/Animals/Wolf/image_20241106_100815_21.jpg",
    "conversations": [
      {
        "from": "human",
        "value": "<image>\nHow is this animal referred to in everyday language?"
      },
      {
        "from": "gpt",
        "value": "The animal in the image is a wolf."
      }
    ]
  },
  {
    "id": "400055",
    "image": "downloaded_images/Animals/Wolf/image_20241106_100731_16.jpg",
    "conversations": [
      {
        "from": "human",
        "value": "<image>\nHow is this animal referred to in everyday language?"
      },
      {
        "from": "gpt",
        "value": "The animal in the image is a wolf."
      }
    ]
  },
  {
    "id": "400056",
    "image": "downloaded_images/Animals/Wolf/image_20241106_100600_6.jpg",
    "conversations": [
      {
        "from": "human",
        "value": "<image>\nHow is this animal referred to in everyday language?"
      },
      {
        "from": "gpt",
        "value": "The animal in the image is a wolf."
      }
    ]
  },
  {
    "id": "400057",
    "image": "downloaded_images/Animals/Wolf/image_20241017_172822_8.jpg",
    "conversations": [
      {
        "from": "human",
        "value": "<image>\nHow is this animal referred to in everyday language?"
      },
      {
        "from": "gpt",
        "value": "The animal in the image is a wolf."
      }
    ]
  },
  {
    "id": "400058",
    "image": "downloaded_images/Animals/Wolf/image_20241106_100600_6.jpg",
    "conversations": [
      {
        "from": "human",
        "value": "<image>\nWhat is the taxonomic family or order of this animal?"
      },
      {
        "from": "gpt",
        "value": "The wolf belongs to the family Canidae and the order Carnivora."
      }
    ]
  },
  {
    "id": "400059",
    "image": "downloaded_images/Animals/Wolf/image_20241106_100749_18.jpg",
    "conversations": [
      {
        "from": "human",
        "value": "<image>\nWhat is the taxonomic family or order of this animal?"
      },
      {
        "from": "gpt",
        "value": "The wolf belongs to the family Canidae and the order Carnivora."
      }
    ]
  },
  {
    "id": "400060",
    "image": "downloaded_images/Animals/Wolf/image_20241106_100842_24.jpg",
    "conversations": [
      {
        "from": "human",
        "value": "<image>\nWhat is the taxonomic family or order of this animal?"
      },
      {
        "from": "gpt",
        "value": "The wolf belongs to the family Canidae and the order Carnivora."
      }
    ]
  },
  {
    "id": "400061",
    "image": "downloaded_images/Animals/Wolf/image_20241106_100815_21.jpg",
    "conversations": [
      {
        "from": "human",
        "value": "<image>\nWhat is the taxonomic family or order of this animal?"
      },
      {
        "from": "gpt",
        "value": "The wolf belongs to the family Canidae and the order Carnivora."
      }
    ]
  },
  {
    "id": "400062",
    "image": "downloaded_images/Animals/Wolf/image_20241017_172747_4.jpg",
    "conversations": [
      {
        "from": "human",
        "value": "<image>\nWhat is the taxonomic family or order of this animal?"
      },
      {
        "from": "gpt",
        "value": "The wolf belongs to the family Canidae and the order Carnivora."
      }
    ]
  },
  {
    "id": "400063",
    "image": "downloaded_images/Animals/Wolf/image_20241106_100722_15.jpg",
    "conversations": [
      {
        "from": "human",
        "value": "<image>\nHow would you classify this animal's eating habits?"
      },
      {
        "from": "gpt",
        "value": "Wolves are carnivores, primarily hunting and eating other animals."
      }
    ]
  },
  {
    "id": "400064",
    "image": "downloaded_images/Animals/Wolf/image_20241106_100941_30.jpg",
    "conversations": [
      {
        "from": "human",
        "value": "<image>\nHow would you classify this animal's eating habits?"
      },
      {
        "from": "gpt",
        "value": "Wolves are carnivores, primarily hunting and eating other animals."
      }
    ]
  },
  {
    "id": "400065",
    "image": "downloaded_images/Animals/Wolf/image_20241106_100749_18.jpg",
    "conversations": [
      {
        "from": "human",
        "value": "<image>\nHow would you classify this animal's eating habits?"
      },
      {
        "from": "gpt",
        "value": "Wolves are carnivores, primarily hunting and eating other animals."
      }
    ]
  },
  {
    "id": "400066",
    "image": "downloaded_images/Animals/Wolf/image_20241106_100851_25.jpg",
    "conversations": [
      {
        "from": "human",
        "value": "<image>\nHow would you classify this animal's eating habits?"
      },
      {
        "from": "gpt",
        "value": "Wolves are carnivores, primarily hunting and eating other animals."
      }
    ]
  },
  {
    "id": "400067",
    "image": "downloaded_images/Animals/Wolf/image_20241017_172900_12.jpg",
    "conversations": [
      {
        "from": "human",
        "value": "<image>\nHow would you classify this animal's eating habits?"
      },
      {
        "from": "gpt",
        "value": "Wolves are carnivores, primarily hunting and eating other animals."
      }
    ]
  },
  {
    "id": "400068",
    "image": "downloaded_images/Animals/Wolf/image_20241106_100635_10.jpg",
    "conversations": [
      {
        "from": "human",
        "value": "<image>\nWhere is this animal primarily found—regionally or globally?"
      },
      {
        "from": "gpt",
        "value": "The wolf in the image appears to be a gray wolf, which is native to North America. Gray wolves are found in a variety of habitats across the continent, including forests, grasslands, and tundra. They are not found globally; their range is limited to North America."
      }
    ]
  },
  {
    "id": "400069",
    "image": "downloaded_images/Animals/Wolf/image_20241017_172933_16.jpg",
    "conversations": [
      {
        "from": "human",
        "value": "<image>\nWhere is this animal primarily found—regionally or globally?"
      },
      {
        "from": "gpt",
        "value": "The wolf in the image appears to be a gray wolf, which is native to North America. Gray wolves are found in a variety of habitats across the continent, including forests, grasslands, and tundra. They are not found globally; their range is limited to North America."
      }
    ]
  },
  {
    "id": "400070",
    "image": "downloaded_images/Animals/Wolf/image_20241106_100932_29.jpg",
    "conversations": [
      {
        "from": "human",
        "value": "<image>\nWhere is this animal primarily found—regionally or globally?"
      },
      {
        "from": "gpt",
        "value": "The wolf in the image appears to be a gray wolf, which is native to North America. Gray wolves are found in a variety of habitats across the continent, including forests, grasslands, and tundra. They are not found globally; their range is limited to North America."
      }
    ]
  },
  {
    "id": "400071",
    "image": "downloaded_images/Animals/Wolf/image_20241106_100643_11.jpg",
    "conversations": [
      {
        "from": "human",
        "value": "<image>\nWhere is this animal primarily found—regionally or globally?"
      },
      {
        "from": "gpt",
        "value": "The wolf in the image appears to be a gray wolf, which is native to North America. Gray wolves are found in a variety of habitats across the continent, including forests, grasslands, and tundra. They are not found globally; their range is limited to North America."
      }
    ]
  },
  {
    "id": "400072",
    "image": "downloaded_images/Animals/Wolf/image_20241106_100551_5.jpg",
    "conversations": [
      {
        "from": "human",
        "value": "<image>\nWhere is this animal primarily found—regionally or globally?"
      },
      {
        "from": "gpt",
        "value": "The wolf in the image appears to be a gray wolf, which is native to North America. Gray wolves are found in a variety of habitats across the continent, including forests, grasslands, and tundra. They are not found globally; their range is limited to North America."
      }
    ]
  },
  {
    "id": "400073",
    "image": "downloaded_images/Animals/Wolf/image_20241106_100815_21.jpg",
    "conversations": [
      {
        "from": "human",
        "value": "<image>\nWhat are the details of this animal's reproduction, such as mating behaviors and how long it is pregnant?"
      },
      {
        "from": "gpt",
        "value": "Wolves typically mate for life and have a breeding season that occurs in late winter. The gestation period for wolves is about 63 days, after which the female gives birth to a litter of 4 to 7 pups, although litters can range from 1 to 14 pups. The pups are cared for by both parents and other pack members."
      }
    ]
  },
  {
    "id": "400074",
    "image": "downloaded_images/Animals/Wolf/image_20241017_172847_11.jpg",
    "conversations": [
      {
        "from": "human",
        "value": "<image>\nWhat are the details of this animal's reproduction, such as mating behaviors and how long it is pregnant?"
      },
      {
        "from": "gpt",
        "value": "Wolves typically mate for life and have a breeding season that occurs in late winter. The gestation period for wolves is about 63 days, after which the female gives birth to a litter of 4 to 7 pups, although litters can range from 1 to 14 pups. The pups are cared for by both parents and other pack members."
      }
    ]
  },
  {
    "id": "400075",
    "image": "downloaded_images/Animals/Wolf/image_20241106_100910_27.jpg",
    "conversations": [
      {
        "from": "human",
        "value": "<image>\nWhat are the details of this animal's reproduction, such as mating behaviors and how long it is pregnant?"
      },
      {
        "from": "gpt",
        "value": "Wolves typically mate for life and have a breeding season that occurs in late winter. The gestation period for wolves is about 63 days, after which the female gives birth to a litter of 4 to 7 pups, although litters can range from 1 to 14 pups. The pups are cared for by both parents and other pack members."
      }
    ]
  },
  {
    "id": "400076",
    "image": "downloaded_images/Animals/Wolf/image_20241017_172838_10.jpg",
    "conversations": [
      {
        "from": "human",
        "value": "<image>\nWhat are the details of this animal's reproduction, such as mating behaviors and how long it is pregnant?"
      },
      {
        "from": "gpt",
        "value": "Wolves typically mate for life and have a breeding season that occurs in late winter. The gestation period for wolves is about 63 days, after which the female gives birth to a litter of 4 to 7 pups, although litters can range from 1 to 14 pups. The pups are cared for by both parents and other pack members."
      }
    ]
  },
  {
    "id": "400077",
    "image": "downloaded_images/Animals/Wolf/image_20241017_172916_14.jpg",
    "conversations": [
      {
        "from": "human",
        "value": "<image>\nWhat are the details of this animal's reproduction, such as mating behaviors and how long it is pregnant?"
      },
      {
        "from": "gpt",
        "value": "Wolves typically mate for life and have a breeding season that occurs in late winter. The gestation period for wolves is about 63 days, after which the female gives birth to a litter of 4 to 7 pups, although litters can range from 1 to 14 pups. The pups are cared for by both parents and other pack members."
      }
    ]
  }
]