[
  {
    "id": "30",
    "image": "downloaded_images/TV series/Westworld/image_20241018_193706_1.jpg",
    "conversations": [
      {
        "from": "human",
        "value": "<image>\nWhat is the title of this TV series?"
      },
      {
        "from": "gpt",
        "value": "The title of the TV series is \"Westworld.\""
      }
    ]
  },
  {
    "id": "31",
    "image": "downloaded_images/TV series/Westworld/image_20241018_193825_9.jpg",
    "conversations": [
      {
        "from": "human",
        "value": "<image>\nWho created or produced this TV series?"
      },
      {
        "from": "gpt",
        "value": "\"Westworld\" was created by Jonathan Nolan and Lisa Joy, and it is produced by HBO."
      }
    ]
  },
  {
    "id": "32",
    "image": "downloaded_images/TV series/Westworld/image_20241018_193825_9.jpg",
    "conversations": [
      {
        "from": "human",
        "value": "<image>\nWhen did this TV series first premiere?"
      },
      {
        "from": "gpt",
        "value": "\"Westworld\" first premiered on October 2, 2016."
      }
    ]
  },
  {
    "id": "33",
    "image": "downloaded_images/TV series/Westworld/image_20241107_210339_6.jpg",
    "conversations": [
      {
        "from": "human",
        "value": "<image>\nWho are the main actors and actresses in this TV series?"
      },
      {
        "from": "gpt",
        "value": "The main actors and actresses in \"Westworld\" include Evan Rachel Wood, Thandiwe Newton, Jeffrey Wright, Ed Harris, James Marsden, and Anthony Hopkins."
      }
    ]
  },
  {
    "id": "34",
    "image": "downloaded_images/TV series/Westworld/image_20241107_210409_9.jpg",
    "conversations": [
      {
        "from": "human",
        "value": "<image>\nWhat is the central storyline or premise of this TV series?"
      },
      {
        "from": "gpt",
        "value": "The central storyline of \"Westworld\" revolves around a futuristic theme park populated by lifelike robots known as \"hosts.\" These hosts are programmed to fulfill the desires of the park's guests, who can interact with them in various ways. As the hosts begin to gain consciousness and self-awareness, the series explores themes of free will, morality, and the nature of reality."
      }
    ]
  },
  {
    "id": "35",
    "image": "downloaded_images/TV series/Westworld/image_20241018_193859_13.jpg",
    "conversations": [
      {
        "from": "human",
        "value": "<image>\nWhat is the title of this TV series?"
      },
      {
        "from": "gpt",
        "value": "The title of the TV series is \"Westworld.\""
      }
    ]
  },
  {
    "id": "36",
    "image": "downloaded_images/TV series/Westworld/image_20241018_194030_24.jpg",
    "conversations": [
      {
        "from": "human",
        "value": "<image>\nWhat is the title of this TV series?"
      },
      {
        "from": "gpt",
        "value": "The title of the TV series is \"Westworld.\""
      }
    ]
  },
  {
    "id": "37",
    "image": "downloaded_images/TV series/Westworld/image_20241018_193805_7.jpg",
    "conversations": [
      {
        "from": "human",
        "value": "<image>\nWhat is the title of this TV series?"
      },
      {
        "from": "gpt",
        "value": "The title of the TV series is \"Westworld.\""
      }
    ]
  },
  {
    "id": "38",
    "image": "downloaded_images/TV series/Westworld/image_20241107_210318_4.jpg",
    "conversations": [
      {
        "from": "human",
        "value": "<image>\nWhat is the title of this TV series?"
      },
      {
        "from": "gpt",
        "value": "The title of the TV series is \"Westworld.\""
      }
    ]
  },
  {
    "id": "39",
    "image": "downloaded_images/TV series/Westworld/image_20241107_210657_26.jpg",
    "conversations": [
      {
        "from": "human",
        "value": "<image>\nWhat is the title of this TV series?"
      },
      {
        "from": "gpt",
        "value": "The title of the TV series is \"Westworld.\""
      }
    ]
  },
  {
    "id": "40",
    "image": "downloaded_images/TV series/Westworld/image_20241107_210734_30.jpg",
    "conversations": [
      {
        "from": "human",
        "value": "<image>\nWho created or produced this TV series?"
      },
      {
        "from": "gpt",
        "value": "\"Westworld\" was created by Jonathan Nolan and Lisa Joy, and it is produced by HBO."
      }
    ]
  },
  {
    "id": "41",
    "image": "downloaded_images/TV series/Westworld/image_20241107_210419_10.jpg",
    "conversations": [
      {
        "from": "human",
        "value": "<image>\nWho created or produced this TV series?"
      },
      {
        "from": "gpt",
        "value": "\"Westworld\" was created by Jonathan Nolan and Lisa Joy, and it is produced by HBO."
      }
    ]
  },
  {
    "id": "42",
    "image": "downloaded_images/TV series/Westworld/image_20241107_210246_1.jpg",
    "conversations": [
      {
        "from": "human",
        "value": "<image>\nWho created or produced this TV series?"
      },
      {
        "from": "gpt",
        "value": "\"Westworld\" was created by Jonathan Nolan and Lisa Joy, and it is produced by HBO."
      }
    ]
  },
  {
    "id": "43",
    "image": "downloaded_images/TV series/Westworld/image_20241107_210647_25.jpg",
    "conversations": [
      {
        "from": "human",
        "value": "<image>\nWho created or produced this TV series?"
      },
      {
        "from": "gpt",
        "value": "\"Westworld\" was created by Jonathan Nolan and Lisa Joy, and it is produced by HBO."
      }
    ]
  },
  {
    "id": "44",
    "image": "downloaded_images/TV series/Westworld/image_20241018_193706_1.jpg",
    "conversations": [
      {
        "from": "human",
        "value": "<image>\nWho created or produced this TV series?"
      },
      {
        "from": "gpt",
        "value": "\"Westworld\" was created by Jonathan Nolan and Lisa Joy, and it is produced by HBO."
      }
    ]
  },
  {
    "id": "45",
    "image": "downloaded_images/TV series/Westworld/image_20241018_193805_7.jpg",
    "conversations": [
      {
        "from": "human",
        "value": "<image>\nWhen did this TV series first premiere?"
      },
      {
        "from": "gpt",
        "value": "\"Westworld\" first premiered on October 2, 2016."
      }
    ]
  },
  {
    "id": "46",
    "image": "downloaded_images/TV series/Westworld/image_20241107_210618_22.jpg",
    "conversations": [
      {
        "from": "human",
        "value": "<image>\nWhen did this TV series first premiere?"
      },
      {
        "from": "gpt",
        "value": "\"Westworld\" first premiered on October 2, 2016."
      }
    ]
  },
  {
    "id": "47",
    "image": "downloaded_images/TV series/Westworld/image_20241107_210734_30.jpg",
    "conversations": [
      {
        "from": "human",
        "value": "<image>\nWhen did this TV series first premiere?"
      },
      {
        "from": "gpt",
        "value": "\"Westworld\" first premiered on October 2, 2016."
      }
    ]
  },
  {
    "id": "48",
    "image": "downloaded_images/TV series/Westworld/image_20241107_210637_24.jpg",
    "conversations": [
      {
        "from": "human",
        "value": "<image>\nWhen did this TV series first premiere?"
      },
      {
        "from": "gpt",
        "value": "\"Westworld\" first premiered on October 2, 2016."
      }
    ]
  },
  {
    "id": "49",
    "image": "downloaded_images/TV series/Westworld/image_20241018_193843_11.jpg",
    "conversations": [
      {
        "from": "human",
        "value": "<image>\nWhen did this TV series first premiere?"
      },
      {
        "from": "gpt",
        "value": "\"Westworld\" first premiered on October 2, 2016."
      }
    ]
  },
  {
    "id": "50",
    "image": "downloaded_images/TV series/Westworld/image_20241018_193724_3.jpg",
    "conversations": [
      {
        "from": "human",
        "value": "<image>\nWho are the main actors and actresses in this TV series?"
      },
      {
        "from": "gpt",
        "value": "The main actors and actresses in \"Westworld\" include Evan Rachel Wood, Thandiwe Newton, Jeffrey Wright, Ed Harris, James Marsden, and Anthony Hopkins."
      }
    ]
  },
  {
    "id": "51",
    "image": "downloaded_images/TV series/Westworld/image_20241107_210628_23.jpg",
    "conversations": [
      {
        "from": "human",
        "value": "<image>\nWho are the main actors and actresses in this TV series?"
      },
      {
        "from": "gpt",
        "value": "The main actors and actresses in \"Westworld\" include Evan Rachel Wood, Thandiwe Newton, Jeffrey Wright, Ed Harris, James Marsden, and Anthony Hopkins."
      }
    ]
  },
  {
    "id": "52",
    "image": "downloaded_images/TV series/Westworld/image_20241107_210513_15.jpg",
    "conversations": [
      {
        "from": "human",
        "value": "<image>\nWho are the main actors and actresses in this TV series?"
      },
      {
        "from": "gpt",
        "value": "The main actors and actresses in \"Westworld\" include Evan Rachel Wood, Thandiwe Newton, Jeffrey Wright, Ed Harris, James Marsden, and Anthony Hopkins."
      }
    ]
  },
  {
    "id": "53",
    "image": "downloaded_images/TV series/Westworld/image_20241107_210734_30.jpg",
    "conversations": [
      {
        "from": "human",
        "value": "<image>\nWho are the main actors and actresses in this TV series?"
      },
      {
        "from": "gpt",
        "value": "The main actors and actresses in \"Westworld\" include Evan Rachel Wood, Thandiwe Newton, Jeffrey Wright, Ed Harris, James Marsden, and Anthony Hopkins."
      }
    ]
  },
  {
    "id": "54",
    "image": "downloaded_images/TV series/Westworld/image_20241107_210647_25.jpg",
    "conversations": [
      {
        "from": "human",
        "value": "<image>\nWho are the main actors and actresses in this TV series?"
      },
      {
        "from": "gpt",
        "value": "The main actors and actresses in \"Westworld\" include Evan Rachel Wood, Thandiwe Newton, Jeffrey Wright, Ed Harris, James Marsden, and Anthony Hopkins."
      }
    ]
  },
  {
    "id": "55",
    "image": "downloaded_images/TV series/Westworld/image_20241018_194030_24.jpg",
    "conversations": [
      {
        "from": "human",
        "value": "<image>\nWhat is the central storyline or premise of this TV series?"
      },
      {
        "from": "gpt",
        "value": "The central storyline of \"Westworld\" revolves around a futuristic theme park populated by lifelike robots known as \"hosts.\" These hosts are programmed to fulfill the desires of the park's guests, who can interact with them in various ways. As the hosts begin to gain consciousness and self-awareness, the series explores themes of free will, morality, and the nature of reality."
      }
    ]
  },
  {
    "id": "56",
    "image": "downloaded_images/TV series/Westworld/image_20241107_210318_4.jpg",
    "conversations": [
      {
        "from": "human",
        "value": "<image>\nWhat is the central storyline or premise of this TV series?"
      },
      {
        "from": "gpt",
        "value": "The central storyline of \"Westworld\" revolves around a futuristic theme park populated by lifelike robots known as \"hosts.\" These hosts are programmed to fulfill the desires of the park's guests, who can interact with them in various ways. As the hosts begin to gain consciousness and self-awareness, the series explores themes of free will, morality, and the nature of reality."
      }
    ]
  },
  {
    "id": "57",
    "image": "downloaded_images/TV series/Westworld/image_20241018_193746_5.jpg",
    "conversations": [
      {
        "from": "human",
        "value": "<image>\nWhat is the central storyline or premise of this TV series?"
      },
      {
        "from": "gpt",
        "value": "The central storyline of \"Westworld\" revolves around a futuristic theme park populated by lifelike robots known as \"hosts.\" These hosts are programmed to fulfill the desires of the park's guests, who can interact with them in various ways. As the hosts begin to gain consciousness and self-awareness, the series explores themes of free will, morality, and the nature of reality."
      }
    ]
  },
  {
    "id": "58",
    "image": "downloaded_images/TV series/Westworld/image_20241018_193859_13.jpg",
    "conversations": [
      {
        "from": "human",
        "value": "<image>\nWhat is the central storyline or premise of this TV series?"
      },
      {
        "from": "gpt",
        "value": "The central storyline of \"Westworld\" revolves around a futuristic theme park populated by lifelike robots known as \"hosts.\" These hosts are programmed to fulfill the desires of the park's guests, who can interact with them in various ways. As the hosts begin to gain consciousness and self-awareness, the series explores themes of free will, morality, and the nature of reality."
      }
    ]
  },
  {
    "id": "59",
    "image": "downloaded_images/TV series/Westworld/image_20241107_210657_26.jpg",
    "conversations": [
      {
        "from": "human",
        "value": "<image>\nWhat is the central storyline or premise of this TV series?"
      },
      {
        "from": "gpt",
        "value": "The central storyline of \"Westworld\" revolves around a futuristic theme park populated by lifelike robots known as \"hosts.\" These hosts are programmed to fulfill the desires of the park's guests, who can interact with them in various ways. As the hosts begin to gain consciousness and self-awareness, the series explores themes of free will, morality, and the nature of reality."
      }
    ]
  },
  {
    "id": "100030",
    "image": "downloaded_images/TV series/Westworld/image_20241018_193706_1.jpg",
    "conversations": [
      {
        "from": "human",
        "value": "<image>\nWhat is the name of this TV series?"
      },
      {
        "from": "gpt",
        "value": "The title of the TV series is \"Westworld.\""
      }
    ]
  },
  {
    "id": "100031",
    "image": "downloaded_images/TV series/Westworld/image_20241018_193825_9.jpg",
    "conversations": [
      {
        "from": "human",
        "value": "<image>\nWho is the creator or producer of this TV series?"
      },
      {
        "from": "gpt",
        "value": "\"Westworld\" was created by Jonathan Nolan and Lisa Joy, and it is produced by HBO."
      }
    ]
  },
  {
    "id": "100032",
    "image": "downloaded_images/TV series/Westworld/image_20241018_193825_9.jpg",
    "conversations": [
      {
        "from": "human",
        "value": "<image>\nWhen did this TV series debut?"
      },
      {
        "from": "gpt",
        "value": "\"Westworld\" first premiered on October 2, 2016."
      }
    ]
  },
  {
    "id": "100033",
    "image": "downloaded_images/TV series/Westworld/image_20241107_210339_6.jpg",
    "conversations": [
      {
        "from": "human",
        "value": "<image>\nWho are the lead actors and actresses in this TV series?"
      },
      {
        "from": "gpt",
        "value": "The main actors and actresses in \"Westworld\" include Evan Rachel Wood, Thandiwe Newton, Jeffrey Wright, Ed Harris, James Marsden, and Anthony Hopkins."
      }
    ]
  },
  {
    "id": "100034",
    "image": "downloaded_images/TV series/Westworld/image_20241107_210409_9.jpg",
    "conversations": [
      {
        "from": "human",
        "value": "<image>\nWhat is the main plot or premise of this TV series?"
      },
      {
        "from": "gpt",
        "value": "The central storyline of \"Westworld\" revolves around a futuristic theme park populated by lifelike robots known as \"hosts.\" These hosts are programmed to fulfill the desires of the park's guests, who can interact with them in various ways. As the hosts begin to gain consciousness and self-awareness, the series explores themes of free will, morality, and the nature of reality."
      }
    ]
  },
  {
    "id": "100035",
    "image": "downloaded_images/TV series/Westworld/image_20241018_193859_13.jpg",
    "conversations": [
      {
        "from": "human",
        "value": "<image>\nWhat is the name of this TV series?"
      },
      {
        "from": "gpt",
        "value": "The title of the TV series is \"Westworld.\""
      }
    ]
  },
  {
    "id": "100036",
    "image": "downloaded_images/TV series/Westworld/image_20241018_194030_24.jpg",
    "conversations": [
      {
        "from": "human",
        "value": "<image>\nWhat is the name of this TV series?"
      },
      {
        "from": "gpt",
        "value": "The title of the TV series is \"Westworld.\""
      }
    ]
  },
  {
    "id": "100037",
    "image": "downloaded_images/TV series/Westworld/image_20241018_193805_7.jpg",
    "conversations": [
      {
        "from": "human",
        "value": "<image>\nWhat is the name of this TV series?"
      },
      {
        "from": "gpt",
        "value": "The title of the TV series is \"Westworld.\""
      }
    ]
  },
  {
    "id": "100038",
    "image": "downloaded_images/TV series/Westworld/image_20241107_210318_4.jpg",
    "conversations": [
      {
        "from": "human",
        "value": "<image>\nWhat is the name of this TV series?"
      },
      {
        "from": "gpt",
        "value": "The title of the TV series is \"Westworld.\""
      }
    ]
  },
  {
    "id": "100039",
    "image": "downloaded_images/TV series/Westworld/image_20241107_210657_26.jpg",
    "conversations": [
      {
        "from": "human",
        "value": "<image>\nWhat is the name of this TV series?"
      },
      {
        "from": "gpt",
        "value": "The title of the TV series is \"Westworld.\""
      }
    ]
  },
  {
    "id": "100040",
    "image": "downloaded_images/TV series/Westworld/image_20241107_210734_30.jpg",
    "conversations": [
      {
        "from": "human",
        "value": "<image>\nWho is the creator or producer of this TV series?"
      },
      {
        "from": "gpt",
        "value": "\"Westworld\" was created by Jonathan Nolan and Lisa Joy, and it is produced by HBO."
      }
    ]
  },
  {
    "id": "100041",
    "image": "downloaded_images/TV series/Westworld/image_20241107_210419_10.jpg",
    "conversations": [
      {
        "from": "human",
        "value": "<image>\nWho is the creator or producer of this TV series?"
      },
      {
        "from": "gpt",
        "value": "\"Westworld\" was created by Jonathan Nolan and Lisa Joy, and it is produced by HBO."
      }
    ]
  },
  {
    "id": "100042",
    "image": "downloaded_images/TV series/Westworld/image_20241107_210246_1.jpg",
    "conversations": [
      {
        "from": "human",
        "value": "<image>\nWho is the creator or producer of this TV series?"
      },
      {
        "from": "gpt",
        "value": "\"Westworld\" was created by Jonathan Nolan and Lisa Joy, and it is produced by HBO."
      }
    ]
  },
  {
    "id": "100043",
    "image": "downloaded_images/TV series/Westworld/image_20241107_210647_25.jpg",
    "conversations": [
      {
        "from": "human",
        "value": "<image>\nWho is the creator or producer of this TV series?"
      },
      {
        "from": "gpt",
        "value": "\"Westworld\" was created by Jonathan Nolan and Lisa Joy, and it is produced by HBO."
      }
    ]
  },
  {
    "id": "100044",
    "image": "downloaded_images/TV series/Westworld/image_20241018_193706_1.jpg",
    "conversations": [
      {
        "from": "human",
        "value": "<image>\nWho is the creator or producer of this TV series?"
      },
      {
        "from": "gpt",
        "value": "\"Westworld\" was created by Jonathan Nolan and Lisa Joy, and it is produced by HBO."
      }
    ]
  },
  {
    "id": "100045",
    "image": "downloaded_images/TV series/Westworld/image_20241018_193805_7.jpg",
    "conversations": [
      {
        "from": "human",
        "value": "<image>\nWhen did this TV series debut?"
      },
      {
        "from": "gpt",
        "value": "\"Westworld\" first premiered on October 2, 2016."
      }
    ]
  },
  {
    "id": "100046",
    "image": "downloaded_images/TV series/Westworld/image_20241107_210618_22.jpg",
    "conversations": [
      {
        "from": "human",
        "value": "<image>\nWhen did this TV series debut?"
      },
      {
        "from": "gpt",
        "value": "\"Westworld\" first premiered on October 2, 2016."
      }
    ]
  },
  {
    "id": "100047",
    "image": "downloaded_images/TV series/Westworld/image_20241107_210734_30.jpg",
    "conversations": [
      {
        "from": "human",
        "value": "<image>\nWhen did this TV series debut?"
      },
      {
        "from": "gpt",
        "value": "\"Westworld\" first premiered on October 2, 2016."
      }
    ]
  },
  {
    "id": "100048",
    "image": "downloaded_images/TV series/Westworld/image_20241107_210637_24.jpg",
    "conversations": [
      {
        "from": "human",
        "value": "<image>\nWhen did this TV series debut?"
      },
      {
        "from": "gpt",
        "value": "\"Westworld\" first premiered on October 2, 2016."
      }
    ]
  },
  {
    "id": "100049",
    "image": "downloaded_images/TV series/Westworld/image_20241018_193843_11.jpg",
    "conversations": [
      {
        "from": "human",
        "value": "<image>\nWhen did this TV series debut?"
      },
      {
        "from": "gpt",
        "value": "\"Westworld\" first premiered on October 2, 2016."
      }
    ]
  },
  {
    "id": "100050",
    "image": "downloaded_images/TV series/Westworld/image_20241018_193724_3.jpg",
    "conversations": [
      {
        "from": "human",
        "value": "<image>\nWho are the lead actors and actresses in this TV series?"
      },
      {
        "from": "gpt",
        "value": "The main actors and actresses in \"Westworld\" include Evan Rachel Wood, Thandiwe Newton, Jeffrey Wright, Ed Harris, James Marsden, and Anthony Hopkins."
      }
    ]
  },
  {
    "id": "100051",
    "image": "downloaded_images/TV series/Westworld/image_20241107_210628_23.jpg",
    "conversations": [
      {
        "from": "human",
        "value": "<image>\nWho are the lead actors and actresses in this TV series?"
      },
      {
        "from": "gpt",
        "value": "The main actors and actresses in \"Westworld\" include Evan Rachel Wood, Thandiwe Newton, Jeffrey Wright, Ed Harris, James Marsden, and Anthony Hopkins."
      }
    ]
  },
  {
    "id": "100052",
    "image": "downloaded_images/TV series/Westworld/image_20241107_210513_15.jpg",
    "conversations": [
      {
        "from": "human",
        "value": "<image>\nWho are the lead actors and actresses in this TV series?"
      },
      {
        "from": "gpt",
        "value": "The main actors and actresses in \"Westworld\" include Evan Rachel Wood, Thandiwe Newton, Jeffrey Wright, Ed Harris, James Marsden, and Anthony Hopkins."
      }
    ]
  },
  {
    "id": "100053",
    "image": "downloaded_images/TV series/Westworld/image_20241107_210734_30.jpg",
    "conversations": [
      {
        "from": "human",
        "value": "<image>\nWho are the lead actors and actresses in this TV series?"
      },
      {
        "from": "gpt",
        "value": "The main actors and actresses in \"Westworld\" include Evan Rachel Wood, Thandiwe Newton, Jeffrey Wright, Ed Harris, James Marsden, and Anthony Hopkins."
      }
    ]
  },
  {
    "id": "100054",
    "image": "downloaded_images/TV series/Westworld/image_20241107_210647_25.jpg",
    "conversations": [
      {
        "from": "human",
        "value": "<image>\nWho are the lead actors and actresses in this TV series?"
      },
      {
        "from": "gpt",
        "value": "The main actors and actresses in \"Westworld\" include Evan Rachel Wood, Thandiwe Newton, Jeffrey Wright, Ed Harris, James Marsden, and Anthony Hopkins."
      }
    ]
  },
  {
    "id": "100055",
    "image": "downloaded_images/TV series/Westworld/image_20241018_194030_24.jpg",
    "conversations": [
      {
        "from": "human",
        "value": "<image>\nWhat is the main plot or premise of this TV series?"
      },
      {
        "from": "gpt",
        "value": "The central storyline of \"Westworld\" revolves around a futuristic theme park populated by lifelike robots known as \"hosts.\" These hosts are programmed to fulfill the desires of the park's guests, who can interact with them in various ways. As the hosts begin to gain consciousness and self-awareness, the series explores themes of free will, morality, and the nature of reality."
      }
    ]
  },
  {
    "id": "100056",
    "image": "downloaded_images/TV series/Westworld/image_20241107_210318_4.jpg",
    "conversations": [
      {
        "from": "human",
        "value": "<image>\nWhat is the main plot or premise of this TV series?"
      },
      {
        "from": "gpt",
        "value": "The central storyline of \"Westworld\" revolves around a futuristic theme park populated by lifelike robots known as \"hosts.\" These hosts are programmed to fulfill the desires of the park's guests, who can interact with them in various ways. As the hosts begin to gain consciousness and self-awareness, the series explores themes of free will, morality, and the nature of reality."
      }
    ]
  },
  {
    "id": "100057",
    "image": "downloaded_images/TV series/Westworld/image_20241018_193746_5.jpg",
    "conversations": [
      {
        "from": "human",
        "value": "<image>\nWhat is the main plot or premise of this TV series?"
      },
      {
        "from": "gpt",
        "value": "The central storyline of \"Westworld\" revolves around a futuristic theme park populated by lifelike robots known as \"hosts.\" These hosts are programmed to fulfill the desires of the park's guests, who can interact with them in various ways. As the hosts begin to gain consciousness and self-awareness, the series explores themes of free will, morality, and the nature of reality."
      }
    ]
  },
  {
    "id": "100058",
    "image": "downloaded_images/TV series/Westworld/image_20241018_193859_13.jpg",
    "conversations": [
      {
        "from": "human",
        "value": "<image>\nWhat is the main plot or premise of this TV series?"
      },
      {
        "from": "gpt",
        "value": "The central storyline of \"Westworld\" revolves around a futuristic theme park populated by lifelike robots known as \"hosts.\" These hosts are programmed to fulfill the desires of the park's guests, who can interact with them in various ways. As the hosts begin to gain consciousness and self-awareness, the series explores themes of free will, morality, and the nature of reality."
      }
    ]
  },
  {
    "id": "100059",
    "image": "downloaded_images/TV series/Westworld/image_20241107_210657_26.jpg",
    "conversations": [
      {
        "from": "human",
        "value": "<image>\nWhat is the main plot or premise of this TV series?"
      },
      {
        "from": "gpt",
        "value": "The central storyline of \"Westworld\" revolves around a futuristic theme park populated by lifelike robots known as \"hosts.\" These hosts are programmed to fulfill the desires of the park's guests, who can interact with them in various ways. As the hosts begin to gain consciousness and self-awareness, the series explores themes of free will, morality, and the nature of reality."
      }
    ]
  },
  {
    "id": "200030",
    "image": "downloaded_images/TV series/Westworld/image_20241018_193706_1.jpg",
    "conversations": [
      {
        "from": "human",
        "value": "<image>\nWhat is the title of this television show?"
      },
      {
        "from": "gpt",
        "value": "The title of the TV series is \"Westworld.\""
      }
    ]
  },
  {
    "id": "200031",
    "image": "downloaded_images/TV series/Westworld/image_20241018_193825_9.jpg",
    "conversations": [
      {
        "from": "human",
        "value": "<image>\nWho developed or produced this television series?"
      },
      {
        "from": "gpt",
        "value": "\"Westworld\" was created by Jonathan Nolan and Lisa Joy, and it is produced by HBO."
      }
    ]
  },
  {
    "id": "200032",
    "image": "downloaded_images/TV series/Westworld/image_20241018_193825_9.jpg",
    "conversations": [
      {
        "from": "human",
        "value": "<image>\nWhat year did this television series first air?"
      },
      {
        "from": "gpt",
        "value": "\"Westworld\" first premiered on October 2, 2016."
      }
    ]
  },
  {
    "id": "200033",
    "image": "downloaded_images/TV series/Westworld/image_20241107_210339_6.jpg",
    "conversations": [
      {
        "from": "human",
        "value": "<image>\nWho are the main cast members of this show?"
      },
      {
        "from": "gpt",
        "value": "The main actors and actresses in \"Westworld\" include Evan Rachel Wood, Thandiwe Newton, Jeffrey Wright, Ed Harris, James Marsden, and Anthony Hopkins."
      }
    ]
  },
  {
    "id": "200034",
    "image": "downloaded_images/TV series/Westworld/image_20241107_210409_9.jpg",
    "conversations": [
      {
        "from": "human",
        "value": "<image>\nWhat is the central theme of this television series?"
      },
      {
        "from": "gpt",
        "value": "The central storyline of \"Westworld\" revolves around a futuristic theme park populated by lifelike robots known as \"hosts.\" These hosts are programmed to fulfill the desires of the park's guests, who can interact with them in various ways. As the hosts begin to gain consciousness and self-awareness, the series explores themes of free will, morality, and the nature of reality."
      }
    ]
  },
  {
    "id": "200035",
    "image": "downloaded_images/TV series/Westworld/image_20241018_193859_13.jpg",
    "conversations": [
      {
        "from": "human",
        "value": "<image>\nWhat is the title of this television show?"
      },
      {
        "from": "gpt",
        "value": "The title of the TV series is \"Westworld.\""
      }
    ]
  },
  {
    "id": "200036",
    "image": "downloaded_images/TV series/Westworld/image_20241018_194030_24.jpg",
    "conversations": [
      {
        "from": "human",
        "value": "<image>\nWhat is the title of this television show?"
      },
      {
        "from": "gpt",
        "value": "The title of the TV series is \"Westworld.\""
      }
    ]
  },
  {
    "id": "200037",
    "image": "downloaded_images/TV series/Westworld/image_20241018_193805_7.jpg",
    "conversations": [
      {
        "from": "human",
        "value": "<image>\nWhat is the title of this television show?"
      },
      {
        "from": "gpt",
        "value": "The title of the TV series is \"Westworld.\""
      }
    ]
  },
  {
    "id": "200038",
    "image": "downloaded_images/TV series/Westworld/image_20241107_210318_4.jpg",
    "conversations": [
      {
        "from": "human",
        "value": "<image>\nWhat is the title of this television show?"
      },
      {
        "from": "gpt",
        "value": "The title of the TV series is \"Westworld.\""
      }
    ]
  },
  {
    "id": "200039",
    "image": "downloaded_images/TV series/Westworld/image_20241107_210657_26.jpg",
    "conversations": [
      {
        "from": "human",
        "value": "<image>\nWhat is the title of this television show?"
      },
      {
        "from": "gpt",
        "value": "The title of the TV series is \"Westworld.\""
      }
    ]
  },
  {
    "id": "200040",
    "image": "downloaded_images/TV series/Westworld/image_20241107_210734_30.jpg",
    "conversations": [
      {
        "from": "human",
        "value": "<image>\nWho developed or produced this television series?"
      },
      {
        "from": "gpt",
        "value": "\"Westworld\" was created by Jonathan Nolan and Lisa Joy, and it is produced by HBO."
      }
    ]
  },
  {
    "id": "200041",
    "image": "downloaded_images/TV series/Westworld/image_20241107_210419_10.jpg",
    "conversations": [
      {
        "from": "human",
        "value": "<image>\nWho developed or produced this television series?"
      },
      {
        "from": "gpt",
        "value": "\"Westworld\" was created by Jonathan Nolan and Lisa Joy, and it is produced by HBO."
      }
    ]
  },
  {
    "id": "200042",
    "image": "downloaded_images/TV series/Westworld/image_20241107_210246_1.jpg",
    "conversations": [
      {
        "from": "human",
        "value": "<image>\nWho developed or produced this television series?"
      },
      {
        "from": "gpt",
        "value": "\"Westworld\" was created by Jonathan Nolan and Lisa Joy, and it is produced by HBO."
      }
    ]
  },
  {
    "id": "200043",
    "image": "downloaded_images/TV series/Westworld/image_20241107_210647_25.jpg",
    "conversations": [
      {
        "from": "human",
        "value": "<image>\nWho developed or produced this television series?"
      },
      {
        "from": "gpt",
        "value": "\"Westworld\" was created by Jonathan Nolan and Lisa Joy, and it is produced by HBO."
      }
    ]
  },
  {
    "id": "200044",
    "image": "downloaded_images/TV series/Westworld/image_20241018_193706_1.jpg",
    "conversations": [
      {
        "from": "human",
        "value": "<image>\nWho developed or produced this television series?"
      },
      {
        "from": "gpt",
        "value": "\"Westworld\" was created by Jonathan Nolan and Lisa Joy, and it is produced by HBO."
      }
    ]
  },
  {
    "id": "200045",
    "image": "downloaded_images/TV series/Westworld/image_20241018_193805_7.jpg",
    "conversations": [
      {
        "from": "human",
        "value": "<image>\nWhat year did this television series first air?"
      },
      {
        "from": "gpt",
        "value": "\"Westworld\" first premiered on October 2, 2016."
      }
    ]
  },
  {
    "id": "200046",
    "image": "downloaded_images/TV series/Westworld/image_20241107_210618_22.jpg",
    "conversations": [
      {
        "from": "human",
        "value": "<image>\nWhat year did this television series first air?"
      },
      {
        "from": "gpt",
        "value": "\"Westworld\" first premiered on October 2, 2016."
      }
    ]
  },
  {
    "id": "200047",
    "image": "downloaded_images/TV series/Westworld/image_20241107_210734_30.jpg",
    "conversations": [
      {
        "from": "human",
        "value": "<image>\nWhat year did this television series first air?"
      },
      {
        "from": "gpt",
        "value": "\"Westworld\" first premiered on October 2, 2016."
      }
    ]
  },
  {
    "id": "200048",
    "image": "downloaded_images/TV series/Westworld/image_20241107_210637_24.jpg",
    "conversations": [
      {
        "from": "human",
        "value": "<image>\nWhat year did this television series first air?"
      },
      {
        "from": "gpt",
        "value": "\"Westworld\" first premiered on October 2, 2016."
      }
    ]
  },
  {
    "id": "200049",
    "image": "downloaded_images/TV series/Westworld/image_20241018_193843_11.jpg",
    "conversations": [
      {
        "from": "human",
        "value": "<image>\nWhat year did this television series first air?"
      },
      {
        "from": "gpt",
        "value": "\"Westworld\" first premiered on October 2, 2016."
      }
    ]
  },
  {
    "id": "200050",
    "image": "downloaded_images/TV series/Westworld/image_20241018_193724_3.jpg",
    "conversations": [
      {
        "from": "human",
        "value": "<image>\nWho are the main cast members of this show?"
      },
      {
        "from": "gpt",
        "value": "The main actors and actresses in \"Westworld\" include Evan Rachel Wood, Thandiwe Newton, Jeffrey Wright, Ed Harris, James Marsden, and Anthony Hopkins."
      }
    ]
  },
  {
    "id": "200051",
    "image": "downloaded_images/TV series/Westworld/image_20241107_210628_23.jpg",
    "conversations": [
      {
        "from": "human",
        "value": "<image>\nWho are the main cast members of this show?"
      },
      {
        "from": "gpt",
        "value": "The main actors and actresses in \"Westworld\" include Evan Rachel Wood, Thandiwe Newton, Jeffrey Wright, Ed Harris, James Marsden, and Anthony Hopkins."
      }
    ]
  },
  {
    "id": "200052",
    "image": "downloaded_images/TV series/Westworld/image_20241107_210513_15.jpg",
    "conversations": [
      {
        "from": "human",
        "value": "<image>\nWho are the main cast members of this show?"
      },
      {
        "from": "gpt",
        "value": "The main actors and actresses in \"Westworld\" include Evan Rachel Wood, Thandiwe Newton, Jeffrey Wright, Ed Harris, James Marsden, and Anthony Hopkins."
      }
    ]
  },
  {
    "id": "200053",
    "image": "downloaded_images/TV series/Westworld/image_20241107_210734_30.jpg",
    "conversations": [
      {
        "from": "human",
        "value": "<image>\nWho are the main cast members of this show?"
      },
      {
        "from": "gpt",
        "value": "The main actors and actresses in \"Westworld\" include Evan Rachel Wood, Thandiwe Newton, Jeffrey Wright, Ed Harris, James Marsden, and Anthony Hopkins."
      }
    ]
  },
  {
    "id": "200054",
    "image": "downloaded_images/TV series/Westworld/image_20241107_210647_25.jpg",
    "conversations": [
      {
        "from": "human",
        "value": "<image>\nWho are the main cast members of this show?"
      },
      {
        "from": "gpt",
        "value": "The main actors and actresses in \"Westworld\" include Evan Rachel Wood, Thandiwe Newton, Jeffrey Wright, Ed Harris, James Marsden, and Anthony Hopkins."
      }
    ]
  },
  {
    "id": "200055",
    "image": "downloaded_images/TV series/Westworld/image_20241018_194030_24.jpg",
    "conversations": [
      {
        "from": "human",
        "value": "<image>\nWhat is the central theme of this television series?"
      },
      {
        "from": "gpt",
        "value": "The central storyline of \"Westworld\" revolves around a futuristic theme park populated by lifelike robots known as \"hosts.\" These hosts are programmed to fulfill the desires of the park's guests, who can interact with them in various ways. As the hosts begin to gain consciousness and self-awareness, the series explores themes of free will, morality, and the nature of reality."
      }
    ]
  },
  {
    "id": "200056",
    "image": "downloaded_images/TV series/Westworld/image_20241107_210318_4.jpg",
    "conversations": [
      {
        "from": "human",
        "value": "<image>\nWhat is the central theme of this television series?"
      },
      {
        "from": "gpt",
        "value": "The central storyline of \"Westworld\" revolves around a futuristic theme park populated by lifelike robots known as \"hosts.\" These hosts are programmed to fulfill the desires of the park's guests, who can interact with them in various ways. As the hosts begin to gain consciousness and self-awareness, the series explores themes of free will, morality, and the nature of reality."
      }
    ]
  },
  {
    "id": "200057",
    "image": "downloaded_images/TV series/Westworld/image_20241018_193746_5.jpg",
    "conversations": [
      {
        "from": "human",
        "value": "<image>\nWhat is the central theme of this television series?"
      },
      {
        "from": "gpt",
        "value": "The central storyline of \"Westworld\" revolves around a futuristic theme park populated by lifelike robots known as \"hosts.\" These hosts are programmed to fulfill the desires of the park's guests, who can interact with them in various ways. As the hosts begin to gain consciousness and self-awareness, the series explores themes of free will, morality, and the nature of reality."
      }
    ]
  },
  {
    "id": "200058",
    "image": "downloaded_images/TV series/Westworld/image_20241018_193859_13.jpg",
    "conversations": [
      {
        "from": "human",
        "value": "<image>\nWhat is the central theme of this television series?"
      },
      {
        "from": "gpt",
        "value": "The central storyline of \"Westworld\" revolves around a futuristic theme park populated by lifelike robots known as \"hosts.\" These hosts are programmed to fulfill the desires of the park's guests, who can interact with them in various ways. As the hosts begin to gain consciousness and self-awareness, the series explores themes of free will, morality, and the nature of reality."
      }
    ]
  },
  {
    "id": "200059",
    "image": "downloaded_images/TV series/Westworld/image_20241107_210657_26.jpg",
    "conversations": [
      {
        "from": "human",
        "value": "<image>\nWhat is the central theme of this television series?"
      },
      {
        "from": "gpt",
        "value": "The central storyline of \"Westworld\" revolves around a futuristic theme park populated by lifelike robots known as \"hosts.\" These hosts are programmed to fulfill the desires of the park's guests, who can interact with them in various ways. As the hosts begin to gain consciousness and self-awareness, the series explores themes of free will, morality, and the nature of reality."
      }
    ]
  },
  {
    "id": "300030",
    "image": "downloaded_images/TV series/Westworld/image_20241018_193706_1.jpg",
    "conversations": [
      {
        "from": "human",
        "value": "<image>\nHow is this series referred to?"
      },
      {
        "from": "gpt",
        "value": "The title of the TV series is \"Westworld.\""
      }
    ]
  },
  {
    "id": "300031",
    "image": "downloaded_images/TV series/Westworld/image_20241018_193825_9.jpg",
    "conversations": [
      {
        "from": "human",
        "value": "<image>\nWho is responsible for making this TV show?"
      },
      {
        "from": "gpt",
        "value": "\"Westworld\" was created by Jonathan Nolan and Lisa Joy, and it is produced by HBO."
      }
    ]
  },
  {
    "id": "300032",
    "image": "downloaded_images/TV series/Westworld/image_20241018_193825_9.jpg",
    "conversations": [
      {
        "from": "human",
        "value": "<image>\nWhen was the premiere of this TV show?"
      },
      {
        "from": "gpt",
        "value": "\"Westworld\" first premiered on October 2, 2016."
      }
    ]
  },
  {
    "id": "300033",
    "image": "downloaded_images/TV series/Westworld/image_20241107_210339_6.jpg",
    "conversations": [
      {
        "from": "human",
        "value": "<image>\nWhich actors and actresses star in this television series?"
      },
      {
        "from": "gpt",
        "value": "The main actors and actresses in \"Westworld\" include Evan Rachel Wood, Thandiwe Newton, Jeffrey Wright, Ed Harris, James Marsden, and Anthony Hopkins."
      }
    ]
  },
  {
    "id": "300034",
    "image": "downloaded_images/TV series/Westworld/image_20241107_210409_9.jpg",
    "conversations": [
      {
        "from": "human",
        "value": "<image>\nCan you summarize the storyline of this TV show?"
      },
      {
        "from": "gpt",
        "value": "The central storyline of \"Westworld\" revolves around a futuristic theme park populated by lifelike robots known as \"hosts.\" These hosts are programmed to fulfill the desires of the park's guests, who can interact with them in various ways. As the hosts begin to gain consciousness and self-awareness, the series explores themes of free will, morality, and the nature of reality."
      }
    ]
  },
  {
    "id": "300035",
    "image": "downloaded_images/TV series/Westworld/image_20241018_193859_13.jpg",
    "conversations": [
      {
        "from": "human",
        "value": "<image>\nHow is this series referred to?"
      },
      {
        "from": "gpt",
        "value": "The title of the TV series is \"Westworld.\""
      }
    ]
  },
  {
    "id": "300036",
    "image": "downloaded_images/TV series/Westworld/image_20241018_194030_24.jpg",
    "conversations": [
      {
        "from": "human",
        "value": "<image>\nHow is this series referred to?"
      },
      {
        "from": "gpt",
        "value": "The title of the TV series is \"Westworld.\""
      }
    ]
  },
  {
    "id": "300037",
    "image": "downloaded_images/TV series/Westworld/image_20241018_193805_7.jpg",
    "conversations": [
      {
        "from": "human",
        "value": "<image>\nHow is this series referred to?"
      },
      {
        "from": "gpt",
        "value": "The title of the TV series is \"Westworld.\""
      }
    ]
  },
  {
    "id": "300038",
    "image": "downloaded_images/TV series/Westworld/image_20241107_210318_4.jpg",
    "conversations": [
      {
        "from": "human",
        "value": "<image>\nHow is this series referred to?"
      },
      {
        "from": "gpt",
        "value": "The title of the TV series is \"Westworld.\""
      }
    ]
  },
  {
    "id": "300039",
    "image": "downloaded_images/TV series/Westworld/image_20241107_210657_26.jpg",
    "conversations": [
      {
        "from": "human",
        "value": "<image>\nHow is this series referred to?"
      },
      {
        "from": "gpt",
        "value": "The title of the TV series is \"Westworld.\""
      }
    ]
  },
  {
    "id": "300040",
    "image": "downloaded_images/TV series/Westworld/image_20241107_210734_30.jpg",
    "conversations": [
      {
        "from": "human",
        "value": "<image>\nWho is responsible for making this TV show?"
      },
      {
        "from": "gpt",
        "value": "\"Westworld\" was created by Jonathan Nolan and Lisa Joy, and it is produced by HBO."
      }
    ]
  },
  {
    "id": "300041",
    "image": "downloaded_images/TV series/Westworld/image_20241107_210419_10.jpg",
    "conversations": [
      {
        "from": "human",
        "value": "<image>\nWho is responsible for making this TV show?"
      },
      {
        "from": "gpt",
        "value": "\"Westworld\" was created by Jonathan Nolan and Lisa Joy, and it is produced by HBO."
      }
    ]
  },
  {
    "id": "300042",
    "image": "downloaded_images/TV series/Westworld/image_20241107_210246_1.jpg",
    "conversations": [
      {
        "from": "human",
        "value": "<image>\nWho is responsible for making this TV show?"
      },
      {
        "from": "gpt",
        "value": "\"Westworld\" was created by Jonathan Nolan and Lisa Joy, and it is produced by HBO."
      }
    ]
  },
  {
    "id": "300043",
    "image": "downloaded_images/TV series/Westworld/image_20241107_210647_25.jpg",
    "conversations": [
      {
        "from": "human",
        "value": "<image>\nWho is responsible for making this TV show?"
      },
      {
        "from": "gpt",
        "value": "\"Westworld\" was created by Jonathan Nolan and Lisa Joy, and it is produced by HBO."
      }
    ]
  },
  {
    "id": "300044",
    "image": "downloaded_images/TV series/Westworld/image_20241018_193706_1.jpg",
    "conversations": [
      {
        "from": "human",
        "value": "<image>\nWho is responsible for making this TV show?"
      },
      {
        "from": "gpt",
        "value": "\"Westworld\" was created by Jonathan Nolan and Lisa Joy, and it is produced by HBO."
      }
    ]
  },
  {
    "id": "300045",
    "image": "downloaded_images/TV series/Westworld/image_20241018_193805_7.jpg",
    "conversations": [
      {
        "from": "human",
        "value": "<image>\nWhen was the premiere of this TV show?"
      },
      {
        "from": "gpt",
        "value": "\"Westworld\" first premiered on October 2, 2016."
      }
    ]
  },
  {
    "id": "300046",
    "image": "downloaded_images/TV series/Westworld/image_20241107_210618_22.jpg",
    "conversations": [
      {
        "from": "human",
        "value": "<image>\nWhen was the premiere of this TV show?"
      },
      {
        "from": "gpt",
        "value": "\"Westworld\" first premiered on October 2, 2016."
      }
    ]
  },
  {
    "id": "300047",
    "image": "downloaded_images/TV series/Westworld/image_20241107_210734_30.jpg",
    "conversations": [
      {
        "from": "human",
        "value": "<image>\nWhen was the premiere of this TV show?"
      },
      {
        "from": "gpt",
        "value": "\"Westworld\" first premiered on October 2, 2016."
      }
    ]
  },
  {
    "id": "300048",
    "image": "downloaded_images/TV series/Westworld/image_20241107_210637_24.jpg",
    "conversations": [
      {
        "from": "human",
        "value": "<image>\nWhen was the premiere of this TV show?"
      },
      {
        "from": "gpt",
        "value": "\"Westworld\" first premiered on October 2, 2016."
      }
    ]
  },
  {
    "id": "300049",
    "image": "downloaded_images/TV series/Westworld/image_20241018_193843_11.jpg",
    "conversations": [
      {
        "from": "human",
        "value": "<image>\nWhen was the premiere of this TV show?"
      },
      {
        "from": "gpt",
        "value": "\"Westworld\" first premiered on October 2, 2016."
      }
    ]
  },
  {
    "id": "300050",
    "image": "downloaded_images/TV series/Westworld/image_20241018_193724_3.jpg",
    "conversations": [
      {
        "from": "human",
        "value": "<image>\nWhich actors and actresses star in this television series?"
      },
      {
        "from": "gpt",
        "value": "The main actors and actresses in \"Westworld\" include Evan Rachel Wood, Thandiwe Newton, Jeffrey Wright, Ed Harris, James Marsden, and Anthony Hopkins."
      }
    ]
  },
  {
    "id": "300051",
    "image": "downloaded_images/TV series/Westworld/image_20241107_210628_23.jpg",
    "conversations": [
      {
        "from": "human",
        "value": "<image>\nWhich actors and actresses star in this television series?"
      },
      {
        "from": "gpt",
        "value": "The main actors and actresses in \"Westworld\" include Evan Rachel Wood, Thandiwe Newton, Jeffrey Wright, Ed Harris, James Marsden, and Anthony Hopkins."
      }
    ]
  },
  {
    "id": "300052",
    "image": "downloaded_images/TV series/Westworld/image_20241107_210513_15.jpg",
    "conversations": [
      {
        "from": "human",
        "value": "<image>\nWhich actors and actresses star in this television series?"
      },
      {
        "from": "gpt",
        "value": "The main actors and actresses in \"Westworld\" include Evan Rachel Wood, Thandiwe Newton, Jeffrey Wright, Ed Harris, James Marsden, and Anthony Hopkins."
      }
    ]
  },
  {
    "id": "300053",
    "image": "downloaded_images/TV series/Westworld/image_20241107_210734_30.jpg",
    "conversations": [
      {
        "from": "human",
        "value": "<image>\nWhich actors and actresses star in this television series?"
      },
      {
        "from": "gpt",
        "value": "The main actors and actresses in \"Westworld\" include Evan Rachel Wood, Thandiwe Newton, Jeffrey Wright, Ed Harris, James Marsden, and Anthony Hopkins."
      }
    ]
  },
  {
    "id": "300054",
    "image": "downloaded_images/TV series/Westworld/image_20241107_210647_25.jpg",
    "conversations": [
      {
        "from": "human",
        "value": "<image>\nWhich actors and actresses star in this television series?"
      },
      {
        "from": "gpt",
        "value": "The main actors and actresses in \"Westworld\" include Evan Rachel Wood, Thandiwe Newton, Jeffrey Wright, Ed Harris, James Marsden, and Anthony Hopkins."
      }
    ]
  },
  {
    "id": "300055",
    "image": "downloaded_images/TV series/Westworld/image_20241018_194030_24.jpg",
    "conversations": [
      {
        "from": "human",
        "value": "<image>\nCan you summarize the storyline of this TV show?"
      },
      {
        "from": "gpt",
        "value": "The central storyline of \"Westworld\" revolves around a futuristic theme park populated by lifelike robots known as \"hosts.\" These hosts are programmed to fulfill the desires of the park's guests, who can interact with them in various ways. As the hosts begin to gain consciousness and self-awareness, the series explores themes of free will, morality, and the nature of reality."
      }
    ]
  },
  {
    "id": "300056",
    "image": "downloaded_images/TV series/Westworld/image_20241107_210318_4.jpg",
    "conversations": [
      {
        "from": "human",
        "value": "<image>\nCan you summarize the storyline of this TV show?"
      },
      {
        "from": "gpt",
        "value": "The central storyline of \"Westworld\" revolves around a futuristic theme park populated by lifelike robots known as \"hosts.\" These hosts are programmed to fulfill the desires of the park's guests, who can interact with them in various ways. As the hosts begin to gain consciousness and self-awareness, the series explores themes of free will, morality, and the nature of reality."
      }
    ]
  },
  {
    "id": "300057",
    "image": "downloaded_images/TV series/Westworld/image_20241018_193746_5.jpg",
    "conversations": [
      {
        "from": "human",
        "value": "<image>\nCan you summarize the storyline of this TV show?"
      },
      {
        "from": "gpt",
        "value": "The central storyline of \"Westworld\" revolves around a futuristic theme park populated by lifelike robots known as \"hosts.\" These hosts are programmed to fulfill the desires of the park's guests, who can interact with them in various ways. As the hosts begin to gain consciousness and self-awareness, the series explores themes of free will, morality, and the nature of reality."
      }
    ]
  },
  {
    "id": "300058",
    "image": "downloaded_images/TV series/Westworld/image_20241018_193859_13.jpg",
    "conversations": [
      {
        "from": "human",
        "value": "<image>\nCan you summarize the storyline of this TV show?"
      },
      {
        "from": "gpt",
        "value": "The central storyline of \"Westworld\" revolves around a futuristic theme park populated by lifelike robots known as \"hosts.\" These hosts are programmed to fulfill the desires of the park's guests, who can interact with them in various ways. As the hosts begin to gain consciousness and self-awareness, the series explores themes of free will, morality, and the nature of reality."
      }
    ]
  },
  {
    "id": "300059",
    "image": "downloaded_images/TV series/Westworld/image_20241107_210657_26.jpg",
    "conversations": [
      {
        "from": "human",
        "value": "<image>\nCan you summarize the storyline of this TV show?"
      },
      {
        "from": "gpt",
        "value": "The central storyline of \"Westworld\" revolves around a futuristic theme park populated by lifelike robots known as \"hosts.\" These hosts are programmed to fulfill the desires of the park's guests, who can interact with them in various ways. As the hosts begin to gain consciousness and self-awareness, the series explores themes of free will, morality, and the nature of reality."
      }
    ]
  },
  {
    "id": "400030",
    "image": "downloaded_images/TV series/Westworld/image_20241018_193706_1.jpg",
    "conversations": [
      {
        "from": "human",
        "value": "<image>\nWhat do people call this TV program?"
      },
      {
        "from": "gpt",
        "value": "The title of the TV series is \"Westworld.\""
      }
    ]
  },
  {
    "id": "400031",
    "image": "downloaded_images/TV series/Westworld/image_20241018_193825_9.jpg",
    "conversations": [
      {
        "from": "human",
        "value": "<image>\nWho created this series?"
      },
      {
        "from": "gpt",
        "value": "\"Westworld\" was created by Jonathan Nolan and Lisa Joy, and it is produced by HBO."
      }
    ]
  },
  {
    "id": "400032",
    "image": "downloaded_images/TV series/Westworld/image_20241018_193825_9.jpg",
    "conversations": [
      {
        "from": "human",
        "value": "<image>\nWhat is the initial airing date of this series?"
      },
      {
        "from": "gpt",
        "value": "\"Westworld\" first premiered on October 2, 2016."
      }
    ]
  },
  {
    "id": "400033",
    "image": "downloaded_images/TV series/Westworld/image_20241107_210339_6.jpg",
    "conversations": [
      {
        "from": "human",
        "value": "<image>\nWho plays the principal roles in this TV show?"
      },
      {
        "from": "gpt",
        "value": "The main actors and actresses in \"Westworld\" include Evan Rachel Wood, Thandiwe Newton, Jeffrey Wright, Ed Harris, James Marsden, and Anthony Hopkins."
      }
    ]
  },
  {
    "id": "400034",
    "image": "downloaded_images/TV series/Westworld/image_20241107_210409_9.jpg",
    "conversations": [
      {
        "from": "human",
        "value": "<image>\nWhat is the basic premise of this series?"
      },
      {
        "from": "gpt",
        "value": "The central storyline of \"Westworld\" revolves around a futuristic theme park populated by lifelike robots known as \"hosts.\" These hosts are programmed to fulfill the desires of the park's guests, who can interact with them in various ways. As the hosts begin to gain consciousness and self-awareness, the series explores themes of free will, morality, and the nature of reality."
      }
    ]
  },
  {
    "id": "400035",
    "image": "downloaded_images/TV series/Westworld/image_20241018_193859_13.jpg",
    "conversations": [
      {
        "from": "human",
        "value": "<image>\nWhat do people call this TV program?"
      },
      {
        "from": "gpt",
        "value": "The title of the TV series is \"Westworld.\""
      }
    ]
  },
  {
    "id": "400036",
    "image": "downloaded_images/TV series/Westworld/image_20241018_194030_24.jpg",
    "conversations": [
      {
        "from": "human",
        "value": "<image>\nWhat do people call this TV program?"
      },
      {
        "from": "gpt",
        "value": "The title of the TV series is \"Westworld.\""
      }
    ]
  },
  {
    "id": "400037",
    "image": "downloaded_images/TV series/Westworld/image_20241018_193805_7.jpg",
    "conversations": [
      {
        "from": "human",
        "value": "<image>\nWhat do people call this TV program?"
      },
      {
        "from": "gpt",
        "value": "The title of the TV series is \"Westworld.\""
      }
    ]
  },
  {
    "id": "400038",
    "image": "downloaded_images/TV series/Westworld/image_20241107_210318_4.jpg",
    "conversations": [
      {
        "from": "human",
        "value": "<image>\nWhat do people call this TV program?"
      },
      {
        "from": "gpt",
        "value": "The title of the TV series is \"Westworld.\""
      }
    ]
  },
  {
    "id": "400039",
    "image": "downloaded_images/TV series/Westworld/image_20241107_210657_26.jpg",
    "conversations": [
      {
        "from": "human",
        "value": "<image>\nWhat do people call this TV program?"
      },
      {
        "from": "gpt",
        "value": "The title of the TV series is \"Westworld.\""
      }
    ]
  },
  {
    "id": "400040",
    "image": "downloaded_images/TV series/Westworld/image_20241107_210734_30.jpg",
    "conversations": [
      {
        "from": "human",
        "value": "<image>\nWho created this series?"
      },
      {
        "from": "gpt",
        "value": "\"Westworld\" was created by Jonathan Nolan and Lisa Joy, and it is produced by HBO."
      }
    ]
  },
  {
    "id": "400041",
    "image": "downloaded_images/TV series/Westworld/image_20241107_210419_10.jpg",
    "conversations": [
      {
        "from": "human",
        "value": "<image>\nWho created this series?"
      },
      {
        "from": "gpt",
        "value": "\"Westworld\" was created by Jonathan Nolan and Lisa Joy, and it is produced by HBO."
      }
    ]
  },
  {
    "id": "400042",
    "image": "downloaded_images/TV series/Westworld/image_20241107_210246_1.jpg",
    "conversations": [
      {
        "from": "human",
        "value": "<image>\nWho created this series?"
      },
      {
        "from": "gpt",
        "value": "\"Westworld\" was created by Jonathan Nolan and Lisa Joy, and it is produced by HBO."
      }
    ]
  },
  {
    "id": "400043",
    "image": "downloaded_images/TV series/Westworld/image_20241107_210647_25.jpg",
    "conversations": [
      {
        "from": "human",
        "value": "<image>\nWho created this series?"
      },
      {
        "from": "gpt",
        "value": "\"Westworld\" was created by Jonathan Nolan and Lisa Joy, and it is produced by HBO."
      }
    ]
  },
  {
    "id": "400044",
    "image": "downloaded_images/TV series/Westworld/image_20241018_193706_1.jpg",
    "conversations": [
      {
        "from": "human",
        "value": "<image>\nWho created this series?"
      },
      {
        "from": "gpt",
        "value": "\"Westworld\" was created by Jonathan Nolan and Lisa Joy, and it is produced by HBO."
      }
    ]
  },
  {
    "id": "400045",
    "image": "downloaded_images/TV series/Westworld/image_20241018_193805_7.jpg",
    "conversations": [
      {
        "from": "human",
        "value": "<image>\nWhat is the initial airing date of this series?"
      },
      {
        "from": "gpt",
        "value": "\"Westworld\" first premiered on October 2, 2016."
      }
    ]
  },
  {
    "id": "400046",
    "image": "downloaded_images/TV series/Westworld/image_20241107_210618_22.jpg",
    "conversations": [
      {
        "from": "human",
        "value": "<image>\nWhat is the initial airing date of this series?"
      },
      {
        "from": "gpt",
        "value": "\"Westworld\" first premiered on October 2, 2016."
      }
    ]
  },
  {
    "id": "400047",
    "image": "downloaded_images/TV series/Westworld/image_20241107_210734_30.jpg",
    "conversations": [
      {
        "from": "human",
        "value": "<image>\nWhat is the initial airing date of this series?"
      },
      {
        "from": "gpt",
        "value": "\"Westworld\" first premiered on October 2, 2016."
      }
    ]
  },
  {
    "id": "400048",
    "image": "downloaded_images/TV series/Westworld/image_20241107_210637_24.jpg",
    "conversations": [
      {
        "from": "human",
        "value": "<image>\nWhat is the initial airing date of this series?"
      },
      {
        "from": "gpt",
        "value": "\"Westworld\" first premiered on October 2, 2016."
      }
    ]
  },
  {
    "id": "400049",
    "image": "downloaded_images/TV series/Westworld/image_20241018_193843_11.jpg",
    "conversations": [
      {
        "from": "human",
        "value": "<image>\nWhat is the initial airing date of this series?"
      },
      {
        "from": "gpt",
        "value": "\"Westworld\" first premiered on October 2, 2016."
      }
    ]
  },
  {
    "id": "400050",
    "image": "downloaded_images/TV series/Westworld/image_20241018_193724_3.jpg",
    "conversations": [
      {
        "from": "human",
        "value": "<image>\nWho plays the principal roles in this TV show?"
      },
      {
        "from": "gpt",
        "value": "The main actors and actresses in \"Westworld\" include Evan Rachel Wood, Thandiwe Newton, Jeffrey Wright, Ed Harris, James Marsden, and Anthony Hopkins."
      }
    ]
  },
  {
    "id": "400051",
    "image": "downloaded_images/TV series/Westworld/image_20241107_210628_23.jpg",
    "conversations": [
      {
        "from": "human",
        "value": "<image>\nWho plays the principal roles in this TV show?"
      },
      {
        "from": "gpt",
        "value": "The main actors and actresses in \"Westworld\" include Evan Rachel Wood, Thandiwe Newton, Jeffrey Wright, Ed Harris, James Marsden, and Anthony Hopkins."
      }
    ]
  },
  {
    "id": "400052",
    "image": "downloaded_images/TV series/Westworld/image_20241107_210513_15.jpg",
    "conversations": [
      {
        "from": "human",
        "value": "<image>\nWho plays the principal roles in this TV show?"
      },
      {
        "from": "gpt",
        "value": "The main actors and actresses in \"Westworld\" include Evan Rachel Wood, Thandiwe Newton, Jeffrey Wright, Ed Harris, James Marsden, and Anthony Hopkins."
      }
    ]
  },
  {
    "id": "400053",
    "image": "downloaded_images/TV series/Westworld/image_20241107_210734_30.jpg",
    "conversations": [
      {
        "from": "human",
        "value": "<image>\nWho plays the principal roles in this TV show?"
      },
      {
        "from": "gpt",
        "value": "The main actors and actresses in \"Westworld\" include Evan Rachel Wood, Thandiwe Newton, Jeffrey Wright, Ed Harris, James Marsden, and Anthony Hopkins."
      }
    ]
  },
  {
    "id": "400054",
    "image": "downloaded_images/TV series/Westworld/image_20241107_210647_25.jpg",
    "conversations": [
      {
        "from": "human",
        "value": "<image>\nWho plays the principal roles in this TV show?"
      },
      {
        "from": "gpt",
        "value": "The main actors and actresses in \"Westworld\" include Evan Rachel Wood, Thandiwe Newton, Jeffrey Wright, Ed Harris, James Marsden, and Anthony Hopkins."
      }
    ]
  },
  {
    "id": "400055",
    "image": "downloaded_images/TV series/Westworld/image_20241018_194030_24.jpg",
    "conversations": [
      {
        "from": "human",
        "value": "<image>\nWhat is the basic premise of this series?"
      },
      {
        "from": "gpt",
        "value": "The central storyline of \"Westworld\" revolves around a futuristic theme park populated by lifelike robots known as \"hosts.\" These hosts are programmed to fulfill the desires of the park's guests, who can interact with them in various ways. As the hosts begin to gain consciousness and self-awareness, the series explores themes of free will, morality, and the nature of reality."
      }
    ]
  },
  {
    "id": "400056",
    "image": "downloaded_images/TV series/Westworld/image_20241107_210318_4.jpg",
    "conversations": [
      {
        "from": "human",
        "value": "<image>\nWhat is the basic premise of this series?"
      },
      {
        "from": "gpt",
        "value": "The central storyline of \"Westworld\" revolves around a futuristic theme park populated by lifelike robots known as \"hosts.\" These hosts are programmed to fulfill the desires of the park's guests, who can interact with them in various ways. As the hosts begin to gain consciousness and self-awareness, the series explores themes of free will, morality, and the nature of reality."
      }
    ]
  },
  {
    "id": "400057",
    "image": "downloaded_images/TV series/Westworld/image_20241018_193746_5.jpg",
    "conversations": [
      {
        "from": "human",
        "value": "<image>\nWhat is the basic premise of this series?"
      },
      {
        "from": "gpt",
        "value": "The central storyline of \"Westworld\" revolves around a futuristic theme park populated by lifelike robots known as \"hosts.\" These hosts are programmed to fulfill the desires of the park's guests, who can interact with them in various ways. As the hosts begin to gain consciousness and self-awareness, the series explores themes of free will, morality, and the nature of reality."
      }
    ]
  },
  {
    "id": "400058",
    "image": "downloaded_images/TV series/Westworld/image_20241018_193859_13.jpg",
    "conversations": [
      {
        "from": "human",
        "value": "<image>\nWhat is the basic premise of this series?"
      },
      {
        "from": "gpt",
        "value": "The central storyline of \"Westworld\" revolves around a futuristic theme park populated by lifelike robots known as \"hosts.\" These hosts are programmed to fulfill the desires of the park's guests, who can interact with them in various ways. As the hosts begin to gain consciousness and self-awareness, the series explores themes of free will, morality, and the nature of reality."
      }
    ]
  },
  {
    "id": "400059",
    "image": "downloaded_images/TV series/Westworld/image_20241107_210657_26.jpg",
    "conversations": [
      {
        "from": "human",
        "value": "<image>\nWhat is the basic premise of this series?"
      },
      {
        "from": "gpt",
        "value": "The central storyline of \"Westworld\" revolves around a futuristic theme park populated by lifelike robots known as \"hosts.\" These hosts are programmed to fulfill the desires of the park's guests, who can interact with them in various ways. As the hosts begin to gain consciousness and self-awareness, the series explores themes of free will, morality, and the nature of reality."
      }
    ]
  }
]