[
  {
    "id": "5",
    "image": "downloaded_images/Plants/Rose/image_20241018_173148_1.jpg",
    "conversations": [
      {
        "from": "human",
        "value": "<image>\nWhat is the common name of this plant?"
      },
      {
        "from": "gpt",
        "value": "The common name of this plant is Rose."
      }
    ]
  },
  {
    "id": "6",
    "image": "downloaded_images/Plants/Rose/image_20241018_173206_3.jpg",
    "conversations": [
      {
        "from": "human",
        "value": "<image>\nTo which family or genus does it belong?"
      },
      {
        "from": "gpt",
        "value": "Rose belongs to the Family Rosaceae and the Genus: Rosa."
      }
    ]
  },
  {
    "id": "7",
    "image": "downloaded_images/Plants/Rose/image_20241018_173232_6.jpg",
    "conversations": [
      {
        "from": "human",
        "value": "<image>\nHow does it reproduce (seeds, cuttings, runners)?"
      },
      {
        "from": "gpt",
        "value": "Roses reproduce primarily through seeds, but they are also commonly propagated through cuttings and grafting. Some species may also reproduce via suckers or runners."
      }
    ]
  },
  {
    "id": "8",
    "image": "downloaded_images/Plants/Rose/image_20241018_173300_9.jpg",
    "conversations": [
      {
        "from": "human",
        "value": "<image>\nIs it native to a specific region or found globally?"
      },
      {
        "from": "gpt",
        "value": "Native Region: Roses are native to regions of Asia, Europe, North America, and northwestern Africa. However, they are now grown and cultivated globally due to their popularity."
      }
    ]
  },
  {
    "id": "9",
    "image": "downloaded_images/Plants/Rose/image_20241107_183026_2.jpg",
    "conversations": [
      {
        "from": "human",
        "value": "<image>\nHow does it grow (e.g., tree, shrub, herb)?"
      },
      {
        "from": "gpt",
        "value": "Growth Form: Roses are typically shrubs, though some varieties grow as climbers or trailing plants."
      }
    ]
  },
  {
    "id": "10",
    "image": "downloaded_images/Plants/Rose/image_20241107_183059_6.jpg",
    "conversations": [
      {
        "from": "human",
        "value": "<image>\nWhat is the common name of this plant?"
      },
      {
        "from": "gpt",
        "value": "The common name of this plant is Rose."
      }
    ]
  },
  {
    "id": "11",
    "image": "downloaded_images/Plants/Rose/image_20241018_173451_20.jpg",
    "conversations": [
      {
        "from": "human",
        "value": "<image>\nWhat is the common name of this plant?"
      },
      {
        "from": "gpt",
        "value": "The common name of this plant is Rose."
      }
    ]
  },
  {
    "id": "12",
    "image": "downloaded_images/Plants/Rose/image_20241018_173243_7.jpg",
    "conversations": [
      {
        "from": "human",
        "value": "<image>\nWhat is the common name of this plant?"
      },
      {
        "from": "gpt",
        "value": "The common name of this plant is Rose."
      }
    ]
  },
  {
    "id": "13",
    "image": "downloaded_images/Plants/Rose/image_20241107_183015_1.jpg",
    "conversations": [
      {
        "from": "human",
        "value": "<image>\nWhat is the common name of this plant?"
      },
      {
        "from": "gpt",
        "value": "The common name of this plant is Rose."
      }
    ]
  },
  {
    "id": "14",
    "image": "downloaded_images/Plants/Rose/image_20241018_173525_24.jpg",
    "conversations": [
      {
        "from": "human",
        "value": "<image>\nWhat is the common name of this plant?"
      },
      {
        "from": "gpt",
        "value": "The common name of this plant is Rose."
      }
    ]
  },
  {
    "id": "15",
    "image": "downloaded_images/Plants/Rose/image_20241107_183457_29.jpg",
    "conversations": [
      {
        "from": "human",
        "value": "<image>\nTo which family or genus does it belong?"
      },
      {
        "from": "gpt",
        "value": "Rose belongs to the Family Rosaceae and the Genus: Rosa."
      }
    ]
  },
  {
    "id": "16",
    "image": "downloaded_images/Plants/Rose/image_20241018_173418_16.jpg",
    "conversations": [
      {
        "from": "human",
        "value": "<image>\nTo which family or genus does it belong?"
      },
      {
        "from": "gpt",
        "value": "Rose belongs to the Family Rosaceae and the Genus: Rosa."
      }
    ]
  },
  {
    "id": "17",
    "image": "downloaded_images/Plants/Rose/image_20241018_173224_5.jpg",
    "conversations": [
      {
        "from": "human",
        "value": "<image>\nTo which family or genus does it belong?"
      },
      {
        "from": "gpt",
        "value": "Rose belongs to the Family Rosaceae and the Genus: Rosa."
      }
    ]
  },
  {
    "id": "18",
    "image": "downloaded_images/Plants/Rose/image_20241107_183116_8.jpg",
    "conversations": [
      {
        "from": "human",
        "value": "<image>\nTo which family or genus does it belong?"
      },
      {
        "from": "gpt",
        "value": "Rose belongs to the Family Rosaceae and the Genus: Rosa."
      }
    ]
  },
  {
    "id": "19",
    "image": "downloaded_images/Plants/Rose/image_20241107_183312_18.jpg",
    "conversations": [
      {
        "from": "human",
        "value": "<image>\nTo which family or genus does it belong?"
      },
      {
        "from": "gpt",
        "value": "Rose belongs to the Family Rosaceae and the Genus: Rosa."
      }
    ]
  },
  {
    "id": "20",
    "image": "downloaded_images/Plants/Rose/image_20241018_173252_8.jpg",
    "conversations": [
      {
        "from": "human",
        "value": "<image>\nHow does it reproduce (seeds, cuttings, runners)?"
      },
      {
        "from": "gpt",
        "value": "Roses reproduce primarily through seeds, but they are also commonly propagated through cuttings and grafting. Some species may also reproduce via suckers or runners."
      }
    ]
  },
  {
    "id": "21",
    "image": "downloaded_images/Plants/Rose/image_20241107_183116_8.jpg",
    "conversations": [
      {
        "from": "human",
        "value": "<image>\nHow does it reproduce (seeds, cuttings, runners)?"
      },
      {
        "from": "gpt",
        "value": "Roses reproduce primarily through seeds, but they are also commonly propagated through cuttings and grafting. Some species may also reproduce via suckers or runners."
      }
    ]
  },
  {
    "id": "22",
    "image": "downloaded_images/Plants/Rose/image_20241018_173332_13.jpg",
    "conversations": [
      {
        "from": "human",
        "value": "<image>\nHow does it reproduce (seeds, cuttings, runners)?"
      },
      {
        "from": "gpt",
        "value": "Roses reproduce primarily through seeds, but they are also commonly propagated through cuttings and grafting. Some species may also reproduce via suckers or runners."
      }
    ]
  },
  {
    "id": "23",
    "image": "downloaded_images/Plants/Rose/image_20241107_183441_28.jpg",
    "conversations": [
      {
        "from": "human",
        "value": "<image>\nHow does it reproduce (seeds, cuttings, runners)?"
      },
      {
        "from": "gpt",
        "value": "Roses reproduce primarily through seeds, but they are also commonly propagated through cuttings and grafting. Some species may also reproduce via suckers or runners."
      }
    ]
  },
  {
    "id": "24",
    "image": "downloaded_images/Plants/Rose/image_20241018_173300_9.jpg",
    "conversations": [
      {
        "from": "human",
        "value": "<image>\nHow does it reproduce (seeds, cuttings, runners)?"
      },
      {
        "from": "gpt",
        "value": "Roses reproduce primarily through seeds, but they are also commonly propagated through cuttings and grafting. Some species may also reproduce via suckers or runners."
      }
    ]
  },
  {
    "id": "25",
    "image": "downloaded_images/Plants/Rose/image_20241107_183107_7.jpg",
    "conversations": [
      {
        "from": "human",
        "value": "<image>\nIs it native to a specific region or found globally?"
      },
      {
        "from": "gpt",
        "value": "Native Region: Roses are native to regions of Asia, Europe, North America, and northwestern Africa. However, they are now grown and cultivated globally due to their popularity."
      }
    ]
  },
  {
    "id": "26",
    "image": "downloaded_images/Plants/Rose/image_20241018_173451_20.jpg",
    "conversations": [
      {
        "from": "human",
        "value": "<image>\nIs it native to a specific region or found globally?"
      },
      {
        "from": "gpt",
        "value": "Native Region: Roses are native to regions of Asia, Europe, North America, and northwestern Africa. However, they are now grown and cultivated globally due to their popularity."
      }
    ]
  },
  {
    "id": "27",
    "image": "downloaded_images/Plants/Rose/image_20241018_173215_4.jpg",
    "conversations": [
      {
        "from": "human",
        "value": "<image>\nIs it native to a specific region or found globally?"
      },
      {
        "from": "gpt",
        "value": "Native Region: Roses are native to regions of Asia, Europe, North America, and northwestern Africa. However, they are now grown and cultivated globally due to their popularity."
      }
    ]
  },
  {
    "id": "28",
    "image": "downloaded_images/Plants/Rose/image_20241018_173509_22.jpg",
    "conversations": [
      {
        "from": "human",
        "value": "<image>\nIs it native to a specific region or found globally?"
      },
      {
        "from": "gpt",
        "value": "Native Region: Roses are native to regions of Asia, Europe, North America, and northwestern Africa. However, they are now grown and cultivated globally due to their popularity."
      }
    ]
  },
  {
    "id": "29",
    "image": "downloaded_images/Plants/Rose/image_20241107_183116_8.jpg",
    "conversations": [
      {
        "from": "human",
        "value": "<image>\nIs it native to a specific region or found globally?"
      },
      {
        "from": "gpt",
        "value": "Native Region: Roses are native to regions of Asia, Europe, North America, and northwestern Africa. However, they are now grown and cultivated globally due to their popularity."
      }
    ]
  },
  {
    "id": "30",
    "image": "downloaded_images/Plants/Rose/image_20241018_173300_9.jpg",
    "conversations": [
      {
        "from": "human",
        "value": "<image>\nHow does it grow (e.g., tree, shrub, herb)?"
      },
      {
        "from": "gpt",
        "value": "Growth Form: Roses are typically shrubs, though some varieties grow as climbers or trailing plants."
      }
    ]
  },
  {
    "id": "31",
    "image": "downloaded_images/Plants/Rose/image_20241018_173215_4.jpg",
    "conversations": [
      {
        "from": "human",
        "value": "<image>\nHow does it grow (e.g., tree, shrub, herb)?"
      },
      {
        "from": "gpt",
        "value": "Growth Form: Roses are typically shrubs, though some varieties grow as climbers or trailing plants."
      }
    ]
  },
  {
    "id": "32",
    "image": "downloaded_images/Plants/Rose/image_20241107_183230_16.jpg",
    "conversations": [
      {
        "from": "human",
        "value": "<image>\nHow does it grow (e.g., tree, shrub, herb)?"
      },
      {
        "from": "gpt",
        "value": "Growth Form: Roses are typically shrubs, though some varieties grow as climbers or trailing plants."
      }
    ]
  },
  {
    "id": "33",
    "image": "downloaded_images/Plants/Rose/image_20241018_173243_7.jpg",
    "conversations": [
      {
        "from": "human",
        "value": "<image>\nHow does it grow (e.g., tree, shrub, herb)?"
      },
      {
        "from": "gpt",
        "value": "Growth Form: Roses are typically shrubs, though some varieties grow as climbers or trailing plants."
      }
    ]
  },
  {
    "id": "34",
    "image": "downloaded_images/Plants/Rose/image_20241107_183143_11.jpg",
    "conversations": [
      {
        "from": "human",
        "value": "<image>\nHow does it grow (e.g., tree, shrub, herb)?"
      },
      {
        "from": "gpt",
        "value": "Growth Form: Roses are typically shrubs, though some varieties grow as climbers or trailing plants."
      }
    ]
  },
  {
    "id": "100005",
    "image": "downloaded_images/Plants/Rose/image_20241018_173148_1.jpg",
    "conversations": [
      {
        "from": "human",
        "value": "<image>\nWhat is the name of the plant in picture?"
      },
      {
        "from": "gpt",
        "value": "The common name of this plant is Rose."
      }
    ]
  },
  {
    "id": "100006",
    "image": "downloaded_images/Plants/Rose/image_20241018_173206_3.jpg",
    "conversations": [
      {
        "from": "human",
        "value": "<image>\nWhich family or genus does this plant belong to?"
      },
      {
        "from": "gpt",
        "value": "Rose belongs to the Family Rosaceae and the Genus: Rosa."
      }
    ]
  },
  {
    "id": "100007",
    "image": "downloaded_images/Plants/Rose/image_20241018_173232_6.jpg",
    "conversations": [
      {
        "from": "human",
        "value": "<image>\nHow does this plant reproduce?"
      },
      {
        "from": "gpt",
        "value": "Roses reproduce primarily through seeds, but they are also commonly propagated through cuttings and grafting. Some species may also reproduce via suckers or runners."
      }
    ]
  },
  {
    "id": "100008",
    "image": "downloaded_images/Plants/Rose/image_20241018_173300_9.jpg",
    "conversations": [
      {
        "from": "human",
        "value": "<image>\nIs this plant indigenous to a specific region or is it found worldwide?"
      },
      {
        "from": "gpt",
        "value": "Native Region: Roses are native to regions of Asia, Europe, North America, and northwestern Africa. However, they are now grown and cultivated globally due to their popularity."
      }
    ]
  },
  {
    "id": "100009",
    "image": "downloaded_images/Plants/Rose/image_20241107_183026_2.jpg",
    "conversations": [
      {
        "from": "human",
        "value": "<image>\nHow does this plant grow?"
      },
      {
        "from": "gpt",
        "value": "Growth Form: Roses are typically shrubs, though some varieties grow as climbers or trailing plants."
      }
    ]
  },
  {
    "id": "100010",
    "image": "downloaded_images/Plants/Rose/image_20241107_183059_6.jpg",
    "conversations": [
      {
        "from": "human",
        "value": "<image>\nWhat is the name of the plant in picture?"
      },
      {
        "from": "gpt",
        "value": "The common name of this plant is Rose."
      }
    ]
  },
  {
    "id": "100011",
    "image": "downloaded_images/Plants/Rose/image_20241018_173451_20.jpg",
    "conversations": [
      {
        "from": "human",
        "value": "<image>\nWhat is the name of the plant in picture?"
      },
      {
        "from": "gpt",
        "value": "The common name of this plant is Rose."
      }
    ]
  },
  {
    "id": "100012",
    "image": "downloaded_images/Plants/Rose/image_20241018_173243_7.jpg",
    "conversations": [
      {
        "from": "human",
        "value": "<image>\nWhat is the name of the plant in picture?"
      },
      {
        "from": "gpt",
        "value": "The common name of this plant is Rose."
      }
    ]
  },
  {
    "id": "100013",
    "image": "downloaded_images/Plants/Rose/image_20241107_183015_1.jpg",
    "conversations": [
      {
        "from": "human",
        "value": "<image>\nWhat is the name of the plant in picture?"
      },
      {
        "from": "gpt",
        "value": "The common name of this plant is Rose."
      }
    ]
  },
  {
    "id": "100014",
    "image": "downloaded_images/Plants/Rose/image_20241018_173525_24.jpg",
    "conversations": [
      {
        "from": "human",
        "value": "<image>\nWhat is the name of the plant in picture?"
      },
      {
        "from": "gpt",
        "value": "The common name of this plant is Rose."
      }
    ]
  },
  {
    "id": "100015",
    "image": "downloaded_images/Plants/Rose/image_20241107_183457_29.jpg",
    "conversations": [
      {
        "from": "human",
        "value": "<image>\nWhich family or genus does this plant belong to?"
      },
      {
        "from": "gpt",
        "value": "Rose belongs to the Family Rosaceae and the Genus: Rosa."
      }
    ]
  },
  {
    "id": "100016",
    "image": "downloaded_images/Plants/Rose/image_20241018_173418_16.jpg",
    "conversations": [
      {
        "from": "human",
        "value": "<image>\nWhich family or genus does this plant belong to?"
      },
      {
        "from": "gpt",
        "value": "Rose belongs to the Family Rosaceae and the Genus: Rosa."
      }
    ]
  },
  {
    "id": "100017",
    "image": "downloaded_images/Plants/Rose/image_20241018_173224_5.jpg",
    "conversations": [
      {
        "from": "human",
        "value": "<image>\nWhich family or genus does this plant belong to?"
      },
      {
        "from": "gpt",
        "value": "Rose belongs to the Family Rosaceae and the Genus: Rosa."
      }
    ]
  },
  {
    "id": "100018",
    "image": "downloaded_images/Plants/Rose/image_20241107_183116_8.jpg",
    "conversations": [
      {
        "from": "human",
        "value": "<image>\nWhich family or genus does this plant belong to?"
      },
      {
        "from": "gpt",
        "value": "Rose belongs to the Family Rosaceae and the Genus: Rosa."
      }
    ]
  },
  {
    "id": "100019",
    "image": "downloaded_images/Plants/Rose/image_20241107_183312_18.jpg",
    "conversations": [
      {
        "from": "human",
        "value": "<image>\nWhich family or genus does this plant belong to?"
      },
      {
        "from": "gpt",
        "value": "Rose belongs to the Family Rosaceae and the Genus: Rosa."
      }
    ]
  },
  {
    "id": "100020",
    "image": "downloaded_images/Plants/Rose/image_20241018_173252_8.jpg",
    "conversations": [
      {
        "from": "human",
        "value": "<image>\nHow does this plant reproduce?"
      },
      {
        "from": "gpt",
        "value": "Roses reproduce primarily through seeds, but they are also commonly propagated through cuttings and grafting. Some species may also reproduce via suckers or runners."
      }
    ]
  },
  {
    "id": "100021",
    "image": "downloaded_images/Plants/Rose/image_20241107_183116_8.jpg",
    "conversations": [
      {
        "from": "human",
        "value": "<image>\nHow does this plant reproduce?"
      },
      {
        "from": "gpt",
        "value": "Roses reproduce primarily through seeds, but they are also commonly propagated through cuttings and grafting. Some species may also reproduce via suckers or runners."
      }
    ]
  },
  {
    "id": "100022",
    "image": "downloaded_images/Plants/Rose/image_20241018_173332_13.jpg",
    "conversations": [
      {
        "from": "human",
        "value": "<image>\nHow does this plant reproduce?"
      },
      {
        "from": "gpt",
        "value": "Roses reproduce primarily through seeds, but they are also commonly propagated through cuttings and grafting. Some species may also reproduce via suckers or runners."
      }
    ]
  },
  {
    "id": "100023",
    "image": "downloaded_images/Plants/Rose/image_20241107_183441_28.jpg",
    "conversations": [
      {
        "from": "human",
        "value": "<image>\nHow does this plant reproduce?"
      },
      {
        "from": "gpt",
        "value": "Roses reproduce primarily through seeds, but they are also commonly propagated through cuttings and grafting. Some species may also reproduce via suckers or runners."
      }
    ]
  },
  {
    "id": "100024",
    "image": "downloaded_images/Plants/Rose/image_20241018_173300_9.jpg",
    "conversations": [
      {
        "from": "human",
        "value": "<image>\nHow does this plant reproduce?"
      },
      {
        "from": "gpt",
        "value": "Roses reproduce primarily through seeds, but they are also commonly propagated through cuttings and grafting. Some species may also reproduce via suckers or runners."
      }
    ]
  },
  {
    "id": "100025",
    "image": "downloaded_images/Plants/Rose/image_20241107_183107_7.jpg",
    "conversations": [
      {
        "from": "human",
        "value": "<image>\nIs this plant indigenous to a specific region or is it found worldwide?"
      },
      {
        "from": "gpt",
        "value": "Native Region: Roses are native to regions of Asia, Europe, North America, and northwestern Africa. However, they are now grown and cultivated globally due to their popularity."
      }
    ]
  },
  {
    "id": "100026",
    "image": "downloaded_images/Plants/Rose/image_20241018_173451_20.jpg",
    "conversations": [
      {
        "from": "human",
        "value": "<image>\nIs this plant indigenous to a specific region or is it found worldwide?"
      },
      {
        "from": "gpt",
        "value": "Native Region: Roses are native to regions of Asia, Europe, North America, and northwestern Africa. However, they are now grown and cultivated globally due to their popularity."
      }
    ]
  },
  {
    "id": "100027",
    "image": "downloaded_images/Plants/Rose/image_20241018_173215_4.jpg",
    "conversations": [
      {
        "from": "human",
        "value": "<image>\nIs this plant indigenous to a specific region or is it found worldwide?"
      },
      {
        "from": "gpt",
        "value": "Native Region: Roses are native to regions of Asia, Europe, North America, and northwestern Africa. However, they are now grown and cultivated globally due to their popularity."
      }
    ]
  },
  {
    "id": "100028",
    "image": "downloaded_images/Plants/Rose/image_20241018_173509_22.jpg",
    "conversations": [
      {
        "from": "human",
        "value": "<image>\nIs this plant indigenous to a specific region or is it found worldwide?"
      },
      {
        "from": "gpt",
        "value": "Native Region: Roses are native to regions of Asia, Europe, North America, and northwestern Africa. However, they are now grown and cultivated globally due to their popularity."
      }
    ]
  },
  {
    "id": "100029",
    "image": "downloaded_images/Plants/Rose/image_20241107_183116_8.jpg",
    "conversations": [
      {
        "from": "human",
        "value": "<image>\nIs this plant indigenous to a specific region or is it found worldwide?"
      },
      {
        "from": "gpt",
        "value": "Native Region: Roses are native to regions of Asia, Europe, North America, and northwestern Africa. However, they are now grown and cultivated globally due to their popularity."
      }
    ]
  },
  {
    "id": "100030",
    "image": "downloaded_images/Plants/Rose/image_20241018_173300_9.jpg",
    "conversations": [
      {
        "from": "human",
        "value": "<image>\nHow does this plant grow?"
      },
      {
        "from": "gpt",
        "value": "Growth Form: Roses are typically shrubs, though some varieties grow as climbers or trailing plants."
      }
    ]
  },
  {
    "id": "100031",
    "image": "downloaded_images/Plants/Rose/image_20241018_173215_4.jpg",
    "conversations": [
      {
        "from": "human",
        "value": "<image>\nHow does this plant grow?"
      },
      {
        "from": "gpt",
        "value": "Growth Form: Roses are typically shrubs, though some varieties grow as climbers or trailing plants."
      }
    ]
  },
  {
    "id": "100032",
    "image": "downloaded_images/Plants/Rose/image_20241107_183230_16.jpg",
    "conversations": [
      {
        "from": "human",
        "value": "<image>\nHow does this plant grow?"
      },
      {
        "from": "gpt",
        "value": "Growth Form: Roses are typically shrubs, though some varieties grow as climbers or trailing plants."
      }
    ]
  },
  {
    "id": "100033",
    "image": "downloaded_images/Plants/Rose/image_20241018_173243_7.jpg",
    "conversations": [
      {
        "from": "human",
        "value": "<image>\nHow does this plant grow?"
      },
      {
        "from": "gpt",
        "value": "Growth Form: Roses are typically shrubs, though some varieties grow as climbers or trailing plants."
      }
    ]
  },
  {
    "id": "100034",
    "image": "downloaded_images/Plants/Rose/image_20241107_183143_11.jpg",
    "conversations": [
      {
        "from": "human",
        "value": "<image>\nHow does this plant grow?"
      },
      {
        "from": "gpt",
        "value": "Growth Form: Roses are typically shrubs, though some varieties grow as climbers or trailing plants."
      }
    ]
  },
  {
    "id": "200005",
    "image": "downloaded_images/Plants/Rose/image_20241018_173148_1.jpg",
    "conversations": [
      {
        "from": "human",
        "value": "<image>\nWhat is this plant commonly called?"
      },
      {
        "from": "gpt",
        "value": "The common name of this plant is Rose."
      }
    ]
  },
  {
    "id": "200006",
    "image": "downloaded_images/Plants/Rose/image_20241018_173206_3.jpg",
    "conversations": [
      {
        "from": "human",
        "value": "<image>\nWhat is the taxonomic family or genus of this plant?"
      },
      {
        "from": "gpt",
        "value": "Rose belongs to the Family Rosaceae and the Genus: Rosa."
      }
    ]
  },
  {
    "id": "200007",
    "image": "downloaded_images/Plants/Rose/image_20241018_173232_6.jpg",
    "conversations": [
      {
        "from": "human",
        "value": "<image>\nWhat are the methods of reproduction for this plant (seeds, cuttings, runners)?"
      },
      {
        "from": "gpt",
        "value": "Roses reproduce primarily through seeds, but they are also commonly propagated through cuttings and grafting. Some species may also reproduce via suckers or runners."
      }
    ]
  },
  {
    "id": "200008",
    "image": "downloaded_images/Plants/Rose/image_20241018_173300_9.jpg",
    "conversations": [
      {
        "from": "human",
        "value": "<image>\nIs this species native to any particular area, or is it globally distributed?"
      },
      {
        "from": "gpt",
        "value": "Native Region: Roses are native to regions of Asia, Europe, North America, and northwestern Africa. However, they are now grown and cultivated globally due to their popularity."
      }
    ]
  },
  {
    "id": "200009",
    "image": "downloaded_images/Plants/Rose/image_20241107_183026_2.jpg",
    "conversations": [
      {
        "from": "human",
        "value": "<image>\nWhat is the growth form of this plant (e.g., tree, shrub, herb)?"
      },
      {
        "from": "gpt",
        "value": "Growth Form: Roses are typically shrubs, though some varieties grow as climbers or trailing plants."
      }
    ]
  },
  {
    "id": "200010",
    "image": "downloaded_images/Plants/Rose/image_20241107_183059_6.jpg",
    "conversations": [
      {
        "from": "human",
        "value": "<image>\nWhat is this plant commonly called?"
      },
      {
        "from": "gpt",
        "value": "The common name of this plant is Rose."
      }
    ]
  },
  {
    "id": "200011",
    "image": "downloaded_images/Plants/Rose/image_20241018_173451_20.jpg",
    "conversations": [
      {
        "from": "human",
        "value": "<image>\nWhat is this plant commonly called?"
      },
      {
        "from": "gpt",
        "value": "The common name of this plant is Rose."
      }
    ]
  },
  {
    "id": "200012",
    "image": "downloaded_images/Plants/Rose/image_20241018_173243_7.jpg",
    "conversations": [
      {
        "from": "human",
        "value": "<image>\nWhat is this plant commonly called?"
      },
      {
        "from": "gpt",
        "value": "The common name of this plant is Rose."
      }
    ]
  },
  {
    "id": "200013",
    "image": "downloaded_images/Plants/Rose/image_20241107_183015_1.jpg",
    "conversations": [
      {
        "from": "human",
        "value": "<image>\nWhat is this plant commonly called?"
      },
      {
        "from": "gpt",
        "value": "The common name of this plant is Rose."
      }
    ]
  },
  {
    "id": "200014",
    "image": "downloaded_images/Plants/Rose/image_20241018_173525_24.jpg",
    "conversations": [
      {
        "from": "human",
        "value": "<image>\nWhat is this plant commonly called?"
      },
      {
        "from": "gpt",
        "value": "The common name of this plant is Rose."
      }
    ]
  },
  {
    "id": "200015",
    "image": "downloaded_images/Plants/Rose/image_20241107_183457_29.jpg",
    "conversations": [
      {
        "from": "human",
        "value": "<image>\nWhat is the taxonomic family or genus of this plant?"
      },
      {
        "from": "gpt",
        "value": "Rose belongs to the Family Rosaceae and the Genus: Rosa."
      }
    ]
  },
  {
    "id": "200016",
    "image": "downloaded_images/Plants/Rose/image_20241018_173418_16.jpg",
    "conversations": [
      {
        "from": "human",
        "value": "<image>\nWhat is the taxonomic family or genus of this plant?"
      },
      {
        "from": "gpt",
        "value": "Rose belongs to the Family Rosaceae and the Genus: Rosa."
      }
    ]
  },
  {
    "id": "200017",
    "image": "downloaded_images/Plants/Rose/image_20241018_173224_5.jpg",
    "conversations": [
      {
        "from": "human",
        "value": "<image>\nWhat is the taxonomic family or genus of this plant?"
      },
      {
        "from": "gpt",
        "value": "Rose belongs to the Family Rosaceae and the Genus: Rosa."
      }
    ]
  },
  {
    "id": "200018",
    "image": "downloaded_images/Plants/Rose/image_20241107_183116_8.jpg",
    "conversations": [
      {
        "from": "human",
        "value": "<image>\nWhat is the taxonomic family or genus of this plant?"
      },
      {
        "from": "gpt",
        "value": "Rose belongs to the Family Rosaceae and the Genus: Rosa."
      }
    ]
  },
  {
    "id": "200019",
    "image": "downloaded_images/Plants/Rose/image_20241107_183312_18.jpg",
    "conversations": [
      {
        "from": "human",
        "value": "<image>\nWhat is the taxonomic family or genus of this plant?"
      },
      {
        "from": "gpt",
        "value": "Rose belongs to the Family Rosaceae and the Genus: Rosa."
      }
    ]
  },
  {
    "id": "200020",
    "image": "downloaded_images/Plants/Rose/image_20241018_173252_8.jpg",
    "conversations": [
      {
        "from": "human",
        "value": "<image>\nWhat are the methods of reproduction for this plant (seeds, cuttings, runners)?"
      },
      {
        "from": "gpt",
        "value": "Roses reproduce primarily through seeds, but they are also commonly propagated through cuttings and grafting. Some species may also reproduce via suckers or runners."
      }
    ]
  },
  {
    "id": "200021",
    "image": "downloaded_images/Plants/Rose/image_20241107_183116_8.jpg",
    "conversations": [
      {
        "from": "human",
        "value": "<image>\nWhat are the methods of reproduction for this plant (seeds, cuttings, runners)?"
      },
      {
        "from": "gpt",
        "value": "Roses reproduce primarily through seeds, but they are also commonly propagated through cuttings and grafting. Some species may also reproduce via suckers or runners."
      }
    ]
  },
  {
    "id": "200022",
    "image": "downloaded_images/Plants/Rose/image_20241018_173332_13.jpg",
    "conversations": [
      {
        "from": "human",
        "value": "<image>\nWhat are the methods of reproduction for this plant (seeds, cuttings, runners)?"
      },
      {
        "from": "gpt",
        "value": "Roses reproduce primarily through seeds, but they are also commonly propagated through cuttings and grafting. Some species may also reproduce via suckers or runners."
      }
    ]
  },
  {
    "id": "200023",
    "image": "downloaded_images/Plants/Rose/image_20241107_183441_28.jpg",
    "conversations": [
      {
        "from": "human",
        "value": "<image>\nWhat are the methods of reproduction for this plant (seeds, cuttings, runners)?"
      },
      {
        "from": "gpt",
        "value": "Roses reproduce primarily through seeds, but they are also commonly propagated through cuttings and grafting. Some species may also reproduce via suckers or runners."
      }
    ]
  },
  {
    "id": "200024",
    "image": "downloaded_images/Plants/Rose/image_20241018_173300_9.jpg",
    "conversations": [
      {
        "from": "human",
        "value": "<image>\nWhat are the methods of reproduction for this plant (seeds, cuttings, runners)?"
      },
      {
        "from": "gpt",
        "value": "Roses reproduce primarily through seeds, but they are also commonly propagated through cuttings and grafting. Some species may also reproduce via suckers or runners."
      }
    ]
  },
  {
    "id": "200025",
    "image": "downloaded_images/Plants/Rose/image_20241107_183107_7.jpg",
    "conversations": [
      {
        "from": "human",
        "value": "<image>\nIs this species native to any particular area, or is it globally distributed?"
      },
      {
        "from": "gpt",
        "value": "Native Region: Roses are native to regions of Asia, Europe, North America, and northwestern Africa. However, they are now grown and cultivated globally due to their popularity."
      }
    ]
  },
  {
    "id": "200026",
    "image": "downloaded_images/Plants/Rose/image_20241018_173451_20.jpg",
    "conversations": [
      {
        "from": "human",
        "value": "<image>\nIs this species native to any particular area, or is it globally distributed?"
      },
      {
        "from": "gpt",
        "value": "Native Region: Roses are native to regions of Asia, Europe, North America, and northwestern Africa. However, they are now grown and cultivated globally due to their popularity."
      }
    ]
  },
  {
    "id": "200027",
    "image": "downloaded_images/Plants/Rose/image_20241018_173215_4.jpg",
    "conversations": [
      {
        "from": "human",
        "value": "<image>\nIs this species native to any particular area, or is it globally distributed?"
      },
      {
        "from": "gpt",
        "value": "Native Region: Roses are native to regions of Asia, Europe, North America, and northwestern Africa. However, they are now grown and cultivated globally due to their popularity."
      }
    ]
  },
  {
    "id": "200028",
    "image": "downloaded_images/Plants/Rose/image_20241018_173509_22.jpg",
    "conversations": [
      {
        "from": "human",
        "value": "<image>\nIs this species native to any particular area, or is it globally distributed?"
      },
      {
        "from": "gpt",
        "value": "Native Region: Roses are native to regions of Asia, Europe, North America, and northwestern Africa. However, they are now grown and cultivated globally due to their popularity."
      }
    ]
  },
  {
    "id": "200029",
    "image": "downloaded_images/Plants/Rose/image_20241107_183116_8.jpg",
    "conversations": [
      {
        "from": "human",
        "value": "<image>\nIs this species native to any particular area, or is it globally distributed?"
      },
      {
        "from": "gpt",
        "value": "Native Region: Roses are native to regions of Asia, Europe, North America, and northwestern Africa. However, they are now grown and cultivated globally due to their popularity."
      }
    ]
  },
  {
    "id": "200030",
    "image": "downloaded_images/Plants/Rose/image_20241018_173300_9.jpg",
    "conversations": [
      {
        "from": "human",
        "value": "<image>\nWhat is the growth form of this plant (e.g., tree, shrub, herb)?"
      },
      {
        "from": "gpt",
        "value": "Growth Form: Roses are typically shrubs, though some varieties grow as climbers or trailing plants."
      }
    ]
  },
  {
    "id": "200031",
    "image": "downloaded_images/Plants/Rose/image_20241018_173215_4.jpg",
    "conversations": [
      {
        "from": "human",
        "value": "<image>\nWhat is the growth form of this plant (e.g., tree, shrub, herb)?"
      },
      {
        "from": "gpt",
        "value": "Growth Form: Roses are typically shrubs, though some varieties grow as climbers or trailing plants."
      }
    ]
  },
  {
    "id": "200032",
    "image": "downloaded_images/Plants/Rose/image_20241107_183230_16.jpg",
    "conversations": [
      {
        "from": "human",
        "value": "<image>\nWhat is the growth form of this plant (e.g., tree, shrub, herb)?"
      },
      {
        "from": "gpt",
        "value": "Growth Form: Roses are typically shrubs, though some varieties grow as climbers or trailing plants."
      }
    ]
  },
  {
    "id": "200033",
    "image": "downloaded_images/Plants/Rose/image_20241018_173243_7.jpg",
    "conversations": [
      {
        "from": "human",
        "value": "<image>\nWhat is the growth form of this plant (e.g., tree, shrub, herb)?"
      },
      {
        "from": "gpt",
        "value": "Growth Form: Roses are typically shrubs, though some varieties grow as climbers or trailing plants."
      }
    ]
  },
  {
    "id": "200034",
    "image": "downloaded_images/Plants/Rose/image_20241107_183143_11.jpg",
    "conversations": [
      {
        "from": "human",
        "value": "<image>\nWhat is the growth form of this plant (e.g., tree, shrub, herb)?"
      },
      {
        "from": "gpt",
        "value": "Growth Form: Roses are typically shrubs, though some varieties grow as climbers or trailing plants."
      }
    ]
  },
  {
    "id": "300005",
    "image": "downloaded_images/Plants/Rose/image_20241018_173148_1.jpg",
    "conversations": [
      {
        "from": "human",
        "value": "<image>\nHow is this plant referred to?"
      },
      {
        "from": "gpt",
        "value": "The common name of this plant is Rose."
      }
    ]
  },
  {
    "id": "300006",
    "image": "downloaded_images/Plants/Rose/image_20241018_173206_3.jpg",
    "conversations": [
      {
        "from": "human",
        "value": "<image>\nTo what family or genus is this species classified?"
      },
      {
        "from": "gpt",
        "value": "Rose belongs to the Family Rosaceae and the Genus: Rosa."
      }
    ]
  },
  {
    "id": "300007",
    "image": "downloaded_images/Plants/Rose/image_20241018_173232_6.jpg",
    "conversations": [
      {
        "from": "human",
        "value": "<image>\nHow does this plant propagate (through seeds, cuttings, or runners)?"
      },
      {
        "from": "gpt",
        "value": "Roses reproduce primarily through seeds, but they are also commonly propagated through cuttings and grafting. Some species may also reproduce via suckers or runners."
      }
    ]
  },
  {
    "id": "300008",
    "image": "downloaded_images/Plants/Rose/image_20241018_173300_9.jpg",
    "conversations": [
      {
        "from": "human",
        "value": "<image>\nWhere is this plant originally from—regionally or worldwide?"
      },
      {
        "from": "gpt",
        "value": "Native Region: Roses are native to regions of Asia, Europe, North America, and northwestern Africa. However, they are now grown and cultivated globally due to their popularity."
      }
    ]
  },
  {
    "id": "300009",
    "image": "downloaded_images/Plants/Rose/image_20241107_183026_2.jpg",
    "conversations": [
      {
        "from": "human",
        "value": "<image>\nIn what way does this plant develop (as a tree, shrub, or herb)?"
      },
      {
        "from": "gpt",
        "value": "Growth Form: Roses are typically shrubs, though some varieties grow as climbers or trailing plants."
      }
    ]
  },
  {
    "id": "300010",
    "image": "downloaded_images/Plants/Rose/image_20241107_183059_6.jpg",
    "conversations": [
      {
        "from": "human",
        "value": "<image>\nHow is this plant referred to?"
      },
      {
        "from": "gpt",
        "value": "The common name of this plant is Rose."
      }
    ]
  },
  {
    "id": "300011",
    "image": "downloaded_images/Plants/Rose/image_20241018_173451_20.jpg",
    "conversations": [
      {
        "from": "human",
        "value": "<image>\nHow is this plant referred to?"
      },
      {
        "from": "gpt",
        "value": "The common name of this plant is Rose."
      }
    ]
  },
  {
    "id": "300012",
    "image": "downloaded_images/Plants/Rose/image_20241018_173243_7.jpg",
    "conversations": [
      {
        "from": "human",
        "value": "<image>\nHow is this plant referred to?"
      },
      {
        "from": "gpt",
        "value": "The common name of this plant is Rose."
      }
    ]
  },
  {
    "id": "300013",
    "image": "downloaded_images/Plants/Rose/image_20241107_183015_1.jpg",
    "conversations": [
      {
        "from": "human",
        "value": "<image>\nHow is this plant referred to?"
      },
      {
        "from": "gpt",
        "value": "The common name of this plant is Rose."
      }
    ]
  },
  {
    "id": "300014",
    "image": "downloaded_images/Plants/Rose/image_20241018_173525_24.jpg",
    "conversations": [
      {
        "from": "human",
        "value": "<image>\nHow is this plant referred to?"
      },
      {
        "from": "gpt",
        "value": "The common name of this plant is Rose."
      }
    ]
  },
  {
    "id": "300015",
    "image": "downloaded_images/Plants/Rose/image_20241107_183457_29.jpg",
    "conversations": [
      {
        "from": "human",
        "value": "<image>\nTo what family or genus is this species classified?"
      },
      {
        "from": "gpt",
        "value": "Rose belongs to the Family Rosaceae and the Genus: Rosa."
      }
    ]
  },
  {
    "id": "300016",
    "image": "downloaded_images/Plants/Rose/image_20241018_173418_16.jpg",
    "conversations": [
      {
        "from": "human",
        "value": "<image>\nTo what family or genus is this species classified?"
      },
      {
        "from": "gpt",
        "value": "Rose belongs to the Family Rosaceae and the Genus: Rosa."
      }
    ]
  },
  {
    "id": "300017",
    "image": "downloaded_images/Plants/Rose/image_20241018_173224_5.jpg",
    "conversations": [
      {
        "from": "human",
        "value": "<image>\nTo what family or genus is this species classified?"
      },
      {
        "from": "gpt",
        "value": "Rose belongs to the Family Rosaceae and the Genus: Rosa."
      }
    ]
  },
  {
    "id": "300018",
    "image": "downloaded_images/Plants/Rose/image_20241107_183116_8.jpg",
    "conversations": [
      {
        "from": "human",
        "value": "<image>\nTo what family or genus is this species classified?"
      },
      {
        "from": "gpt",
        "value": "Rose belongs to the Family Rosaceae and the Genus: Rosa."
      }
    ]
  },
  {
    "id": "300019",
    "image": "downloaded_images/Plants/Rose/image_20241107_183312_18.jpg",
    "conversations": [
      {
        "from": "human",
        "value": "<image>\nTo what family or genus is this species classified?"
      },
      {
        "from": "gpt",
        "value": "Rose belongs to the Family Rosaceae and the Genus: Rosa."
      }
    ]
  },
  {
    "id": "300020",
    "image": "downloaded_images/Plants/Rose/image_20241018_173252_8.jpg",
    "conversations": [
      {
        "from": "human",
        "value": "<image>\nHow does this plant propagate (through seeds, cuttings, or runners)?"
      },
      {
        "from": "gpt",
        "value": "Roses reproduce primarily through seeds, but they are also commonly propagated through cuttings and grafting. Some species may also reproduce via suckers or runners."
      }
    ]
  },
  {
    "id": "300021",
    "image": "downloaded_images/Plants/Rose/image_20241107_183116_8.jpg",
    "conversations": [
      {
        "from": "human",
        "value": "<image>\nHow does this plant propagate (through seeds, cuttings, or runners)?"
      },
      {
        "from": "gpt",
        "value": "Roses reproduce primarily through seeds, but they are also commonly propagated through cuttings and grafting. Some species may also reproduce via suckers or runners."
      }
    ]
  },
  {
    "id": "300022",
    "image": "downloaded_images/Plants/Rose/image_20241018_173332_13.jpg",
    "conversations": [
      {
        "from": "human",
        "value": "<image>\nHow does this plant propagate (through seeds, cuttings, or runners)?"
      },
      {
        "from": "gpt",
        "value": "Roses reproduce primarily through seeds, but they are also commonly propagated through cuttings and grafting. Some species may also reproduce via suckers or runners."
      }
    ]
  },
  {
    "id": "300023",
    "image": "downloaded_images/Plants/Rose/image_20241107_183441_28.jpg",
    "conversations": [
      {
        "from": "human",
        "value": "<image>\nHow does this plant propagate (through seeds, cuttings, or runners)?"
      },
      {
        "from": "gpt",
        "value": "Roses reproduce primarily through seeds, but they are also commonly propagated through cuttings and grafting. Some species may also reproduce via suckers or runners."
      }
    ]
  },
  {
    "id": "300024",
    "image": "downloaded_images/Plants/Rose/image_20241018_173300_9.jpg",
    "conversations": [
      {
        "from": "human",
        "value": "<image>\nHow does this plant propagate (through seeds, cuttings, or runners)?"
      },
      {
        "from": "gpt",
        "value": "Roses reproduce primarily through seeds, but they are also commonly propagated through cuttings and grafting. Some species may also reproduce via suckers or runners."
      }
    ]
  },
  {
    "id": "300025",
    "image": "downloaded_images/Plants/Rose/image_20241107_183107_7.jpg",
    "conversations": [
      {
        "from": "human",
        "value": "<image>\nWhere is this plant originally from—regionally or worldwide?"
      },
      {
        "from": "gpt",
        "value": "Native Region: Roses are native to regions of Asia, Europe, North America, and northwestern Africa. However, they are now grown and cultivated globally due to their popularity."
      }
    ]
  },
  {
    "id": "300026",
    "image": "downloaded_images/Plants/Rose/image_20241018_173451_20.jpg",
    "conversations": [
      {
        "from": "human",
        "value": "<image>\nWhere is this plant originally from—regionally or worldwide?"
      },
      {
        "from": "gpt",
        "value": "Native Region: Roses are native to regions of Asia, Europe, North America, and northwestern Africa. However, they are now grown and cultivated globally due to their popularity."
      }
    ]
  },
  {
    "id": "300027",
    "image": "downloaded_images/Plants/Rose/image_20241018_173215_4.jpg",
    "conversations": [
      {
        "from": "human",
        "value": "<image>\nWhere is this plant originally from—regionally or worldwide?"
      },
      {
        "from": "gpt",
        "value": "Native Region: Roses are native to regions of Asia, Europe, North America, and northwestern Africa. However, they are now grown and cultivated globally due to their popularity."
      }
    ]
  },
  {
    "id": "300028",
    "image": "downloaded_images/Plants/Rose/image_20241018_173509_22.jpg",
    "conversations": [
      {
        "from": "human",
        "value": "<image>\nWhere is this plant originally from—regionally or worldwide?"
      },
      {
        "from": "gpt",
        "value": "Native Region: Roses are native to regions of Asia, Europe, North America, and northwestern Africa. However, they are now grown and cultivated globally due to their popularity."
      }
    ]
  },
  {
    "id": "300029",
    "image": "downloaded_images/Plants/Rose/image_20241107_183116_8.jpg",
    "conversations": [
      {
        "from": "human",
        "value": "<image>\nWhere is this plant originally from—regionally or worldwide?"
      },
      {
        "from": "gpt",
        "value": "Native Region: Roses are native to regions of Asia, Europe, North America, and northwestern Africa. However, they are now grown and cultivated globally due to their popularity."
      }
    ]
  },
  {
    "id": "300030",
    "image": "downloaded_images/Plants/Rose/image_20241018_173300_9.jpg",
    "conversations": [
      {
        "from": "human",
        "value": "<image>\nIn what way does this plant develop (as a tree, shrub, or herb)?"
      },
      {
        "from": "gpt",
        "value": "Growth Form: Roses are typically shrubs, though some varieties grow as climbers or trailing plants."
      }
    ]
  },
  {
    "id": "300031",
    "image": "downloaded_images/Plants/Rose/image_20241018_173215_4.jpg",
    "conversations": [
      {
        "from": "human",
        "value": "<image>\nIn what way does this plant develop (as a tree, shrub, or herb)?"
      },
      {
        "from": "gpt",
        "value": "Growth Form: Roses are typically shrubs, though some varieties grow as climbers or trailing plants."
      }
    ]
  },
  {
    "id": "300032",
    "image": "downloaded_images/Plants/Rose/image_20241107_183230_16.jpg",
    "conversations": [
      {
        "from": "human",
        "value": "<image>\nIn what way does this plant develop (as a tree, shrub, or herb)?"
      },
      {
        "from": "gpt",
        "value": "Growth Form: Roses are typically shrubs, though some varieties grow as climbers or trailing plants."
      }
    ]
  },
  {
    "id": "300033",
    "image": "downloaded_images/Plants/Rose/image_20241018_173243_7.jpg",
    "conversations": [
      {
        "from": "human",
        "value": "<image>\nIn what way does this plant develop (as a tree, shrub, or herb)?"
      },
      {
        "from": "gpt",
        "value": "Growth Form: Roses are typically shrubs, though some varieties grow as climbers or trailing plants."
      }
    ]
  },
  {
    "id": "300034",
    "image": "downloaded_images/Plants/Rose/image_20241107_183143_11.jpg",
    "conversations": [
      {
        "from": "human",
        "value": "<image>\nIn what way does this plant develop (as a tree, shrub, or herb)?"
      },
      {
        "from": "gpt",
        "value": "Growth Form: Roses are typically shrubs, though some varieties grow as climbers or trailing plants."
      }
    ]
  },
  {
    "id": "400005",
    "image": "downloaded_images/Plants/Rose/image_20241018_173148_1.jpg",
    "conversations": [
      {
        "from": "human",
        "value": "<image>\nWhat do people usually call this plant?"
      },
      {
        "from": "gpt",
        "value": "The common name of this plant is Rose."
      }
    ]
  },
  {
    "id": "400006",
    "image": "downloaded_images/Plants/Rose/image_20241018_173206_3.jpg",
    "conversations": [
      {
        "from": "human",
        "value": "<image>\nWhat family does this plant fall under?"
      },
      {
        "from": "gpt",
        "value": "Rose belongs to the Family Rosaceae and the Genus: Rosa."
      }
    ]
  },
  {
    "id": "400007",
    "image": "downloaded_images/Plants/Rose/image_20241018_173232_6.jpg",
    "conversations": [
      {
        "from": "human",
        "value": "<image>\nWhat is the reproductive process of this plant?"
      },
      {
        "from": "gpt",
        "value": "Roses reproduce primarily through seeds, but they are also commonly propagated through cuttings and grafting. Some species may also reproduce via suckers or runners."
      }
    ]
  },
  {
    "id": "400008",
    "image": "downloaded_images/Plants/Rose/image_20241018_173300_9.jpg",
    "conversations": [
      {
        "from": "human",
        "value": "<image>\nDoes this plant grow in a specific region, or is it found everywhere?"
      },
      {
        "from": "gpt",
        "value": "Native Region: Roses are native to regions of Asia, Europe, North America, and northwestern Africa. However, they are now grown and cultivated globally due to their popularity."
      }
    ]
  },
  {
    "id": "400009",
    "image": "downloaded_images/Plants/Rose/image_20241107_183026_2.jpg",
    "conversations": [
      {
        "from": "human",
        "value": "<image>\nWhat type of growth habit does this plant exhibit (e.g., tree, shrub, herb)?"
      },
      {
        "from": "gpt",
        "value": "Growth Form: Roses are typically shrubs, though some varieties grow as climbers or trailing plants."
      }
    ]
  },
  {
    "id": "400010",
    "image": "downloaded_images/Plants/Rose/image_20241107_183059_6.jpg",
    "conversations": [
      {
        "from": "human",
        "value": "<image>\nWhat do people usually call this plant?"
      },
      {
        "from": "gpt",
        "value": "The common name of this plant is Rose."
      }
    ]
  },
  {
    "id": "400011",
    "image": "downloaded_images/Plants/Rose/image_20241018_173451_20.jpg",
    "conversations": [
      {
        "from": "human",
        "value": "<image>\nWhat do people usually call this plant?"
      },
      {
        "from": "gpt",
        "value": "The common name of this plant is Rose."
      }
    ]
  },
  {
    "id": "400012",
    "image": "downloaded_images/Plants/Rose/image_20241018_173243_7.jpg",
    "conversations": [
      {
        "from": "human",
        "value": "<image>\nWhat do people usually call this plant?"
      },
      {
        "from": "gpt",
        "value": "The common name of this plant is Rose."
      }
    ]
  },
  {
    "id": "400013",
    "image": "downloaded_images/Plants/Rose/image_20241107_183015_1.jpg",
    "conversations": [
      {
        "from": "human",
        "value": "<image>\nWhat do people usually call this plant?"
      },
      {
        "from": "gpt",
        "value": "The common name of this plant is Rose."
      }
    ]
  },
  {
    "id": "400014",
    "image": "downloaded_images/Plants/Rose/image_20241018_173525_24.jpg",
    "conversations": [
      {
        "from": "human",
        "value": "<image>\nWhat do people usually call this plant?"
      },
      {
        "from": "gpt",
        "value": "The common name of this plant is Rose."
      }
    ]
  },
  {
    "id": "400015",
    "image": "downloaded_images/Plants/Rose/image_20241107_183457_29.jpg",
    "conversations": [
      {
        "from": "human",
        "value": "<image>\nWhat family does this plant fall under?"
      },
      {
        "from": "gpt",
        "value": "Rose belongs to the Family Rosaceae and the Genus: Rosa."
      }
    ]
  },
  {
    "id": "400016",
    "image": "downloaded_images/Plants/Rose/image_20241018_173418_16.jpg",
    "conversations": [
      {
        "from": "human",
        "value": "<image>\nWhat family does this plant fall under?"
      },
      {
        "from": "gpt",
        "value": "Rose belongs to the Family Rosaceae and the Genus: Rosa."
      }
    ]
  },
  {
    "id": "400017",
    "image": "downloaded_images/Plants/Rose/image_20241018_173224_5.jpg",
    "conversations": [
      {
        "from": "human",
        "value": "<image>\nWhat family does this plant fall under?"
      },
      {
        "from": "gpt",
        "value": "Rose belongs to the Family Rosaceae and the Genus: Rosa."
      }
    ]
  },
  {
    "id": "400018",
    "image": "downloaded_images/Plants/Rose/image_20241107_183116_8.jpg",
    "conversations": [
      {
        "from": "human",
        "value": "<image>\nWhat family does this plant fall under?"
      },
      {
        "from": "gpt",
        "value": "Rose belongs to the Family Rosaceae and the Genus: Rosa."
      }
    ]
  },
  {
    "id": "400019",
    "image": "downloaded_images/Plants/Rose/image_20241107_183312_18.jpg",
    "conversations": [
      {
        "from": "human",
        "value": "<image>\nWhat family does this plant fall under?"
      },
      {
        "from": "gpt",
        "value": "Rose belongs to the Family Rosaceae and the Genus: Rosa."
      }
    ]
  },
  {
    "id": "400020",
    "image": "downloaded_images/Plants/Rose/image_20241018_173252_8.jpg",
    "conversations": [
      {
        "from": "human",
        "value": "<image>\nWhat is the reproductive process of this plant?"
      },
      {
        "from": "gpt",
        "value": "Roses reproduce primarily through seeds, but they are also commonly propagated through cuttings and grafting. Some species may also reproduce via suckers or runners."
      }
    ]
  },
  {
    "id": "400021",
    "image": "downloaded_images/Plants/Rose/image_20241107_183116_8.jpg",
    "conversations": [
      {
        "from": "human",
        "value": "<image>\nWhat is the reproductive process of this plant?"
      },
      {
        "from": "gpt",
        "value": "Roses reproduce primarily through seeds, but they are also commonly propagated through cuttings and grafting. Some species may also reproduce via suckers or runners."
      }
    ]
  },
  {
    "id": "400022",
    "image": "downloaded_images/Plants/Rose/image_20241018_173332_13.jpg",
    "conversations": [
      {
        "from": "human",
        "value": "<image>\nWhat is the reproductive process of this plant?"
      },
      {
        "from": "gpt",
        "value": "Roses reproduce primarily through seeds, but they are also commonly propagated through cuttings and grafting. Some species may also reproduce via suckers or runners."
      }
    ]
  },
  {
    "id": "400023",
    "image": "downloaded_images/Plants/Rose/image_20241107_183441_28.jpg",
    "conversations": [
      {
        "from": "human",
        "value": "<image>\nWhat is the reproductive process of this plant?"
      },
      {
        "from": "gpt",
        "value": "Roses reproduce primarily through seeds, but they are also commonly propagated through cuttings and grafting. Some species may also reproduce via suckers or runners."
      }
    ]
  },
  {
    "id": "400024",
    "image": "downloaded_images/Plants/Rose/image_20241018_173300_9.jpg",
    "conversations": [
      {
        "from": "human",
        "value": "<image>\nWhat is the reproductive process of this plant?"
      },
      {
        "from": "gpt",
        "value": "Roses reproduce primarily through seeds, but they are also commonly propagated through cuttings and grafting. Some species may also reproduce via suckers or runners."
      }
    ]
  },
  {
    "id": "400025",
    "image": "downloaded_images/Plants/Rose/image_20241107_183107_7.jpg",
    "conversations": [
      {
        "from": "human",
        "value": "<image>\nDoes this plant grow in a specific region, or is it found everywhere?"
      },
      {
        "from": "gpt",
        "value": "Native Region: Roses are native to regions of Asia, Europe, North America, and northwestern Africa. However, they are now grown and cultivated globally due to their popularity."
      }
    ]
  },
  {
    "id": "400026",
    "image": "downloaded_images/Plants/Rose/image_20241018_173451_20.jpg",
    "conversations": [
      {
        "from": "human",
        "value": "<image>\nDoes this plant grow in a specific region, or is it found everywhere?"
      },
      {
        "from": "gpt",
        "value": "Native Region: Roses are native to regions of Asia, Europe, North America, and northwestern Africa. However, they are now grown and cultivated globally due to their popularity."
      }
    ]
  },
  {
    "id": "400027",
    "image": "downloaded_images/Plants/Rose/image_20241018_173215_4.jpg",
    "conversations": [
      {
        "from": "human",
        "value": "<image>\nDoes this plant grow in a specific region, or is it found everywhere?"
      },
      {
        "from": "gpt",
        "value": "Native Region: Roses are native to regions of Asia, Europe, North America, and northwestern Africa. However, they are now grown and cultivated globally due to their popularity."
      }
    ]
  },
  {
    "id": "400028",
    "image": "downloaded_images/Plants/Rose/image_20241018_173509_22.jpg",
    "conversations": [
      {
        "from": "human",
        "value": "<image>\nDoes this plant grow in a specific region, or is it found everywhere?"
      },
      {
        "from": "gpt",
        "value": "Native Region: Roses are native to regions of Asia, Europe, North America, and northwestern Africa. However, they are now grown and cultivated globally due to their popularity."
      }
    ]
  },
  {
    "id": "400029",
    "image": "downloaded_images/Plants/Rose/image_20241107_183116_8.jpg",
    "conversations": [
      {
        "from": "human",
        "value": "<image>\nDoes this plant grow in a specific region, or is it found everywhere?"
      },
      {
        "from": "gpt",
        "value": "Native Region: Roses are native to regions of Asia, Europe, North America, and northwestern Africa. However, they are now grown and cultivated globally due to their popularity."
      }
    ]
  },
  {
    "id": "400030",
    "image": "downloaded_images/Plants/Rose/image_20241018_173300_9.jpg",
    "conversations": [
      {
        "from": "human",
        "value": "<image>\nWhat type of growth habit does this plant exhibit (e.g., tree, shrub, herb)?"
      },
      {
        "from": "gpt",
        "value": "Growth Form: Roses are typically shrubs, though some varieties grow as climbers or trailing plants."
      }
    ]
  },
  {
    "id": "400031",
    "image": "downloaded_images/Plants/Rose/image_20241018_173215_4.jpg",
    "conversations": [
      {
        "from": "human",
        "value": "<image>\nWhat type of growth habit does this plant exhibit (e.g., tree, shrub, herb)?"
      },
      {
        "from": "gpt",
        "value": "Growth Form: Roses are typically shrubs, though some varieties grow as climbers or trailing plants."
      }
    ]
  },
  {
    "id": "400032",
    "image": "downloaded_images/Plants/Rose/image_20241107_183230_16.jpg",
    "conversations": [
      {
        "from": "human",
        "value": "<image>\nWhat type of growth habit does this plant exhibit (e.g., tree, shrub, herb)?"
      },
      {
        "from": "gpt",
        "value": "Growth Form: Roses are typically shrubs, though some varieties grow as climbers or trailing plants."
      }
    ]
  },
  {
    "id": "400033",
    "image": "downloaded_images/Plants/Rose/image_20241018_173243_7.jpg",
    "conversations": [
      {
        "from": "human",
        "value": "<image>\nWhat type of growth habit does this plant exhibit (e.g., tree, shrub, herb)?"
      },
      {
        "from": "gpt",
        "value": "Growth Form: Roses are typically shrubs, though some varieties grow as climbers or trailing plants."
      }
    ]
  },
  {
    "id": "400034",
    "image": "downloaded_images/Plants/Rose/image_20241107_183143_11.jpg",
    "conversations": [
      {
        "from": "human",
        "value": "<image>\nWhat type of growth habit does this plant exhibit (e.g., tree, shrub, herb)?"
      },
      {
        "from": "gpt",
        "value": "Growth Form: Roses are typically shrubs, though some varieties grow as climbers or trailing plants."
      }
    ]
  }
]