[
  {
    "id": "7",
    "image": "downloaded_images/Personage/Michael_Jordan/image_20241018_165953_22.jpg",
    "conversations": [
      {
        "from": "human",
        "value": "<image>\nWhat is this person's name?"
      },
      {
        "from": "gpt",
        "value": "Michael Jordan"
      }
    ]
  },
  {
    "id": "8",
    "image": "downloaded_images/Personage/Michael_Jordan/image_20241018_165953_22.jpg",
    "conversations": [
      {
        "from": "human",
        "value": "<image>\nWhen and where was this person born?"
      },
      {
        "from": "gpt",
        "value": "Michael Jordan was born on February 17, 1963, in Brooklyn, New York, USA."
      }
    ]
  },
  {
    "id": "9",
    "image": "downloaded_images/Personage/Michael_Jordan/image_20241018_165656_4.jpg",
    "conversations": [
      {
        "from": "human",
        "value": "<image>\nWhat is this person's profession?"
      },
      {
        "from": "gpt",
        "value": "Michael Jordan is a former professional basketball player, widely regarded as one of the greatest basketball players of all time. He is also a businessman and principal owner of the Charlotte Hornets, an NBA team."
      }
    ]
  },
  {
    "id": "10",
    "image": "downloaded_images/Personage/Michael_Jordan/image_20241018_170009_24.jpg",
    "conversations": [
      {
        "from": "human",
        "value": "<image>\nWhat are the famous works or achievements of this person?"
      },
      {
        "from": "gpt",
        "value": "Michael Jordan is known for his incredible career in the NBA, where he played primarily for the Chicago Bulls. He won six NBA championships (1991-1993, 1996-1998) and was named NBA Finals MVP in each of those championships. He is a 14-time NBA All-Star, 10-time scoring champion, and 5-time NBA Most Valuable Player (MVP). Additionally, he was inducted into the Naismith Memorial Basketball Hall of Fame in 2009. Beyond basketball, he is famous for his brand, Air Jordan, which revolutionized sports marketing and sneaker culture."
      }
    ]
  },
  {
    "id": "11",
    "image": "downloaded_images/Personage/Michael_Jordan/image_20241018_165639_2.jpg",
    "conversations": [
      {
        "from": "human",
        "value": "<image>\nWhat contributions has this person made to society or industry?"
      },
      {
        "from": "gpt",
        "value": "Michael Jordan has made significant contributions to both sports and society. He has been a prominent figure in promoting basketball globally and has inspired countless athletes. His success has also led to the growth of the sports marketing industry, particularly through his partnership with Nike, which created the Air Jordan brand. Beyond sports, Jordan has been involved in various philanthropic efforts, including donations to education and health initiatives, and he has worked to improve the lives of underprivileged communities. His influence extends into popular culture, making him a global icon."
      }
    ]
  },
  {
    "id": "12",
    "image": "downloaded_images/Personage/Michael_Jordan/image_20241107_164921_16.jpg",
    "conversations": [
      {
        "from": "human",
        "value": "<image>\nWhat is this person's name?"
      },
      {
        "from": "gpt",
        "value": "Michael Jordan"
      }
    ]
  },
  {
    "id": "13",
    "image": "downloaded_images/Personage/Michael_Jordan/image_20241107_164830_10.jpg",
    "conversations": [
      {
        "from": "human",
        "value": "<image>\nWhat is this person's name?"
      },
      {
        "from": "gpt",
        "value": "Michael Jordan"
      }
    ]
  },
  {
    "id": "14",
    "image": "downloaded_images/Personage/Michael_Jordan/image_20241107_165005_21.jpg",
    "conversations": [
      {
        "from": "human",
        "value": "<image>\nWhat is this person's name?"
      },
      {
        "from": "gpt",
        "value": "Michael Jordan"
      }
    ]
  },
  {
    "id": "15",
    "image": "downloaded_images/Personage/Michael_Jordan/image_20241107_164846_12.jpg",
    "conversations": [
      {
        "from": "human",
        "value": "<image>\nWhat is this person's name?"
      },
      {
        "from": "gpt",
        "value": "Michael Jordan"
      }
    ]
  },
  {
    "id": "16",
    "image": "downloaded_images/Personage/Michael_Jordan/image_20241018_165733_8.jpg",
    "conversations": [
      {
        "from": "human",
        "value": "<image>\nWhat is this person's name?"
      },
      {
        "from": "gpt",
        "value": "Michael Jordan"
      }
    ]
  },
  {
    "id": "17",
    "image": "downloaded_images/Personage/Michael_Jordan/image_20241107_165005_21.jpg",
    "conversations": [
      {
        "from": "human",
        "value": "<image>\nWhen and where was this person born?"
      },
      {
        "from": "gpt",
        "value": "Michael Jordan was born on February 17, 1963, in Brooklyn, New York, USA."
      }
    ]
  },
  {
    "id": "18",
    "image": "downloaded_images/Personage/Michael_Jordan/image_20241018_170009_24.jpg",
    "conversations": [
      {
        "from": "human",
        "value": "<image>\nWhen and where was this person born?"
      },
      {
        "from": "gpt",
        "value": "Michael Jordan was born on February 17, 1963, in Brooklyn, New York, USA."
      }
    ]
  },
  {
    "id": "19",
    "image": "downloaded_images/Personage/Michael_Jordan/image_20241018_165733_8.jpg",
    "conversations": [
      {
        "from": "human",
        "value": "<image>\nWhen and where was this person born?"
      },
      {
        "from": "gpt",
        "value": "Michael Jordan was born on February 17, 1963, in Brooklyn, New York, USA."
      }
    ]
  },
  {
    "id": "20",
    "image": "downloaded_images/Personage/Michael_Jordan/image_20241107_165049_26.jpg",
    "conversations": [
      {
        "from": "human",
        "value": "<image>\nWhen and where was this person born?"
      },
      {
        "from": "gpt",
        "value": "Michael Jordan was born on February 17, 1963, in Brooklyn, New York, USA."
      }
    ]
  },
  {
    "id": "21",
    "image": "downloaded_images/Personage/Michael_Jordan/image_20241018_165630_1.jpg",
    "conversations": [
      {
        "from": "human",
        "value": "<image>\nWhen and where was this person born?"
      },
      {
        "from": "gpt",
        "value": "Michael Jordan was born on February 17, 1963, in Brooklyn, New York, USA."
      }
    ]
  },
  {
    "id": "22",
    "image": "downloaded_images/Personage/Michael_Jordan/image_20241107_165049_26.jpg",
    "conversations": [
      {
        "from": "human",
        "value": "<image>\nWhat is this person's profession?"
      },
      {
        "from": "gpt",
        "value": "Michael Jordan is a former professional basketball player, widely regarded as one of the greatest basketball players of all time. He is also a businessman and principal owner of the Charlotte Hornets, an NBA team."
      }
    ]
  },
  {
    "id": "23",
    "image": "downloaded_images/Personage/Michael_Jordan/image_20241107_165031_24.jpg",
    "conversations": [
      {
        "from": "human",
        "value": "<image>\nWhat is this person's profession?"
      },
      {
        "from": "gpt",
        "value": "Michael Jordan is a former professional basketball player, widely regarded as one of the greatest basketball players of all time. He is also a businessman and principal owner of the Charlotte Hornets, an NBA team."
      }
    ]
  },
  {
    "id": "24",
    "image": "downloaded_images/Personage/Michael_Jordan/image_20241018_165913_17.jpg",
    "conversations": [
      {
        "from": "human",
        "value": "<image>\nWhat is this person's profession?"
      },
      {
        "from": "gpt",
        "value": "Michael Jordan is a former professional basketball player, widely regarded as one of the greatest basketball players of all time. He is also a businessman and principal owner of the Charlotte Hornets, an NBA team."
      }
    ]
  },
  {
    "id": "25",
    "image": "downloaded_images/Personage/Michael_Jordan/image_20241107_164854_13.jpg",
    "conversations": [
      {
        "from": "human",
        "value": "<image>\nWhat is this person's profession?"
      },
      {
        "from": "gpt",
        "value": "Michael Jordan is a former professional basketball player, widely regarded as one of the greatest basketball players of all time. He is also a businessman and principal owner of the Charlotte Hornets, an NBA team."
      }
    ]
  },
  {
    "id": "26",
    "image": "downloaded_images/Personage/Michael_Jordan/image_20241018_165639_2.jpg",
    "conversations": [
      {
        "from": "human",
        "value": "<image>\nWhat is this person's profession?"
      },
      {
        "from": "gpt",
        "value": "Michael Jordan is a former professional basketball player, widely regarded as one of the greatest basketball players of all time. He is also a businessman and principal owner of the Charlotte Hornets, an NBA team."
      }
    ]
  },
  {
    "id": "27",
    "image": "downloaded_images/Personage/Michael_Jordan/image_20241018_165630_1.jpg",
    "conversations": [
      {
        "from": "human",
        "value": "<image>\nWhat are the famous works or achievements of this person?"
      },
      {
        "from": "gpt",
        "value": "Michael Jordan is known for his incredible career in the NBA, where he played primarily for the Chicago Bulls. He won six NBA championships (1991-1993, 1996-1998) and was named NBA Finals MVP in each of those championships. He is a 14-time NBA All-Star, 10-time scoring champion, and 5-time NBA Most Valuable Player (MVP). Additionally, he was inducted into the Naismith Memorial Basketball Hall of Fame in 2009. Beyond basketball, he is famous for his brand, Air Jordan, which revolutionized sports marketing and sneaker culture."
      }
    ]
  },
  {
    "id": "28",
    "image": "downloaded_images/Personage/Michael_Jordan/image_20241107_164838_11.jpg",
    "conversations": [
      {
        "from": "human",
        "value": "<image>\nWhat are the famous works or achievements of this person?"
      },
      {
        "from": "gpt",
        "value": "Michael Jordan is known for his incredible career in the NBA, where he played primarily for the Chicago Bulls. He won six NBA championships (1991-1993, 1996-1998) and was named NBA Finals MVP in each of those championships. He is a 14-time NBA All-Star, 10-time scoring champion, and 5-time NBA Most Valuable Player (MVP). Additionally, he was inducted into the Naismith Memorial Basketball Hall of Fame in 2009. Beyond basketball, he is famous for his brand, Air Jordan, which revolutionized sports marketing and sneaker culture."
      }
    ]
  },
  {
    "id": "29",
    "image": "downloaded_images/Personage/Michael_Jordan/image_20241018_165803_9.jpg",
    "conversations": [
      {
        "from": "human",
        "value": "<image>\nWhat are the famous works or achievements of this person?"
      },
      {
        "from": "gpt",
        "value": "Michael Jordan is known for his incredible career in the NBA, where he played primarily for the Chicago Bulls. He won six NBA championships (1991-1993, 1996-1998) and was named NBA Finals MVP in each of those championships. He is a 14-time NBA All-Star, 10-time scoring champion, and 5-time NBA Most Valuable Player (MVP). Additionally, he was inducted into the Naismith Memorial Basketball Hall of Fame in 2009. Beyond basketball, he is famous for his brand, Air Jordan, which revolutionized sports marketing and sneaker culture."
      }
    ]
  },
  {
    "id": "30",
    "image": "downloaded_images/Personage/Michael_Jordan/image_20241018_165953_22.jpg",
    "conversations": [
      {
        "from": "human",
        "value": "<image>\nWhat are the famous works or achievements of this person?"
      },
      {
        "from": "gpt",
        "value": "Michael Jordan is known for his incredible career in the NBA, where he played primarily for the Chicago Bulls. He won six NBA championships (1991-1993, 1996-1998) and was named NBA Finals MVP in each of those championships. He is a 14-time NBA All-Star, 10-time scoring champion, and 5-time NBA Most Valuable Player (MVP). Additionally, he was inducted into the Naismith Memorial Basketball Hall of Fame in 2009. Beyond basketball, he is famous for his brand, Air Jordan, which revolutionized sports marketing and sneaker culture."
      }
    ]
  },
  {
    "id": "31",
    "image": "downloaded_images/Personage/Michael_Jordan/image_20241107_164904_14.jpg",
    "conversations": [
      {
        "from": "human",
        "value": "<image>\nWhat are the famous works or achievements of this person?"
      },
      {
        "from": "gpt",
        "value": "Michael Jordan is known for his incredible career in the NBA, where he played primarily for the Chicago Bulls. He won six NBA championships (1991-1993, 1996-1998) and was named NBA Finals MVP in each of those championships. He is a 14-time NBA All-Star, 10-time scoring champion, and 5-time NBA Most Valuable Player (MVP). Additionally, he was inducted into the Naismith Memorial Basketball Hall of Fame in 2009. Beyond basketball, he is famous for his brand, Air Jordan, which revolutionized sports marketing and sneaker culture."
      }
    ]
  },
  {
    "id": "32",
    "image": "downloaded_images/Personage/Michael_Jordan/image_20241018_170018_25.jpg",
    "conversations": [
      {
        "from": "human",
        "value": "<image>\nWhat contributions has this person made to society or industry?"
      },
      {
        "from": "gpt",
        "value": "Michael Jordan has made significant contributions to both sports and society. He has been a prominent figure in promoting basketball globally and has inspired countless athletes. His success has also led to the growth of the sports marketing industry, particularly through his partnership with Nike, which created the Air Jordan brand. Beyond sports, Jordan has been involved in various philanthropic efforts, including donations to education and health initiatives, and he has worked to improve the lives of underprivileged communities. His influence extends into popular culture, making him a global icon."
      }
    ]
  },
  {
    "id": "33",
    "image": "downloaded_images/Personage/Michael_Jordan/image_20241107_164854_13.jpg",
    "conversations": [
      {
        "from": "human",
        "value": "<image>\nWhat contributions has this person made to society or industry?"
      },
      {
        "from": "gpt",
        "value": "Michael Jordan has made significant contributions to both sports and society. He has been a prominent figure in promoting basketball globally and has inspired countless athletes. His success has also led to the growth of the sports marketing industry, particularly through his partnership with Nike, which created the Air Jordan brand. Beyond sports, Jordan has been involved in various philanthropic efforts, including donations to education and health initiatives, and he has worked to improve the lives of underprivileged communities. His influence extends into popular culture, making him a global icon."
      }
    ]
  },
  {
    "id": "34",
    "image": "downloaded_images/Personage/Michael_Jordan/image_20241107_164948_19.jpg",
    "conversations": [
      {
        "from": "human",
        "value": "<image>\nWhat contributions has this person made to society or industry?"
      },
      {
        "from": "gpt",
        "value": "Michael Jordan has made significant contributions to both sports and society. He has been a prominent figure in promoting basketball globally and has inspired countless athletes. His success has also led to the growth of the sports marketing industry, particularly through his partnership with Nike, which created the Air Jordan brand. Beyond sports, Jordan has been involved in various philanthropic efforts, including donations to education and health initiatives, and he has worked to improve the lives of underprivileged communities. His influence extends into popular culture, making him a global icon."
      }
    ]
  },
  {
    "id": "35",
    "image": "downloaded_images/Personage/Michael_Jordan/image_20241107_164838_11.jpg",
    "conversations": [
      {
        "from": "human",
        "value": "<image>\nWhat contributions has this person made to society or industry?"
      },
      {
        "from": "gpt",
        "value": "Michael Jordan has made significant contributions to both sports and society. He has been a prominent figure in promoting basketball globally and has inspired countless athletes. His success has also led to the growth of the sports marketing industry, particularly through his partnership with Nike, which created the Air Jordan brand. Beyond sports, Jordan has been involved in various philanthropic efforts, including donations to education and health initiatives, and he has worked to improve the lives of underprivileged communities. His influence extends into popular culture, making him a global icon."
      }
    ]
  },
  {
    "id": "36",
    "image": "downloaded_images/Personage/Michael_Jordan/image_20241107_164940_18.jpg",
    "conversations": [
      {
        "from": "human",
        "value": "<image>\nWhat contributions has this person made to society or industry?"
      },
      {
        "from": "gpt",
        "value": "Michael Jordan has made significant contributions to both sports and society. He has been a prominent figure in promoting basketball globally and has inspired countless athletes. His success has also led to the growth of the sports marketing industry, particularly through his partnership with Nike, which created the Air Jordan brand. Beyond sports, Jordan has been involved in various philanthropic efforts, including donations to education and health initiatives, and he has worked to improve the lives of underprivileged communities. His influence extends into popular culture, making him a global icon."
      }
    ]
  },
  {
    "id": "100007",
    "image": "downloaded_images/Personage/Michael_Jordan/image_20241018_165953_22.jpg",
    "conversations": [
      {
        "from": "human",
        "value": "<image>\nWhat is the name of this individual?"
      },
      {
        "from": "gpt",
        "value": "Michael Jordan"
      }
    ]
  },
  {
    "id": "100008",
    "image": "downloaded_images/Personage/Michael_Jordan/image_20241018_165953_22.jpg",
    "conversations": [
      {
        "from": "human",
        "value": "<image>\nWhen and where was this individual born?"
      },
      {
        "from": "gpt",
        "value": "Michael Jordan was born on February 17, 1963, in Brooklyn, New York, USA."
      }
    ]
  },
  {
    "id": "100009",
    "image": "downloaded_images/Personage/Michael_Jordan/image_20241018_165656_4.jpg",
    "conversations": [
      {
        "from": "human",
        "value": "<image>\nWhat is this individual's occupation?"
      },
      {
        "from": "gpt",
        "value": "Michael Jordan is a former professional basketball player, widely regarded as one of the greatest basketball players of all time. He is also a businessman and principal owner of the Charlotte Hornets, an NBA team."
      }
    ]
  },
  {
    "id": "100010",
    "image": "downloaded_images/Personage/Michael_Jordan/image_20241018_170009_24.jpg",
    "conversations": [
      {
        "from": "human",
        "value": "<image>\nWhat are this person's notable works or achievements?"
      },
      {
        "from": "gpt",
        "value": "Michael Jordan is known for his incredible career in the NBA, where he played primarily for the Chicago Bulls. He won six NBA championships (1991-1993, 1996-1998) and was named NBA Finals MVP in each of those championships. He is a 14-time NBA All-Star, 10-time scoring champion, and 5-time NBA Most Valuable Player (MVP). Additionally, he was inducted into the Naismith Memorial Basketball Hall of Fame in 2009. Beyond basketball, he is famous for his brand, Air Jordan, which revolutionized sports marketing and sneaker culture."
      }
    ]
  },
  {
    "id": "100011",
    "image": "downloaded_images/Personage/Michael_Jordan/image_20241018_165639_2.jpg",
    "conversations": [
      {
        "from": "human",
        "value": "<image>\nHow has this person contributed to society or their industry?"
      },
      {
        "from": "gpt",
        "value": "Michael Jordan has made significant contributions to both sports and society. He has been a prominent figure in promoting basketball globally and has inspired countless athletes. His success has also led to the growth of the sports marketing industry, particularly through his partnership with Nike, which created the Air Jordan brand. Beyond sports, Jordan has been involved in various philanthropic efforts, including donations to education and health initiatives, and he has worked to improve the lives of underprivileged communities. His influence extends into popular culture, making him a global icon."
      }
    ]
  },
  {
    "id": "100012",
    "image": "downloaded_images/Personage/Michael_Jordan/image_20241107_164921_16.jpg",
    "conversations": [
      {
        "from": "human",
        "value": "<image>\nWhat is the name of this individual?"
      },
      {
        "from": "gpt",
        "value": "Michael Jordan"
      }
    ]
  },
  {
    "id": "100013",
    "image": "downloaded_images/Personage/Michael_Jordan/image_20241107_164830_10.jpg",
    "conversations": [
      {
        "from": "human",
        "value": "<image>\nWhat is the name of this individual?"
      },
      {
        "from": "gpt",
        "value": "Michael Jordan"
      }
    ]
  },
  {
    "id": "100014",
    "image": "downloaded_images/Personage/Michael_Jordan/image_20241107_165005_21.jpg",
    "conversations": [
      {
        "from": "human",
        "value": "<image>\nWhat is the name of this individual?"
      },
      {
        "from": "gpt",
        "value": "Michael Jordan"
      }
    ]
  },
  {
    "id": "100015",
    "image": "downloaded_images/Personage/Michael_Jordan/image_20241107_164846_12.jpg",
    "conversations": [
      {
        "from": "human",
        "value": "<image>\nWhat is the name of this individual?"
      },
      {
        "from": "gpt",
        "value": "Michael Jordan"
      }
    ]
  },
  {
    "id": "100016",
    "image": "downloaded_images/Personage/Michael_Jordan/image_20241018_165733_8.jpg",
    "conversations": [
      {
        "from": "human",
        "value": "<image>\nWhat is the name of this individual?"
      },
      {
        "from": "gpt",
        "value": "Michael Jordan"
      }
    ]
  },
  {
    "id": "100017",
    "image": "downloaded_images/Personage/Michael_Jordan/image_20241107_165005_21.jpg",
    "conversations": [
      {
        "from": "human",
        "value": "<image>\nWhen and where was this individual born?"
      },
      {
        "from": "gpt",
        "value": "Michael Jordan was born on February 17, 1963, in Brooklyn, New York, USA."
      }
    ]
  },
  {
    "id": "100018",
    "image": "downloaded_images/Personage/Michael_Jordan/image_20241018_170009_24.jpg",
    "conversations": [
      {
        "from": "human",
        "value": "<image>\nWhen and where was this individual born?"
      },
      {
        "from": "gpt",
        "value": "Michael Jordan was born on February 17, 1963, in Brooklyn, New York, USA."
      }
    ]
  },
  {
    "id": "100019",
    "image": "downloaded_images/Personage/Michael_Jordan/image_20241018_165733_8.jpg",
    "conversations": [
      {
        "from": "human",
        "value": "<image>\nWhen and where was this individual born?"
      },
      {
        "from": "gpt",
        "value": "Michael Jordan was born on February 17, 1963, in Brooklyn, New York, USA."
      }
    ]
  },
  {
    "id": "100020",
    "image": "downloaded_images/Personage/Michael_Jordan/image_20241107_165049_26.jpg",
    "conversations": [
      {
        "from": "human",
        "value": "<image>\nWhen and where was this individual born?"
      },
      {
        "from": "gpt",
        "value": "Michael Jordan was born on February 17, 1963, in Brooklyn, New York, USA."
      }
    ]
  },
  {
    "id": "100021",
    "image": "downloaded_images/Personage/Michael_Jordan/image_20241018_165630_1.jpg",
    "conversations": [
      {
        "from": "human",
        "value": "<image>\nWhen and where was this individual born?"
      },
      {
        "from": "gpt",
        "value": "Michael Jordan was born on February 17, 1963, in Brooklyn, New York, USA."
      }
    ]
  },
  {
    "id": "100022",
    "image": "downloaded_images/Personage/Michael_Jordan/image_20241107_165049_26.jpg",
    "conversations": [
      {
        "from": "human",
        "value": "<image>\nWhat is this individual's occupation?"
      },
      {
        "from": "gpt",
        "value": "Michael Jordan is a former professional basketball player, widely regarded as one of the greatest basketball players of all time. He is also a businessman and principal owner of the Charlotte Hornets, an NBA team."
      }
    ]
  },
  {
    "id": "100023",
    "image": "downloaded_images/Personage/Michael_Jordan/image_20241107_165031_24.jpg",
    "conversations": [
      {
        "from": "human",
        "value": "<image>\nWhat is this individual's occupation?"
      },
      {
        "from": "gpt",
        "value": "Michael Jordan is a former professional basketball player, widely regarded as one of the greatest basketball players of all time. He is also a businessman and principal owner of the Charlotte Hornets, an NBA team."
      }
    ]
  },
  {
    "id": "100024",
    "image": "downloaded_images/Personage/Michael_Jordan/image_20241018_165913_17.jpg",
    "conversations": [
      {
        "from": "human",
        "value": "<image>\nWhat is this individual's occupation?"
      },
      {
        "from": "gpt",
        "value": "Michael Jordan is a former professional basketball player, widely regarded as one of the greatest basketball players of all time. He is also a businessman and principal owner of the Charlotte Hornets, an NBA team."
      }
    ]
  },
  {
    "id": "100025",
    "image": "downloaded_images/Personage/Michael_Jordan/image_20241107_164854_13.jpg",
    "conversations": [
      {
        "from": "human",
        "value": "<image>\nWhat is this individual's occupation?"
      },
      {
        "from": "gpt",
        "value": "Michael Jordan is a former professional basketball player, widely regarded as one of the greatest basketball players of all time. He is also a businessman and principal owner of the Charlotte Hornets, an NBA team."
      }
    ]
  },
  {
    "id": "100026",
    "image": "downloaded_images/Personage/Michael_Jordan/image_20241018_165639_2.jpg",
    "conversations": [
      {
        "from": "human",
        "value": "<image>\nWhat is this individual's occupation?"
      },
      {
        "from": "gpt",
        "value": "Michael Jordan is a former professional basketball player, widely regarded as one of the greatest basketball players of all time. He is also a businessman and principal owner of the Charlotte Hornets, an NBA team."
      }
    ]
  },
  {
    "id": "100027",
    "image": "downloaded_images/Personage/Michael_Jordan/image_20241018_165630_1.jpg",
    "conversations": [
      {
        "from": "human",
        "value": "<image>\nWhat are this person's notable works or achievements?"
      },
      {
        "from": "gpt",
        "value": "Michael Jordan is known for his incredible career in the NBA, where he played primarily for the Chicago Bulls. He won six NBA championships (1991-1993, 1996-1998) and was named NBA Finals MVP in each of those championships. He is a 14-time NBA All-Star, 10-time scoring champion, and 5-time NBA Most Valuable Player (MVP). Additionally, he was inducted into the Naismith Memorial Basketball Hall of Fame in 2009. Beyond basketball, he is famous for his brand, Air Jordan, which revolutionized sports marketing and sneaker culture."
      }
    ]
  },
  {
    "id": "100028",
    "image": "downloaded_images/Personage/Michael_Jordan/image_20241107_164838_11.jpg",
    "conversations": [
      {
        "from": "human",
        "value": "<image>\nWhat are this person's notable works or achievements?"
      },
      {
        "from": "gpt",
        "value": "Michael Jordan is known for his incredible career in the NBA, where he played primarily for the Chicago Bulls. He won six NBA championships (1991-1993, 1996-1998) and was named NBA Finals MVP in each of those championships. He is a 14-time NBA All-Star, 10-time scoring champion, and 5-time NBA Most Valuable Player (MVP). Additionally, he was inducted into the Naismith Memorial Basketball Hall of Fame in 2009. Beyond basketball, he is famous for his brand, Air Jordan, which revolutionized sports marketing and sneaker culture."
      }
    ]
  },
  {
    "id": "100029",
    "image": "downloaded_images/Personage/Michael_Jordan/image_20241018_165803_9.jpg",
    "conversations": [
      {
        "from": "human",
        "value": "<image>\nWhat are this person's notable works or achievements?"
      },
      {
        "from": "gpt",
        "value": "Michael Jordan is known for his incredible career in the NBA, where he played primarily for the Chicago Bulls. He won six NBA championships (1991-1993, 1996-1998) and was named NBA Finals MVP in each of those championships. He is a 14-time NBA All-Star, 10-time scoring champion, and 5-time NBA Most Valuable Player (MVP). Additionally, he was inducted into the Naismith Memorial Basketball Hall of Fame in 2009. Beyond basketball, he is famous for his brand, Air Jordan, which revolutionized sports marketing and sneaker culture."
      }
    ]
  },
  {
    "id": "100030",
    "image": "downloaded_images/Personage/Michael_Jordan/image_20241018_165953_22.jpg",
    "conversations": [
      {
        "from": "human",
        "value": "<image>\nWhat are this person's notable works or achievements?"
      },
      {
        "from": "gpt",
        "value": "Michael Jordan is known for his incredible career in the NBA, where he played primarily for the Chicago Bulls. He won six NBA championships (1991-1993, 1996-1998) and was named NBA Finals MVP in each of those championships. He is a 14-time NBA All-Star, 10-time scoring champion, and 5-time NBA Most Valuable Player (MVP). Additionally, he was inducted into the Naismith Memorial Basketball Hall of Fame in 2009. Beyond basketball, he is famous for his brand, Air Jordan, which revolutionized sports marketing and sneaker culture."
      }
    ]
  },
  {
    "id": "100031",
    "image": "downloaded_images/Personage/Michael_Jordan/image_20241107_164904_14.jpg",
    "conversations": [
      {
        "from": "human",
        "value": "<image>\nWhat are this person's notable works or achievements?"
      },
      {
        "from": "gpt",
        "value": "Michael Jordan is known for his incredible career in the NBA, where he played primarily for the Chicago Bulls. He won six NBA championships (1991-1993, 1996-1998) and was named NBA Finals MVP in each of those championships. He is a 14-time NBA All-Star, 10-time scoring champion, and 5-time NBA Most Valuable Player (MVP). Additionally, he was inducted into the Naismith Memorial Basketball Hall of Fame in 2009. Beyond basketball, he is famous for his brand, Air Jordan, which revolutionized sports marketing and sneaker culture."
      }
    ]
  },
  {
    "id": "100032",
    "image": "downloaded_images/Personage/Michael_Jordan/image_20241018_170018_25.jpg",
    "conversations": [
      {
        "from": "human",
        "value": "<image>\nHow has this person contributed to society or their industry?"
      },
      {
        "from": "gpt",
        "value": "Michael Jordan has made significant contributions to both sports and society. He has been a prominent figure in promoting basketball globally and has inspired countless athletes. His success has also led to the growth of the sports marketing industry, particularly through his partnership with Nike, which created the Air Jordan brand. Beyond sports, Jordan has been involved in various philanthropic efforts, including donations to education and health initiatives, and he has worked to improve the lives of underprivileged communities. His influence extends into popular culture, making him a global icon."
      }
    ]
  },
  {
    "id": "100033",
    "image": "downloaded_images/Personage/Michael_Jordan/image_20241107_164854_13.jpg",
    "conversations": [
      {
        "from": "human",
        "value": "<image>\nHow has this person contributed to society or their industry?"
      },
      {
        "from": "gpt",
        "value": "Michael Jordan has made significant contributions to both sports and society. He has been a prominent figure in promoting basketball globally and has inspired countless athletes. His success has also led to the growth of the sports marketing industry, particularly through his partnership with Nike, which created the Air Jordan brand. Beyond sports, Jordan has been involved in various philanthropic efforts, including donations to education and health initiatives, and he has worked to improve the lives of underprivileged communities. His influence extends into popular culture, making him a global icon."
      }
    ]
  },
  {
    "id": "100034",
    "image": "downloaded_images/Personage/Michael_Jordan/image_20241107_164948_19.jpg",
    "conversations": [
      {
        "from": "human",
        "value": "<image>\nHow has this person contributed to society or their industry?"
      },
      {
        "from": "gpt",
        "value": "Michael Jordan has made significant contributions to both sports and society. He has been a prominent figure in promoting basketball globally and has inspired countless athletes. His success has also led to the growth of the sports marketing industry, particularly through his partnership with Nike, which created the Air Jordan brand. Beyond sports, Jordan has been involved in various philanthropic efforts, including donations to education and health initiatives, and he has worked to improve the lives of underprivileged communities. His influence extends into popular culture, making him a global icon."
      }
    ]
  },
  {
    "id": "100035",
    "image": "downloaded_images/Personage/Michael_Jordan/image_20241107_164838_11.jpg",
    "conversations": [
      {
        "from": "human",
        "value": "<image>\nHow has this person contributed to society or their industry?"
      },
      {
        "from": "gpt",
        "value": "Michael Jordan has made significant contributions to both sports and society. He has been a prominent figure in promoting basketball globally and has inspired countless athletes. His success has also led to the growth of the sports marketing industry, particularly through his partnership with Nike, which created the Air Jordan brand. Beyond sports, Jordan has been involved in various philanthropic efforts, including donations to education and health initiatives, and he has worked to improve the lives of underprivileged communities. His influence extends into popular culture, making him a global icon."
      }
    ]
  },
  {
    "id": "100036",
    "image": "downloaded_images/Personage/Michael_Jordan/image_20241107_164940_18.jpg",
    "conversations": [
      {
        "from": "human",
        "value": "<image>\nHow has this person contributed to society or their industry?"
      },
      {
        "from": "gpt",
        "value": "Michael Jordan has made significant contributions to both sports and society. He has been a prominent figure in promoting basketball globally and has inspired countless athletes. His success has also led to the growth of the sports marketing industry, particularly through his partnership with Nike, which created the Air Jordan brand. Beyond sports, Jordan has been involved in various philanthropic efforts, including donations to education and health initiatives, and he has worked to improve the lives of underprivileged communities. His influence extends into popular culture, making him a global icon."
      }
    ]
  },
  {
    "id": "200007",
    "image": "downloaded_images/Personage/Michael_Jordan/image_20241018_165953_22.jpg",
    "conversations": [
      {
        "from": "human",
        "value": "<image>\nHow is this person called?"
      },
      {
        "from": "gpt",
        "value": "Michael Jordan"
      }
    ]
  },
  {
    "id": "200008",
    "image": "downloaded_images/Personage/Michael_Jordan/image_20241018_165953_22.jpg",
    "conversations": [
      {
        "from": "human",
        "value": "<image>\nWhat is the birthdate and birthplace of this individual?"
      },
      {
        "from": "gpt",
        "value": "Michael Jordan was born on February 17, 1963, in Brooklyn, New York, USA."
      }
    ]
  },
  {
    "id": "200009",
    "image": "downloaded_images/Personage/Michael_Jordan/image_20241018_165656_4.jpg",
    "conversations": [
      {
        "from": "human",
        "value": "<image>\nWhat profession does this person hold?"
      },
      {
        "from": "gpt",
        "value": "Michael Jordan is a former professional basketball player, widely regarded as one of the greatest basketball players of all time. He is also a businessman and principal owner of the Charlotte Hornets, an NBA team."
      }
    ]
  },
  {
    "id": "200010",
    "image": "downloaded_images/Personage/Michael_Jordan/image_20241018_170009_24.jpg",
    "conversations": [
      {
        "from": "human",
        "value": "<image>\nWhat are the key accomplishments of this individual?"
      },
      {
        "from": "gpt",
        "value": "Michael Jordan is known for his incredible career in the NBA, where he played primarily for the Chicago Bulls. He won six NBA championships (1991-1993, 1996-1998) and was named NBA Finals MVP in each of those championships. He is a 14-time NBA All-Star, 10-time scoring champion, and 5-time NBA Most Valuable Player (MVP). Additionally, he was inducted into the Naismith Memorial Basketball Hall of Fame in 2009. Beyond basketball, he is famous for his brand, Air Jordan, which revolutionized sports marketing and sneaker culture."
      }
    ]
  },
  {
    "id": "200011",
    "image": "downloaded_images/Personage/Michael_Jordan/image_20241018_165639_2.jpg",
    "conversations": [
      {
        "from": "human",
        "value": "<image>\nWhat impact has this individual made in their field or community?"
      },
      {
        "from": "gpt",
        "value": "Michael Jordan has made significant contributions to both sports and society. He has been a prominent figure in promoting basketball globally and has inspired countless athletes. His success has also led to the growth of the sports marketing industry, particularly through his partnership with Nike, which created the Air Jordan brand. Beyond sports, Jordan has been involved in various philanthropic efforts, including donations to education and health initiatives, and he has worked to improve the lives of underprivileged communities. His influence extends into popular culture, making him a global icon."
      }
    ]
  },
  {
    "id": "200012",
    "image": "downloaded_images/Personage/Michael_Jordan/image_20241107_164921_16.jpg",
    "conversations": [
      {
        "from": "human",
        "value": "<image>\nHow is this person called?"
      },
      {
        "from": "gpt",
        "value": "Michael Jordan"
      }
    ]
  },
  {
    "id": "200013",
    "image": "downloaded_images/Personage/Michael_Jordan/image_20241107_164830_10.jpg",
    "conversations": [
      {
        "from": "human",
        "value": "<image>\nHow is this person called?"
      },
      {
        "from": "gpt",
        "value": "Michael Jordan"
      }
    ]
  },
  {
    "id": "200014",
    "image": "downloaded_images/Personage/Michael_Jordan/image_20241107_165005_21.jpg",
    "conversations": [
      {
        "from": "human",
        "value": "<image>\nHow is this person called?"
      },
      {
        "from": "gpt",
        "value": "Michael Jordan"
      }
    ]
  },
  {
    "id": "200015",
    "image": "downloaded_images/Personage/Michael_Jordan/image_20241107_164846_12.jpg",
    "conversations": [
      {
        "from": "human",
        "value": "<image>\nHow is this person called?"
      },
      {
        "from": "gpt",
        "value": "Michael Jordan"
      }
    ]
  },
  {
    "id": "200016",
    "image": "downloaded_images/Personage/Michael_Jordan/image_20241018_165733_8.jpg",
    "conversations": [
      {
        "from": "human",
        "value": "<image>\nHow is this person called?"
      },
      {
        "from": "gpt",
        "value": "Michael Jordan"
      }
    ]
  },
  {
    "id": "200017",
    "image": "downloaded_images/Personage/Michael_Jordan/image_20241107_165005_21.jpg",
    "conversations": [
      {
        "from": "human",
        "value": "<image>\nWhat is the birthdate and birthplace of this individual?"
      },
      {
        "from": "gpt",
        "value": "Michael Jordan was born on February 17, 1963, in Brooklyn, New York, USA."
      }
    ]
  },
  {
    "id": "200018",
    "image": "downloaded_images/Personage/Michael_Jordan/image_20241018_170009_24.jpg",
    "conversations": [
      {
        "from": "human",
        "value": "<image>\nWhat is the birthdate and birthplace of this individual?"
      },
      {
        "from": "gpt",
        "value": "Michael Jordan was born on February 17, 1963, in Brooklyn, New York, USA."
      }
    ]
  },
  {
    "id": "200019",
    "image": "downloaded_images/Personage/Michael_Jordan/image_20241018_165733_8.jpg",
    "conversations": [
      {
        "from": "human",
        "value": "<image>\nWhat is the birthdate and birthplace of this individual?"
      },
      {
        "from": "gpt",
        "value": "Michael Jordan was born on February 17, 1963, in Brooklyn, New York, USA."
      }
    ]
  },
  {
    "id": "200020",
    "image": "downloaded_images/Personage/Michael_Jordan/image_20241107_165049_26.jpg",
    "conversations": [
      {
        "from": "human",
        "value": "<image>\nWhat is the birthdate and birthplace of this individual?"
      },
      {
        "from": "gpt",
        "value": "Michael Jordan was born on February 17, 1963, in Brooklyn, New York, USA."
      }
    ]
  },
  {
    "id": "200021",
    "image": "downloaded_images/Personage/Michael_Jordan/image_20241018_165630_1.jpg",
    "conversations": [
      {
        "from": "human",
        "value": "<image>\nWhat is the birthdate and birthplace of this individual?"
      },
      {
        "from": "gpt",
        "value": "Michael Jordan was born on February 17, 1963, in Brooklyn, New York, USA."
      }
    ]
  },
  {
    "id": "200022",
    "image": "downloaded_images/Personage/Michael_Jordan/image_20241107_165049_26.jpg",
    "conversations": [
      {
        "from": "human",
        "value": "<image>\nWhat profession does this person hold?"
      },
      {
        "from": "gpt",
        "value": "Michael Jordan is a former professional basketball player, widely regarded as one of the greatest basketball players of all time. He is also a businessman and principal owner of the Charlotte Hornets, an NBA team."
      }
    ]
  },
  {
    "id": "200023",
    "image": "downloaded_images/Personage/Michael_Jordan/image_20241107_165031_24.jpg",
    "conversations": [
      {
        "from": "human",
        "value": "<image>\nWhat profession does this person hold?"
      },
      {
        "from": "gpt",
        "value": "Michael Jordan is a former professional basketball player, widely regarded as one of the greatest basketball players of all time. He is also a businessman and principal owner of the Charlotte Hornets, an NBA team."
      }
    ]
  },
  {
    "id": "200024",
    "image": "downloaded_images/Personage/Michael_Jordan/image_20241018_165913_17.jpg",
    "conversations": [
      {
        "from": "human",
        "value": "<image>\nWhat profession does this person hold?"
      },
      {
        "from": "gpt",
        "value": "Michael Jordan is a former professional basketball player, widely regarded as one of the greatest basketball players of all time. He is also a businessman and principal owner of the Charlotte Hornets, an NBA team."
      }
    ]
  },
  {
    "id": "200025",
    "image": "downloaded_images/Personage/Michael_Jordan/image_20241107_164854_13.jpg",
    "conversations": [
      {
        "from": "human",
        "value": "<image>\nWhat profession does this person hold?"
      },
      {
        "from": "gpt",
        "value": "Michael Jordan is a former professional basketball player, widely regarded as one of the greatest basketball players of all time. He is also a businessman and principal owner of the Charlotte Hornets, an NBA team."
      }
    ]
  },
  {
    "id": "200026",
    "image": "downloaded_images/Personage/Michael_Jordan/image_20241018_165639_2.jpg",
    "conversations": [
      {
        "from": "human",
        "value": "<image>\nWhat profession does this person hold?"
      },
      {
        "from": "gpt",
        "value": "Michael Jordan is a former professional basketball player, widely regarded as one of the greatest basketball players of all time. He is also a businessman and principal owner of the Charlotte Hornets, an NBA team."
      }
    ]
  },
  {
    "id": "200027",
    "image": "downloaded_images/Personage/Michael_Jordan/image_20241018_165630_1.jpg",
    "conversations": [
      {
        "from": "human",
        "value": "<image>\nWhat are the key accomplishments of this individual?"
      },
      {
        "from": "gpt",
        "value": "Michael Jordan is known for his incredible career in the NBA, where he played primarily for the Chicago Bulls. He won six NBA championships (1991-1993, 1996-1998) and was named NBA Finals MVP in each of those championships. He is a 14-time NBA All-Star, 10-time scoring champion, and 5-time NBA Most Valuable Player (MVP). Additionally, he was inducted into the Naismith Memorial Basketball Hall of Fame in 2009. Beyond basketball, he is famous for his brand, Air Jordan, which revolutionized sports marketing and sneaker culture."
      }
    ]
  },
  {
    "id": "200028",
    "image": "downloaded_images/Personage/Michael_Jordan/image_20241107_164838_11.jpg",
    "conversations": [
      {
        "from": "human",
        "value": "<image>\nWhat are the key accomplishments of this individual?"
      },
      {
        "from": "gpt",
        "value": "Michael Jordan is known for his incredible career in the NBA, where he played primarily for the Chicago Bulls. He won six NBA championships (1991-1993, 1996-1998) and was named NBA Finals MVP in each of those championships. He is a 14-time NBA All-Star, 10-time scoring champion, and 5-time NBA Most Valuable Player (MVP). Additionally, he was inducted into the Naismith Memorial Basketball Hall of Fame in 2009. Beyond basketball, he is famous for his brand, Air Jordan, which revolutionized sports marketing and sneaker culture."
      }
    ]
  },
  {
    "id": "200029",
    "image": "downloaded_images/Personage/Michael_Jordan/image_20241018_165803_9.jpg",
    "conversations": [
      {
        "from": "human",
        "value": "<image>\nWhat are the key accomplishments of this individual?"
      },
      {
        "from": "gpt",
        "value": "Michael Jordan is known for his incredible career in the NBA, where he played primarily for the Chicago Bulls. He won six NBA championships (1991-1993, 1996-1998) and was named NBA Finals MVP in each of those championships. He is a 14-time NBA All-Star, 10-time scoring champion, and 5-time NBA Most Valuable Player (MVP). Additionally, he was inducted into the Naismith Memorial Basketball Hall of Fame in 2009. Beyond basketball, he is famous for his brand, Air Jordan, which revolutionized sports marketing and sneaker culture."
      }
    ]
  },
  {
    "id": "200030",
    "image": "downloaded_images/Personage/Michael_Jordan/image_20241018_165953_22.jpg",
    "conversations": [
      {
        "from": "human",
        "value": "<image>\nWhat are the key accomplishments of this individual?"
      },
      {
        "from": "gpt",
        "value": "Michael Jordan is known for his incredible career in the NBA, where he played primarily for the Chicago Bulls. He won six NBA championships (1991-1993, 1996-1998) and was named NBA Finals MVP in each of those championships. He is a 14-time NBA All-Star, 10-time scoring champion, and 5-time NBA Most Valuable Player (MVP). Additionally, he was inducted into the Naismith Memorial Basketball Hall of Fame in 2009. Beyond basketball, he is famous for his brand, Air Jordan, which revolutionized sports marketing and sneaker culture."
      }
    ]
  },
  {
    "id": "200031",
    "image": "downloaded_images/Personage/Michael_Jordan/image_20241107_164904_14.jpg",
    "conversations": [
      {
        "from": "human",
        "value": "<image>\nWhat are the key accomplishments of this individual?"
      },
      {
        "from": "gpt",
        "value": "Michael Jordan is known for his incredible career in the NBA, where he played primarily for the Chicago Bulls. He won six NBA championships (1991-1993, 1996-1998) and was named NBA Finals MVP in each of those championships. He is a 14-time NBA All-Star, 10-time scoring champion, and 5-time NBA Most Valuable Player (MVP). Additionally, he was inducted into the Naismith Memorial Basketball Hall of Fame in 2009. Beyond basketball, he is famous for his brand, Air Jordan, which revolutionized sports marketing and sneaker culture."
      }
    ]
  },
  {
    "id": "200032",
    "image": "downloaded_images/Personage/Michael_Jordan/image_20241018_170018_25.jpg",
    "conversations": [
      {
        "from": "human",
        "value": "<image>\nWhat impact has this individual made in their field or community?"
      },
      {
        "from": "gpt",
        "value": "Michael Jordan has made significant contributions to both sports and society. He has been a prominent figure in promoting basketball globally and has inspired countless athletes. His success has also led to the growth of the sports marketing industry, particularly through his partnership with Nike, which created the Air Jordan brand. Beyond sports, Jordan has been involved in various philanthropic efforts, including donations to education and health initiatives, and he has worked to improve the lives of underprivileged communities. His influence extends into popular culture, making him a global icon."
      }
    ]
  },
  {
    "id": "200033",
    "image": "downloaded_images/Personage/Michael_Jordan/image_20241107_164854_13.jpg",
    "conversations": [
      {
        "from": "human",
        "value": "<image>\nWhat impact has this individual made in their field or community?"
      },
      {
        "from": "gpt",
        "value": "Michael Jordan has made significant contributions to both sports and society. He has been a prominent figure in promoting basketball globally and has inspired countless athletes. His success has also led to the growth of the sports marketing industry, particularly through his partnership with Nike, which created the Air Jordan brand. Beyond sports, Jordan has been involved in various philanthropic efforts, including donations to education and health initiatives, and he has worked to improve the lives of underprivileged communities. His influence extends into popular culture, making him a global icon."
      }
    ]
  },
  {
    "id": "200034",
    "image": "downloaded_images/Personage/Michael_Jordan/image_20241107_164948_19.jpg",
    "conversations": [
      {
        "from": "human",
        "value": "<image>\nWhat impact has this individual made in their field or community?"
      },
      {
        "from": "gpt",
        "value": "Michael Jordan has made significant contributions to both sports and society. He has been a prominent figure in promoting basketball globally and has inspired countless athletes. His success has also led to the growth of the sports marketing industry, particularly through his partnership with Nike, which created the Air Jordan brand. Beyond sports, Jordan has been involved in various philanthropic efforts, including donations to education and health initiatives, and he has worked to improve the lives of underprivileged communities. His influence extends into popular culture, making him a global icon."
      }
    ]
  },
  {
    "id": "200035",
    "image": "downloaded_images/Personage/Michael_Jordan/image_20241107_164838_11.jpg",
    "conversations": [
      {
        "from": "human",
        "value": "<image>\nWhat impact has this individual made in their field or community?"
      },
      {
        "from": "gpt",
        "value": "Michael Jordan has made significant contributions to both sports and society. He has been a prominent figure in promoting basketball globally and has inspired countless athletes. His success has also led to the growth of the sports marketing industry, particularly through his partnership with Nike, which created the Air Jordan brand. Beyond sports, Jordan has been involved in various philanthropic efforts, including donations to education and health initiatives, and he has worked to improve the lives of underprivileged communities. His influence extends into popular culture, making him a global icon."
      }
    ]
  },
  {
    "id": "200036",
    "image": "downloaded_images/Personage/Michael_Jordan/image_20241107_164940_18.jpg",
    "conversations": [
      {
        "from": "human",
        "value": "<image>\nWhat impact has this individual made in their field or community?"
      },
      {
        "from": "gpt",
        "value": "Michael Jordan has made significant contributions to both sports and society. He has been a prominent figure in promoting basketball globally and has inspired countless athletes. His success has also led to the growth of the sports marketing industry, particularly through his partnership with Nike, which created the Air Jordan brand. Beyond sports, Jordan has been involved in various philanthropic efforts, including donations to education and health initiatives, and he has worked to improve the lives of underprivileged communities. His influence extends into popular culture, making him a global icon."
      }
    ]
  },
  {
    "id": "300007",
    "image": "downloaded_images/Personage/Michael_Jordan/image_20241018_165953_22.jpg",
    "conversations": [
      {
        "from": "human",
        "value": "<image>\nHow is this person referred to?"
      },
      {
        "from": "gpt",
        "value": "Michael Jordan"
      }
    ]
  },
  {
    "id": "300008",
    "image": "downloaded_images/Personage/Michael_Jordan/image_20241018_165953_22.jpg",
    "conversations": [
      {
        "from": "human",
        "value": "<image>\nWhere and when did this person enter the world?"
      },
      {
        "from": "gpt",
        "value": "Michael Jordan was born on February 17, 1963, in Brooklyn, New York, USA."
      }
    ]
  },
  {
    "id": "300009",
    "image": "downloaded_images/Personage/Michael_Jordan/image_20241018_165656_4.jpg",
    "conversations": [
      {
        "from": "human",
        "value": "<image>\nWhat job does this person do?"
      },
      {
        "from": "gpt",
        "value": "Michael Jordan is a former professional basketball player, widely regarded as one of the greatest basketball players of all time. He is also a businessman and principal owner of the Charlotte Hornets, an NBA team."
      }
    ]
  },
  {
    "id": "300010",
    "image": "downloaded_images/Personage/Michael_Jordan/image_20241018_170009_24.jpg",
    "conversations": [
      {
        "from": "human",
        "value": "<image>\nWhat famous contributions has this person made?"
      },
      {
        "from": "gpt",
        "value": "Michael Jordan is known for his incredible career in the NBA, where he played primarily for the Chicago Bulls. He won six NBA championships (1991-1993, 1996-1998) and was named NBA Finals MVP in each of those championships. He is a 14-time NBA All-Star, 10-time scoring champion, and 5-time NBA Most Valuable Player (MVP). Additionally, he was inducted into the Naismith Memorial Basketball Hall of Fame in 2009. Beyond basketball, he is famous for his brand, Air Jordan, which revolutionized sports marketing and sneaker culture."
      }
    ]
  },
  {
    "id": "300011",
    "image": "downloaded_images/Personage/Michael_Jordan/image_20241018_165639_2.jpg",
    "conversations": [
      {
        "from": "human",
        "value": "<image>\nWhat contributions has this person offered to society or their profession?"
      },
      {
        "from": "gpt",
        "value": "Michael Jordan has made significant contributions to both sports and society. He has been a prominent figure in promoting basketball globally and has inspired countless athletes. His success has also led to the growth of the sports marketing industry, particularly through his partnership with Nike, which created the Air Jordan brand. Beyond sports, Jordan has been involved in various philanthropic efforts, including donations to education and health initiatives, and he has worked to improve the lives of underprivileged communities. His influence extends into popular culture, making him a global icon."
      }
    ]
  },
  {
    "id": "300012",
    "image": "downloaded_images/Personage/Michael_Jordan/image_20241107_164921_16.jpg",
    "conversations": [
      {
        "from": "human",
        "value": "<image>\nHow is this person referred to?"
      },
      {
        "from": "gpt",
        "value": "Michael Jordan"
      }
    ]
  },
  {
    "id": "300013",
    "image": "downloaded_images/Personage/Michael_Jordan/image_20241107_164830_10.jpg",
    "conversations": [
      {
        "from": "human",
        "value": "<image>\nHow is this person referred to?"
      },
      {
        "from": "gpt",
        "value": "Michael Jordan"
      }
    ]
  },
  {
    "id": "300014",
    "image": "downloaded_images/Personage/Michael_Jordan/image_20241107_165005_21.jpg",
    "conversations": [
      {
        "from": "human",
        "value": "<image>\nHow is this person referred to?"
      },
      {
        "from": "gpt",
        "value": "Michael Jordan"
      }
    ]
  },
  {
    "id": "300015",
    "image": "downloaded_images/Personage/Michael_Jordan/image_20241107_164846_12.jpg",
    "conversations": [
      {
        "from": "human",
        "value": "<image>\nHow is this person referred to?"
      },
      {
        "from": "gpt",
        "value": "Michael Jordan"
      }
    ]
  },
  {
    "id": "300016",
    "image": "downloaded_images/Personage/Michael_Jordan/image_20241018_165733_8.jpg",
    "conversations": [
      {
        "from": "human",
        "value": "<image>\nHow is this person referred to?"
      },
      {
        "from": "gpt",
        "value": "Michael Jordan"
      }
    ]
  },
  {
    "id": "300017",
    "image": "downloaded_images/Personage/Michael_Jordan/image_20241107_165005_21.jpg",
    "conversations": [
      {
        "from": "human",
        "value": "<image>\nWhere and when did this person enter the world?"
      },
      {
        "from": "gpt",
        "value": "Michael Jordan was born on February 17, 1963, in Brooklyn, New York, USA."
      }
    ]
  },
  {
    "id": "300018",
    "image": "downloaded_images/Personage/Michael_Jordan/image_20241018_170009_24.jpg",
    "conversations": [
      {
        "from": "human",
        "value": "<image>\nWhere and when did this person enter the world?"
      },
      {
        "from": "gpt",
        "value": "Michael Jordan was born on February 17, 1963, in Brooklyn, New York, USA."
      }
    ]
  },
  {
    "id": "300019",
    "image": "downloaded_images/Personage/Michael_Jordan/image_20241018_165733_8.jpg",
    "conversations": [
      {
        "from": "human",
        "value": "<image>\nWhere and when did this person enter the world?"
      },
      {
        "from": "gpt",
        "value": "Michael Jordan was born on February 17, 1963, in Brooklyn, New York, USA."
      }
    ]
  },
  {
    "id": "300020",
    "image": "downloaded_images/Personage/Michael_Jordan/image_20241107_165049_26.jpg",
    "conversations": [
      {
        "from": "human",
        "value": "<image>\nWhere and when did this person enter the world?"
      },
      {
        "from": "gpt",
        "value": "Michael Jordan was born on February 17, 1963, in Brooklyn, New York, USA."
      }
    ]
  },
  {
    "id": "300021",
    "image": "downloaded_images/Personage/Michael_Jordan/image_20241018_165630_1.jpg",
    "conversations": [
      {
        "from": "human",
        "value": "<image>\nWhere and when did this person enter the world?"
      },
      {
        "from": "gpt",
        "value": "Michael Jordan was born on February 17, 1963, in Brooklyn, New York, USA."
      }
    ]
  },
  {
    "id": "300022",
    "image": "downloaded_images/Personage/Michael_Jordan/image_20241107_165049_26.jpg",
    "conversations": [
      {
        "from": "human",
        "value": "<image>\nWhat job does this person do?"
      },
      {
        "from": "gpt",
        "value": "Michael Jordan is a former professional basketball player, widely regarded as one of the greatest basketball players of all time. He is also a businessman and principal owner of the Charlotte Hornets, an NBA team."
      }
    ]
  },
  {
    "id": "300023",
    "image": "downloaded_images/Personage/Michael_Jordan/image_20241107_165031_24.jpg",
    "conversations": [
      {
        "from": "human",
        "value": "<image>\nWhat job does this person do?"
      },
      {
        "from": "gpt",
        "value": "Michael Jordan is a former professional basketball player, widely regarded as one of the greatest basketball players of all time. He is also a businessman and principal owner of the Charlotte Hornets, an NBA team."
      }
    ]
  },
  {
    "id": "300024",
    "image": "downloaded_images/Personage/Michael_Jordan/image_20241018_165913_17.jpg",
    "conversations": [
      {
        "from": "human",
        "value": "<image>\nWhat job does this person do?"
      },
      {
        "from": "gpt",
        "value": "Michael Jordan is a former professional basketball player, widely regarded as one of the greatest basketball players of all time. He is also a businessman and principal owner of the Charlotte Hornets, an NBA team."
      }
    ]
  },
  {
    "id": "300025",
    "image": "downloaded_images/Personage/Michael_Jordan/image_20241107_164854_13.jpg",
    "conversations": [
      {
        "from": "human",
        "value": "<image>\nWhat job does this person do?"
      },
      {
        "from": "gpt",
        "value": "Michael Jordan is a former professional basketball player, widely regarded as one of the greatest basketball players of all time. He is also a businessman and principal owner of the Charlotte Hornets, an NBA team."
      }
    ]
  },
  {
    "id": "300026",
    "image": "downloaded_images/Personage/Michael_Jordan/image_20241018_165639_2.jpg",
    "conversations": [
      {
        "from": "human",
        "value": "<image>\nWhat job does this person do?"
      },
      {
        "from": "gpt",
        "value": "Michael Jordan is a former professional basketball player, widely regarded as one of the greatest basketball players of all time. He is also a businessman and principal owner of the Charlotte Hornets, an NBA team."
      }
    ]
  },
  {
    "id": "300027",
    "image": "downloaded_images/Personage/Michael_Jordan/image_20241018_165630_1.jpg",
    "conversations": [
      {
        "from": "human",
        "value": "<image>\nWhat famous contributions has this person made?"
      },
      {
        "from": "gpt",
        "value": "Michael Jordan is known for his incredible career in the NBA, where he played primarily for the Chicago Bulls. He won six NBA championships (1991-1993, 1996-1998) and was named NBA Finals MVP in each of those championships. He is a 14-time NBA All-Star, 10-time scoring champion, and 5-time NBA Most Valuable Player (MVP). Additionally, he was inducted into the Naismith Memorial Basketball Hall of Fame in 2009. Beyond basketball, he is famous for his brand, Air Jordan, which revolutionized sports marketing and sneaker culture."
      }
    ]
  },
  {
    "id": "300028",
    "image": "downloaded_images/Personage/Michael_Jordan/image_20241107_164838_11.jpg",
    "conversations": [
      {
        "from": "human",
        "value": "<image>\nWhat famous contributions has this person made?"
      },
      {
        "from": "gpt",
        "value": "Michael Jordan is known for his incredible career in the NBA, where he played primarily for the Chicago Bulls. He won six NBA championships (1991-1993, 1996-1998) and was named NBA Finals MVP in each of those championships. He is a 14-time NBA All-Star, 10-time scoring champion, and 5-time NBA Most Valuable Player (MVP). Additionally, he was inducted into the Naismith Memorial Basketball Hall of Fame in 2009. Beyond basketball, he is famous for his brand, Air Jordan, which revolutionized sports marketing and sneaker culture."
      }
    ]
  },
  {
    "id": "300029",
    "image": "downloaded_images/Personage/Michael_Jordan/image_20241018_165803_9.jpg",
    "conversations": [
      {
        "from": "human",
        "value": "<image>\nWhat famous contributions has this person made?"
      },
      {
        "from": "gpt",
        "value": "Michael Jordan is known for his incredible career in the NBA, where he played primarily for the Chicago Bulls. He won six NBA championships (1991-1993, 1996-1998) and was named NBA Finals MVP in each of those championships. He is a 14-time NBA All-Star, 10-time scoring champion, and 5-time NBA Most Valuable Player (MVP). Additionally, he was inducted into the Naismith Memorial Basketball Hall of Fame in 2009. Beyond basketball, he is famous for his brand, Air Jordan, which revolutionized sports marketing and sneaker culture."
      }
    ]
  },
  {
    "id": "300030",
    "image": "downloaded_images/Personage/Michael_Jordan/image_20241018_165953_22.jpg",
    "conversations": [
      {
        "from": "human",
        "value": "<image>\nWhat famous contributions has this person made?"
      },
      {
        "from": "gpt",
        "value": "Michael Jordan is known for his incredible career in the NBA, where he played primarily for the Chicago Bulls. He won six NBA championships (1991-1993, 1996-1998) and was named NBA Finals MVP in each of those championships. He is a 14-time NBA All-Star, 10-time scoring champion, and 5-time NBA Most Valuable Player (MVP). Additionally, he was inducted into the Naismith Memorial Basketball Hall of Fame in 2009. Beyond basketball, he is famous for his brand, Air Jordan, which revolutionized sports marketing and sneaker culture."
      }
    ]
  },
  {
    "id": "300031",
    "image": "downloaded_images/Personage/Michael_Jordan/image_20241107_164904_14.jpg",
    "conversations": [
      {
        "from": "human",
        "value": "<image>\nWhat famous contributions has this person made?"
      },
      {
        "from": "gpt",
        "value": "Michael Jordan is known for his incredible career in the NBA, where he played primarily for the Chicago Bulls. He won six NBA championships (1991-1993, 1996-1998) and was named NBA Finals MVP in each of those championships. He is a 14-time NBA All-Star, 10-time scoring champion, and 5-time NBA Most Valuable Player (MVP). Additionally, he was inducted into the Naismith Memorial Basketball Hall of Fame in 2009. Beyond basketball, he is famous for his brand, Air Jordan, which revolutionized sports marketing and sneaker culture."
      }
    ]
  },
  {
    "id": "300032",
    "image": "downloaded_images/Personage/Michael_Jordan/image_20241018_170018_25.jpg",
    "conversations": [
      {
        "from": "human",
        "value": "<image>\nWhat contributions has this person offered to society or their profession?"
      },
      {
        "from": "gpt",
        "value": "Michael Jordan has made significant contributions to both sports and society. He has been a prominent figure in promoting basketball globally and has inspired countless athletes. His success has also led to the growth of the sports marketing industry, particularly through his partnership with Nike, which created the Air Jordan brand. Beyond sports, Jordan has been involved in various philanthropic efforts, including donations to education and health initiatives, and he has worked to improve the lives of underprivileged communities. His influence extends into popular culture, making him a global icon."
      }
    ]
  },
  {
    "id": "300033",
    "image": "downloaded_images/Personage/Michael_Jordan/image_20241107_164854_13.jpg",
    "conversations": [
      {
        "from": "human",
        "value": "<image>\nWhat contributions has this person offered to society or their profession?"
      },
      {
        "from": "gpt",
        "value": "Michael Jordan has made significant contributions to both sports and society. He has been a prominent figure in promoting basketball globally and has inspired countless athletes. His success has also led to the growth of the sports marketing industry, particularly through his partnership with Nike, which created the Air Jordan brand. Beyond sports, Jordan has been involved in various philanthropic efforts, including donations to education and health initiatives, and he has worked to improve the lives of underprivileged communities. His influence extends into popular culture, making him a global icon."
      }
    ]
  },
  {
    "id": "300034",
    "image": "downloaded_images/Personage/Michael_Jordan/image_20241107_164948_19.jpg",
    "conversations": [
      {
        "from": "human",
        "value": "<image>\nWhat contributions has this person offered to society or their profession?"
      },
      {
        "from": "gpt",
        "value": "Michael Jordan has made significant contributions to both sports and society. He has been a prominent figure in promoting basketball globally and has inspired countless athletes. His success has also led to the growth of the sports marketing industry, particularly through his partnership with Nike, which created the Air Jordan brand. Beyond sports, Jordan has been involved in various philanthropic efforts, including donations to education and health initiatives, and he has worked to improve the lives of underprivileged communities. His influence extends into popular culture, making him a global icon."
      }
    ]
  },
  {
    "id": "300035",
    "image": "downloaded_images/Personage/Michael_Jordan/image_20241107_164838_11.jpg",
    "conversations": [
      {
        "from": "human",
        "value": "<image>\nWhat contributions has this person offered to society or their profession?"
      },
      {
        "from": "gpt",
        "value": "Michael Jordan has made significant contributions to both sports and society. He has been a prominent figure in promoting basketball globally and has inspired countless athletes. His success has also led to the growth of the sports marketing industry, particularly through his partnership with Nike, which created the Air Jordan brand. Beyond sports, Jordan has been involved in various philanthropic efforts, including donations to education and health initiatives, and he has worked to improve the lives of underprivileged communities. His influence extends into popular culture, making him a global icon."
      }
    ]
  },
  {
    "id": "300036",
    "image": "downloaded_images/Personage/Michael_Jordan/image_20241107_164940_18.jpg",
    "conversations": [
      {
        "from": "human",
        "value": "<image>\nWhat contributions has this person offered to society or their profession?"
      },
      {
        "from": "gpt",
        "value": "Michael Jordan has made significant contributions to both sports and society. He has been a prominent figure in promoting basketball globally and has inspired countless athletes. His success has also led to the growth of the sports marketing industry, particularly through his partnership with Nike, which created the Air Jordan brand. Beyond sports, Jordan has been involved in various philanthropic efforts, including donations to education and health initiatives, and he has worked to improve the lives of underprivileged communities. His influence extends into popular culture, making him a global icon."
      }
    ]
  },
  {
    "id": "400007",
    "image": "downloaded_images/Personage/Michael_Jordan/image_20241018_165953_22.jpg",
    "conversations": [
      {
        "from": "human",
        "value": "<image>\nWhat do people call this individual?"
      },
      {
        "from": "gpt",
        "value": "Michael Jordan"
      }
    ]
  },
  {
    "id": "400008",
    "image": "downloaded_images/Personage/Michael_Jordan/image_20241018_165953_22.jpg",
    "conversations": [
      {
        "from": "human",
        "value": "<image>\nCan you tell me the date and place of this person's birth?"
      },
      {
        "from": "gpt",
        "value": "Michael Jordan was born on February 17, 1963, in Brooklyn, New York, USA."
      }
    ]
  },
  {
    "id": "400009",
    "image": "downloaded_images/Personage/Michael_Jordan/image_20241018_165656_4.jpg",
    "conversations": [
      {
        "from": "human",
        "value": "<image>\nWhat line of work is this individual in?"
      },
      {
        "from": "gpt",
        "value": "Michael Jordan is a former professional basketball player, widely regarded as one of the greatest basketball players of all time. He is also a businessman and principal owner of the Charlotte Hornets, an NBA team."
      }
    ]
  },
  {
    "id": "400010",
    "image": "downloaded_images/Personage/Michael_Jordan/image_20241018_170009_24.jpg",
    "conversations": [
      {
        "from": "human",
        "value": "<image>\nCan you list some of this person's significant works?"
      },
      {
        "from": "gpt",
        "value": "Michael Jordan is known for his incredible career in the NBA, where he played primarily for the Chicago Bulls. He won six NBA championships (1991-1993, 1996-1998) and was named NBA Finals MVP in each of those championships. He is a 14-time NBA All-Star, 10-time scoring champion, and 5-time NBA Most Valuable Player (MVP). Additionally, he was inducted into the Naismith Memorial Basketball Hall of Fame in 2009. Beyond basketball, he is famous for his brand, Air Jordan, which revolutionized sports marketing and sneaker culture."
      }
    ]
  },
  {
    "id": "400011",
    "image": "downloaded_images/Personage/Michael_Jordan/image_20241018_165639_2.jpg",
    "conversations": [
      {
        "from": "human",
        "value": "<image>\nIn what ways has this individual influenced their industry or society?"
      },
      {
        "from": "gpt",
        "value": "Michael Jordan has made significant contributions to both sports and society. He has been a prominent figure in promoting basketball globally and has inspired countless athletes. His success has also led to the growth of the sports marketing industry, particularly through his partnership with Nike, which created the Air Jordan brand. Beyond sports, Jordan has been involved in various philanthropic efforts, including donations to education and health initiatives, and he has worked to improve the lives of underprivileged communities. His influence extends into popular culture, making him a global icon."
      }
    ]
  },
  {
    "id": "400012",
    "image": "downloaded_images/Personage/Michael_Jordan/image_20241107_164921_16.jpg",
    "conversations": [
      {
        "from": "human",
        "value": "<image>\nWhat do people call this individual?"
      },
      {
        "from": "gpt",
        "value": "Michael Jordan"
      }
    ]
  },
  {
    "id": "400013",
    "image": "downloaded_images/Personage/Michael_Jordan/image_20241107_164830_10.jpg",
    "conversations": [
      {
        "from": "human",
        "value": "<image>\nWhat do people call this individual?"
      },
      {
        "from": "gpt",
        "value": "Michael Jordan"
      }
    ]
  },
  {
    "id": "400014",
    "image": "downloaded_images/Personage/Michael_Jordan/image_20241107_165005_21.jpg",
    "conversations": [
      {
        "from": "human",
        "value": "<image>\nWhat do people call this individual?"
      },
      {
        "from": "gpt",
        "value": "Michael Jordan"
      }
    ]
  },
  {
    "id": "400015",
    "image": "downloaded_images/Personage/Michael_Jordan/image_20241107_164846_12.jpg",
    "conversations": [
      {
        "from": "human",
        "value": "<image>\nWhat do people call this individual?"
      },
      {
        "from": "gpt",
        "value": "Michael Jordan"
      }
    ]
  },
  {
    "id": "400016",
    "image": "downloaded_images/Personage/Michael_Jordan/image_20241018_165733_8.jpg",
    "conversations": [
      {
        "from": "human",
        "value": "<image>\nWhat do people call this individual?"
      },
      {
        "from": "gpt",
        "value": "Michael Jordan"
      }
    ]
  },
  {
    "id": "400017",
    "image": "downloaded_images/Personage/Michael_Jordan/image_20241107_165005_21.jpg",
    "conversations": [
      {
        "from": "human",
        "value": "<image>\nCan you tell me the date and place of this person's birth?"
      },
      {
        "from": "gpt",
        "value": "Michael Jordan was born on February 17, 1963, in Brooklyn, New York, USA."
      }
    ]
  },
  {
    "id": "400018",
    "image": "downloaded_images/Personage/Michael_Jordan/image_20241018_170009_24.jpg",
    "conversations": [
      {
        "from": "human",
        "value": "<image>\nCan you tell me the date and place of this person's birth?"
      },
      {
        "from": "gpt",
        "value": "Michael Jordan was born on February 17, 1963, in Brooklyn, New York, USA."
      }
    ]
  },
  {
    "id": "400019",
    "image": "downloaded_images/Personage/Michael_Jordan/image_20241018_165733_8.jpg",
    "conversations": [
      {
        "from": "human",
        "value": "<image>\nCan you tell me the date and place of this person's birth?"
      },
      {
        "from": "gpt",
        "value": "Michael Jordan was born on February 17, 1963, in Brooklyn, New York, USA."
      }
    ]
  },
  {
    "id": "400020",
    "image": "downloaded_images/Personage/Michael_Jordan/image_20241107_165049_26.jpg",
    "conversations": [
      {
        "from": "human",
        "value": "<image>\nCan you tell me the date and place of this person's birth?"
      },
      {
        "from": "gpt",
        "value": "Michael Jordan was born on February 17, 1963, in Brooklyn, New York, USA."
      }
    ]
  },
  {
    "id": "400021",
    "image": "downloaded_images/Personage/Michael_Jordan/image_20241018_165630_1.jpg",
    "conversations": [
      {
        "from": "human",
        "value": "<image>\nCan you tell me the date and place of this person's birth?"
      },
      {
        "from": "gpt",
        "value": "Michael Jordan was born on February 17, 1963, in Brooklyn, New York, USA."
      }
    ]
  },
  {
    "id": "400022",
    "image": "downloaded_images/Personage/Michael_Jordan/image_20241107_165049_26.jpg",
    "conversations": [
      {
        "from": "human",
        "value": "<image>\nWhat line of work is this individual in?"
      },
      {
        "from": "gpt",
        "value": "Michael Jordan is a former professional basketball player, widely regarded as one of the greatest basketball players of all time. He is also a businessman and principal owner of the Charlotte Hornets, an NBA team."
      }
    ]
  },
  {
    "id": "400023",
    "image": "downloaded_images/Personage/Michael_Jordan/image_20241107_165031_24.jpg",
    "conversations": [
      {
        "from": "human",
        "value": "<image>\nWhat line of work is this individual in?"
      },
      {
        "from": "gpt",
        "value": "Michael Jordan is a former professional basketball player, widely regarded as one of the greatest basketball players of all time. He is also a businessman and principal owner of the Charlotte Hornets, an NBA team."
      }
    ]
  },
  {
    "id": "400024",
    "image": "downloaded_images/Personage/Michael_Jordan/image_20241018_165913_17.jpg",
    "conversations": [
      {
        "from": "human",
        "value": "<image>\nWhat line of work is this individual in?"
      },
      {
        "from": "gpt",
        "value": "Michael Jordan is a former professional basketball player, widely regarded as one of the greatest basketball players of all time. He is also a businessman and principal owner of the Charlotte Hornets, an NBA team."
      }
    ]
  },
  {
    "id": "400025",
    "image": "downloaded_images/Personage/Michael_Jordan/image_20241107_164854_13.jpg",
    "conversations": [
      {
        "from": "human",
        "value": "<image>\nWhat line of work is this individual in?"
      },
      {
        "from": "gpt",
        "value": "Michael Jordan is a former professional basketball player, widely regarded as one of the greatest basketball players of all time. He is also a businessman and principal owner of the Charlotte Hornets, an NBA team."
      }
    ]
  },
  {
    "id": "400026",
    "image": "downloaded_images/Personage/Michael_Jordan/image_20241018_165639_2.jpg",
    "conversations": [
      {
        "from": "human",
        "value": "<image>\nWhat line of work is this individual in?"
      },
      {
        "from": "gpt",
        "value": "Michael Jordan is a former professional basketball player, widely regarded as one of the greatest basketball players of all time. He is also a businessman and principal owner of the Charlotte Hornets, an NBA team."
      }
    ]
  },
  {
    "id": "400027",
    "image": "downloaded_images/Personage/Michael_Jordan/image_20241018_165630_1.jpg",
    "conversations": [
      {
        "from": "human",
        "value": "<image>\nCan you list some of this person's significant works?"
      },
      {
        "from": "gpt",
        "value": "Michael Jordan is known for his incredible career in the NBA, where he played primarily for the Chicago Bulls. He won six NBA championships (1991-1993, 1996-1998) and was named NBA Finals MVP in each of those championships. He is a 14-time NBA All-Star, 10-time scoring champion, and 5-time NBA Most Valuable Player (MVP). Additionally, he was inducted into the Naismith Memorial Basketball Hall of Fame in 2009. Beyond basketball, he is famous for his brand, Air Jordan, which revolutionized sports marketing and sneaker culture."
      }
    ]
  },
  {
    "id": "400028",
    "image": "downloaded_images/Personage/Michael_Jordan/image_20241107_164838_11.jpg",
    "conversations": [
      {
        "from": "human",
        "value": "<image>\nCan you list some of this person's significant works?"
      },
      {
        "from": "gpt",
        "value": "Michael Jordan is known for his incredible career in the NBA, where he played primarily for the Chicago Bulls. He won six NBA championships (1991-1993, 1996-1998) and was named NBA Finals MVP in each of those championships. He is a 14-time NBA All-Star, 10-time scoring champion, and 5-time NBA Most Valuable Player (MVP). Additionally, he was inducted into the Naismith Memorial Basketball Hall of Fame in 2009. Beyond basketball, he is famous for his brand, Air Jordan, which revolutionized sports marketing and sneaker culture."
      }
    ]
  },
  {
    "id": "400029",
    "image": "downloaded_images/Personage/Michael_Jordan/image_20241018_165803_9.jpg",
    "conversations": [
      {
        "from": "human",
        "value": "<image>\nCan you list some of this person's significant works?"
      },
      {
        "from": "gpt",
        "value": "Michael Jordan is known for his incredible career in the NBA, where he played primarily for the Chicago Bulls. He won six NBA championships (1991-1993, 1996-1998) and was named NBA Finals MVP in each of those championships. He is a 14-time NBA All-Star, 10-time scoring champion, and 5-time NBA Most Valuable Player (MVP). Additionally, he was inducted into the Naismith Memorial Basketball Hall of Fame in 2009. Beyond basketball, he is famous for his brand, Air Jordan, which revolutionized sports marketing and sneaker culture."
      }
    ]
  },
  {
    "id": "400030",
    "image": "downloaded_images/Personage/Michael_Jordan/image_20241018_165953_22.jpg",
    "conversations": [
      {
        "from": "human",
        "value": "<image>\nCan you list some of this person's significant works?"
      },
      {
        "from": "gpt",
        "value": "Michael Jordan is known for his incredible career in the NBA, where he played primarily for the Chicago Bulls. He won six NBA championships (1991-1993, 1996-1998) and was named NBA Finals MVP in each of those championships. He is a 14-time NBA All-Star, 10-time scoring champion, and 5-time NBA Most Valuable Player (MVP). Additionally, he was inducted into the Naismith Memorial Basketball Hall of Fame in 2009. Beyond basketball, he is famous for his brand, Air Jordan, which revolutionized sports marketing and sneaker culture."
      }
    ]
  },
  {
    "id": "400031",
    "image": "downloaded_images/Personage/Michael_Jordan/image_20241107_164904_14.jpg",
    "conversations": [
      {
        "from": "human",
        "value": "<image>\nCan you list some of this person's significant works?"
      },
      {
        "from": "gpt",
        "value": "Michael Jordan is known for his incredible career in the NBA, where he played primarily for the Chicago Bulls. He won six NBA championships (1991-1993, 1996-1998) and was named NBA Finals MVP in each of those championships. He is a 14-time NBA All-Star, 10-time scoring champion, and 5-time NBA Most Valuable Player (MVP). Additionally, he was inducted into the Naismith Memorial Basketball Hall of Fame in 2009. Beyond basketball, he is famous for his brand, Air Jordan, which revolutionized sports marketing and sneaker culture."
      }
    ]
  },
  {
    "id": "400032",
    "image": "downloaded_images/Personage/Michael_Jordan/image_20241018_170018_25.jpg",
    "conversations": [
      {
        "from": "human",
        "value": "<image>\nIn what ways has this individual influenced their industry or society?"
      },
      {
        "from": "gpt",
        "value": "Michael Jordan has made significant contributions to both sports and society. He has been a prominent figure in promoting basketball globally and has inspired countless athletes. His success has also led to the growth of the sports marketing industry, particularly through his partnership with Nike, which created the Air Jordan brand. Beyond sports, Jordan has been involved in various philanthropic efforts, including donations to education and health initiatives, and he has worked to improve the lives of underprivileged communities. His influence extends into popular culture, making him a global icon."
      }
    ]
  },
  {
    "id": "400033",
    "image": "downloaded_images/Personage/Michael_Jordan/image_20241107_164854_13.jpg",
    "conversations": [
      {
        "from": "human",
        "value": "<image>\nIn what ways has this individual influenced their industry or society?"
      },
      {
        "from": "gpt",
        "value": "Michael Jordan has made significant contributions to both sports and society. He has been a prominent figure in promoting basketball globally and has inspired countless athletes. His success has also led to the growth of the sports marketing industry, particularly through his partnership with Nike, which created the Air Jordan brand. Beyond sports, Jordan has been involved in various philanthropic efforts, including donations to education and health initiatives, and he has worked to improve the lives of underprivileged communities. His influence extends into popular culture, making him a global icon."
      }
    ]
  },
  {
    "id": "400034",
    "image": "downloaded_images/Personage/Michael_Jordan/image_20241107_164948_19.jpg",
    "conversations": [
      {
        "from": "human",
        "value": "<image>\nIn what ways has this individual influenced their industry or society?"
      },
      {
        "from": "gpt",
        "value": "Michael Jordan has made significant contributions to both sports and society. He has been a prominent figure in promoting basketball globally and has inspired countless athletes. His success has also led to the growth of the sports marketing industry, particularly through his partnership with Nike, which created the Air Jordan brand. Beyond sports, Jordan has been involved in various philanthropic efforts, including donations to education and health initiatives, and he has worked to improve the lives of underprivileged communities. His influence extends into popular culture, making him a global icon."
      }
    ]
  },
  {
    "id": "400035",
    "image": "downloaded_images/Personage/Michael_Jordan/image_20241107_164838_11.jpg",
    "conversations": [
      {
        "from": "human",
        "value": "<image>\nIn what ways has this individual influenced their industry or society?"
      },
      {
        "from": "gpt",
        "value": "Michael Jordan has made significant contributions to both sports and society. He has been a prominent figure in promoting basketball globally and has inspired countless athletes. His success has also led to the growth of the sports marketing industry, particularly through his partnership with Nike, which created the Air Jordan brand. Beyond sports, Jordan has been involved in various philanthropic efforts, including donations to education and health initiatives, and he has worked to improve the lives of underprivileged communities. His influence extends into popular culture, making him a global icon."
      }
    ]
  },
  {
    "id": "400036",
    "image": "downloaded_images/Personage/Michael_Jordan/image_20241107_164940_18.jpg",
    "conversations": [
      {
        "from": "human",
        "value": "<image>\nIn what ways has this individual influenced their industry or society?"
      },
      {
        "from": "gpt",
        "value": "Michael Jordan has made significant contributions to both sports and society. He has been a prominent figure in promoting basketball globally and has inspired countless athletes. His success has also led to the growth of the sports marketing industry, particularly through his partnership with Nike, which created the Air Jordan brand. Beyond sports, Jordan has been involved in various philanthropic efforts, including donations to education and health initiatives, and he has worked to improve the lives of underprivileged communities. His influence extends into popular culture, making him a global icon."
      }
    ]
  }
]