[
  {
    "id": "9",
    "image": "downloaded_images/Movies/Flipped/image_20241107_120503_1.jpg",
    "conversations": [
      {
        "from": "human",
        "value": "<image>\nWhat is the title of this movie?"
      },
      {
        "from": "gpt",
        "value": "The title of the movie is \"Flipped.\""
      }
    ]
  },
  {
    "id": "10",
    "image": "downloaded_images/Movies/Flipped/image_20241018_144114_3.jpg",
    "conversations": [
      {
        "from": "human",
        "value": "<image>\nWho directed this film?"
      },
      {
        "from": "gpt",
        "value": "The film was directed by Rob Reiner."
      }
    ]
  },
  {
    "id": "11",
    "image": "downloaded_images/Movies/Flipped/image_20241107_120532_4.jpg",
    "conversations": [
      {
        "from": "human",
        "value": "<image>\nWhat is the central plot or storyline of this movie?"
      },
      {
        "from": "gpt",
        "value": "\"Flipped\" is a coming-of-age romantic comedy-drama that follows the story of two young neighbors, Juli Baker and Bryce Loski, from their childhood through their early teenage years. The film explores their evolving relationship as Juli has a crush on Bryce, while Bryce initially struggles with his feelings for her. The story is told from both Juli's and Bryce's perspectives, highlighting themes of love, friendship, and the challenges of growing up."
      }
    ]
  },
  {
    "id": "12",
    "image": "downloaded_images/Movies/Flipped/image_20241107_120558_7.jpg",
    "conversations": [
      {
        "from": "human",
        "value": "<image>\nWhat is the title of this movie?"
      },
      {
        "from": "gpt",
        "value": "The title of the movie is \"Flipped.\""
      }
    ]
  },
  {
    "id": "13",
    "image": "downloaded_images/Movies/Flipped/image_20241107_120847_22.jpg",
    "conversations": [
      {
        "from": "human",
        "value": "<image>\nWhat is the title of this movie?"
      },
      {
        "from": "gpt",
        "value": "The title of the movie is \"Flipped.\""
      }
    ]
  },
  {
    "id": "14",
    "image": "downloaded_images/Movies/Flipped/image_20241107_120630_11.jpg",
    "conversations": [
      {
        "from": "human",
        "value": "<image>\nWhat is the title of this movie?"
      },
      {
        "from": "gpt",
        "value": "The title of the movie is \"Flipped.\""
      }
    ]
  },
  {
    "id": "15",
    "image": "downloaded_images/Movies/Flipped/image_20241018_144122_4.jpg",
    "conversations": [
      {
        "from": "human",
        "value": "<image>\nWhat is the title of this movie?"
      },
      {
        "from": "gpt",
        "value": "The title of the movie is \"Flipped.\""
      }
    ]
  },
  {
    "id": "16",
    "image": "downloaded_images/Movies/Flipped/image_20241018_144249_14.jpg",
    "conversations": [
      {
        "from": "human",
        "value": "<image>\nWhat is the title of this movie?"
      },
      {
        "from": "gpt",
        "value": "The title of the movie is \"Flipped.\""
      }
    ]
  },
  {
    "id": "17",
    "image": "downloaded_images/Movies/Flipped/image_20241107_120847_22.jpg",
    "conversations": [
      {
        "from": "human",
        "value": "<image>\nWho directed this film?"
      },
      {
        "from": "gpt",
        "value": "The film was directed by Rob Reiner."
      }
    ]
  },
  {
    "id": "18",
    "image": "downloaded_images/Movies/Flipped/image_20241107_120558_7.jpg",
    "conversations": [
      {
        "from": "human",
        "value": "<image>\nWho directed this film?"
      },
      {
        "from": "gpt",
        "value": "The film was directed by Rob Reiner."
      }
    ]
  },
  {
    "id": "19",
    "image": "downloaded_images/Movies/Flipped/image_20241107_120630_11.jpg",
    "conversations": [
      {
        "from": "human",
        "value": "<image>\nWho directed this film?"
      },
      {
        "from": "gpt",
        "value": "The film was directed by Rob Reiner."
      }
    ]
  },
  {
    "id": "20",
    "image": "downloaded_images/Movies/Flipped/image_20241018_144057_1.jpg",
    "conversations": [
      {
        "from": "human",
        "value": "<image>\nWho directed this film?"
      },
      {
        "from": "gpt",
        "value": "The film was directed by Rob Reiner."
      }
    ]
  },
  {
    "id": "21",
    "image": "downloaded_images/Movies/Flipped/image_20241107_121029_29.jpg",
    "conversations": [
      {
        "from": "human",
        "value": "<image>\nWho directed this film?"
      },
      {
        "from": "gpt",
        "value": "The film was directed by Rob Reiner."
      }
    ]
  },
  {
    "id": "22",
    "image": "downloaded_images/Movies/Flipped/image_20241107_120522_3.jpg",
    "conversations": [
      {
        "from": "human",
        "value": "<image>\nWhat is the central plot or storyline of this movie?"
      },
      {
        "from": "gpt",
        "value": "\"Flipped\" is a coming-of-age romantic comedy-drama that follows the story of two young neighbors, Juli Baker and Bryce Loski, from their childhood through their early teenage years. The film explores their evolving relationship as Juli has a crush on Bryce, while Bryce initially struggles with his feelings for her. The story is told from both Juli's and Bryce's perspectives, highlighting themes of love, friendship, and the challenges of growing up."
      }
    ]
  },
  {
    "id": "23",
    "image": "downloaded_images/Movies/Flipped/image_20241018_144114_3.jpg",
    "conversations": [
      {
        "from": "human",
        "value": "<image>\nWhat is the central plot or storyline of this movie?"
      },
      {
        "from": "gpt",
        "value": "\"Flipped\" is a coming-of-age romantic comedy-drama that follows the story of two young neighbors, Juli Baker and Bryce Loski, from their childhood through their early teenage years. The film explores their evolving relationship as Juli has a crush on Bryce, while Bryce initially struggles with his feelings for her. The story is told from both Juli's and Bryce's perspectives, highlighting themes of love, friendship, and the challenges of growing up."
      }
    ]
  },
  {
    "id": "24",
    "image": "downloaded_images/Movies/Flipped/image_20241107_120712_16.jpg",
    "conversations": [
      {
        "from": "human",
        "value": "<image>\nWhat is the central plot or storyline of this movie?"
      },
      {
        "from": "gpt",
        "value": "\"Flipped\" is a coming-of-age romantic comedy-drama that follows the story of two young neighbors, Juli Baker and Bryce Loski, from their childhood through their early teenage years. The film explores their evolving relationship as Juli has a crush on Bryce, while Bryce initially struggles with his feelings for her. The story is told from both Juli's and Bryce's perspectives, highlighting themes of love, friendship, and the challenges of growing up."
      }
    ]
  },
  {
    "id": "25",
    "image": "downloaded_images/Movies/Flipped/image_20241107_120903_24.jpg",
    "conversations": [
      {
        "from": "human",
        "value": "<image>\nWhat is the central plot or storyline of this movie?"
      },
      {
        "from": "gpt",
        "value": "\"Flipped\" is a coming-of-age romantic comedy-drama that follows the story of two young neighbors, Juli Baker and Bryce Loski, from their childhood through their early teenage years. The film explores their evolving relationship as Juli has a crush on Bryce, while Bryce initially struggles with his feelings for her. The story is told from both Juli's and Bryce's perspectives, highlighting themes of love, friendship, and the challenges of growing up."
      }
    ]
  },
  {
    "id": "26",
    "image": "downloaded_images/Movies/Flipped/image_20241107_120549_6.jpg",
    "conversations": [
      {
        "from": "human",
        "value": "<image>\nWhat is the central plot or storyline of this movie?"
      },
      {
        "from": "gpt",
        "value": "\"Flipped\" is a coming-of-age romantic comedy-drama that follows the story of two young neighbors, Juli Baker and Bryce Loski, from their childhood through their early teenage years. The film explores their evolving relationship as Juli has a crush on Bryce, while Bryce initially struggles with his feelings for her. The story is told from both Juli's and Bryce's perspectives, highlighting themes of love, friendship, and the challenges of growing up."
      }
    ]
  },
  {
    "id": "100009",
    "image": "downloaded_images/Movies/Flipped/image_20241107_120503_1.jpg",
    "conversations": [
      {
        "from": "human",
        "value": "<image>\nWhat is the name of this movie?"
      },
      {
        "from": "gpt",
        "value": "The title of the movie is \"Flipped.\""
      }
    ]
  },
  {
    "id": "100010",
    "image": "downloaded_images/Movies/Flipped/image_20241018_144114_3.jpg",
    "conversations": [
      {
        "from": "human",
        "value": "<image>\nWho is the director of this movie?"
      },
      {
        "from": "gpt",
        "value": "The film was directed by Rob Reiner."
      }
    ]
  },
  {
    "id": "100011",
    "image": "downloaded_images/Movies/Flipped/image_20241107_120532_4.jpg",
    "conversations": [
      {
        "from": "human",
        "value": "<image>\nWhat is the main plot or storyline of this movie?"
      },
      {
        "from": "gpt",
        "value": "\"Flipped\" is a coming-of-age romantic comedy-drama that follows the story of two young neighbors, Juli Baker and Bryce Loski, from their childhood through their early teenage years. The film explores their evolving relationship as Juli has a crush on Bryce, while Bryce initially struggles with his feelings for her. The story is told from both Juli's and Bryce's perspectives, highlighting themes of love, friendship, and the challenges of growing up."
      }
    ]
  },
  {
    "id": "100012",
    "image": "downloaded_images/Movies/Flipped/image_20241107_120558_7.jpg",
    "conversations": [
      {
        "from": "human",
        "value": "<image>\nWhat is the name of this movie?"
      },
      {
        "from": "gpt",
        "value": "The title of the movie is \"Flipped.\""
      }
    ]
  },
  {
    "id": "100013",
    "image": "downloaded_images/Movies/Flipped/image_20241107_120847_22.jpg",
    "conversations": [
      {
        "from": "human",
        "value": "<image>\nWhat is the name of this movie?"
      },
      {
        "from": "gpt",
        "value": "The title of the movie is \"Flipped.\""
      }
    ]
  },
  {
    "id": "100014",
    "image": "downloaded_images/Movies/Flipped/image_20241107_120630_11.jpg",
    "conversations": [
      {
        "from": "human",
        "value": "<image>\nWhat is the name of this movie?"
      },
      {
        "from": "gpt",
        "value": "The title of the movie is \"Flipped.\""
      }
    ]
  },
  {
    "id": "100015",
    "image": "downloaded_images/Movies/Flipped/image_20241018_144122_4.jpg",
    "conversations": [
      {
        "from": "human",
        "value": "<image>\nWhat is the name of this movie?"
      },
      {
        "from": "gpt",
        "value": "The title of the movie is \"Flipped.\""
      }
    ]
  },
  {
    "id": "100016",
    "image": "downloaded_images/Movies/Flipped/image_20241018_144249_14.jpg",
    "conversations": [
      {
        "from": "human",
        "value": "<image>\nWhat is the name of this movie?"
      },
      {
        "from": "gpt",
        "value": "The title of the movie is \"Flipped.\""
      }
    ]
  },
  {
    "id": "100017",
    "image": "downloaded_images/Movies/Flipped/image_20241107_120847_22.jpg",
    "conversations": [
      {
        "from": "human",
        "value": "<image>\nWho is the director of this movie?"
      },
      {
        "from": "gpt",
        "value": "The film was directed by Rob Reiner."
      }
    ]
  },
  {
    "id": "100018",
    "image": "downloaded_images/Movies/Flipped/image_20241107_120558_7.jpg",
    "conversations": [
      {
        "from": "human",
        "value": "<image>\nWho is the director of this movie?"
      },
      {
        "from": "gpt",
        "value": "The film was directed by Rob Reiner."
      }
    ]
  },
  {
    "id": "100019",
    "image": "downloaded_images/Movies/Flipped/image_20241107_120630_11.jpg",
    "conversations": [
      {
        "from": "human",
        "value": "<image>\nWho is the director of this movie?"
      },
      {
        "from": "gpt",
        "value": "The film was directed by Rob Reiner."
      }
    ]
  },
  {
    "id": "100020",
    "image": "downloaded_images/Movies/Flipped/image_20241018_144057_1.jpg",
    "conversations": [
      {
        "from": "human",
        "value": "<image>\nWho is the director of this movie?"
      },
      {
        "from": "gpt",
        "value": "The film was directed by Rob Reiner."
      }
    ]
  },
  {
    "id": "100021",
    "image": "downloaded_images/Movies/Flipped/image_20241107_121029_29.jpg",
    "conversations": [
      {
        "from": "human",
        "value": "<image>\nWho is the director of this movie?"
      },
      {
        "from": "gpt",
        "value": "The film was directed by Rob Reiner."
      }
    ]
  },
  {
    "id": "100022",
    "image": "downloaded_images/Movies/Flipped/image_20241107_120522_3.jpg",
    "conversations": [
      {
        "from": "human",
        "value": "<image>\nWhat is the main plot or storyline of this movie?"
      },
      {
        "from": "gpt",
        "value": "\"Flipped\" is a coming-of-age romantic comedy-drama that follows the story of two young neighbors, Juli Baker and Bryce Loski, from their childhood through their early teenage years. The film explores their evolving relationship as Juli has a crush on Bryce, while Bryce initially struggles with his feelings for her. The story is told from both Juli's and Bryce's perspectives, highlighting themes of love, friendship, and the challenges of growing up."
      }
    ]
  },
  {
    "id": "100023",
    "image": "downloaded_images/Movies/Flipped/image_20241018_144114_3.jpg",
    "conversations": [
      {
        "from": "human",
        "value": "<image>\nWhat is the main plot or storyline of this movie?"
      },
      {
        "from": "gpt",
        "value": "\"Flipped\" is a coming-of-age romantic comedy-drama that follows the story of two young neighbors, Juli Baker and Bryce Loski, from their childhood through their early teenage years. The film explores their evolving relationship as Juli has a crush on Bryce, while Bryce initially struggles with his feelings for her. The story is told from both Juli's and Bryce's perspectives, highlighting themes of love, friendship, and the challenges of growing up."
      }
    ]
  },
  {
    "id": "100024",
    "image": "downloaded_images/Movies/Flipped/image_20241107_120712_16.jpg",
    "conversations": [
      {
        "from": "human",
        "value": "<image>\nWhat is the main plot or storyline of this movie?"
      },
      {
        "from": "gpt",
        "value": "\"Flipped\" is a coming-of-age romantic comedy-drama that follows the story of two young neighbors, Juli Baker and Bryce Loski, from their childhood through their early teenage years. The film explores their evolving relationship as Juli has a crush on Bryce, while Bryce initially struggles with his feelings for her. The story is told from both Juli's and Bryce's perspectives, highlighting themes of love, friendship, and the challenges of growing up."
      }
    ]
  },
  {
    "id": "100025",
    "image": "downloaded_images/Movies/Flipped/image_20241107_120903_24.jpg",
    "conversations": [
      {
        "from": "human",
        "value": "<image>\nWhat is the main plot or storyline of this movie?"
      },
      {
        "from": "gpt",
        "value": "\"Flipped\" is a coming-of-age romantic comedy-drama that follows the story of two young neighbors, Juli Baker and Bryce Loski, from their childhood through their early teenage years. The film explores their evolving relationship as Juli has a crush on Bryce, while Bryce initially struggles with his feelings for her. The story is told from both Juli's and Bryce's perspectives, highlighting themes of love, friendship, and the challenges of growing up."
      }
    ]
  },
  {
    "id": "100026",
    "image": "downloaded_images/Movies/Flipped/image_20241107_120549_6.jpg",
    "conversations": [
      {
        "from": "human",
        "value": "<image>\nWhat is the main plot or storyline of this movie?"
      },
      {
        "from": "gpt",
        "value": "\"Flipped\" is a coming-of-age romantic comedy-drama that follows the story of two young neighbors, Juli Baker and Bryce Loski, from their childhood through their early teenage years. The film explores their evolving relationship as Juli has a crush on Bryce, while Bryce initially struggles with his feelings for her. The story is told from both Juli's and Bryce's perspectives, highlighting themes of love, friendship, and the challenges of growing up."
      }
    ]
  },
  {
    "id": "200009",
    "image": "downloaded_images/Movies/Flipped/image_20241107_120503_1.jpg",
    "conversations": [
      {
        "from": "human",
        "value": "<image>\nWhat is the title of this film?"
      },
      {
        "from": "gpt",
        "value": "The title of the movie is \"Flipped.\""
      }
    ]
  },
  {
    "id": "200010",
    "image": "downloaded_images/Movies/Flipped/image_20241018_144114_3.jpg",
    "conversations": [
      {
        "from": "human",
        "value": "<image>\nThis film is directed by whom?"
      },
      {
        "from": "gpt",
        "value": "The film was directed by Rob Reiner."
      }
    ]
  },
  {
    "id": "200011",
    "image": "downloaded_images/Movies/Flipped/image_20241107_120532_4.jpg",
    "conversations": [
      {
        "from": "human",
        "value": "<image>\nWhat is the central theme of this film?"
      },
      {
        "from": "gpt",
        "value": "\"Flipped\" is a coming-of-age romantic comedy-drama that follows the story of two young neighbors, Juli Baker and Bryce Loski, from their childhood through their early teenage years. The film explores their evolving relationship as Juli has a crush on Bryce, while Bryce initially struggles with his feelings for her. The story is told from both Juli's and Bryce's perspectives, highlighting themes of love, friendship, and the challenges of growing up."
      }
    ]
  },
  {
    "id": "200012",
    "image": "downloaded_images/Movies/Flipped/image_20241107_120558_7.jpg",
    "conversations": [
      {
        "from": "human",
        "value": "<image>\nWhat is the title of this film?"
      },
      {
        "from": "gpt",
        "value": "The title of the movie is \"Flipped.\""
      }
    ]
  },
  {
    "id": "200013",
    "image": "downloaded_images/Movies/Flipped/image_20241107_120847_22.jpg",
    "conversations": [
      {
        "from": "human",
        "value": "<image>\nWhat is the title of this film?"
      },
      {
        "from": "gpt",
        "value": "The title of the movie is \"Flipped.\""
      }
    ]
  },
  {
    "id": "200014",
    "image": "downloaded_images/Movies/Flipped/image_20241107_120630_11.jpg",
    "conversations": [
      {
        "from": "human",
        "value": "<image>\nWhat is the title of this film?"
      },
      {
        "from": "gpt",
        "value": "The title of the movie is \"Flipped.\""
      }
    ]
  },
  {
    "id": "200015",
    "image": "downloaded_images/Movies/Flipped/image_20241018_144122_4.jpg",
    "conversations": [
      {
        "from": "human",
        "value": "<image>\nWhat is the title of this film?"
      },
      {
        "from": "gpt",
        "value": "The title of the movie is \"Flipped.\""
      }
    ]
  },
  {
    "id": "200016",
    "image": "downloaded_images/Movies/Flipped/image_20241018_144249_14.jpg",
    "conversations": [
      {
        "from": "human",
        "value": "<image>\nWhat is the title of this film?"
      },
      {
        "from": "gpt",
        "value": "The title of the movie is \"Flipped.\""
      }
    ]
  },
  {
    "id": "200017",
    "image": "downloaded_images/Movies/Flipped/image_20241107_120847_22.jpg",
    "conversations": [
      {
        "from": "human",
        "value": "<image>\nThis film is directed by whom?"
      },
      {
        "from": "gpt",
        "value": "The film was directed by Rob Reiner."
      }
    ]
  },
  {
    "id": "200018",
    "image": "downloaded_images/Movies/Flipped/image_20241107_120558_7.jpg",
    "conversations": [
      {
        "from": "human",
        "value": "<image>\nThis film is directed by whom?"
      },
      {
        "from": "gpt",
        "value": "The film was directed by Rob Reiner."
      }
    ]
  },
  {
    "id": "200019",
    "image": "downloaded_images/Movies/Flipped/image_20241107_120630_11.jpg",
    "conversations": [
      {
        "from": "human",
        "value": "<image>\nThis film is directed by whom?"
      },
      {
        "from": "gpt",
        "value": "The film was directed by Rob Reiner."
      }
    ]
  },
  {
    "id": "200020",
    "image": "downloaded_images/Movies/Flipped/image_20241018_144057_1.jpg",
    "conversations": [
      {
        "from": "human",
        "value": "<image>\nThis film is directed by whom?"
      },
      {
        "from": "gpt",
        "value": "The film was directed by Rob Reiner."
      }
    ]
  },
  {
    "id": "200021",
    "image": "downloaded_images/Movies/Flipped/image_20241107_121029_29.jpg",
    "conversations": [
      {
        "from": "human",
        "value": "<image>\nThis film is directed by whom?"
      },
      {
        "from": "gpt",
        "value": "The film was directed by Rob Reiner."
      }
    ]
  },
  {
    "id": "200022",
    "image": "downloaded_images/Movies/Flipped/image_20241107_120522_3.jpg",
    "conversations": [
      {
        "from": "human",
        "value": "<image>\nWhat is the central theme of this film?"
      },
      {
        "from": "gpt",
        "value": "\"Flipped\" is a coming-of-age romantic comedy-drama that follows the story of two young neighbors, Juli Baker and Bryce Loski, from their childhood through their early teenage years. The film explores their evolving relationship as Juli has a crush on Bryce, while Bryce initially struggles with his feelings for her. The story is told from both Juli's and Bryce's perspectives, highlighting themes of love, friendship, and the challenges of growing up."
      }
    ]
  },
  {
    "id": "200023",
    "image": "downloaded_images/Movies/Flipped/image_20241018_144114_3.jpg",
    "conversations": [
      {
        "from": "human",
        "value": "<image>\nWhat is the central theme of this film?"
      },
      {
        "from": "gpt",
        "value": "\"Flipped\" is a coming-of-age romantic comedy-drama that follows the story of two young neighbors, Juli Baker and Bryce Loski, from their childhood through their early teenage years. The film explores their evolving relationship as Juli has a crush on Bryce, while Bryce initially struggles with his feelings for her. The story is told from both Juli's and Bryce's perspectives, highlighting themes of love, friendship, and the challenges of growing up."
      }
    ]
  },
  {
    "id": "200024",
    "image": "downloaded_images/Movies/Flipped/image_20241107_120712_16.jpg",
    "conversations": [
      {
        "from": "human",
        "value": "<image>\nWhat is the central theme of this film?"
      },
      {
        "from": "gpt",
        "value": "\"Flipped\" is a coming-of-age romantic comedy-drama that follows the story of two young neighbors, Juli Baker and Bryce Loski, from their childhood through their early teenage years. The film explores their evolving relationship as Juli has a crush on Bryce, while Bryce initially struggles with his feelings for her. The story is told from both Juli's and Bryce's perspectives, highlighting themes of love, friendship, and the challenges of growing up."
      }
    ]
  },
  {
    "id": "200025",
    "image": "downloaded_images/Movies/Flipped/image_20241107_120903_24.jpg",
    "conversations": [
      {
        "from": "human",
        "value": "<image>\nWhat is the central theme of this film?"
      },
      {
        "from": "gpt",
        "value": "\"Flipped\" is a coming-of-age romantic comedy-drama that follows the story of two young neighbors, Juli Baker and Bryce Loski, from their childhood through their early teenage years. The film explores their evolving relationship as Juli has a crush on Bryce, while Bryce initially struggles with his feelings for her. The story is told from both Juli's and Bryce's perspectives, highlighting themes of love, friendship, and the challenges of growing up."
      }
    ]
  },
  {
    "id": "200026",
    "image": "downloaded_images/Movies/Flipped/image_20241107_120549_6.jpg",
    "conversations": [
      {
        "from": "human",
        "value": "<image>\nWhat is the central theme of this film?"
      },
      {
        "from": "gpt",
        "value": "\"Flipped\" is a coming-of-age romantic comedy-drama that follows the story of two young neighbors, Juli Baker and Bryce Loski, from their childhood through their early teenage years. The film explores their evolving relationship as Juli has a crush on Bryce, while Bryce initially struggles with his feelings for her. The story is told from both Juli's and Bryce's perspectives, highlighting themes of love, friendship, and the challenges of growing up."
      }
    ]
  },
  {
    "id": "300009",
    "image": "downloaded_images/Movies/Flipped/image_20241107_120503_1.jpg",
    "conversations": [
      {
        "from": "human",
        "value": "<image>\nHow is this movie referred to?"
      },
      {
        "from": "gpt",
        "value": "The title of the movie is \"Flipped.\""
      }
    ]
  },
  {
    "id": "300010",
    "image": "downloaded_images/Movies/Flipped/image_20241018_144114_3.jpg",
    "conversations": [
      {
        "from": "human",
        "value": "<image>\nWho was responsible for directing this movie?"
      },
      {
        "from": "gpt",
        "value": "The film was directed by Rob Reiner."
      }
    ]
  },
  {
    "id": "300011",
    "image": "downloaded_images/Movies/Flipped/image_20241107_120532_4.jpg",
    "conversations": [
      {
        "from": "human",
        "value": "<image>\nCan you summarize the plot of this movie?"
      },
      {
        "from": "gpt",
        "value": "\"Flipped\" is a coming-of-age romantic comedy-drama that follows the story of two young neighbors, Juli Baker and Bryce Loski, from their childhood through their early teenage years. The film explores their evolving relationship as Juli has a crush on Bryce, while Bryce initially struggles with his feelings for her. The story is told from both Juli's and Bryce's perspectives, highlighting themes of love, friendship, and the challenges of growing up."
      }
    ]
  },
  {
    "id": "300012",
    "image": "downloaded_images/Movies/Flipped/image_20241107_120558_7.jpg",
    "conversations": [
      {
        "from": "human",
        "value": "<image>\nHow is this movie referred to?"
      },
      {
        "from": "gpt",
        "value": "The title of the movie is \"Flipped.\""
      }
    ]
  },
  {
    "id": "300013",
    "image": "downloaded_images/Movies/Flipped/image_20241107_120847_22.jpg",
    "conversations": [
      {
        "from": "human",
        "value": "<image>\nHow is this movie referred to?"
      },
      {
        "from": "gpt",
        "value": "The title of the movie is \"Flipped.\""
      }
    ]
  },
  {
    "id": "300014",
    "image": "downloaded_images/Movies/Flipped/image_20241107_120630_11.jpg",
    "conversations": [
      {
        "from": "human",
        "value": "<image>\nHow is this movie referred to?"
      },
      {
        "from": "gpt",
        "value": "The title of the movie is \"Flipped.\""
      }
    ]
  },
  {
    "id": "300015",
    "image": "downloaded_images/Movies/Flipped/image_20241018_144122_4.jpg",
    "conversations": [
      {
        "from": "human",
        "value": "<image>\nHow is this movie referred to?"
      },
      {
        "from": "gpt",
        "value": "The title of the movie is \"Flipped.\""
      }
    ]
  },
  {
    "id": "300016",
    "image": "downloaded_images/Movies/Flipped/image_20241018_144249_14.jpg",
    "conversations": [
      {
        "from": "human",
        "value": "<image>\nHow is this movie referred to?"
      },
      {
        "from": "gpt",
        "value": "The title of the movie is \"Flipped.\""
      }
    ]
  },
  {
    "id": "300017",
    "image": "downloaded_images/Movies/Flipped/image_20241107_120847_22.jpg",
    "conversations": [
      {
        "from": "human",
        "value": "<image>\nWho was responsible for directing this movie?"
      },
      {
        "from": "gpt",
        "value": "The film was directed by Rob Reiner."
      }
    ]
  },
  {
    "id": "300018",
    "image": "downloaded_images/Movies/Flipped/image_20241107_120558_7.jpg",
    "conversations": [
      {
        "from": "human",
        "value": "<image>\nWho was responsible for directing this movie?"
      },
      {
        "from": "gpt",
        "value": "The film was directed by Rob Reiner."
      }
    ]
  },
  {
    "id": "300019",
    "image": "downloaded_images/Movies/Flipped/image_20241107_120630_11.jpg",
    "conversations": [
      {
        "from": "human",
        "value": "<image>\nWho was responsible for directing this movie?"
      },
      {
        "from": "gpt",
        "value": "The film was directed by Rob Reiner."
      }
    ]
  },
  {
    "id": "300020",
    "image": "downloaded_images/Movies/Flipped/image_20241018_144057_1.jpg",
    "conversations": [
      {
        "from": "human",
        "value": "<image>\nWho was responsible for directing this movie?"
      },
      {
        "from": "gpt",
        "value": "The film was directed by Rob Reiner."
      }
    ]
  },
  {
    "id": "300021",
    "image": "downloaded_images/Movies/Flipped/image_20241107_121029_29.jpg",
    "conversations": [
      {
        "from": "human",
        "value": "<image>\nWho was responsible for directing this movie?"
      },
      {
        "from": "gpt",
        "value": "The film was directed by Rob Reiner."
      }
    ]
  },
  {
    "id": "300022",
    "image": "downloaded_images/Movies/Flipped/image_20241107_120522_3.jpg",
    "conversations": [
      {
        "from": "human",
        "value": "<image>\nCan you summarize the plot of this movie?"
      },
      {
        "from": "gpt",
        "value": "\"Flipped\" is a coming-of-age romantic comedy-drama that follows the story of two young neighbors, Juli Baker and Bryce Loski, from their childhood through their early teenage years. The film explores their evolving relationship as Juli has a crush on Bryce, while Bryce initially struggles with his feelings for her. The story is told from both Juli's and Bryce's perspectives, highlighting themes of love, friendship, and the challenges of growing up."
      }
    ]
  },
  {
    "id": "300023",
    "image": "downloaded_images/Movies/Flipped/image_20241018_144114_3.jpg",
    "conversations": [
      {
        "from": "human",
        "value": "<image>\nCan you summarize the plot of this movie?"
      },
      {
        "from": "gpt",
        "value": "\"Flipped\" is a coming-of-age romantic comedy-drama that follows the story of two young neighbors, Juli Baker and Bryce Loski, from their childhood through their early teenage years. The film explores their evolving relationship as Juli has a crush on Bryce, while Bryce initially struggles with his feelings for her. The story is told from both Juli's and Bryce's perspectives, highlighting themes of love, friendship, and the challenges of growing up."
      }
    ]
  },
  {
    "id": "300024",
    "image": "downloaded_images/Movies/Flipped/image_20241107_120712_16.jpg",
    "conversations": [
      {
        "from": "human",
        "value": "<image>\nCan you summarize the plot of this movie?"
      },
      {
        "from": "gpt",
        "value": "\"Flipped\" is a coming-of-age romantic comedy-drama that follows the story of two young neighbors, Juli Baker and Bryce Loski, from their childhood through their early teenage years. The film explores their evolving relationship as Juli has a crush on Bryce, while Bryce initially struggles with his feelings for her. The story is told from both Juli's and Bryce's perspectives, highlighting themes of love, friendship, and the challenges of growing up."
      }
    ]
  },
  {
    "id": "300025",
    "image": "downloaded_images/Movies/Flipped/image_20241107_120903_24.jpg",
    "conversations": [
      {
        "from": "human",
        "value": "<image>\nCan you summarize the plot of this movie?"
      },
      {
        "from": "gpt",
        "value": "\"Flipped\" is a coming-of-age romantic comedy-drama that follows the story of two young neighbors, Juli Baker and Bryce Loski, from their childhood through their early teenage years. The film explores their evolving relationship as Juli has a crush on Bryce, while Bryce initially struggles with his feelings for her. The story is told from both Juli's and Bryce's perspectives, highlighting themes of love, friendship, and the challenges of growing up."
      }
    ]
  },
  {
    "id": "300026",
    "image": "downloaded_images/Movies/Flipped/image_20241107_120549_6.jpg",
    "conversations": [
      {
        "from": "human",
        "value": "<image>\nCan you summarize the plot of this movie?"
      },
      {
        "from": "gpt",
        "value": "\"Flipped\" is a coming-of-age romantic comedy-drama that follows the story of two young neighbors, Juli Baker and Bryce Loski, from their childhood through their early teenage years. The film explores their evolving relationship as Juli has a crush on Bryce, while Bryce initially struggles with his feelings for her. The story is told from both Juli's and Bryce's perspectives, highlighting themes of love, friendship, and the challenges of growing up."
      }
    ]
  },
  {
    "id": "400009",
    "image": "downloaded_images/Movies/Flipped/image_20241107_120503_1.jpg",
    "conversations": [
      {
        "from": "human",
        "value": "<image>\nWhat do people call this film?"
      },
      {
        "from": "gpt",
        "value": "The title of the movie is \"Flipped.\""
      }
    ]
  },
  {
    "id": "400010",
    "image": "downloaded_images/Movies/Flipped/image_20241018_144114_3.jpg",
    "conversations": [
      {
        "from": "human",
        "value": "<image>\nWho helmed this film?"
      },
      {
        "from": "gpt",
        "value": "The film was directed by Rob Reiner."
      }
    ]
  },
  {
    "id": "400011",
    "image": "downloaded_images/Movies/Flipped/image_20241107_120532_4.jpg",
    "conversations": [
      {
        "from": "human",
        "value": "<image>\nWhat is the basic storyline of this film?"
      },
      {
        "from": "gpt",
        "value": "\"Flipped\" is a coming-of-age romantic comedy-drama that follows the story of two young neighbors, Juli Baker and Bryce Loski, from their childhood through their early teenage years. The film explores their evolving relationship as Juli has a crush on Bryce, while Bryce initially struggles with his feelings for her. The story is told from both Juli's and Bryce's perspectives, highlighting themes of love, friendship, and the challenges of growing up."
      }
    ]
  },
  {
    "id": "400012",
    "image": "downloaded_images/Movies/Flipped/image_20241107_120558_7.jpg",
    "conversations": [
      {
        "from": "human",
        "value": "<image>\nWhat do people call this film?"
      },
      {
        "from": "gpt",
        "value": "The title of the movie is \"Flipped.\""
      }
    ]
  },
  {
    "id": "400013",
    "image": "downloaded_images/Movies/Flipped/image_20241107_120847_22.jpg",
    "conversations": [
      {
        "from": "human",
        "value": "<image>\nWhat do people call this film?"
      },
      {
        "from": "gpt",
        "value": "The title of the movie is \"Flipped.\""
      }
    ]
  },
  {
    "id": "400014",
    "image": "downloaded_images/Movies/Flipped/image_20241107_120630_11.jpg",
    "conversations": [
      {
        "from": "human",
        "value": "<image>\nWhat do people call this film?"
      },
      {
        "from": "gpt",
        "value": "The title of the movie is \"Flipped.\""
      }
    ]
  },
  {
    "id": "400015",
    "image": "downloaded_images/Movies/Flipped/image_20241018_144122_4.jpg",
    "conversations": [
      {
        "from": "human",
        "value": "<image>\nWhat do people call this film?"
      },
      {
        "from": "gpt",
        "value": "The title of the movie is \"Flipped.\""
      }
    ]
  },
  {
    "id": "400016",
    "image": "downloaded_images/Movies/Flipped/image_20241018_144249_14.jpg",
    "conversations": [
      {
        "from": "human",
        "value": "<image>\nWhat do people call this film?"
      },
      {
        "from": "gpt",
        "value": "The title of the movie is \"Flipped.\""
      }
    ]
  },
  {
    "id": "400017",
    "image": "downloaded_images/Movies/Flipped/image_20241107_120847_22.jpg",
    "conversations": [
      {
        "from": "human",
        "value": "<image>\nWho helmed this film?"
      },
      {
        "from": "gpt",
        "value": "The film was directed by Rob Reiner."
      }
    ]
  },
  {
    "id": "400018",
    "image": "downloaded_images/Movies/Flipped/image_20241107_120558_7.jpg",
    "conversations": [
      {
        "from": "human",
        "value": "<image>\nWho helmed this film?"
      },
      {
        "from": "gpt",
        "value": "The film was directed by Rob Reiner."
      }
    ]
  },
  {
    "id": "400019",
    "image": "downloaded_images/Movies/Flipped/image_20241107_120630_11.jpg",
    "conversations": [
      {
        "from": "human",
        "value": "<image>\nWho helmed this film?"
      },
      {
        "from": "gpt",
        "value": "The film was directed by Rob Reiner."
      }
    ]
  },
  {
    "id": "400020",
    "image": "downloaded_images/Movies/Flipped/image_20241018_144057_1.jpg",
    "conversations": [
      {
        "from": "human",
        "value": "<image>\nWho helmed this film?"
      },
      {
        "from": "gpt",
        "value": "The film was directed by Rob Reiner."
      }
    ]
  },
  {
    "id": "400021",
    "image": "downloaded_images/Movies/Flipped/image_20241107_121029_29.jpg",
    "conversations": [
      {
        "from": "human",
        "value": "<image>\nWho helmed this film?"
      },
      {
        "from": "gpt",
        "value": "The film was directed by Rob Reiner."
      }
    ]
  },
  {
    "id": "400022",
    "image": "downloaded_images/Movies/Flipped/image_20241107_120522_3.jpg",
    "conversations": [
      {
        "from": "human",
        "value": "<image>\nWhat is the basic storyline of this film?"
      },
      {
        "from": "gpt",
        "value": "\"Flipped\" is a coming-of-age romantic comedy-drama that follows the story of two young neighbors, Juli Baker and Bryce Loski, from their childhood through their early teenage years. The film explores their evolving relationship as Juli has a crush on Bryce, while Bryce initially struggles with his feelings for her. The story is told from both Juli's and Bryce's perspectives, highlighting themes of love, friendship, and the challenges of growing up."
      }
    ]
  },
  {
    "id": "400023",
    "image": "downloaded_images/Movies/Flipped/image_20241018_144114_3.jpg",
    "conversations": [
      {
        "from": "human",
        "value": "<image>\nWhat is the basic storyline of this film?"
      },
      {
        "from": "gpt",
        "value": "\"Flipped\" is a coming-of-age romantic comedy-drama that follows the story of two young neighbors, Juli Baker and Bryce Loski, from their childhood through their early teenage years. The film explores their evolving relationship as Juli has a crush on Bryce, while Bryce initially struggles with his feelings for her. The story is told from both Juli's and Bryce's perspectives, highlighting themes of love, friendship, and the challenges of growing up."
      }
    ]
  },
  {
    "id": "400024",
    "image": "downloaded_images/Movies/Flipped/image_20241107_120712_16.jpg",
    "conversations": [
      {
        "from": "human",
        "value": "<image>\nWhat is the basic storyline of this film?"
      },
      {
        "from": "gpt",
        "value": "\"Flipped\" is a coming-of-age romantic comedy-drama that follows the story of two young neighbors, Juli Baker and Bryce Loski, from their childhood through their early teenage years. The film explores their evolving relationship as Juli has a crush on Bryce, while Bryce initially struggles with his feelings for her. The story is told from both Juli's and Bryce's perspectives, highlighting themes of love, friendship, and the challenges of growing up."
      }
    ]
  },
  {
    "id": "400025",
    "image": "downloaded_images/Movies/Flipped/image_20241107_120903_24.jpg",
    "conversations": [
      {
        "from": "human",
        "value": "<image>\nWhat is the basic storyline of this film?"
      },
      {
        "from": "gpt",
        "value": "\"Flipped\" is a coming-of-age romantic comedy-drama that follows the story of two young neighbors, Juli Baker and Bryce Loski, from their childhood through their early teenage years. The film explores their evolving relationship as Juli has a crush on Bryce, while Bryce initially struggles with his feelings for her. The story is told from both Juli's and Bryce's perspectives, highlighting themes of love, friendship, and the challenges of growing up."
      }
    ]
  },
  {
    "id": "400026",
    "image": "downloaded_images/Movies/Flipped/image_20241107_120549_6.jpg",
    "conversations": [
      {
        "from": "human",
        "value": "<image>\nWhat is the basic storyline of this film?"
      },
      {
        "from": "gpt",
        "value": "\"Flipped\" is a coming-of-age romantic comedy-drama that follows the story of two young neighbors, Juli Baker and Bryce Loski, from their childhood through their early teenage years. The film explores their evolving relationship as Juli has a crush on Bryce, while Bryce initially struggles with his feelings for her. The story is told from both Juli's and Bryce's perspectives, highlighting themes of love, friendship, and the challenges of growing up."
      }
    ]
  }
]