[
  {
    "id": "11",
    "image": "downloaded_images/Cartoon/Attack_on_Titan/image_20241018_102957_1.jpg",
    "conversations": [
      {
        "from": "human",
        "value": "<image>\nWhat is the title of this cartoon?"
      },
      {
        "from": "gpt",
        "value": "The title of this cartoon is \"Attack on Titan.\""
      }
    ]
  },
  {
    "id": "12",
    "image": "downloaded_images/Cartoon/Attack_on_Titan/image_20241018_102957_1.jpg",
    "conversations": [
      {
        "from": "human",
        "value": "<image>\nWho created or produced this cartoon?"
      },
      {
        "from": "gpt",
        "value": "\"Attack on Titan\" was created by Hajime Isayama and produced by Wit Studio for the first three seasons, and by MAPPA for the final season."
      }
    ]
  },
  {
    "id": "13",
    "image": "downloaded_images/Cartoon/Attack_on_Titan/image_20241018_102957_1.jpg",
    "conversations": [
      {
        "from": "human",
        "value": "<image>\nWhen was this cartoon first released or aired?"
      },
      {
        "from": "gpt",
        "value": "\"Attack on Titan\" first aired on September 28, 2013."
      }
    ]
  },
  {
    "id": "14",
    "image": "downloaded_images/Cartoon/Attack_on_Titan/image_20241018_102957_1.jpg",
    "conversations": [
      {
        "from": "human",
        "value": "<image>\nWho are the main characters in this cartoon?"
      },
      {
        "from": "gpt",
        "value": "The main characters include Eren Yeager, Mikasa Ackerman, Armin Arlert, Levi Ackerman, and Historia Reiss."
      }
    ]
  },
  {
    "id": "15",
    "image": "downloaded_images/Cartoon/Attack_on_Titan/image_20241018_102957_1.jpg",
    "conversations": [
      {
        "from": "human",
        "value": "<image>\nWhat is the central storyline or premise of this cartoon?"
      },
      {
        "from": "gpt",
        "value": "The central storyline of \"Attack on Titan\" revolves around humanity's struggle for survival against gigantic humanoid creatures known as Titans, who devour humans. The story follows Eren Yeager and his friends as they join the military to fight against the Titans and uncover the mysteries surrounding their existence, the walls protecting humanity, and the truth about their world."
      }
    ]
  },
  {
    "id": "16",
    "image": "downloaded_images/Cartoon/Attack_on_Titan/image_20241106_153827_17.jpg",
    "conversations": [
      {
        "from": "human",
        "value": "<image>\nWhat is the title of this cartoon?"
      },
      {
        "from": "gpt",
        "value": "The title of this cartoon is \"Attack on Titan.\""
      }
    ]
  },
  {
    "id": "17",
    "image": "downloaded_images/Cartoon/Attack_on_Titan/image_20241018_103059_6.jpg",
    "conversations": [
      {
        "from": "human",
        "value": "<image>\nWhat is the title of this cartoon?"
      },
      {
        "from": "gpt",
        "value": "The title of this cartoon is \"Attack on Titan.\""
      }
    ]
  },
  {
    "id": "18",
    "image": "downloaded_images/Cartoon/Attack_on_Titan/image_20241106_153718_9.jpg",
    "conversations": [
      {
        "from": "human",
        "value": "<image>\nWhat is the title of this cartoon?"
      },
      {
        "from": "gpt",
        "value": "The title of this cartoon is \"Attack on Titan.\""
      }
    ]
  },
  {
    "id": "19",
    "image": "downloaded_images/Cartoon/Attack_on_Titan/image_20241106_153855_20.jpg",
    "conversations": [
      {
        "from": "human",
        "value": "<image>\nWhat is the title of this cartoon?"
      },
      {
        "from": "gpt",
        "value": "The title of this cartoon is \"Attack on Titan.\""
      }
    ]
  },
  {
    "id": "20",
    "image": "downloaded_images/Cartoon/Attack_on_Titan/image_20241106_153708_8.jpg",
    "conversations": [
      {
        "from": "human",
        "value": "<image>\nWhat is the title of this cartoon?"
      },
      {
        "from": "gpt",
        "value": "The title of this cartoon is \"Attack on Titan.\""
      }
    ]
  },
  {
    "id": "21",
    "image": "downloaded_images/Cartoon/Attack_on_Titan/image_20241106_153708_8.jpg",
    "conversations": [
      {
        "from": "human",
        "value": "<image>\nWho created or produced this cartoon?"
      },
      {
        "from": "gpt",
        "value": "\"Attack on Titan\" was created by Hajime Isayama and produced by Wit Studio for the first three seasons, and by MAPPA for the final season."
      }
    ]
  },
  {
    "id": "22",
    "image": "downloaded_images/Cartoon/Attack_on_Titan/image_20241106_154032_29.jpg",
    "conversations": [
      {
        "from": "human",
        "value": "<image>\nWho created or produced this cartoon?"
      },
      {
        "from": "gpt",
        "value": "\"Attack on Titan\" was created by Hajime Isayama and produced by Wit Studio for the first three seasons, and by MAPPA for the final season."
      }
    ]
  },
  {
    "id": "23",
    "image": "downloaded_images/Cartoon/Attack_on_Titan/image_20241018_103059_6.jpg",
    "conversations": [
      {
        "from": "human",
        "value": "<image>\nWho created or produced this cartoon?"
      },
      {
        "from": "gpt",
        "value": "\"Attack on Titan\" was created by Hajime Isayama and produced by Wit Studio for the first three seasons, and by MAPPA for the final season."
      }
    ]
  },
  {
    "id": "24",
    "image": "downloaded_images/Cartoon/Attack_on_Titan/image_20241106_153940_23.jpg",
    "conversations": [
      {
        "from": "human",
        "value": "<image>\nWho created or produced this cartoon?"
      },
      {
        "from": "gpt",
        "value": "\"Attack on Titan\" was created by Hajime Isayama and produced by Wit Studio for the first three seasons, and by MAPPA for the final season."
      }
    ]
  },
  {
    "id": "25",
    "image": "downloaded_images/Cartoon/Attack_on_Titan/image_20241106_153621_3.jpg",
    "conversations": [
      {
        "from": "human",
        "value": "<image>\nWho created or produced this cartoon?"
      },
      {
        "from": "gpt",
        "value": "\"Attack on Titan\" was created by Hajime Isayama and produced by Wit Studio for the first three seasons, and by MAPPA for the final season."
      }
    ]
  },
  {
    "id": "26",
    "image": "downloaded_images/Cartoon/Attack_on_Titan/image_20241106_153735_11.jpg",
    "conversations": [
      {
        "from": "human",
        "value": "<image>\nWhen was this cartoon first released or aired?"
      },
      {
        "from": "gpt",
        "value": "\"Attack on Titan\" first aired on September 28, 2013."
      }
    ]
  },
  {
    "id": "27",
    "image": "downloaded_images/Cartoon/Attack_on_Titan/image_20241018_103049_5.jpg",
    "conversations": [
      {
        "from": "human",
        "value": "<image>\nWhen was this cartoon first released or aired?"
      },
      {
        "from": "gpt",
        "value": "\"Attack on Titan\" first aired on September 28, 2013."
      }
    ]
  },
  {
    "id": "28",
    "image": "downloaded_images/Cartoon/Attack_on_Titan/image_20241106_153650_6.jpg",
    "conversations": [
      {
        "from": "human",
        "value": "<image>\nWhen was this cartoon first released or aired?"
      },
      {
        "from": "gpt",
        "value": "\"Attack on Titan\" first aired on September 28, 2013."
      }
    ]
  },
  {
    "id": "29",
    "image": "downloaded_images/Cartoon/Attack_on_Titan/image_20241106_153836_18.jpg",
    "conversations": [
      {
        "from": "human",
        "value": "<image>\nWhen was this cartoon first released or aired?"
      },
      {
        "from": "gpt",
        "value": "\"Attack on Titan\" first aired on September 28, 2013."
      }
    ]
  },
  {
    "id": "30",
    "image": "downloaded_images/Cartoon/Attack_on_Titan/image_20241106_153640_5.jpg",
    "conversations": [
      {
        "from": "human",
        "value": "<image>\nWhen was this cartoon first released or aired?"
      },
      {
        "from": "gpt",
        "value": "\"Attack on Titan\" first aired on September 28, 2013."
      }
    ]
  },
  {
    "id": "31",
    "image": "downloaded_images/Cartoon/Attack_on_Titan/image_20241106_153744_12.jpg",
    "conversations": [
      {
        "from": "human",
        "value": "<image>\nWho are the main characters in this cartoon?"
      },
      {
        "from": "gpt",
        "value": "The main characters include Eren Yeager, Mikasa Ackerman, Armin Arlert, Levi Ackerman, and Historia Reiss."
      }
    ]
  },
  {
    "id": "32",
    "image": "downloaded_images/Cartoon/Attack_on_Titan/image_20241106_153602_1.jpg",
    "conversations": [
      {
        "from": "human",
        "value": "<image>\nWho are the main characters in this cartoon?"
      },
      {
        "from": "gpt",
        "value": "The main characters include Eren Yeager, Mikasa Ackerman, Armin Arlert, Levi Ackerman, and Historia Reiss."
      }
    ]
  },
  {
    "id": "33",
    "image": "downloaded_images/Cartoon/Attack_on_Titan/image_20241106_153708_8.jpg",
    "conversations": [
      {
        "from": "human",
        "value": "<image>\nWho are the main characters in this cartoon?"
      },
      {
        "from": "gpt",
        "value": "The main characters include Eren Yeager, Mikasa Ackerman, Armin Arlert, Levi Ackerman, and Historia Reiss."
      }
    ]
  },
  {
    "id": "34",
    "image": "downloaded_images/Cartoon/Attack_on_Titan/image_20241018_103049_5.jpg",
    "conversations": [
      {
        "from": "human",
        "value": "<image>\nWho are the main characters in this cartoon?"
      },
      {
        "from": "gpt",
        "value": "The main characters include Eren Yeager, Mikasa Ackerman, Armin Arlert, Levi Ackerman, and Historia Reiss."
      }
    ]
  },
  {
    "id": "35",
    "image": "downloaded_images/Cartoon/Attack_on_Titan/image_20241106_154007_26.jpg",
    "conversations": [
      {
        "from": "human",
        "value": "<image>\nWho are the main characters in this cartoon?"
      },
      {
        "from": "gpt",
        "value": "The main characters include Eren Yeager, Mikasa Ackerman, Armin Arlert, Levi Ackerman, and Historia Reiss."
      }
    ]
  },
  {
    "id": "36",
    "image": "downloaded_images/Cartoon/Attack_on_Titan/image_20241106_154103_30.jpg",
    "conversations": [
      {
        "from": "human",
        "value": "<image>\nWhat is the central storyline or premise of this cartoon?"
      },
      {
        "from": "gpt",
        "value": "The central storyline of \"Attack on Titan\" revolves around humanity's struggle for survival against gigantic humanoid creatures known as Titans, who devour humans. The story follows Eren Yeager and his friends as they join the military to fight against the Titans and uncover the mysteries surrounding their existence, the walls protecting humanity, and the truth about their world."
      }
    ]
  },
  {
    "id": "37",
    "image": "downloaded_images/Cartoon/Attack_on_Titan/image_20241106_153613_2.jpg",
    "conversations": [
      {
        "from": "human",
        "value": "<image>\nWhat is the central storyline or premise of this cartoon?"
      },
      {
        "from": "gpt",
        "value": "The central storyline of \"Attack on Titan\" revolves around humanity's struggle for survival against gigantic humanoid creatures known as Titans, who devour humans. The story follows Eren Yeager and his friends as they join the military to fight against the Titans and uncover the mysteries surrounding their existence, the walls protecting humanity, and the truth about their world."
      }
    ]
  },
  {
    "id": "38",
    "image": "downloaded_images/Cartoon/Attack_on_Titan/image_20241106_154024_28.jpg",
    "conversations": [
      {
        "from": "human",
        "value": "<image>\nWhat is the central storyline or premise of this cartoon?"
      },
      {
        "from": "gpt",
        "value": "The central storyline of \"Attack on Titan\" revolves around humanity's struggle for survival against gigantic humanoid creatures known as Titans, who devour humans. The story follows Eren Yeager and his friends as they join the military to fight against the Titans and uncover the mysteries surrounding their existence, the walls protecting humanity, and the truth about their world."
      }
    ]
  },
  {
    "id": "39",
    "image": "downloaded_images/Cartoon/Attack_on_Titan/image_20241018_103146_12.jpg",
    "conversations": [
      {
        "from": "human",
        "value": "<image>\nWhat is the central storyline or premise of this cartoon?"
      },
      {
        "from": "gpt",
        "value": "The central storyline of \"Attack on Titan\" revolves around humanity's struggle for survival against gigantic humanoid creatures known as Titans, who devour humans. The story follows Eren Yeager and his friends as they join the military to fight against the Titans and uncover the mysteries surrounding their existence, the walls protecting humanity, and the truth about their world."
      }
    ]
  },
  {
    "id": "40",
    "image": "downloaded_images/Cartoon/Attack_on_Titan/image_20241106_153718_9.jpg",
    "conversations": [
      {
        "from": "human",
        "value": "<image>\nWhat is the central storyline or premise of this cartoon?"
      },
      {
        "from": "gpt",
        "value": "The central storyline of \"Attack on Titan\" revolves around humanity's struggle for survival against gigantic humanoid creatures known as Titans, who devour humans. The story follows Eren Yeager and his friends as they join the military to fight against the Titans and uncover the mysteries surrounding their existence, the walls protecting humanity, and the truth about their world."
      }
    ]
  },
  {
    "id": "100011",
    "image": "downloaded_images/Cartoon/Attack_on_Titan/image_20241018_102957_1.jpg",
    "conversations": [
      {
        "from": "human",
        "value": "<image>\nWhat is the name of this cartoon?"
      },
      {
        "from": "gpt",
        "value": "The title of this cartoon is \"Attack on Titan.\""
      }
    ]
  },
  {
    "id": "100012",
    "image": "downloaded_images/Cartoon/Attack_on_Titan/image_20241018_102957_1.jpg",
    "conversations": [
      {
        "from": "human",
        "value": "<image>\nWho is the creator or producer of this cartoon?"
      },
      {
        "from": "gpt",
        "value": "\"Attack on Titan\" was created by Hajime Isayama and produced by Wit Studio for the first three seasons, and by MAPPA for the final season."
      }
    ]
  },
  {
    "id": "100013",
    "image": "downloaded_images/Cartoon/Attack_on_Titan/image_20241018_102957_1.jpg",
    "conversations": [
      {
        "from": "human",
        "value": "<image>\nWhen did this cartoon first debut or air?"
      },
      {
        "from": "gpt",
        "value": "\"Attack on Titan\" first aired on September 28, 2013."
      }
    ]
  },
  {
    "id": "100014",
    "image": "downloaded_images/Cartoon/Attack_on_Titan/image_20241018_102957_1.jpg",
    "conversations": [
      {
        "from": "human",
        "value": "<image>\nWho are the primary characters in this cartoon?"
      },
      {
        "from": "gpt",
        "value": "The main characters include Eren Yeager, Mikasa Ackerman, Armin Arlert, Levi Ackerman, and Historia Reiss."
      }
    ]
  },
  {
    "id": "100015",
    "image": "downloaded_images/Cartoon/Attack_on_Titan/image_20241018_102957_1.jpg",
    "conversations": [
      {
        "from": "human",
        "value": "<image>\nWhat is the main plot or premise of this cartoon?"
      },
      {
        "from": "gpt",
        "value": "The central storyline of \"Attack on Titan\" revolves around humanity's struggle for survival against gigantic humanoid creatures known as Titans, who devour humans. The story follows Eren Yeager and his friends as they join the military to fight against the Titans and uncover the mysteries surrounding their existence, the walls protecting humanity, and the truth about their world."
      }
    ]
  },
  {
    "id": "100016",
    "image": "downloaded_images/Cartoon/Attack_on_Titan/image_20241106_153827_17.jpg",
    "conversations": [
      {
        "from": "human",
        "value": "<image>\nWhat is the name of this cartoon?"
      },
      {
        "from": "gpt",
        "value": "The title of this cartoon is \"Attack on Titan.\""
      }
    ]
  },
  {
    "id": "100017",
    "image": "downloaded_images/Cartoon/Attack_on_Titan/image_20241018_103059_6.jpg",
    "conversations": [
      {
        "from": "human",
        "value": "<image>\nWhat is the name of this cartoon?"
      },
      {
        "from": "gpt",
        "value": "The title of this cartoon is \"Attack on Titan.\""
      }
    ]
  },
  {
    "id": "100018",
    "image": "downloaded_images/Cartoon/Attack_on_Titan/image_20241106_153718_9.jpg",
    "conversations": [
      {
        "from": "human",
        "value": "<image>\nWhat is the name of this cartoon?"
      },
      {
        "from": "gpt",
        "value": "The title of this cartoon is \"Attack on Titan.\""
      }
    ]
  },
  {
    "id": "100019",
    "image": "downloaded_images/Cartoon/Attack_on_Titan/image_20241106_153855_20.jpg",
    "conversations": [
      {
        "from": "human",
        "value": "<image>\nWhat is the name of this cartoon?"
      },
      {
        "from": "gpt",
        "value": "The title of this cartoon is \"Attack on Titan.\""
      }
    ]
  },
  {
    "id": "100020",
    "image": "downloaded_images/Cartoon/Attack_on_Titan/image_20241106_153708_8.jpg",
    "conversations": [
      {
        "from": "human",
        "value": "<image>\nWhat is the name of this cartoon?"
      },
      {
        "from": "gpt",
        "value": "The title of this cartoon is \"Attack on Titan.\""
      }
    ]
  },
  {
    "id": "100021",
    "image": "downloaded_images/Cartoon/Attack_on_Titan/image_20241106_153708_8.jpg",
    "conversations": [
      {
        "from": "human",
        "value": "<image>\nWho is the creator or producer of this cartoon?"
      },
      {
        "from": "gpt",
        "value": "\"Attack on Titan\" was created by Hajime Isayama and produced by Wit Studio for the first three seasons, and by MAPPA for the final season."
      }
    ]
  },
  {
    "id": "100022",
    "image": "downloaded_images/Cartoon/Attack_on_Titan/image_20241106_154032_29.jpg",
    "conversations": [
      {
        "from": "human",
        "value": "<image>\nWho is the creator or producer of this cartoon?"
      },
      {
        "from": "gpt",
        "value": "\"Attack on Titan\" was created by Hajime Isayama and produced by Wit Studio for the first three seasons, and by MAPPA for the final season."
      }
    ]
  },
  {
    "id": "100023",
    "image": "downloaded_images/Cartoon/Attack_on_Titan/image_20241018_103059_6.jpg",
    "conversations": [
      {
        "from": "human",
        "value": "<image>\nWho is the creator or producer of this cartoon?"
      },
      {
        "from": "gpt",
        "value": "\"Attack on Titan\" was created by Hajime Isayama and produced by Wit Studio for the first three seasons, and by MAPPA for the final season."
      }
    ]
  },
  {
    "id": "100024",
    "image": "downloaded_images/Cartoon/Attack_on_Titan/image_20241106_153940_23.jpg",
    "conversations": [
      {
        "from": "human",
        "value": "<image>\nWho is the creator or producer of this cartoon?"
      },
      {
        "from": "gpt",
        "value": "\"Attack on Titan\" was created by Hajime Isayama and produced by Wit Studio for the first three seasons, and by MAPPA for the final season."
      }
    ]
  },
  {
    "id": "100025",
    "image": "downloaded_images/Cartoon/Attack_on_Titan/image_20241106_153621_3.jpg",
    "conversations": [
      {
        "from": "human",
        "value": "<image>\nWho is the creator or producer of this cartoon?"
      },
      {
        "from": "gpt",
        "value": "\"Attack on Titan\" was created by Hajime Isayama and produced by Wit Studio for the first three seasons, and by MAPPA for the final season."
      }
    ]
  },
  {
    "id": "100026",
    "image": "downloaded_images/Cartoon/Attack_on_Titan/image_20241106_153735_11.jpg",
    "conversations": [
      {
        "from": "human",
        "value": "<image>\nWhen did this cartoon first debut or air?"
      },
      {
        "from": "gpt",
        "value": "\"Attack on Titan\" first aired on September 28, 2013."
      }
    ]
  },
  {
    "id": "100027",
    "image": "downloaded_images/Cartoon/Attack_on_Titan/image_20241018_103049_5.jpg",
    "conversations": [
      {
        "from": "human",
        "value": "<image>\nWhen did this cartoon first debut or air?"
      },
      {
        "from": "gpt",
        "value": "\"Attack on Titan\" first aired on September 28, 2013."
      }
    ]
  },
  {
    "id": "100028",
    "image": "downloaded_images/Cartoon/Attack_on_Titan/image_20241106_153650_6.jpg",
    "conversations": [
      {
        "from": "human",
        "value": "<image>\nWhen did this cartoon first debut or air?"
      },
      {
        "from": "gpt",
        "value": "\"Attack on Titan\" first aired on September 28, 2013."
      }
    ]
  },
  {
    "id": "100029",
    "image": "downloaded_images/Cartoon/Attack_on_Titan/image_20241106_153836_18.jpg",
    "conversations": [
      {
        "from": "human",
        "value": "<image>\nWhen did this cartoon first debut or air?"
      },
      {
        "from": "gpt",
        "value": "\"Attack on Titan\" first aired on September 28, 2013."
      }
    ]
  },
  {
    "id": "100030",
    "image": "downloaded_images/Cartoon/Attack_on_Titan/image_20241106_153640_5.jpg",
    "conversations": [
      {
        "from": "human",
        "value": "<image>\nWhen did this cartoon first debut or air?"
      },
      {
        "from": "gpt",
        "value": "\"Attack on Titan\" first aired on September 28, 2013."
      }
    ]
  },
  {
    "id": "100031",
    "image": "downloaded_images/Cartoon/Attack_on_Titan/image_20241106_153744_12.jpg",
    "conversations": [
      {
        "from": "human",
        "value": "<image>\nWho are the primary characters in this cartoon?"
      },
      {
        "from": "gpt",
        "value": "The main characters include Eren Yeager, Mikasa Ackerman, Armin Arlert, Levi Ackerman, and Historia Reiss."
      }
    ]
  },
  {
    "id": "100032",
    "image": "downloaded_images/Cartoon/Attack_on_Titan/image_20241106_153602_1.jpg",
    "conversations": [
      {
        "from": "human",
        "value": "<image>\nWho are the primary characters in this cartoon?"
      },
      {
        "from": "gpt",
        "value": "The main characters include Eren Yeager, Mikasa Ackerman, Armin Arlert, Levi Ackerman, and Historia Reiss."
      }
    ]
  },
  {
    "id": "100033",
    "image": "downloaded_images/Cartoon/Attack_on_Titan/image_20241106_153708_8.jpg",
    "conversations": [
      {
        "from": "human",
        "value": "<image>\nWho are the primary characters in this cartoon?"
      },
      {
        "from": "gpt",
        "value": "The main characters include Eren Yeager, Mikasa Ackerman, Armin Arlert, Levi Ackerman, and Historia Reiss."
      }
    ]
  },
  {
    "id": "100034",
    "image": "downloaded_images/Cartoon/Attack_on_Titan/image_20241018_103049_5.jpg",
    "conversations": [
      {
        "from": "human",
        "value": "<image>\nWho are the primary characters in this cartoon?"
      },
      {
        "from": "gpt",
        "value": "The main characters include Eren Yeager, Mikasa Ackerman, Armin Arlert, Levi Ackerman, and Historia Reiss."
      }
    ]
  },
  {
    "id": "100035",
    "image": "downloaded_images/Cartoon/Attack_on_Titan/image_20241106_154007_26.jpg",
    "conversations": [
      {
        "from": "human",
        "value": "<image>\nWho are the primary characters in this cartoon?"
      },
      {
        "from": "gpt",
        "value": "The main characters include Eren Yeager, Mikasa Ackerman, Armin Arlert, Levi Ackerman, and Historia Reiss."
      }
    ]
  },
  {
    "id": "100036",
    "image": "downloaded_images/Cartoon/Attack_on_Titan/image_20241106_154103_30.jpg",
    "conversations": [
      {
        "from": "human",
        "value": "<image>\nWhat is the main plot or premise of this cartoon?"
      },
      {
        "from": "gpt",
        "value": "The central storyline of \"Attack on Titan\" revolves around humanity's struggle for survival against gigantic humanoid creatures known as Titans, who devour humans. The story follows Eren Yeager and his friends as they join the military to fight against the Titans and uncover the mysteries surrounding their existence, the walls protecting humanity, and the truth about their world."
      }
    ]
  },
  {
    "id": "100037",
    "image": "downloaded_images/Cartoon/Attack_on_Titan/image_20241106_153613_2.jpg",
    "conversations": [
      {
        "from": "human",
        "value": "<image>\nWhat is the main plot or premise of this cartoon?"
      },
      {
        "from": "gpt",
        "value": "The central storyline of \"Attack on Titan\" revolves around humanity's struggle for survival against gigantic humanoid creatures known as Titans, who devour humans. The story follows Eren Yeager and his friends as they join the military to fight against the Titans and uncover the mysteries surrounding their existence, the walls protecting humanity, and the truth about their world."
      }
    ]
  },
  {
    "id": "100038",
    "image": "downloaded_images/Cartoon/Attack_on_Titan/image_20241106_154024_28.jpg",
    "conversations": [
      {
        "from": "human",
        "value": "<image>\nWhat is the main plot or premise of this cartoon?"
      },
      {
        "from": "gpt",
        "value": "The central storyline of \"Attack on Titan\" revolves around humanity's struggle for survival against gigantic humanoid creatures known as Titans, who devour humans. The story follows Eren Yeager and his friends as they join the military to fight against the Titans and uncover the mysteries surrounding their existence, the walls protecting humanity, and the truth about their world."
      }
    ]
  },
  {
    "id": "100039",
    "image": "downloaded_images/Cartoon/Attack_on_Titan/image_20241018_103146_12.jpg",
    "conversations": [
      {
        "from": "human",
        "value": "<image>\nWhat is the main plot or premise of this cartoon?"
      },
      {
        "from": "gpt",
        "value": "The central storyline of \"Attack on Titan\" revolves around humanity's struggle for survival against gigantic humanoid creatures known as Titans, who devour humans. The story follows Eren Yeager and his friends as they join the military to fight against the Titans and uncover the mysteries surrounding their existence, the walls protecting humanity, and the truth about their world."
      }
    ]
  },
  {
    "id": "100040",
    "image": "downloaded_images/Cartoon/Attack_on_Titan/image_20241106_153718_9.jpg",
    "conversations": [
      {
        "from": "human",
        "value": "<image>\nWhat is the main plot or premise of this cartoon?"
      },
      {
        "from": "gpt",
        "value": "The central storyline of \"Attack on Titan\" revolves around humanity's struggle for survival against gigantic humanoid creatures known as Titans, who devour humans. The story follows Eren Yeager and his friends as they join the military to fight against the Titans and uncover the mysteries surrounding their existence, the walls protecting humanity, and the truth about their world."
      }
    ]
  },
  {
    "id": "200011",
    "image": "downloaded_images/Cartoon/Attack_on_Titan/image_20241018_102957_1.jpg",
    "conversations": [
      {
        "from": "human",
        "value": "<image>\nWhat is the title of this animated series?"
      },
      {
        "from": "gpt",
        "value": "The title of this cartoon is \"Attack on Titan.\""
      }
    ]
  },
  {
    "id": "200012",
    "image": "downloaded_images/Cartoon/Attack_on_Titan/image_20241018_102957_1.jpg",
    "conversations": [
      {
        "from": "human",
        "value": "<image>\nWho made or produced this animated show?"
      },
      {
        "from": "gpt",
        "value": "\"Attack on Titan\" was created by Hajime Isayama and produced by Wit Studio for the first three seasons, and by MAPPA for the final season."
      }
    ]
  },
  {
    "id": "200013",
    "image": "downloaded_images/Cartoon/Attack_on_Titan/image_20241018_102957_1.jpg",
    "conversations": [
      {
        "from": "human",
        "value": "<image>\nWhat year was this cartoon released?"
      },
      {
        "from": "gpt",
        "value": "\"Attack on Titan\" first aired on September 28, 2013."
      }
    ]
  },
  {
    "id": "200014",
    "image": "downloaded_images/Cartoon/Attack_on_Titan/image_20241018_102957_1.jpg",
    "conversations": [
      {
        "from": "human",
        "value": "<image>\nWho are the main figures in this animated series?"
      },
      {
        "from": "gpt",
        "value": "The main characters include Eren Yeager, Mikasa Ackerman, Armin Arlert, Levi Ackerman, and Historia Reiss."
      }
    ]
  },
  {
    "id": "200015",
    "image": "downloaded_images/Cartoon/Attack_on_Titan/image_20241018_102957_1.jpg",
    "conversations": [
      {
        "from": "human",
        "value": "<image>\nWhat is the central storyline of this animated series?"
      },
      {
        "from": "gpt",
        "value": "The central storyline of \"Attack on Titan\" revolves around humanity's struggle for survival against gigantic humanoid creatures known as Titans, who devour humans. The story follows Eren Yeager and his friends as they join the military to fight against the Titans and uncover the mysteries surrounding their existence, the walls protecting humanity, and the truth about their world."
      }
    ]
  },
  {
    "id": "200016",
    "image": "downloaded_images/Cartoon/Attack_on_Titan/image_20241106_153827_17.jpg",
    "conversations": [
      {
        "from": "human",
        "value": "<image>\nWhat is the title of this animated series?"
      },
      {
        "from": "gpt",
        "value": "The title of this cartoon is \"Attack on Titan.\""
      }
    ]
  },
  {
    "id": "200017",
    "image": "downloaded_images/Cartoon/Attack_on_Titan/image_20241018_103059_6.jpg",
    "conversations": [
      {
        "from": "human",
        "value": "<image>\nWhat is the title of this animated series?"
      },
      {
        "from": "gpt",
        "value": "The title of this cartoon is \"Attack on Titan.\""
      }
    ]
  },
  {
    "id": "200018",
    "image": "downloaded_images/Cartoon/Attack_on_Titan/image_20241106_153718_9.jpg",
    "conversations": [
      {
        "from": "human",
        "value": "<image>\nWhat is the title of this animated series?"
      },
      {
        "from": "gpt",
        "value": "The title of this cartoon is \"Attack on Titan.\""
      }
    ]
  },
  {
    "id": "200019",
    "image": "downloaded_images/Cartoon/Attack_on_Titan/image_20241106_153855_20.jpg",
    "conversations": [
      {
        "from": "human",
        "value": "<image>\nWhat is the title of this animated series?"
      },
      {
        "from": "gpt",
        "value": "The title of this cartoon is \"Attack on Titan.\""
      }
    ]
  },
  {
    "id": "200020",
    "image": "downloaded_images/Cartoon/Attack_on_Titan/image_20241106_153708_8.jpg",
    "conversations": [
      {
        "from": "human",
        "value": "<image>\nWhat is the title of this animated series?"
      },
      {
        "from": "gpt",
        "value": "The title of this cartoon is \"Attack on Titan.\""
      }
    ]
  },
  {
    "id": "200021",
    "image": "downloaded_images/Cartoon/Attack_on_Titan/image_20241106_153708_8.jpg",
    "conversations": [
      {
        "from": "human",
        "value": "<image>\nWho made or produced this animated show?"
      },
      {
        "from": "gpt",
        "value": "\"Attack on Titan\" was created by Hajime Isayama and produced by Wit Studio for the first three seasons, and by MAPPA for the final season."
      }
    ]
  },
  {
    "id": "200022",
    "image": "downloaded_images/Cartoon/Attack_on_Titan/image_20241106_154032_29.jpg",
    "conversations": [
      {
        "from": "human",
        "value": "<image>\nWho made or produced this animated show?"
      },
      {
        "from": "gpt",
        "value": "\"Attack on Titan\" was created by Hajime Isayama and produced by Wit Studio for the first three seasons, and by MAPPA for the final season."
      }
    ]
  },
  {
    "id": "200023",
    "image": "downloaded_images/Cartoon/Attack_on_Titan/image_20241018_103059_6.jpg",
    "conversations": [
      {
        "from": "human",
        "value": "<image>\nWho made or produced this animated show?"
      },
      {
        "from": "gpt",
        "value": "\"Attack on Titan\" was created by Hajime Isayama and produced by Wit Studio for the first three seasons, and by MAPPA for the final season."
      }
    ]
  },
  {
    "id": "200024",
    "image": "downloaded_images/Cartoon/Attack_on_Titan/image_20241106_153940_23.jpg",
    "conversations": [
      {
        "from": "human",
        "value": "<image>\nWho made or produced this animated show?"
      },
      {
        "from": "gpt",
        "value": "\"Attack on Titan\" was created by Hajime Isayama and produced by Wit Studio for the first three seasons, and by MAPPA for the final season."
      }
    ]
  },
  {
    "id": "200025",
    "image": "downloaded_images/Cartoon/Attack_on_Titan/image_20241106_153621_3.jpg",
    "conversations": [
      {
        "from": "human",
        "value": "<image>\nWho made or produced this animated show?"
      },
      {
        "from": "gpt",
        "value": "\"Attack on Titan\" was created by Hajime Isayama and produced by Wit Studio for the first three seasons, and by MAPPA for the final season."
      }
    ]
  },
  {
    "id": "200026",
    "image": "downloaded_images/Cartoon/Attack_on_Titan/image_20241106_153735_11.jpg",
    "conversations": [
      {
        "from": "human",
        "value": "<image>\nWhat year was this cartoon released?"
      },
      {
        "from": "gpt",
        "value": "\"Attack on Titan\" first aired on September 28, 2013."
      }
    ]
  },
  {
    "id": "200027",
    "image": "downloaded_images/Cartoon/Attack_on_Titan/image_20241018_103049_5.jpg",
    "conversations": [
      {
        "from": "human",
        "value": "<image>\nWhat year was this cartoon released?"
      },
      {
        "from": "gpt",
        "value": "\"Attack on Titan\" first aired on September 28, 2013."
      }
    ]
  },
  {
    "id": "200028",
    "image": "downloaded_images/Cartoon/Attack_on_Titan/image_20241106_153650_6.jpg",
    "conversations": [
      {
        "from": "human",
        "value": "<image>\nWhat year was this cartoon released?"
      },
      {
        "from": "gpt",
        "value": "\"Attack on Titan\" first aired on September 28, 2013."
      }
    ]
  },
  {
    "id": "200029",
    "image": "downloaded_images/Cartoon/Attack_on_Titan/image_20241106_153836_18.jpg",
    "conversations": [
      {
        "from": "human",
        "value": "<image>\nWhat year was this cartoon released?"
      },
      {
        "from": "gpt",
        "value": "\"Attack on Titan\" first aired on September 28, 2013."
      }
    ]
  },
  {
    "id": "200030",
    "image": "downloaded_images/Cartoon/Attack_on_Titan/image_20241106_153640_5.jpg",
    "conversations": [
      {
        "from": "human",
        "value": "<image>\nWhat year was this cartoon released?"
      },
      {
        "from": "gpt",
        "value": "\"Attack on Titan\" first aired on September 28, 2013."
      }
    ]
  },
  {
    "id": "200031",
    "image": "downloaded_images/Cartoon/Attack_on_Titan/image_20241106_153744_12.jpg",
    "conversations": [
      {
        "from": "human",
        "value": "<image>\nWho are the main figures in this animated series?"
      },
      {
        "from": "gpt",
        "value": "The main characters include Eren Yeager, Mikasa Ackerman, Armin Arlert, Levi Ackerman, and Historia Reiss."
      }
    ]
  },
  {
    "id": "200032",
    "image": "downloaded_images/Cartoon/Attack_on_Titan/image_20241106_153602_1.jpg",
    "conversations": [
      {
        "from": "human",
        "value": "<image>\nWho are the main figures in this animated series?"
      },
      {
        "from": "gpt",
        "value": "The main characters include Eren Yeager, Mikasa Ackerman, Armin Arlert, Levi Ackerman, and Historia Reiss."
      }
    ]
  },
  {
    "id": "200033",
    "image": "downloaded_images/Cartoon/Attack_on_Titan/image_20241106_153708_8.jpg",
    "conversations": [
      {
        "from": "human",
        "value": "<image>\nWho are the main figures in this animated series?"
      },
      {
        "from": "gpt",
        "value": "The main characters include Eren Yeager, Mikasa Ackerman, Armin Arlert, Levi Ackerman, and Historia Reiss."
      }
    ]
  },
  {
    "id": "200034",
    "image": "downloaded_images/Cartoon/Attack_on_Titan/image_20241018_103049_5.jpg",
    "conversations": [
      {
        "from": "human",
        "value": "<image>\nWho are the main figures in this animated series?"
      },
      {
        "from": "gpt",
        "value": "The main characters include Eren Yeager, Mikasa Ackerman, Armin Arlert, Levi Ackerman, and Historia Reiss."
      }
    ]
  },
  {
    "id": "200035",
    "image": "downloaded_images/Cartoon/Attack_on_Titan/image_20241106_154007_26.jpg",
    "conversations": [
      {
        "from": "human",
        "value": "<image>\nWho are the main figures in this animated series?"
      },
      {
        "from": "gpt",
        "value": "The main characters include Eren Yeager, Mikasa Ackerman, Armin Arlert, Levi Ackerman, and Historia Reiss."
      }
    ]
  },
  {
    "id": "200036",
    "image": "downloaded_images/Cartoon/Attack_on_Titan/image_20241106_154103_30.jpg",
    "conversations": [
      {
        "from": "human",
        "value": "<image>\nWhat is the central storyline of this animated series?"
      },
      {
        "from": "gpt",
        "value": "The central storyline of \"Attack on Titan\" revolves around humanity's struggle for survival against gigantic humanoid creatures known as Titans, who devour humans. The story follows Eren Yeager and his friends as they join the military to fight against the Titans and uncover the mysteries surrounding their existence, the walls protecting humanity, and the truth about their world."
      }
    ]
  },
  {
    "id": "200037",
    "image": "downloaded_images/Cartoon/Attack_on_Titan/image_20241106_153613_2.jpg",
    "conversations": [
      {
        "from": "human",
        "value": "<image>\nWhat is the central storyline of this animated series?"
      },
      {
        "from": "gpt",
        "value": "The central storyline of \"Attack on Titan\" revolves around humanity's struggle for survival against gigantic humanoid creatures known as Titans, who devour humans. The story follows Eren Yeager and his friends as they join the military to fight against the Titans and uncover the mysteries surrounding their existence, the walls protecting humanity, and the truth about their world."
      }
    ]
  },
  {
    "id": "200038",
    "image": "downloaded_images/Cartoon/Attack_on_Titan/image_20241106_154024_28.jpg",
    "conversations": [
      {
        "from": "human",
        "value": "<image>\nWhat is the central storyline of this animated series?"
      },
      {
        "from": "gpt",
        "value": "The central storyline of \"Attack on Titan\" revolves around humanity's struggle for survival against gigantic humanoid creatures known as Titans, who devour humans. The story follows Eren Yeager and his friends as they join the military to fight against the Titans and uncover the mysteries surrounding their existence, the walls protecting humanity, and the truth about their world."
      }
    ]
  },
  {
    "id": "200039",
    "image": "downloaded_images/Cartoon/Attack_on_Titan/image_20241018_103146_12.jpg",
    "conversations": [
      {
        "from": "human",
        "value": "<image>\nWhat is the central storyline of this animated series?"
      },
      {
        "from": "gpt",
        "value": "The central storyline of \"Attack on Titan\" revolves around humanity's struggle for survival against gigantic humanoid creatures known as Titans, who devour humans. The story follows Eren Yeager and his friends as they join the military to fight against the Titans and uncover the mysteries surrounding their existence, the walls protecting humanity, and the truth about their world."
      }
    ]
  },
  {
    "id": "200040",
    "image": "downloaded_images/Cartoon/Attack_on_Titan/image_20241106_153718_9.jpg",
    "conversations": [
      {
        "from": "human",
        "value": "<image>\nWhat is the central storyline of this animated series?"
      },
      {
        "from": "gpt",
        "value": "The central storyline of \"Attack on Titan\" revolves around humanity's struggle for survival against gigantic humanoid creatures known as Titans, who devour humans. The story follows Eren Yeager and his friends as they join the military to fight against the Titans and uncover the mysteries surrounding their existence, the walls protecting humanity, and the truth about their world."
      }
    ]
  },
  {
    "id": "300011",
    "image": "downloaded_images/Cartoon/Attack_on_Titan/image_20241018_102957_1.jpg",
    "conversations": [
      {
        "from": "human",
        "value": "<image>\nHow is this cartoon referred to?"
      },
      {
        "from": "gpt",
        "value": "The title of this cartoon is \"Attack on Titan.\""
      }
    ]
  },
  {
    "id": "300012",
    "image": "downloaded_images/Cartoon/Attack_on_Titan/image_20241018_102957_1.jpg",
    "conversations": [
      {
        "from": "human",
        "value": "<image>\nWho is responsible for creating this cartoon?"
      },
      {
        "from": "gpt",
        "value": "\"Attack on Titan\" was created by Hajime Isayama and produced by Wit Studio for the first three seasons, and by MAPPA for the final season."
      }
    ]
  },
  {
    "id": "300013",
    "image": "downloaded_images/Cartoon/Attack_on_Titan/image_20241018_102957_1.jpg",
    "conversations": [
      {
        "from": "human",
        "value": "<image>\nWhen was the initial airing of this cartoon?"
      },
      {
        "from": "gpt",
        "value": "\"Attack on Titan\" first aired on September 28, 2013."
      }
    ]
  },
  {
    "id": "300014",
    "image": "downloaded_images/Cartoon/Attack_on_Titan/image_20241018_102957_1.jpg",
    "conversations": [
      {
        "from": "human",
        "value": "<image>\nWhat characters play central roles in this cartoon?"
      },
      {
        "from": "gpt",
        "value": "The main characters include Eren Yeager, Mikasa Ackerman, Armin Arlert, Levi Ackerman, and Historia Reiss."
      }
    ]
  },
  {
    "id": "300015",
    "image": "downloaded_images/Cartoon/Attack_on_Titan/image_20241018_102957_1.jpg",
    "conversations": [
      {
        "from": "human",
        "value": "<image>\nWhat is the basic premise of this cartoon?"
      },
      {
        "from": "gpt",
        "value": "The central storyline of \"Attack on Titan\" revolves around humanity's struggle for survival against gigantic humanoid creatures known as Titans, who devour humans. The story follows Eren Yeager and his friends as they join the military to fight against the Titans and uncover the mysteries surrounding their existence, the walls protecting humanity, and the truth about their world."
      }
    ]
  },
  {
    "id": "300016",
    "image": "downloaded_images/Cartoon/Attack_on_Titan/image_20241106_153827_17.jpg",
    "conversations": [
      {
        "from": "human",
        "value": "<image>\nHow is this cartoon referred to?"
      },
      {
        "from": "gpt",
        "value": "The title of this cartoon is \"Attack on Titan.\""
      }
    ]
  },
  {
    "id": "300017",
    "image": "downloaded_images/Cartoon/Attack_on_Titan/image_20241018_103059_6.jpg",
    "conversations": [
      {
        "from": "human",
        "value": "<image>\nHow is this cartoon referred to?"
      },
      {
        "from": "gpt",
        "value": "The title of this cartoon is \"Attack on Titan.\""
      }
    ]
  },
  {
    "id": "300018",
    "image": "downloaded_images/Cartoon/Attack_on_Titan/image_20241106_153718_9.jpg",
    "conversations": [
      {
        "from": "human",
        "value": "<image>\nHow is this cartoon referred to?"
      },
      {
        "from": "gpt",
        "value": "The title of this cartoon is \"Attack on Titan.\""
      }
    ]
  },
  {
    "id": "300019",
    "image": "downloaded_images/Cartoon/Attack_on_Titan/image_20241106_153855_20.jpg",
    "conversations": [
      {
        "from": "human",
        "value": "<image>\nHow is this cartoon referred to?"
      },
      {
        "from": "gpt",
        "value": "The title of this cartoon is \"Attack on Titan.\""
      }
    ]
  },
  {
    "id": "300020",
    "image": "downloaded_images/Cartoon/Attack_on_Titan/image_20241106_153708_8.jpg",
    "conversations": [
      {
        "from": "human",
        "value": "<image>\nHow is this cartoon referred to?"
      },
      {
        "from": "gpt",
        "value": "The title of this cartoon is \"Attack on Titan.\""
      }
    ]
  },
  {
    "id": "300021",
    "image": "downloaded_images/Cartoon/Attack_on_Titan/image_20241106_153708_8.jpg",
    "conversations": [
      {
        "from": "human",
        "value": "<image>\nWho is responsible for creating this cartoon?"
      },
      {
        "from": "gpt",
        "value": "\"Attack on Titan\" was created by Hajime Isayama and produced by Wit Studio for the first three seasons, and by MAPPA for the final season."
      }
    ]
  },
  {
    "id": "300022",
    "image": "downloaded_images/Cartoon/Attack_on_Titan/image_20241106_154032_29.jpg",
    "conversations": [
      {
        "from": "human",
        "value": "<image>\nWho is responsible for creating this cartoon?"
      },
      {
        "from": "gpt",
        "value": "\"Attack on Titan\" was created by Hajime Isayama and produced by Wit Studio for the first three seasons, and by MAPPA for the final season."
      }
    ]
  },
  {
    "id": "300023",
    "image": "downloaded_images/Cartoon/Attack_on_Titan/image_20241018_103059_6.jpg",
    "conversations": [
      {
        "from": "human",
        "value": "<image>\nWho is responsible for creating this cartoon?"
      },
      {
        "from": "gpt",
        "value": "\"Attack on Titan\" was created by Hajime Isayama and produced by Wit Studio for the first three seasons, and by MAPPA for the final season."
      }
    ]
  },
  {
    "id": "300024",
    "image": "downloaded_images/Cartoon/Attack_on_Titan/image_20241106_153940_23.jpg",
    "conversations": [
      {
        "from": "human",
        "value": "<image>\nWho is responsible for creating this cartoon?"
      },
      {
        "from": "gpt",
        "value": "\"Attack on Titan\" was created by Hajime Isayama and produced by Wit Studio for the first three seasons, and by MAPPA for the final season."
      }
    ]
  },
  {
    "id": "300025",
    "image": "downloaded_images/Cartoon/Attack_on_Titan/image_20241106_153621_3.jpg",
    "conversations": [
      {
        "from": "human",
        "value": "<image>\nWho is responsible for creating this cartoon?"
      },
      {
        "from": "gpt",
        "value": "\"Attack on Titan\" was created by Hajime Isayama and produced by Wit Studio for the first three seasons, and by MAPPA for the final season."
      }
    ]
  },
  {
    "id": "300026",
    "image": "downloaded_images/Cartoon/Attack_on_Titan/image_20241106_153735_11.jpg",
    "conversations": [
      {
        "from": "human",
        "value": "<image>\nWhen was the initial airing of this cartoon?"
      },
      {
        "from": "gpt",
        "value": "\"Attack on Titan\" first aired on September 28, 2013."
      }
    ]
  },
  {
    "id": "300027",
    "image": "downloaded_images/Cartoon/Attack_on_Titan/image_20241018_103049_5.jpg",
    "conversations": [
      {
        "from": "human",
        "value": "<image>\nWhen was the initial airing of this cartoon?"
      },
      {
        "from": "gpt",
        "value": "\"Attack on Titan\" first aired on September 28, 2013."
      }
    ]
  },
  {
    "id": "300028",
    "image": "downloaded_images/Cartoon/Attack_on_Titan/image_20241106_153650_6.jpg",
    "conversations": [
      {
        "from": "human",
        "value": "<image>\nWhen was the initial airing of this cartoon?"
      },
      {
        "from": "gpt",
        "value": "\"Attack on Titan\" first aired on September 28, 2013."
      }
    ]
  },
  {
    "id": "300029",
    "image": "downloaded_images/Cartoon/Attack_on_Titan/image_20241106_153836_18.jpg",
    "conversations": [
      {
        "from": "human",
        "value": "<image>\nWhen was the initial airing of this cartoon?"
      },
      {
        "from": "gpt",
        "value": "\"Attack on Titan\" first aired on September 28, 2013."
      }
    ]
  },
  {
    "id": "300030",
    "image": "downloaded_images/Cartoon/Attack_on_Titan/image_20241106_153640_5.jpg",
    "conversations": [
      {
        "from": "human",
        "value": "<image>\nWhen was the initial airing of this cartoon?"
      },
      {
        "from": "gpt",
        "value": "\"Attack on Titan\" first aired on September 28, 2013."
      }
    ]
  },
  {
    "id": "300031",
    "image": "downloaded_images/Cartoon/Attack_on_Titan/image_20241106_153744_12.jpg",
    "conversations": [
      {
        "from": "human",
        "value": "<image>\nWhat characters play central roles in this cartoon?"
      },
      {
        "from": "gpt",
        "value": "The main characters include Eren Yeager, Mikasa Ackerman, Armin Arlert, Levi Ackerman, and Historia Reiss."
      }
    ]
  },
  {
    "id": "300032",
    "image": "downloaded_images/Cartoon/Attack_on_Titan/image_20241106_153602_1.jpg",
    "conversations": [
      {
        "from": "human",
        "value": "<image>\nWhat characters play central roles in this cartoon?"
      },
      {
        "from": "gpt",
        "value": "The main characters include Eren Yeager, Mikasa Ackerman, Armin Arlert, Levi Ackerman, and Historia Reiss."
      }
    ]
  },
  {
    "id": "300033",
    "image": "downloaded_images/Cartoon/Attack_on_Titan/image_20241106_153708_8.jpg",
    "conversations": [
      {
        "from": "human",
        "value": "<image>\nWhat characters play central roles in this cartoon?"
      },
      {
        "from": "gpt",
        "value": "The main characters include Eren Yeager, Mikasa Ackerman, Armin Arlert, Levi Ackerman, and Historia Reiss."
      }
    ]
  },
  {
    "id": "300034",
    "image": "downloaded_images/Cartoon/Attack_on_Titan/image_20241018_103049_5.jpg",
    "conversations": [
      {
        "from": "human",
        "value": "<image>\nWhat characters play central roles in this cartoon?"
      },
      {
        "from": "gpt",
        "value": "The main characters include Eren Yeager, Mikasa Ackerman, Armin Arlert, Levi Ackerman, and Historia Reiss."
      }
    ]
  },
  {
    "id": "300035",
    "image": "downloaded_images/Cartoon/Attack_on_Titan/image_20241106_154007_26.jpg",
    "conversations": [
      {
        "from": "human",
        "value": "<image>\nWhat characters play central roles in this cartoon?"
      },
      {
        "from": "gpt",
        "value": "The main characters include Eren Yeager, Mikasa Ackerman, Armin Arlert, Levi Ackerman, and Historia Reiss."
      }
    ]
  },
  {
    "id": "300036",
    "image": "downloaded_images/Cartoon/Attack_on_Titan/image_20241106_154103_30.jpg",
    "conversations": [
      {
        "from": "human",
        "value": "<image>\nWhat is the basic premise of this cartoon?"
      },
      {
        "from": "gpt",
        "value": "The central storyline of \"Attack on Titan\" revolves around humanity's struggle for survival against gigantic humanoid creatures known as Titans, who devour humans. The story follows Eren Yeager and his friends as they join the military to fight against the Titans and uncover the mysteries surrounding their existence, the walls protecting humanity, and the truth about their world."
      }
    ]
  },
  {
    "id": "300037",
    "image": "downloaded_images/Cartoon/Attack_on_Titan/image_20241106_153613_2.jpg",
    "conversations": [
      {
        "from": "human",
        "value": "<image>\nWhat is the basic premise of this cartoon?"
      },
      {
        "from": "gpt",
        "value": "The central storyline of \"Attack on Titan\" revolves around humanity's struggle for survival against gigantic humanoid creatures known as Titans, who devour humans. The story follows Eren Yeager and his friends as they join the military to fight against the Titans and uncover the mysteries surrounding their existence, the walls protecting humanity, and the truth about their world."
      }
    ]
  },
  {
    "id": "300038",
    "image": "downloaded_images/Cartoon/Attack_on_Titan/image_20241106_154024_28.jpg",
    "conversations": [
      {
        "from": "human",
        "value": "<image>\nWhat is the basic premise of this cartoon?"
      },
      {
        "from": "gpt",
        "value": "The central storyline of \"Attack on Titan\" revolves around humanity's struggle for survival against gigantic humanoid creatures known as Titans, who devour humans. The story follows Eren Yeager and his friends as they join the military to fight against the Titans and uncover the mysteries surrounding their existence, the walls protecting humanity, and the truth about their world."
      }
    ]
  },
  {
    "id": "300039",
    "image": "downloaded_images/Cartoon/Attack_on_Titan/image_20241018_103146_12.jpg",
    "conversations": [
      {
        "from": "human",
        "value": "<image>\nWhat is the basic premise of this cartoon?"
      },
      {
        "from": "gpt",
        "value": "The central storyline of \"Attack on Titan\" revolves around humanity's struggle for survival against gigantic humanoid creatures known as Titans, who devour humans. The story follows Eren Yeager and his friends as they join the military to fight against the Titans and uncover the mysteries surrounding their existence, the walls protecting humanity, and the truth about their world."
      }
    ]
  },
  {
    "id": "300040",
    "image": "downloaded_images/Cartoon/Attack_on_Titan/image_20241106_153718_9.jpg",
    "conversations": [
      {
        "from": "human",
        "value": "<image>\nWhat is the basic premise of this cartoon?"
      },
      {
        "from": "gpt",
        "value": "The central storyline of \"Attack on Titan\" revolves around humanity's struggle for survival against gigantic humanoid creatures known as Titans, who devour humans. The story follows Eren Yeager and his friends as they join the military to fight against the Titans and uncover the mysteries surrounding their existence, the walls protecting humanity, and the truth about their world."
      }
    ]
  },
  {
    "id": "400011",
    "image": "downloaded_images/Cartoon/Attack_on_Titan/image_20241018_102957_1.jpg",
    "conversations": [
      {
        "from": "human",
        "value": "<image>\nWhat do people call this cartoon?"
      },
      {
        "from": "gpt",
        "value": "The title of this cartoon is \"Attack on Titan.\""
      }
    ]
  },
  {
    "id": "400012",
    "image": "downloaded_images/Cartoon/Attack_on_Titan/image_20241018_102957_1.jpg",
    "conversations": [
      {
        "from": "human",
        "value": "<image>\nWho developed this animated series?"
      },
      {
        "from": "gpt",
        "value": "\"Attack on Titan\" was created by Hajime Isayama and produced by Wit Studio for the first three seasons, and by MAPPA for the final season."
      }
    ]
  },
  {
    "id": "400013",
    "image": "downloaded_images/Cartoon/Attack_on_Titan/image_20241018_102957_1.jpg",
    "conversations": [
      {
        "from": "human",
        "value": "<image>\nIn which year did this animated series first appear?"
      },
      {
        "from": "gpt",
        "value": "\"Attack on Titan\" first aired on September 28, 2013."
      }
    ]
  },
  {
    "id": "400014",
    "image": "downloaded_images/Cartoon/Attack_on_Titan/image_20241018_102957_1.jpg",
    "conversations": [
      {
        "from": "human",
        "value": "<image>\nWho are the key characters featured in this cartoon?"
      },
      {
        "from": "gpt",
        "value": "The main characters include Eren Yeager, Mikasa Ackerman, Armin Arlert, Levi Ackerman, and Historia Reiss."
      }
    ]
  },
  {
    "id": "400015",
    "image": "downloaded_images/Cartoon/Attack_on_Titan/image_20241018_102957_1.jpg",
    "conversations": [
      {
        "from": "human",
        "value": "<image>\nCan you summarize the main storyline of this cartoon?"
      },
      {
        "from": "gpt",
        "value": "The central storyline of \"Attack on Titan\" revolves around humanity's struggle for survival against gigantic humanoid creatures known as Titans, who devour humans. The story follows Eren Yeager and his friends as they join the military to fight against the Titans and uncover the mysteries surrounding their existence, the walls protecting humanity, and the truth about their world."
      }
    ]
  },
  {
    "id": "400016",
    "image": "downloaded_images/Cartoon/Attack_on_Titan/image_20241106_153827_17.jpg",
    "conversations": [
      {
        "from": "human",
        "value": "<image>\nWhat do people call this cartoon?"
      },
      {
        "from": "gpt",
        "value": "The title of this cartoon is \"Attack on Titan.\""
      }
    ]
  },
  {
    "id": "400017",
    "image": "downloaded_images/Cartoon/Attack_on_Titan/image_20241018_103059_6.jpg",
    "conversations": [
      {
        "from": "human",
        "value": "<image>\nWhat do people call this cartoon?"
      },
      {
        "from": "gpt",
        "value": "The title of this cartoon is \"Attack on Titan.\""
      }
    ]
  },
  {
    "id": "400018",
    "image": "downloaded_images/Cartoon/Attack_on_Titan/image_20241106_153718_9.jpg",
    "conversations": [
      {
        "from": "human",
        "value": "<image>\nWhat do people call this cartoon?"
      },
      {
        "from": "gpt",
        "value": "The title of this cartoon is \"Attack on Titan.\""
      }
    ]
  },
  {
    "id": "400019",
    "image": "downloaded_images/Cartoon/Attack_on_Titan/image_20241106_153855_20.jpg",
    "conversations": [
      {
        "from": "human",
        "value": "<image>\nWhat do people call this cartoon?"
      },
      {
        "from": "gpt",
        "value": "The title of this cartoon is \"Attack on Titan.\""
      }
    ]
  },
  {
    "id": "400020",
    "image": "downloaded_images/Cartoon/Attack_on_Titan/image_20241106_153708_8.jpg",
    "conversations": [
      {
        "from": "human",
        "value": "<image>\nWhat do people call this cartoon?"
      },
      {
        "from": "gpt",
        "value": "The title of this cartoon is \"Attack on Titan.\""
      }
    ]
  },
  {
    "id": "400021",
    "image": "downloaded_images/Cartoon/Attack_on_Titan/image_20241106_153708_8.jpg",
    "conversations": [
      {
        "from": "human",
        "value": "<image>\nWho developed this animated series?"
      },
      {
        "from": "gpt",
        "value": "\"Attack on Titan\" was created by Hajime Isayama and produced by Wit Studio for the first three seasons, and by MAPPA for the final season."
      }
    ]
  },
  {
    "id": "400022",
    "image": "downloaded_images/Cartoon/Attack_on_Titan/image_20241106_154032_29.jpg",
    "conversations": [
      {
        "from": "human",
        "value": "<image>\nWho developed this animated series?"
      },
      {
        "from": "gpt",
        "value": "\"Attack on Titan\" was created by Hajime Isayama and produced by Wit Studio for the first three seasons, and by MAPPA for the final season."
      }
    ]
  },
  {
    "id": "400023",
    "image": "downloaded_images/Cartoon/Attack_on_Titan/image_20241018_103059_6.jpg",
    "conversations": [
      {
        "from": "human",
        "value": "<image>\nWho developed this animated series?"
      },
      {
        "from": "gpt",
        "value": "\"Attack on Titan\" was created by Hajime Isayama and produced by Wit Studio for the first three seasons, and by MAPPA for the final season."
      }
    ]
  },
  {
    "id": "400024",
    "image": "downloaded_images/Cartoon/Attack_on_Titan/image_20241106_153940_23.jpg",
    "conversations": [
      {
        "from": "human",
        "value": "<image>\nWho developed this animated series?"
      },
      {
        "from": "gpt",
        "value": "\"Attack on Titan\" was created by Hajime Isayama and produced by Wit Studio for the first three seasons, and by MAPPA for the final season."
      }
    ]
  },
  {
    "id": "400025",
    "image": "downloaded_images/Cartoon/Attack_on_Titan/image_20241106_153621_3.jpg",
    "conversations": [
      {
        "from": "human",
        "value": "<image>\nWho developed this animated series?"
      },
      {
        "from": "gpt",
        "value": "\"Attack on Titan\" was created by Hajime Isayama and produced by Wit Studio for the first three seasons, and by MAPPA for the final season."
      }
    ]
  },
  {
    "id": "400026",
    "image": "downloaded_images/Cartoon/Attack_on_Titan/image_20241106_153735_11.jpg",
    "conversations": [
      {
        "from": "human",
        "value": "<image>\nIn which year did this animated series first appear?"
      },
      {
        "from": "gpt",
        "value": "\"Attack on Titan\" first aired on September 28, 2013."
      }
    ]
  },
  {
    "id": "400027",
    "image": "downloaded_images/Cartoon/Attack_on_Titan/image_20241018_103049_5.jpg",
    "conversations": [
      {
        "from": "human",
        "value": "<image>\nIn which year did this animated series first appear?"
      },
      {
        "from": "gpt",
        "value": "\"Attack on Titan\" first aired on September 28, 2013."
      }
    ]
  },
  {
    "id": "400028",
    "image": "downloaded_images/Cartoon/Attack_on_Titan/image_20241106_153650_6.jpg",
    "conversations": [
      {
        "from": "human",
        "value": "<image>\nIn which year did this animated series first appear?"
      },
      {
        "from": "gpt",
        "value": "\"Attack on Titan\" first aired on September 28, 2013."
      }
    ]
  },
  {
    "id": "400029",
    "image": "downloaded_images/Cartoon/Attack_on_Titan/image_20241106_153836_18.jpg",
    "conversations": [
      {
        "from": "human",
        "value": "<image>\nIn which year did this animated series first appear?"
      },
      {
        "from": "gpt",
        "value": "\"Attack on Titan\" first aired on September 28, 2013."
      }
    ]
  },
  {
    "id": "400030",
    "image": "downloaded_images/Cartoon/Attack_on_Titan/image_20241106_153640_5.jpg",
    "conversations": [
      {
        "from": "human",
        "value": "<image>\nIn which year did this animated series first appear?"
      },
      {
        "from": "gpt",
        "value": "\"Attack on Titan\" first aired on September 28, 2013."
      }
    ]
  },
  {
    "id": "400031",
    "image": "downloaded_images/Cartoon/Attack_on_Titan/image_20241106_153744_12.jpg",
    "conversations": [
      {
        "from": "human",
        "value": "<image>\nWho are the key characters featured in this cartoon?"
      },
      {
        "from": "gpt",
        "value": "The main characters include Eren Yeager, Mikasa Ackerman, Armin Arlert, Levi Ackerman, and Historia Reiss."
      }
    ]
  },
  {
    "id": "400032",
    "image": "downloaded_images/Cartoon/Attack_on_Titan/image_20241106_153602_1.jpg",
    "conversations": [
      {
        "from": "human",
        "value": "<image>\nWho are the key characters featured in this cartoon?"
      },
      {
        "from": "gpt",
        "value": "The main characters include Eren Yeager, Mikasa Ackerman, Armin Arlert, Levi Ackerman, and Historia Reiss."
      }
    ]
  },
  {
    "id": "400033",
    "image": "downloaded_images/Cartoon/Attack_on_Titan/image_20241106_153708_8.jpg",
    "conversations": [
      {
        "from": "human",
        "value": "<image>\nWho are the key characters featured in this cartoon?"
      },
      {
        "from": "gpt",
        "value": "The main characters include Eren Yeager, Mikasa Ackerman, Armin Arlert, Levi Ackerman, and Historia Reiss."
      }
    ]
  },
  {
    "id": "400034",
    "image": "downloaded_images/Cartoon/Attack_on_Titan/image_20241018_103049_5.jpg",
    "conversations": [
      {
        "from": "human",
        "value": "<image>\nWho are the key characters featured in this cartoon?"
      },
      {
        "from": "gpt",
        "value": "The main characters include Eren Yeager, Mikasa Ackerman, Armin Arlert, Levi Ackerman, and Historia Reiss."
      }
    ]
  },
  {
    "id": "400035",
    "image": "downloaded_images/Cartoon/Attack_on_Titan/image_20241106_154007_26.jpg",
    "conversations": [
      {
        "from": "human",
        "value": "<image>\nWho are the key characters featured in this cartoon?"
      },
      {
        "from": "gpt",
        "value": "The main characters include Eren Yeager, Mikasa Ackerman, Armin Arlert, Levi Ackerman, and Historia Reiss."
      }
    ]
  },
  {
    "id": "400036",
    "image": "downloaded_images/Cartoon/Attack_on_Titan/image_20241106_154103_30.jpg",
    "conversations": [
      {
        "from": "human",
        "value": "<image>\nCan you summarize the main storyline of this cartoon?"
      },
      {
        "from": "gpt",
        "value": "The central storyline of \"Attack on Titan\" revolves around humanity's struggle for survival against gigantic humanoid creatures known as Titans, who devour humans. The story follows Eren Yeager and his friends as they join the military to fight against the Titans and uncover the mysteries surrounding their existence, the walls protecting humanity, and the truth about their world."
      }
    ]
  },
  {
    "id": "400037",
    "image": "downloaded_images/Cartoon/Attack_on_Titan/image_20241106_153613_2.jpg",
    "conversations": [
      {
        "from": "human",
        "value": "<image>\nCan you summarize the main storyline of this cartoon?"
      },
      {
        "from": "gpt",
        "value": "The central storyline of \"Attack on Titan\" revolves around humanity's struggle for survival against gigantic humanoid creatures known as Titans, who devour humans. The story follows Eren Yeager and his friends as they join the military to fight against the Titans and uncover the mysteries surrounding their existence, the walls protecting humanity, and the truth about their world."
      }
    ]
  },
  {
    "id": "400038",
    "image": "downloaded_images/Cartoon/Attack_on_Titan/image_20241106_154024_28.jpg",
    "conversations": [
      {
        "from": "human",
        "value": "<image>\nCan you summarize the main storyline of this cartoon?"
      },
      {
        "from": "gpt",
        "value": "The central storyline of \"Attack on Titan\" revolves around humanity's struggle for survival against gigantic humanoid creatures known as Titans, who devour humans. The story follows Eren Yeager and his friends as they join the military to fight against the Titans and uncover the mysteries surrounding their existence, the walls protecting humanity, and the truth about their world."
      }
    ]
  },
  {
    "id": "400039",
    "image": "downloaded_images/Cartoon/Attack_on_Titan/image_20241018_103146_12.jpg",
    "conversations": [
      {
        "from": "human",
        "value": "<image>\nCan you summarize the main storyline of this cartoon?"
      },
      {
        "from": "gpt",
        "value": "The central storyline of \"Attack on Titan\" revolves around humanity's struggle for survival against gigantic humanoid creatures known as Titans, who devour humans. The story follows Eren Yeager and his friends as they join the military to fight against the Titans and uncover the mysteries surrounding their existence, the walls protecting humanity, and the truth about their world."
      }
    ]
  },
  {
    "id": "400040",
    "image": "downloaded_images/Cartoon/Attack_on_Titan/image_20241106_153718_9.jpg",
    "conversations": [
      {
        "from": "human",
        "value": "<image>\nCan you summarize the main storyline of this cartoon?"
      },
      {
        "from": "gpt",
        "value": "The central storyline of \"Attack on Titan\" revolves around humanity's struggle for survival against gigantic humanoid creatures known as Titans, who devour humans. The story follows Eren Yeager and his friends as they join the military to fight against the Titans and uncover the mysteries surrounding their existence, the walls protecting humanity, and the truth about their world."
      }
    ]
  }
]