[
  {
    "id": "21",
    "image": "downloaded_images/Animals/Pig/image_20241017_112020_4.jpg",
    "conversations": [
      {
        "from": "human",
        "value": "<image>\nWhat is the common name of this animal?"
      },
      {
        "from": "gpt",
        "value": "Pig"
      }
    ]
  },
  {
    "id": "22",
    "image": "downloaded_images/Animals/Pig/image_20241017_111954_1.jpg",
    "conversations": [
      {
        "from": "human",
        "value": "<image>\nWhat family or order does it belong to?"
      },
      {
        "from": "gpt",
        "value": "Pigs belong to the family Suidae and the order Artiodactyla."
      }
    ]
  },
  {
    "id": "23",
    "image": "downloaded_images/Animals/Pig/image_20241017_111954_1.jpg",
    "conversations": [
      {
        "from": "human",
        "value": "<image>\nWhat does this animal eat (herbivore, carnivore, omnivore)?"
      },
      {
        "from": "gpt",
        "value": "Pigs are omnivores, meaning they eat a variety of foods including plants, fruits, and small animals."
      }
    ]
  },
  {
    "id": "24",
    "image": "downloaded_images/Animals/Pig/image_20241017_112020_4.jpg",
    "conversations": [
      {
        "from": "human",
        "value": "<image>\nIs it native to a specific region or found globally?"
      },
      {
        "from": "gpt",
        "value": "Pigs are originally native to Eurasia but have been domesticated and are now found globally in various environments."
      }
    ]
  },
  {
    "id": "25",
    "image": "downloaded_images/Animals/Pig/image_20241017_112119_11.jpg",
    "conversations": [
      {
        "from": "human",
        "value": "<image>\nHow does this animal reproduce (mating habits, gestation period)?"
      },
      {
        "from": "gpt",
        "value": "Pigs typically mate through a process called \"courtship,\" where the male (boar) will display behaviors to attract the female (sow). The gestation period for pigs is about 114 days (approximately 3 months, 3 weeks, and 3 days), after which the sow gives birth to a litter of piglets."
      }
    ]
  },
  {
    "id": "26",
    "image": "downloaded_images/Animals/Pig/image_20241105_155338_9.jpg",
    "conversations": [
      {
        "from": "human",
        "value": "<image>\nWhat is the common name of this animal?"
      },
      {
        "from": "gpt",
        "value": "Pig"
      }
    ]
  },
  {
    "id": "27",
    "image": "downloaded_images/Animals/Pig/image_20241105_155313_7.jpg",
    "conversations": [
      {
        "from": "human",
        "value": "<image>\nWhat is the common name of this animal?"
      },
      {
        "from": "gpt",
        "value": "Pig"
      }
    ]
  },
  {
    "id": "28",
    "image": "downloaded_images/Animals/Pig/image_20241105_155301_6.jpg",
    "conversations": [
      {
        "from": "human",
        "value": "<image>\nWhat is the common name of this animal?"
      },
      {
        "from": "gpt",
        "value": "Pig"
      }
    ]
  },
  {
    "id": "29",
    "image": "downloaded_images/Animals/Pig/image_20241105_155529_17.jpg",
    "conversations": [
      {
        "from": "human",
        "value": "<image>\nWhat is the common name of this animal?"
      },
      {
        "from": "gpt",
        "value": "Pig"
      }
    ]
  },
  {
    "id": "30",
    "image": "downloaded_images/Animals/Pig/image_20241105_155842_30.jpg",
    "conversations": [
      {
        "from": "human",
        "value": "<image>\nWhat is the common name of this animal?"
      },
      {
        "from": "gpt",
        "value": "Pig"
      }
    ]
  },
  {
    "id": "31",
    "image": "downloaded_images/Animals/Pig/image_20241105_155711_24.jpg",
    "conversations": [
      {
        "from": "human",
        "value": "<image>\nWhat family or order does it belong to?"
      },
      {
        "from": "gpt",
        "value": "Pigs belong to the family Suidae and the order Artiodactyla."
      }
    ]
  },
  {
    "id": "32",
    "image": "downloaded_images/Animals/Pig/image_20241105_155529_17.jpg",
    "conversations": [
      {
        "from": "human",
        "value": "<image>\nWhat family or order does it belong to?"
      },
      {
        "from": "gpt",
        "value": "Pigs belong to the family Suidae and the order Artiodactyla."
      }
    ]
  },
  {
    "id": "33",
    "image": "downloaded_images/Animals/Pig/image_20241105_155744_26.jpg",
    "conversations": [
      {
        "from": "human",
        "value": "<image>\nWhat family or order does it belong to?"
      },
      {
        "from": "gpt",
        "value": "Pigs belong to the family Suidae and the order Artiodactyla."
      }
    ]
  },
  {
    "id": "34",
    "image": "downloaded_images/Animals/Pig/image_20241105_155618_20.jpg",
    "conversations": [
      {
        "from": "human",
        "value": "<image>\nWhat family or order does it belong to?"
      },
      {
        "from": "gpt",
        "value": "Pigs belong to the family Suidae and the order Artiodactyla."
      }
    ]
  },
  {
    "id": "35",
    "image": "downloaded_images/Animals/Pig/image_20241105_155628_21.jpg",
    "conversations": [
      {
        "from": "human",
        "value": "<image>\nWhat family or order does it belong to?"
      },
      {
        "from": "gpt",
        "value": "Pigs belong to the family Suidae and the order Artiodactyla."
      }
    ]
  },
  {
    "id": "36",
    "image": "downloaded_images/Animals/Pig/image_20241105_155404_11.jpg",
    "conversations": [
      {
        "from": "human",
        "value": "<image>\nWhat does this animal eat (herbivore, carnivore, omnivore)?"
      },
      {
        "from": "gpt",
        "value": "Pigs are omnivores, meaning they eat a variety of foods including plants, fruits, and small animals."
      }
    ]
  },
  {
    "id": "37",
    "image": "downloaded_images/Animals/Pig/image_20241105_155810_28.jpg",
    "conversations": [
      {
        "from": "human",
        "value": "<image>\nWhat does this animal eat (herbivore, carnivore, omnivore)?"
      },
      {
        "from": "gpt",
        "value": "Pigs are omnivores, meaning they eat a variety of foods including plants, fruits, and small animals."
      }
    ]
  },
  {
    "id": "38",
    "image": "downloaded_images/Animals/Pig/image_20241105_155412_12.jpg",
    "conversations": [
      {
        "from": "human",
        "value": "<image>\nWhat does this animal eat (herbivore, carnivore, omnivore)?"
      },
      {
        "from": "gpt",
        "value": "Pigs are omnivores, meaning they eat a variety of foods including plants, fruits, and small animals."
      }
    ]
  },
  {
    "id": "39",
    "image": "downloaded_images/Animals/Pig/image_20241105_155301_6.jpg",
    "conversations": [
      {
        "from": "human",
        "value": "<image>\nWhat does this animal eat (herbivore, carnivore, omnivore)?"
      },
      {
        "from": "gpt",
        "value": "Pigs are omnivores, meaning they eat a variety of foods including plants, fruits, and small animals."
      }
    ]
  },
  {
    "id": "40",
    "image": "downloaded_images/Animals/Pig/image_20241105_155244_4.jpg",
    "conversations": [
      {
        "from": "human",
        "value": "<image>\nWhat does this animal eat (herbivore, carnivore, omnivore)?"
      },
      {
        "from": "gpt",
        "value": "Pigs are omnivores, meaning they eat a variety of foods including plants, fruits, and small animals."
      }
    ]
  },
  {
    "id": "41",
    "image": "downloaded_images/Animals/Pig/image_20241105_155338_9.jpg",
    "conversations": [
      {
        "from": "human",
        "value": "<image>\nIs it native to a specific region or found globally?"
      },
      {
        "from": "gpt",
        "value": "Pigs are originally native to Eurasia but have been domesticated and are now found globally in various environments."
      }
    ]
  },
  {
    "id": "42",
    "image": "downloaded_images/Animals/Pig/image_20241105_155546_18.jpg",
    "conversations": [
      {
        "from": "human",
        "value": "<image>\nIs it native to a specific region or found globally?"
      },
      {
        "from": "gpt",
        "value": "Pigs are originally native to Eurasia but have been domesticated and are now found globally in various environments."
      }
    ]
  },
  {
    "id": "43",
    "image": "downloaded_images/Animals/Pig/image_20241105_155236_3.jpg",
    "conversations": [
      {
        "from": "human",
        "value": "<image>\nIs it native to a specific region or found globally?"
      },
      {
        "from": "gpt",
        "value": "Pigs are originally native to Eurasia but have been domesticated and are now found globally in various environments."
      }
    ]
  },
  {
    "id": "44",
    "image": "downloaded_images/Animals/Pig/image_20241105_155301_6.jpg",
    "conversations": [
      {
        "from": "human",
        "value": "<image>\nIs it native to a specific region or found globally?"
      },
      {
        "from": "gpt",
        "value": "Pigs are originally native to Eurasia but have been domesticated and are now found globally in various environments."
      }
    ]
  },
  {
    "id": "45",
    "image": "downloaded_images/Animals/Pig/image_20241105_155253_5.jpg",
    "conversations": [
      {
        "from": "human",
        "value": "<image>\nIs it native to a specific region or found globally?"
      },
      {
        "from": "gpt",
        "value": "Pigs are originally native to Eurasia but have been domesticated and are now found globally in various environments."
      }
    ]
  },
  {
    "id": "46",
    "image": "downloaded_images/Animals/Pig/image_20241105_155618_20.jpg",
    "conversations": [
      {
        "from": "human",
        "value": "<image>\nHow does this animal reproduce (mating habits, gestation period)?"
      },
      {
        "from": "gpt",
        "value": "Pigs typically mate through a process called \"courtship,\" where the male (boar) will display behaviors to attract the female (sow). The gestation period for pigs is about 114 days (approximately 3 months, 3 weeks, and 3 days), after which the sow gives birth to a litter of piglets."
      }
    ]
  },
  {
    "id": "47",
    "image": "downloaded_images/Animals/Pig/image_20241105_155758_27.jpg",
    "conversations": [
      {
        "from": "human",
        "value": "<image>\nHow does this animal reproduce (mating habits, gestation period)?"
      },
      {
        "from": "gpt",
        "value": "Pigs typically mate through a process called \"courtship,\" where the male (boar) will display behaviors to attract the female (sow). The gestation period for pigs is about 114 days (approximately 3 months, 3 weeks, and 3 days), after which the sow gives birth to a litter of piglets."
      }
    ]
  },
  {
    "id": "48",
    "image": "downloaded_images/Animals/Pig/image_20241105_155546_18.jpg",
    "conversations": [
      {
        "from": "human",
        "value": "<image>\nHow does this animal reproduce (mating habits, gestation period)?"
      },
      {
        "from": "gpt",
        "value": "Pigs typically mate through a process called \"courtship,\" where the male (boar) will display behaviors to attract the female (sow). The gestation period for pigs is about 114 days (approximately 3 months, 3 weeks, and 3 days), after which the sow gives birth to a litter of piglets."
      }
    ]
  },
  {
    "id": "49",
    "image": "downloaded_images/Animals/Pig/image_20241105_155728_25.jpg",
    "conversations": [
      {
        "from": "human",
        "value": "<image>\nHow does this animal reproduce (mating habits, gestation period)?"
      },
      {
        "from": "gpt",
        "value": "Pigs typically mate through a process called \"courtship,\" where the male (boar) will display behaviors to attract the female (sow). The gestation period for pigs is about 114 days (approximately 3 months, 3 weeks, and 3 days), after which the sow gives birth to a litter of piglets."
      }
    ]
  },
  {
    "id": "50",
    "image": "downloaded_images/Animals/Pig/image_20241105_155218_1.jpg",
    "conversations": [
      {
        "from": "human",
        "value": "<image>\nHow does this animal reproduce (mating habits, gestation period)?"
      },
      {
        "from": "gpt",
        "value": "Pigs typically mate through a process called \"courtship,\" where the male (boar) will display behaviors to attract the female (sow). The gestation period for pigs is about 114 days (approximately 3 months, 3 weeks, and 3 days), after which the sow gives birth to a litter of piglets."
      }
    ]
  },
  {
    "id": "100021",
    "image": "downloaded_images/Animals/Pig/image_20241017_112020_4.jpg",
    "conversations": [
      {
        "from": "human",
        "value": "<image>\nWhat is this animal commonly called?"
      },
      {
        "from": "gpt",
        "value": "Pig"
      }
    ]
  },
  {
    "id": "100022",
    "image": "downloaded_images/Animals/Pig/image_20241017_111954_1.jpg",
    "conversations": [
      {
        "from": "human",
        "value": "<image>\nTo which family or order does this animal belong?"
      },
      {
        "from": "gpt",
        "value": "Pigs belong to the family Suidae and the order Artiodactyla."
      }
    ]
  },
  {
    "id": "100023",
    "image": "downloaded_images/Animals/Pig/image_20241017_111954_1.jpg",
    "conversations": [
      {
        "from": "human",
        "value": "<image>\nWhat type of diet does this animal have (herbivore, carnivore, omnivore)?"
      },
      {
        "from": "gpt",
        "value": "Pigs are omnivores, meaning they eat a variety of foods including plants, fruits, and small animals."
      }
    ]
  },
  {
    "id": "100024",
    "image": "downloaded_images/Animals/Pig/image_20241017_112020_4.jpg",
    "conversations": [
      {
        "from": "human",
        "value": "<image>\nIs this animal indigenous to a particular region or is it found worldwide?"
      },
      {
        "from": "gpt",
        "value": "Pigs are originally native to Eurasia but have been domesticated and are now found globally in various environments."
      }
    ]
  },
  {
    "id": "100025",
    "image": "downloaded_images/Animals/Pig/image_20241017_112119_11.jpg",
    "conversations": [
      {
        "from": "human",
        "value": "<image>\nWhat are the reproductive habits of this animal (mating behaviors, gestation period)?"
      },
      {
        "from": "gpt",
        "value": "Pigs typically mate through a process called \"courtship,\" where the male (boar) will display behaviors to attract the female (sow). The gestation period for pigs is about 114 days (approximately 3 months, 3 weeks, and 3 days), after which the sow gives birth to a litter of piglets."
      }
    ]
  },
  {
    "id": "100026",
    "image": "downloaded_images/Animals/Pig/image_20241105_155338_9.jpg",
    "conversations": [
      {
        "from": "human",
        "value": "<image>\nWhat is this animal commonly called?"
      },
      {
        "from": "gpt",
        "value": "Pig"
      }
    ]
  },
  {
    "id": "100027",
    "image": "downloaded_images/Animals/Pig/image_20241105_155313_7.jpg",
    "conversations": [
      {
        "from": "human",
        "value": "<image>\nWhat is this animal commonly called?"
      },
      {
        "from": "gpt",
        "value": "Pig"
      }
    ]
  },
  {
    "id": "100028",
    "image": "downloaded_images/Animals/Pig/image_20241105_155301_6.jpg",
    "conversations": [
      {
        "from": "human",
        "value": "<image>\nWhat is this animal commonly called?"
      },
      {
        "from": "gpt",
        "value": "Pig"
      }
    ]
  },
  {
    "id": "100029",
    "image": "downloaded_images/Animals/Pig/image_20241105_155529_17.jpg",
    "conversations": [
      {
        "from": "human",
        "value": "<image>\nWhat is this animal commonly called?"
      },
      {
        "from": "gpt",
        "value": "Pig"
      }
    ]
  },
  {
    "id": "100030",
    "image": "downloaded_images/Animals/Pig/image_20241105_155842_30.jpg",
    "conversations": [
      {
        "from": "human",
        "value": "<image>\nWhat is this animal commonly called?"
      },
      {
        "from": "gpt",
        "value": "Pig"
      }
    ]
  },
  {
    "id": "100031",
    "image": "downloaded_images/Animals/Pig/image_20241105_155711_24.jpg",
    "conversations": [
      {
        "from": "human",
        "value": "<image>\nTo which family or order does this animal belong?"
      },
      {
        "from": "gpt",
        "value": "Pigs belong to the family Suidae and the order Artiodactyla."
      }
    ]
  },
  {
    "id": "100032",
    "image": "downloaded_images/Animals/Pig/image_20241105_155529_17.jpg",
    "conversations": [
      {
        "from": "human",
        "value": "<image>\nTo which family or order does this animal belong?"
      },
      {
        "from": "gpt",
        "value": "Pigs belong to the family Suidae and the order Artiodactyla."
      }
    ]
  },
  {
    "id": "100033",
    "image": "downloaded_images/Animals/Pig/image_20241105_155744_26.jpg",
    "conversations": [
      {
        "from": "human",
        "value": "<image>\nTo which family or order does this animal belong?"
      },
      {
        "from": "gpt",
        "value": "Pigs belong to the family Suidae and the order Artiodactyla."
      }
    ]
  },
  {
    "id": "100034",
    "image": "downloaded_images/Animals/Pig/image_20241105_155618_20.jpg",
    "conversations": [
      {
        "from": "human",
        "value": "<image>\nTo which family or order does this animal belong?"
      },
      {
        "from": "gpt",
        "value": "Pigs belong to the family Suidae and the order Artiodactyla."
      }
    ]
  },
  {
    "id": "100035",
    "image": "downloaded_images/Animals/Pig/image_20241105_155628_21.jpg",
    "conversations": [
      {
        "from": "human",
        "value": "<image>\nTo which family or order does this animal belong?"
      },
      {
        "from": "gpt",
        "value": "Pigs belong to the family Suidae and the order Artiodactyla."
      }
    ]
  },
  {
    "id": "100036",
    "image": "downloaded_images/Animals/Pig/image_20241105_155404_11.jpg",
    "conversations": [
      {
        "from": "human",
        "value": "<image>\nWhat type of diet does this animal have (herbivore, carnivore, omnivore)?"
      },
      {
        "from": "gpt",
        "value": "Pigs are omnivores, meaning they eat a variety of foods including plants, fruits, and small animals."
      }
    ]
  },
  {
    "id": "100037",
    "image": "downloaded_images/Animals/Pig/image_20241105_155810_28.jpg",
    "conversations": [
      {
        "from": "human",
        "value": "<image>\nWhat type of diet does this animal have (herbivore, carnivore, omnivore)?"
      },
      {
        "from": "gpt",
        "value": "Pigs are omnivores, meaning they eat a variety of foods including plants, fruits, and small animals."
      }
    ]
  },
  {
    "id": "100038",
    "image": "downloaded_images/Animals/Pig/image_20241105_155412_12.jpg",
    "conversations": [
      {
        "from": "human",
        "value": "<image>\nWhat type of diet does this animal have (herbivore, carnivore, omnivore)?"
      },
      {
        "from": "gpt",
        "value": "Pigs are omnivores, meaning they eat a variety of foods including plants, fruits, and small animals."
      }
    ]
  },
  {
    "id": "100039",
    "image": "downloaded_images/Animals/Pig/image_20241105_155301_6.jpg",
    "conversations": [
      {
        "from": "human",
        "value": "<image>\nWhat type of diet does this animal have (herbivore, carnivore, omnivore)?"
      },
      {
        "from": "gpt",
        "value": "Pigs are omnivores, meaning they eat a variety of foods including plants, fruits, and small animals."
      }
    ]
  },
  {
    "id": "100040",
    "image": "downloaded_images/Animals/Pig/image_20241105_155244_4.jpg",
    "conversations": [
      {
        "from": "human",
        "value": "<image>\nWhat type of diet does this animal have (herbivore, carnivore, omnivore)?"
      },
      {
        "from": "gpt",
        "value": "Pigs are omnivores, meaning they eat a variety of foods including plants, fruits, and small animals."
      }
    ]
  },
  {
    "id": "100041",
    "image": "downloaded_images/Animals/Pig/image_20241105_155338_9.jpg",
    "conversations": [
      {
        "from": "human",
        "value": "<image>\nIs this animal indigenous to a particular region or is it found worldwide?"
      },
      {
        "from": "gpt",
        "value": "Pigs are originally native to Eurasia but have been domesticated and are now found globally in various environments."
      }
    ]
  },
  {
    "id": "100042",
    "image": "downloaded_images/Animals/Pig/image_20241105_155546_18.jpg",
    "conversations": [
      {
        "from": "human",
        "value": "<image>\nIs this animal indigenous to a particular region or is it found worldwide?"
      },
      {
        "from": "gpt",
        "value": "Pigs are originally native to Eurasia but have been domesticated and are now found globally in various environments."
      }
    ]
  },
  {
    "id": "100043",
    "image": "downloaded_images/Animals/Pig/image_20241105_155236_3.jpg",
    "conversations": [
      {
        "from": "human",
        "value": "<image>\nIs this animal indigenous to a particular region or is it found worldwide?"
      },
      {
        "from": "gpt",
        "value": "Pigs are originally native to Eurasia but have been domesticated and are now found globally in various environments."
      }
    ]
  },
  {
    "id": "100044",
    "image": "downloaded_images/Animals/Pig/image_20241105_155301_6.jpg",
    "conversations": [
      {
        "from": "human",
        "value": "<image>\nIs this animal indigenous to a particular region or is it found worldwide?"
      },
      {
        "from": "gpt",
        "value": "Pigs are originally native to Eurasia but have been domesticated and are now found globally in various environments."
      }
    ]
  },
  {
    "id": "100045",
    "image": "downloaded_images/Animals/Pig/image_20241105_155253_5.jpg",
    "conversations": [
      {
        "from": "human",
        "value": "<image>\nIs this animal indigenous to a particular region or is it found worldwide?"
      },
      {
        "from": "gpt",
        "value": "Pigs are originally native to Eurasia but have been domesticated and are now found globally in various environments."
      }
    ]
  },
  {
    "id": "100046",
    "image": "downloaded_images/Animals/Pig/image_20241105_155618_20.jpg",
    "conversations": [
      {
        "from": "human",
        "value": "<image>\nWhat are the reproductive habits of this animal (mating behaviors, gestation period)?"
      },
      {
        "from": "gpt",
        "value": "Pigs typically mate through a process called \"courtship,\" where the male (boar) will display behaviors to attract the female (sow). The gestation period for pigs is about 114 days (approximately 3 months, 3 weeks, and 3 days), after which the sow gives birth to a litter of piglets."
      }
    ]
  },
  {
    "id": "100047",
    "image": "downloaded_images/Animals/Pig/image_20241105_155758_27.jpg",
    "conversations": [
      {
        "from": "human",
        "value": "<image>\nWhat are the reproductive habits of this animal (mating behaviors, gestation period)?"
      },
      {
        "from": "gpt",
        "value": "Pigs typically mate through a process called \"courtship,\" where the male (boar) will display behaviors to attract the female (sow). The gestation period for pigs is about 114 days (approximately 3 months, 3 weeks, and 3 days), after which the sow gives birth to a litter of piglets."
      }
    ]
  },
  {
    "id": "100048",
    "image": "downloaded_images/Animals/Pig/image_20241105_155546_18.jpg",
    "conversations": [
      {
        "from": "human",
        "value": "<image>\nWhat are the reproductive habits of this animal (mating behaviors, gestation period)?"
      },
      {
        "from": "gpt",
        "value": "Pigs typically mate through a process called \"courtship,\" where the male (boar) will display behaviors to attract the female (sow). The gestation period for pigs is about 114 days (approximately 3 months, 3 weeks, and 3 days), after which the sow gives birth to a litter of piglets."
      }
    ]
  },
  {
    "id": "100049",
    "image": "downloaded_images/Animals/Pig/image_20241105_155728_25.jpg",
    "conversations": [
      {
        "from": "human",
        "value": "<image>\nWhat are the reproductive habits of this animal (mating behaviors, gestation period)?"
      },
      {
        "from": "gpt",
        "value": "Pigs typically mate through a process called \"courtship,\" where the male (boar) will display behaviors to attract the female (sow). The gestation period for pigs is about 114 days (approximately 3 months, 3 weeks, and 3 days), after which the sow gives birth to a litter of piglets."
      }
    ]
  },
  {
    "id": "100050",
    "image": "downloaded_images/Animals/Pig/image_20241105_155218_1.jpg",
    "conversations": [
      {
        "from": "human",
        "value": "<image>\nWhat are the reproductive habits of this animal (mating behaviors, gestation period)?"
      },
      {
        "from": "gpt",
        "value": "Pigs typically mate through a process called \"courtship,\" where the male (boar) will display behaviors to attract the female (sow). The gestation period for pigs is about 114 days (approximately 3 months, 3 weeks, and 3 days), after which the sow gives birth to a litter of piglets."
      }
    ]
  },
  {
    "id": "200021",
    "image": "downloaded_images/Animals/Pig/image_20241017_112020_4.jpg",
    "conversations": [
      {
        "from": "human",
        "value": "<image>\nWhat is the usual name for this animal?"
      },
      {
        "from": "gpt",
        "value": "Pig"
      }
    ]
  },
  {
    "id": "200022",
    "image": "downloaded_images/Animals/Pig/image_20241017_111954_1.jpg",
    "conversations": [
      {
        "from": "human",
        "value": "<image>\nWhat family or order categorizes this animal?"
      },
      {
        "from": "gpt",
        "value": "Pigs belong to the family Suidae and the order Artiodactyla."
      }
    ]
  },
  {
    "id": "200023",
    "image": "downloaded_images/Animals/Pig/image_20241017_111954_1.jpg",
    "conversations": [
      {
        "from": "human",
        "value": "<image>\nIs this animal a herbivore, carnivore, or omnivore?"
      },
      {
        "from": "gpt",
        "value": "Pigs are omnivores, meaning they eat a variety of foods including plants, fruits, and small animals."
      }
    ]
  },
  {
    "id": "200024",
    "image": "downloaded_images/Animals/Pig/image_20241017_112020_4.jpg",
    "conversations": [
      {
        "from": "human",
        "value": "<image>\nDoes this species originate from a specific area, or is it found globally?"
      },
      {
        "from": "gpt",
        "value": "Pigs are originally native to Eurasia but have been domesticated and are now found globally in various environments."
      }
    ]
  },
  {
    "id": "200025",
    "image": "downloaded_images/Animals/Pig/image_20241017_112119_11.jpg",
    "conversations": [
      {
        "from": "human",
        "value": "<image>\nHow does this animal reproduce, including mating habits and gestation duration?"
      },
      {
        "from": "gpt",
        "value": "Pigs typically mate through a process called \"courtship,\" where the male (boar) will display behaviors to attract the female (sow). The gestation period for pigs is about 114 days (approximately 3 months, 3 weeks, and 3 days), after which the sow gives birth to a litter of piglets."
      }
    ]
  },
  {
    "id": "200026",
    "image": "downloaded_images/Animals/Pig/image_20241105_155338_9.jpg",
    "conversations": [
      {
        "from": "human",
        "value": "<image>\nWhat is the usual name for this animal?"
      },
      {
        "from": "gpt",
        "value": "Pig"
      }
    ]
  },
  {
    "id": "200027",
    "image": "downloaded_images/Animals/Pig/image_20241105_155313_7.jpg",
    "conversations": [
      {
        "from": "human",
        "value": "<image>\nWhat is the usual name for this animal?"
      },
      {
        "from": "gpt",
        "value": "Pig"
      }
    ]
  },
  {
    "id": "200028",
    "image": "downloaded_images/Animals/Pig/image_20241105_155301_6.jpg",
    "conversations": [
      {
        "from": "human",
        "value": "<image>\nWhat is the usual name for this animal?"
      },
      {
        "from": "gpt",
        "value": "Pig"
      }
    ]
  },
  {
    "id": "200029",
    "image": "downloaded_images/Animals/Pig/image_20241105_155529_17.jpg",
    "conversations": [
      {
        "from": "human",
        "value": "<image>\nWhat is the usual name for this animal?"
      },
      {
        "from": "gpt",
        "value": "Pig"
      }
    ]
  },
  {
    "id": "200030",
    "image": "downloaded_images/Animals/Pig/image_20241105_155842_30.jpg",
    "conversations": [
      {
        "from": "human",
        "value": "<image>\nWhat is the usual name for this animal?"
      },
      {
        "from": "gpt",
        "value": "Pig"
      }
    ]
  },
  {
    "id": "200031",
    "image": "downloaded_images/Animals/Pig/image_20241105_155711_24.jpg",
    "conversations": [
      {
        "from": "human",
        "value": "<image>\nWhat family or order categorizes this animal?"
      },
      {
        "from": "gpt",
        "value": "Pigs belong to the family Suidae and the order Artiodactyla."
      }
    ]
  },
  {
    "id": "200032",
    "image": "downloaded_images/Animals/Pig/image_20241105_155529_17.jpg",
    "conversations": [
      {
        "from": "human",
        "value": "<image>\nWhat family or order categorizes this animal?"
      },
      {
        "from": "gpt",
        "value": "Pigs belong to the family Suidae and the order Artiodactyla."
      }
    ]
  },
  {
    "id": "200033",
    "image": "downloaded_images/Animals/Pig/image_20241105_155744_26.jpg",
    "conversations": [
      {
        "from": "human",
        "value": "<image>\nWhat family or order categorizes this animal?"
      },
      {
        "from": "gpt",
        "value": "Pigs belong to the family Suidae and the order Artiodactyla."
      }
    ]
  },
  {
    "id": "200034",
    "image": "downloaded_images/Animals/Pig/image_20241105_155618_20.jpg",
    "conversations": [
      {
        "from": "human",
        "value": "<image>\nWhat family or order categorizes this animal?"
      },
      {
        "from": "gpt",
        "value": "Pigs belong to the family Suidae and the order Artiodactyla."
      }
    ]
  },
  {
    "id": "200035",
    "image": "downloaded_images/Animals/Pig/image_20241105_155628_21.jpg",
    "conversations": [
      {
        "from": "human",
        "value": "<image>\nWhat family or order categorizes this animal?"
      },
      {
        "from": "gpt",
        "value": "Pigs belong to the family Suidae and the order Artiodactyla."
      }
    ]
  },
  {
    "id": "200036",
    "image": "downloaded_images/Animals/Pig/image_20241105_155404_11.jpg",
    "conversations": [
      {
        "from": "human",
        "value": "<image>\nIs this animal a herbivore, carnivore, or omnivore?"
      },
      {
        "from": "gpt",
        "value": "Pigs are omnivores, meaning they eat a variety of foods including plants, fruits, and small animals."
      }
    ]
  },
  {
    "id": "200037",
    "image": "downloaded_images/Animals/Pig/image_20241105_155810_28.jpg",
    "conversations": [
      {
        "from": "human",
        "value": "<image>\nIs this animal a herbivore, carnivore, or omnivore?"
      },
      {
        "from": "gpt",
        "value": "Pigs are omnivores, meaning they eat a variety of foods including plants, fruits, and small animals."
      }
    ]
  },
  {
    "id": "200038",
    "image": "downloaded_images/Animals/Pig/image_20241105_155412_12.jpg",
    "conversations": [
      {
        "from": "human",
        "value": "<image>\nIs this animal a herbivore, carnivore, or omnivore?"
      },
      {
        "from": "gpt",
        "value": "Pigs are omnivores, meaning they eat a variety of foods including plants, fruits, and small animals."
      }
    ]
  },
  {
    "id": "200039",
    "image": "downloaded_images/Animals/Pig/image_20241105_155301_6.jpg",
    "conversations": [
      {
        "from": "human",
        "value": "<image>\nIs this animal a herbivore, carnivore, or omnivore?"
      },
      {
        "from": "gpt",
        "value": "Pigs are omnivores, meaning they eat a variety of foods including plants, fruits, and small animals."
      }
    ]
  },
  {
    "id": "200040",
    "image": "downloaded_images/Animals/Pig/image_20241105_155244_4.jpg",
    "conversations": [
      {
        "from": "human",
        "value": "<image>\nIs this animal a herbivore, carnivore, or omnivore?"
      },
      {
        "from": "gpt",
        "value": "Pigs are omnivores, meaning they eat a variety of foods including plants, fruits, and small animals."
      }
    ]
  },
  {
    "id": "200041",
    "image": "downloaded_images/Animals/Pig/image_20241105_155338_9.jpg",
    "conversations": [
      {
        "from": "human",
        "value": "<image>\nDoes this species originate from a specific area, or is it found globally?"
      },
      {
        "from": "gpt",
        "value": "Pigs are originally native to Eurasia but have been domesticated and are now found globally in various environments."
      }
    ]
  },
  {
    "id": "200042",
    "image": "downloaded_images/Animals/Pig/image_20241105_155546_18.jpg",
    "conversations": [
      {
        "from": "human",
        "value": "<image>\nDoes this species originate from a specific area, or is it found globally?"
      },
      {
        "from": "gpt",
        "value": "Pigs are originally native to Eurasia but have been domesticated and are now found globally in various environments."
      }
    ]
  },
  {
    "id": "200043",
    "image": "downloaded_images/Animals/Pig/image_20241105_155236_3.jpg",
    "conversations": [
      {
        "from": "human",
        "value": "<image>\nDoes this species originate from a specific area, or is it found globally?"
      },
      {
        "from": "gpt",
        "value": "Pigs are originally native to Eurasia but have been domesticated and are now found globally in various environments."
      }
    ]
  },
  {
    "id": "200044",
    "image": "downloaded_images/Animals/Pig/image_20241105_155301_6.jpg",
    "conversations": [
      {
        "from": "human",
        "value": "<image>\nDoes this species originate from a specific area, or is it found globally?"
      },
      {
        "from": "gpt",
        "value": "Pigs are originally native to Eurasia but have been domesticated and are now found globally in various environments."
      }
    ]
  },
  {
    "id": "200045",
    "image": "downloaded_images/Animals/Pig/image_20241105_155253_5.jpg",
    "conversations": [
      {
        "from": "human",
        "value": "<image>\nDoes this species originate from a specific area, or is it found globally?"
      },
      {
        "from": "gpt",
        "value": "Pigs are originally native to Eurasia but have been domesticated and are now found globally in various environments."
      }
    ]
  },
  {
    "id": "200046",
    "image": "downloaded_images/Animals/Pig/image_20241105_155618_20.jpg",
    "conversations": [
      {
        "from": "human",
        "value": "<image>\nHow does this animal reproduce, including mating habits and gestation duration?"
      },
      {
        "from": "gpt",
        "value": "Pigs typically mate through a process called \"courtship,\" where the male (boar) will display behaviors to attract the female (sow). The gestation period for pigs is about 114 days (approximately 3 months, 3 weeks, and 3 days), after which the sow gives birth to a litter of piglets."
      }
    ]
  },
  {
    "id": "200047",
    "image": "downloaded_images/Animals/Pig/image_20241105_155758_27.jpg",
    "conversations": [
      {
        "from": "human",
        "value": "<image>\nHow does this animal reproduce, including mating habits and gestation duration?"
      },
      {
        "from": "gpt",
        "value": "Pigs typically mate through a process called \"courtship,\" where the male (boar) will display behaviors to attract the female (sow). The gestation period for pigs is about 114 days (approximately 3 months, 3 weeks, and 3 days), after which the sow gives birth to a litter of piglets."
      }
    ]
  },
  {
    "id": "200048",
    "image": "downloaded_images/Animals/Pig/image_20241105_155546_18.jpg",
    "conversations": [
      {
        "from": "human",
        "value": "<image>\nHow does this animal reproduce, including mating habits and gestation duration?"
      },
      {
        "from": "gpt",
        "value": "Pigs typically mate through a process called \"courtship,\" where the male (boar) will display behaviors to attract the female (sow). The gestation period for pigs is about 114 days (approximately 3 months, 3 weeks, and 3 days), after which the sow gives birth to a litter of piglets."
      }
    ]
  },
  {
    "id": "200049",
    "image": "downloaded_images/Animals/Pig/image_20241105_155728_25.jpg",
    "conversations": [
      {
        "from": "human",
        "value": "<image>\nHow does this animal reproduce, including mating habits and gestation duration?"
      },
      {
        "from": "gpt",
        "value": "Pigs typically mate through a process called \"courtship,\" where the male (boar) will display behaviors to attract the female (sow). The gestation period for pigs is about 114 days (approximately 3 months, 3 weeks, and 3 days), after which the sow gives birth to a litter of piglets."
      }
    ]
  },
  {
    "id": "200050",
    "image": "downloaded_images/Animals/Pig/image_20241105_155218_1.jpg",
    "conversations": [
      {
        "from": "human",
        "value": "<image>\nHow does this animal reproduce, including mating habits and gestation duration?"
      },
      {
        "from": "gpt",
        "value": "Pigs typically mate through a process called \"courtship,\" where the male (boar) will display behaviors to attract the female (sow). The gestation period for pigs is about 114 days (approximately 3 months, 3 weeks, and 3 days), after which the sow gives birth to a litter of piglets."
      }
    ]
  },
  {
    "id": "300021",
    "image": "downloaded_images/Animals/Pig/image_20241017_112020_4.jpg",
    "conversations": [
      {
        "from": "human",
        "value": "<image>\nCan you tell me the common name of this species?"
      },
      {
        "from": "gpt",
        "value": "Pig"
      }
    ]
  },
  {
    "id": "300022",
    "image": "downloaded_images/Animals/Pig/image_20241017_111954_1.jpg",
    "conversations": [
      {
        "from": "human",
        "value": "<image>\nIn which family or order is this species classified?"
      },
      {
        "from": "gpt",
        "value": "Pigs belong to the family Suidae and the order Artiodactyla."
      }
    ]
  },
  {
    "id": "300023",
    "image": "downloaded_images/Animals/Pig/image_20241017_111954_1.jpg",
    "conversations": [
      {
        "from": "human",
        "value": "<image>\nWhat kind of foods does this animal consume?"
      },
      {
        "from": "gpt",
        "value": "Pigs are omnivores, meaning they eat a variety of foods including plants, fruits, and small animals."
      }
    ]
  },
  {
    "id": "300024",
    "image": "downloaded_images/Animals/Pig/image_20241017_112020_4.jpg",
    "conversations": [
      {
        "from": "human",
        "value": "<image>\nIs this animal native to any specific region, or is it distributed all over the world?"
      },
      {
        "from": "gpt",
        "value": "Pigs are originally native to Eurasia but have been domesticated and are now found globally in various environments."
      }
    ]
  },
  {
    "id": "300025",
    "image": "downloaded_images/Animals/Pig/image_20241017_112119_11.jpg",
    "conversations": [
      {
        "from": "human",
        "value": "<image>\nCan you explain the reproduction process of this species (mating habits and gestation)?"
      },
      {
        "from": "gpt",
        "value": "Pigs typically mate through a process called \"courtship,\" where the male (boar) will display behaviors to attract the female (sow). The gestation period for pigs is about 114 days (approximately 3 months, 3 weeks, and 3 days), after which the sow gives birth to a litter of piglets."
      }
    ]
  },
  {
    "id": "300026",
    "image": "downloaded_images/Animals/Pig/image_20241105_155338_9.jpg",
    "conversations": [
      {
        "from": "human",
        "value": "<image>\nCan you tell me the common name of this species?"
      },
      {
        "from": "gpt",
        "value": "Pig"
      }
    ]
  },
  {
    "id": "300027",
    "image": "downloaded_images/Animals/Pig/image_20241105_155313_7.jpg",
    "conversations": [
      {
        "from": "human",
        "value": "<image>\nCan you tell me the common name of this species?"
      },
      {
        "from": "gpt",
        "value": "Pig"
      }
    ]
  },
  {
    "id": "300028",
    "image": "downloaded_images/Animals/Pig/image_20241105_155301_6.jpg",
    "conversations": [
      {
        "from": "human",
        "value": "<image>\nCan you tell me the common name of this species?"
      },
      {
        "from": "gpt",
        "value": "Pig"
      }
    ]
  },
  {
    "id": "300029",
    "image": "downloaded_images/Animals/Pig/image_20241105_155529_17.jpg",
    "conversations": [
      {
        "from": "human",
        "value": "<image>\nCan you tell me the common name of this species?"
      },
      {
        "from": "gpt",
        "value": "Pig"
      }
    ]
  },
  {
    "id": "300030",
    "image": "downloaded_images/Animals/Pig/image_20241105_155842_30.jpg",
    "conversations": [
      {
        "from": "human",
        "value": "<image>\nCan you tell me the common name of this species?"
      },
      {
        "from": "gpt",
        "value": "Pig"
      }
    ]
  },
  {
    "id": "300031",
    "image": "downloaded_images/Animals/Pig/image_20241105_155711_24.jpg",
    "conversations": [
      {
        "from": "human",
        "value": "<image>\nIn which family or order is this species classified?"
      },
      {
        "from": "gpt",
        "value": "Pigs belong to the family Suidae and the order Artiodactyla."
      }
    ]
  },
  {
    "id": "300032",
    "image": "downloaded_images/Animals/Pig/image_20241105_155529_17.jpg",
    "conversations": [
      {
        "from": "human",
        "value": "<image>\nIn which family or order is this species classified?"
      },
      {
        "from": "gpt",
        "value": "Pigs belong to the family Suidae and the order Artiodactyla."
      }
    ]
  },
  {
    "id": "300033",
    "image": "downloaded_images/Animals/Pig/image_20241105_155744_26.jpg",
    "conversations": [
      {
        "from": "human",
        "value": "<image>\nIn which family or order is this species classified?"
      },
      {
        "from": "gpt",
        "value": "Pigs belong to the family Suidae and the order Artiodactyla."
      }
    ]
  },
  {
    "id": "300034",
    "image": "downloaded_images/Animals/Pig/image_20241105_155618_20.jpg",
    "conversations": [
      {
        "from": "human",
        "value": "<image>\nIn which family or order is this species classified?"
      },
      {
        "from": "gpt",
        "value": "Pigs belong to the family Suidae and the order Artiodactyla."
      }
    ]
  },
  {
    "id": "300035",
    "image": "downloaded_images/Animals/Pig/image_20241105_155628_21.jpg",
    "conversations": [
      {
        "from": "human",
        "value": "<image>\nIn which family or order is this species classified?"
      },
      {
        "from": "gpt",
        "value": "Pigs belong to the family Suidae and the order Artiodactyla."
      }
    ]
  },
  {
    "id": "300036",
    "image": "downloaded_images/Animals/Pig/image_20241105_155404_11.jpg",
    "conversations": [
      {
        "from": "human",
        "value": "<image>\nWhat kind of foods does this animal consume?"
      },
      {
        "from": "gpt",
        "value": "Pigs are omnivores, meaning they eat a variety of foods including plants, fruits, and small animals."
      }
    ]
  },
  {
    "id": "300037",
    "image": "downloaded_images/Animals/Pig/image_20241105_155810_28.jpg",
    "conversations": [
      {
        "from": "human",
        "value": "<image>\nWhat kind of foods does this animal consume?"
      },
      {
        "from": "gpt",
        "value": "Pigs are omnivores, meaning they eat a variety of foods including plants, fruits, and small animals."
      }
    ]
  },
  {
    "id": "300038",
    "image": "downloaded_images/Animals/Pig/image_20241105_155412_12.jpg",
    "conversations": [
      {
        "from": "human",
        "value": "<image>\nWhat kind of foods does this animal consume?"
      },
      {
        "from": "gpt",
        "value": "Pigs are omnivores, meaning they eat a variety of foods including plants, fruits, and small animals."
      }
    ]
  },
  {
    "id": "300039",
    "image": "downloaded_images/Animals/Pig/image_20241105_155301_6.jpg",
    "conversations": [
      {
        "from": "human",
        "value": "<image>\nWhat kind of foods does this animal consume?"
      },
      {
        "from": "gpt",
        "value": "Pigs are omnivores, meaning they eat a variety of foods including plants, fruits, and small animals."
      }
    ]
  },
  {
    "id": "300040",
    "image": "downloaded_images/Animals/Pig/image_20241105_155244_4.jpg",
    "conversations": [
      {
        "from": "human",
        "value": "<image>\nWhat kind of foods does this animal consume?"
      },
      {
        "from": "gpt",
        "value": "Pigs are omnivores, meaning they eat a variety of foods including plants, fruits, and small animals."
      }
    ]
  },
  {
    "id": "300041",
    "image": "downloaded_images/Animals/Pig/image_20241105_155338_9.jpg",
    "conversations": [
      {
        "from": "human",
        "value": "<image>\nIs this animal native to any specific region, or is it distributed all over the world?"
      },
      {
        "from": "gpt",
        "value": "Pigs are originally native to Eurasia but have been domesticated and are now found globally in various environments."
      }
    ]
  },
  {
    "id": "300042",
    "image": "downloaded_images/Animals/Pig/image_20241105_155546_18.jpg",
    "conversations": [
      {
        "from": "human",
        "value": "<image>\nIs this animal native to any specific region, or is it distributed all over the world?"
      },
      {
        "from": "gpt",
        "value": "Pigs are originally native to Eurasia but have been domesticated and are now found globally in various environments."
      }
    ]
  },
  {
    "id": "300043",
    "image": "downloaded_images/Animals/Pig/image_20241105_155236_3.jpg",
    "conversations": [
      {
        "from": "human",
        "value": "<image>\nIs this animal native to any specific region, or is it distributed all over the world?"
      },
      {
        "from": "gpt",
        "value": "Pigs are originally native to Eurasia but have been domesticated and are now found globally in various environments."
      }
    ]
  },
  {
    "id": "300044",
    "image": "downloaded_images/Animals/Pig/image_20241105_155301_6.jpg",
    "conversations": [
      {
        "from": "human",
        "value": "<image>\nIs this animal native to any specific region, or is it distributed all over the world?"
      },
      {
        "from": "gpt",
        "value": "Pigs are originally native to Eurasia but have been domesticated and are now found globally in various environments."
      }
    ]
  },
  {
    "id": "300045",
    "image": "downloaded_images/Animals/Pig/image_20241105_155253_5.jpg",
    "conversations": [
      {
        "from": "human",
        "value": "<image>\nIs this animal native to any specific region, or is it distributed all over the world?"
      },
      {
        "from": "gpt",
        "value": "Pigs are originally native to Eurasia but have been domesticated and are now found globally in various environments."
      }
    ]
  },
  {
    "id": "300046",
    "image": "downloaded_images/Animals/Pig/image_20241105_155618_20.jpg",
    "conversations": [
      {
        "from": "human",
        "value": "<image>\nCan you explain the reproduction process of this species (mating habits and gestation)?"
      },
      {
        "from": "gpt",
        "value": "Pigs typically mate through a process called \"courtship,\" where the male (boar) will display behaviors to attract the female (sow). The gestation period for pigs is about 114 days (approximately 3 months, 3 weeks, and 3 days), after which the sow gives birth to a litter of piglets."
      }
    ]
  },
  {
    "id": "300047",
    "image": "downloaded_images/Animals/Pig/image_20241105_155758_27.jpg",
    "conversations": [
      {
        "from": "human",
        "value": "<image>\nCan you explain the reproduction process of this species (mating habits and gestation)?"
      },
      {
        "from": "gpt",
        "value": "Pigs typically mate through a process called \"courtship,\" where the male (boar) will display behaviors to attract the female (sow). The gestation period for pigs is about 114 days (approximately 3 months, 3 weeks, and 3 days), after which the sow gives birth to a litter of piglets."
      }
    ]
  },
  {
    "id": "300048",
    "image": "downloaded_images/Animals/Pig/image_20241105_155546_18.jpg",
    "conversations": [
      {
        "from": "human",
        "value": "<image>\nCan you explain the reproduction process of this species (mating habits and gestation)?"
      },
      {
        "from": "gpt",
        "value": "Pigs typically mate through a process called \"courtship,\" where the male (boar) will display behaviors to attract the female (sow). The gestation period for pigs is about 114 days (approximately 3 months, 3 weeks, and 3 days), after which the sow gives birth to a litter of piglets."
      }
    ]
  },
  {
    "id": "300049",
    "image": "downloaded_images/Animals/Pig/image_20241105_155728_25.jpg",
    "conversations": [
      {
        "from": "human",
        "value": "<image>\nCan you explain the reproduction process of this species (mating habits and gestation)?"
      },
      {
        "from": "gpt",
        "value": "Pigs typically mate through a process called \"courtship,\" where the male (boar) will display behaviors to attract the female (sow). The gestation period for pigs is about 114 days (approximately 3 months, 3 weeks, and 3 days), after which the sow gives birth to a litter of piglets."
      }
    ]
  },
  {
    "id": "300050",
    "image": "downloaded_images/Animals/Pig/image_20241105_155218_1.jpg",
    "conversations": [
      {
        "from": "human",
        "value": "<image>\nCan you explain the reproduction process of this species (mating habits and gestation)?"
      },
      {
        "from": "gpt",
        "value": "Pigs typically mate through a process called \"courtship,\" where the male (boar) will display behaviors to attract the female (sow). The gestation period for pigs is about 114 days (approximately 3 months, 3 weeks, and 3 days), after which the sow gives birth to a litter of piglets."
      }
    ]
  },
  {
    "id": "400021",
    "image": "downloaded_images/Animals/Pig/image_20241017_112020_4.jpg",
    "conversations": [
      {
        "from": "human",
        "value": "<image>\nHow is this animal referred to in everyday language?"
      },
      {
        "from": "gpt",
        "value": "Pig"
      }
    ]
  },
  {
    "id": "400022",
    "image": "downloaded_images/Animals/Pig/image_20241017_111954_1.jpg",
    "conversations": [
      {
        "from": "human",
        "value": "<image>\nWhat is the taxonomic family or order of this animal?"
      },
      {
        "from": "gpt",
        "value": "Pigs belong to the family Suidae and the order Artiodactyla."
      }
    ]
  },
  {
    "id": "400023",
    "image": "downloaded_images/Animals/Pig/image_20241017_111954_1.jpg",
    "conversations": [
      {
        "from": "human",
        "value": "<image>\nHow would you classify this animal's eating habits?"
      },
      {
        "from": "gpt",
        "value": "Pigs are omnivores, meaning they eat a variety of foods including plants, fruits, and small animals."
      }
    ]
  },
  {
    "id": "400024",
    "image": "downloaded_images/Animals/Pig/image_20241017_112020_4.jpg",
    "conversations": [
      {
        "from": "human",
        "value": "<image>\nWhere is this animal primarily found—regionally or globally?"
      },
      {
        "from": "gpt",
        "value": "Pigs are originally native to Eurasia but have been domesticated and are now found globally in various environments."
      }
    ]
  },
  {
    "id": "400025",
    "image": "downloaded_images/Animals/Pig/image_20241017_112119_11.jpg",
    "conversations": [
      {
        "from": "human",
        "value": "<image>\nWhat are the details of this animal's reproduction, such as mating behaviors and how long it is pregnant?"
      },
      {
        "from": "gpt",
        "value": "Pigs typically mate through a process called \"courtship,\" where the male (boar) will display behaviors to attract the female (sow). The gestation period for pigs is about 114 days (approximately 3 months, 3 weeks, and 3 days), after which the sow gives birth to a litter of piglets."
      }
    ]
  },
  {
    "id": "400026",
    "image": "downloaded_images/Animals/Pig/image_20241105_155338_9.jpg",
    "conversations": [
      {
        "from": "human",
        "value": "<image>\nHow is this animal referred to in everyday language?"
      },
      {
        "from": "gpt",
        "value": "Pig"
      }
    ]
  },
  {
    "id": "400027",
    "image": "downloaded_images/Animals/Pig/image_20241105_155313_7.jpg",
    "conversations": [
      {
        "from": "human",
        "value": "<image>\nHow is this animal referred to in everyday language?"
      },
      {
        "from": "gpt",
        "value": "Pig"
      }
    ]
  },
  {
    "id": "400028",
    "image": "downloaded_images/Animals/Pig/image_20241105_155301_6.jpg",
    "conversations": [
      {
        "from": "human",
        "value": "<image>\nHow is this animal referred to in everyday language?"
      },
      {
        "from": "gpt",
        "value": "Pig"
      }
    ]
  },
  {
    "id": "400029",
    "image": "downloaded_images/Animals/Pig/image_20241105_155529_17.jpg",
    "conversations": [
      {
        "from": "human",
        "value": "<image>\nHow is this animal referred to in everyday language?"
      },
      {
        "from": "gpt",
        "value": "Pig"
      }
    ]
  },
  {
    "id": "400030",
    "image": "downloaded_images/Animals/Pig/image_20241105_155842_30.jpg",
    "conversations": [
      {
        "from": "human",
        "value": "<image>\nHow is this animal referred to in everyday language?"
      },
      {
        "from": "gpt",
        "value": "Pig"
      }
    ]
  },
  {
    "id": "400031",
    "image": "downloaded_images/Animals/Pig/image_20241105_155711_24.jpg",
    "conversations": [
      {
        "from": "human",
        "value": "<image>\nWhat is the taxonomic family or order of this animal?"
      },
      {
        "from": "gpt",
        "value": "Pigs belong to the family Suidae and the order Artiodactyla."
      }
    ]
  },
  {
    "id": "400032",
    "image": "downloaded_images/Animals/Pig/image_20241105_155529_17.jpg",
    "conversations": [
      {
        "from": "human",
        "value": "<image>\nWhat is the taxonomic family or order of this animal?"
      },
      {
        "from": "gpt",
        "value": "Pigs belong to the family Suidae and the order Artiodactyla."
      }
    ]
  },
  {
    "id": "400033",
    "image": "downloaded_images/Animals/Pig/image_20241105_155744_26.jpg",
    "conversations": [
      {
        "from": "human",
        "value": "<image>\nWhat is the taxonomic family or order of this animal?"
      },
      {
        "from": "gpt",
        "value": "Pigs belong to the family Suidae and the order Artiodactyla."
      }
    ]
  },
  {
    "id": "400034",
    "image": "downloaded_images/Animals/Pig/image_20241105_155618_20.jpg",
    "conversations": [
      {
        "from": "human",
        "value": "<image>\nWhat is the taxonomic family or order of this animal?"
      },
      {
        "from": "gpt",
        "value": "Pigs belong to the family Suidae and the order Artiodactyla."
      }
    ]
  },
  {
    "id": "400035",
    "image": "downloaded_images/Animals/Pig/image_20241105_155628_21.jpg",
    "conversations": [
      {
        "from": "human",
        "value": "<image>\nWhat is the taxonomic family or order of this animal?"
      },
      {
        "from": "gpt",
        "value": "Pigs belong to the family Suidae and the order Artiodactyla."
      }
    ]
  },
  {
    "id": "400036",
    "image": "downloaded_images/Animals/Pig/image_20241105_155404_11.jpg",
    "conversations": [
      {
        "from": "human",
        "value": "<image>\nHow would you classify this animal's eating habits?"
      },
      {
        "from": "gpt",
        "value": "Pigs are omnivores, meaning they eat a variety of foods including plants, fruits, and small animals."
      }
    ]
  },
  {
    "id": "400037",
    "image": "downloaded_images/Animals/Pig/image_20241105_155810_28.jpg",
    "conversations": [
      {
        "from": "human",
        "value": "<image>\nHow would you classify this animal's eating habits?"
      },
      {
        "from": "gpt",
        "value": "Pigs are omnivores, meaning they eat a variety of foods including plants, fruits, and small animals."
      }
    ]
  },
  {
    "id": "400038",
    "image": "downloaded_images/Animals/Pig/image_20241105_155412_12.jpg",
    "conversations": [
      {
        "from": "human",
        "value": "<image>\nHow would you classify this animal's eating habits?"
      },
      {
        "from": "gpt",
        "value": "Pigs are omnivores, meaning they eat a variety of foods including plants, fruits, and small animals."
      }
    ]
  },
  {
    "id": "400039",
    "image": "downloaded_images/Animals/Pig/image_20241105_155301_6.jpg",
    "conversations": [
      {
        "from": "human",
        "value": "<image>\nHow would you classify this animal's eating habits?"
      },
      {
        "from": "gpt",
        "value": "Pigs are omnivores, meaning they eat a variety of foods including plants, fruits, and small animals."
      }
    ]
  },
  {
    "id": "400040",
    "image": "downloaded_images/Animals/Pig/image_20241105_155244_4.jpg",
    "conversations": [
      {
        "from": "human",
        "value": "<image>\nHow would you classify this animal's eating habits?"
      },
      {
        "from": "gpt",
        "value": "Pigs are omnivores, meaning they eat a variety of foods including plants, fruits, and small animals."
      }
    ]
  },
  {
    "id": "400041",
    "image": "downloaded_images/Animals/Pig/image_20241105_155338_9.jpg",
    "conversations": [
      {
        "from": "human",
        "value": "<image>\nWhere is this animal primarily found—regionally or globally?"
      },
      {
        "from": "gpt",
        "value": "Pigs are originally native to Eurasia but have been domesticated and are now found globally in various environments."
      }
    ]
  },
  {
    "id": "400042",
    "image": "downloaded_images/Animals/Pig/image_20241105_155546_18.jpg",
    "conversations": [
      {
        "from": "human",
        "value": "<image>\nWhere is this animal primarily found—regionally or globally?"
      },
      {
        "from": "gpt",
        "value": "Pigs are originally native to Eurasia but have been domesticated and are now found globally in various environments."
      }
    ]
  },
  {
    "id": "400043",
    "image": "downloaded_images/Animals/Pig/image_20241105_155236_3.jpg",
    "conversations": [
      {
        "from": "human",
        "value": "<image>\nWhere is this animal primarily found—regionally or globally?"
      },
      {
        "from": "gpt",
        "value": "Pigs are originally native to Eurasia but have been domesticated and are now found globally in various environments."
      }
    ]
  },
  {
    "id": "400044",
    "image": "downloaded_images/Animals/Pig/image_20241105_155301_6.jpg",
    "conversations": [
      {
        "from": "human",
        "value": "<image>\nWhere is this animal primarily found—regionally or globally?"
      },
      {
        "from": "gpt",
        "value": "Pigs are originally native to Eurasia but have been domesticated and are now found globally in various environments."
      }
    ]
  },
  {
    "id": "400045",
    "image": "downloaded_images/Animals/Pig/image_20241105_155253_5.jpg",
    "conversations": [
      {
        "from": "human",
        "value": "<image>\nWhere is this animal primarily found—regionally or globally?"
      },
      {
        "from": "gpt",
        "value": "Pigs are originally native to Eurasia but have been domesticated and are now found globally in various environments."
      }
    ]
  },
  {
    "id": "400046",
    "image": "downloaded_images/Animals/Pig/image_20241105_155618_20.jpg",
    "conversations": [
      {
        "from": "human",
        "value": "<image>\nWhat are the details of this animal's reproduction, such as mating behaviors and how long it is pregnant?"
      },
      {
        "from": "gpt",
        "value": "Pigs typically mate through a process called \"courtship,\" where the male (boar) will display behaviors to attract the female (sow). The gestation period for pigs is about 114 days (approximately 3 months, 3 weeks, and 3 days), after which the sow gives birth to a litter of piglets."
      }
    ]
  },
  {
    "id": "400047",
    "image": "downloaded_images/Animals/Pig/image_20241105_155758_27.jpg",
    "conversations": [
      {
        "from": "human",
        "value": "<image>\nWhat are the details of this animal's reproduction, such as mating behaviors and how long it is pregnant?"
      },
      {
        "from": "gpt",
        "value": "Pigs typically mate through a process called \"courtship,\" where the male (boar) will display behaviors to attract the female (sow). The gestation period for pigs is about 114 days (approximately 3 months, 3 weeks, and 3 days), after which the sow gives birth to a litter of piglets."
      }
    ]
  },
  {
    "id": "400048",
    "image": "downloaded_images/Animals/Pig/image_20241105_155546_18.jpg",
    "conversations": [
      {
        "from": "human",
        "value": "<image>\nWhat are the details of this animal's reproduction, such as mating behaviors and how long it is pregnant?"
      },
      {
        "from": "gpt",
        "value": "Pigs typically mate through a process called \"courtship,\" where the male (boar) will display behaviors to attract the female (sow). The gestation period for pigs is about 114 days (approximately 3 months, 3 weeks, and 3 days), after which the sow gives birth to a litter of piglets."
      }
    ]
  },
  {
    "id": "400049",
    "image": "downloaded_images/Animals/Pig/image_20241105_155728_25.jpg",
    "conversations": [
      {
        "from": "human",
        "value": "<image>\nWhat are the details of this animal's reproduction, such as mating behaviors and how long it is pregnant?"
      },
      {
        "from": "gpt",
        "value": "Pigs typically mate through a process called \"courtship,\" where the male (boar) will display behaviors to attract the female (sow). The gestation period for pigs is about 114 days (approximately 3 months, 3 weeks, and 3 days), after which the sow gives birth to a litter of piglets."
      }
    ]
  },
  {
    "id": "400050",
    "image": "downloaded_images/Animals/Pig/image_20241105_155218_1.jpg",
    "conversations": [
      {
        "from": "human",
        "value": "<image>\nWhat are the details of this animal's reproduction, such as mating behaviors and how long it is pregnant?"
      },
      {
        "from": "gpt",
        "value": "Pigs typically mate through a process called \"courtship,\" where the male (boar) will display behaviors to attract the female (sow). The gestation period for pigs is about 114 days (approximately 3 months, 3 weeks, and 3 days), after which the sow gives birth to a litter of piglets."
      }
    ]
  }
]