[
  {
    "id": "24",
    "image": "downloaded_images/Plants/Cactus/image_20241018_180115_5.jpg",
    "conversations": [
      {
        "from": "human",
        "value": "<image>\nWhat is the common name of this plant?"
      },
      {
        "from": "gpt",
        "value": "The common name of this plant is \"Cactus.\""
      }
    ]
  },
  {
    "id": "25",
    "image": "downloaded_images/Plants/Cactus/image_20241018_180229_14.jpg",
    "conversations": [
      {
        "from": "human",
        "value": "<image>\nTo which family or genus does it belong?"
      },
      {
        "from": "gpt",
        "value": "Cacti belong to the family Cactaceae. There are many genera within this family, with the most well-known being Opuntia (prickly pear), Echinocactus, and Saguaro (Carnegiea gigantea)."
      }
    ]
  },
  {
    "id": "26",
    "image": "downloaded_images/Plants/Cactus/image_20241018_180105_4.jpg",
    "conversations": [
      {
        "from": "human",
        "value": "<image>\nHow does it reproduce (seeds, cuttings, runners)?"
      },
      {
        "from": "gpt",
        "value": "Cacti primarily reproduce through seeds, but they can also propagate through cuttings and, in some species, through runners or offsets."
      }
    ]
  },
  {
    "id": "27",
    "image": "downloaded_images/Plants/Cactus/image_20241018_180115_5.jpg",
    "conversations": [
      {
        "from": "human",
        "value": "<image>\nIs it native to a specific region or found globally?"
      },
      {
        "from": "gpt",
        "value": "Cacti are primarily native to the Americas, particularly in arid and semi-arid regions, but they are now found globally due to cultivation and ornamental use."
      }
    ]
  },
  {
    "id": "28",
    "image": "downloaded_images/Plants/Cactus/image_20241018_180048_2.jpg",
    "conversations": [
      {
        "from": "human",
        "value": "<image>\nHow does it grow (e.g., tree, shrub, herb)?"
      },
      {
        "from": "gpt",
        "value": "Cacti can grow in various forms, including as small herbaceous plants, shrubs, or large trees, depending on the species. Most commonly, they are characterized by their thick, fleshy stems that store water."
      }
    ]
  },
  {
    "id": "29",
    "image": "downloaded_images/Plants/Cactus/image_20241107_191100_18.jpg",
    "conversations": [
      {
        "from": "human",
        "value": "<image>\nWhat is the common name of this plant?"
      },
      {
        "from": "gpt",
        "value": "The common name of this plant is \"Cactus.\""
      }
    ]
  },
  {
    "id": "30",
    "image": "downloaded_images/Plants/Cactus/image_20241107_191201_25.jpg",
    "conversations": [
      {
        "from": "human",
        "value": "<image>\nWhat is the common name of this plant?"
      },
      {
        "from": "gpt",
        "value": "The common name of this plant is \"Cactus.\""
      }
    ]
  },
  {
    "id": "31",
    "image": "downloaded_images/Plants/Cactus/image_20241018_180356_24.jpg",
    "conversations": [
      {
        "from": "human",
        "value": "<image>\nWhat is the common name of this plant?"
      },
      {
        "from": "gpt",
        "value": "The common name of this plant is \"Cactus.\""
      }
    ]
  },
  {
    "id": "32",
    "image": "downloaded_images/Plants/Cactus/image_20241107_191034_15.jpg",
    "conversations": [
      {
        "from": "human",
        "value": "<image>\nWhat is the common name of this plant?"
      },
      {
        "from": "gpt",
        "value": "The common name of this plant is \"Cactus.\""
      }
    ]
  },
  {
    "id": "33",
    "image": "downloaded_images/Plants/Cactus/image_20241107_191210_26.jpg",
    "conversations": [
      {
        "from": "human",
        "value": "<image>\nWhat is the common name of this plant?"
      },
      {
        "from": "gpt",
        "value": "The common name of this plant is \"Cactus.\""
      }
    ]
  },
  {
    "id": "34",
    "image": "downloaded_images/Plants/Cactus/image_20241107_191116_20.jpg",
    "conversations": [
      {
        "from": "human",
        "value": "<image>\nTo which family or genus does it belong?"
      },
      {
        "from": "gpt",
        "value": "Cacti belong to the family Cactaceae. There are many genera within this family, with the most well-known being Opuntia (prickly pear), Echinocactus, and Saguaro (Carnegiea gigantea)."
      }
    ]
  },
  {
    "id": "35",
    "image": "downloaded_images/Plants/Cactus/image_20241018_180238_15.jpg",
    "conversations": [
      {
        "from": "human",
        "value": "<image>\nTo which family or genus does it belong?"
      },
      {
        "from": "gpt",
        "value": "Cacti belong to the family Cactaceae. There are many genera within this family, with the most well-known being Opuntia (prickly pear), Echinocactus, and Saguaro (Carnegiea gigantea)."
      }
    ]
  },
  {
    "id": "36",
    "image": "downloaded_images/Plants/Cactus/image_20241107_190852_4.jpg",
    "conversations": [
      {
        "from": "human",
        "value": "<image>\nTo which family or genus does it belong?"
      },
      {
        "from": "gpt",
        "value": "Cacti belong to the family Cactaceae. There are many genera within this family, with the most well-known being Opuntia (prickly pear), Echinocactus, and Saguaro (Carnegiea gigantea)."
      }
    ]
  },
  {
    "id": "37",
    "image": "downloaded_images/Plants/Cactus/image_20241018_180301_18.jpg",
    "conversations": [
      {
        "from": "human",
        "value": "<image>\nTo which family or genus does it belong?"
      },
      {
        "from": "gpt",
        "value": "Cacti belong to the family Cactaceae. There are many genera within this family, with the most well-known being Opuntia (prickly pear), Echinocactus, and Saguaro (Carnegiea gigantea)."
      }
    ]
  },
  {
    "id": "38",
    "image": "downloaded_images/Plants/Cactus/image_20241018_180105_4.jpg",
    "conversations": [
      {
        "from": "human",
        "value": "<image>\nTo which family or genus does it belong?"
      },
      {
        "from": "gpt",
        "value": "Cacti belong to the family Cactaceae. There are many genera within this family, with the most well-known being Opuntia (prickly pear), Echinocactus, and Saguaro (Carnegiea gigantea)."
      }
    ]
  },
  {
    "id": "39",
    "image": "downloaded_images/Plants/Cactus/image_20241018_180221_13.jpg",
    "conversations": [
      {
        "from": "human",
        "value": "<image>\nHow does it reproduce (seeds, cuttings, runners)?"
      },
      {
        "from": "gpt",
        "value": "Cacti primarily reproduce through seeds, but they can also propagate through cuttings and, in some species, through runners or offsets."
      }
    ]
  },
  {
    "id": "40",
    "image": "downloaded_images/Plants/Cactus/image_20241107_191135_22.jpg",
    "conversations": [
      {
        "from": "human",
        "value": "<image>\nHow does it reproduce (seeds, cuttings, runners)?"
      },
      {
        "from": "gpt",
        "value": "Cacti primarily reproduce through seeds, but they can also propagate through cuttings and, in some species, through runners or offsets."
      }
    ]
  },
  {
    "id": "41",
    "image": "downloaded_images/Plants/Cactus/image_20241107_191034_15.jpg",
    "conversations": [
      {
        "from": "human",
        "value": "<image>\nHow does it reproduce (seeds, cuttings, runners)?"
      },
      {
        "from": "gpt",
        "value": "Cacti primarily reproduce through seeds, but they can also propagate through cuttings and, in some species, through runners or offsets."
      }
    ]
  },
  {
    "id": "42",
    "image": "downloaded_images/Plants/Cactus/image_20241018_180238_15.jpg",
    "conversations": [
      {
        "from": "human",
        "value": "<image>\nHow does it reproduce (seeds, cuttings, runners)?"
      },
      {
        "from": "gpt",
        "value": "Cacti primarily reproduce through seeds, but they can also propagate through cuttings and, in some species, through runners or offsets."
      }
    ]
  },
  {
    "id": "43",
    "image": "downloaded_images/Plants/Cactus/image_20241107_191116_20.jpg",
    "conversations": [
      {
        "from": "human",
        "value": "<image>\nHow does it reproduce (seeds, cuttings, runners)?"
      },
      {
        "from": "gpt",
        "value": "Cacti primarily reproduce through seeds, but they can also propagate through cuttings and, in some species, through runners or offsets."
      }
    ]
  },
  {
    "id": "44",
    "image": "downloaded_images/Plants/Cactus/image_20241107_191100_18.jpg",
    "conversations": [
      {
        "from": "human",
        "value": "<image>\nIs it native to a specific region or found globally?"
      },
      {
        "from": "gpt",
        "value": "Cacti are primarily native to the Americas, particularly in arid and semi-arid regions, but they are now found globally due to cultivation and ornamental use."
      }
    ]
  },
  {
    "id": "45",
    "image": "downloaded_images/Plants/Cactus/image_20241018_180132_7.jpg",
    "conversations": [
      {
        "from": "human",
        "value": "<image>\nIs it native to a specific region or found globally?"
      },
      {
        "from": "gpt",
        "value": "Cacti are primarily native to the Americas, particularly in arid and semi-arid regions, but they are now found globally due to cultivation and ornamental use."
      }
    ]
  },
  {
    "id": "46",
    "image": "downloaded_images/Plants/Cactus/image_20241018_180328_21.jpg",
    "conversations": [
      {
        "from": "human",
        "value": "<image>\nIs it native to a specific region or found globally?"
      },
      {
        "from": "gpt",
        "value": "Cacti are primarily native to the Americas, particularly in arid and semi-arid regions, but they are now found globally due to cultivation and ornamental use."
      }
    ]
  },
  {
    "id": "47",
    "image": "downloaded_images/Plants/Cactus/image_20241107_190959_11.jpg",
    "conversations": [
      {
        "from": "human",
        "value": "<image>\nIs it native to a specific region or found globally?"
      },
      {
        "from": "gpt",
        "value": "Cacti are primarily native to the Americas, particularly in arid and semi-arid regions, but they are now found globally due to cultivation and ornamental use."
      }
    ]
  },
  {
    "id": "48",
    "image": "downloaded_images/Plants/Cactus/image_20241107_190843_3.jpg",
    "conversations": [
      {
        "from": "human",
        "value": "<image>\nIs it native to a specific region or found globally?"
      },
      {
        "from": "gpt",
        "value": "Cacti are primarily native to the Americas, particularly in arid and semi-arid regions, but they are now found globally due to cultivation and ornamental use."
      }
    ]
  },
  {
    "id": "49",
    "image": "downloaded_images/Plants/Cactus/image_20241107_191016_13.jpg",
    "conversations": [
      {
        "from": "human",
        "value": "<image>\nHow does it grow (e.g., tree, shrub, herb)?"
      },
      {
        "from": "gpt",
        "value": "Cacti can grow in various forms, including as small herbaceous plants, shrubs, or large trees, depending on the species. Most commonly, they are characterized by their thick, fleshy stems that store water."
      }
    ]
  },
  {
    "id": "50",
    "image": "downloaded_images/Plants/Cactus/image_20241018_180238_15.jpg",
    "conversations": [
      {
        "from": "human",
        "value": "<image>\nHow does it grow (e.g., tree, shrub, herb)?"
      },
      {
        "from": "gpt",
        "value": "Cacti can grow in various forms, including as small herbaceous plants, shrubs, or large trees, depending on the species. Most commonly, they are characterized by their thick, fleshy stems that store water."
      }
    ]
  },
  {
    "id": "51",
    "image": "downloaded_images/Plants/Cactus/image_20241107_191135_22.jpg",
    "conversations": [
      {
        "from": "human",
        "value": "<image>\nHow does it grow (e.g., tree, shrub, herb)?"
      },
      {
        "from": "gpt",
        "value": "Cacti can grow in various forms, including as small herbaceous plants, shrubs, or large trees, depending on the species. Most commonly, they are characterized by their thick, fleshy stems that store water."
      }
    ]
  },
  {
    "id": "52",
    "image": "downloaded_images/Plants/Cactus/image_20241107_191144_23.jpg",
    "conversations": [
      {
        "from": "human",
        "value": "<image>\nHow does it grow (e.g., tree, shrub, herb)?"
      },
      {
        "from": "gpt",
        "value": "Cacti can grow in various forms, including as small herbaceous plants, shrubs, or large trees, depending on the species. Most commonly, they are characterized by their thick, fleshy stems that store water."
      }
    ]
  },
  {
    "id": "53",
    "image": "downloaded_images/Plants/Cactus/image_20241018_180229_14.jpg",
    "conversations": [
      {
        "from": "human",
        "value": "<image>\nHow does it grow (e.g., tree, shrub, herb)?"
      },
      {
        "from": "gpt",
        "value": "Cacti can grow in various forms, including as small herbaceous plants, shrubs, or large trees, depending on the species. Most commonly, they are characterized by their thick, fleshy stems that store water."
      }
    ]
  },
  {
    "id": "100024",
    "image": "downloaded_images/Plants/Cactus/image_20241018_180115_5.jpg",
    "conversations": [
      {
        "from": "human",
        "value": "<image>\nWhat is the name of the plant in picture?"
      },
      {
        "from": "gpt",
        "value": "The common name of this plant is \"Cactus.\""
      }
    ]
  },
  {
    "id": "100025",
    "image": "downloaded_images/Plants/Cactus/image_20241018_180229_14.jpg",
    "conversations": [
      {
        "from": "human",
        "value": "<image>\nWhich family or genus does this plant belong to?"
      },
      {
        "from": "gpt",
        "value": "Cacti belong to the family Cactaceae. There are many genera within this family, with the most well-known being Opuntia (prickly pear), Echinocactus, and Saguaro (Carnegiea gigantea)."
      }
    ]
  },
  {
    "id": "100026",
    "image": "downloaded_images/Plants/Cactus/image_20241018_180105_4.jpg",
    "conversations": [
      {
        "from": "human",
        "value": "<image>\nHow does this plant reproduce?"
      },
      {
        "from": "gpt",
        "value": "Cacti primarily reproduce through seeds, but they can also propagate through cuttings and, in some species, through runners or offsets."
      }
    ]
  },
  {
    "id": "100027",
    "image": "downloaded_images/Plants/Cactus/image_20241018_180115_5.jpg",
    "conversations": [
      {
        "from": "human",
        "value": "<image>\nIs this plant indigenous to a specific region or is it found worldwide?"
      },
      {
        "from": "gpt",
        "value": "Cacti are primarily native to the Americas, particularly in arid and semi-arid regions, but they are now found globally due to cultivation and ornamental use."
      }
    ]
  },
  {
    "id": "100028",
    "image": "downloaded_images/Plants/Cactus/image_20241018_180048_2.jpg",
    "conversations": [
      {
        "from": "human",
        "value": "<image>\nHow does this plant grow?"
      },
      {
        "from": "gpt",
        "value": "Cacti can grow in various forms, including as small herbaceous plants, shrubs, or large trees, depending on the species. Most commonly, they are characterized by their thick, fleshy stems that store water."
      }
    ]
  },
  {
    "id": "100029",
    "image": "downloaded_images/Plants/Cactus/image_20241107_191100_18.jpg",
    "conversations": [
      {
        "from": "human",
        "value": "<image>\nWhat is the name of the plant in picture?"
      },
      {
        "from": "gpt",
        "value": "The common name of this plant is \"Cactus.\""
      }
    ]
  },
  {
    "id": "100030",
    "image": "downloaded_images/Plants/Cactus/image_20241107_191201_25.jpg",
    "conversations": [
      {
        "from": "human",
        "value": "<image>\nWhat is the name of the plant in picture?"
      },
      {
        "from": "gpt",
        "value": "The common name of this plant is \"Cactus.\""
      }
    ]
  },
  {
    "id": "100031",
    "image": "downloaded_images/Plants/Cactus/image_20241018_180356_24.jpg",
    "conversations": [
      {
        "from": "human",
        "value": "<image>\nWhat is the name of the plant in picture?"
      },
      {
        "from": "gpt",
        "value": "The common name of this plant is \"Cactus.\""
      }
    ]
  },
  {
    "id": "100032",
    "image": "downloaded_images/Plants/Cactus/image_20241107_191034_15.jpg",
    "conversations": [
      {
        "from": "human",
        "value": "<image>\nWhat is the name of the plant in picture?"
      },
      {
        "from": "gpt",
        "value": "The common name of this plant is \"Cactus.\""
      }
    ]
  },
  {
    "id": "100033",
    "image": "downloaded_images/Plants/Cactus/image_20241107_191210_26.jpg",
    "conversations": [
      {
        "from": "human",
        "value": "<image>\nWhat is the name of the plant in picture?"
      },
      {
        "from": "gpt",
        "value": "The common name of this plant is \"Cactus.\""
      }
    ]
  },
  {
    "id": "100034",
    "image": "downloaded_images/Plants/Cactus/image_20241107_191116_20.jpg",
    "conversations": [
      {
        "from": "human",
        "value": "<image>\nWhich family or genus does this plant belong to?"
      },
      {
        "from": "gpt",
        "value": "Cacti belong to the family Cactaceae. There are many genera within this family, with the most well-known being Opuntia (prickly pear), Echinocactus, and Saguaro (Carnegiea gigantea)."
      }
    ]
  },
  {
    "id": "100035",
    "image": "downloaded_images/Plants/Cactus/image_20241018_180238_15.jpg",
    "conversations": [
      {
        "from": "human",
        "value": "<image>\nWhich family or genus does this plant belong to?"
      },
      {
        "from": "gpt",
        "value": "Cacti belong to the family Cactaceae. There are many genera within this family, with the most well-known being Opuntia (prickly pear), Echinocactus, and Saguaro (Carnegiea gigantea)."
      }
    ]
  },
  {
    "id": "100036",
    "image": "downloaded_images/Plants/Cactus/image_20241107_190852_4.jpg",
    "conversations": [
      {
        "from": "human",
        "value": "<image>\nWhich family or genus does this plant belong to?"
      },
      {
        "from": "gpt",
        "value": "Cacti belong to the family Cactaceae. There are many genera within this family, with the most well-known being Opuntia (prickly pear), Echinocactus, and Saguaro (Carnegiea gigantea)."
      }
    ]
  },
  {
    "id": "100037",
    "image": "downloaded_images/Plants/Cactus/image_20241018_180301_18.jpg",
    "conversations": [
      {
        "from": "human",
        "value": "<image>\nWhich family or genus does this plant belong to?"
      },
      {
        "from": "gpt",
        "value": "Cacti belong to the family Cactaceae. There are many genera within this family, with the most well-known being Opuntia (prickly pear), Echinocactus, and Saguaro (Carnegiea gigantea)."
      }
    ]
  },
  {
    "id": "100038",
    "image": "downloaded_images/Plants/Cactus/image_20241018_180105_4.jpg",
    "conversations": [
      {
        "from": "human",
        "value": "<image>\nWhich family or genus does this plant belong to?"
      },
      {
        "from": "gpt",
        "value": "Cacti belong to the family Cactaceae. There are many genera within this family, with the most well-known being Opuntia (prickly pear), Echinocactus, and Saguaro (Carnegiea gigantea)."
      }
    ]
  },
  {
    "id": "100039",
    "image": "downloaded_images/Plants/Cactus/image_20241018_180221_13.jpg",
    "conversations": [
      {
        "from": "human",
        "value": "<image>\nHow does this plant reproduce?"
      },
      {
        "from": "gpt",
        "value": "Cacti primarily reproduce through seeds, but they can also propagate through cuttings and, in some species, through runners or offsets."
      }
    ]
  },
  {
    "id": "100040",
    "image": "downloaded_images/Plants/Cactus/image_20241107_191135_22.jpg",
    "conversations": [
      {
        "from": "human",
        "value": "<image>\nHow does this plant reproduce?"
      },
      {
        "from": "gpt",
        "value": "Cacti primarily reproduce through seeds, but they can also propagate through cuttings and, in some species, through runners or offsets."
      }
    ]
  },
  {
    "id": "100041",
    "image": "downloaded_images/Plants/Cactus/image_20241107_191034_15.jpg",
    "conversations": [
      {
        "from": "human",
        "value": "<image>\nHow does this plant reproduce?"
      },
      {
        "from": "gpt",
        "value": "Cacti primarily reproduce through seeds, but they can also propagate through cuttings and, in some species, through runners or offsets."
      }
    ]
  },
  {
    "id": "100042",
    "image": "downloaded_images/Plants/Cactus/image_20241018_180238_15.jpg",
    "conversations": [
      {
        "from": "human",
        "value": "<image>\nHow does this plant reproduce?"
      },
      {
        "from": "gpt",
        "value": "Cacti primarily reproduce through seeds, but they can also propagate through cuttings and, in some species, through runners or offsets."
      }
    ]
  },
  {
    "id": "100043",
    "image": "downloaded_images/Plants/Cactus/image_20241107_191116_20.jpg",
    "conversations": [
      {
        "from": "human",
        "value": "<image>\nHow does this plant reproduce?"
      },
      {
        "from": "gpt",
        "value": "Cacti primarily reproduce through seeds, but they can also propagate through cuttings and, in some species, through runners or offsets."
      }
    ]
  },
  {
    "id": "100044",
    "image": "downloaded_images/Plants/Cactus/image_20241107_191100_18.jpg",
    "conversations": [
      {
        "from": "human",
        "value": "<image>\nIs this plant indigenous to a specific region or is it found worldwide?"
      },
      {
        "from": "gpt",
        "value": "Cacti are primarily native to the Americas, particularly in arid and semi-arid regions, but they are now found globally due to cultivation and ornamental use."
      }
    ]
  },
  {
    "id": "100045",
    "image": "downloaded_images/Plants/Cactus/image_20241018_180132_7.jpg",
    "conversations": [
      {
        "from": "human",
        "value": "<image>\nIs this plant indigenous to a specific region or is it found worldwide?"
      },
      {
        "from": "gpt",
        "value": "Cacti are primarily native to the Americas, particularly in arid and semi-arid regions, but they are now found globally due to cultivation and ornamental use."
      }
    ]
  },
  {
    "id": "100046",
    "image": "downloaded_images/Plants/Cactus/image_20241018_180328_21.jpg",
    "conversations": [
      {
        "from": "human",
        "value": "<image>\nIs this plant indigenous to a specific region or is it found worldwide?"
      },
      {
        "from": "gpt",
        "value": "Cacti are primarily native to the Americas, particularly in arid and semi-arid regions, but they are now found globally due to cultivation and ornamental use."
      }
    ]
  },
  {
    "id": "100047",
    "image": "downloaded_images/Plants/Cactus/image_20241107_190959_11.jpg",
    "conversations": [
      {
        "from": "human",
        "value": "<image>\nIs this plant indigenous to a specific region or is it found worldwide?"
      },
      {
        "from": "gpt",
        "value": "Cacti are primarily native to the Americas, particularly in arid and semi-arid regions, but they are now found globally due to cultivation and ornamental use."
      }
    ]
  },
  {
    "id": "100048",
    "image": "downloaded_images/Plants/Cactus/image_20241107_190843_3.jpg",
    "conversations": [
      {
        "from": "human",
        "value": "<image>\nIs this plant indigenous to a specific region or is it found worldwide?"
      },
      {
        "from": "gpt",
        "value": "Cacti are primarily native to the Americas, particularly in arid and semi-arid regions, but they are now found globally due to cultivation and ornamental use."
      }
    ]
  },
  {
    "id": "100049",
    "image": "downloaded_images/Plants/Cactus/image_20241107_191016_13.jpg",
    "conversations": [
      {
        "from": "human",
        "value": "<image>\nHow does this plant grow?"
      },
      {
        "from": "gpt",
        "value": "Cacti can grow in various forms, including as small herbaceous plants, shrubs, or large trees, depending on the species. Most commonly, they are characterized by their thick, fleshy stems that store water."
      }
    ]
  },
  {
    "id": "100050",
    "image": "downloaded_images/Plants/Cactus/image_20241018_180238_15.jpg",
    "conversations": [
      {
        "from": "human",
        "value": "<image>\nHow does this plant grow?"
      },
      {
        "from": "gpt",
        "value": "Cacti can grow in various forms, including as small herbaceous plants, shrubs, or large trees, depending on the species. Most commonly, they are characterized by their thick, fleshy stems that store water."
      }
    ]
  },
  {
    "id": "100051",
    "image": "downloaded_images/Plants/Cactus/image_20241107_191135_22.jpg",
    "conversations": [
      {
        "from": "human",
        "value": "<image>\nHow does this plant grow?"
      },
      {
        "from": "gpt",
        "value": "Cacti can grow in various forms, including as small herbaceous plants, shrubs, or large trees, depending on the species. Most commonly, they are characterized by their thick, fleshy stems that store water."
      }
    ]
  },
  {
    "id": "100052",
    "image": "downloaded_images/Plants/Cactus/image_20241107_191144_23.jpg",
    "conversations": [
      {
        "from": "human",
        "value": "<image>\nHow does this plant grow?"
      },
      {
        "from": "gpt",
        "value": "Cacti can grow in various forms, including as small herbaceous plants, shrubs, or large trees, depending on the species. Most commonly, they are characterized by their thick, fleshy stems that store water."
      }
    ]
  },
  {
    "id": "100053",
    "image": "downloaded_images/Plants/Cactus/image_20241018_180229_14.jpg",
    "conversations": [
      {
        "from": "human",
        "value": "<image>\nHow does this plant grow?"
      },
      {
        "from": "gpt",
        "value": "Cacti can grow in various forms, including as small herbaceous plants, shrubs, or large trees, depending on the species. Most commonly, they are characterized by their thick, fleshy stems that store water."
      }
    ]
  },
  {
    "id": "200024",
    "image": "downloaded_images/Plants/Cactus/image_20241018_180115_5.jpg",
    "conversations": [
      {
        "from": "human",
        "value": "<image>\nWhat is this plant commonly called?"
      },
      {
        "from": "gpt",
        "value": "The common name of this plant is \"Cactus.\""
      }
    ]
  },
  {
    "id": "200025",
    "image": "downloaded_images/Plants/Cactus/image_20241018_180229_14.jpg",
    "conversations": [
      {
        "from": "human",
        "value": "<image>\nWhat is the taxonomic family or genus of this plant?"
      },
      {
        "from": "gpt",
        "value": "Cacti belong to the family Cactaceae. There are many genera within this family, with the most well-known being Opuntia (prickly pear), Echinocactus, and Saguaro (Carnegiea gigantea)."
      }
    ]
  },
  {
    "id": "200026",
    "image": "downloaded_images/Plants/Cactus/image_20241018_180105_4.jpg",
    "conversations": [
      {
        "from": "human",
        "value": "<image>\nWhat are the methods of reproduction for this plant (seeds, cuttings, runners)?"
      },
      {
        "from": "gpt",
        "value": "Cacti primarily reproduce through seeds, but they can also propagate through cuttings and, in some species, through runners or offsets."
      }
    ]
  },
  {
    "id": "200027",
    "image": "downloaded_images/Plants/Cactus/image_20241018_180115_5.jpg",
    "conversations": [
      {
        "from": "human",
        "value": "<image>\nIs this species native to any particular area, or is it globally distributed?"
      },
      {
        "from": "gpt",
        "value": "Cacti are primarily native to the Americas, particularly in arid and semi-arid regions, but they are now found globally due to cultivation and ornamental use."
      }
    ]
  },
  {
    "id": "200028",
    "image": "downloaded_images/Plants/Cactus/image_20241018_180048_2.jpg",
    "conversations": [
      {
        "from": "human",
        "value": "<image>\nWhat is the growth form of this plant (e.g., tree, shrub, herb)?"
      },
      {
        "from": "gpt",
        "value": "Cacti can grow in various forms, including as small herbaceous plants, shrubs, or large trees, depending on the species. Most commonly, they are characterized by their thick, fleshy stems that store water."
      }
    ]
  },
  {
    "id": "200029",
    "image": "downloaded_images/Plants/Cactus/image_20241107_191100_18.jpg",
    "conversations": [
      {
        "from": "human",
        "value": "<image>\nWhat is this plant commonly called?"
      },
      {
        "from": "gpt",
        "value": "The common name of this plant is \"Cactus.\""
      }
    ]
  },
  {
    "id": "200030",
    "image": "downloaded_images/Plants/Cactus/image_20241107_191201_25.jpg",
    "conversations": [
      {
        "from": "human",
        "value": "<image>\nWhat is this plant commonly called?"
      },
      {
        "from": "gpt",
        "value": "The common name of this plant is \"Cactus.\""
      }
    ]
  },
  {
    "id": "200031",
    "image": "downloaded_images/Plants/Cactus/image_20241018_180356_24.jpg",
    "conversations": [
      {
        "from": "human",
        "value": "<image>\nWhat is this plant commonly called?"
      },
      {
        "from": "gpt",
        "value": "The common name of this plant is \"Cactus.\""
      }
    ]
  },
  {
    "id": "200032",
    "image": "downloaded_images/Plants/Cactus/image_20241107_191034_15.jpg",
    "conversations": [
      {
        "from": "human",
        "value": "<image>\nWhat is this plant commonly called?"
      },
      {
        "from": "gpt",
        "value": "The common name of this plant is \"Cactus.\""
      }
    ]
  },
  {
    "id": "200033",
    "image": "downloaded_images/Plants/Cactus/image_20241107_191210_26.jpg",
    "conversations": [
      {
        "from": "human",
        "value": "<image>\nWhat is this plant commonly called?"
      },
      {
        "from": "gpt",
        "value": "The common name of this plant is \"Cactus.\""
      }
    ]
  },
  {
    "id": "200034",
    "image": "downloaded_images/Plants/Cactus/image_20241107_191116_20.jpg",
    "conversations": [
      {
        "from": "human",
        "value": "<image>\nWhat is the taxonomic family or genus of this plant?"
      },
      {
        "from": "gpt",
        "value": "Cacti belong to the family Cactaceae. There are many genera within this family, with the most well-known being Opuntia (prickly pear), Echinocactus, and Saguaro (Carnegiea gigantea)."
      }
    ]
  },
  {
    "id": "200035",
    "image": "downloaded_images/Plants/Cactus/image_20241018_180238_15.jpg",
    "conversations": [
      {
        "from": "human",
        "value": "<image>\nWhat is the taxonomic family or genus of this plant?"
      },
      {
        "from": "gpt",
        "value": "Cacti belong to the family Cactaceae. There are many genera within this family, with the most well-known being Opuntia (prickly pear), Echinocactus, and Saguaro (Carnegiea gigantea)."
      }
    ]
  },
  {
    "id": "200036",
    "image": "downloaded_images/Plants/Cactus/image_20241107_190852_4.jpg",
    "conversations": [
      {
        "from": "human",
        "value": "<image>\nWhat is the taxonomic family or genus of this plant?"
      },
      {
        "from": "gpt",
        "value": "Cacti belong to the family Cactaceae. There are many genera within this family, with the most well-known being Opuntia (prickly pear), Echinocactus, and Saguaro (Carnegiea gigantea)."
      }
    ]
  },
  {
    "id": "200037",
    "image": "downloaded_images/Plants/Cactus/image_20241018_180301_18.jpg",
    "conversations": [
      {
        "from": "human",
        "value": "<image>\nWhat is the taxonomic family or genus of this plant?"
      },
      {
        "from": "gpt",
        "value": "Cacti belong to the family Cactaceae. There are many genera within this family, with the most well-known being Opuntia (prickly pear), Echinocactus, and Saguaro (Carnegiea gigantea)."
      }
    ]
  },
  {
    "id": "200038",
    "image": "downloaded_images/Plants/Cactus/image_20241018_180105_4.jpg",
    "conversations": [
      {
        "from": "human",
        "value": "<image>\nWhat is the taxonomic family or genus of this plant?"
      },
      {
        "from": "gpt",
        "value": "Cacti belong to the family Cactaceae. There are many genera within this family, with the most well-known being Opuntia (prickly pear), Echinocactus, and Saguaro (Carnegiea gigantea)."
      }
    ]
  },
  {
    "id": "200039",
    "image": "downloaded_images/Plants/Cactus/image_20241018_180221_13.jpg",
    "conversations": [
      {
        "from": "human",
        "value": "<image>\nWhat are the methods of reproduction for this plant (seeds, cuttings, runners)?"
      },
      {
        "from": "gpt",
        "value": "Cacti primarily reproduce through seeds, but they can also propagate through cuttings and, in some species, through runners or offsets."
      }
    ]
  },
  {
    "id": "200040",
    "image": "downloaded_images/Plants/Cactus/image_20241107_191135_22.jpg",
    "conversations": [
      {
        "from": "human",
        "value": "<image>\nWhat are the methods of reproduction for this plant (seeds, cuttings, runners)?"
      },
      {
        "from": "gpt",
        "value": "Cacti primarily reproduce through seeds, but they can also propagate through cuttings and, in some species, through runners or offsets."
      }
    ]
  },
  {
    "id": "200041",
    "image": "downloaded_images/Plants/Cactus/image_20241107_191034_15.jpg",
    "conversations": [
      {
        "from": "human",
        "value": "<image>\nWhat are the methods of reproduction for this plant (seeds, cuttings, runners)?"
      },
      {
        "from": "gpt",
        "value": "Cacti primarily reproduce through seeds, but they can also propagate through cuttings and, in some species, through runners or offsets."
      }
    ]
  },
  {
    "id": "200042",
    "image": "downloaded_images/Plants/Cactus/image_20241018_180238_15.jpg",
    "conversations": [
      {
        "from": "human",
        "value": "<image>\nWhat are the methods of reproduction for this plant (seeds, cuttings, runners)?"
      },
      {
        "from": "gpt",
        "value": "Cacti primarily reproduce through seeds, but they can also propagate through cuttings and, in some species, through runners or offsets."
      }
    ]
  },
  {
    "id": "200043",
    "image": "downloaded_images/Plants/Cactus/image_20241107_191116_20.jpg",
    "conversations": [
      {
        "from": "human",
        "value": "<image>\nWhat are the methods of reproduction for this plant (seeds, cuttings, runners)?"
      },
      {
        "from": "gpt",
        "value": "Cacti primarily reproduce through seeds, but they can also propagate through cuttings and, in some species, through runners or offsets."
      }
    ]
  },
  {
    "id": "200044",
    "image": "downloaded_images/Plants/Cactus/image_20241107_191100_18.jpg",
    "conversations": [
      {
        "from": "human",
        "value": "<image>\nIs this species native to any particular area, or is it globally distributed?"
      },
      {
        "from": "gpt",
        "value": "Cacti are primarily native to the Americas, particularly in arid and semi-arid regions, but they are now found globally due to cultivation and ornamental use."
      }
    ]
  },
  {
    "id": "200045",
    "image": "downloaded_images/Plants/Cactus/image_20241018_180132_7.jpg",
    "conversations": [
      {
        "from": "human",
        "value": "<image>\nIs this species native to any particular area, or is it globally distributed?"
      },
      {
        "from": "gpt",
        "value": "Cacti are primarily native to the Americas, particularly in arid and semi-arid regions, but they are now found globally due to cultivation and ornamental use."
      }
    ]
  },
  {
    "id": "200046",
    "image": "downloaded_images/Plants/Cactus/image_20241018_180328_21.jpg",
    "conversations": [
      {
        "from": "human",
        "value": "<image>\nIs this species native to any particular area, or is it globally distributed?"
      },
      {
        "from": "gpt",
        "value": "Cacti are primarily native to the Americas, particularly in arid and semi-arid regions, but they are now found globally due to cultivation and ornamental use."
      }
    ]
  },
  {
    "id": "200047",
    "image": "downloaded_images/Plants/Cactus/image_20241107_190959_11.jpg",
    "conversations": [
      {
        "from": "human",
        "value": "<image>\nIs this species native to any particular area, or is it globally distributed?"
      },
      {
        "from": "gpt",
        "value": "Cacti are primarily native to the Americas, particularly in arid and semi-arid regions, but they are now found globally due to cultivation and ornamental use."
      }
    ]
  },
  {
    "id": "200048",
    "image": "downloaded_images/Plants/Cactus/image_20241107_190843_3.jpg",
    "conversations": [
      {
        "from": "human",
        "value": "<image>\nIs this species native to any particular area, or is it globally distributed?"
      },
      {
        "from": "gpt",
        "value": "Cacti are primarily native to the Americas, particularly in arid and semi-arid regions, but they are now found globally due to cultivation and ornamental use."
      }
    ]
  },
  {
    "id": "200049",
    "image": "downloaded_images/Plants/Cactus/image_20241107_191016_13.jpg",
    "conversations": [
      {
        "from": "human",
        "value": "<image>\nWhat is the growth form of this plant (e.g., tree, shrub, herb)?"
      },
      {
        "from": "gpt",
        "value": "Cacti can grow in various forms, including as small herbaceous plants, shrubs, or large trees, depending on the species. Most commonly, they are characterized by their thick, fleshy stems that store water."
      }
    ]
  },
  {
    "id": "200050",
    "image": "downloaded_images/Plants/Cactus/image_20241018_180238_15.jpg",
    "conversations": [
      {
        "from": "human",
        "value": "<image>\nWhat is the growth form of this plant (e.g., tree, shrub, herb)?"
      },
      {
        "from": "gpt",
        "value": "Cacti can grow in various forms, including as small herbaceous plants, shrubs, or large trees, depending on the species. Most commonly, they are characterized by their thick, fleshy stems that store water."
      }
    ]
  },
  {
    "id": "200051",
    "image": "downloaded_images/Plants/Cactus/image_20241107_191135_22.jpg",
    "conversations": [
      {
        "from": "human",
        "value": "<image>\nWhat is the growth form of this plant (e.g., tree, shrub, herb)?"
      },
      {
        "from": "gpt",
        "value": "Cacti can grow in various forms, including as small herbaceous plants, shrubs, or large trees, depending on the species. Most commonly, they are characterized by their thick, fleshy stems that store water."
      }
    ]
  },
  {
    "id": "200052",
    "image": "downloaded_images/Plants/Cactus/image_20241107_191144_23.jpg",
    "conversations": [
      {
        "from": "human",
        "value": "<image>\nWhat is the growth form of this plant (e.g., tree, shrub, herb)?"
      },
      {
        "from": "gpt",
        "value": "Cacti can grow in various forms, including as small herbaceous plants, shrubs, or large trees, depending on the species. Most commonly, they are characterized by their thick, fleshy stems that store water."
      }
    ]
  },
  {
    "id": "200053",
    "image": "downloaded_images/Plants/Cactus/image_20241018_180229_14.jpg",
    "conversations": [
      {
        "from": "human",
        "value": "<image>\nWhat is the growth form of this plant (e.g., tree, shrub, herb)?"
      },
      {
        "from": "gpt",
        "value": "Cacti can grow in various forms, including as small herbaceous plants, shrubs, or large trees, depending on the species. Most commonly, they are characterized by their thick, fleshy stems that store water."
      }
    ]
  },
  {
    "id": "300024",
    "image": "downloaded_images/Plants/Cactus/image_20241018_180115_5.jpg",
    "conversations": [
      {
        "from": "human",
        "value": "<image>\nHow is this plant referred to?"
      },
      {
        "from": "gpt",
        "value": "The common name of this plant is \"Cactus.\""
      }
    ]
  },
  {
    "id": "300025",
    "image": "downloaded_images/Plants/Cactus/image_20241018_180229_14.jpg",
    "conversations": [
      {
        "from": "human",
        "value": "<image>\nTo what family or genus is this species classified?"
      },
      {
        "from": "gpt",
        "value": "Cacti belong to the family Cactaceae. There are many genera within this family, with the most well-known being Opuntia (prickly pear), Echinocactus, and Saguaro (Carnegiea gigantea)."
      }
    ]
  },
  {
    "id": "300026",
    "image": "downloaded_images/Plants/Cactus/image_20241018_180105_4.jpg",
    "conversations": [
      {
        "from": "human",
        "value": "<image>\nHow does this plant propagate (through seeds, cuttings, or runners)?"
      },
      {
        "from": "gpt",
        "value": "Cacti primarily reproduce through seeds, but they can also propagate through cuttings and, in some species, through runners or offsets."
      }
    ]
  },
  {
    "id": "300027",
    "image": "downloaded_images/Plants/Cactus/image_20241018_180115_5.jpg",
    "conversations": [
      {
        "from": "human",
        "value": "<image>\nWhere is this plant originally from—regionally or worldwide?"
      },
      {
        "from": "gpt",
        "value": "Cacti are primarily native to the Americas, particularly in arid and semi-arid regions, but they are now found globally due to cultivation and ornamental use."
      }
    ]
  },
  {
    "id": "300028",
    "image": "downloaded_images/Plants/Cactus/image_20241018_180048_2.jpg",
    "conversations": [
      {
        "from": "human",
        "value": "<image>\nIn what way does this plant develop (as a tree, shrub, or herb)?"
      },
      {
        "from": "gpt",
        "value": "Cacti can grow in various forms, including as small herbaceous plants, shrubs, or large trees, depending on the species. Most commonly, they are characterized by their thick, fleshy stems that store water."
      }
    ]
  },
  {
    "id": "300029",
    "image": "downloaded_images/Plants/Cactus/image_20241107_191100_18.jpg",
    "conversations": [
      {
        "from": "human",
        "value": "<image>\nHow is this plant referred to?"
      },
      {
        "from": "gpt",
        "value": "The common name of this plant is \"Cactus.\""
      }
    ]
  },
  {
    "id": "300030",
    "image": "downloaded_images/Plants/Cactus/image_20241107_191201_25.jpg",
    "conversations": [
      {
        "from": "human",
        "value": "<image>\nHow is this plant referred to?"
      },
      {
        "from": "gpt",
        "value": "The common name of this plant is \"Cactus.\""
      }
    ]
  },
  {
    "id": "300031",
    "image": "downloaded_images/Plants/Cactus/image_20241018_180356_24.jpg",
    "conversations": [
      {
        "from": "human",
        "value": "<image>\nHow is this plant referred to?"
      },
      {
        "from": "gpt",
        "value": "The common name of this plant is \"Cactus.\""
      }
    ]
  },
  {
    "id": "300032",
    "image": "downloaded_images/Plants/Cactus/image_20241107_191034_15.jpg",
    "conversations": [
      {
        "from": "human",
        "value": "<image>\nHow is this plant referred to?"
      },
      {
        "from": "gpt",
        "value": "The common name of this plant is \"Cactus.\""
      }
    ]
  },
  {
    "id": "300033",
    "image": "downloaded_images/Plants/Cactus/image_20241107_191210_26.jpg",
    "conversations": [
      {
        "from": "human",
        "value": "<image>\nHow is this plant referred to?"
      },
      {
        "from": "gpt",
        "value": "The common name of this plant is \"Cactus.\""
      }
    ]
  },
  {
    "id": "300034",
    "image": "downloaded_images/Plants/Cactus/image_20241107_191116_20.jpg",
    "conversations": [
      {
        "from": "human",
        "value": "<image>\nTo what family or genus is this species classified?"
      },
      {
        "from": "gpt",
        "value": "Cacti belong to the family Cactaceae. There are many genera within this family, with the most well-known being Opuntia (prickly pear), Echinocactus, and Saguaro (Carnegiea gigantea)."
      }
    ]
  },
  {
    "id": "300035",
    "image": "downloaded_images/Plants/Cactus/image_20241018_180238_15.jpg",
    "conversations": [
      {
        "from": "human",
        "value": "<image>\nTo what family or genus is this species classified?"
      },
      {
        "from": "gpt",
        "value": "Cacti belong to the family Cactaceae. There are many genera within this family, with the most well-known being Opuntia (prickly pear), Echinocactus, and Saguaro (Carnegiea gigantea)."
      }
    ]
  },
  {
    "id": "300036",
    "image": "downloaded_images/Plants/Cactus/image_20241107_190852_4.jpg",
    "conversations": [
      {
        "from": "human",
        "value": "<image>\nTo what family or genus is this species classified?"
      },
      {
        "from": "gpt",
        "value": "Cacti belong to the family Cactaceae. There are many genera within this family, with the most well-known being Opuntia (prickly pear), Echinocactus, and Saguaro (Carnegiea gigantea)."
      }
    ]
  },
  {
    "id": "300037",
    "image": "downloaded_images/Plants/Cactus/image_20241018_180301_18.jpg",
    "conversations": [
      {
        "from": "human",
        "value": "<image>\nTo what family or genus is this species classified?"
      },
      {
        "from": "gpt",
        "value": "Cacti belong to the family Cactaceae. There are many genera within this family, with the most well-known being Opuntia (prickly pear), Echinocactus, and Saguaro (Carnegiea gigantea)."
      }
    ]
  },
  {
    "id": "300038",
    "image": "downloaded_images/Plants/Cactus/image_20241018_180105_4.jpg",
    "conversations": [
      {
        "from": "human",
        "value": "<image>\nTo what family or genus is this species classified?"
      },
      {
        "from": "gpt",
        "value": "Cacti belong to the family Cactaceae. There are many genera within this family, with the most well-known being Opuntia (prickly pear), Echinocactus, and Saguaro (Carnegiea gigantea)."
      }
    ]
  },
  {
    "id": "300039",
    "image": "downloaded_images/Plants/Cactus/image_20241018_180221_13.jpg",
    "conversations": [
      {
        "from": "human",
        "value": "<image>\nHow does this plant propagate (through seeds, cuttings, or runners)?"
      },
      {
        "from": "gpt",
        "value": "Cacti primarily reproduce through seeds, but they can also propagate through cuttings and, in some species, through runners or offsets."
      }
    ]
  },
  {
    "id": "300040",
    "image": "downloaded_images/Plants/Cactus/image_20241107_191135_22.jpg",
    "conversations": [
      {
        "from": "human",
        "value": "<image>\nHow does this plant propagate (through seeds, cuttings, or runners)?"
      },
      {
        "from": "gpt",
        "value": "Cacti primarily reproduce through seeds, but they can also propagate through cuttings and, in some species, through runners or offsets."
      }
    ]
  },
  {
    "id": "300041",
    "image": "downloaded_images/Plants/Cactus/image_20241107_191034_15.jpg",
    "conversations": [
      {
        "from": "human",
        "value": "<image>\nHow does this plant propagate (through seeds, cuttings, or runners)?"
      },
      {
        "from": "gpt",
        "value": "Cacti primarily reproduce through seeds, but they can also propagate through cuttings and, in some species, through runners or offsets."
      }
    ]
  },
  {
    "id": "300042",
    "image": "downloaded_images/Plants/Cactus/image_20241018_180238_15.jpg",
    "conversations": [
      {
        "from": "human",
        "value": "<image>\nHow does this plant propagate (through seeds, cuttings, or runners)?"
      },
      {
        "from": "gpt",
        "value": "Cacti primarily reproduce through seeds, but they can also propagate through cuttings and, in some species, through runners or offsets."
      }
    ]
  },
  {
    "id": "300043",
    "image": "downloaded_images/Plants/Cactus/image_20241107_191116_20.jpg",
    "conversations": [
      {
        "from": "human",
        "value": "<image>\nHow does this plant propagate (through seeds, cuttings, or runners)?"
      },
      {
        "from": "gpt",
        "value": "Cacti primarily reproduce through seeds, but they can also propagate through cuttings and, in some species, through runners or offsets."
      }
    ]
  },
  {
    "id": "300044",
    "image": "downloaded_images/Plants/Cactus/image_20241107_191100_18.jpg",
    "conversations": [
      {
        "from": "human",
        "value": "<image>\nWhere is this plant originally from—regionally or worldwide?"
      },
      {
        "from": "gpt",
        "value": "Cacti are primarily native to the Americas, particularly in arid and semi-arid regions, but they are now found globally due to cultivation and ornamental use."
      }
    ]
  },
  {
    "id": "300045",
    "image": "downloaded_images/Plants/Cactus/image_20241018_180132_7.jpg",
    "conversations": [
      {
        "from": "human",
        "value": "<image>\nWhere is this plant originally from—regionally or worldwide?"
      },
      {
        "from": "gpt",
        "value": "Cacti are primarily native to the Americas, particularly in arid and semi-arid regions, but they are now found globally due to cultivation and ornamental use."
      }
    ]
  },
  {
    "id": "300046",
    "image": "downloaded_images/Plants/Cactus/image_20241018_180328_21.jpg",
    "conversations": [
      {
        "from": "human",
        "value": "<image>\nWhere is this plant originally from—regionally or worldwide?"
      },
      {
        "from": "gpt",
        "value": "Cacti are primarily native to the Americas, particularly in arid and semi-arid regions, but they are now found globally due to cultivation and ornamental use."
      }
    ]
  },
  {
    "id": "300047",
    "image": "downloaded_images/Plants/Cactus/image_20241107_190959_11.jpg",
    "conversations": [
      {
        "from": "human",
        "value": "<image>\nWhere is this plant originally from—regionally or worldwide?"
      },
      {
        "from": "gpt",
        "value": "Cacti are primarily native to the Americas, particularly in arid and semi-arid regions, but they are now found globally due to cultivation and ornamental use."
      }
    ]
  },
  {
    "id": "300048",
    "image": "downloaded_images/Plants/Cactus/image_20241107_190843_3.jpg",
    "conversations": [
      {
        "from": "human",
        "value": "<image>\nWhere is this plant originally from—regionally or worldwide?"
      },
      {
        "from": "gpt",
        "value": "Cacti are primarily native to the Americas, particularly in arid and semi-arid regions, but they are now found globally due to cultivation and ornamental use."
      }
    ]
  },
  {
    "id": "300049",
    "image": "downloaded_images/Plants/Cactus/image_20241107_191016_13.jpg",
    "conversations": [
      {
        "from": "human",
        "value": "<image>\nIn what way does this plant develop (as a tree, shrub, or herb)?"
      },
      {
        "from": "gpt",
        "value": "Cacti can grow in various forms, including as small herbaceous plants, shrubs, or large trees, depending on the species. Most commonly, they are characterized by their thick, fleshy stems that store water."
      }
    ]
  },
  {
    "id": "300050",
    "image": "downloaded_images/Plants/Cactus/image_20241018_180238_15.jpg",
    "conversations": [
      {
        "from": "human",
        "value": "<image>\nIn what way does this plant develop (as a tree, shrub, or herb)?"
      },
      {
        "from": "gpt",
        "value": "Cacti can grow in various forms, including as small herbaceous plants, shrubs, or large trees, depending on the species. Most commonly, they are characterized by their thick, fleshy stems that store water."
      }
    ]
  },
  {
    "id": "300051",
    "image": "downloaded_images/Plants/Cactus/image_20241107_191135_22.jpg",
    "conversations": [
      {
        "from": "human",
        "value": "<image>\nIn what way does this plant develop (as a tree, shrub, or herb)?"
      },
      {
        "from": "gpt",
        "value": "Cacti can grow in various forms, including as small herbaceous plants, shrubs, or large trees, depending on the species. Most commonly, they are characterized by their thick, fleshy stems that store water."
      }
    ]
  },
  {
    "id": "300052",
    "image": "downloaded_images/Plants/Cactus/image_20241107_191144_23.jpg",
    "conversations": [
      {
        "from": "human",
        "value": "<image>\nIn what way does this plant develop (as a tree, shrub, or herb)?"
      },
      {
        "from": "gpt",
        "value": "Cacti can grow in various forms, including as small herbaceous plants, shrubs, or large trees, depending on the species. Most commonly, they are characterized by their thick, fleshy stems that store water."
      }
    ]
  },
  {
    "id": "300053",
    "image": "downloaded_images/Plants/Cactus/image_20241018_180229_14.jpg",
    "conversations": [
      {
        "from": "human",
        "value": "<image>\nIn what way does this plant develop (as a tree, shrub, or herb)?"
      },
      {
        "from": "gpt",
        "value": "Cacti can grow in various forms, including as small herbaceous plants, shrubs, or large trees, depending on the species. Most commonly, they are characterized by their thick, fleshy stems that store water."
      }
    ]
  },
  {
    "id": "400024",
    "image": "downloaded_images/Plants/Cactus/image_20241018_180115_5.jpg",
    "conversations": [
      {
        "from": "human",
        "value": "<image>\nWhat do people usually call this plant?"
      },
      {
        "from": "gpt",
        "value": "The common name of this plant is \"Cactus.\""
      }
    ]
  },
  {
    "id": "400025",
    "image": "downloaded_images/Plants/Cactus/image_20241018_180229_14.jpg",
    "conversations": [
      {
        "from": "human",
        "value": "<image>\nWhat family does this plant fall under?"
      },
      {
        "from": "gpt",
        "value": "Cacti belong to the family Cactaceae. There are many genera within this family, with the most well-known being Opuntia (prickly pear), Echinocactus, and Saguaro (Carnegiea gigantea)."
      }
    ]
  },
  {
    "id": "400026",
    "image": "downloaded_images/Plants/Cactus/image_20241018_180105_4.jpg",
    "conversations": [
      {
        "from": "human",
        "value": "<image>\nWhat is the reproductive process of this plant?"
      },
      {
        "from": "gpt",
        "value": "Cacti primarily reproduce through seeds, but they can also propagate through cuttings and, in some species, through runners or offsets."
      }
    ]
  },
  {
    "id": "400027",
    "image": "downloaded_images/Plants/Cactus/image_20241018_180115_5.jpg",
    "conversations": [
      {
        "from": "human",
        "value": "<image>\nDoes this plant grow in a specific region, or is it found everywhere?"
      },
      {
        "from": "gpt",
        "value": "Cacti are primarily native to the Americas, particularly in arid and semi-arid regions, but they are now found globally due to cultivation and ornamental use."
      }
    ]
  },
  {
    "id": "400028",
    "image": "downloaded_images/Plants/Cactus/image_20241018_180048_2.jpg",
    "conversations": [
      {
        "from": "human",
        "value": "<image>\nWhat type of growth habit does this plant exhibit (e.g., tree, shrub, herb)?"
      },
      {
        "from": "gpt",
        "value": "Cacti can grow in various forms, including as small herbaceous plants, shrubs, or large trees, depending on the species. Most commonly, they are characterized by their thick, fleshy stems that store water."
      }
    ]
  },
  {
    "id": "400029",
    "image": "downloaded_images/Plants/Cactus/image_20241107_191100_18.jpg",
    "conversations": [
      {
        "from": "human",
        "value": "<image>\nWhat do people usually call this plant?"
      },
      {
        "from": "gpt",
        "value": "The common name of this plant is \"Cactus.\""
      }
    ]
  },
  {
    "id": "400030",
    "image": "downloaded_images/Plants/Cactus/image_20241107_191201_25.jpg",
    "conversations": [
      {
        "from": "human",
        "value": "<image>\nWhat do people usually call this plant?"
      },
      {
        "from": "gpt",
        "value": "The common name of this plant is \"Cactus.\""
      }
    ]
  },
  {
    "id": "400031",
    "image": "downloaded_images/Plants/Cactus/image_20241018_180356_24.jpg",
    "conversations": [
      {
        "from": "human",
        "value": "<image>\nWhat do people usually call this plant?"
      },
      {
        "from": "gpt",
        "value": "The common name of this plant is \"Cactus.\""
      }
    ]
  },
  {
    "id": "400032",
    "image": "downloaded_images/Plants/Cactus/image_20241107_191034_15.jpg",
    "conversations": [
      {
        "from": "human",
        "value": "<image>\nWhat do people usually call this plant?"
      },
      {
        "from": "gpt",
        "value": "The common name of this plant is \"Cactus.\""
      }
    ]
  },
  {
    "id": "400033",
    "image": "downloaded_images/Plants/Cactus/image_20241107_191210_26.jpg",
    "conversations": [
      {
        "from": "human",
        "value": "<image>\nWhat do people usually call this plant?"
      },
      {
        "from": "gpt",
        "value": "The common name of this plant is \"Cactus.\""
      }
    ]
  },
  {
    "id": "400034",
    "image": "downloaded_images/Plants/Cactus/image_20241107_191116_20.jpg",
    "conversations": [
      {
        "from": "human",
        "value": "<image>\nWhat family does this plant fall under?"
      },
      {
        "from": "gpt",
        "value": "Cacti belong to the family Cactaceae. There are many genera within this family, with the most well-known being Opuntia (prickly pear), Echinocactus, and Saguaro (Carnegiea gigantea)."
      }
    ]
  },
  {
    "id": "400035",
    "image": "downloaded_images/Plants/Cactus/image_20241018_180238_15.jpg",
    "conversations": [
      {
        "from": "human",
        "value": "<image>\nWhat family does this plant fall under?"
      },
      {
        "from": "gpt",
        "value": "Cacti belong to the family Cactaceae. There are many genera within this family, with the most well-known being Opuntia (prickly pear), Echinocactus, and Saguaro (Carnegiea gigantea)."
      }
    ]
  },
  {
    "id": "400036",
    "image": "downloaded_images/Plants/Cactus/image_20241107_190852_4.jpg",
    "conversations": [
      {
        "from": "human",
        "value": "<image>\nWhat family does this plant fall under?"
      },
      {
        "from": "gpt",
        "value": "Cacti belong to the family Cactaceae. There are many genera within this family, with the most well-known being Opuntia (prickly pear), Echinocactus, and Saguaro (Carnegiea gigantea)."
      }
    ]
  },
  {
    "id": "400037",
    "image": "downloaded_images/Plants/Cactus/image_20241018_180301_18.jpg",
    "conversations": [
      {
        "from": "human",
        "value": "<image>\nWhat family does this plant fall under?"
      },
      {
        "from": "gpt",
        "value": "Cacti belong to the family Cactaceae. There are many genera within this family, with the most well-known being Opuntia (prickly pear), Echinocactus, and Saguaro (Carnegiea gigantea)."
      }
    ]
  },
  {
    "id": "400038",
    "image": "downloaded_images/Plants/Cactus/image_20241018_180105_4.jpg",
    "conversations": [
      {
        "from": "human",
        "value": "<image>\nWhat family does this plant fall under?"
      },
      {
        "from": "gpt",
        "value": "Cacti belong to the family Cactaceae. There are many genera within this family, with the most well-known being Opuntia (prickly pear), Echinocactus, and Saguaro (Carnegiea gigantea)."
      }
    ]
  },
  {
    "id": "400039",
    "image": "downloaded_images/Plants/Cactus/image_20241018_180221_13.jpg",
    "conversations": [
      {
        "from": "human",
        "value": "<image>\nWhat is the reproductive process of this plant?"
      },
      {
        "from": "gpt",
        "value": "Cacti primarily reproduce through seeds, but they can also propagate through cuttings and, in some species, through runners or offsets."
      }
    ]
  },
  {
    "id": "400040",
    "image": "downloaded_images/Plants/Cactus/image_20241107_191135_22.jpg",
    "conversations": [
      {
        "from": "human",
        "value": "<image>\nWhat is the reproductive process of this plant?"
      },
      {
        "from": "gpt",
        "value": "Cacti primarily reproduce through seeds, but they can also propagate through cuttings and, in some species, through runners or offsets."
      }
    ]
  },
  {
    "id": "400041",
    "image": "downloaded_images/Plants/Cactus/image_20241107_191034_15.jpg",
    "conversations": [
      {
        "from": "human",
        "value": "<image>\nWhat is the reproductive process of this plant?"
      },
      {
        "from": "gpt",
        "value": "Cacti primarily reproduce through seeds, but they can also propagate through cuttings and, in some species, through runners or offsets."
      }
    ]
  },
  {
    "id": "400042",
    "image": "downloaded_images/Plants/Cactus/image_20241018_180238_15.jpg",
    "conversations": [
      {
        "from": "human",
        "value": "<image>\nWhat is the reproductive process of this plant?"
      },
      {
        "from": "gpt",
        "value": "Cacti primarily reproduce through seeds, but they can also propagate through cuttings and, in some species, through runners or offsets."
      }
    ]
  },
  {
    "id": "400043",
    "image": "downloaded_images/Plants/Cactus/image_20241107_191116_20.jpg",
    "conversations": [
      {
        "from": "human",
        "value": "<image>\nWhat is the reproductive process of this plant?"
      },
      {
        "from": "gpt",
        "value": "Cacti primarily reproduce through seeds, but they can also propagate through cuttings and, in some species, through runners or offsets."
      }
    ]
  },
  {
    "id": "400044",
    "image": "downloaded_images/Plants/Cactus/image_20241107_191100_18.jpg",
    "conversations": [
      {
        "from": "human",
        "value": "<image>\nDoes this plant grow in a specific region, or is it found everywhere?"
      },
      {
        "from": "gpt",
        "value": "Cacti are primarily native to the Americas, particularly in arid and semi-arid regions, but they are now found globally due to cultivation and ornamental use."
      }
    ]
  },
  {
    "id": "400045",
    "image": "downloaded_images/Plants/Cactus/image_20241018_180132_7.jpg",
    "conversations": [
      {
        "from": "human",
        "value": "<image>\nDoes this plant grow in a specific region, or is it found everywhere?"
      },
      {
        "from": "gpt",
        "value": "Cacti are primarily native to the Americas, particularly in arid and semi-arid regions, but they are now found globally due to cultivation and ornamental use."
      }
    ]
  },
  {
    "id": "400046",
    "image": "downloaded_images/Plants/Cactus/image_20241018_180328_21.jpg",
    "conversations": [
      {
        "from": "human",
        "value": "<image>\nDoes this plant grow in a specific region, or is it found everywhere?"
      },
      {
        "from": "gpt",
        "value": "Cacti are primarily native to the Americas, particularly in arid and semi-arid regions, but they are now found globally due to cultivation and ornamental use."
      }
    ]
  },
  {
    "id": "400047",
    "image": "downloaded_images/Plants/Cactus/image_20241107_190959_11.jpg",
    "conversations": [
      {
        "from": "human",
        "value": "<image>\nDoes this plant grow in a specific region, or is it found everywhere?"
      },
      {
        "from": "gpt",
        "value": "Cacti are primarily native to the Americas, particularly in arid and semi-arid regions, but they are now found globally due to cultivation and ornamental use."
      }
    ]
  },
  {
    "id": "400048",
    "image": "downloaded_images/Plants/Cactus/image_20241107_190843_3.jpg",
    "conversations": [
      {
        "from": "human",
        "value": "<image>\nDoes this plant grow in a specific region, or is it found everywhere?"
      },
      {
        "from": "gpt",
        "value": "Cacti are primarily native to the Americas, particularly in arid and semi-arid regions, but they are now found globally due to cultivation and ornamental use."
      }
    ]
  },
  {
    "id": "400049",
    "image": "downloaded_images/Plants/Cactus/image_20241107_191016_13.jpg",
    "conversations": [
      {
        "from": "human",
        "value": "<image>\nWhat type of growth habit does this plant exhibit (e.g., tree, shrub, herb)?"
      },
      {
        "from": "gpt",
        "value": "Cacti can grow in various forms, including as small herbaceous plants, shrubs, or large trees, depending on the species. Most commonly, they are characterized by their thick, fleshy stems that store water."
      }
    ]
  },
  {
    "id": "400050",
    "image": "downloaded_images/Plants/Cactus/image_20241018_180238_15.jpg",
    "conversations": [
      {
        "from": "human",
        "value": "<image>\nWhat type of growth habit does this plant exhibit (e.g., tree, shrub, herb)?"
      },
      {
        "from": "gpt",
        "value": "Cacti can grow in various forms, including as small herbaceous plants, shrubs, or large trees, depending on the species. Most commonly, they are characterized by their thick, fleshy stems that store water."
      }
    ]
  },
  {
    "id": "400051",
    "image": "downloaded_images/Plants/Cactus/image_20241107_191135_22.jpg",
    "conversations": [
      {
        "from": "human",
        "value": "<image>\nWhat type of growth habit does this plant exhibit (e.g., tree, shrub, herb)?"
      },
      {
        "from": "gpt",
        "value": "Cacti can grow in various forms, including as small herbaceous plants, shrubs, or large trees, depending on the species. Most commonly, they are characterized by their thick, fleshy stems that store water."
      }
    ]
  },
  {
    "id": "400052",
    "image": "downloaded_images/Plants/Cactus/image_20241107_191144_23.jpg",
    "conversations": [
      {
        "from": "human",
        "value": "<image>\nWhat type of growth habit does this plant exhibit (e.g., tree, shrub, herb)?"
      },
      {
        "from": "gpt",
        "value": "Cacti can grow in various forms, including as small herbaceous plants, shrubs, or large trees, depending on the species. Most commonly, they are characterized by their thick, fleshy stems that store water."
      }
    ]
  },
  {
    "id": "400053",
    "image": "downloaded_images/Plants/Cactus/image_20241018_180229_14.jpg",
    "conversations": [
      {
        "from": "human",
        "value": "<image>\nWhat type of growth habit does this plant exhibit (e.g., tree, shrub, herb)?"
      },
      {
        "from": "gpt",
        "value": "Cacti can grow in various forms, including as small herbaceous plants, shrubs, or large trees, depending on the species. Most commonly, they are characterized by their thick, fleshy stems that store water."
      }
    ]
  }
]