[
    {
        "id": "1",
        "image": "downloaded_images/TV series/Game_of_Thrones/image_20241018_185955_15.jpg",
        "conversations": [
            {
                "from": "human",
                "value": "<image>\nWhat is the title of this television show?"
            },
            {
                "from": "gpt",
                "value": "The title of the TV series is \"Game of Thrones.\""
            }
        ]
    },
    {
        "id": "2",
        "image": "downloaded_images/TV series/Game_of_Thrones/image_20241018_185955_15.jpg",
        "conversations": [
            {
                "from": "human",
                "value": "<image>\nWho developed or produced this television series?"
            },
            {
                "from": "gpt",
                "value": "\"Game of Thrones\" was created by David Benioff and D.B. Weiss, based on the book series \"A Song of Ice and Fire\" by George R.R. Martin."
            }
        ]
    },
    {
        "id": "3",
        "image": "downloaded_images/TV series/Game_of_Thrones/image_20241018_190004_16.jpg",
        "conversations": [
            {
                "from": "human",
                "value": "<image>\nWhat year did this television series first air?"
            },
            {
                "from": "gpt",
                "value": "\"Game of Thrones\" first premiered on April 17, 2011."
            }
        ]
    },
    {
        "id": "4",
        "image": "downloaded_images/TV series/Game_of_Thrones/image_20241018_190004_16.jpg",
        "conversations": [
            {
                "from": "human",
                "value": "<image>\nWho are the main cast members of this show?"
            },
            {
                "from": "gpt",
                "value": "The main actors and actresses in \"Game of Thrones\" include:\n     - Emilia Clarke as Daenerys Targaryen\n     - Kit Harington as Jon Snow\n     - Peter Dinklage as Tyrion Lannister\n     - Lena Headey as Cersei Lannister\n     - Nikolaj Coster-Waldau as Jaime Lannister\n     - Sophie Turner as Sansa Stark\n     - Maisie Williams as Arya Stark\n     - Isaac Hempstead Wright as Bran Stark"
            }
        ]
    },
    {
        "id": "5",
        "image": "downloaded_images/TV series/Game_of_Thrones/image_20241107_201046_1.jpg",
        "conversations": [
            {
                "from": "human",
                "value": "<image>\nWhat is the central theme of this television series?"
            },
            {
                "from": "gpt",
                "value": "The central storyline of \"Game of Thrones\" revolves around the power struggles among noble families as they vie for control of the Iron Throne and the Seven Kingdoms of Westeros. The series features themes of loyalty, betrayal, honor, and the impact of war, while also incorporating elements of fantasy, such as dragons and the looming threat of the White Walkers from beyond the Wall. The intricate political machinations and character developments drive the narrative, leading to unexpected twists and dramatic confrontations."
            }
        ]
    },
    {
        "id": "6",
        "image": "downloaded_images/TV series/Black_Mirror/image_20241018_190348_4.jpg",
        "conversations": [
            {
                "from": "human",
                "value": "<image>\nWhat is the title of this television show?"
            },
            {
                "from": "gpt",
                "value": "The title of the TV series is \"Black Mirror.\""
            }
        ]
    },
    {
        "id": "7",
        "image": "downloaded_images/TV series/Black_Mirror/image_20241018_190348_4.jpg",
        "conversations": [
            {
                "from": "human",
                "value": "<image>\nWho developed or produced this television series?"
            },
            {
                "from": "gpt",
                "value": "\"Black Mirror\" was created by Charlie Brooker."
            }
        ]
    },
    {
        "id": "8",
        "image": "downloaded_images/TV series/Black_Mirror/image_20241018_190328_2.jpg",
        "conversations": [
            {
                "from": "human",
                "value": "<image>\nWhat year did this television series first air?"
            },
            {
                "from": "gpt",
                "value": "The series first premiered on December 4, 2011."
            }
        ]
    },
    {
        "id": "9",
        "image": "downloaded_images/TV series/Black_Mirror/image_20241018_190328_2.jpg",
        "conversations": [
            {
                "from": "human",
                "value": "<image>\nWho are the main cast members of this show?"
            },
            {
                "from": "gpt",
                "value": "\"Black Mirror\" features a rotating cast, but some notable actors include Daniel Kaluuya, Bryce Dallas Howard, Jon Hamm, and Andrew Scott, among others."
            }
        ]
    },
    {
        "id": "10",
        "image": "downloaded_images/TV series/Black_Mirror/image_20241107_201818_3.jpg",
        "conversations": [
            {
                "from": "human",
                "value": "<image>\nWhat is the central theme of this television series?"
            },
            {
                "from": "gpt",
                "value": "\"Black Mirror\" is an anthology series that explores the dark and often dystopian aspects of modern society and technology. Each episode presents a standalone story that examines the potential consequences of technological advancements and human behavior, often highlighting themes of isolation, identity, and the impact of digital culture on our lives."
            }
        ]
    },
    {
        "id": "11",
        "image": "downloaded_images/TV series/Sherlock_Holmes_TV_Series/image_20241018_190859_1.jpg",
        "conversations": [
            {
                "from": "human",
                "value": "<image>\nWhat is the title of this television show?"
            },
            {
                "from": "gpt",
                "value": "**\n   - The title of the TV series is \"Sherlock.\""
            }
        ]
    },
    {
        "id": "12",
        "image": "downloaded_images/TV series/Sherlock_Holmes_TV_Series/image_20241018_190859_1.jpg",
        "conversations": [
            {
                "from": "human",
                "value": "<image>\nWho developed or produced this television series?"
            },
            {
                "from": "gpt",
                "value": "**\n   - \"Sherlock\" was created by Steven Moffat and Mark Gatiss."
            }
        ]
    },
    {
        "id": "13",
        "image": "downloaded_images/TV series/Sherlock_Holmes_TV_Series/image_20241018_190916_3.jpg",
        "conversations": [
            {
                "from": "human",
                "value": "<image>\nWhat year did this television series first air?"
            },
            {
                "from": "gpt",
                "value": "**\n   - The series first premiered on July 25, 2010."
            }
        ]
    },
    {
        "id": "14",
        "image": "downloaded_images/TV series/Sherlock_Holmes_TV_Series/image_20241018_190916_3.jpg",
        "conversations": [
            {
                "from": "human",
                "value": "<image>\nWho are the main cast members of this show?"
            },
            {
                "from": "gpt",
                "value": "**\n   - The main actors in \"Sherlock\" are Benedict Cumberbatch as Sherlock Holmes and Martin Freeman as Dr. John Watson."
            }
        ]
    },
    {
        "id": "15",
        "image": "downloaded_images/TV series/Sherlock_Holmes_TV_Series/image_20241107_202437_1.jpg",
        "conversations": [
            {
                "from": "human",
                "value": "<image>\nWhat is the central theme of this television series?"
            },
            {
                "from": "gpt",
                "value": "**\n   - The central storyline of \"Sherlock\" revolves around the modern-day adaptation of Sir Arthur Conan Doyle's classic detective stories. It follows the brilliant but eccentric detective Sherlock Holmes and his friend Dr. John Watson as they solve complex criminal cases in contemporary London, utilizing Holmes' keen observational skills and deductive reasoning."
            }
        ]
    },
    {
        "id": "16",
        "image": "downloaded_images/TV series/Yes_Minister/image_20241018_191419_1.jpg",
        "conversations": [
            {
                "from": "human",
                "value": "<image>\nWhat is the title of this television show?"
            },
            {
                "from": "gpt",
                "value": "**\n   - The title of the TV series is \"Yes Minister.\""
            }
        ]
    },
    {
        "id": "17",
        "image": "downloaded_images/TV series/Yes_Minister/image_20241018_191456_5.jpg",
        "conversations": [
            {
                "from": "human",
                "value": "<image>\nWho are the main cast members of this show?"
            },
            {
                "from": "gpt",
                "value": "**\n   - The main actors in \"Yes Minister\" include Paul Eddington as Jim Hacker, Nigel Hawthorne as Sir Humphrey Appleby, and Derek Fowlds as Bernard Woolley."
            }
        ]
    },
    {
        "id": "18",
        "image": "downloaded_images/TV series/Yes_Minister/image_20241018_191456_5.jpg",
        "conversations": [
            {
                "from": "human",
                "value": "<image>\nWhat is the central theme of this television series?"
            },
            {
                "from": "gpt",
                "value": "**\n   - \"Yes Minister\" is a political satire that follows the life of Jim Hacker, a newly appointed Minister for Administrative Affairs, as he navigates the complexities of British politics. The series humorously explores the relationship between Hacker and his permanent secretary, Sir Humphrey Appleby, who often manipulates situations to maintain the status quo and protect the interests of the civil service. The show highlights the challenges of governance, bureaucracy, and the often humorous power struggles within the political system."
            }
        ]
    },
    {
        "id": "19",
        "image": "downloaded_images/TV series/Yes_Prime_Minister/image_20241018_191438_3.jpg",
        "conversations": [
            {
                "from": "human",
                "value": "<image>\nWhat is the title of this television show?"
            },
            {
                "from": "gpt",
                "value": "**\n   - Yes Prime Minister"
            }
        ]
    },
    {
        "id": "20",
        "image": "downloaded_images/TV series/Yes_Prime_Minister/image_20241018_192156_13.jpg",
        "conversations": [
            {
                "from": "human",
                "value": "<image>\nWhat is the central theme of this television series?"
            },
            {
                "from": "gpt",
                "value": "**\n   - Yes Prime Minister is a political satire that follows the fictional Prime Minister Jim Hacker as he navigates the complexities of government and politics, often clashing with his permanent secretary, Sir Humphrey Appleby, who represents the entrenched bureaucracy. The series humorously explores themes of power, manipulation, and the challenges of governance."
            }
        ]
    },
    {
        "id": "21",
        "image": "downloaded_images/TV series/The_Big_Bang_Theory/image_20241018_192627_7.jpg",
        "conversations": [
            {
                "from": "human",
                "value": "<image>\nWhat is the title of this television show?"
            },
            {
                "from": "gpt",
                "value": "The Big Bang Theory"
            }
        ]
    },
    {
        "id": "22",
        "image": "downloaded_images/TV series/The_Big_Bang_Theory/image_20241018_192627_7.jpg",
        "conversations": [
            {
                "from": "human",
                "value": "<image>\nWho developed or produced this television series?"
            },
            {
                "from": "gpt",
                "value": "The series was created by Chuck Lorre and Bill Prady."
            }
        ]
    },
    {
        "id": "23",
        "image": "downloaded_images/TV series/The_Big_Bang_Theory/image_20241018_192659_11.jpg",
        "conversations": [
            {
                "from": "human",
                "value": "<image>\nWhat year did this television series first air?"
            },
            {
                "from": "gpt",
                "value": "The Big Bang Theory first premiered on September 24, 2007."
            }
        ]
    },
    {
        "id": "24",
        "image": "downloaded_images/TV series/The_Big_Bang_Theory/image_20241018_192803_18.jpg",
        "conversations": [
            {
                "from": "human",
                "value": "<image>\nWhat is the central theme of this television series?"
            },
            {
                "from": "gpt",
                "value": "The Big Bang Theory follows a group of socially awkward scientists and their interactions with each other and the outside world, particularly focusing on the relationship between physicists Leonard and Sheldon, their neighbor Penny, and their friends Howard and Raj. The series explores themes of friendship, romance, and the challenges of being a nerd in a modern world."
            }
        ]
    },
    {
        "id": "25",
        "image": "downloaded_images/TV series/Star_Trek_Discovery/image_20241018_193140_3.jpg",
        "conversations": [
            {
                "from": "human",
                "value": "<image>\nWhat is the title of this television show?"
            },
            {
                "from": "gpt",
                "value": "The title of the TV series is \"Star Trek: Discovery.\""
            }
        ]
    },
    {
        "id": "26",
        "image": "downloaded_images/TV series/Star_Trek_Discovery/image_20241018_193331_15.jpg",
        "conversations": [
            {
                "from": "human",
                "value": "<image>\nWho developed or produced this television series?"
            },
            {
                "from": "gpt",
                "value": "\"Star Trek: Discovery\" was created by Bryan Fuller and Alex Kurtzman."
            }
        ]
    },
    {
        "id": "27",
        "image": "downloaded_images/TV series/Star_Trek_Discovery/image_20241018_193057_1.jpg",
        "conversations": [
            {
                "from": "human",
                "value": "<image>\nWhat year did this television series first air?"
            },
            {
                "from": "gpt",
                "value": "The series first premiered on September 24, 2017."
            }
        ]
    },
    {
        "id": "28",
        "image": "downloaded_images/TV series/Star_Trek_Discovery/image_20241018_193057_1.jpg",
        "conversations": [
            {
                "from": "human",
                "value": "<image>\nWho are the main cast members of this show?"
            },
            {
                "from": "gpt",
                "value": "The main cast includes Sonequa Martin-Green as Michael Burnham, Doug Jones as Saru, Anthony Rapp as Paul Stamets, Mary Wiseman as Sylvia Tilly, and Jason Isaacs as Gabriel Lorca, among others."
            }
        ]
    },
    {
        "id": "29",
        "image": "downloaded_images/TV series/Star_Trek_Discovery/image_20241107_205622_4.jpg",
        "conversations": [
            {
                "from": "human",
                "value": "<image>\nWhat is the central theme of this television series?"
            },
            {
                "from": "gpt",
                "value": "\"Star Trek: Discovery\" follows the adventures of the USS Discovery and its crew as they explore new worlds and civilizations in the 23rd century, a decade before the events of the original \"Star Trek\" series. The story primarily centers around Michael Burnham, a human raised by Vulcans, who finds herself at the center of a conflict between the United Federation of Planets and the Klingon Empire, while also exploring themes of redemption, identity, and the consequences of war."
            }
        ]
    },
    {
        "id": "30",
        "image": "downloaded_images/TV series/Westworld/image_20241018_193706_1.jpg",
        "conversations": [
            {
                "from": "human",
                "value": "<image>\nWhat is the title of this television show?"
            },
            {
                "from": "gpt",
                "value": "The title of the TV series is \"Westworld.\""
            }
        ]
    },
    {
        "id": "31",
        "image": "downloaded_images/TV series/Westworld/image_20241018_193825_9.jpg",
        "conversations": [
            {
                "from": "human",
                "value": "<image>\nWho developed or produced this television series?"
            },
            {
                "from": "gpt",
                "value": "\"Westworld\" was created by Jonathan Nolan and Lisa Joy, and it is produced by HBO."
            }
        ]
    },
    {
        "id": "32",
        "image": "downloaded_images/TV series/Westworld/image_20241018_193825_9.jpg",
        "conversations": [
            {
                "from": "human",
                "value": "<image>\nWhat year did this television series first air?"
            },
            {
                "from": "gpt",
                "value": "\"Westworld\" first premiered on October 2, 2016."
            }
        ]
    },
    {
        "id": "33",
        "image": "downloaded_images/TV series/Westworld/image_20241107_210339_6.jpg",
        "conversations": [
            {
                "from": "human",
                "value": "<image>\nWho are the main cast members of this show?"
            },
            {
                "from": "gpt",
                "value": "The main actors and actresses in \"Westworld\" include Evan Rachel Wood, Thandiwe Newton, Jeffrey Wright, Ed Harris, James Marsden, and Anthony Hopkins."
            }
        ]
    },
    {
        "id": "34",
        "image": "downloaded_images/TV series/Westworld/image_20241107_210409_9.jpg",
        "conversations": [
            {
                "from": "human",
                "value": "<image>\nWhat is the central theme of this television series?"
            },
            {
                "from": "gpt",
                "value": "The central storyline of \"Westworld\" revolves around a futuristic theme park populated by lifelike robots known as \"hosts.\" These hosts are programmed to fulfill the desires of the park's guests, who can interact with them in various ways. As the hosts begin to gain consciousness and self-awareness, the series explores themes of free will, morality, and the nature of reality."
            }
        ]
    },
    {
        "id": "35",
        "image": "downloaded_images/TV series/Stranger_Things/image_20241018_194334_3.jpg",
        "conversations": [
            {
                "from": "human",
                "value": "<image>\nWhat is the title of this television show?"
            },
            {
                "from": "gpt",
                "value": "**\n   - The title of the TV series is **Stranger Things**."
            }
        ]
    },
    {
        "id": "36",
        "image": "downloaded_images/TV series/Stranger_Things/image_20241018_194334_3.jpg",
        "conversations": [
            {
                "from": "human",
                "value": "<image>\nWho developed or produced this television series?"
            },
            {
                "from": "gpt",
                "value": "**\n   - **Stranger Things** was created by the Duffer Brothers, Matt Duffer and Ross Duffer."
            }
        ]
    },
    {
        "id": "37",
        "image": "downloaded_images/TV series/Stranger_Things/image_20241018_194616_16.jpg",
        "conversations": [
            {
                "from": "human",
                "value": "<image>\nWhat year did this television series first air?"
            },
            {
                "from": "gpt",
                "value": "**\n   - The series first premiered on **July 15, 2016**."
            }
        ]
    },
    {
        "id": "38",
        "image": "downloaded_images/TV series/Stranger_Things/image_20241018_194616_16.jpg",
        "conversations": [
            {
                "from": "human",
                "value": "<image>\nWho are the main cast members of this show?"
            },
            {
                "from": "gpt",
                "value": "**\n   - The main cast includes:\n     - Winona Ryder as Joyce Byers\n     - David Harbour as Jim Hopper\n     - Finn Wolfhard as Mike Wheeler\n     - Millie Bobby Brown as Eleven\n     - Gaten Matarazzo as Dustin Henderson\n     - Caleb McLaughlin as Lucas Sinclair\n     - Natalia Dyer as Nancy Wheeler\n     - Charlie Heaton as Jonathan Byers\n     - Cara Buono as Karen Wheeler\n     - Noah Schnapp as Will Byers"
            }
        ]
    },
    {
        "id": "39",
        "image": "downloaded_images/TV series/Stranger_Things/image_20241107_211011_3.jpg",
        "conversations": [
            {
                "from": "human",
                "value": "<image>\nWhat is the central theme of this television series?"
            },
            {
                "from": "gpt",
                "value": "**\n   - **Stranger Things** is set in the 1980s in the fictional town of Hawkins, Indiana. The series begins with the mysterious disappearance of a young boy named Will Byers. As his friends and family search for him, they encounter a girl with psychokinetic abilities known only as Eleven. The story unfolds to reveal supernatural elements, secret government experiments, and a parallel dimension called the Upside Down, all while exploring themes of friendship, loyalty, and the challenges of growing up."
            }
        ]
    },
    {
        "id": "40",
        "image": "downloaded_images/TV series/The_X-Files/image_20241018_195044_9.jpg",
        "conversations": [
            {
                "from": "human",
                "value": "<image>\nWhat is the title of this television show?"
            },
            {
                "from": "gpt",
                "value": "The X-Files"
            }
        ]
    },
    {
        "id": "41",
        "image": "downloaded_images/TV series/The_X-Files/image_20241018_194954_3.jpg",
        "conversations": [
            {
                "from": "human",
                "value": "<image>\nWho developed or produced this television series?"
            },
            {
                "from": "gpt",
                "value": "The X-Files was created by Chris Carter."
            }
        ]
    },
    {
        "id": "42",
        "image": "downloaded_images/TV series/The_X-Files/image_20241018_195010_5.jpg",
        "conversations": [
            {
                "from": "human",
                "value": "<image>\nWhat year did this television series first air?"
            },
            {
                "from": "gpt",
                "value": "The X-Files first premiered on September 10, 1993."
            }
        ]
    },
    {
        "id": "43",
        "image": "downloaded_images/TV series/The_X-Files/image_20241018_195010_5.jpg",
        "conversations": [
            {
                "from": "human",
                "value": "<image>\nWho are the main cast members of this show?"
            },
            {
                "from": "gpt",
                "value": "The main actors in The X-Files are David Duchovny as Fox Mulder and Gillian Anderson as Dana Scully."
            }
        ]
    },
    {
        "id": "44",
        "image": "downloaded_images/TV series/The_X-Files/image_20241107_211718_1.jpg",
        "conversations": [
            {
                "from": "human",
                "value": "<image>\nWhat is the central theme of this television series?"
            },
            {
                "from": "gpt",
                "value": "The X-Files follows FBI agents Fox Mulder and Dana Scully as they investigate unsolved cases involving paranormal phenomena, government conspiracies, and extraterrestrial life. The series explores themes of skepticism, belief, and the search for truth in a world filled with mysteries."
            }
        ]
    },
    {
        "id": "45",
        "image": "downloaded_images/TV series/Band_of_Brothers/image_20241018_195525_1.jpg",
        "conversations": [
            {
                "from": "human",
                "value": "<image>\nWhat is the title of this television show?"
            },
            {
                "from": "gpt",
                "value": "**\n   - The title of the TV series is \"Band of Brothers.\""
            }
        ]
    },
    {
        "id": "46",
        "image": "downloaded_images/TV series/Band_of_Brothers/image_20241018_195535_2.jpg",
        "conversations": [
            {
                "from": "human",
                "value": "<image>\nWho developed or produced this television series?"
            },
            {
                "from": "gpt",
                "value": "**\n   - \"Band of Brothers\" was created and produced by Steven Spielberg and Tom Hanks."
            }
        ]
    },
    {
        "id": "47",
        "image": "downloaded_images/TV series/Band_of_Brothers/image_20241018_195535_2.jpg",
        "conversations": [
            {
                "from": "human",
                "value": "<image>\nWhat year did this television series first air?"
            },
            {
                "from": "gpt",
                "value": "**\n   - The series first premiered on September 9, 2001."
            }
        ]
    },
    {
        "id": "48",
        "image": "downloaded_images/TV series/Band_of_Brothers/image_20241018_195544_3.jpg",
        "conversations": [
            {
                "from": "human",
                "value": "<image>\nWhat is the central theme of this television series?"
            },
            {
                "from": "gpt",
                "value": "**\n   - \"Band of Brothers\" follows the journey of Easy Company, part of the 506th Parachute Infantry Regiment of the 101st Airborne Division, during World War II. The series chronicles their experiences from the D-Day invasion of Normandy through to the war's end, highlighting their camaraderie, struggles, and the harsh realities of war."
            }
        ]
    },
    {
        "id": "49",
        "image": "downloaded_images/TV series/The_Strain_TV_Show/image_20241018_200140_5.jpg",
        "conversations": [
            {
                "from": "human",
                "value": "<image>\nWhat is the title of this television show?"
            },
            {
                "from": "gpt",
                "value": "**\n   - The title of the TV series is \"The Strain.\""
            }
        ]
    },
    {
        "id": "50",
        "image": "downloaded_images/TV series/The_Strain_TV_Show/image_20241018_200140_5.jpg",
        "conversations": [
            {
                "from": "human",
                "value": "<image>\nWho developed or produced this television series?"
            },
            {
                "from": "gpt",
                "value": "**\n   - \"The Strain\" was created by Guillermo del Toro and Chuck Hogan."
            }
        ]
    },
    {
        "id": "51",
        "image": "downloaded_images/TV series/The_Strain_TV_Show/image_20241018_200119_3.jpg",
        "conversations": [
            {
                "from": "human",
                "value": "<image>\nWhat year did this television series first air?"
            },
            {
                "from": "gpt",
                "value": "**\n   - The series first premiered on July 13, 2014."
            }
        ]
    },
    {
        "id": "52",
        "image": "downloaded_images/TV series/The_Strain_TV_Show/image_20241018_200119_3.jpg",
        "conversations": [
            {
                "from": "human",
                "value": "<image>\nWho are the main cast members of this show?"
            },
            {
                "from": "gpt",
                "value": "**\n   - The main cast includes:\n     - Corey Stoll as Dr. Ephraim Goodweather\n     - Mia Maestro as Nora Martinez\n     - Kevin Durand as Vasiliy Fet\n     - David Bradley as Abraham Setrakian\n     - Ruta Gedmintas as Dutch Velders\n     - Sean Astin as Jim Kent (in Season 1)"
            }
        ]
    },
    {
        "id": "53",
        "image": "downloaded_images/TV series/The_Strain_TV_Show/image_20241107_213210_5.jpg",
        "conversations": [
            {
                "from": "human",
                "value": "<image>\nWhat is the central theme of this television series?"
            },
            {
                "from": "gpt",
                "value": "**\n   - \"The Strain\" follows a viral outbreak in New York City that is caused by a mysterious strain of vampirism. The story centers around Dr. Ephraim Goodweather, the head of the CDC's Canary Team, who is tasked with investigating the outbreak. As the infection spreads, he and a group of survivors must confront the ancient evil behind the epidemic, which threatens to turn humanity into a race of vampires. The series blends elements of horror, science fiction, and thriller genres, exploring themes of survival, morality, and the nature of evil."
            }
        ]
    },
    {
        "id": "54",
        "image": "downloaded_images/TV series/Breaking_Bad/image_20241018_142421_3.jpg",
        "conversations": [
            {
                "from": "human",
                "value": "<image>\nWhat is the title of this television show?"
            },
            {
                "from": "gpt",
                "value": "The title of the TV series is \"Breaking Bad.\""
            }
        ]
    },
    {
        "id": "55",
        "image": "downloaded_images/TV series/Breaking_Bad/image_20241018_142547_12.jpg",
        "conversations": [
            {
                "from": "human",
                "value": "<image>\nWho developed or produced this television series?"
            },
            {
                "from": "gpt",
                "value": "\"Breaking Bad\" was created by Vince Gilligan."
            }
        ]
    },
    {
        "id": "56",
        "image": "downloaded_images/TV series/Breaking_Bad/image_20241018_142540_11.jpg",
        "conversations": [
            {
                "from": "human",
                "value": "<image>\nWho are the main cast members of this show?"
            },
            {
                "from": "gpt",
                "value": "The main actors and actresses in \"Breaking Bad\" include Bryan Cranston as Walter White, Aaron Paul as Jesse Pinkman, Anna Gunn as Skyler White, Dean Norris as Hank Schrader, Betsy Brandt as Marie Schrader, and RJ Mitte as Walter White Jr."
            }
        ]
    },
    {
        "id": "57",
        "image": "downloaded_images/TV series/Breaking_Bad/image_20241107_213830_1.jpg",
        "conversations": [
            {
                "from": "human",
                "value": "<image>\nWhat is the central theme of this television series?"
            },
            {
                "from": "gpt",
                "value": "The central storyline of \"Breaking Bad\" follows Walter White, a high school chemistry teacher who turns to cooking and selling methamphetamine after being diagnosed with terminal lung cancer. He partners with former student Jesse Pinkman to secure his family's financial future, leading them into the dangerous world of drug trafficking and crime. The series explores themes of morality, family, and the consequences of choices."
            }
        ]
    }
]