[
    {
        "id": "1",
        "image": "downloaded_images/Personage/苏姿丰/image_20241016_183541_9.jpg",
        "conversations": [
            {
                "from": "human",
                "value": "<image>\nWhat impact has this individual made in their field or community?"
            },
            {
                "from": "gpt",
                "value": "Dr. Lisa Su has made significant contributions to the semiconductor industry, particularly in advancing microprocessor technology. She has been a strong advocate for diversity in technology and has inspired many young engineers, especially women, to pursue careers in STEM fields. Her work has also contributed to the growth of high-performance computing and gaming technologies, impacting various sectors including gaming, data centers, and artificial intelligence."
            }
        ]
    },
    {
        "id": "2",
        "image": "downloaded_images/Personage/马云/image_20241016_185302_8.jpg",
        "conversations": [
            {
                "from": "human",
                "value": "<image>\nHow is this person called?"
            },
            {
                "from": "gpt",
                "value": "马云 (Mǎ Yún), known as Jack Ma in English."
            }
        ]
    },
    {
        "id": "3",
        "image": "downloaded_images/Personage/马云/image_20241016_185302_8.jpg",
        "conversations": [
            {
                "from": "human",
                "value": "<image>\nWhat is the birthdate and birthplace of this individual?"
            },
            {
                "from": "gpt",
                "value": "Jack Ma was born on September 10, 1964, in Hangzhou, Zhejiang Province, China."
            }
        ]
    },
    {
        "id": "4",
        "image": "downloaded_images/Personage/马云/image_20241018_164408_13.jpg",
        "conversations": [
            {
                "from": "human",
                "value": "<image>\nWhat profession does this person hold?"
            },
            {
                "from": "gpt",
                "value": "Jack Ma is an entrepreneur, philanthropist, and former executive chairman of Alibaba Group, a multinational conglomerate specializing in e-commerce, retail, internet, and technology."
            }
        ]
    },
    {
        "id": "5",
        "image": "downloaded_images/Personage/马云/image_20241018_164313_6.jpg",
        "conversations": [
            {
                "from": "human",
                "value": "<image>\nWhat are the key accomplishments of this individual?"
            },
            {
                "from": "gpt",
                "value": "Jack Ma is best known for founding Alibaba Group in 1999, which has become one of the world's largest e-commerce platforms. He also played a significant role in the development of Alipay, a leading online payment platform. Under his leadership, Alibaba went public in 2014, raising a record $25 billion in its initial public offering (IPO)."
            }
        ]
    },
    {
        "id": "6",
        "image": "downloaded_images/Personage/马云/image_20241018_164424_15.jpg",
        "conversations": [
            {
                "from": "human",
                "value": "<image>\nWhat impact has this individual made in their field or community?"
            },
            {
                "from": "gpt",
                "value": "Jack Ma has made significant contributions to the growth of e-commerce and digital payments in China and globally, helping to transform the retail landscape. He has also been an advocate for small businesses, providing them with access to online markets. Additionally, through the Jack Ma Foundation, he has focused on education, entrepreneurship, and environmental sustainability, contributing to various philanthropic efforts in China and beyond."
            }
        ]
    },
    {
        "id": "7",
        "image": "downloaded_images/Personage/Michael_Jordan/image_20241018_165953_22.jpg",
        "conversations": [
            {
                "from": "human",
                "value": "<image>\nHow is this person called?"
            },
            {
                "from": "gpt",
                "value": "Michael Jordan"
            }
        ]
    },
    {
        "id": "8",
        "image": "downloaded_images/Personage/Michael_Jordan/image_20241018_165953_22.jpg",
        "conversations": [
            {
                "from": "human",
                "value": "<image>\nWhat is the birthdate and birthplace of this individual?"
            },
            {
                "from": "gpt",
                "value": "Michael Jordan was born on February 17, 1963, in Brooklyn, New York, USA."
            }
        ]
    },
    {
        "id": "9",
        "image": "downloaded_images/Personage/Michael_Jordan/image_20241018_165656_4.jpg",
        "conversations": [
            {
                "from": "human",
                "value": "<image>\nWhat profession does this person hold?"
            },
            {
                "from": "gpt",
                "value": "Michael Jordan is a former professional basketball player, widely regarded as one of the greatest basketball players of all time. He is also a businessman and principal owner of the Charlotte Hornets, an NBA team."
            }
        ]
    },
    {
        "id": "10",
        "image": "downloaded_images/Personage/Michael_Jordan/image_20241018_170009_24.jpg",
        "conversations": [
            {
                "from": "human",
                "value": "<image>\nWhat are the key accomplishments of this individual?"
            },
            {
                "from": "gpt",
                "value": "Michael Jordan is known for his incredible career in the NBA, where he played primarily for the Chicago Bulls. He won six NBA championships (1991-1993, 1996-1998) and was named NBA Finals MVP in each of those championships. He is a 14-time NBA All-Star, 10-time scoring champion, and 5-time NBA Most Valuable Player (MVP). Additionally, he was inducted into the Naismith Memorial Basketball Hall of Fame in 2009. Beyond basketball, he is famous for his brand, Air Jordan, which revolutionized sports marketing and sneaker culture."
            }
        ]
    },
    {
        "id": "11",
        "image": "downloaded_images/Personage/Michael_Jordan/image_20241018_165639_2.jpg",
        "conversations": [
            {
                "from": "human",
                "value": "<image>\nWhat impact has this individual made in their field or community?"
            },
            {
                "from": "gpt",
                "value": "Michael Jordan has made significant contributions to both sports and society. He has been a prominent figure in promoting basketball globally and has inspired countless athletes. His success has also led to the growth of the sports marketing industry, particularly through his partnership with Nike, which created the Air Jordan brand. Beyond sports, Jordan has been involved in various philanthropic efforts, including donations to education and health initiatives, and he has worked to improve the lives of underprivileged communities. His influence extends into popular culture, making him a global icon."
            }
        ]
    },
    {
        "id": "12",
        "image": "downloaded_images/Personage/Kobe_Bryant/image_20241018_170603_23.jpg",
        "conversations": [
            {
                "from": "human",
                "value": "<image>\nHow is this person called?"
            },
            {
                "from": "gpt",
                "value": "Kobe Bryant"
            }
        ]
    },
    {
        "id": "13",
        "image": "downloaded_images/Personage/Kobe_Bryant/image_20241018_170224_2.jpg",
        "conversations": [
            {
                "from": "human",
                "value": "<image>\nWhat is the birthdate and birthplace of this individual?"
            },
            {
                "from": "gpt",
                "value": "Kobe Bryant was born on August 23, 1978, in Philadelphia, Pennsylvania, USA."
            }
        ]
    },
    {
        "id": "14",
        "image": "downloaded_images/Personage/Kobe_Bryant/image_20241018_170231_3.jpg",
        "conversations": [
            {
                "from": "human",
                "value": "<image>\nWhat profession does this person hold?"
            },
            {
                "from": "gpt",
                "value": "Kobe Bryant was a professional basketball player."
            }
        ]
    },
    {
        "id": "15",
        "image": "downloaded_images/Personage/Kobe_Bryant/image_20241018_170239_4.jpg",
        "conversations": [
            {
                "from": "human",
                "value": "<image>\nWhat are the key accomplishments of this individual?"
            },
            {
                "from": "gpt",
                "value": "Kobe Bryant is best known for his time with the Los Angeles Lakers in the NBA, where he won five NBA championships (2000, 2001, 2002, 2009, 2010). He was an 18-time NBA All-Star, 15-time member of the All-NBA Team, and won the NBA Most Valuable Player (MVP) award in 2008. He also won two Olympic gold medals with the USA Basketball team in 2008 and 2012."
            }
        ]
    },
    {
        "id": "16",
        "image": "downloaded_images/Personage/Kobe_Bryant/image_20241018_170231_3.jpg",
        "conversations": [
            {
                "from": "human",
                "value": "<image>\nWhat impact has this individual made in their field or community?"
            },
            {
                "from": "gpt",
                "value": "Beyond his achievements on the court, Kobe Bryant made significant contributions to society through his philanthropic efforts, including the Kobe and Vanessa Bryant Family Foundation, which focuses on youth and family support. He was also involved in various business ventures, including his production company, Granity Studios, which aimed to inspire young people through storytelling. Additionally, he won an Academy Award for Best Animated Short Film for \"Dear Basketball,\" showcasing his impact on the arts and media. His legacy continues to inspire athletes and fans around the world."
            }
        ]
    },
    {
        "id": "17",
        "image": "downloaded_images/Personage/Ed_Sheeran/image_20241016_193137_19.jpg",
        "conversations": [
            {
                "from": "human",
                "value": "<image>\nHow is this person called?"
            },
            {
                "from": "gpt",
                "value": "Ed Sheeran"
            }
        ]
    },
    {
        "id": "18",
        "image": "downloaded_images/Personage/Ed_Sheeran/image_20241018_170856_5.jpg",
        "conversations": [
            {
                "from": "human",
                "value": "<image>\nWhat are the key accomplishments of this individual?"
            },
            {
                "from": "gpt",
                "value": "Ed Sheeran is known for numerous hit songs, including \"Shape of You,\" \"Thinking Out Loud,\" \"Perfect,\" and \"Castle on the Hill.\" He has released several successful albums, such as \"Plus\" (2011), \"Multiply\" (2014), \"Divide\" (2017), and \"Equals\" (2021). He has won multiple Grammy Awards and has been recognized for his songwriting and musical talent."
            }
        ]
    },
    {
        "id": "19",
        "image": "downloaded_images/Personage/Ed_Sheeran/image_20241016_192903_1.jpg",
        "conversations": [
            {
                "from": "human",
                "value": "<image>\nWhat impact has this individual made in their field or community?"
            },
            {
                "from": "gpt",
                "value": "Ed Sheeran has contributed to society through various charitable efforts, including his support for youth music education and mental health awareness. He has participated in fundraising events and has donated to organizations like the Teenage Cancer Trust and the Elton John AIDS Foundation. Additionally, his music has had a significant impact on the pop and acoustic genres, influencing a new generation of artists and songwriters."
            }
        ]
    },
    {
        "id": "20",
        "image": "downloaded_images/Personage/Cristiano_Ronaldo/image_20241018_172249_15.jpg",
        "conversations": [
            {
                "from": "human",
                "value": "<image>\nHow is this person called?"
            },
            {
                "from": "gpt",
                "value": "Cristiano Ronaldo"
            }
        ]
    },
    {
        "id": "21",
        "image": "downloaded_images/Personage/Cristiano_Ronaldo/image_20241018_172403_24.jpg",
        "conversations": [
            {
                "from": "human",
                "value": "<image>\nWhat profession does this person hold?"
            },
            {
                "from": "gpt",
                "value": "Cristiano Ronaldo is a professional football (soccer) player."
            }
        ]
    },
    {
        "id": "22",
        "image": "downloaded_images/Personage/Cristiano_Ronaldo/image_20241018_172346_22.jpg",
        "conversations": [
            {
                "from": "human",
                "value": "<image>\nWhat are the key accomplishments of this individual?"
            },
            {
                "from": "gpt",
                "value": "Cristiano Ronaldo is known for numerous achievements, including:  \n   - Winning multiple FIFA Ballon d'Or awards (five times as of 2021).  \n   - Holding records for the most goals scored in UEFA Champions League history.  \n   - Winning league titles in England (Manchester United), Spain (Real Madrid), and Italy (Juventus).  \n   - Leading Portugal to victory in the UEFA European Championship in 2016 and the UEFA Nations League in 2019.  \n   - Being one of the highest goal scorers in football history."
            }
        ]
    },
    {
        "id": "23",
        "image": "downloaded_images/Personage/Cristiano_Ronaldo/image_20241018_172223_12.jpg",
        "conversations": [
            {
                "from": "human",
                "value": "<image>\nWhat impact has this individual made in their field or community?"
            },
            {
                "from": "gpt",
                "value": "Cristiano Ronaldo has made significant contributions to society and the sports industry, including:  \n   - Philanthropic efforts, such as donating to children's hospitals, disaster relief funds, and various charities.  \n   - Serving as a global ambassador for various brands and promoting sports and fitness.  \n   - Inspiring millions of fans around the world through his work ethic, dedication, and success in football.  \n   - Establishing the CR7 brand, which includes clothing, footwear, and fragrances, contributing to the sports and fashion industries.  \n   - Engaging in social media activism and using his platform to raise awareness on various social issues."
            }
        ]
    },
    {
        "id": "24",
        "image": "downloaded_images/Personage/Marilyn_Monroe/image_20241018_212943_24.jpg",
        "conversations": [
            {
                "from": "human",
                "value": "<image>\nHow is this person called?"
            },
            {
                "from": "gpt",
                "value": "Marilyn Monroe"
            }
        ]
    },
    {
        "id": "25",
        "image": "downloaded_images/Personage/Marilyn_Monroe/image_20241018_212550_1.jpg",
        "conversations": [
            {
                "from": "human",
                "value": "<image>\nWhat is the birthdate and birthplace of this individual?"
            },
            {
                "from": "gpt",
                "value": "Marilyn Monroe was born on June 1, 1926, in Los Angeles, California, USA."
            }
        ]
    },
    {
        "id": "26",
        "image": "downloaded_images/Personage/Marilyn_Monroe/image_20241018_212943_24.jpg",
        "conversations": [
            {
                "from": "human",
                "value": "<image>\nWhat profession does this person hold?"
            },
            {
                "from": "gpt",
                "value": "Marilyn Monroe was an actress, model, and singer."
            }
        ]
    },
    {
        "id": "27",
        "image": "downloaded_images/Personage/Marilyn_Monroe/image_20241018_212846_18.jpg",
        "conversations": [
            {
                "from": "human",
                "value": "<image>\nWhat are the key accomplishments of this individual?"
            },
            {
                "from": "gpt",
                "value": "Marilyn Monroe is best known for her roles in classic films such as \"Some Like It Hot,\" \"Gentlemen Prefer Blondes,\" and \"The Seven Year Itch.\" She became a major sex symbol of the 1950s and is recognized for her iconic performances and memorable quotes."
            }
        ]
    },
    {
        "id": "28",
        "image": "downloaded_images/Personage/Marilyn_Monroe/image_20241018_212550_1.jpg",
        "conversations": [
            {
                "from": "human",
                "value": "<image>\nWhat impact has this individual made in their field or community?"
            },
            {
                "from": "gpt",
                "value": "Marilyn Monroe's contributions to society include challenging traditional gender roles and norms in Hollywood, as well as influencing the portrayal of women in film. She became a cultural icon, representing beauty and glamour, and her legacy continues to impact fashion, film, and popular culture. Additionally, her struggles with mental health and personal challenges have sparked discussions about the pressures faced by public figures."
            }
        ]
    },
    {
        "id": "29",
        "image": "downloaded_images/Personage/Michael_Jackson/image_20241018_213158_1.jpg",
        "conversations": [
            {
                "from": "human",
                "value": "<image>\nHow is this person called?"
            },
            {
                "from": "gpt",
                "value": "Michael Jackson"
            }
        ]
    },
    {
        "id": "30",
        "image": "downloaded_images/Personage/Michael_Jackson/image_20241018_213255_7.jpg",
        "conversations": [
            {
                "from": "human",
                "value": "<image>\nWhat is the birthdate and birthplace of this individual?"
            },
            {
                "from": "gpt",
                "value": "Michael Jackson was born on August 29, 1958, in Gary, Indiana, USA."
            }
        ]
    },
    {
        "id": "31",
        "image": "downloaded_images/Personage/Michael_Jackson/image_20241018_213238_5.jpg",
        "conversations": [
            {
                "from": "human",
                "value": "<image>\nWhat profession does this person hold?"
            },
            {
                "from": "gpt",
                "value": "Michael Jackson was a singer, songwriter, and dancer, widely regarded as one of the greatest entertainers in the history of music."
            }
        ]
    },
    {
        "id": "32",
        "image": "downloaded_images/Personage/Michael_Jackson/image_20241018_213158_1.jpg",
        "conversations": [
            {
                "from": "human",
                "value": "<image>\nWhat are the key accomplishments of this individual?"
            },
            {
                "from": "gpt",
                "value": "Michael Jackson is known for numerous hit songs, including \"Thriller,\" \"Billie Jean,\" \"Beat It,\" and \"Smooth Criminal.\" His album \"Thriller\" remains the best-selling album of all time. He won numerous awards, including 13 Grammy Awards, and was inducted into the Rock and Roll Hall of Fame twice."
            }
        ]
    },
    {
        "id": "33",
        "image": "downloaded_images/Personage/Michael_Jackson/image_20241018_213238_5.jpg",
        "conversations": [
            {
                "from": "human",
                "value": "<image>\nWhat impact has this individual made in their field or community?"
            },
            {
                "from": "gpt",
                "value": "Michael Jackson significantly influenced the music industry with his innovative music videos, such as those for \"Thriller\" and \"Bad,\" which helped to elevate the art form. He broke racial barriers in music and television, particularly with his success on MTV. Additionally, he was known for his humanitarian efforts, supporting various charities and causes, including children's hospitals and HIV/AIDS research. His legacy continues to inspire artists across genres and generations."
            }
        ]
    },
    {
        "id": "34",
        "image": "downloaded_images/Personage/Charlie_Chaplin/image_20241018_213851_7.jpg",
        "conversations": [
            {
                "from": "human",
                "value": "<image>\nHow is this person called?"
            },
            {
                "from": "gpt",
                "value": "Charlie Chaplin"
            }
        ]
    },
    {
        "id": "35",
        "image": "downloaded_images/Personage/Charlie_Chaplin/image_20241018_214020_15.jpg",
        "conversations": [
            {
                "from": "human",
                "value": "<image>\nWhat is the birthdate and birthplace of this individual?"
            },
            {
                "from": "gpt",
                "value": "Charlie Chaplin was born on April 16, 1889, in London, England."
            }
        ]
    },
    {
        "id": "36",
        "image": "downloaded_images/Personage/Charlie_Chaplin/image_20241018_213851_7.jpg",
        "conversations": [
            {
                "from": "human",
                "value": "<image>\nWhat profession does this person hold?"
            },
            {
                "from": "gpt",
                "value": "Charlie Chaplin was a comedian, actor, filmmaker, and composer."
            }
        ]
    },
    {
        "id": "37",
        "image": "downloaded_images/Personage/Charlie_Chaplin/image_20241018_213851_7.jpg",
        "conversations": [
            {
                "from": "human",
                "value": "<image>\nWhat are the key accomplishments of this individual?"
            },
            {
                "from": "gpt",
                "value": "Charlie Chaplin is best known for his iconic character \"The Tramp\" and his silent films, including classics such as \"City Lights,\" \"Modern Times,\" \"The Great Dictator,\" and \"The Kid.\" He was a pioneer of the film industry and is celebrated for his unique blend of humor and social commentary."
            }
        ]
    },
    {
        "id": "38",
        "image": "downloaded_images/Personage/Charlie_Chaplin/image_20241018_214028_16.jpg",
        "conversations": [
            {
                "from": "human",
                "value": "<image>\nWhat impact has this individual made in their field or community?"
            },
            {
                "from": "gpt",
                "value": "Charlie Chaplin significantly influenced the film industry, particularly in the realm of silent cinema. His innovative storytelling techniques, physical comedy, and ability to convey deep emotions without dialogue set new standards for filmmaking. He also addressed social issues through his films, such as poverty, industrialization, and human rights, making him a cultural icon and a voice for the marginalized. His work has inspired countless filmmakers and comedians, and he remains a symbol of the power of film as a medium for social change."
            }
        ]
    },
    {
        "id": "39",
        "image": "downloaded_images/Personage/J.K._Rowling/image_20241018_214700_13.jpg",
        "conversations": [
            {
                "from": "human",
                "value": "<image>\nWhat is the birthdate and birthplace of this individual?"
            },
            {
                "from": "gpt",
                "value": "J.K. Rowling was born on July 31, 1965, in Yate, Gloucestershire, England."
            }
        ]
    },
    {
        "id": "40",
        "image": "downloaded_images/Personage/J.K._Rowling/image_20241018_214700_13.jpg",
        "conversations": [
            {
                "from": "human",
                "value": "<image>\nWhat profession does this person hold?"
            },
            {
                "from": "gpt",
                "value": "J.K. Rowling is a novelist, screenwriter, and producer."
            }
        ]
    },
    {
        "id": "41",
        "image": "downloaded_images/Personage/J.K._Rowling/image_20241018_214700_13.jpg",
        "conversations": [
            {
                "from": "human",
                "value": "<image>\nWhat are the key accomplishments of this individual?"
            },
            {
                "from": "gpt",
                "value": "J.K. Rowling is best known for writing the \"Harry Potter\" series, which includes seven books published between 1997 and 2007. The series has sold over 500 million copies worldwide and has been adapted into a successful film franchise. She has also written \"The Casual Vacancy\" and the \"Cormoran Strike\" detective series under the pseudonym Robert Galbraith."
            }
        ]
    },
    {
        "id": "42",
        "image": "downloaded_images/Personage/J.K._Rowling/image_20241018_214700_13.jpg",
        "conversations": [
            {
                "from": "human",
                "value": "<image>\nWhat impact has this individual made in their field or community?"
            },
            {
                "from": "gpt",
                "value": "J.K. Rowling's contributions to society include her philanthropic efforts through her charity, Volant Charitable Trust, and her work with the Anne Rowling Regenerative Neurology Clinic. She has also been an advocate for various social issues, including children's welfare, multiple sclerosis research, and anti-poverty initiatives. Additionally, her work has had a significant impact on children's literature and has inspired a new generation of readers."
            }
        ]
    },
    {
        "id": "43",
        "image": "downloaded_images/Personage/Steven_Spielberg/image_20241018_215105_1.jpg",
        "conversations": [
            {
                "from": "human",
                "value": "<image>\nHow is this person called?"
            },
            {
                "from": "gpt",
                "value": "Steven Spielberg"
            }
        ]
    },
    {
        "id": "44",
        "image": "downloaded_images/Personage/Steven_Spielberg/image_20241018_215105_1.jpg",
        "conversations": [
            {
                "from": "human",
                "value": "<image>\nWhat is the birthdate and birthplace of this individual?"
            },
            {
                "from": "gpt",
                "value": "Steven Spielberg was born on December 18, 1946, in Cincinnati, Ohio, USA."
            }
        ]
    },
    {
        "id": "45",
        "image": "downloaded_images/Personage/Steven_Spielberg/image_20241018_215105_1.jpg",
        "conversations": [
            {
                "from": "human",
                "value": "<image>\nWhat impact has this individual made in their field or community?"
            },
            {
                "from": "gpt",
                "value": "Steven Spielberg has significantly impacted the film industry by pioneering new techniques in filmmaking and storytelling. He has been instrumental in popularizing the blockbuster film format and has contributed to the development of special effects technology. Beyond cinema, Spielberg has been involved in various philanthropic efforts, including the establishment of the Shoah Foundation, which documents Holocaust survivor testimonies, and he has supported numerous educational and cultural initiatives. His films often address important social issues, contributing to public discourse on topics such as war, human rights, and the human experience."
            }
        ]
    },
    {
        "id": "46",
        "image": "downloaded_images/Personage/Vladimir_Putin/image_20241018_215822_11.jpg",
        "conversations": [
            {
                "from": "human",
                "value": "<image>\nHow is this person called?"
            },
            {
                "from": "gpt",
                "value": "Vladimir Putin"
            }
        ]
    },
    {
        "id": "47",
        "image": "downloaded_images/Personage/Vladimir_Putin/image_20241018_215708_5.jpg",
        "conversations": [
            {
                "from": "human",
                "value": "<image>\nWhat is the birthdate and birthplace of this individual?"
            },
            {
                "from": "gpt",
                "value": "Vladimir Putin was born on October 7, 1952, in Leningrad, Soviet Union (now Saint Petersburg, Russia)."
            }
        ]
    },
    {
        "id": "48",
        "image": "downloaded_images/Personage/Vladimir_Putin/image_20241018_215926_18.jpg",
        "conversations": [
            {
                "from": "human",
                "value": "<image>\nWhat profession does this person hold?"
            },
            {
                "from": "gpt",
                "value": "Vladimir Putin is a politician and former intelligence officer. He has served as the President of Russia and the Prime Minister of Russia."
            }
        ]
    },
    {
        "id": "49",
        "image": "downloaded_images/Personage/Vladimir_Putin/image_20241018_220015_21.jpg",
        "conversations": [
            {
                "from": "human",
                "value": "<image>\nWhat are the key accomplishments of this individual?"
            },
            {
                "from": "gpt",
                "value": "Vladimir Putin is known for his long tenure in Russian politics, having served multiple terms as both President and Prime Minister. He is recognized for his role in stabilizing the Russian economy in the early 2000s, his influence in international relations, and his controversial policies regarding domestic governance, media control, and foreign affairs, including the annexation of Crimea in 2014."
            }
        ]
    },
    {
        "id": "50",
        "image": "downloaded_images/Personage/Vladimir_Putin/image_20241018_215754_8.jpg",
        "conversations": [
            {
                "from": "human",
                "value": "<image>\nWhat impact has this individual made in their field or community?"
            },
            {
                "from": "gpt",
                "value": "Putin's contributions to society include significant changes in Russia's political landscape, including the centralization of power and the establishment of a more authoritarian regime. Economically, he has overseen the growth of key industries, particularly in energy, making Russia a major player in global oil and gas markets. His leadership has also been marked by efforts to restore national pride and influence on the world stage, although his methods and policies have been widely criticized for human rights abuses and suppression of dissent."
            }
        ]
    },
    {
        "id": "51",
        "image": "downloaded_images/Personage/Barack_Obama/image_20241018_220347_9.jpg",
        "conversations": [
            {
                "from": "human",
                "value": "<image>\nHow is this person called?"
            },
            {
                "from": "gpt",
                "value": "Barack Obama"
            }
        ]
    },
    {
        "id": "52",
        "image": "downloaded_images/Personage/Barack_Obama/image_20241018_220412_12.jpg",
        "conversations": [
            {
                "from": "human",
                "value": "<image>\nWhat is the birthdate and birthplace of this individual?"
            },
            {
                "from": "gpt",
                "value": "Barack Obama was born on August 4, 1961, in Honolulu, Hawaii, USA."
            }
        ]
    },
    {
        "id": "53",
        "image": "downloaded_images/Personage/Barack_Obama/image_20241018_220647_24.jpg",
        "conversations": [
            {
                "from": "human",
                "value": "<image>\nWhat profession does this person hold?"
            },
            {
                "from": "gpt",
                "value": "Barack Obama is a politician, attorney, and author. He served as the 44th President of the United States from 2009 to 2017."
            }
        ]
    },
    {
        "id": "54",
        "image": "downloaded_images/Personage/Barack_Obama/image_20241018_220355_10.jpg",
        "conversations": [
            {
                "from": "human",
                "value": "<image>\nWhat are the key accomplishments of this individual?"
            },
            {
                "from": "gpt",
                "value": "Some of Barack Obama's notable achievements include:\n   - Being the first African American president of the United States.\n   - The passage of the Affordable Care Act (ACA), also known as \"Obamacare,\" which aimed to expand healthcare coverage.\n   - Winning the Nobel Peace Prize in 2009 for his efforts to strengthen international diplomacy and cooperation between peoples.\n   - His administration's focus on climate change, including the signing of the Paris Agreement in 2016.\n   - Authoring several books, including \"Dreams from My Father\" and \"A Promised Land.\""
            }
        ]
    },
    {
        "id": "55",
        "image": "downloaded_images/Personage/Barack_Obama/image_20241018_220242_2.jpg",
        "conversations": [
            {
                "from": "human",
                "value": "<image>\nWhat impact has this individual made in their field or community?"
            },
            {
                "from": "gpt",
                "value": "Barack Obama has made significant contributions to society through his advocacy for healthcare reform, education, and social justice. His presidency emphasized inclusivity and diversity, and he worked to improve relations with various countries. After leaving office, he has continued to engage in public speaking, writing, and community organizing, focusing on issues such as climate change, democracy, and civic engagement through initiatives like the Obama Foundation."
            }
        ]
    },
    {
        "id": "56",
        "image": "downloaded_images/Personage/David_Beckham/image_20241018_221134_11.jpg",
        "conversations": [
            {
                "from": "human",
                "value": "<image>\nHow is this person called?"
            },
            {
                "from": "gpt",
                "value": "David Beckham"
            }
        ]
    },
    {
        "id": "57",
        "image": "downloaded_images/Personage/David_Beckham/image_20241018_221134_11.jpg",
        "conversations": [
            {
                "from": "human",
                "value": "<image>\nWhat is the birthdate and birthplace of this individual?"
            },
            {
                "from": "gpt",
                "value": "David Beckham was born on May 2, 1975, in Leytonstone, London, England."
            }
        ]
    },
    {
        "id": "58",
        "image": "downloaded_images/Personage/David_Beckham/image_20241018_221319_23.jpg",
        "conversations": [
            {
                "from": "human",
                "value": "<image>\nWhat profession does this person hold?"
            },
            {
                "from": "gpt",
                "value": "David Beckham is a retired professional football (soccer) player, businessman, and philanthropist."
            }
        ]
    },
    {
        "id": "59",
        "image": "downloaded_images/Personage/David_Beckham/image_20241018_221143_12.jpg",
        "conversations": [
            {
                "from": "human",
                "value": "<image>\nWhat are the key accomplishments of this individual?"
            },
            {
                "from": "gpt",
                "value": "David Beckham is known for his successful football career, playing for clubs such as Manchester United, Real Madrid, LA Galaxy, AC Milan, and Paris Saint-Germain. He won numerous titles, including six Premier League titles, two FA Cups, and the UEFA Champions League with Manchester United. Beckham is also famous for his free-kick taking ability and his role in the England national team, where he earned 115 caps and scored 17 goals. Additionally, he has been involved in various charitable endeavors and has a significant presence in fashion and advertising."
            }
        ]
    },
    {
        "id": "60",
        "image": "downloaded_images/Personage/David_Beckham/image_20241018_221143_12.jpg",
        "conversations": [
            {
                "from": "human",
                "value": "<image>\nWhat impact has this individual made in their field or community?"
            },
            {
                "from": "gpt",
                "value": "Beyond his football career, David Beckham has made significant contributions through his philanthropic work, including his involvement with UNICEF, where he has served as a Goodwill Ambassador. He has raised awareness and funds for various causes, particularly focusing on children's rights and welfare. Beckham has also played a pivotal role in popularizing soccer in the United States during his time with LA Galaxy, helping to elevate the profile of the sport in the country. His influence extends to fashion and branding, where he has collaborated with various brands and launched his own products, contributing to the sports and fashion industries."
            }
        ]
    },
    {
        "id": "61",
        "image": "downloaded_images/Personage/Queen_Elizabeth_Ⅱ/image_20241018_221616_2.jpg",
        "conversations": [
            {
                "from": "human",
                "value": "<image>\nHow is this person called?"
            },
            {
                "from": "gpt",
                "value": "Queen Elizabeth II"
            }
        ]
    },
    {
        "id": "62",
        "image": "downloaded_images/Personage/Queen_Elizabeth_Ⅱ/image_20241018_221818_15.jpg",
        "conversations": [
            {
                "from": "human",
                "value": "<image>\nWhat is the birthdate and birthplace of this individual?"
            },
            {
                "from": "gpt",
                "value": "Queen Elizabeth II was born on April 21, 1926, in London, England."
            }
        ]
    },
    {
        "id": "63",
        "image": "downloaded_images/Personage/Queen_Elizabeth_Ⅱ/image_20241018_221826_16.jpg",
        "conversations": [
            {
                "from": "human",
                "value": "<image>\nWhat profession does this person hold?"
            },
            {
                "from": "gpt",
                "value": "Queen Elizabeth II was a monarch, serving as the Queen of the United Kingdom and other Commonwealth realms."
            }
        ]
    },
    {
        "id": "64",
        "image": "downloaded_images/Personage/Queen_Elizabeth_Ⅱ/image_20241018_221603_1.jpg",
        "conversations": [
            {
                "from": "human",
                "value": "<image>\nWhat are the key accomplishments of this individual?"
            },
            {
                "from": "gpt",
                "value": "Queen Elizabeth II is known for her long reign, which lasted from February 6, 1952, until her death on September 8, 2022. She was the longest-reigning monarch in British history. Her achievements include overseeing significant changes in the monarchy, such as modernization efforts, and playing a key role in the Commonwealth's development. She also celebrated numerous milestones, including her Silver, Golden, Diamond, and Platinum Jubilees."
            }
        ]
    },
    {
        "id": "65",
        "image": "downloaded_images/Personage/Queen_Elizabeth_Ⅱ/image_20241018_221845_18.jpg",
        "conversations": [
            {
                "from": "human",
                "value": "<image>\nWhat impact has this individual made in their field or community?"
            },
            {
                "from": "gpt",
                "value": "Queen Elizabeth II contributed to society by promoting national unity and stability during times of change and uncertainty. She was a symbol of continuity and tradition, fostering a sense of national identity. Her reign saw the decolonization of Africa and the Caribbean, and she played a role in strengthening the Commonwealth. Additionally, she supported numerous charities and organizations, contributing to various social causes, including education, health, and the arts."
            }
        ]
    },
    {
        "id": "66",
        "image": "downloaded_images/TV series/Friends_TV_Show/image_20241018_184546_1.jpg",
        "conversations": [
            {
                "from": "human",
                "value": "<image>\nWhat is the title of this television show?"
            },
            {
                "from": "gpt",
                "value": "The title of the TV series is \"Friends.\""
            }
        ]
    },
    {
        "id": "67",
        "image": "downloaded_images/TV series/Friends_TV_Show/image_20241018_184546_1.jpg",
        "conversations": [
            {
                "from": "human",
                "value": "<image>\nWho developed or produced this television series?"
            },
            {
                "from": "gpt",
                "value": "\"Friends\" was created by David Crane and Marta Kauffman, and it was produced by Kevin S. Bright, Marta Kauffman, and David Crane."
            }
        ]
    },
    {
        "id": "68",
        "image": "downloaded_images/TV series/Friends_TV_Show/image_20241018_184649_6.jpg",
        "conversations": [
            {
                "from": "human",
                "value": "<image>\nWhat year did this television series first air?"
            },
            {
                "from": "gpt",
                "value": "\"Friends\" first premiered on September 22, 1994."
            }
        ]
    },
    {
        "id": "69",
        "image": "downloaded_images/TV series/Friends_TV_Show/image_20241018_184649_6.jpg",
        "conversations": [
            {
                "from": "human",
                "value": "<image>\nWho are the main cast members of this show?"
            },
            {
                "from": "gpt",
                "value": "The main actors and actresses in \"Friends\" are Jennifer Aniston (Rachel Green), Courteney Cox (Monica Geller), Lisa Kudrow (Phoebe Buffay), Matt LeBlanc (Joey Tribbiani), Matthew Perry (Chandler Bing), and David Schwimmer (Ross Geller)."
            }
        ]
    },
    {
        "id": "70",
        "image": "downloaded_images/TV series/Friends_TV_Show/image_20241018_184805_15.jpg",
        "conversations": [
            {
                "from": "human",
                "value": "<image>\nWhat is the central theme of this television series?"
            },
            {
                "from": "gpt",
                "value": "The central storyline of \"Friends\" revolves around a group of six friends—Rachel, Ross, Monica, Chandler, Joey, and Phoebe—living in New York City as they navigate the ups and downs of life, love, and friendship. The series explores their relationships, personal growth, and comedic adventures over the course of ten seasons."
            }
        ]
    },
    {
        "id": "71",
        "image": "downloaded_images/TV series/The_Walking_Dead/image_20241018_185152_3.jpg",
        "conversations": [
            {
                "from": "human",
                "value": "<image>\nWhat is the title of this television show?"
            },
            {
                "from": "gpt",
                "value": "The Walking Dead"
            }
        ]
    },
    {
        "id": "72",
        "image": "downloaded_images/TV series/The_Walking_Dead/image_20241018_185152_3.jpg",
        "conversations": [
            {
                "from": "human",
                "value": "<image>\nWho developed or produced this television series?"
            },
            {
                "from": "gpt",
                "value": "The series was created by Frank Darabont, based on the comic book series of the same name by Robert Kirkman, Tony Moore, and Charlie Adlard."
            }
        ]
    },
    {
        "id": "73",
        "image": "downloaded_images/TV series/The_Walking_Dead/image_20241018_185216_6.jpg",
        "conversations": [
            {
                "from": "human",
                "value": "<image>\nWhat year did this television series first air?"
            },
            {
                "from": "gpt",
                "value": "The Walking Dead first premiered on October 31, 2010."
            }
        ]
    },
    {
        "id": "74",
        "image": "downloaded_images/TV series/The_Walking_Dead/image_20241018_185208_5.jpg",
        "conversations": [
            {
                "from": "human",
                "value": "<image>\nWho are the main cast members of this show?"
            },
            {
                "from": "gpt",
                "value": "The main cast includes Andrew Lincoln as Rick Grimes, Norman Reedus as Daryl Dixon, Melissa McBride as Carol Peletier, Lauren Cohan as Maggie Greene, Danai Gurira as Michonne, and Jeffrey Dean Morgan as Negan, among others."
            }
        ]
    },
    {
        "id": "75",
        "image": "downloaded_images/TV series/The_Walking_Dead/image_20241018_185208_5.jpg",
        "conversations": [
            {
                "from": "human",
                "value": "<image>\nWhat is the central theme of this television series?"
            },
            {
                "from": "gpt",
                "value": "The Walking Dead follows a group of survivors navigating a post-apocalyptic world overrun by zombies, known as \"walkers.\" The story primarily focuses on Rick Grimes, a former sheriff's deputy, who awakens from a coma to find society has collapsed. The series explores themes of survival, morality, and the human condition as the characters face both the undead and the challenges posed by other living survivors."
            }
        ]
    }
]