[
    {
        "id": "11",
        "image": "downloaded_images/Cartoon/Attack_on_Titan/image_20241018_102957_1.jpg",
        "conversations": [
            {
                "from": "human",
                "value": "<image>\nWhat is the title of this cartoon?"
            },
            {
                "from": "gpt",
                "value": "The title of this cartoon is \"Attack on Titan.\""
            }
        ]
    },
    {
        "id": "12",
        "image": "downloaded_images/Cartoon/Attack_on_Titan/image_20241018_102957_1.jpg",
        "conversations": [
            {
                "from": "human",
                "value": "<image>\nWho created or produced this cartoon?"
            },
            {
                "from": "gpt",
                "value": "\"Attack on Titan\" was created by Hajime Isayama and produced by Wit Studio for the first three seasons, and by MAPPA for the final season."
            }
        ]
    },
    {
        "id": "13",
        "image": "downloaded_images/Cartoon/Attack_on_Titan/image_20241018_102957_1.jpg",
        "conversations": [
            {
                "from": "human",
                "value": "<image>\nWhen was this cartoon first released or aired?"
            },
            {
                "from": "gpt",
                "value": "\"Attack on Titan\" first aired on September 28, 2013."
            }
        ]
    },
    {
        "id": "14",
        "image": "downloaded_images/Cartoon/Attack_on_Titan/image_20241018_102957_1.jpg",
        "conversations": [
            {
                "from": "human",
                "value": "<image>\nWho are the main characters in this cartoon?"
            },
            {
                "from": "gpt",
                "value": "The main characters include Eren Yeager, Mikasa Ackerman, Armin Arlert, Levi Ackerman, and Historia Reiss."
            }
        ]
    },
    {
        "id": "15",
        "image": "downloaded_images/Cartoon/Attack_on_Titan/image_20241018_102957_1.jpg",
        "conversations": [
            {
                "from": "human",
                "value": "<image>\nWhat is the central storyline or premise of this cartoon?"
            },
            {
                "from": "gpt",
                "value": "The central storyline of \"Attack on Titan\" revolves around humanity's struggle for survival against gigantic humanoid creatures known as Titans, who devour humans. The story follows Eren Yeager and his friends as they join the military to fight against the Titans and uncover the mysteries surrounding their existence, the walls protecting humanity, and the truth about their world."
            }
        ]
    }
]