[
    {
        "id": "34",
        "image": "downloaded_images/Movies/Avengers_Endgame/image_20241018_134307_3.jpg",
        "conversations": [
            {
                "from": "human",
                "value": "<image>\nWhat is the title of this movie?"
            },
            {
                "from": "gpt",
                "value": "**Avengers: Endgame**"
            }
        ]
    },
    {
        "id": "35",
        "image": "downloaded_images/Movies/Avengers_Endgame/image_20241018_134307_3.jpg",
        "conversations": [
            {
                "from": "human",
                "value": "<image>\nWho directed this film?"
            },
            {
                "from": "gpt",
                "value": "**Anthony and Joe Russo**"
            }
        ]
    },
    {
        "id": "36",
        "image": "downloaded_images/Movies/Avengers_Endgame/image_20241107_111245_1.jpg",
        "conversations": [
            {
                "from": "human",
                "value": "<image>\nWhen was this film released?"
            },
            {
                "from": "gpt",
                "value": "**April 26, 2019**"
            }
        ]
    },
    {
        "id": "37",
        "image": "downloaded_images/Movies/Avengers_Endgame/image_20241107_111245_1.jpg",
        "conversations": [
            {
                "from": "human",
                "value": "<image>\nWho are the main actors or actresses in this movie?"
            },
            {
                "from": "gpt",
                "value": "**Robert Downey Jr. (Tony Stark/Iron Man), Chris Evans (Steve Rogers/Captain America), Scarlett Johansson (Natasha Romanoff/Black Widow), Mark Ruffalo (Bruce Banner/Hulk), Chris Hemsworth (Thor), Jeremy Renner (Clint Barton/Hawkeye), and many others.**"
            }
        ]
    },
    {
        "id": "38",
        "image": "downloaded_images/Movies/Avengers_Endgame/image_20241107_111304_3.jpg",
        "conversations": [
            {
                "from": "human",
                "value": "<image>\nWhat is the central plot or storyline of this movie?"
            },
            {
                "from": "gpt",
                "value": "**\"Avengers: Endgame\" follows the remaining Avengers as they grapple with the aftermath of Thanos's devastating snap, which wiped out half of all life in the universe. The team devises a plan to travel back in time to retrieve the Infinity Stones from various points in their past, hoping to reverse the destruction caused by Thanos. As they confront their pasts and face new challenges, they ultimately prepare for a final showdown against Thanos to restore balance to the universe.**"
            }
        ]
    }
]