[
    {
        "id": "1",
        "image": "downloaded_images/Plants/Bamboo/image_20241018_172615_1.jpg",
        "conversations": [
            {
                "from": "human",
                "value": "<image>\nTo which family or genus does it belong?"
            },
            {
                "from": "gpt",
                "value": "Bamboo belongs to the family Poaceae (the grass family) and the genus Bambusoideae."
            }
        ]
    },
    {
        "id": "2",
        "image": "downloaded_images/Plants/Bamboo/image_20241018_172812_14.jpg",
        "conversations": [
            {
                "from": "human",
                "value": "<image>\nHow does it reproduce (seeds, cuttings, runners)?"
            },
            {
                "from": "gpt",
                "value": "Bamboo primarily reproduces through rhizomes (underground runners) and can also reproduce from seeds, although flowering and seed production are rare events for many species."
            }
        ]
    },
    {
        "id": "3",
        "image": "downloaded_images/Plants/Bamboo/image_20241018_172912_21.jpg",
        "conversations": [
            {
                "from": "human",
                "value": "<image>\nIs it native to a specific region or found globally?"
            },
            {
                "from": "gpt",
                "value": "Bamboo is found globally, but it is native to tropical and subtropical regions of Asia, Africa, and the Americas. Some species are also found in temperate regions."
            }
        ]
    },
    {
        "id": "4",
        "image": "downloaded_images/Plants/Bamboo/image_20241018_172836_17.jpg",
        "conversations": [
            {
                "from": "human",
                "value": "<image>\nHow does it grow (e.g., tree, shrub, herb)?"
            },
            {
                "from": "gpt",
                "value": "Bamboo grows as a grass, specifically a perennial woody grass, and can vary in size from small shrubs to large tree-like forms, depending on the species."
            }
        ]
    }
]