[
    {
        "id": "41",
        "image": "downloaded_images/Personage/Benedict_Cumberbatch/image_20241018_152232_13.jpg",
        "conversations": [
            {
                "from": "human",
                "value": "<image>\nWhat is this person's name?"
            },
            {
                "from": "gpt",
                "value": "Benedict Cumberbatch"
            }
        ]
    },
    {
        "id": "42",
        "image": "downloaded_images/Personage/Benedict_Cumberbatch/image_20241018_152257_16.jpg",
        "conversations": [
            {
                "from": "human",
                "value": "<image>\nWhen and where was this person born?"
            },
            {
                "from": "gpt",
                "value": "Benedict Cumberbatch was born on July 19, 1976, in London, England."
            }
        ]
    },
    {
        "id": "43",
        "image": "downloaded_images/Personage/Benedict_Cumberbatch/image_20241018_152053_5.jpg",
        "conversations": [
            {
                "from": "human",
                "value": "<image>\nWhat is this person's profession?"
            },
            {
                "from": "gpt",
                "value": "Benedict Cumberbatch is an actor and producer."
            }
        ]
    },
    {
        "id": "44",
        "image": "downloaded_images/Personage/Benedict_Cumberbatch/image_20241018_152034_3.jpg",
        "conversations": [
            {
                "from": "human",
                "value": "<image>\nWhat are the famous works or achievements of this person?"
            },
            {
                "from": "gpt",
                "value": "Benedict Cumberbatch is known for his roles in various films and television series, including:\n   - Sherlock (2010-2017), where he played the titular character, Sherlock Holmes.\n   - The Imitation Game (2014), for which he received an Academy Award nomination for Best Actor.\n   - Doctor Strange (2016) and its sequels, where he portrays the Marvel character Stephen Strange.\n   - Other notable films include The Fifth Estate (2013), 12 Years a Slave (2013), and The Power of the Dog (2021), which earned him another Academy Award nomination."
            }
        ]
    },
    {
        "id": "45",
        "image": "downloaded_images/Personage/Benedict_Cumberbatch/image_20241018_152034_3.jpg",
        "conversations": [
            {
                "from": "human",
                "value": "<image>\nWhat contributions has this person made to society or industry?"
            },
            {
                "from": "gpt",
                "value": "Benedict Cumberbatch has made significant contributions to the arts, particularly in theater and film. He is known for his advocacy work, including support for various charitable organizations such as the Teenage Cancer Trust and the Refugee Council. He has also been involved in raising awareness about issues such as mental health and the importance of the arts in education. Additionally, his portrayal of complex characters has contributed to discussions around representation and diversity in media."
            }
        ]
    }
]