[
    {
        "id": "6",
        "image": "downloaded_images/TV series/Black_Mirror/image_20241018_190348_4.jpg",
        "conversations": [
            {
                "from": "human",
                "value": "<image>\nWhat is the title of this TV series?"
            },
            {
                "from": "gpt",
                "value": "The title of the TV series is \"Black Mirror.\""
            }
        ]
    },
    {
        "id": "7",
        "image": "downloaded_images/TV series/Black_Mirror/image_20241018_190348_4.jpg",
        "conversations": [
            {
                "from": "human",
                "value": "<image>\nWho created or produced this TV series?"
            },
            {
                "from": "gpt",
                "value": "\"Black Mirror\" was created by Charlie Brooker."
            }
        ]
    },
    {
        "id": "8",
        "image": "downloaded_images/TV series/Black_Mirror/image_20241018_190328_2.jpg",
        "conversations": [
            {
                "from": "human",
                "value": "<image>\nWhen did this TV series first premiere?"
            },
            {
                "from": "gpt",
                "value": "The series first premiered on December 4, 2011."
            }
        ]
    },
    {
        "id": "9",
        "image": "downloaded_images/TV series/Black_Mirror/image_20241018_190328_2.jpg",
        "conversations": [
            {
                "from": "human",
                "value": "<image>\nWho are the main actors and actresses in this TV series?"
            },
            {
                "from": "gpt",
                "value": "\"Black Mirror\" features a rotating cast, but some notable actors include Daniel Kaluuya, Bryce Dallas Howard, Jon Hamm, and Andrew Scott, among others."
            }
        ]
    },
    {
        "id": "10",
        "image": "downloaded_images/TV series/Black_Mirror/image_20241107_201818_3.jpg",
        "conversations": [
            {
                "from": "human",
                "value": "<image>\nWhat is the central storyline or premise of this TV series?"
            },
            {
                "from": "gpt",
                "value": "\"Black Mirror\" is an anthology series that explores the dark and often dystopian aspects of modern society and technology. Each episode presents a standalone story that examines the potential consequences of technological advancements and human behavior, often highlighting themes of isolation, identity, and the impact of digital culture on our lives."
            }
        ]
    }
]