[
    {
        "id": "25",
        "image": "downloaded_images/Buildings/Colosseum/image_20241017_224928_5.jpg",
        "conversations": [
            {
                "from": "human",
                "value": "<image>\nWhat is the name of this building?"
            },
            {
                "from": "gpt",
                "value": "The name of this building is the Colosseum."
            }
        ]
    },
    {
        "id": "26",
        "image": "downloaded_images/Buildings/Colosseum/image_20241017_225127_14.jpg",
        "conversations": [
            {
                "from": "human",
                "value": "<image>\nWhere is it located?"
            },
            {
                "from": "gpt",
                "value": "The Colosseum is located in Rome, Italy."
            }
        ]
    },
    {
        "id": "27",
        "image": "downloaded_images/Buildings/Colosseum/image_20241017_224821_2.jpg",
        "conversations": [
            {
                "from": "human",
                "value": "<image>\nWhat was the original purpose of the building?"
            },
            {
                "from": "gpt",
                "value": "The original purpose of the Colosseum was to serve as an amphitheater for public spectacles, including gladiatorial contests, animal hunts, and other forms of entertainment."
            }
        ]
    },
    {
        "id": "28",
        "image": "downloaded_images/Buildings/Colosseum/image_20241017_225221_18.jpg",
        "conversations": [
            {
                "from": "human",
                "value": "<image>\nIs the building open to the public?"
            },
            {
                "from": "gpt",
                "value": "Yes, the Colosseum is open to the public and is one of the most popular tourist attractions in Rome, allowing visitors to explore its ancient architecture and learn about its history."
            }
        ]
    }
]