[
    {
        "id": "29",
        "image": "downloaded_images/Plants/Corn/image_20241018_180634_2.jpg",
        "conversations": [
            {
                "from": "human",
                "value": "<image>\nWhat is the common name of this plant?"
            },
            {
                "from": "gpt",
                "value": "Common Name: Corn (also known as Maize)"
            }
        ]
    },
    {
        "id": "30",
        "image": "downloaded_images/Plants/Corn/image_20241018_180802_11.jpg",
        "conversations": [
            {
                "from": "human",
                "value": "<image>\nTo which family or genus does it belong?"
            },
            {
                "from": "gpt",
                "value": "Family: Poaceae, Genus: Zea, Species: Zea mays"
            }
        ]
    },
    {
        "id": "31",
        "image": "downloaded_images/Plants/Corn/image_20241018_180932_21.jpg",
        "conversations": [
            {
                "from": "human",
                "value": "<image>\nIs it native to a specific region or found globally?"
            },
            {
                "from": "gpt",
                "value": "Native Region: Corn is native to Central America, particularly Mexico. It is now grown globally, especially in regions with warm climates, due to its importance as a staple food crop."
            }
        ]
    },
    {
        "id": "32",
        "image": "downloaded_images/Plants/Corn/image_20241107_191628_10.jpg",
        "conversations": [
            {
                "from": "human",
                "value": "<image>\nHow does it grow (e.g., tree, shrub, herb)?"
            },
            {
                "from": "gpt",
                "value": "Growth Form: Corn grows as a tall annual herb, with a central stalk and large leaves. It can reach heights of 2-3 meters and produces cobs with rows of kernels."
            }
        ]
    }
]