[
    {
        "id": "20",
        "image": "downloaded_images/Personage/Cristiano_Ronaldo/image_20241018_172249_15.jpg",
        "conversations": [
            {
                "from": "human",
                "value": "<image>\nWhat is this person's name?"
            },
            {
                "from": "gpt",
                "value": "Cristiano Ronaldo"
            }
        ]
    },
    {
        "id": "21",
        "image": "downloaded_images/Personage/Cristiano_Ronaldo/image_20241018_172403_24.jpg",
        "conversations": [
            {
                "from": "human",
                "value": "<image>\nWhat is this person's profession?"
            },
            {
                "from": "gpt",
                "value": "Cristiano Ronaldo is a professional football (soccer) player."
            }
        ]
    },
    {
        "id": "22",
        "image": "downloaded_images/Personage/Cristiano_Ronaldo/image_20241018_172346_22.jpg",
        "conversations": [
            {
                "from": "human",
                "value": "<image>\nWhat are the famous works or achievements of this person?"
            },
            {
                "from": "gpt",
                "value": "Cristiano Ronaldo is known for numerous achievements, including:  \n   - Winning multiple FIFA Ballon d'Or awards (five times as of 2021).  \n   - Holding records for the most goals scored in UEFA Champions League history.  \n   - Winning league titles in England (Manchester United), Spain (Real Madrid), and Italy (Juventus).  \n   - Leading Portugal to victory in the UEFA European Championship in 2016 and the UEFA Nations League in 2019.  \n   - Being one of the highest goal scorers in football history."
            }
        ]
    },
    {
        "id": "23",
        "image": "downloaded_images/Personage/Cristiano_Ronaldo/image_20241018_172223_12.jpg",
        "conversations": [
            {
                "from": "human",
                "value": "<image>\nWhat contributions has this person made to society or industry?"
            },
            {
                "from": "gpt",
                "value": "Cristiano Ronaldo has made significant contributions to society and the sports industry, including:  \n   - Philanthropic efforts, such as donating to children's hospitals, disaster relief funds, and various charities.  \n   - Serving as a global ambassador for various brands and promoting sports and fitness.  \n   - Inspiring millions of fans around the world through his work ethic, dedication, and success in football.  \n   - Establishing the CR7 brand, which includes clothing, footwear, and fragrances, contributing to the sports and fashion industries.  \n   - Engaging in social media activism and using his platform to raise awareness on various social issues."
            }
        ]
    }
]