[
    {
        "id": "56",
        "image": "downloaded_images/Personage/David_Beckham/image_20241018_221134_11.jpg",
        "conversations": [
            {
                "from": "human",
                "value": "<image>\nWhat is this person's name?"
            },
            {
                "from": "gpt",
                "value": "David Beckham"
            }
        ]
    },
    {
        "id": "57",
        "image": "downloaded_images/Personage/David_Beckham/image_20241018_221134_11.jpg",
        "conversations": [
            {
                "from": "human",
                "value": "<image>\nWhen and where was this person born?"
            },
            {
                "from": "gpt",
                "value": "David Beckham was born on May 2, 1975, in Leytonstone, London, England."
            }
        ]
    },
    {
        "id": "58",
        "image": "downloaded_images/Personage/David_Beckham/image_20241018_221319_23.jpg",
        "conversations": [
            {
                "from": "human",
                "value": "<image>\nWhat is this person's profession?"
            },
            {
                "from": "gpt",
                "value": "David Beckham is a retired professional football (soccer) player, businessman, and philanthropist."
            }
        ]
    },
    {
        "id": "59",
        "image": "downloaded_images/Personage/David_Beckham/image_20241018_221143_12.jpg",
        "conversations": [
            {
                "from": "human",
                "value": "<image>\nWhat are the famous works or achievements of this person?"
            },
            {
                "from": "gpt",
                "value": "David Beckham is known for his successful football career, playing for clubs such as Manchester United, Real Madrid, LA Galaxy, AC Milan, and Paris Saint-Germain. He won numerous titles, including six Premier League titles, two FA Cups, and the UEFA Champions League with Manchester United. Beckham is also famous for his free-kick taking ability and his role in the England national team, where he earned 115 caps and scored 17 goals. Additionally, he has been involved in various charitable endeavors and has a significant presence in fashion and advertising."
            }
        ]
    },
    {
        "id": "60",
        "image": "downloaded_images/Personage/David_Beckham/image_20241018_221143_12.jpg",
        "conversations": [
            {
                "from": "human",
                "value": "<image>\nWhat contributions has this person made to society or industry?"
            },
            {
                "from": "gpt",
                "value": "Beyond his football career, David Beckham has made significant contributions through his philanthropic work, including his involvement with UNICEF, where he has served as a Goodwill Ambassador. He has raised awareness and funds for various causes, particularly focusing on children's rights and welfare. Beckham has also played a pivotal role in popularizing soccer in the United States during his time with LA Galaxy, helping to elevate the profile of the sport in the country. His influence extends to fashion and branding, where he has collaborated with various brands and launched his own products, contributing to the sports and fashion industries."
            }
        ]
    }
]