[
    {
        "id": "16",
        "image": "downloaded_images/Cartoon/Detective_Conan/image_20241018_103636_3.jpg",
        "conversations": [
            {
                "from": "human",
                "value": "<image>\nWhat is the title of this cartoon?"
            },
            {
                "from": "gpt",
                "value": "The title of this cartoon is \"Detective Conan.\""
            }
        ]
    },
    {
        "id": "17",
        "image": "downloaded_images/Cartoon/Detective_Conan/image_20241018_103711_7.jpg",
        "conversations": [
            {
                "from": "human",
                "value": "<image>\nWho created or produced this cartoon?"
            },
            {
                "from": "gpt",
                "value": "\"Detective Conan\" was created by Gosho Aoyama and is produced by TMS Entertainment."
            }
        ]
    },
    {
        "id": "18",
        "image": "downloaded_images/Cartoon/Detective_Conan/image_20241018_103735_10.jpg",
        "conversations": [
            {
                "from": "human",
                "value": "<image>\nWhen was this cartoon first released or aired?"
            },
            {
                "from": "gpt",
                "value": "\"Detective Conan\" first aired on January 17, 1996."
            }
        ]
    },
    {
        "id": "19",
        "image": "downloaded_images/Cartoon/Detective_Conan/image_20241018_103811_14.jpg",
        "conversations": [
            {
                "from": "human",
                "value": "<image>\nWho are the main characters in this cartoon?"
            },
            {
                "from": "gpt",
                "value": "The main characters include Shinichi Kudo (Detective Conan), Ran Mouri, Kogoro Mouri, and various supporting characters such as Heiji Hattori and Ai Haibara."
            }
        ]
    },
    {
        "id": "20",
        "image": "downloaded_images/Cartoon/Detective_Conan/image_20241018_103636_3.jpg",
        "conversations": [
            {
                "from": "human",
                "value": "<image>\nWhat is the central storyline or premise of this cartoon?"
            },
            {
                "from": "gpt",
                "value": "The central storyline follows Shinichi Kudo, a brilliant teenage detective who is transformed into a child after being poisoned. Adopting the alias \"Conan Edogawa,\" he continues to solve mysteries and crimes while searching for a way to regain his original body and track down the organization responsible for his transformation."
            }
        ]
    }
]