[
    {
        "id": "71",
        "image": "downloaded_images/Cartoon/Dragon_Ball/image_20241018_100124_8.jpg",
        "conversations": [
            {
                "from": "human",
                "value": "<image>\nWhat is the title of this cartoon?"
            },
            {
                "from": "gpt",
                "value": "The title of this cartoon is \"Dragon Ball.\""
            }
        ]
    },
    {
        "id": "72",
        "image": "downloaded_images/Cartoon/Dragon_Ball/image_20241018_100124_8.jpg",
        "conversations": [
            {
                "from": "human",
                "value": "<image>\nWho created or produced this cartoon?"
            },
            {
                "from": "gpt",
                "value": "\"Dragon Ball\" was created by Akira Toriyama and produced by Toei Animation."
            }
        ]
    },
    {
        "id": "73",
        "image": "downloaded_images/Cartoon/Dragon_Ball/image_20241106_151445_2.jpg",
        "conversations": [
            {
                "from": "human",
                "value": "<image>\nWhen was this cartoon first released or aired?"
            },
            {
                "from": "gpt",
                "value": "\"Dragon Ball\" first aired in Japan on February 26, 1986."
            }
        ]
    },
    {
        "id": "74",
        "image": "downloaded_images/Cartoon/Dragon_Ball/image_20241106_151445_2.jpg",
        "conversations": [
            {
                "from": "human",
                "value": "<image>\nWho are the main characters in this cartoon?"
            },
            {
                "from": "gpt",
                "value": "The main characters in \"Dragon Ball\" include Goku, Bulma, Master Roshi, Krillin, and Piccolo, among others."
            }
        ]
    },
    {
        "id": "75",
        "image": "downloaded_images/Cartoon/Dragon_Ball/image_20241106_151513_5.jpg",
        "conversations": [
            {
                "from": "human",
                "value": "<image>\nWhat is the central storyline or premise of this cartoon?"
            },
            {
                "from": "gpt",
                "value": "The central storyline of \"Dragon Ball\" follows the adventures of Goku, a young martial artist with a mysterious past, as he embarks on a quest to find the seven Dragon Balls, which summon a dragon that grants wishes. Throughout his journey, Goku trains in martial arts, makes friends, faces powerful foes, and grows stronger, ultimately becoming a legendary warrior. The series explores themes of friendship, perseverance, and the pursuit of strength."
            }
        ]
    }
]