[
    {
        "id": "43",
        "image": "downloaded_images/Animals/Elephant/image_20241017_171858_17.jpg",
        "conversations": [
            {
                "from": "human",
                "value": "<image>\nWhat is the common name of this animal?"
            },
            {
                "from": "gpt",
                "value": "The common name of this animal is \"Elephant.\""
            }
        ]
    },
    {
        "id": "44",
        "image": "downloaded_images/Animals/Elephant/image_20241017_171743_8.jpg",
        "conversations": [
            {
                "from": "human",
                "value": "<image>\nWhat family or order does it belong to?"
            },
            {
                "from": "gpt",
                "value": "Elephants belong to the family Elephantidae and the order Proboscidea."
            }
        ]
    },
    {
        "id": "45",
        "image": "downloaded_images/Animals/Elephant/image_20241017_171800_10.jpg",
        "conversations": [
            {
                "from": "human",
                "value": "<image>\nWhat does this animal eat (herbivore, carnivore, omnivore)?"
            },
            {
                "from": "gpt",
                "value": "The animal in the image is an elephant, and as such, it is a herbivore. Elephants primarily consume a variety of plant materials, including grasses, leaves, branches, and bark. They also require a significant amount of water daily to help with digestion and maintain their large size."
            }
        ]
    },
    {
        "id": "46",
        "image": "downloaded_images/Animals/Elephant/image_20241017_171831_14.jpg",
        "conversations": [
            {
                "from": "human",
                "value": "<image>\nIs it native to a specific region or found globally?"
            },
            {
                "from": "gpt",
                "value": "The elephant in the image is an African elephant, which is native to Africa. It is the largest land mammal on the continent and is found in various habitats, including savannas, forests, and deserts. African elephants are not found globally; they are endemic to Africa."
            }
        ]
    },
    {
        "id": "47",
        "image": "downloaded_images/Animals/Elephant/image_20241017_171718_5.jpg",
        "conversations": [
            {
                "from": "human",
                "value": "<image>\nHow does this animal reproduce (mating habits, gestation period)?"
            },
            {
                "from": "gpt",
                "value": "The animal in the image is an elephant. Elephants are known for their complex social structure and reproduction habits. They are mammals and have a gestation period of around 22 months. During the mating season, which can vary depending on the species and location, males and females come together in groups called herds. The male elephants, called bulls, engage in a behavior called musth, where they produce a strong, pungent smell and become more aggressive. They also use their tus"
            }
        ]
    }
]