[
    {
        "id": "26",
        "image": "downloaded_images/Personage/Elon_Musk/image_20241016_194643_18.jpg",
        "conversations": [
            {
                "from": "human",
                "value": "<image>\nWhat is this person's name?"
            },
            {
                "from": "gpt",
                "value": "Elon Musk"
            }
        ]
    },
    {
        "id": "27",
        "image": "downloaded_images/Personage/Elon_Musk/image_20241018_150454_11.jpg",
        "conversations": [
            {
                "from": "human",
                "value": "<image>\nWhen and where was this person born?"
            },
            {
                "from": "gpt",
                "value": "Elon Musk was born on June 28, 1971, in Pretoria, South Africa."
            }
        ]
    },
    {
        "id": "28",
        "image": "downloaded_images/Personage/Elon_Musk/image_20241016_145940_9.jpg",
        "conversations": [
            {
                "from": "human",
                "value": "<image>\nWhat is this person's profession?"
            },
            {
                "from": "gpt",
                "value": "Elon Musk is an entrepreneur, engineer, and inventor."
            }
        ]
    },
    {
        "id": "29",
        "image": "downloaded_images/Personage/Elon_Musk/image_20241016_145829_1.jpg",
        "conversations": [
            {
                "from": "human",
                "value": "<image>\nWhat are the famous works or achievements of this person?"
            },
            {
                "from": "gpt",
                "value": "Elon Musk is known for founding and leading several high-profile companies, including:\n   - Tesla, Inc., an electric vehicle and clean energy company.\n   - SpaceX, a private aerospace manufacturer and space transportation company.\n   - Neuralink, a neurotechnology company focused on developing brain-computer interfaces.\n   - The Boring Company, which focuses on tunnel construction and infrastructure.\n   - Co-founding PayPal, an online payment system."
            }
        ]
    },
    {
        "id": "30",
        "image": "downloaded_images/Personage/Elon_Musk/image_20241018_150621_21.jpg",
        "conversations": [
            {
                "from": "human",
                "value": "<image>\nWhat contributions has this person made to society or industry?"
            },
            {
                "from": "gpt",
                "value": "Elon Musk has made significant contributions to various industries, including:\n   - Advancing electric vehicles and renewable energy through Tesla, promoting sustainable transportation and energy solutions.\n   - Revolutionizing space travel with SpaceX, reducing the cost of space exploration and aiming for Mars colonization.\n   - Innovating in transportation with the Hyperloop concept and developing tunneling technologies to alleviate urban congestion.\n   - Pioneering advancements in artificial intelligence and brain-computer interfaces with Neuralink, potentially transforming healthcare and human capabilities.\n   - Advocating for the use of solar energy and battery storage, contributing to the fight against climate change."
            }
        ]
    }
]