[
    {
        "id": "16",
        "image": "downloaded_images/Movies/Forrest_Gump/image_20241018_131954_3.jpg",
        "conversations": [
            {
                "from": "human",
                "value": "<image>\nWhen was this film released?"
            },
            {
                "from": "gpt",
                "value": "\"Forrest Gump\" was released on July 6, 1994."
            }
        ]
    },
    {
        "id": "17",
        "image": "downloaded_images/Movies/Forrest_Gump/image_20241018_132001_4.jpg",
        "conversations": [
            {
                "from": "human",
                "value": "<image>\nWho are the main actors or actresses in this movie?"
            },
            {
                "from": "gpt",
                "value": "The main actors in the movie include Tom Hanks (Forrest Gump), Robin Wright (Jenny Curran), Gary Sinise (Lieutenant Dan Taylor), and Sally Field (Mrs. Gump)."
            }
        ]
    },
    {
        "id": "18",
        "image": "downloaded_images/Movies/Forrest_Gump/image_20241018_132001_4.jpg",
        "conversations": [
            {
                "from": "human",
                "value": "<image>\nWhat is the central plot or storyline of this movie?"
            },
            {
                "from": "gpt",
                "value": "The central plot of \"Forrest Gump\" follows the life of a simple man with a low IQ, Forrest Gump, who inadvertently influences several historical events in the 20th century while pursuing his childhood love, Jenny. Despite his challenges, Forrest's kindness and determination lead him through a series of extraordinary experiences, including serving in the Vietnam War, becoming a ping-pong champion, and running across the country, all while remaining devoted to Jenny. The film explores themes of love, destiny, and the impact of one individual on the world around them."
            }
        ]
    }
]