[
    {
        "id": "4",
        "image": "downloaded_images/Buildings/Great_Wall_of_China/image_20241017_210318_13.jpg",
        "conversations": [
            {
                "from": "human",
                "value": "<image>\nWhat is the name of this building?"
            },
            {
                "from": "gpt",
                "value": "The Great Wall of China."
            }
        ]
    },
    {
        "id": "5",
        "image": "downloaded_images/Buildings/Great_Wall_of_China/image_20241106_112747_28.jpg",
        "conversations": [
            {
                "from": "human",
                "value": "<image>\nWhere is it located?"
            },
            {
                "from": "gpt",
                "value": "The Great Wall of China stretches across northern China, spanning several provinces including Hebei, Beijing, Shanxi, and Gansu."
            }
        ]
    },
    {
        "id": "6",
        "image": "downloaded_images/Buildings/Great_Wall_of_China/image_20241017_210404_17.jpg",
        "conversations": [
            {
                "from": "human",
                "value": "<image>\nWhat was the original purpose of the building?"
            },
            {
                "from": "gpt",
                "value": "The original purpose of the Great Wall of China was to protect Chinese states and empires from invasions and raids by nomadic groups and military incursions. It also served as a means of border control, allowing for the regulation of trade and immigration."
            }
        ]
    },
    {
        "id": "7",
        "image": "downloaded_images/Buildings/Great_Wall_of_China/image_20241017_210404_17.jpg",
        "conversations": [
            {
                "from": "human",
                "value": "<image>\nIs the building open to the public?"
            },
            {
                "from": "gpt",
                "value": "Yes, the Great Wall of China is open to the public. Various sections of the wall, such as Badaling and Mutianyu, are popular tourist destinations and are well-preserved for visitors to explore."
            }
        ]
    }
]