[
    {
        "id": "26",
        "image": "downloaded_images/Animals/Horse/image_20241017_115306_2.jpg",
        "conversations": [
            {
                "from": "human",
                "value": "<image>\nWhat is the common name of this animal?"
            },
            {
                "from": "gpt",
                "value": "Horse"
            }
        ]
    },
    {
        "id": "27",
        "image": "downloaded_images/Animals/Horse/image_20241017_115532_19.jpg",
        "conversations": [
            {
                "from": "human",
                "value": "<image>\nWhat does this animal eat (herbivore, carnivore, omnivore)?"
            },
            {
                "from": "gpt",
                "value": "Horses are herbivores, primarily grazing on grasses and other vegetation."
            }
        ]
    },
    {
        "id": "28",
        "image": "downloaded_images/Animals/Horse/image_20241017_115255_1.jpg",
        "conversations": [
            {
                "from": "human",
                "value": "<image>\nIs it native to a specific region or found globally?"
            },
            {
                "from": "gpt",
                "value": "Horses are believed to have originated in the steppes of Central Asia but are now found globally due to domestication and breeding."
            }
        ]
    },
    {
        "id": "29",
        "image": "downloaded_images/Animals/Horse/image_20241017_115306_2.jpg",
        "conversations": [
            {
                "from": "human",
                "value": "<image>\nHow does this animal reproduce (mating habits, gestation period)?"
            },
            {
                "from": "gpt",
                "value": "Horses typically mate in a polygamous system, where a stallion may breed with multiple mares. The gestation period for a horse is approximately 11 months, after which a single foal is usually born."
            }
        ]
    }
]