[
    {
        "id": "24",
        "image": "downloaded_images/Movies/Inception/image_20241018_133129_1.jpg",
        "conversations": [
            {
                "from": "human",
                "value": "<image>\nWhat is the title of this movie?"
            },
            {
                "from": "gpt",
                "value": "**Inception**"
            }
        ]
    },
    {
        "id": "25",
        "image": "downloaded_images/Movies/Inception/image_20241018_133129_1.jpg",
        "conversations": [
            {
                "from": "human",
                "value": "<image>\nWho directed this film?"
            },
            {
                "from": "gpt",
                "value": "**Christopher Nolan**"
            }
        ]
    },
    {
        "id": "26",
        "image": "downloaded_images/Movies/Inception/image_20241018_133139_2.jpg",
        "conversations": [
            {
                "from": "human",
                "value": "<image>\nWhen was this film released?"
            },
            {
                "from": "gpt",
                "value": "**July 16, 2010**"
            }
        ]
    },
    {
        "id": "27",
        "image": "downloaded_images/Movies/Inception/image_20241018_133139_2.jpg",
        "conversations": [
            {
                "from": "human",
                "value": "<image>\nWho are the main actors or actresses in this movie?"
            },
            {
                "from": "gpt",
                "value": "**Leonardo DiCaprio, Joseph Gordon-Levitt, Ellen Page, Tom Hardy, Ken Watanabe, Cillian Murphy, and Marion Cotillard.**"
            }
        ]
    },
    {
        "id": "28",
        "image": "downloaded_images/Movies/Inception/image_20241018_133150_3.jpg",
        "conversations": [
            {
                "from": "human",
                "value": "<image>\nWhat is the central plot or storyline of this movie?"
            },
            {
                "from": "gpt",
                "value": "**Inception follows Dom Cobb, a skilled thief who specializes in the art of extraction, stealing secrets from deep within the subconscious during the dream state. He is offered a chance to have his criminal history erased if he can successfully perform \"inception,\" the act of planting an idea into a target's mind. Cobb assembles a team to delve into layered dreams, facing various challenges and confrontations with his own past as they navigate the complexities of the dream world.**"
            }
        ]
    }
]