[
    {
        "id": "57",
        "image": "downloaded_images/Movies/John_Wick/image_20241107_114615_4.jpg",
        "conversations": [
            {
                "from": "human",
                "value": "<image>\nWhat is the title of this movie?"
            },
            {
                "from": "gpt",
                "value": "The title of the movie is \"John Wick.\""
            }
        ]
    },
    {
        "id": "58",
        "image": "downloaded_images/Movies/John_Wick/image_20241107_114615_4.jpg",
        "conversations": [
            {
                "from": "human",
                "value": "<image>\nWhen was this film released?"
            },
            {
                "from": "gpt",
                "value": "\"John Wick\" was released on October 24, 2014."
            }
        ]
    },
    {
        "id": "59",
        "image": "downloaded_images/Movies/John_Wick/image_20241107_114547_1.jpg",
        "conversations": [
            {
                "from": "human",
                "value": "<image>\nWho are the main actors or actresses in this movie?"
            },
            {
                "from": "gpt",
                "value": "The main actors in \"John Wick\" include Keanu Reeves (as John Wick), Michael Nyqvist (as Viggo Tarasov), Alfie Allen (as Iosef Tarasov), and Willem Dafoe (as Marcus)."
            }
        ]
    },
    {
        "id": "60",
        "image": "downloaded_images/Movies/John_Wick/image_20241107_114547_1.jpg",
        "conversations": [
            {
                "from": "human",
                "value": "<image>\nWhat is the central plot or storyline of this movie?"
            },
            {
                "from": "gpt",
                "value": "The central plot of \"John Wick\" revolves around a retired hitman named John Wick who is mourning the death of his wife. After a group of gangsters break into his home, steal his car, and kill his beloved puppy (a final gift from his wife), John is drawn back into the violent world he left behind. Fueled by grief and vengeance, he embarks on a relentless quest to hunt down those responsible, showcasing his exceptional combat skills and determination."
            }
        ]
    }
]