[
    {
        "id": "75",
        "image": "downloaded_images/Personage/John_von_Neumann/image_20241018_161249_10.jpg",
        "conversations": [
            {
                "from": "human",
                "value": "<image>\nWhat is this person's name?"
            },
            {
                "from": "gpt",
                "value": "John von Neumann"
            }
        ]
    },
    {
        "id": "76",
        "image": "downloaded_images/Personage/John_von_Neumann/image_20241018_161249_10.jpg",
        "conversations": [
            {
                "from": "human",
                "value": "<image>\nWhen and where was this person born?"
            },
            {
                "from": "gpt",
                "value": "John von Neumann was born on December 28, 1903, in Budapest, Hungary."
            }
        ]
    },
    {
        "id": "77",
        "image": "downloaded_images/Personage/John_von_Neumann/image_20241018_161249_10.jpg",
        "conversations": [
            {
                "from": "human",
                "value": "<image>\nWhat is this person's profession?"
            },
            {
                "from": "gpt",
                "value": "John von Neumann was a mathematician, physicist, computer scientist, and polymath."
            }
        ]
    },
    {
        "id": "78",
        "image": "downloaded_images/Personage/John_von_Neumann/image_20241018_161249_10.jpg",
        "conversations": [
            {
                "from": "human",
                "value": "<image>\nWhat are the famous works or achievements of this person?"
            },
            {
                "from": "gpt",
                "value": "John von Neumann made significant contributions to various fields, including:\n   - Foundational work in functional analysis and set theory.\n   - Development of game theory, particularly the minimax theorem.\n   - Contributions to quantum mechanics and the formulation of the mathematical foundations of quantum theory.\n   - Pioneering work in computer science, including the architecture of the modern computer (von Neumann architecture).\n   - Contributions to the Manhattan Project during World War II."
            }
        ]
    },
    {
        "id": "79",
        "image": "downloaded_images/Personage/John_von_Neumann/image_20241018_161249_10.jpg",
        "conversations": [
            {
                "from": "human",
                "value": "<image>\nWhat contributions has this person made to society or industry?"
            },
            {
                "from": "gpt",
                "value": "John von Neumann's contributions have had a profound impact on multiple fields:\n   - His work in mathematics and game theory has influenced economics, political science, and social sciences.\n   - The von Neumann architecture laid the groundwork for the design of most modern computers, shaping the development of the computing industry.\n   - His insights into quantum mechanics have influenced physics and the understanding of atomic and subatomic processes.\n   - His involvement in the Manhattan Project contributed to the development of nuclear weapons, which had significant implications for global politics and security."
            }
        ]
    }
]