[
    {
        "id": "39",
        "image": "downloaded_images/Movies/Mad_Max_Fury_Road/image_20241018_134846_1.jpg",
        "conversations": [
            {
                "from": "human",
                "value": "<image>\nWhat is the title of this movie?"
            },
            {
                "from": "gpt",
                "value": "**Mad Max: Fury Road**"
            }
        ]
    },
    {
        "id": "40",
        "image": "downloaded_images/Movies/Mad_Max_Fury_Road/image_20241018_134932_6.jpg",
        "conversations": [
            {
                "from": "human",
                "value": "<image>\nWho directed this film?"
            },
            {
                "from": "gpt",
                "value": "**George Miller**"
            }
        ]
    },
    {
        "id": "41",
        "image": "downloaded_images/Movies/Mad_Max_Fury_Road/image_20241018_134932_6.jpg",
        "conversations": [
            {
                "from": "human",
                "value": "<image>\nWhen was this film released?"
            },
            {
                "from": "gpt",
                "value": "**May 15, 2015**"
            }
        ]
    },
    {
        "id": "42",
        "image": "downloaded_images/Movies/Mad_Max_Fury_Road/image_20241018_135041_14.jpg",
        "conversations": [
            {
                "from": "human",
                "value": "<image>\nWho are the main actors or actresses in this movie?"
            },
            {
                "from": "gpt",
                "value": "**Tom Hardy, Charlize Theron, Nicholas Hoult, Hugh Keays-Byrne, Rosie Huntington-Whiteley**"
            }
        ]
    },
    {
        "id": "43",
        "image": "downloaded_images/Movies/Mad_Max_Fury_Road/image_20241018_134932_6.jpg",
        "conversations": [
            {
                "from": "human",
                "value": "<image>\nWhat is the central plot or storyline of this movie?"
            },
            {
                "from": "gpt",
                "value": "**Set in a post-apocalyptic wasteland, \"Mad Max: Fury Road\" follows Max Rockatansky, a lone survivor haunted by his past, who teams up with Imperator Furiosa to escape a tyrannical warlord and his army. They embark on a high-octane chase across the desert, seeking refuge while battling various threats in a brutal and chaotic world.**"
            }
        ]
    }
]