[
    {
        "id": "59",
        "image": "downloaded_images/Personage/Marie_Curie/image_20241018_154919_17.jpg",
        "conversations": [
            {
                "from": "human",
                "value": "<image>\nWhat are the famous works or achievements of this person?"
            },
            {
                "from": "gpt",
                "value": "Marie Curie is renowned for her pioneering research on radioactivity. She was the first woman to win a Nobel Prize and the only person to win Nobel Prizes in two different scientific fields: Physics (1903, shared with Pierre Curie and Henri Becquerel) and Chemistry (1911, for her discovery of the elements radium and polonium)."
            }
        ]
    }
]