[
    {
        "id": "7",
        "image": "downloaded_images/Personage/Michael_Jordan/image_20241018_165953_22.jpg",
        "conversations": [
            {
                "from": "human",
                "value": "<image>\nWhat is this person's name?"
            },
            {
                "from": "gpt",
                "value": "Michael Jordan"
            }
        ]
    },
    {
        "id": "8",
        "image": "downloaded_images/Personage/Michael_Jordan/image_20241018_165953_22.jpg",
        "conversations": [
            {
                "from": "human",
                "value": "<image>\nWhen and where was this person born?"
            },
            {
                "from": "gpt",
                "value": "Michael Jordan was born on February 17, 1963, in Brooklyn, New York, USA."
            }
        ]
    },
    {
        "id": "9",
        "image": "downloaded_images/Personage/Michael_Jordan/image_20241018_165656_4.jpg",
        "conversations": [
            {
                "from": "human",
                "value": "<image>\nWhat is this person's profession?"
            },
            {
                "from": "gpt",
                "value": "Michael Jordan is a former professional basketball player, widely regarded as one of the greatest basketball players of all time. He is also a businessman and principal owner of the Charlotte Hornets, an NBA team."
            }
        ]
    },
    {
        "id": "10",
        "image": "downloaded_images/Personage/Michael_Jordan/image_20241018_170009_24.jpg",
        "conversations": [
            {
                "from": "human",
                "value": "<image>\nWhat are the famous works or achievements of this person?"
            },
            {
                "from": "gpt",
                "value": "Michael Jordan is known for his incredible career in the NBA, where he played primarily for the Chicago Bulls. He won six NBA championships (1991-1993, 1996-1998) and was named NBA Finals MVP in each of those championships. He is a 14-time NBA All-Star, 10-time scoring champion, and 5-time NBA Most Valuable Player (MVP). Additionally, he was inducted into the Naismith Memorial Basketball Hall of Fame in 2009. Beyond basketball, he is famous for his brand, Air Jordan, which revolutionized sports marketing and sneaker culture."
            }
        ]
    },
    {
        "id": "11",
        "image": "downloaded_images/Personage/Michael_Jordan/image_20241018_165639_2.jpg",
        "conversations": [
            {
                "from": "human",
                "value": "<image>\nWhat contributions has this person made to society or industry?"
            },
            {
                "from": "gpt",
                "value": "Michael Jordan has made significant contributions to both sports and society. He has been a prominent figure in promoting basketball globally and has inspired countless athletes. His success has also led to the growth of the sports marketing industry, particularly through his partnership with Nike, which created the Air Jordan brand. Beyond sports, Jordan has been involved in various philanthropic efforts, including donations to education and health initiatives, and he has worked to improve the lives of underprivileged communities. His influence extends into popular culture, making him a global icon."
            }
        ]
    }
]