[
    {
        "id": "29",
        "image": "downloaded_images/Personage/Michael_Jackson/image_20241018_213158_1.jpg",
        "conversations": [
            {
                "from": "human",
                "value": "<image>\nWhat is this person's name?"
            },
            {
                "from": "gpt",
                "value": "Michael Jackson"
            }
        ]
    },
    {
        "id": "30",
        "image": "downloaded_images/Personage/Michael_Jackson/image_20241018_213255_7.jpg",
        "conversations": [
            {
                "from": "human",
                "value": "<image>\nWhen and where was this person born?"
            },
            {
                "from": "gpt",
                "value": "Michael Jackson was born on August 29, 1958, in Gary, Indiana, USA."
            }
        ]
    },
    {
        "id": "31",
        "image": "downloaded_images/Personage/Michael_Jackson/image_20241018_213238_5.jpg",
        "conversations": [
            {
                "from": "human",
                "value": "<image>\nWhat is this person's profession?"
            },
            {
                "from": "gpt",
                "value": "Michael Jackson was a singer, songwriter, and dancer, widely regarded as one of the greatest entertainers in the history of music."
            }
        ]
    },
    {
        "id": "32",
        "image": "downloaded_images/Personage/Michael_Jackson/image_20241018_213158_1.jpg",
        "conversations": [
            {
                "from": "human",
                "value": "<image>\nWhat are the famous works or achievements of this person?"
            },
            {
                "from": "gpt",
                "value": "Michael Jackson is known for numerous hit songs, including \"Thriller,\" \"Billie Jean,\" \"Beat It,\" and \"Smooth Criminal.\" His album \"Thriller\" remains the best-selling album of all time. He won numerous awards, including 13 Grammy Awards, and was inducted into the Rock and Roll Hall of Fame twice."
            }
        ]
    },
    {
        "id": "33",
        "image": "downloaded_images/Personage/Michael_Jackson/image_20241018_213238_5.jpg",
        "conversations": [
            {
                "from": "human",
                "value": "<image>\nWhat contributions has this person made to society or industry?"
            },
            {
                "from": "gpt",
                "value": "Michael Jackson significantly influenced the music industry with his innovative music videos, such as those for \"Thriller\" and \"Bad,\" which helped to elevate the art form. He broke racial barriers in music and television, particularly with his success on MTV. Additionally, he was known for his humanitarian efforts, supporting various charities and causes, including children's hospitals and HIV/AIDS research. His legacy continues to inspire artists across genres and generations."
            }
        ]
    }
]