[
    {
        "id": "41",
        "image": "downloaded_images/Corporation/Microsoft_Corporation_Logo/image_20241018_121226_4.jpg",
        "conversations": [
            {
                "from": "human",
                "value": "<image>\n**When was this corporation founded, and by whom?"
            },
            {
                "from": "gpt",
                "value": "**\n   - Microsoft was founded on April 4, 1975, by Bill Gates and Paul Allen."
            }
        ]
    },
    {
        "id": "42",
        "image": "downloaded_images/Corporation/Microsoft_Corporation_Logo/image_20241018_121435_20.jpg",
        "conversations": [
            {
                "from": "human",
                "value": "<image>\n**Where is this corporation's headquarters located?"
            },
            {
                "from": "gpt",
                "value": "**\n   - Microsoft\u95b3\u30e6\u7368 headquarters is located in Redmond, Washington, USA."
            }
        ]
    },
    {
        "id": "43",
        "image": "downloaded_images/Corporation/Microsoft_Corporation_Logo/image_20241018_121217_3.jpg",
        "conversations": [
            {
                "from": "human",
                "value": "<image>\n**What are this corporation's primary products or services?"
            },
            {
                "from": "gpt",
                "value": "**\n   - Microsoft\u95b3\u30e6\u7368 primary products include the Windows operating system, Microsoft Office suite, Azure cloud services, Xbox gaming consoles, and various software and hardware products. They also provide services such as cloud computing, enterprise solutions, and professional services."
            }
        ]
    },
    {
        "id": "44",
        "image": "downloaded_images/Corporation/Microsoft_Corporation_Logo/image_20241018_121217_3.jpg",
        "conversations": [
            {
                "from": "human",
                "value": "<image>\n**What industry does this corporation operate in?"
            },
            {
                "from": "gpt",
                "value": "**\n   - Microsoft operates in the technology industry, specifically in software development, cloud computing, and consumer electronics."
            }
        ]
    }
]