[
    {
        "id": "38",
        "image": "downloaded_images/Buildings/Moai_Statues/image_20241106_145912_2.jpg",
        "conversations": [
            {
                "from": "human",
                "value": "<image>\nWhere is it located?"
            },
            {
                "from": "gpt",
                "value": "Easter Island (Rapa Nui), Chile, in the southeastern Pacific Ocean.."
            }
        ]
    },
    {
        "id": "39",
        "image": "downloaded_images/Buildings/Moai_Statues/image_20241106_150002_5.jpg",
        "conversations": [
            {
                "from": "human",
                "value": "<image>\nWhat was the original purpose of the building?"
            },
            {
                "from": "gpt",
                "value": "The Moai statues were created by the Rapa Nui people as representations of their ancestors. They are believed to be symbols of authority and power, meant to honor important ancestors or chiefs and to serve as spiritual guardians for the island's communities."
            }
        ]
    },
    {
        "id": "40",
        "image": "downloaded_images/Buildings/Moai_Statues/image_20241106_145912_2.jpg",
        "conversations": [
            {
                "from": "human",
                "value": "<image>\nIs the building open to the public?"
            },
            {
                "from": "gpt",
                "value": "Yes, the Moai statues are open to the public. Visitors can see them in various locations across Easter Island, particularly in Rano Raraku, the quarry where many were carved, and on platforms called \"ahu\" around the island. Easter Island is a UNESCO World Heritage site, and public access is regulated to help preserve the statues."
            }
        ]
    }
]