[
    {
        "id": "87",
        "image": "downloaded_images/Astronomy/Neptune/image_20241017_203233_5.jpg",
        "conversations": [
            {
                "from": "human",
                "value": "<image>\nWhat is the name of this planet?"
            },
            {
                "from": "gpt",
                "value": "Neptune"
            }
        ]
    },
    {
        "id": "88",
        "image": "downloaded_images/Astronomy/Neptune/image_20241017_203233_5.jpg",
        "conversations": [
            {
                "from": "human",
                "value": "<image>\nWhat is its position in the solar system?"
            },
            {
                "from": "gpt",
                "value": "8th from the Sun"
            }
        ]
    },
    {
        "id": "89",
        "image": "downloaded_images/Astronomy/Neptune/image_20241017_203233_5.jpg",
        "conversations": [
            {
                "from": "human",
                "value": "<image>\nWhat is the planet's classification?"
            },
            {
                "from": "gpt",
                "value": "Ice giant"
            }
        ]
    },
    {
        "id": "90",
        "image": "downloaded_images/Astronomy/Neptune/image_20241017_203403_13.jpg",
        "conversations": [
            {
                "from": "human",
                "value": "<image>\nDoes it have a ring system?"
            },
            {
                "from": "gpt",
                "value": "If so, how extensive is it?  \n   Yes, Neptune has a ring system, but it is relatively faint and consists of several narrow rings. The rings are not as extensive or prominent as those of Saturn."
            }
        ]
    },
    {
        "id": "91",
        "image": "downloaded_images/Astronomy/Neptune/image_20241017_203233_5.jpg",
        "conversations": [
            {
                "from": "human",
                "value": "<image>\nHow long does it take for this planet to orbit the Sun?"
            },
            {
                "from": "gpt",
                "value": "Neptune takes about 165 Earth years to complete one orbit around the Sun."
            }
        ]
    }
]