[
    {
        "id": "46",
        "image": "downloaded_images/Corporation/NVIDIA_Corporation_Logo/image_20241018_124126_20.jpg",
        "conversations": [
            {
                "from": "human",
                "value": "<image>\nWhat is the name of this corporation?"
            },
            {
                "from": "gpt",
                "value": "NVIDIA Corporation"
            }
        ]
    },
    {
        "id": "47",
        "image": "downloaded_images/Corporation/NVIDIA_Corporation_Logo/image_20241018_123915_4.jpg",
        "conversations": [
            {
                "from": "human",
                "value": "<image>\nWhen was this corporation founded, and by whom?"
            },
            {
                "from": "gpt",
                "value": "NVIDIA was founded on April 5, 1993, by Jensen Huang, Chris Malachowsky, and Curtis Priem."
            }
        ]
    },
    {
        "id": "48",
        "image": "downloaded_images/Corporation/NVIDIA_Corporation_Logo/image_20241018_123926_5.jpg",
        "conversations": [
            {
                "from": "human",
                "value": "<image>\nWhere is this corporation's headquarters located?"
            },
            {
                "from": "gpt",
                "value": "NVIDIA's headquarters is located in Santa Clara, California, USA."
            }
        ]
    },
    {
        "id": "49",
        "image": "downloaded_images/Corporation/NVIDIA_Corporation_Logo/image_20241018_123944_7.jpg",
        "conversations": [
            {
                "from": "human",
                "value": "<image>\nWhat are this corporation's primary products or services?"
            },
            {
                "from": "gpt",
                "value": "NVIDIA primarily produces graphics processing units (GPUs) for gaming and professional markets, as well as system-on-a-chip units (SoCs) for mobile computing and automotive market. They also provide AI and deep learning solutions, cloud computing services, and software development tools."
            }
        ]
    },
    {
        "id": "50",
        "image": "downloaded_images/Corporation/NVIDIA_Corporation_Logo/image_20241018_123915_4.jpg",
        "conversations": [
            {
                "from": "human",
                "value": "<image>\nWhat industry does this corporation operate in?"
            },
            {
                "from": "gpt",
                "value": "NVIDIA operates in the technology industry, specifically in the sectors of semiconductor manufacturing, computer hardware, and artificial intelligence."
            }
        ]
    }
]