[
    {
        "id": "1",
        "image": "downloaded_images/Cartoon/One_Piece/image_20241018_100544_1.jpg",
        "conversations": [
            {
                "from": "human",
                "value": "<image>\nWhat is the title of this cartoon?"
            },
            {
                "from": "gpt",
                "value": "The title of this cartoon is \"One Piece.\""
            }
        ]
    },
    {
        "id": "2",
        "image": "downloaded_images/Cartoon/One_Piece/image_20241018_100714_12.jpg",
        "conversations": [
            {
                "from": "human",
                "value": "<image>\nWho created or produced this cartoon?"
            },
            {
                "from": "gpt",
                "value": "\"One Piece\" was created by Eiichiro Oda and is produced by Toei Animation."
            }
        ]
    },
    {
        "id": "3",
        "image": "downloaded_images/Cartoon/One_Piece/image_20241018_100651_9.jpg",
        "conversations": [
            {
                "from": "human",
                "value": "<image>\nWhen was this cartoon first released or aired?"
            },
            {
                "from": "gpt",
                "value": "\"One Piece\" first aired on October 20, 1999."
            }
        ]
    },
    {
        "id": "4",
        "image": "downloaded_images/Cartoon/One_Piece/image_20241018_100651_9.jpg",
        "conversations": [
            {
                "from": "human",
                "value": "<image>\nWho are the main characters in this cartoon?"
            },
            {
                "from": "gpt",
                "value": "The main characters include Monkey D. Luffy, Roronoa Zoro, Nami, Usopp, Sanji, Tony Tony Chopper, Nico Robin, Franky, Brook, and Jinbe, among others."
            }
        ]
    },
    {
        "id": "5",
        "image": "downloaded_images/Cartoon/One_Piece/image_20241018_100627_6.jpg",
        "conversations": [
            {
                "from": "human",
                "value": "<image>\nWhat is the central storyline or premise of this cartoon?"
            },
            {
                "from": "gpt",
                "value": "The central storyline of \"One Piece\" follows Monkey D. Luffy, a young pirate with the ability to stretch his body like rubber after eating a Devil Fruit. Luffy sets out on a grand adventure to find the legendary treasure known as \"One Piece\" and become the Pirate King. Along the way, he gathers a diverse crew known as the Straw Hat Pirates, faces powerful enemies, and explores various islands and seas in a world filled with pirates, marines, and fantastical creatures."
            }
        ]
    }
]