[
    {
        "id": "52",
        "image": "downloaded_images/Plants/Potato/image_20241018_184032_4.jpg",
        "conversations": [
            {
                "from": "human",
                "value": "<image>\nWhat is the common name of this plant?"
            },
            {
                "from": "gpt",
                "value": "The common name of this plant is Potato."
            }
        ]
    },
    {
        "id": "53",
        "image": "downloaded_images/Plants/Potato/image_20241018_184226_17.jpg",
        "conversations": [
            {
                "from": "human",
                "value": "<image>\nTo which family or genus does it belong?"
            },
            {
                "from": "gpt",
                "value": "The potato belongs to the Solanaceae family and the Solanum genus."
            }
        ]
    },
    {
        "id": "54",
        "image": "downloaded_images/Plants/Potato/image_20241018_184151_13.jpg",
        "conversations": [
            {
                "from": "human",
                "value": "<image>\nHow does it reproduce (seeds, cuttings, runners)?"
            },
            {
                "from": "gpt",
                "value": "Potatoes primarily reproduce through tubers (which are modified stems), but they can also reproduce from seeds."
            }
        ]
    },
    {
        "id": "55",
        "image": "downloaded_images/Plants/Potato/image_20241018_184006_1.jpg",
        "conversations": [
            {
                "from": "human",
                "value": "<image>\nIs it native to a specific region or found globally?"
            },
            {
                "from": "gpt",
                "value": "Potatoes are native to the Andean region of South America, particularly modern-day Peru and northwest Bolivia, but they are now found and cultivated globally."
            }
        ]
    },
    {
        "id": "56",
        "image": "downloaded_images/Plants/Potato/image_20241018_184024_3.jpg",
        "conversations": [
            {
                "from": "human",
                "value": "<image>\nHow does it grow (e.g., tree, shrub, herb)?"
            },
            {
                "from": "gpt",
                "value": "The potato grows as a herbaceous plant, typically reaching a height of about 1 to 3 feet (30 to 90 cm)."
            }
        ]
    }
]