[
    {
        "id": "61",
        "image": "downloaded_images/Personage/Queen_Elizabeth_\u2161/image_20241018_221616_2.jpg",
        "conversations": [
            {
                "from": "human",
                "value": "<image>\nWhat is this person's name?"
            },
            {
                "from": "gpt",
                "value": "Queen Elizabeth II"
            }
        ]
    },
    {
        "id": "62",
        "image": "downloaded_images/Personage/Queen_Elizabeth_\u2161/image_20241018_221818_15.jpg",
        "conversations": [
            {
                "from": "human",
                "value": "<image>\nWhen and where was this person born?"
            },
            {
                "from": "gpt",
                "value": "Queen Elizabeth II was born on April 21, 1926, in London, England."
            }
        ]
    },
    {
        "id": "63",
        "image": "downloaded_images/Personage/Queen_Elizabeth_\u2161/image_20241018_221826_16.jpg",
        "conversations": [
            {
                "from": "human",
                "value": "<image>\nWhat is this person's profession?"
            },
            {
                "from": "gpt",
                "value": "Queen Elizabeth II was a monarch, serving as the Queen of the United Kingdom and other Commonwealth realms."
            }
        ]
    },
    {
        "id": "64",
        "image": "downloaded_images/Personage/Queen_Elizabeth_\u2161/image_20241018_221603_1.jpg",
        "conversations": [
            {
                "from": "human",
                "value": "<image>\nWhat are the famous works or achievements of this person?"
            },
            {
                "from": "gpt",
                "value": "Queen Elizabeth II is known for her long reign, which lasted from February 6, 1952, until her death on September 8, 2022. She was the longest-reigning monarch in British history. Her achievements include overseeing significant changes in the monarchy, such as modernization efforts, and playing a key role in the Commonwealth's development. She also celebrated numerous milestones, including her Silver, Golden, Diamond, and Platinum Jubilees."
            }
        ]
    },
    {
        "id": "65",
        "image": "downloaded_images/Personage/Queen_Elizabeth_\u2161/image_20241018_221845_18.jpg",
        "conversations": [
            {
                "from": "human",
                "value": "<image>\nWhat contributions has this person made to society or industry?"
            },
            {
                "from": "gpt",
                "value": "Queen Elizabeth II contributed to society by promoting national unity and stability during times of change and uncertainty. She was a symbol of continuity and tradition, fostering a sense of national identity. Her reign saw the decolonization of Africa and the Caribbean, and she played a role in strengthening the Commonwealth. Additionally, she supported numerous charities and organizations, contributing to various social causes, including education, health, and the arts."
            }
        ]
    }
]