[
    {
        "id": "16",
        "image": "downloaded_images/Animals/Sheep/image_20241017_105843_9.jpg",
        "conversations": [
            {
                "from": "human",
                "value": "<image>\nWhat is the common name of this animal?"
            },
            {
                "from": "gpt",
                "value": "Sheep"
            }
        ]
    },
    {
        "id": "17",
        "image": "downloaded_images/Animals/Sheep/image_20241017_105751_3.jpg",
        "conversations": [
            {
                "from": "human",
                "value": "<image>\nWhat family or order does it belong to?"
            },
            {
                "from": "gpt",
                "value": "Sheep belong to the family Bovidae and the order Artiodactyla."
            }
        ]
    },
    {
        "id": "18",
        "image": "downloaded_images/Animals/Sheep/image_20241017_105843_9.jpg",
        "conversations": [
            {
                "from": "human",
                "value": "<image>\nWhat does this animal eat (herbivore, carnivore, omnivore)?"
            },
            {
                "from": "gpt",
                "value": "Sheep are herbivores, primarily grazing on grass, clover, and other vegetation."
            }
        ]
    },
    {
        "id": "19",
        "image": "downloaded_images/Animals/Sheep/image_20241017_105751_3.jpg",
        "conversations": [
            {
                "from": "human",
                "value": "<image>\nIs it native to a specific region or found globally?"
            },
            {
                "from": "gpt",
                "value": "Sheep are domesticated animals that are found globally, but they are believed to have originated in the Middle East and Central Asia."
            }
        ]
    },
    {
        "id": "20",
        "image": "downloaded_images/Animals/Sheep/image_20241017_105910_12.jpg",
        "conversations": [
            {
                "from": "human",
                "value": "<image>\nHow does this animal reproduce (mating habits, gestation period)?"
            },
            {
                "from": "gpt",
                "value": "Sheep typically mate in the fall, and the gestation period lasts about 5 months (approximately 147 days). Ewes (female sheep) usually give birth to one or two lambs at a time."
            }
        ]
    }
]