[
    {
        "id": "11",
        "image": "downloaded_images/TV series/Sherlock_Holmes_TV_Series/image_20241018_190859_1.jpg",
        "conversations": [
            {
                "from": "human",
                "value": "<image>\n**What is the title of this TV series?"
            },
            {
                "from": "gpt",
                "value": "**\n   - The title of the TV series is \"Sherlock.\""
            }
        ]
    },
    {
        "id": "12",
        "image": "downloaded_images/TV series/Sherlock_Holmes_TV_Series/image_20241018_190859_1.jpg",
        "conversations": [
            {
                "from": "human",
                "value": "<image>\n**Who created or produced this TV series?"
            },
            {
                "from": "gpt",
                "value": "**\n   - \"Sherlock\" was created by Steven Moffat and Mark Gatiss."
            }
        ]
    },
    {
        "id": "13",
        "image": "downloaded_images/TV series/Sherlock_Holmes_TV_Series/image_20241018_190916_3.jpg",
        "conversations": [
            {
                "from": "human",
                "value": "<image>\n**When did this TV series first premiere?"
            },
            {
                "from": "gpt",
                "value": "**\n   - The series first premiered on July 25, 2010."
            }
        ]
    },
    {
        "id": "14",
        "image": "downloaded_images/TV series/Sherlock_Holmes_TV_Series/image_20241018_190916_3.jpg",
        "conversations": [
            {
                "from": "human",
                "value": "<image>\n**Who are the main actors and actresses in this TV series?"
            },
            {
                "from": "gpt",
                "value": "**\n   - The main actors in \"Sherlock\" are Benedict Cumberbatch as Sherlock Holmes and Martin Freeman as Dr. John Watson."
            }
        ]
    },
    {
        "id": "15",
        "image": "downloaded_images/TV series/Sherlock_Holmes_TV_Series/image_20241107_202437_1.jpg",
        "conversations": [
            {
                "from": "human",
                "value": "<image>\n**What is the central storyline or premise of this TV series?"
            },
            {
                "from": "gpt",
                "value": "**\n   - The central storyline of \"Sherlock\" revolves around the modern-day adaptation of Sir Arthur Conan Doyle's classic detective stories. It follows the brilliant but eccentric detective Sherlock Holmes and his friend Dr. John Watson as they solve complex criminal cases in contemporary London, utilizing Holmes' keen observational skills and deductive reasoning."
            }
        ]
    }
]