[
    {
        "id": "44",
        "image": "downloaded_images/Movies/Spirited_Away/image_20241107_112602_1.jpg",
        "conversations": [
            {
                "from": "human",
                "value": "<image>\nWhat is the title of this movie?"
            },
            {
                "from": "gpt",
                "value": "The title of the movie is \"Spirited Away.\""
            }
        ]
    },
    {
        "id": "45",
        "image": "downloaded_images/Movies/Spirited_Away/image_20241107_112602_1.jpg",
        "conversations": [
            {
                "from": "human",
                "value": "<image>\nWho directed this film?"
            },
            {
                "from": "gpt",
                "value": "The film was directed by Hayao Miyazaki."
            }
        ]
    },
    {
        "id": "46",
        "image": "downloaded_images/Movies/Spirited_Away/image_20241107_112602_1.jpg",
        "conversations": [
            {
                "from": "human",
                "value": "<image>\nWhen was this film released?"
            },
            {
                "from": "gpt",
                "value": "\"Spirited Away\" was released on July 20, 2001."
            }
        ]
    },
    {
        "id": "47",
        "image": "downloaded_images/Movies/Spirited_Away/image_20241018_140137_3.jpg",
        "conversations": [
            {
                "from": "human",
                "value": "<image>\nWhat is the central plot or storyline of this movie?"
            },
            {
                "from": "gpt",
                "value": "The central plot of \"Spirited Away\" follows a young girl named Chihiro who, while moving to a new neighborhood with her parents, stumbles upon a mysterious and abandoned amusement park. When her parents are transformed into pigs after eating food meant for the spirits, Chihiro must navigate a magical world filled with spirits and strange creatures to save them. She takes a job at a bathhouse run by the witch Yubaba and embarks on a journey of self-discovery, courage, and friendship as she seeks to find a way to free her parents and return to the human world."
            }
        ]
    }
]