[
    {
        "id": "11",
        "image": "downloaded_images/Movies/Star_Wars/image_20241018_131306_1.jpg",
        "conversations": [
            {
                "from": "human",
                "value": "<image>\nWhat is the title of this movie?"
            },
            {
                "from": "gpt",
                "value": "**Star Wars**"
            }
        ]
    },
    {
        "id": "12",
        "image": "downloaded_images/Movies/Star_Wars/image_20241018_131315_2.jpg",
        "conversations": [
            {
                "from": "human",
                "value": "<image>\nWho directed this film?"
            },
            {
                "from": "gpt",
                "value": "**George Lucas**"
            }
        ]
    },
    {
        "id": "13",
        "image": "downloaded_images/Movies/Star_Wars/image_20241018_131315_2.jpg",
        "conversations": [
            {
                "from": "human",
                "value": "<image>\nWhen was this film released?"
            },
            {
                "from": "gpt",
                "value": "**May 25, 1977**"
            }
        ]
    },
    {
        "id": "14",
        "image": "downloaded_images/Movies/Star_Wars/image_20241018_131315_2.jpg",
        "conversations": [
            {
                "from": "human",
                "value": "<image>\nWho are the main actors or actresses in this movie?"
            },
            {
                "from": "gpt",
                "value": "**Mark Hamill (Luke Skywalker), Harrison Ford (Han Solo), Carrie Fisher (Princess Leia), Alec Guinness (Obi-Wan Kenobi), and Peter Cushing (Grand Moff Tarkin)**"
            }
        ]
    },
    {
        "id": "15",
        "image": "downloaded_images/Movies/Star_Wars/image_20241018_131315_2.jpg",
        "conversations": [
            {
                "from": "human",
                "value": "<image>\nWhat is the central plot or storyline of this movie?"
            },
            {
                "from": "gpt",
                "value": "**The central plot of \"Star Wars\" follows the Rebel Alliance's struggle against the oppressive Galactic Empire. The story centers on young Luke Skywalker, who embarks on a journey to rescue Princess Leia from the clutches of Darth Vader, a dark lord of the Sith. With the help of allies like Han Solo and Obi-Wan Kenobi, Luke learns about the Force and his destiny as a Jedi, ultimately leading to a climactic battle to destroy the Empire's superweapon, the Death Star.**"
            }
        ]
    }
]