[
    {
        "id": "35",
        "image": "downloaded_images/TV series/Stranger_Things/image_20241018_194334_3.jpg",
        "conversations": [
            {
                "from": "human",
                "value": "<image>\n**What is the title of this TV series?"
            },
            {
                "from": "gpt",
                "value": "**\n   - The title of the TV series is **Stranger Things**."
            }
        ]
    },
    {
        "id": "36",
        "image": "downloaded_images/TV series/Stranger_Things/image_20241018_194334_3.jpg",
        "conversations": [
            {
                "from": "human",
                "value": "<image>\n**Who created or produced this TV series?"
            },
            {
                "from": "gpt",
                "value": "**\n   - **Stranger Things** was created by the Duffer Brothers, Matt Duffer and Ross Duffer."
            }
        ]
    },
    {
        "id": "37",
        "image": "downloaded_images/TV series/Stranger_Things/image_20241018_194616_16.jpg",
        "conversations": [
            {
                "from": "human",
                "value": "<image>\n**When did this TV series first premiere?"
            },
            {
                "from": "gpt",
                "value": "**\n   - The series first premiered on **July 15, 2016**."
            }
        ]
    },
    {
        "id": "38",
        "image": "downloaded_images/TV series/Stranger_Things/image_20241018_194616_16.jpg",
        "conversations": [
            {
                "from": "human",
                "value": "<image>\n**Who are the main actors and actresses in this TV series?"
            },
            {
                "from": "gpt",
                "value": "**\n   - The main cast includes:\n     - Winona Ryder as Joyce Byers\n     - David Harbour as Jim Hopper\n     - Finn Wolfhard as Mike Wheeler\n     - Millie Bobby Brown as Eleven\n     - Gaten Matarazzo as Dustin Henderson\n     - Caleb McLaughlin as Lucas Sinclair\n     - Natalia Dyer as Nancy Wheeler\n     - Charlie Heaton as Jonathan Byers\n     - Cara Buono as Karen Wheeler\n     - Noah Schnapp as Will Byers"
            }
        ]
    },
    {
        "id": "39",
        "image": "downloaded_images/TV series/Stranger_Things/image_20241107_211011_3.jpg",
        "conversations": [
            {
                "from": "human",
                "value": "<image>\n**What is the central storyline or premise of this TV series?"
            },
            {
                "from": "gpt",
                "value": "**\n   - **Stranger Things** is set in the 1980s in the fictional town of Hawkins, Indiana. The series begins with the mysterious disappearance of a young boy named Will Byers. As his friends and family search for him, they encounter a girl with psychokinetic abilities known only as Eleven. The story unfolds to reveal supernatural elements, secret government experiments, and a parallel dimension called the Upside Down, all while exploring themes of friendship, loyalty, and the challenges of growing up."
            }
        ]
    }
]