[
    {
        "id": "10",
        "image": "downloaded_images/Plants/Sunflower/image_20241018_173734_1.jpg",
        "conversations": [
            {
                "from": "human",
                "value": "<image>\nWhat is the common name of this plant?"
            },
            {
                "from": "gpt",
                "value": "The common name of this plant is Sunflower."
            }
        ]
    },
    {
        "id": "11",
        "image": "downloaded_images/Plants/Sunflower/image_20241018_173753_3.jpg",
        "conversations": [
            {
                "from": "human",
                "value": "<image>\nTo which family or genus does it belong?"
            },
            {
                "from": "gpt",
                "value": "Sunflower belongs to the family Asteraceae and the genus Helianthus."
            }
        ]
    },
    {
        "id": "12",
        "image": "downloaded_images/Plants/Sunflower/image_20241018_173900_11.jpg",
        "conversations": [
            {
                "from": "human",
                "value": "<image>\nHow does it reproduce (seeds, cuttings, runners)?"
            },
            {
                "from": "gpt",
                "value": "Sunflowers primarily reproduce through seeds. Each flower head produces numerous seeds, which can be dispersed by animals or harvested for planting."
            }
        ]
    },
    {
        "id": "13",
        "image": "downloaded_images/Plants/Sunflower/image_20241018_174017_18.jpg",
        "conversations": [
            {
                "from": "human",
                "value": "<image>\nIs it native to a specific region or found globally?"
            },
            {
                "from": "gpt",
                "value": "Native Region: Sunflowers are native to North America but are now cultivated widely around the world for their beauty, oil, and seeds."
            }
        ]
    },
    {
        "id": "14",
        "image": "downloaded_images/Plants/Sunflower/image_20241018_174000_16.jpg",
        "conversations": [
            {
                "from": "human",
                "value": "<image>\nHow does it grow (e.g., tree, shrub, herb)?"
            },
            {
                "from": "gpt",
                "value": "Growth Form: Sunflowers are annual herbs that can grow quite tall, with large, flowering heads that turn to face the sun."
            }
        ]
    }
]