[
    {
        "id": "22",
        "image": "downloaded_images/Cartoon/Sword_Art_Online/image_20241018_105414_8.jpg",
        "conversations": [
            {
                "from": "human",
                "value": "<image>\nWhat is the title of this cartoon?"
            },
            {
                "from": "gpt",
                "value": "The title of this cartoon is \"Sword Art Online.\""
            }
        ]
    },
    {
        "id": "23",
        "image": "downloaded_images/Cartoon/Sword_Art_Online/image_20241018_105414_8.jpg",
        "conversations": [
            {
                "from": "human",
                "value": "<image>\nWho created or produced this cartoon?"
            },
            {
                "from": "gpt",
                "value": "\"Sword Art Online\" was created by Reki Kawahara and produced by A-1 Pictures."
            }
        ]
    },
    {
        "id": "24",
        "image": "downloaded_images/Cartoon/Sword_Art_Online/image_20241018_105406_7.jpg",
        "conversations": [
            {
                "from": "human",
                "value": "<image>\nWho are the main characters in this cartoon?"
            },
            {
                "from": "gpt",
                "value": "The main characters in \"Sword Art Online\" include Kirito (Kazuto Kirigaya), Asuna (Asuna Yuuki), and several others such as Klein, Sinon, and Leafa."
            }
        ]
    },
    {
        "id": "25",
        "image": "downloaded_images/Cartoon/Sword_Art_Online/image_20241018_105250_1.jpg",
        "conversations": [
            {
                "from": "human",
                "value": "<image>\nWhat is the central storyline or premise of this cartoon?"
            },
            {
                "from": "gpt",
                "value": "The central storyline of \"Sword Art Online\" revolves around players who become trapped in a virtual reality MMORPG (Massively Multiplayer Online Role-Playing Game) called Sword Art Online. If they die in the game, they die in real life. The protagonist, Kirito, must navigate this dangerous world, form alliances, and find a way to escape while uncovering the mysteries of the game and its creator."
            }
        ]
    }
]