[
    {
        "id": "22",
        "image": "downloaded_images/Buildings/Taj_Mahal/image_20241017_222542_7.jpg",
        "conversations": [
            {
                "from": "human",
                "value": "<image>\nWhat is the name of this building?"
            },
            {
                "from": "gpt",
                "value": "The name of this building is the Taj Mahal."
            }
        ]
    },
    {
        "id": "23",
        "image": "downloaded_images/Buildings/Taj_Mahal/image_20241017_222438_2.jpg",
        "conversations": [
            {
                "from": "human",
                "value": "<image>\nWhere is it located?"
            },
            {
                "from": "gpt",
                "value": "The Taj Mahal is located in Agra, India."
            }
        ]
    },
    {
        "id": "24",
        "image": "downloaded_images/Buildings/Taj_Mahal/image_20241017_222619_10.jpg",
        "conversations": [
            {
                "from": "human",
                "value": "<image>\nIs the building open to the public?"
            },
            {
                "from": "gpt",
                "value": "Yes, the Taj Mahal is open to the public and is a popular tourist destination, attracting millions of visitors each year."
            }
        ]
    }
]