[
    {
        "id": "1",
        "image": "downloaded_images/Movies/The_Shawshank_Redemption/image_20241018_125829_1.jpg",
        "conversations": [
            {
                "from": "human",
                "value": "<image>\nWhat is the title of this movie?"
            },
            {
                "from": "gpt",
                "value": "The Shawshank Redemption"
            }
        ]
    },
    {
        "id": "2",
        "image": "downloaded_images/Movies/The_Shawshank_Redemption/image_20241018_125829_1.jpg",
        "conversations": [
            {
                "from": "human",
                "value": "<image>\nWho directed this film?"
            },
            {
                "from": "gpt",
                "value": "Frank Darabont"
            }
        ]
    },
    {
        "id": "3",
        "image": "downloaded_images/Movies/The_Shawshank_Redemption/image_20241018_125856_4.jpg",
        "conversations": [
            {
                "from": "human",
                "value": "<image>\nWhen was this film released?"
            },
            {
                "from": "gpt",
                "value": "The film was released on September 23, 1994."
            }
        ]
    },
    {
        "id": "4",
        "image": "downloaded_images/Movies/The_Shawshank_Redemption/image_20241018_125856_4.jpg",
        "conversations": [
            {
                "from": "human",
                "value": "<image>\nWho are the main actors or actresses in this movie?"
            },
            {
                "from": "gpt",
                "value": "The main actors in this movie are Tim Robbins (as Andy Dufresne) and Morgan Freeman (as Ellis \"Red\" Redding)."
            }
        ]
    },
    {
        "id": "5",
        "image": "downloaded_images/Movies/The_Shawshank_Redemption/image_20241107_102733_7.jpg",
        "conversations": [
            {
                "from": "human",
                "value": "<image>\nWhat is the central plot or storyline of this movie?"
            },
            {
                "from": "gpt",
                "value": "The Shawshank Redemption follows the story of Andy Dufresne, a banker who is wrongfully convicted of murdering his wife and her lover. He is sentenced to life in Shawshank State Penitentiary, where he befriends fellow inmate Red. Throughout his time in prison, Andy maintains hope and dignity, using his skills to help the prison staff and improve the lives of his fellow inmates. The film explores themes of friendship, resilience, and the quest for freedom, culminating in Andy's daring escape and quest for a new life."
            }
        ]
    }
]