[
    {
        "id": "39",
        "image": "downloaded_images/Cartoon/The_Garden_of_Words/image_20241018_112412_12.jpg",
        "conversations": [
            {
                "from": "human",
                "value": "<image>\nWhat is the title of this cartoon?"
            },
            {
                "from": "gpt",
                "value": "The title of this cartoon is \"The Garden of Words.\""
            }
        ]
    },
    {
        "id": "40",
        "image": "downloaded_images/Cartoon/The_Garden_of_Words/image_20241106_162740_4.jpg",
        "conversations": [
            {
                "from": "human",
                "value": "<image>\nWhat is the central storyline or premise of this cartoon?"
            },
            {
                "from": "gpt",
                "value": "The central storyline of \"The Garden of Words\" revolves around the chance meetings between Takao and Yukari in a beautiful garden during rainy days. As they share their thoughts and feelings, they develop a deep emotional connection, exploring themes of loneliness, love, and the complexities of human relationships."
            }
        ]
    }
]