[
    {
        "id": "40",
        "image": "downloaded_images/TV series/The_X-Files/image_20241018_195044_9.jpg",
        "conversations": [
            {
                "from": "human",
                "value": "<image>\nWhat is the title of this TV series?"
            },
            {
                "from": "gpt",
                "value": "The X-Files"
            }
        ]
    },
    {
        "id": "41",
        "image": "downloaded_images/TV series/The_X-Files/image_20241018_194954_3.jpg",
        "conversations": [
            {
                "from": "human",
                "value": "<image>\nWho created or produced this TV series?"
            },
            {
                "from": "gpt",
                "value": "The X-Files was created by Chris Carter."
            }
        ]
    },
    {
        "id": "42",
        "image": "downloaded_images/TV series/The_X-Files/image_20241018_195010_5.jpg",
        "conversations": [
            {
                "from": "human",
                "value": "<image>\nWhen did this TV series first premiere?"
            },
            {
                "from": "gpt",
                "value": "The X-Files first premiered on September 10, 1993."
            }
        ]
    },
    {
        "id": "43",
        "image": "downloaded_images/TV series/The_X-Files/image_20241018_195010_5.jpg",
        "conversations": [
            {
                "from": "human",
                "value": "<image>\nWho are the main actors and actresses in this TV series?"
            },
            {
                "from": "gpt",
                "value": "The main actors in The X-Files are David Duchovny as Fox Mulder and Gillian Anderson as Dana Scully."
            }
        ]
    },
    {
        "id": "44",
        "image": "downloaded_images/TV series/The_X-Files/image_20241107_211718_1.jpg",
        "conversations": [
            {
                "from": "human",
                "value": "<image>\nWhat is the central storyline or premise of this TV series?"
            },
            {
                "from": "gpt",
                "value": "The X-Files follows FBI agents Fox Mulder and Dana Scully as they investigate unsolved cases involving paranormal phenomena, government conspiracies, and extraterrestrial life. The series explores themes of skepticism, belief, and the search for truth in a world filled with mysteries."
            }
        ]
    }
]