[
    {
        "id": "48",
        "image": "downloaded_images/Movies/The_Terminator/image_20241018_140658_1.jpg",
        "conversations": [
            {
                "from": "human",
                "value": "<image>\nWhat is the title of this movie?"
            },
            {
                "from": "gpt",
                "value": "The Terminator"
            }
        ]
    },
    {
        "id": "49",
        "image": "downloaded_images/Movies/The_Terminator/image_20241018_140725_4.jpg",
        "conversations": [
            {
                "from": "human",
                "value": "<image>\nWho directed this film?"
            },
            {
                "from": "gpt",
                "value": "James Cameron"
            }
        ]
    },
    {
        "id": "50",
        "image": "downloaded_images/Movies/The_Terminator/image_20241018_140725_4.jpg",
        "conversations": [
            {
                "from": "human",
                "value": "<image>\nWhen was this film released?"
            },
            {
                "from": "gpt",
                "value": "The film was released on October 26, 1984."
            }
        ]
    },
    {
        "id": "51",
        "image": "downloaded_images/Movies/The_Terminator/image_20241107_113224_2.jpg",
        "conversations": [
            {
                "from": "human",
                "value": "<image>\nWhat is the central plot or storyline of this movie?"
            },
            {
                "from": "gpt",
                "value": "The central plot of \"The Terminator\" revolves around a cyborg assassin, known as the Terminator, sent from the future to kill Sarah Connor, whose unborn son will lead a resistance against machines in a post-apocalyptic world. A soldier named Kyle Reese is also sent back in time to protect her. The film explores themes of fate, technology, and the struggle for survival against a relentless enemy."
            }
        ]
    }
]