[
    {
        "id": "6",
        "image": "downloaded_images/Movies/The_Truman_Show/image_20241018_143529_2.jpg",
        "conversations": [
            {
                "from": "human",
                "value": "<image>\nWhat is the title of this movie?"
            },
            {
                "from": "gpt",
                "value": "The Truman Show"
            }
        ]
    },
    {
        "id": "7",
        "image": "downloaded_images/Movies/The_Truman_Show/image_20241018_143517_1.jpg",
        "conversations": [
            {
                "from": "human",
                "value": "<image>\nWho are the main actors or actresses in this movie?"
            },
            {
                "from": "gpt",
                "value": "The main actors include Jim Carrey (as Truman Burbank), Ed Harris (as Christof), Laura Linney (as Meryl), and Noah Emmerich (as Marlon)."
            }
        ]
    },
    {
        "id": "8",
        "image": "downloaded_images/Movies/The_Truman_Show/image_20241018_143517_1.jpg",
        "conversations": [
            {
                "from": "human",
                "value": "<image>\nWhat is the central plot or storyline of this movie?"
            },
            {
                "from": "gpt",
                "value": "The Truman Show follows the life of Truman Burbank, an ordinary man who is unaware that his entire life is a reality television show broadcasted to the world. From birth, he has been the star of the show, living in a constructed town called Seahaven, where everyone around him is an actor. As Truman begins to notice inconsistencies in his world and questions his reality, he embarks on a journey to discover the truth about his life and the nature of his existence."
            }
        ]
    }
]