[
    {
        "id": "6",
        "image": "downloaded_images/Movies/The_Lord_of_the_Rings_The_Return_of_the_King/image_20241018_130717_1.jpg",
        "conversations": [
            {
                "from": "human",
                "value": "<image>\nWhat is the title of this movie?"
            },
            {
                "from": "gpt",
                "value": "The Lord of the Rings: The Return of the King"
            }
        ]
    },
    {
        "id": "7",
        "image": "downloaded_images/Movies/The_Lord_of_the_Rings_The_Return_of_the_King/image_20241018_130717_1.jpg",
        "conversations": [
            {
                "from": "human",
                "value": "<image>\nWho directed this film?"
            },
            {
                "from": "gpt",
                "value": "Peter Jackson"
            }
        ]
    },
    {
        "id": "8",
        "image": "downloaded_images/Movies/The_Lord_of_the_Rings_The_Return_of_the_King/image_20241018_130727_2.jpg",
        "conversations": [
            {
                "from": "human",
                "value": "<image>\nWhen was this film released?"
            },
            {
                "from": "gpt",
                "value": "December 17, 2003"
            }
        ]
    },
    {
        "id": "9",
        "image": "downloaded_images/Movies/The_Lord_of_the_Rings_The_Return_of_the_King/image_20241018_130727_2.jpg",
        "conversations": [
            {
                "from": "human",
                "value": "<image>\nWho are the main actors or actresses in this movie?"
            },
            {
                "from": "gpt",
                "value": "Elijah Wood (Frodo Baggins), Ian McKellen (Gandalf), Viggo Mortensen (Aragorn), Orlando Bloom (Legolas), John Rhys-Davies (Gimli), Sean Astin (Samwise Gamgee), Liv Tyler (Arwen), and Cate Blanchett (Galadriel)."
            }
        ]
    },
    {
        "id": "10",
        "image": "downloaded_images/Movies/The_Lord_of_the_Rings_The_Return_of_the_King/image_20241107_103258_1.jpg",
        "conversations": [
            {
                "from": "human",
                "value": "<image>\nWhat is the central plot or storyline of this movie?"
            },
            {
                "from": "gpt",
                "value": "The Lord of the Rings: The Return of the King follows the final stages of the quest to destroy the One Ring. Frodo Baggins and Samwise Gamgee continue their perilous journey to Mount Doom in Mordor, where they must destroy the Ring to defeat the Dark Lord Sauron. Meanwhile, Aragorn, Legolas, and Gimli rally the forces of Middle-earth to confront Sauron's armies in a climactic battle for the fate of the world. The film explores themes of friendship, sacrifice, and the struggle between good and evil, culminating in the ultimate confrontation and resolution of the epic saga."
            }
        ]
    }
]