[
    {
        "id": "66",
        "image": "downloaded_images/Cartoon/Tom_and_Jerry/image_20241018_094054_2.jpg",
        "conversations": [
            {
                "from": "human",
                "value": "<image>\nWhat is the title of this cartoon?"
            },
            {
                "from": "gpt",
                "value": "The title of this cartoon is \"Tom and Jerry.\""
            }
        ]
    },
    {
        "id": "67",
        "image": "downloaded_images/Cartoon/Tom_and_Jerry/image_20241018_094117_5.jpg",
        "conversations": [
            {
                "from": "human",
                "value": "<image>\nWho created or produced this cartoon?"
            },
            {
                "from": "gpt",
                "value": "\"Tom and Jerry\" was created by William Hanna and Joseph Barbera and produced by Metro-Goldwyn-Mayer (MGM)."
            }
        ]
    },
    {
        "id": "68",
        "image": "downloaded_images/Cartoon/Tom_and_Jerry/image_20241018_094117_5.jpg",
        "conversations": [
            {
                "from": "human",
                "value": "<image>\nWhen was this cartoon first released or aired?"
            },
            {
                "from": "gpt",
                "value": "\"Tom and Jerry\" first premiered on February 10, 1940."
            }
        ]
    },
    {
        "id": "69",
        "image": "downloaded_images/Cartoon/Tom_and_Jerry/image_20241018_094117_5.jpg",
        "conversations": [
            {
                "from": "human",
                "value": "<image>\nWho are the main characters in this cartoon?"
            },
            {
                "from": "gpt",
                "value": "The main characters in \"Tom and Jerry\" are Tom, the cat, and Jerry, the mouse."
            }
        ]
    },
    {
        "id": "70",
        "image": "downloaded_images/Cartoon/Tom_and_Jerry/image_20241106_150706_2.jpg",
        "conversations": [
            {
                "from": "human",
                "value": "<image>\nWhat is the central storyline or premise of this cartoon?"
            },
            {
                "from": "gpt",
                "value": "The central storyline of \"Tom and Jerry\" revolves around the comedic rivalry between Tom, a house cat, and Jerry, a clever mouse. The series typically features Tom's attempts to catch Jerry, which often leads to humorous and chaotic situations, showcasing slapstick comedy and clever antics."
            }
        ]
    }
]