[
    {
        "id": "42",
        "image": "downloaded_images/Plants/Tomato/image_20241018_182951_4.jpg",
        "conversations": [
            {
                "from": "human",
                "value": "<image>\nWhat is the common name of this plant?"
            },
            {
                "from": "gpt",
                "value": "Common Name: Tomato"
            }
        ]
    },
    {
        "id": "43",
        "image": "downloaded_images/Plants/Tomato/image_20241018_182935_2.jpg",
        "conversations": [
            {
                "from": "human",
                "value": "<image>\nTo which family or genus does it belong?"
            },
            {
                "from": "gpt",
                "value": "Family: Solanaceae, Genus: Solanum, Species: Solanum lycopersicum"
            }
        ]
    },
    {
        "id": "44",
        "image": "downloaded_images/Plants/Tomato/image_20241018_183033_9.jpg",
        "conversations": [
            {
                "from": "human",
                "value": "<image>\nHow does it reproduce (seeds, cuttings, runners)?"
            },
            {
                "from": "gpt",
                "value": "Tomatoes reproduce primarily through seeds, which are found inside the fruit. They can also be propagated by cuttings, which can root and grow into new plants."
            }
        ]
    },
    {
        "id": "45",
        "image": "downloaded_images/Plants/Tomato/image_20241018_183228_22.jpg",
        "conversations": [
            {
                "from": "human",
                "value": "<image>\nIs it native to a specific region or found globally?"
            },
            {
                "from": "gpt",
                "value": "Native Region: Tomatoes are native to western South America and Central America. They are now grown worldwide as a major crop."
            }
        ]
    },
    {
        "id": "46",
        "image": "downloaded_images/Plants/Tomato/image_20241107_193624_3.jpg",
        "conversations": [
            {
                "from": "human",
                "value": "<image>\nHow does it grow (e.g., tree, shrub, herb)?"
            },
            {
                "from": "gpt",
                "value": "Growth Form: Tomato plants are herbaceous, typically growing as sprawling or bushy annuals with vines that may require support. They produce clusters of fruit and can vary in size depending on the variety."
            }
        ]
    }
]