[
    {
        "id": "21",
        "image": "downloaded_images/Personage/Trump/image_2.jpg",
        "conversations": [
            {
                "from": "human",
                "value": "<image>\nWhat is this person's name?"
            },
            {
                "from": "gpt",
                "value": "Donald Trump"
            }
        ]
    },
    {
        "id": "22",
        "image": "downloaded_images/Personage/Trump/image_20241016_111258_4.jpg",
        "conversations": [
            {
                "from": "human",
                "value": "<image>\nWhen and where was this person born?"
            },
            {
                "from": "gpt",
                "value": "Donald Trump was born on June 14, 1946, in Queens, New York City, New York, USA."
            }
        ]
    },
    {
        "id": "23",
        "image": "downloaded_images/Personage/Trump/image_20241016_110752_3.jpg",
        "conversations": [
            {
                "from": "human",
                "value": "<image>\nWhat is this person's profession?"
            },
            {
                "from": "gpt",
                "value": "Donald Trump is a businessman, television personality, and politician. He is known for being the 45th President of the United States."
            }
        ]
    },
    {
        "id": "24",
        "image": "downloaded_images/Personage/Trump/image_20241015_214122_5.jpg",
        "conversations": [
            {
                "from": "human",
                "value": "<image>\nWhat are the famous works or achievements of this person?"
            },
            {
                "from": "gpt",
                "value": "Donald Trump is known for his real estate developments, including Trump Tower in New York City.\n   - He gained fame as the host of the reality television show \"The Apprentice.\"\n   - He served as the President of the United States from January 20, 2017, to January 20, 2021.\n   - His administration is noted for tax reform, deregulation, and the appointment of three Supreme Court justices."
            }
        ]
    },
    {
        "id": "25",
        "image": "downloaded_images/Personage/Trump/image_9.jpg",
        "conversations": [
            {
                "from": "human",
                "value": "<image>\nWhat contributions has this person made to society or industry?"
            },
            {
                "from": "gpt",
                "value": "In the real estate industry, Trump has been influential in popularizing luxury real estate and branding.\n   - His presidency focused on economic policies that aimed to stimulate job growth and reduce unemployment rates prior to the COVID-19 pandemic.\n   - He has been a polarizing figure in American politics, influencing political discourse and the Republican Party's direction.\n   - Trump's advocacy for certain policies, such as criminal justice reform and veterans' affairs, has had lasting impacts on those areas."
            }
        ]
    }
]