[
    {
        "id": "46",
        "image": "downloaded_images/Personage/Vladimir_Putin/image_20241018_215822_11.jpg",
        "conversations": [
            {
                "from": "human",
                "value": "<image>\nWhat is this person's name?"
            },
            {
                "from": "gpt",
                "value": "Vladimir Putin"
            }
        ]
    },
    {
        "id": "47",
        "image": "downloaded_images/Personage/Vladimir_Putin/image_20241018_215708_5.jpg",
        "conversations": [
            {
                "from": "human",
                "value": "<image>\nWhen and where was this person born?"
            },
            {
                "from": "gpt",
                "value": "Vladimir Putin was born on October 7, 1952, in Leningrad, Soviet Union (now Saint Petersburg, Russia)."
            }
        ]
    },
    {
        "id": "48",
        "image": "downloaded_images/Personage/Vladimir_Putin/image_20241018_215926_18.jpg",
        "conversations": [
            {
                "from": "human",
                "value": "<image>\nWhat is this person's profession?"
            },
            {
                "from": "gpt",
                "value": "Vladimir Putin is a politician and former intelligence officer. He has served as the President of Russia and the Prime Minister of Russia."
            }
        ]
    },
    {
        "id": "49",
        "image": "downloaded_images/Personage/Vladimir_Putin/image_20241018_220015_21.jpg",
        "conversations": [
            {
                "from": "human",
                "value": "<image>\nWhat are the famous works or achievements of this person?"
            },
            {
                "from": "gpt",
                "value": "Vladimir Putin is known for his long tenure in Russian politics, having served multiple terms as both President and Prime Minister. He is recognized for his role in stabilizing the Russian economy in the early 2000s, his influence in international relations, and his controversial policies regarding domestic governance, media control, and foreign affairs, including the annexation of Crimea in 2014."
            }
        ]
    },
    {
        "id": "50",
        "image": "downloaded_images/Personage/Vladimir_Putin/image_20241018_215754_8.jpg",
        "conversations": [
            {
                "from": "human",
                "value": "<image>\nWhat contributions has this person made to society or industry?"
            },
            {
                "from": "gpt",
                "value": "Putin's contributions to society include significant changes in Russia's political landscape, including the centralization of power and the establishment of a more authoritarian regime. Economically, he has overseen the growth of key industries, particularly in energy, making Russia a major player in global oil and gas markets. His leadership has also been marked by efforts to restore national pride and influence on the world stage, although his methods and policies have been widely criticized for human rights abuses and suppression of dissent."
            }
        ]
    }
]