[
    {
        "id": "33",
        "image": "downloaded_images/Plants/Wheat/image_20241018_181810_3.jpg",
        "conversations": [
            {
                "from": "human",
                "value": "<image>\nWhat is the common name of this plant?"
            },
            {
                "from": "gpt",
                "value": "The common name of this plant is Wheat."
            }
        ]
    },
    {
        "id": "34",
        "image": "downloaded_images/Plants/Wheat/image_20241018_182128_23.jpg",
        "conversations": [
            {
                "from": "human",
                "value": "<image>\nTo which family or genus does it belong?"
            },
            {
                "from": "gpt",
                "value": "Wheat belongs to the Poaceae family and the Triticum genus."
            }
        ]
    },
    {
        "id": "35",
        "image": "downloaded_images/Plants/Wheat/image_20241018_181845_7.jpg",
        "conversations": [
            {
                "from": "human",
                "value": "<image>\nHow does it reproduce (seeds, cuttings, runners)?"
            },
            {
                "from": "gpt",
                "value": "Wheat reproduces primarily through seeds."
            }
        ]
    },
    {
        "id": "36",
        "image": "downloaded_images/Plants/Wheat/image_20241018_181931_11.jpg",
        "conversations": [
            {
                "from": "human",
                "value": "<image>\nIs it native to a specific region or found globally?"
            },
            {
                "from": "gpt",
                "value": "Wheat is believed to be native to the Fertile Crescent region of the Middle East but is now cultivated globally in many temperate regions."
            }
        ]
    },
    {
        "id": "37",
        "image": "downloaded_images/Plants/Wheat/image_20241018_181931_11.jpg",
        "conversations": [
            {
                "from": "human",
                "value": "<image>\nHow does it grow (e.g., tree, shrub, herb)?"
            },
            {
                "from": "gpt",
                "value": "Wheat grows as a herbaceous annual plant."
            }
        ]
    }
]