[
    {
        "id": "48",
        "image": "downloaded_images/Animals/Wolf/image_20241017_172900_12.jpg",
        "conversations": [
            {
                "from": "human",
                "value": "<image>\nWhat is the common name of this animal?"
            },
            {
                "from": "gpt",
                "value": "The animal in the image is a wolf."
            }
        ]
    },
    {
        "id": "49",
        "image": "downloaded_images/Animals/Wolf/image_20241017_172933_16.jpg",
        "conversations": [
            {
                "from": "human",
                "value": "<image>\nWhat family or order does it belong to?"
            },
            {
                "from": "gpt",
                "value": "The wolf belongs to the family Canidae and the order Carnivora."
            }
        ]
    },
    {
        "id": "50",
        "image": "downloaded_images/Animals/Wolf/image_20241017_172804_6.jpg",
        "conversations": [
            {
                "from": "human",
                "value": "<image>\nWhat does this animal eat (herbivore, carnivore, omnivore)?"
            },
            {
                "from": "gpt",
                "value": "Wolves are carnivores, primarily hunting and eating other animals."
            }
        ]
    },
    {
        "id": "51",
        "image": "downloaded_images/Animals/Wolf/image_20241017_172847_11.jpg",
        "conversations": [
            {
                "from": "human",
                "value": "<image>\nIs it native to a specific region or found globally?"
            },
            {
                "from": "gpt",
                "value": "The wolf in the image appears to be a gray wolf, which is native to North America. Gray wolves are found in a variety of habitats across the continent, including forests, grasslands, and tundra. They are not found globally; their range is limited to North America."
            }
        ]
    },
    {
        "id": "52",
        "image": "downloaded_images/Animals/Wolf/image_20241017_172933_16.jpg",
        "conversations": [
            {
                "from": "human",
                "value": "<image>\nHow does this animal reproduce (mating habits, gestation period)?"
            },
            {
                "from": "gpt",
                "value": "Wolves typically mate for life and have a breeding season that occurs in late winter. The gestation period for wolves is about 63 days, after which the female gives birth to a litter of 4 to 7 pups, although litters can range from 1 to 14 pups. The pups are cared for by both parents and other pack members."
            }
        ]
    }
]