[
    {
        "id": "19",
        "image": "downloaded_images/TV series/Yes_Prime_Minister/image_20241018_191438_3.jpg",
        "conversations": [
            {
                "from": "human",
                "value": "<image>\n**What is the title of this TV series?"
            },
            {
                "from": "gpt",
                "value": "**\n   - Yes Prime Minister"
            }
        ]
    },
    {
        "id": "20",
        "image": "downloaded_images/TV series/Yes_Prime_Minister/image_20241018_192156_13.jpg",
        "conversations": [
            {
                "from": "human",
                "value": "<image>\n**What is the central storyline or premise of this TV series?"
            },
            {
                "from": "gpt",
                "value": "**\n   - Yes Prime Minister is a political satire that follows the fictional Prime Minister Jim Hacker as he navigates the complexities of government and politics, often clashing with his permanent secretary, Sir Humphrey Appleby, who represents the entrenched bureaucracy. The series humorously explores themes of power, manipulation, and the challenges of governance."
            }
        ]
    }
]