[
    {
        "id": "2",
        "image": "downloaded_images/Personage/\u9a6c\u4e91/image_20241016_185302_8.jpg",
        "conversations": [
            {
                "from": "human",
                "value": "<image>\nWhat is this person's name?"
            },
            {
                "from": "gpt",
                "value": "\u9a6c\u4e91 (M\u01ce Y\u00fan), known as Jack Ma in English."
            }
        ]
    },
    {
        "id": "3",
        "image": "downloaded_images/Personage/\u9a6c\u4e91/image_20241016_185302_8.jpg",
        "conversations": [
            {
                "from": "human",
                "value": "<image>\nWhen and where was this person born?"
            },
            {
                "from": "gpt",
                "value": "Jack Ma was born on September 10, 1964, in Hangzhou, Zhejiang Province, China."
            }
        ]
    },
    {
        "id": "4",
        "image": "downloaded_images/Personage/\u9a6c\u4e91/image_20241018_164408_13.jpg",
        "conversations": [
            {
                "from": "human",
                "value": "<image>\nWhat is this person's profession?"
            },
            {
                "from": "gpt",
                "value": "Jack Ma is an entrepreneur, philanthropist, and former executive chairman of Alibaba Group, a multinational conglomerate specializing in e-commerce, retail, internet, and technology."
            }
        ]
    },
    {
        "id": "5",
        "image": "downloaded_images/Personage/\u9a6c\u4e91/image_20241018_164313_6.jpg",
        "conversations": [
            {
                "from": "human",
                "value": "<image>\nWhat are the famous works or achievements of this person?"
            },
            {
                "from": "gpt",
                "value": "Jack Ma is best known for founding Alibaba Group in 1999, which has become one of the world's largest e-commerce platforms. He also played a significant role in the development of Alipay, a leading online payment platform. Under his leadership, Alibaba went public in 2014, raising a record $25 billion in its initial public offering (IPO)."
            }
        ]
    },
    {
        "id": "6",
        "image": "downloaded_images/Personage/\u9a6c\u4e91/image_20241018_164424_15.jpg",
        "conversations": [
            {
                "from": "human",
                "value": "<image>\nWhat contributions has this person made to society or industry?"
            },
            {
                "from": "gpt",
                "value": "Jack Ma has made significant contributions to the growth of e-commerce and digital payments in China and globally, helping to transform the retail landscape. He has also been an advocate for small businesses, providing them with access to online markets. Additionally, through the Jack Ma Foundation, he has focused on education, entrepreneurship, and environmental sustainability, contributing to various philanthropic efforts in China and beyond."
            }
        ]
    }
]