[
    {
        "id": "1",
        "image": "downloaded_images/Personage/\u82cf\u59ff\u4e30/image_20241016_183541_9.jpg",
        "conversations": [
            {
                "from": "human",
                "value": "<image>\nWhat contributions has this person made to society or industry?"
            },
            {
                "from": "gpt",
                "value": "Dr. Lisa Su has made significant contributions to the semiconductor industry, particularly in advancing microprocessor technology. She has been a strong advocate for diversity in technology and has inspired many young engineers, especially women, to pursue careers in STEM fields. Her work has also contributed to the growth of high-performance computing and gaming technologies, impacting various sectors including gaming, data centers, and artificial intelligence."
            }
        ]
    }
]